time,ego_collision,done,x,y,theta,requested_speed,steering_angle
1779542748.097949,0,1,-0.234402,0.219472,0.027272,1.000000,-0.004797
1779542748.107987,0,1,-0.224404,0.219661,0.026697,1.000000,-0.004797
1779542748.118117,0,1,-0.214406,0.219859,0.026311,1.000000,-0.004801
1779542748.127808,0,1,-0.204408,0.220039,0.025736,1.000000,-0.004801
1779542748.137970,0,1,-0.194409,0.220228,0.025350,1.000000,-0.004141
1779542748.148027,0,1,-0.184411,0.220398,0.024775,1.000000,-0.004141
1779542748.157598,0,1,-0.174412,0.220577,0.024390,1.000000,-0.004141
1779542748.167707,0,1,-0.164414,0.220737,0.023814,1.000000,-0.004311
1779542748.177921,0,1,-0.154415,0.220906,0.023429,1.000000,-0.004311
1779542748.187715,0,1,-0.144416,0.221057,0.022853,1.000000,-0.003632
1779542748.197680,0,1,-0.134418,0.221216,0.022468,1.000000,-0.003632
1779542748.207737,0,1,-0.124419,0.221358,0.021892,1.000000,-0.003977
1779542748.217785,0,1,-0.114420,0.221508,0.021507,1.000000,-0.003977
1779542748.227647,0,1,-0.104421,0.221639,0.020931,1.000000,-0.003977
1779542748.237889,0,1,-0.094422,0.221780,0.020546,1.000000,-0.002914
1779542748.247654,0,1,-0.084422,0.221901,0.019970,1.000000,-0.002914
1779542748.258100,0,1,-0.074423,0.222032,0.019585,1.000000,-0.003270
1779542748.267637,0,1,-0.064424,0.222145,0.019009,1.000000,-0.003270
1779542748.277816,0,1,-0.054425,0.222266,0.018624,1.000000,-0.003270
1779542748.287760,0,1,-0.044425,0.222368,0.018048,1.000000,-0.002329
1779542748.297902,0,1,-0.034426,0.222480,0.017663,1.000000,-0.002329
1779542748.307831,0,1,-0.024426,0.222573,0.017087,1.000000,-0.002697
1779542748.317891,0,1,-0.014427,0.222675,0.016702,1.000000,-0.002697
1779542748.327655,0,1,-0.004427,0.222759,0.016126,1.000000,-0.002697
1779542748.337485,0,1,0.005573,0.222851,0.015741,1.000000,-0.001607
1779542748.347929,0,1,0.015572,0.222925,0.015165,1.000000,-0.001607
1779542748.357549,0,1,0.025572,0.223007,0.014780,1.000000,-0.000873
1779542748.367829,0,1,0.035572,0.223072,0.014204,1.000000,-0.000873
1779542748.377855,0,1,0.045571,0.223145,0.013819,1.000000,-0.000156
1779542748.387617,0,1,0.055571,0.223200,0.013243,1.000000,-0.000156
1779542748.397728,0,1,0.065571,0.223263,0.012858,1.000000,0.000573
1779542748.408175,0,1,0.075571,0.223308,0.012282,1.000000,0.000573
1779542748.417716,0,1,0.085571,0.223386,0.012143,1.000000,0.000573
1779542748.427866,0,1,0.095570,0.223525,0.012519,1.000000,0.000799
1779542748.437869,0,1,0.105568,0.223680,0.012825,1.000000,0.000799
1779542748.447742,0,1,0.115567,0.223869,0.013366,1.000000,-0.000792
1779542748.458113,0,1,0.125565,0.224058,0.013735,1.000000,-0.000792
1779542748.467418,0,1,0.135563,0.224271,0.014302,1.000000,-0.000114
1779542748.478266,0,1,0.145561,0.224455,0.014437,1.000000,-0.000114
1779542748.487786,0,1,0.155560,0.224579,0.014058,1.000000,-0.000114
1779542748.498041,0,1,0.165560,0.224687,0.013751,1.000000,-0.000723
1779542748.507567,0,1,0.175559,0.224763,0.013209,1.000000,-0.000723
1779542748.517705,0,1,0.185559,0.224839,0.012840,1.000000,-0.002910
1779542748.527914,0,1,0.195559,0.224892,0.012272,1.000000,-0.002910
1779542748.537503,0,1,0.205559,0.224950,0.011891,1.000000,-0.002838
1779542748.548014,0,1,0.215559,0.224988,0.011318,1.000000,-0.002838
1779542748.557551,0,1,0.225558,0.225034,0.010934,1.000000,-0.002838
1779542748.567714,0,1,0.235558,0.225061,0.010359,1.000000,-0.002838
1779542748.577601,0,1,0.245558,0.225096,0.009974,1.000000,-0.002848
1779542748.587696,0,1,0.255558,0.225112,0.009399,1.000000,-0.002848
1779542748.597733,0,1,0.265558,0.225137,0.009013,1.000000,-0.002848
1779542748.607988,0,1,0.275558,0.225144,0.008438,1.000000,-0.002378
1779542748.617953,0,1,0.285558,0.225160,0.008053,1.000000,-0.002378
1779542748.627694,0,1,0.295558,0.225157,0.007477,1.000000,-0.002378
1779542748.637552,0,1,0.305558,0.225163,0.007092,1.000000,-0.002378
1779542748.648110,0,1,0.315558,0.225150,0.006516,1.000000,-0.002063
1779542748.657934,0,1,0.325558,0.225146,0.006131,1.000000,-0.002063
1779542748.667471,0,1,0.335558,0.225124,0.005555,1.000000,-0.002063
1779542748.678738,0,1,0.345558,0.225111,0.005170,1.000000,-0.001206
1779542748.688002,0,1,0.355558,0.225079,0.004594,1.000000,-0.001206
1779542748.697813,0,1,0.365558,0.225056,0.004209,1.000000,-0.001206
1779542748.708300,0,1,0.375558,0.225015,0.003633,1.000000,-0.000776
1779542748.717834,0,1,0.385558,0.224982,0.003248,1.000000,-0.000776
1779542748.727880,0,1,0.395558,0.224931,0.002672,1.000000,-0.000010
1779542748.737951,0,1,0.405558,0.224889,0.002287,1.000000,-0.000010
1779542748.748132,0,1,0.415558,0.224828,0.001711,1.000000,-0.000010
1779542748.757985,0,1,0.425557,0.224788,0.001449,1.000000,0.000204
1779542748.768214,0,1,0.435557,0.224770,0.001349,1.000000,0.000204
1779542748.777552,0,1,0.445557,0.224776,0.001432,1.000000,0.000962
1779542748.787730,0,1,0.455557,0.224829,0.001891,1.000000,0.000962
1779542748.798265,0,1,0.465557,0.224891,0.002228,1.000000,0.000962
1779542748.808167,0,1,0.475557,0.224981,0.002782,1.000000,0.000900
1779542748.817967,0,1,0.485556,0.225069,0.003157,1.000000,0.000900
1779542748.827973,0,1,0.495556,0.225179,0.003727,1.000000,0.000898
1779542748.837765,0,1,0.505555,0.225282,0.004110,1.000000,0.000898
1779542748.847848,0,1,0.515554,0.225405,0.004684,1.000000,0.000898
1779542748.857657,0,1,0.525554,0.225519,0.005068,1.000000,-0.000276
1779542748.868388,0,1,0.535553,0.225653,0.005643,1.000000,-0.000276
1779542748.877505,0,1,0.545552,0.225754,0.005782,1.000000,-0.001509
1779542748.888388,0,1,0.555552,0.225794,0.005406,1.000000,-0.001509
1779542748.898180,0,1,0.565552,0.225818,0.005100,1.000000,-0.001509
1779542748.907595,0,1,0.575552,0.225808,0.004559,1.000000,-0.002364
1779542748.918233,0,1,0.585552,0.225798,0.004190,1.000000,-0.002364
1779542748.927976,0,1,0.595552,0.225764,0.003623,1.000000,-0.003090
1779542748.937852,0,1,0.605552,0.225736,0.003242,1.000000,-0.003090
1779542748.947597,0,1,0.615552,0.225688,0.002669,1.000000,-0.003090
1779542748.957715,0,1,0.625552,0.225647,0.002285,1.000000,-0.002956
1779542748.967689,0,1,0.635552,0.225587,0.001710,1.000000,-0.002956
1779542748.977595,0,1,0.645551,0.225536,0.001325,1.000000,-0.002956
1779542748.987570,0,1,0.655551,0.225466,0.000750,1.000000,-0.003423
1779542748.997736,0,1,0.665551,0.225405,0.000364,1.000000,-0.003423
1779542749.007933,0,1,0.675551,0.225325,6.282974,1.000000,-0.003423
1779542749.017879,0,1,0.685550,0.225254,6.282589,1.000000,-0.003290
1779542749.028410,0,1,0.695550,0.225165,6.282013,1.000000,-0.003290
1779542749.037959,0,1,0.705550,0.225084,6.281628,1.000000,-0.003290
1779542749.048404,0,1,0.715549,0.224985,6.281052,1.000000,-0.003290
1779542749.057883,0,1,0.725549,0.224895,6.280667,1.000000,-0.003332
1779542749.067670,0,1,0.735548,0.224786,6.280091,1.000000,-0.003332
1779542749.077840,0,1,0.745548,0.224686,6.279706,1.000000,-0.003332
1779542749.088210,0,1,0.755547,0.224568,6.279130,1.000000,-0.001831
1779542749.098482,0,1,0.765546,0.224459,6.278745,1.000000,-0.001831
1779542749.108099,0,1,0.775546,0.224331,6.278169,1.000000,-0.001831
1779542749.118312,0,1,0.785545,0.224212,6.277784,1.000000,-0.001831
1779542749.127722,0,1,0.795544,0.224074,6.277208,1.000000,-0.001540
1779542749.138491,0,1,0.805543,0.223945,6.276823,1.000000,-0.001540
1779542749.147619,0,1,0.815542,0.223798,6.276247,1.000000,-0.001540
1779542749.157928,0,1,0.825541,0.223660,6.275862,1.000000,-0.001540
1779542749.167513,0,1,0.835540,0.223503,6.275286,1.000000,-0.000846
1779542749.178045,0,1,0.845539,0.223355,6.274901,1.000000,-0.000846
1779542749.187654,0,1,0.855537,0.223189,6.274325,1.000000,0.000194
1779542749.197586,0,1,0.865536,0.223031,6.273940,1.000000,0.000194
1779542749.207588,0,1,0.875534,0.222855,6.273364,1.000000,0.000194
1779542749.217931,0,1,0.885533,0.222712,6.273225,1.000000,0.000194
1779542749.227831,0,1,0.895533,0.222630,6.273602,1.000000,0.000574
1779542749.238010,0,1,0.905533,0.222564,6.273907,1.000000,0.000574
1779542749.247467,0,1,0.915533,0.222532,6.274448,1.000000,0.000574
1779542749.257780,0,1,0.925533,0.222501,6.274817,1.000000,0.000876
1779542749.267747,0,1,0.935533,0.222492,6.275384,1.000000,0.000876
1779542749.277985,0,1,0.945533,0.222479,6.275765,1.000000,0.000876
1779542749.287670,0,1,0.955533,0.222485,6.276338,1.000000,0.000876
1779542749.297802,0,1,0.965533,0.222484,6.276722,1.000000,-0.000897
1779542749.307701,0,1,0.975533,0.222502,6.277297,1.000000,-0.000897
1779542749.317902,0,1,0.985533,0.222488,6.277436,1.000000,-0.000897
1779542749.327641,0,1,0.995532,0.222412,6.277059,1.000000,-0.001984
1779542749.337882,0,1,1.005532,0.222321,6.276753,1.000000,-0.001984
1779542749.347842,0,1,1.015531,0.222195,6.276213,1.000000,-0.001984
1779542749.357547,0,1,1.025530,0.222070,6.275843,1.000000,-0.003387
1779542749.367485,0,1,1.035529,0.221921,6.275276,1.000000,-0.003387
1779542749.378042,0,1,1.045528,0.221778,6.274895,1.000000,-0.003387
1779542749.388122,0,1,1.055527,0.221614,6.274322,1.000000,-0.003151
1779542749.397769,0,1,1.065526,0.221458,6.273938,1.000000,-0.003151
1779542749.407632,0,1,1.075524,0.221283,6.273363,1.000000,-0.003151
1779542749.418126,0,1,1.085523,0.221116,6.272978,1.000000,-0.002096
1779542749.427619,0,1,1.095521,0.220931,6.272403,1.000000,-0.002096
1779542749.437937,0,1,1.105519,0.220755,6.272018,1.000000,-0.002096
1779542749.448177,0,1,1.115518,0.220560,6.271442,1.000000,-0.002096
1779542749.457686,0,1,1.125516,0.220373,6.271057,1.000000,-0.002953
1779542749.467799,0,1,1.135514,0.220169,6.270481,1.000000,-0.002953
1779542749.477822,0,1,1.145512,0.219973,6.270096,1.000000,-0.001822
1779542749.487885,0,1,1.155509,0.219758,6.269520,1.000000,-0.001822
1779542749.498051,0,1,1.165507,0.219553,6.269135,1.000000,-0.001822
1779542749.507773,0,1,1.175505,0.219329,6.268559,1.000000,-0.001858
1779542749.518397,0,1,1.185502,0.219113,6.268174,1.000000,-0.001858
1779542749.527903,0,1,1.195500,0.218880,6.267598,1.000000,-0.001142
1779542749.537890,0,1,1.205497,0.218655,6.267213,1.000000,-0.001142
1779542749.547876,0,1,1.215494,0.218412,6.266637,1.000000,-0.001142
1779542749.558202,0,1,1.225491,0.218177,6.266252,1.000000,-0.000837
1779542749.567688,0,1,1.235488,0.217925,6.265676,1.000000,-0.000837
1779542749.578042,0,1,1.245485,0.217681,6.265291,1.000000,-0.000083
1779542749.587484,0,1,1.255482,0.217418,6.264715,1.000000,-0.000083
1779542749.597628,0,1,1.265479,0.217177,6.264453,1.000000,-0.000083
1779542749.607564,0,1,1.275477,0.216956,6.264354,1.000000,0.000070
1779542749.617926,0,1,1.285474,0.216749,6.264314,1.000000,0.000070
1779542749.627652,0,1,1.295472,0.216549,6.264296,1.000000,0.000849
1779542749.637835,0,1,1.305470,0.216353,6.264288,1.000000,0.000849
1779542749.647452,0,1,1.315469,0.216172,6.264407,1.000000,0.000567
1779542749.658161,0,1,1.325468,0.216032,6.264881,1.000000,0.000567
1779542749.667811,0,1,1.335467,0.215897,6.265225,1.000000,0.000567
1779542749.677921,0,1,1.345466,0.215789,6.265782,1.000000,0.000778
1779542749.687542,0,1,1.355466,0.215677,6.266159,1.000000,0.000778
1779542749.698145,0,1,1.365465,0.215586,6.266730,1.000000,0.000634
1779542749.707421,0,1,1.375465,0.215488,6.267114,1.000000,0.000634
1779542749.717618,0,1,1.385464,0.215409,6.267688,1.000000,0.000634
1779542749.727674,0,1,1.395464,0.215322,6.268073,1.000000,-0.001301
1779542749.737796,0,1,1.405464,0.215254,6.268648,1.000000,-0.001301
1779542749.747545,0,1,1.415463,0.215153,6.268787,1.000000,-0.002778
1779542749.758219,0,1,1.425462,0.214992,6.268410,1.000000,-0.002778
1779542749.767677,0,1,1.435460,0.214814,6.268104,1.000000,-0.003579
1779542749.777817,0,1,1.445458,0.214602,6.267564,1.000000,-0.003579
1779542749.787646,0,1,1.455456,0.214390,6.267194,1.000000,-0.003579
1779542749.797644,0,1,1.465453,0.214155,6.266627,1.000000,-0.005219
1779542749.807847,0,1,1.475450,0.213925,6.266246,1.000000,-0.005219
1779542749.817900,0,1,1.485447,0.213675,6.265673,1.000000,-0.004714
1779542749.827711,0,1,1.495444,0.213432,6.265289,1.000000,-0.004714
1779542749.837836,0,1,1.505441,0.213171,6.264714,1.000000,-0.004714
1779542749.847825,0,1,1.515438,0.212918,6.264329,1.000000,-0.003703
1779542749.857879,0,1,1.525434,0.212646,6.263754,1.000000,-0.003703
1779542749.867957,0,1,1.535431,0.212383,6.263369,1.000000,-0.003027
1779542749.878009,0,1,1.545427,0.212102,6.262793,1.000000,-0.003027
1779542749.887753,0,1,1.555423,0.211829,6.262408,1.000000,-0.003027
1779542749.898451,0,1,1.565419,0.211538,6.261832,1.000000,-0.002041
1779542749.908026,0,1,1.575415,0.211255,6.261447,1.000000,-0.002041
1779542749.918023,0,1,1.585410,0.210955,6.260871,1.000000,-0.002041
1779542749.927845,0,1,1.595406,0.210662,6.260486,1.000000,-0.001493
1779542749.938281,0,1,1.605401,0.210352,6.259910,1.000000,-0.001493
1779542749.948037,0,1,1.615396,0.210050,6.259525,1.000000,-0.001493
1779542749.957903,0,1,1.625391,0.209730,6.258949,1.000000,-0.002074
1779542749.967660,0,1,1.635386,0.209419,6.258564,1.000000,-0.002074
1779542749.978006,0,1,1.645381,0.209089,6.257988,1.000000,-0.001346
1779542749.987680,0,1,1.655376,0.208769,6.257603,1.000000,-0.001346
1779542749.997511,0,1,1.665370,0.208429,6.257027,1.000000,-0.001346
1779542750.007743,0,1,1.675365,0.208099,6.256642,1.000000,-0.000968
1779542750.017626,0,1,1.685359,0.207750,6.256066,1.000000,-0.000968
1779542750.028310,0,1,1.695353,0.207410,6.255681,1.000000,-0.000226
1779542750.037625,0,1,1.705346,0.207051,6.255105,1.000000,-0.000226
1779542750.048121,0,1,1.715340,0.206702,6.254720,1.000000,-0.000226
1779542750.057768,0,1,1.725333,0.206334,6.254144,1.000000,0.000076
1779542750.067910,0,1,1.735327,0.205974,6.253759,1.000000,0.000076
1779542750.077585,0,1,1.745320,0.205597,6.253183,1.000000,0.000076
1779542750.087960,0,1,1.755313,0.205240,6.252921,1.000000,0.001281
1779542750.097596,0,1,1.765308,0.204904,6.252822,1.000000,0.001281
1779542750.107870,0,1,1.775303,0.204593,6.252905,1.000000,0.001281
1779542750.118190,0,1,1.785299,0.204329,6.253363,1.000000,0.001547
1779542750.128165,0,1,1.795296,0.204074,6.253701,1.000000,0.001547
1779542750.137987,0,1,1.805294,0.203848,6.254255,1.000000,0.002238
1779542750.148144,0,1,1.815291,0.203618,6.254630,1.000000,0.002238
1779542750.158025,0,1,1.825289,0.203411,6.255200,1.000000,0.002238
1779542750.167747,0,1,1.835287,0.203197,6.255582,1.000000,0.001123
1779542750.177995,0,1,1.845285,0.203002,6.256156,1.000000,0.001123
1779542750.188141,0,1,1.855283,0.202800,6.256541,1.000000,0.001123
1779542750.197921,0,1,1.865281,0.202616,6.257116,1.000000,-0.000586
1779542750.207855,0,1,1.875279,0.202424,6.257501,1.000000,-0.000586
1779542750.218215,0,1,1.885278,0.202251,6.258076,1.000000,-0.001859
1779542750.227874,0,1,1.895275,0.202044,6.258216,1.000000,-0.001859
1779542750.238163,0,1,1.905272,0.201777,6.257839,1.000000,-0.001859
1779542750.247705,0,1,1.915268,0.201494,6.257533,1.000000,-0.003235
1779542750.258167,0,1,1.925263,0.201176,6.256993,1.000000,-0.003235
1779542750.267971,0,1,1.935258,0.200859,6.256623,1.000000,-0.003235
1779542750.277895,0,1,1.945252,0.200518,6.256056,1.000000,-0.004239
1779542750.288224,0,1,1.955246,0.200182,6.255675,1.000000,-0.004239
1779542750.297644,0,1,1.965240,0.199826,6.255102,1.000000,-0.004239
1779542750.307610,0,1,1.975234,0.199478,6.254718,1.000000,-0.003901
1779542750.318274,0,1,1.985227,0.199111,6.254143,1.000000,-0.003901
1779542750.328179,0,1,1.995221,0.198753,6.253758,1.000000,-0.003901
1779542750.337907,0,1,2.005214,0.198375,6.253183,1.000000,-0.002973
1779542750.347987,0,1,2.015207,0.198007,6.252798,1.000000,-0.002973
1779542750.357915,0,1,2.025199,0.197619,6.252222,1.000000,-0.002266
1779542750.367725,0,1,2.035192,0.197241,6.251837,1.000000,-0.002266
1779542750.378206,0,1,2.045184,0.196844,6.251261,1.000000,-0.002266
1779542750.388124,0,1,2.055177,0.196456,6.250876,1.000000,-0.001115
1779542750.397807,0,1,2.065168,0.196050,6.250300,1.000000,-0.001115
1779542750.408232,0,1,2.075160,0.195652,6.249915,1.000000,-0.001115
1779542750.417870,0,1,2.085152,0.195236,6.249339,1.000000,-0.000371
1779542750.427960,0,1,2.095143,0.194828,6.248954,1.000000,-0.000371
1779542750.438242,0,1,2.105134,0.194403,6.248378,1.000000,-0.000371
1779542750.447572,0,1,2.115126,0.193986,6.247993,1.000000,-0.000684
1779542750.458205,0,1,2.125116,0.193551,6.247417,1.000000,-0.000684
1779542750.467598,0,1,2.135107,0.193124,6.247032,1.000000,0.000085
1779542750.478135,0,1,2.145097,0.192679,6.246456,1.000000,0.000085
1779542750.487558,0,1,2.155088,0.192255,6.246194,1.000000,0.000085
1779542750.498119,0,1,2.165080,0.191852,6.246095,1.000000,0.000049
1779542750.508012,0,1,2.175072,0.191462,6.246055,1.000000,0.000049
1779542750.518125,0,1,2.185065,0.191080,6.246037,1.000000,0.000049
1779542750.527752,0,1,2.195058,0.190701,6.246029,1.000000,0.001344
1779542750.537750,0,1,2.205051,0.190326,6.246025,1.000000,0.001344
1779542750.547865,0,1,2.215044,0.189964,6.246146,1.000000,0.001344
1779542750.557704,0,1,2.225039,0.189643,6.246621,1.000000,0.000899
1779542750.568109,0,1,2.235034,0.189326,6.246965,1.000000,0.000899
1779542750.578100,0,1,2.245030,0.189035,6.247523,1.000000,0.001013
1779542750.588037,0,1,2.255026,0.188741,6.247900,1.000000,0.001013
1779542750.598047,0,1,2.265022,0.188467,6.248471,1.000000,0.001013
1779542750.608009,0,1,2.275018,0.188187,6.248855,1.000000,-0.000085
1779542750.618222,0,1,2.285015,0.187926,6.249429,1.000000,-0.000085
1779542750.628175,0,1,2.295011,0.187644,6.249690,1.000000,-0.000858
1779542750.637872,0,1,2.305006,0.187342,6.249789,1.000000,-0.000858
1779542750.648016,0,1,2.315001,0.187015,6.249706,1.000000,-0.000858
1779542750.657836,0,1,2.324994,0.186641,6.249247,1.000000,-0.002473
1779542750.667939,0,1,2.334986,0.186259,6.248910,1.000000,-0.002473
1779542750.677814,0,1,2.344978,0.185848,6.248356,1.000000,-0.002473
1779542750.687942,0,1,2.354970,0.185440,6.247981,1.000000,-0.003390
1779542750.697968,0,1,2.364960,0.185010,6.247411,1.000000,-0.003390
1779542750.707761,0,1,2.374951,0.184586,6.247028,1.000000,-0.003441
1779542750.717599,0,1,2.384941,0.184143,6.246454,1.000000,-0.003441
1779542750.727839,0,1,2.394932,0.183708,6.246070,1.000000,-0.002809
1779542750.737841,0,1,2.404922,0.183254,6.245495,1.000000,-0.002809
1779542750.748052,0,1,2.414912,0.182809,6.245109,1.000000,-0.002809
1779542750.758001,0,1,2.424901,0.182345,6.244534,1.000000,-0.002429
1779542750.769839,0,1,2.434891,0.181890,6.244149,1.000000,-0.002429
1779542750.777935,0,1,2.444879,0.181416,6.243573,1.000000,-0.002429
1779542750.788855,0,1,2.454869,0.180952,6.243188,1.000000,-0.001264
1779542750.798161,0,1,2.464857,0.180468,6.242612,1.000000,-0.001264
1779542750.807956,0,1,2.474846,0.179994,6.242227,1.000000,-0.001264
1779542750.818295,0,1,2.484833,0.179501,6.241651,1.000000,-0.000877
1779542750.827637,0,1,2.494822,0.179017,6.241266,1.000000,-0.000877
1779542750.838678,0,1,2.504809,0.178514,6.240690,1.000000,-0.000877
1779542750.848853,0,1,2.514797,0.178021,6.240305,1.000000,0.000329
1779542750.857785,0,1,2.524784,0.177509,6.239729,1.000000,0.000329
1779542750.868020,0,1,2.534772,0.177029,6.239590,1.000000,0.001109
1779542750.877752,0,1,2.544763,0.176611,6.239967,1.000000,0.001109
1779542750.887884,0,1,2.554755,0.176209,6.240272,1.000000,0.001109
1779542750.898122,0,1,2.564749,0.175841,6.240813,1.000000,0.002170
1779542750.908032,0,1,2.574742,0.175473,6.241182,1.000000,0.002170
1779542750.918365,0,1,2.584736,0.175128,6.241749,1.000000,0.002170
1779542750.927651,0,1,2.594730,0.174778,6.242130,1.000000,0.001955
1779542750.938203,0,1,2.604724,0.174448,6.242703,1.000000,0.001955
1779542750.947568,0,1,2.614719,0.174111,6.243087,1.000000,0.001955
1779542750.958181,0,1,2.624714,0.173793,6.243662,1.000000,0.001955
1779542750.968051,0,1,2.634708,0.173466,6.244047,1.000000,-0.000494
1779542750.978052,0,1,2.644703,0.173158,6.244622,1.000000,-0.000494
1779542750.987694,0,1,2.654698,0.172817,6.244762,1.000000,-0.001310
1779542750.997836,0,1,2.664690,0.172415,6.244385,1.000000,-0.001310
1779542751.008099,0,1,2.674681,0.171997,6.244079,1.000000,-0.001310
1779542751.017815,0,1,2.684671,0.171545,6.243539,1.000000,-0.003210
1779542751.028305,0,1,2.694660,0.171093,6.243169,1.000000,-0.003210
1779542751.037689,0,1,2.704649,0.170618,6.242602,1.000000,-0.003210
1779542751.047821,0,1,2.714638,0.170148,6.242221,1.000000,-0.004083
1779542751.058235,0,1,2.724626,0.169658,6.241648,1.000000,-0.004083
1779542751.068185,0,1,2.734614,0.169175,6.241264,1.000000,-0.004083
1779542751.078365,0,1,2.744602,0.168674,6.240689,1.000000,-0.003430
1779542751.087802,0,1,2.754590,0.168180,6.240304,1.000000,-0.003430
1779542751.098343,0,1,2.764576,0.167669,6.239729,1.000000,-0.003430
1779542751.107991,0,1,2.774564,0.167166,6.239344,1.000000,-0.002538
1779542751.118068,0,1,2.784550,0.166644,6.238768,1.000000,-0.002538
1779542751.129094,0,1,2.794537,0.166131,6.238383,1.000000,-0.002538
1779542751.138162,0,1,2.804523,0.165600,6.237807,1.000000,-0.001810
1779542751.147529,0,1,2.814509,0.165078,6.237422,1.000000,-0.001810
1779542751.158374,0,1,2.824495,0.164537,6.236846,1.000000,-0.001810
1779542751.167741,0,1,2.834480,0.164005,6.236461,1.000000,-0.000909
1779542751.178095,0,1,2.844465,0.163454,6.235885,1.000000,-0.000909
1779542751.188467,0,1,2.854450,0.162912,6.235500,1.000000,-0.000134
1779542751.197627,0,1,2.864435,0.162352,6.234924,1.000000,-0.000134
1779542751.208333,0,1,2.874420,0.161801,6.234539,1.000000,-0.000134
1779542751.217816,0,1,2.884403,0.161232,6.233963,1.000000,0.000339
1779542751.227751,0,1,2.894388,0.160671,6.233578,1.000000,0.000339
1779542751.238139,0,1,2.904371,0.160091,6.233002,1.000000,0.000339
1779542751.247580,0,1,2.914356,0.159545,6.232863,1.000000,0.001575
1779542751.257854,0,1,2.924344,0.159059,6.233240,1.000000,0.001575
1779542751.267754,0,1,2.934333,0.158590,6.233545,1.000000,0.001575
1779542751.277740,0,1,2.944324,0.158155,6.234086,1.000000,0.001750
1779542751.288011,0,1,2.954314,0.157719,6.234455,1.000000,0.001750
1779542751.298127,0,1,2.964306,0.157308,6.235022,1.000000,0.001750
1779542751.308002,0,1,2.974297,0.156891,6.235403,1.000000,0.001772
1779542751.318049,0,1,2.984289,0.156493,6.235976,1.000000,0.001772
1779542751.327738,0,1,2.994281,0.156089,6.236360,1.000000,0.001099
1779542751.338508,0,1,3.004273,0.155703,6.236935,1.000000,0.001099
1779542751.347791,0,1,3.014266,0.155309,6.237320,1.000000,0.001099
1779542751.358525,0,1,3.024258,0.154934,6.237895,1.000000,-0.000019
1779542751.367591,0,1,3.034251,0.154550,6.238281,1.000000,-0.000019
1779542751.378313,0,1,3.044244,0.154184,6.238856,1.000000,-0.000019
1779542751.387683,0,1,3.054237,0.153798,6.239119,1.000000,-0.001356
1779542751.398371,0,1,3.064229,0.153390,6.239218,1.000000,-0.001356
1779542751.407767,0,1,3.074219,0.152958,6.239135,1.000000,-0.002198
1779542751.417845,0,1,3.084208,0.152479,6.238676,1.000000,-0.002198
1779542751.428358,0,1,3.094196,0.151991,6.238339,1.000000,-0.002198
1779542751.437952,0,1,3.104182,0.151475,6.237785,1.000000,-0.003634
1779542751.447843,0,1,3.114169,0.150961,6.237410,1.000000,-0.003634
1779542751.458194,0,1,3.124155,0.150425,6.236840,1.000000,-0.003634
1779542751.467677,0,1,3.134141,0.149896,6.236457,1.000000,-0.003810
1779542751.478706,0,1,3.144126,0.149348,6.235883,1.000000,-0.003810
1779542751.487780,0,1,3.154111,0.148807,6.235499,1.000000,-0.003810
1779542751.497808,0,1,3.164096,0.148248,6.234924,1.000000,-0.003557
1779542751.508089,0,1,3.174080,0.147697,6.234539,1.000000,-0.003557
1779542751.518404,0,1,3.184064,0.147127,6.233963,1.000000,-0.003557
1779542751.527958,0,1,3.194048,0.146566,6.233578,1.000000,-0.002358
1779542751.537903,0,1,3.204032,0.145987,6.233002,1.000000,-0.002358
1779542751.547981,0,1,3.214015,0.145417,6.232617,1.000000,-0.002358
1779542751.557676,0,1,3.223998,0.144828,6.232041,1.000000,-0.002161
1779542751.567980,0,1,3.233981,0.144248,6.231656,1.000000,-0.002161
1779542751.578298,0,1,3.243963,0.143650,6.231080,1.000000,-0.001067
1779542751.587683,0,1,3.253946,0.143060,6.230695,1.000000,-0.001067
1779542751.598227,0,1,3.263927,0.142452,6.230119,1.000000,-0.001067
1779542751.607582,0,1,3.273909,0.141853,6.229734,1.000000,-0.000363
1779542751.618724,0,1,3.283890,0.141235,6.229158,1.000000,-0.000363
1779542751.627970,0,1,3.293872,0.140626,6.228773,1.000000,0.000412
1779542751.638358,0,1,3.303852,0.139999,6.228197,1.000000,0.000412
1779542751.648169,0,1,3.313834,0.139404,6.228058,1.000000,0.000412
1779542751.657791,0,1,3.323820,0.138871,6.228435,1.000000,0.000960
1779542751.668344,0,1,3.333807,0.138354,6.228740,1.000000,0.000960
1779542751.678238,0,1,3.343795,0.137870,6.229281,1.000000,0.000960
1779542751.687900,0,1,3.353783,0.137387,6.229650,1.000000,0.002214
1779542751.697820,0,1,3.363773,0.136927,6.230217,1.000000,0.002214
1779542751.708140,0,1,3.373762,0.136462,6.230598,1.000000,0.001543
1779542751.718018,0,1,3.383752,0.136017,6.231171,1.000000,0.001543
1779542751.727966,0,1,3.393742,0.135564,6.231555,1.000000,0.001543
1779542751.737882,0,1,3.403732,0.135131,6.232130,1.000000,0.000546
1779542751.747585,0,1,3.413722,0.134689,6.232515,1.000000,0.000546
1779542751.757701,0,1,3.423713,0.134265,6.233090,1.000000,0.000546
1779542751.767619,0,1,3.433704,0.133833,6.233476,1.000000,-0.001016
1779542751.777793,0,1,3.443696,0.133420,6.234051,1.000000,-0.001016
1779542751.787933,0,1,3.453686,0.132974,6.234191,1.000000,-0.001854
1779542751.797827,0,1,3.463673,0.132466,6.233814,1.000000,-0.001854
1779542751.807721,0,1,3.473659,0.131943,6.233508,1.000000,-0.001854
1779542751.818327,0,1,3.483643,0.131385,6.232968,1.000000,-0.003247
1779542751.828030,0,1,3.493628,0.130828,6.232598,1.000000,-0.003247
1779542751.838107,0,1,3.503611,0.130247,6.232031,1.000000,-0.003247
1779542751.848352,0,1,3.513594,0.129671,6.231650,1.000000,-0.003691
1779542751.857787,0,1,3.523577,0.129076,6.231077,1.000000,-0.003691
1779542751.868048,0,1,3.533559,0.128487,6.230693,1.000000,-0.003092
1779542751.877727,0,1,3.543541,0.127880,6.230118,1.000000,-0.003092
1779542751.888011,0,1,3.553523,0.127282,6.229733,1.000000,-0.003092
1779542751.898215,0,1,3.563504,0.126664,6.229158,1.000000,-0.002395
1779542751.908074,0,1,3.573485,0.126056,6.228773,1.000000,-0.002395
1779542751.918065,0,1,3.583466,0.125429,6.228197,1.000000,-0.001372
1779542751.928370,0,1,3.593446,0.124810,6.227812,1.000000,-0.001372
1779542751.938381,0,1,3.603426,0.124174,6.227236,1.000000,-0.001372
1779542751.947697,0,1,3.613406,0.123545,6.226851,1.000000,-0.000312
1779542751.958509,0,1,3.623385,0.122899,6.226275,1.000000,-0.000312
1779542751.967986,0,1,3.633365,0.122262,6.225890,1.000000,-0.000312
1779542751.978124,0,1,3.643344,0.121606,6.225314,1.000000,0.000129
1779542751.989354,0,1,3.653323,0.120958,6.224929,1.000000,0.000129
1779542751.997984,0,1,3.663300,0.120293,6.224353,1.000000,0.000129
1779542752.008034,0,1,3.673280,0.119660,6.224214,1.000000,0.000129
1779542752.018692,0,1,3.683264,0.119088,6.224591,1.000000,0.000940
1779542752.027845,0,1,3.693249,0.118532,6.224896,1.000000,0.000940
1779542752.038098,0,1,3.703235,0.118011,6.225437,1.000000,0.000940
1779542752.048048,0,1,3.713221,0.117489,6.225806,1.000000,0.000940
1779542752.058557,0,1,3.723209,0.116991,6.226373,1.000000,0.001850
1779542752.068468,0,1,3.733196,0.116487,6.226754,1.000000,0.001850
1779542752.078432,0,1,3.743184,0.116004,6.227327,1.000000,0.001850
1779542752.087659,0,1,3.753172,0.115513,6.227711,1.000000,0.001850
1779542752.097613,0,1,3.763161,0.115041,6.228286,1.000000,0.000280
1779542752.108148,0,1,3.773150,0.114560,6.228671,1.000000,0.000280
1779542752.117867,0,1,3.783139,0.114098,6.229246,1.000000,0.000280
1779542752.127986,0,1,3.793128,0.113628,6.229632,1.000000,-0.000954
1779542752.138032,0,1,3.803118,0.113176,6.230207,1.000000,-0.000954
1779542752.148007,0,1,3.813106,0.112691,6.230347,1.000000,-0.000954
1779542752.157764,0,1,3.823091,0.112146,6.229970,1.000000,-0.000954
1779542752.167692,0,1,3.833075,0.111584,6.229664,1.000000,-0.002245
1779542752.178102,0,1,3.843057,0.110988,6.229124,1.000000,-0.002245
1779542752.188461,0,1,3.853040,0.110392,6.228754,1.000000,-0.002245
1779542752.198109,0,1,3.863020,0.109773,6.228187,1.000000,-0.003616
1779542752.207758,0,1,3.873002,0.109159,6.227806,1.000000,-0.003616
1779542752.217880,0,1,3.882981,0.108525,6.227233,1.000000,-0.003616
1779542752.227802,0,1,3.892962,0.107898,6.226849,1.000000,-0.003616
1779542752.237932,0,1,3.902941,0.107253,6.226274,1.000000,-0.003041
1779542752.248360,0,1,3.912921,0.106616,6.225889,1.000000,-0.003041
1779542752.257892,0,1,3.922899,0.105960,6.225314,1.000000,-0.003041
1779542752.268153,0,1,3.932878,0.105313,6.224929,1.000000,-0.003041
1779542752.277853,0,1,3.942856,0.104648,6.224353,1.000000,-0.001914
1779542752.287786,0,1,3.952834,0.103991,6.223968,1.000000,-0.001914
1779542752.297856,0,1,3.962812,0.103316,6.223392,1.000000,-0.001914
1779542752.307575,0,1,3.972789,0.102650,6.223007,1.000000,-0.001914
1779542752.318071,0,1,3.982766,0.101965,6.222431,1.000000,-0.000787
1779542752.327820,0,1,3.992743,0.101289,6.222046,1.000000,-0.000787
1779542752.337508,0,1,4.002719,0.100595,6.221470,1.000000,-0.000787
1779542752.348239,0,1,4.012695,0.099909,6.221085,1.000000,0.000759
1779542752.357651,0,1,4.022671,0.099205,6.220509,1.000000,0.000759
1779542752.367769,0,1,4.032648,0.098534,6.220370,1.000000,0.000759
1779542752.377820,0,1,4.042629,0.097923,6.220747,1.000000,0.001560
1779542752.387709,0,1,4.052612,0.097330,6.221052,1.000000,0.001560
1779542752.398097,0,1,4.062596,0.096769,6.221593,1.000000,0.002688
1779542752.407972,0,1,4.072580,0.096209,6.221962,1.000000,0.002688
1779542752.418976,0,1,4.082566,0.095673,6.222529,1.000000,0.002688
1779542752.427690,0,1,4.092551,0.095131,6.222910,1.000000,0.002688
1779542752.438175,0,1,4.102537,0.094609,6.223483,1.000000,0.002426
1779542752.448307,0,1,4.112523,0.094080,6.223867,1.000000,0.002426
1779542752.457495,0,1,4.122510,0.093569,6.224442,1.000000,0.002426
1779542752.467827,0,1,4.132497,0.093050,6.224827,1.000000,0.000662
1779542752.477632,0,1,4.142484,0.092550,6.225402,1.000000,0.000662
1779542752.487764,0,1,4.152471,0.092041,6.225788,1.000000,0.000662
1779542752.497927,0,1,4.162459,0.091551,6.226363,1.000000,0.000662
1779542752.508166,0,1,4.172447,0.091052,6.226749,1.000000,-0.001240
1779542752.517613,0,1,4.182435,0.090571,6.227324,1.000000,-0.001240
1779542752.528024,0,1,4.192422,0.090058,6.227463,1.000000,-0.001240
1779542752.538155,0,1,4.202406,0.089483,6.227087,1.000000,-0.002075
1779542752.547779,0,1,4.212388,0.088892,6.226781,1.000000,-0.002075
1779542752.557631,0,1,4.222369,0.088268,6.226241,1.000000,-0.002075
1779542752.568165,0,1,4.232349,0.087643,6.225871,1.000000,-0.003796
1779542752.577693,0,1,4.242328,0.086995,6.225304,1.000000,-0.003796
1779542752.587756,0,1,4.252307,0.086353,6.224923,1.000000,-0.003796
1779542752.597955,0,1,4.262285,0.085690,6.224350,1.000000,-0.003796
1779542752.607932,0,1,4.272264,0.085034,6.223966,1.000000,-0.003222
1779542752.618585,0,1,4.282241,0.084360,6.223391,1.000000,-0.003222
1779542752.627955,0,1,4.292219,0.083694,6.223006,1.000000,-0.003222
1779542752.638358,0,1,4.302196,0.083010,6.222431,1.000000,-0.002522
1779542752.648415,0,1,4.312173,0.082334,6.222046,1.000000,-0.002522
1779542752.657584,0,1,4.322149,0.081640,6.221470,1.000000,-0.002522
1779542752.667701,0,1,4.332125,0.080954,6.221085,1.000000,-0.001312
1779542752.677656,0,1,4.342100,0.080251,6.220509,1.000000,-0.001312
1779542752.687623,0,1,4.352076,0.079555,6.220124,1.000000,-0.001312
1779542752.698102,0,1,4.362050,0.078842,6.219548,1.000000,-0.001312
1779542752.707508,0,1,4.372026,0.078137,6.219163,1.000000,-0.000094
1779542752.717836,0,1,4.381999,0.077414,6.218587,1.000000,-0.000094
1779542752.727685,0,1,4.391975,0.076712,6.218325,1.000000,-0.000094
1779542752.738592,0,1,4.401952,0.076031,6.218226,1.000000,0.001010
1779542752.748171,0,1,4.411929,0.075362,6.218186,1.000000,0.001010
1779542752.757986,0,1,4.421908,0.074713,6.218291,1.000000,0.001010
1779542752.768094,0,1,4.431890,0.074108,6.218759,1.000000,0.001931
1779542752.777631,0,1,4.441872,0.073510,6.219100,1.000000,0.001931
1779542752.787862,0,1,4.451856,0.072939,6.219656,1.000000,0.001931
1779542752.797853,0,1,4.461839,0.072365,6.220032,1.000000,0.001931
1779542752.807954,0,1,4.471824,0.071813,6.220603,1.000000,0.001937
1779542752.818087,0,1,4.481808,0.071253,6.220986,1.000000,0.001937
1779542752.828007,0,1,4.491793,0.070714,6.221560,1.000000,0.001937
1779542752.837968,0,1,4.501778,0.070166,6.221945,1.000000,0.000866
1779542752.848496,0,1,4.511764,0.069636,6.222520,1.000000,0.000866
1779542752.858229,0,1,4.521750,0.069099,6.222905,1.000000,0.000866
1779542752.867507,0,1,4.531736,0.068579,6.223480,1.000000,-0.000250
1779542752.877519,0,1,4.541722,0.068051,6.223866,1.000000,-0.000250
1779542752.888176,0,1,4.551710,0.067542,6.224441,1.000000,-0.000250
1779542752.898028,0,1,4.561695,0.067000,6.224580,1.000000,-0.001553
1779542752.907904,0,1,4.571677,0.066396,6.224204,1.000000,-0.001553
1779542752.917833,0,1,4.581657,0.065777,6.223898,1.000000,-0.001553
1779542752.927954,0,1,4.591636,0.065124,6.223358,1.000000,-0.001553
1779542752.938152,0,1,4.601615,0.064470,6.222988,1.000000,-0.003326
1779542752.948153,0,1,4.611592,0.063793,6.222421,1.000000,-0.003326
1779542752.957901,0,1,4.621569,0.063122,6.222040,1.000000,-0.003326
1779542752.967800,0,1,4.631545,0.062430,6.221467,1.000000,-0.003326
1779542752.977788,0,1,4.641522,0.061746,6.221083,1.000000,-0.002596
1779542752.987483,0,1,4.651497,0.061043,6.220508,1.000000,-0.002596
1779542752.997802,0,1,4.661473,0.060349,6.220123,1.000000,-0.002596
1779542753.007500,0,1,4.671447,0.059635,6.219548,1.000000,-0.002596
1779542753.017623,0,1,4.681422,0.058931,6.219163,1.000000,-0.001771
1779542753.027673,0,1,4.691396,0.058208,6.218587,1.000000,-0.001771
1779542753.038090,0,1,4.701371,0.057494,6.218202,1.000000,-0.001771
1779542753.047872,0,1,4.711344,0.056761,6.217626,1.000000,-0.000524
1779542753.058041,0,1,4.721318,0.056037,6.217241,1.000000,-0.000524
1779542753.067674,0,1,4.731290,0.055295,6.216665,1.000000,-0.000524
1779542753.078001,0,1,4.741263,0.054561,6.216280,1.000000,0.000751
1779542753.087841,0,1,4.751235,0.053810,6.215704,1.000000,0.000751
1779542753.097800,0,1,4.761209,0.053090,6.215565,1.000000,0.000751
1779542753.108032,0,1,4.771187,0.052432,6.215942,1.000000,0.000751
1779542753.117709,0,1,4.781167,0.051790,6.216247,1.000000,0.002066
1779542753.127654,0,1,4.791148,0.051182,6.216788,1.000000,0.002066
1779542753.137769,0,1,4.801130,0.050574,6.217157,1.000000,0.002066
1779542753.147534,0,1,4.811112,0.049990,6.217724,1.000000,0.002726
1779542753.158299,0,1,4.821095,0.049400,6.218105,1.000000,0.002726
1779542753.168071,0,1,4.831079,0.048830,6.218678,1.000000,0.002726
1779542753.178135,0,1,4.841062,0.048252,6.219062,1.000000,0.001824
1779542753.187480,0,1,4.851046,0.047694,6.219637,1.000000,0.001824
1779542753.198451,0,1,4.861030,0.047127,6.220022,1.000000,0.001824
1779542753.207901,0,1,4.871015,0.046579,6.220597,1.000000,0.001824
1779542753.218016,0,1,4.881000,0.046022,6.220983,1.000000,0.000250
1779542753.228138,0,1,4.890985,0.045484,6.221558,1.000000,0.000250
1779542753.238043,0,1,4.900970,0.044937,6.221944,1.000000,0.000250
1779542753.248001,0,1,4.910956,0.044408,6.222519,1.000000,-0.000885
1779542753.258371,0,1,4.920942,0.043871,6.222905,1.000000,-0.000885
1779542753.267906,0,1,4.930928,0.043351,6.223480,1.000000,-0.000885
1779542753.277968,0,1,4.940913,0.042800,6.223619,1.000000,-0.002146
1779542753.287987,0,1,4.950894,0.042187,6.223243,1.000000,-0.002146
1779542753.298154,0,1,4.960874,0.041558,6.222937,1.000000,-0.002146
1779542753.307719,0,1,4.970853,0.040895,6.222397,1.000000,-0.002146
1779542753.317660,0,1,4.980830,0.040232,6.222027,1.000000,-0.003731
1779542753.327954,0,1,4.990807,0.039545,6.221460,1.000000,-0.003731
1779542753.338198,0,1,5.000784,0.038864,6.221079,1.000000,-0.003731
1779542753.347659,0,1,5.010759,0.038163,6.220506,1.000000,-0.003435
1779542753.357906,0,1,5.020735,0.037470,6.220122,1.000000,-0.003435
1779542753.367556,0,1,5.030710,0.036757,6.219547,1.000000,-0.003435
1779542753.377676,0,1,5.040685,0.036053,6.219162,1.000000,-0.002316
1779542753.387739,0,1,5.050659,0.035330,6.218587,1.000000,-0.002316
1779542753.398034,0,1,5.060633,0.034616,6.218202,1.000000,-0.002316
1779542753.407892,0,1,5.070606,0.033883,6.217626,1.000000,-0.001262
1779542753.417773,0,1,5.080580,0.033160,6.217241,1.000000,-0.001262
1779542753.427814,0,1,5.090552,0.032417,6.216665,1.000000,-0.001262
1779542753.438084,0,1,5.100525,0.031684,6.216280,1.000000,-0.001262
1779542753.447531,0,1,5.110497,0.030932,6.215704,1.000000,0.000093
1779542753.457888,0,1,5.120469,0.030189,6.215319,1.000000,0.000093
1779542753.467907,0,1,5.130440,0.029428,6.214743,1.000000,0.000093
1779542753.478228,0,1,5.140413,0.028687,6.214481,1.000000,0.000896
1779542753.487928,0,1,5.150387,0.027967,6.214382,1.000000,0.000896
1779542753.498013,0,1,5.160363,0.027273,6.214465,1.000000,0.000896
1779542753.508231,0,1,5.170342,0.026625,6.214923,1.000000,0.002156
1779542753.517691,0,1,5.180321,0.025986,6.215261,1.000000,0.002156
1779542753.527918,0,1,5.190303,0.025375,6.215815,1.000000,0.002156
1779542753.537591,0,1,5.200284,0.024762,6.216190,1.000000,0.003009
1779542753.548354,0,1,5.210266,0.024170,6.216760,1.000000,0.003009
1779542753.558135,0,1,5.220248,0.023572,6.217142,1.000000,0.003009
1779542753.568695,0,1,5.230232,0.022993,6.217716,1.000000,0.003009
1779542753.577921,0,1,5.240214,0.022407,6.218101,1.000000,0.002184
1779542753.587740,0,1,5.250198,0.021839,6.218676,1.000000,0.002184
1779542753.597948,0,1,5.260182,0.021263,6.219061,1.000000,0.002184
1779542753.608255,0,1,5.270166,0.020705,6.219636,1.000000,0.000725
1779542753.617891,0,1,5.280150,0.020139,6.220022,1.000000,0.000725
1779542753.628356,0,1,5.290135,0.019591,6.220597,1.000000,0.000725
1779542753.638052,0,1,5.300120,0.019034,6.220983,1.000000,0.000725
1779542753.647947,0,1,5.310105,0.018496,6.221558,1.000000,-0.000755
1779542753.657840,0,1,5.320090,0.017949,6.221944,1.000000,-0.000755
1779542753.668204,0,1,5.330076,0.017420,6.222519,1.000000,-0.001567
1779542753.677583,0,1,5.340060,0.016859,6.222658,1.000000,-0.001567
1779542753.687884,0,1,5.350041,0.016237,6.222282,1.000000,-0.001567
1779542753.697597,0,1,5.360020,0.015598,6.221976,1.000000,-0.001567
1779542753.708029,0,1,5.369998,0.014926,6.221436,1.000000,-0.003059
1779542753.717951,0,1,5.379975,0.014253,6.221066,1.000000,-0.003059
1779542753.727895,0,1,5.389951,0.013557,6.220499,1.000000,-0.003059
1779542753.737881,0,1,5.399927,0.012866,6.220118,1.000000,-0.003463
1779542753.747883,0,1,5.409902,0.012155,6.219545,1.000000,-0.003463
1779542753.757959,0,1,5.419877,0.011452,6.219161,1.000000,-0.003463
1779542753.768412,0,1,5.429851,0.010730,6.218586,1.000000,-0.002463
1779542753.778159,0,1,5.439825,0.010016,6.218201,1.000000,-0.002463
1779542753.787747,0,1,5.449798,0.009284,6.217626,1.000000,-0.002463
1779542753.797928,0,1,5.459772,0.008560,6.217241,1.000000,-0.002463
1779542753.808075,0,1,5.469745,0.007818,6.216665,1.000000,-0.001038
1779542753.817700,0,1,5.479718,0.007085,6.216280,1.000000,-0.001038
1779542753.828123,0,1,5.489689,0.006333,6.215704,1.000000,-0.001038
1779542753.837906,0,1,5.499662,0.005590,6.215319,1.000000,-0.000257
1779542753.847858,0,1,5.509633,0.004828,6.214743,1.000000,-0.000257
1779542753.857935,0,1,5.519604,0.004076,6.214358,1.000000,-0.000257
1779542753.868213,0,1,5.529575,0.003305,6.213782,1.000000,0.001339
1779542753.877740,0,1,5.539545,0.002543,6.213397,1.000000,0.001339
1779542753.888115,0,1,5.549515,0.001762,6.212821,1.000000,0.002163
1779542753.897633,0,1,5.559487,0.001014,6.212682,1.000000,0.002163
1779542753.907673,0,1,5.569463,0.000327,6.213059,1.000000,0.002163
1779542753.917939,0,1,5.579441,-0.000344,6.213364,1.000000,0.003484
1779542753.927750,0,1,5.589420,-0.000981,6.213905,1.000000,0.003484
1779542753.938128,0,1,5.599400,-0.001617,6.214274,1.000000,0.003484
1779542753.948030,0,1,5.609381,-0.002231,6.214841,1.000000,0.004487
1779542753.957682,0,1,5.619362,-0.002849,6.215222,1.000000,0.004487
1779542753.967532,0,1,5.629344,-0.003448,6.215795,1.000000,0.004487
1779542753.977687,0,1,5.639326,-0.004054,6.216179,1.000000,0.004487
1779542753.988395,0,1,5.649309,-0.004641,6.216754,1.000000,0.002937
1779542753.997869,0,1,5.659291,-0.005237,6.217139,1.000000,0.002937
1779542754.007948,0,1,5.669274,-0.005814,6.217714,1.000000,0.002937
1779542754.017943,0,1,5.679257,-0.006399,6.218100,1.000000,0.001726
1779542754.027601,0,1,5.689241,-0.006967,6.218675,1.000000,0.001726
1779542754.037773,0,1,5.699224,-0.007542,6.219061,1.000000,0.001726
1779542754.047672,0,1,5.709209,-0.008100,6.219636,1.000000,0.001726
1779542754.058119,0,1,5.719193,-0.008666,6.220022,1.000000,0.000331
1779542754.067616,0,1,5.729178,-0.009214,6.220597,1.000000,0.000331
1779542754.077807,0,1,5.739162,-0.009771,6.220983,1.000000,0.000331
1779542754.087574,0,1,5.749148,-0.010309,6.221558,1.000000,-0.000792
1779542754.098093,0,1,5.759133,-0.010856,6.221944,1.000000,-0.000792
1779542754.107900,0,1,5.769119,-0.011385,6.222519,1.000000,-0.000792
1779542754.117907,0,1,5.779103,-0.011946,6.222658,1.000000,-0.001880
1779542754.127987,0,1,5.789083,-0.012568,6.222282,1.000000,-0.001880
1779542754.138124,0,1,5.799063,-0.013207,6.221976,1.000000,-0.001880
1779542754.148182,0,1,5.809040,-0.013880,6.221436,1.000000,-0.001880
1779542754.157629,0,1,5.819018,-0.014552,6.221066,1.000000,-0.003268
1779542754.168044,0,1,5.828993,-0.015248,6.220499,1.000000,-0.003268
1779542754.177910,0,1,5.838970,-0.015939,6.220118,1.000000,-0.003268
1779542754.187582,0,1,5.848944,-0.016650,6.219545,1.000000,-0.002948
1779542754.198096,0,1,5.858920,-0.017353,6.219161,1.000000,-0.002948
1779542754.207540,0,1,5.868893,-0.018075,6.218586,1.000000,-0.002948
1779542754.217587,0,1,5.878868,-0.018789,6.218201,1.000000,-0.001691
1779542754.227689,0,1,5.888841,-0.019521,6.217626,1.000000,-0.001691
1779542754.238292,0,1,5.898815,-0.020245,6.217241,1.000000,-0.001691
1779542754.247987,0,1,5.908787,-0.020987,6.216665,1.000000,-0.001691
1779542754.257516,0,1,5.918760,-0.021720,6.216280,1.000000,-0.000638
1779542754.267590,0,1,5.928732,-0.022472,6.215704,1.000000,-0.000638
1779542754.277658,0,1,5.938704,-0.023215,6.215319,1.000000,-0.000638
1779542754.287715,0,1,5.948675,-0.023977,6.214743,1.000000,0.000956
1779542754.297880,0,1,5.958647,-0.024729,6.214358,1.000000,0.000956
1779542754.307906,0,1,5.968617,-0.025500,6.213782,1.000000,0.000956
1779542754.317966,0,1,5.978590,-0.026239,6.213643,1.000000,0.002197
1779542754.329101,0,1,5.988567,-0.026916,6.214020,1.000000,0.002197
1779542754.337840,0,1,5.998545,-0.027577,6.214325,1.000000,0.002197
1779542754.348441,0,1,6.008525,-0.028205,6.214866,1.000000,0.003387
1779542754.357955,0,1,6.018506,-0.028832,6.215235,1.000000,0.003387
1779542754.367546,0,1,6.028487,-0.029435,6.215802,1.000000,0.003387
1779542754.377868,0,1,6.038469,-0.030044,6.216183,1.000000,0.003788
1779542754.388356,0,1,6.048451,-0.030633,6.216756,1.000000,0.003788
1779542754.397900,0,1,6.058434,-0.031230,6.217140,1.000000,0.003788
1779542754.407769,0,1,6.068417,-0.031808,6.217715,1.000000,0.002888
1779542754.418241,0,1,6.078400,-0.032394,6.218100,1.000000,0.002888
1779542754.427564,0,1,6.088384,-0.032961,6.218675,1.000000,0.002888
1779542754.437820,0,1,6.098367,-0.033537,6.219061,1.000000,0.002888
1779542754.447801,0,1,6.108351,-0.034095,6.219636,1.000000,0.001294
1779542754.457575,0,1,6.118335,-0.034661,6.220022,1.000000,0.001294
1779542754.467791,0,1,6.128320,-0.035209,6.220597,1.000000,0.001294
1779542754.478238,0,1,6.138305,-0.035765,6.220983,1.000000,0.001294
1779542754.487999,0,1,6.148290,-0.036304,6.221558,1.000000,0.000170
1779542754.497884,0,1,6.158275,-0.036851,6.221944,1.000000,0.000170
1779542754.507860,0,1,6.168261,-0.037380,6.222519,1.000000,0.000170
1779542754.518107,0,1,6.178247,-0.037917,6.222905,1.000000,-0.001022
1779542754.527664,0,1,6.188233,-0.038436,6.223480,1.000000,-0.001022
1779542754.537820,0,1,6.198218,-0.038988,6.223619,1.000000,-0.001022
1779542754.547701,0,1,6.208199,-0.039600,6.223243,1.000000,-0.001022
1779542754.557899,0,1,6.218180,-0.040230,6.222937,1.000000,-0.001827
1779542754.567660,0,1,6.228158,-0.040892,6.222397,1.000000,-0.001827
1779542754.577988,0,1,6.238136,-0.041555,6.222027,1.000000,-0.001827
1779542754.587898,0,1,6.248112,-0.042242,6.221460,1.000000,-0.003307
1779542754.598028,0,1,6.258089,-0.042923,6.221079,1.000000,-0.003307
1779542754.607691,0,1,6.268064,-0.043624,6.220506,1.000000,-0.003307
1779542754.619227,0,1,6.278040,-0.044318,6.220122,1.000000,-0.002125
1779542754.628026,0,1,6.288015,-0.045030,6.219547,1.000000,-0.002125
1779542754.638075,0,1,6.297990,-0.045735,6.219162,1.000000,-0.002125
1779542754.647694,0,1,6.307964,-0.046457,6.218587,1.000000,-0.002125
1779542754.660815,0,1,6.317938,-0.047171,6.218202,1.000000,-0.000533
1779542754.668049,0,1,6.327911,-0.047904,6.217626,1.000000,-0.000533
1779542754.678038,0,1,6.337885,-0.048628,6.217241,1.000000,-0.000533
1779542754.688002,0,1,6.347857,-0.049370,6.216665,1.000000,0.000258
1779542754.698329,0,1,6.357830,-0.050104,6.216280,1.000000,0.000258
1779542754.707812,0,1,6.367802,-0.050855,6.215704,1.000000,0.000258
1779542754.717549,0,1,6.377776,-0.051575,6.215565,1.000000,0.000258
1779542754.728797,0,1,6.387754,-0.052233,6.215942,1.000000,0.002253
1779542754.737625,0,1,6.397734,-0.052875,6.216247,1.000000,0.002253
1779542754.747926,0,1,6.407715,-0.053483,6.216788,1.000000,0.002253
1779542754.757839,0,1,6.417697,-0.054091,6.217157,1.000000,0.002253
1779542754.768078,0,1,6.427680,-0.054675,6.217724,1.000000,0.003707
1779542754.778352,0,1,6.437662,-0.055265,6.218105,1.000000,0.003707
1779542754.787743,0,1,6.447646,-0.055835,6.218678,1.000000,0.003707
1779542754.798636,0,1,6.457629,-0.056412,6.219062,1.000000,0.003002
1779542754.808093,0,1,6.467614,-0.056971,6.219637,1.000000,0.003002
1779542754.818100,0,1,6.477598,-0.057538,6.220022,1.000000,0.003002
1779542754.827697,0,1,6.487583,-0.058086,6.220597,1.000000,0.003002
1779542754.838563,0,1,6.497567,-0.058643,6.220983,1.000000,0.001977
1779542754.847776,0,1,6.507553,-0.059181,6.221558,1.000000,0.001977
1779542754.857767,0,1,6.517538,-0.059728,6.221944,1.000000,0.001977
1779542754.867802,0,1,6.527524,-0.060257,6.222519,1.000000,0.000456
1779542754.879305,0,1,6.537509,-0.060794,6.222905,1.000000,0.000456
1779542754.887806,0,1,6.547496,-0.061313,6.223480,1.000000,0.000456
1779542754.898177,0,1,6.557482,-0.061841,6.223866,1.000000,-0.000336
1779542754.907916,0,1,6.567469,-0.062351,6.224441,1.000000,-0.000336
1779542754.918319,0,1,6.577454,-0.062893,6.224580,1.000000,-0.000336
1779542754.927996,0,1,6.587436,-0.063496,6.224204,1.000000,-0.001589
1779542754.938281,0,1,6.597417,-0.064116,6.223898,1.000000,-0.001589
1779542754.948204,0,1,6.607395,-0.064769,6.223358,1.000000,-0.001589
1779542754.957929,0,1,6.617374,-0.065422,6.222988,1.000000,-0.003227
1779542754.968395,0,1,6.627351,-0.066099,6.222421,1.000000,-0.003227
1779542754.978601,0,1,6.637328,-0.066771,6.222040,1.000000,-0.003227
1779542754.988019,0,1,6.647304,-0.067462,6.221467,1.000000,-0.003227
1779542754.998137,0,1,6.657281,-0.068146,6.221083,1.000000,-0.002637
1779542755.007750,0,1,6.667256,-0.068849,6.220508,1.000000,-0.002637
1779542755.017674,0,1,6.677232,-0.069544,6.220123,1.000000,-0.002637
1779542755.028064,0,1,6.687207,-0.070257,6.219548,1.000000,-0.000241
1779542755.037769,0,1,6.697182,-0.070962,6.219163,1.000000,-0.000241
1779542755.047546,0,1,6.707156,-0.071685,6.218587,1.000000,-0.000241
1779542755.057827,0,1,6.717130,-0.072399,6.218202,1.000000,-0.000241
1779542755.067595,0,1,6.727103,-0.073131,6.217626,1.000000,0.001617
1779542755.078206,0,1,6.737077,-0.073855,6.217241,1.000000,0.001617
1779542755.088177,0,1,6.747049,-0.074598,6.216665,1.000000,0.001617
1779542755.097563,0,1,6.757024,-0.075307,6.216526,1.000000,0.001617
1779542755.107920,0,1,6.767003,-0.075956,6.216903,1.000000,0.003344
1779542755.117665,0,1,6.776983,-0.076588,6.217208,1.000000,0.003344
1779542755.127746,0,1,6.786965,-0.077187,6.217749,1.000000,0.003344
1779542755.137692,0,1,6.796947,-0.077785,6.218118,1.000000,0.004731
1779542755.148230,0,1,6.806931,-0.078360,6.218685,1.000000,0.004731
1779542755.157996,0,1,6.816914,-0.078940,6.219066,1.000000,0.004731
1779542755.169245,0,1,6.826898,-0.079500,6.219639,1.000000,0.004731
1779542755.178956,0,1,6.836882,-0.080068,6.220023,1.000000,0.004475
1779542755.187917,0,1,6.846867,-0.080617,6.220598,1.000000,0.004475
1779542755.198352,0,1,6.856851,-0.081174,6.220983,1.000000,0.004475
1779542755.207772,0,1,6.866837,-0.081713,6.221558,1.000000,0.003370
1779542755.217669,0,1,6.876822,-0.082260,6.221944,1.000000,0.003370
1779542755.228078,0,1,6.886808,-0.082789,6.222519,1.000000,0.003370
1779542755.237584,0,1,6.896793,-0.083326,6.222905,1.000000,0.002202
1779542755.247473,0,1,6.906780,-0.083846,6.223480,1.000000,0.002202
1779542755.257730,0,1,6.916766,-0.084373,6.223866,1.000000,0.002202
1779542755.267688,0,1,6.926753,-0.084883,6.224441,1.000000,0.002202
1779542755.277631,0,1,6.936739,-0.085401,6.224827,1.000000,0.001503
1779542755.287820,0,1,6.946727,-0.085901,6.225402,1.000000,0.001503
1779542755.297828,0,1,6.956714,-0.086410,6.225788,1.000000,0.001503
1779542755.308042,0,1,6.966702,-0.086900,6.226363,1.000000,0.000339
1779542755.318204,0,1,6.976689,-0.087399,6.226749,1.000000,0.000339
1779542755.327894,0,1,6.986678,-0.087880,6.227324,1.000000,0.000339
1779542755.337987,0,1,6.996666,-0.088369,6.227710,1.000000,-0.000910
1779542755.347865,0,1,7.006655,-0.088840,6.228285,1.000000,-0.000910
1779542755.357903,0,1,7.016642,-0.089344,6.228424,1.000000,-0.000910
1779542755.367640,0,1,7.026626,-0.089909,6.228048,1.000000,-0.002037
1779542755.377732,0,1,7.036609,-0.090490,6.227742,1.000000,-0.002037
1779542755.388386,0,1,7.046590,-0.091105,6.227202,1.000000,-0.002037
1779542755.398004,0,1,7.056571,-0.091720,6.226832,1.000000,-0.003345
1779542755.408443,0,1,7.066551,-0.092359,6.226265,1.000000,-0.003345
1779542755.417968,0,1,7.076531,-0.092992,6.225884,1.000000,-0.003345
1779542755.427593,0,1,7.086509,-0.093645,6.225311,1.000000,-0.002987
1779542755.437930,0,1,7.096489,-0.094291,6.224927,1.000000,-0.002987
1779542755.448227,0,1,7.106466,-0.094955,6.224352,1.000000,-0.002987
1779542755.457495,0,1,7.116445,-0.095611,6.223967,1.000000,-0.002987
1779542755.468270,0,1,7.126422,-0.096286,6.223392,1.000000,-0.001098
1779542755.477616,0,1,7.136400,-0.096952,6.223007,1.000000,-0.001098
1779542755.487912,0,1,7.146376,-0.097637,6.222431,1.000000,-0.001098
1779542755.497606,0,1,7.156354,-0.098313,6.222046,1.000000,-0.001098
1779542755.508400,0,1,7.166329,-0.099007,6.221470,1.000000,0.001542
1779542755.517677,0,1,7.176306,-0.099693,6.221085,1.000000,0.001542
1779542755.528017,0,1,7.186281,-0.100397,6.220509,1.000000,0.001542
1779542755.538030,0,1,7.196258,-0.101068,6.220370,1.000000,0.002885
1779542755.547791,0,1,7.206240,-0.101678,6.220747,1.000000,0.002885
1779542755.557861,0,1,7.216222,-0.102272,6.221052,1.000000,0.002885
1779542755.568244,0,1,7.226206,-0.102832,6.221593,1.000000,0.004199
1779542755.577782,0,1,7.236191,-0.103392,6.221962,1.000000,0.004199
1779542755.587955,0,1,7.246176,-0.103929,6.222529,1.000000,0.004199
1779542755.597636,0,1,7.256162,-0.104471,6.222910,1.000000,0.004199
1779542755.607833,0,1,7.266148,-0.104993,6.223483,1.000000,0.004609
1779542755.617888,0,1,7.276134,-0.105522,6.223867,1.000000,0.004609
1779542755.627508,0,1,7.286121,-0.106033,6.224442,1.000000,0.004609
1779542755.639117,0,1,7.296107,-0.106551,6.224827,1.000000,0.003542
1779542755.647921,0,1,7.306095,-0.107052,6.225402,1.000000,0.003542
1779542755.657661,0,1,7.316082,-0.107560,6.225788,1.000000,0.003542
1779542755.667740,0,1,7.326070,-0.108051,6.226363,1.000000,0.003542
1779542755.677732,0,1,7.336057,-0.108550,6.226749,1.000000,0.002898
1779542755.687546,0,1,7.346046,-0.109031,6.227324,1.000000,0.002898
1779542755.698014,0,1,7.356034,-0.109520,6.227710,1.000000,0.002898
1779542755.708046,0,1,7.366023,-0.109991,6.228285,1.000000,0.001839
1779542755.717992,0,1,7.376011,-0.110471,6.228671,1.000000,0.001839
1779542755.728008,0,1,7.386001,-0.110933,6.229246,1.000000,0.001839
1779542755.738597,0,1,7.395990,-0.111403,6.229632,1.000000,0.000634
1779542755.748184,0,1,7.405979,-0.111855,6.230207,1.000000,0.000634
1779542755.758368,0,1,7.415969,-0.112315,6.230593,1.000000,0.000634
1779542755.767973,0,1,7.425959,-0.112758,6.231168,1.000000,0.000634
1779542755.778222,0,1,7.435949,-0.113209,6.231554,1.000000,-0.000412
1779542755.787842,0,1,7.445939,-0.113641,6.232129,1.000000,-0.000412
1779542755.798103,0,1,7.455929,-0.114107,6.232268,1.000000,-0.000412
1779542755.808561,0,1,7.465915,-0.114633,6.231892,1.000000,-0.000412
1779542755.818109,0,1,7.475900,-0.115176,6.231586,1.000000,-0.001485
1779542755.828146,0,1,7.485883,-0.115753,6.231046,1.000000,-0.001485
1779542755.837783,0,1,7.495867,-0.116329,6.230676,1.000000,-0.001485
1779542755.847818,0,1,7.505849,-0.116929,6.230109,1.000000,-0.002433
1779542755.858042,0,1,7.515831,-0.117524,6.229728,1.000000,-0.002433
1779542755.868071,0,1,7.525812,-0.118139,6.229155,1.000000,-0.002433
1779542755.877777,0,1,7.535793,-0.118746,6.228771,1.000000,-0.002433
1779542755.887972,0,1,7.545774,-0.119373,6.228196,1.000000,-0.001489
1779542755.898145,0,1,7.555755,-0.119990,6.227811,1.000000,-0.001489
1779542755.907857,0,1,7.565734,-0.120627,6.227236,1.000000,-0.001489
1779542755.917659,0,1,7.575715,-0.121255,6.226851,1.000000,0.000101
1779542755.927759,0,1,7.585694,-0.121901,6.226275,1.000000,0.000101
1779542755.938105,0,1,7.595675,-0.122515,6.226136,1.000000,0.000101
1779542755.947749,0,1,7.605660,-0.123068,6.226513,1.000000,0.001260
1779542755.957837,0,1,7.615645,-0.123604,6.226818,1.000000,0.001260
1779542755.967912,0,1,7.625633,-0.124106,6.227359,1.000000,0.001260
1779542755.977874,0,1,7.635620,-0.124609,6.227728,1.000000,0.001260
1779542755.987768,0,1,7.645608,-0.125088,6.228295,1.000000,0.001260
1779542755.998149,0,1,7.655597,-0.125572,6.228676,1.000000,0.003251
1779542756.007634,0,1,7.665586,-0.126036,6.229249,1.000000,0.003251
1779542756.018106,0,1,7.675575,-0.126508,6.229633,1.000000,0.003251
1779542756.028150,0,1,7.685565,-0.126961,6.230208,1.000000,0.003251
1779542756.037731,0,1,7.695554,-0.127422,6.230593,1.000000,0.002820
1779542756.047915,0,1,7.705544,-0.127865,6.231168,1.000000,0.002820
1779542756.058147,0,1,7.715534,-0.128316,6.231554,1.000000,0.002820
1779542756.067718,0,1,7.725525,-0.128749,6.232129,1.000000,0.002820
1779542756.078286,0,1,7.735515,-0.129190,6.232515,1.000000,0.002024
1779542756.087592,0,1,7.745506,-0.129614,6.233090,1.000000,0.002024
1779542756.097669,0,1,7.755496,-0.130045,6.233476,1.000000,0.002024
1779542756.107794,0,1,7.765488,-0.130459,6.234051,1.000000,0.001058
1779542756.118031,0,1,7.775479,-0.130881,6.234437,1.000000,0.001058
1779542756.127866,0,1,7.785471,-0.131285,6.235012,1.000000,0.001058
1779542756.137798,0,1,7.795462,-0.131698,6.235398,1.000000,0.001058
1779542756.148306,0,1,7.805455,-0.132092,6.235973,1.000000,0.000159
1779542756.157872,0,1,7.815446,-0.132495,6.236359,1.000000,0.000159
1779542756.167900,0,1,7.825439,-0.132880,6.236934,1.000000,0.000159
1779542756.178209,0,1,7.835431,-0.133273,6.237320,1.000000,-0.001137
1779542756.187640,0,1,7.845424,-0.133648,6.237895,1.000000,-0.001137
1779542756.197790,0,1,7.855416,-0.134056,6.238034,1.000000,-0.001137
1779542756.208494,0,1,7.865405,-0.134525,6.237658,1.000000,-0.001137
1779542756.217745,0,1,7.875393,-0.135010,6.237352,1.000000,-0.001649
1779542756.227837,0,1,7.885380,-0.135529,6.236812,1.000000,-0.001649
1779542756.238014,0,1,7.895366,-0.136048,6.236442,1.000000,-0.001649
1779542756.248097,0,1,7.905351,-0.136591,6.235875,1.000000,-0.003068
1779542756.258340,0,1,7.915337,-0.137128,6.235494,1.000000,-0.003068
1779542756.267987,0,1,7.925321,-0.137685,6.234921,1.000000,-0.003068
1779542756.277692,0,1,7.935306,-0.138235,6.234537,1.000000,-0.003068
1779542756.288021,0,1,7.945290,-0.138804,6.233962,1.000000,-0.001170
1779542756.298102,0,1,7.955274,-0.139364,6.233577,1.000000,-0.001170
1779542756.307978,0,1,7.965258,-0.139943,6.233002,1.000000,-0.001170
1779542756.318131,0,1,7.975241,-0.140513,6.232617,1.000000,-0.001170
1779542756.327854,0,1,7.985224,-0.141102,6.232041,1.000000,0.000496
1779542756.338079,0,1,7.995207,-0.141682,6.231656,1.000000,0.000496
1779542756.347975,0,1,8.005189,-0.142280,6.231080,1.000000,0.000496
1779542756.357883,0,1,8.015173,-0.142846,6.230941,1.000000,0.001676
1779542756.368305,0,1,8.025160,-0.143351,6.231318,1.000000,0.001676
1779542756.377809,0,1,8.035148,-0.143839,6.231623,1.000000,0.001676
1779542756.388457,0,1,8.045138,-0.144294,6.232164,1.000000,0.003399
1779542756.398361,0,1,8.055128,-0.144748,6.232533,1.000000,0.003399
1779542756.408010,0,1,8.065118,-0.145179,6.233100,1.000000,0.003399
1779542756.417649,0,1,8.075109,-0.145615,6.233481,1.000000,0.003399
1779542756.427619,0,1,8.085100,-0.146032,6.234054,1.000000,0.003881
1779542756.437765,0,1,8.095091,-0.146455,6.234438,1.000000,0.003881
1779542756.447907,0,1,8.105083,-0.146860,6.235013,1.000000,0.003881
1779542756.458187,0,1,8.115074,-0.147274,6.235398,1.000000,0.003580
1779542756.467883,0,1,8.125067,-0.147668,6.235973,1.000000,0.003580
1779542756.477977,0,1,8.135059,-0.148071,6.236359,1.000000,0.003580
1779542756.487945,0,1,8.145051,-0.148456,6.236934,1.000000,0.002593
1779542756.497594,0,1,8.155043,-0.148850,6.237320,1.000000,0.002593
1779542756.508102,0,1,8.165036,-0.149225,6.237895,1.000000,0.002593
1779542756.518187,0,1,8.175029,-0.149609,6.238281,1.000000,0.002593
1779542756.528618,0,1,8.185022,-0.149974,6.238856,1.000000,0.001711
1779542756.537942,0,1,8.195015,-0.150348,6.239242,1.000000,0.001711
1779542756.548712,0,1,8.205009,-0.150704,6.239817,1.000000,0.001711
1779542756.557964,0,1,8.215002,-0.151069,6.240203,1.000000,0.001711
1779542756.569170,0,1,8.224996,-0.151415,6.240778,1.000000,0.001711
1779542756.578049,0,1,8.234990,-0.151770,6.241163,1.000000,0.000844
1779542756.587875,0,1,8.244984,-0.152107,6.241739,1.000000,0.000844
1779542756.597633,0,1,8.254978,-0.152452,6.242124,1.000000,0.000844
1779542756.608924,0,1,8.264973,-0.152779,6.242700,1.000000,0.000116
1779542756.617658,0,1,8.274967,-0.153115,6.243085,1.000000,0.000116
1779542756.627752,0,1,8.284962,-0.153433,6.243661,1.000000,-0.000951
1779542756.637917,0,1,8.294957,-0.153759,6.244046,1.000000,-0.000951
1779542756.647651,0,1,8.304952,-0.154067,6.244622,1.000000,-0.000951
1779542756.657979,0,1,8.314946,-0.154407,6.244761,1.000000,-0.000951
1779542756.668348,0,1,8.324938,-0.154809,6.244385,1.000000,-0.001693
1779542756.678002,0,1,8.334930,-0.155227,6.244079,1.000000,-0.001693
1779542756.687580,0,1,8.344919,-0.155679,6.243539,1.000000,-0.001693
1779542756.697959,0,1,8.354909,-0.156131,6.243169,1.000000,-0.001693
1779542756.707791,0,1,8.364898,-0.156606,6.242602,1.000000,-0.002369
1779542756.718039,0,1,8.374887,-0.157076,6.242221,1.000000,-0.002369
1779542756.727702,0,1,8.384875,-0.157566,6.241648,1.000000,-0.002369
1779542756.738176,0,1,8.394863,-0.158049,6.241264,1.000000,-0.001873
1779542756.747677,0,1,8.404850,-0.158550,6.240689,1.000000,-0.001873
1779542756.757754,0,1,8.414838,-0.159043,6.240304,1.000000,-0.001873
1779542756.767763,0,1,8.424825,-0.159555,6.239729,1.000000,-0.001873
1779542756.778291,0,1,8.434813,-0.160058,6.239344,1.000000,0.000206
1779542756.787843,0,1,8.444799,-0.160580,6.238768,1.000000,0.000206
1779542756.797659,0,1,8.454787,-0.161069,6.238629,1.000000,0.000206
1779542756.808017,0,1,8.464778,-0.161497,6.239006,1.000000,0.002280
1779542756.817572,0,1,8.474769,-0.161908,6.239311,1.000000,0.002280
1779542756.828048,0,1,8.484762,-0.162286,6.239852,1.000000,0.002280
1779542756.837559,0,1,8.494755,-0.162664,6.240221,1.000000,0.003667
1779542756.848166,0,1,8.504749,-0.163018,6.240788,1.000000,0.003667
1779542756.858333,0,1,8.514742,-0.163377,6.241169,1.000000,0.003667
1779542756.867379,0,1,8.524736,-0.163717,6.241742,1.000000,0.003397
1779542756.877906,0,1,8.534730,-0.164064,6.242126,1.000000,0.003397
1779542756.887566,0,1,8.544725,-0.164392,6.242701,1.000000,0.003397
1779542756.898289,0,1,8.554719,-0.164728,6.243086,1.000000,0.002324
1779542756.907576,0,1,8.564714,-0.165046,6.243661,1.000000,0.002324
1779542756.917791,0,1,8.574709,-0.165372,6.244047,1.000000,0.002324
1779542756.927657,0,1,8.584704,-0.165680,6.244622,1.000000,0.002324
1779542756.937747,0,1,8.594699,-0.165997,6.245008,1.000000,0.001302
1779542756.947767,0,1,8.604695,-0.166295,6.245583,1.000000,0.001302
1779542756.957695,0,1,8.614690,-0.166602,6.245969,1.000000,0.001302
1779542756.967587,0,1,8.624686,-0.166891,6.246544,1.000000,-0.000202
1779542756.977839,0,1,8.634681,-0.167188,6.246929,1.000000,-0.000202
1779542756.987664,0,1,8.644678,-0.167467,6.247505,1.000000,-0.000202
1779542756.997809,0,1,8.654673,-0.167779,6.247644,1.000000,-0.000202
1779542757.007824,0,1,8.664666,-0.168152,6.247268,1.000000,-0.001108
1779542757.017819,0,1,8.674658,-0.168541,6.246962,1.000000,-0.001108
1779542757.027617,0,1,8.684649,-0.168964,6.246422,1.000000,-0.001108
1779542757.037685,0,1,8.694640,-0.169387,6.246052,1.000000,-0.000764
1779542757.048051,0,1,8.704630,-0.169834,6.245485,1.000000,-0.000764
1779542757.057889,0,1,8.714620,-0.170275,6.245104,1.000000,-0.000764
1779542757.068244,0,1,8.724610,-0.170736,6.244531,1.000000,-0.000764
1779542757.077954,0,1,8.734600,-0.171190,6.244147,1.000000,0.001145
1779542757.087893,0,1,8.744588,-0.171663,6.243572,1.000000,0.001145
1779542757.097550,0,1,8.754579,-0.172103,6.243433,1.000000,0.001145
1779542757.107925,0,1,8.764571,-0.172483,6.243810,1.000000,0.001145
1779542757.117606,0,1,8.774565,-0.172846,6.244116,1.000000,0.002748
1779542757.127743,0,1,8.784559,-0.173176,6.244657,1.000000,0.002748
1779542757.137629,0,1,8.794554,-0.173505,6.245026,1.000000,0.002748
1779542757.147450,0,1,8.804549,-0.173811,6.245593,1.000000,0.004327
1779542757.158189,0,1,8.814544,-0.174123,6.245974,1.000000,0.004327
1779542757.168025,0,1,8.824540,-0.174414,6.246547,1.000000,0.004327
1779542757.177961,0,1,8.834536,-0.174713,6.246931,1.000000,0.003960
1779542757.187645,0,1,8.844532,-0.174993,6.247506,1.000000,0.003960
1779542757.198208,0,1,8.854528,-0.175282,6.247891,1.000000,0.003960
1779542757.207816,0,1,8.864524,-0.175551,6.248466,1.000000,0.003651
1779542757.218272,0,1,8.874520,-0.175830,6.248852,1.000000,0.003651
1779542757.227578,0,1,8.884517,-0.176090,6.249427,1.000000,0.002950
1779542757.237870,0,1,8.894513,-0.176358,6.249813,1.000000,0.002950
1779542757.247558,0,1,8.904510,-0.176609,6.250388,1.000000,0.002950
1779542757.257912,0,1,8.914507,-0.176868,6.250774,1.000000,0.002480
1779542757.268162,0,1,8.924504,-0.177108,6.251349,1.000000,0.002480
1779542757.278124,0,1,8.934501,-0.177358,6.251734,1.000000,0.001760
1779542757.288591,0,1,8.944498,-0.177589,6.252310,1.000000,0.001760
1779542757.297850,0,1,8.954495,-0.177828,6.252695,1.000000,0.001760
1779542757.308147,0,1,8.964492,-0.178050,6.253271,1.000000,0.001490
1779542757.317935,0,1,8.974490,-0.178280,6.253656,1.000000,0.001490
1779542757.327829,0,1,8.984488,-0.178492,6.254232,1.000000,0.000748
1779542757.337988,0,1,8.994485,-0.178712,6.254617,1.000000,0.000748
1779542757.347780,0,1,9.004483,-0.178914,6.255193,1.000000,0.000748
1779542757.358066,0,1,9.014481,-0.179125,6.255578,1.000000,0.000003
1779542757.368152,0,1,9.024479,-0.179318,6.256154,1.000000,0.000003
1779542757.377817,0,1,9.034477,-0.179531,6.256416,1.000000,-0.001216
1779542757.387887,0,1,9.044474,-0.179766,6.256516,1.000000,-0.001216
1779542757.398172,0,1,9.054471,-0.180025,6.256433,1.000000,-0.002006
1779542757.407455,0,1,9.064466,-0.180332,6.255974,1.000000,-0.002006
1779542757.417758,0,1,9.074461,-0.180647,6.255637,1.000000,-0.002780
1779542757.427961,0,1,9.084455,-0.180990,6.255083,1.000000,-0.002780
1779542757.438168,0,1,9.094449,-0.181331,6.254708,1.000000,-0.002780
1779542757.447489,0,1,9.104443,-0.181694,6.254138,1.000000,-0.003035
1779542757.458173,0,1,9.114436,-0.182050,6.253755,1.000000,-0.003035
1779542757.467778,0,1,9.124429,-0.182426,6.253181,1.000000,-0.000381
1779542757.478081,0,1,9.134422,-0.182794,6.252797,1.000000,-0.000381
1779542757.488557,0,1,9.144415,-0.183180,6.252222,1.000000,-0.000381
1779542757.497954,0,1,9.154408,-0.183559,6.251836,1.000000,0.000408
1779542757.507387,0,1,9.164400,-0.183955,6.251261,1.000000,0.000408
1779542757.517585,0,1,9.174393,-0.184319,6.251122,1.000000,0.002759
1779542757.527933,0,1,9.184389,-0.184622,6.251499,1.000000,0.002759
1779542757.537519,0,1,9.194385,-0.184909,6.251804,1.000000,0.004021
1779542757.547622,0,1,9.204381,-0.185162,6.252345,1.000000,0.004021
1779542757.557852,0,1,9.214378,-0.185415,6.252714,1.000000,0.004021
1779542757.567590,0,1,9.224375,-0.185644,6.253281,1.000000,0.005207
1779542757.577559,0,1,9.234373,-0.185879,6.253662,1.000000,0.005207
1779542757.587776,0,1,9.244370,-0.186093,6.254235,1.000000,0.004804
1779542757.597967,0,1,9.254368,-0.186315,6.254619,1.000000,0.004804
1779542757.607910,0,1,9.264366,-0.186518,6.255194,1.000000,0.004816
1779542757.617998,0,1,9.274364,-0.186730,6.255579,1.000000,0.004816
1779542757.627527,0,1,9.284362,-0.186923,6.256154,1.000000,0.004816
1779542757.637553,0,1,9.294360,-0.187124,6.256540,1.000000,0.004150
1779542757.647751,0,1,9.304358,-0.187307,6.257115,1.000000,0.004150
1779542757.658096,0,1,9.314356,-0.187499,6.257501,1.000000,0.003750
1779542757.667825,0,1,9.324355,-0.187673,6.258076,1.000000,0.003750
1779542757.678148,0,1,9.334353,-0.187855,6.258462,1.000000,0.003750
1779542757.687816,0,1,9.344352,-0.188018,6.259037,1.000000,0.003746
1779542757.697412,0,1,9.354350,-0.188191,6.259422,1.000000,0.003746
1779542757.707917,0,1,9.364349,-0.188345,6.259998,1.000000,0.002863
1779542757.717624,0,1,9.374348,-0.188508,6.260383,1.000000,0.002863
1779542757.727634,0,1,9.384347,-0.188653,6.260959,1.000000,0.002863
1779542757.737746,0,1,9.394345,-0.188806,6.261344,1.000000,0.002863
1779542757.747882,0,1,9.404345,-0.188941,6.261920,1.000000,0.002321
1779542757.758369,0,1,9.414343,-0.189084,6.262305,1.000000,0.002321
1779542757.767677,0,1,9.424343,-0.189210,6.262881,1.000000,0.001496
1779542757.777960,0,1,9.434342,-0.189344,6.263266,1.000000,0.001496
1779542757.787837,0,1,9.444341,-0.189460,6.263842,1.000000,0.001496
1779542757.798342,0,1,9.454340,-0.189584,6.264227,1.000000,0.001496
1779542757.808050,0,1,9.464340,-0.189690,6.264803,1.000000,0.000926
1779542757.817779,0,1,9.474339,-0.189805,6.265188,1.000000,0.000926
1779542757.827737,0,1,9.484339,-0.189901,6.265764,1.000000,0.000926
1779542757.838201,0,1,9.494338,-0.190007,6.266149,1.000000,-0.000276
1779542757.847989,0,1,9.504338,-0.190094,6.266725,1.000000,-0.000276
1779542757.857974,0,1,9.514337,-0.190213,6.266864,1.000000,-0.000276
1779542757.868335,0,1,9.524335,-0.190394,6.266488,1.000000,-0.001340
1779542757.878225,0,1,9.534333,-0.190591,6.266182,1.000000,-0.001340
1779542757.887944,0,1,9.544331,-0.190822,6.265641,1.000000,-0.001340
1779542757.898117,0,1,9.554328,-0.191053,6.265272,1.000000,-0.002570
1779542757.907545,0,1,9.564325,-0.191307,6.264705,1.000000,-0.002570
1779542757.919736,0,1,9.574322,-0.191556,6.264324,1.000000,-0.002570
1779542757.927700,0,1,9.584318,-0.191826,6.263751,1.000000,-0.002570
1779542757.937686,0,1,9.594315,-0.192087,6.263367,1.000000,-0.001337
1779542757.947473,0,1,9.604311,-0.192368,6.262792,1.000000,-0.001337
1779542757.958158,0,1,9.614307,-0.192640,6.262407,1.000000,-0.001337
1779542757.967914,0,1,9.624303,-0.192931,6.261832,1.000000,0.001802
1779542757.977726,0,1,9.634299,-0.193213,6.261447,1.000000,0.001802
1779542757.987627,0,1,9.644294,-0.193514,6.260871,1.000000,0.001802
1779542757.997911,0,1,9.654291,-0.193782,6.260732,1.000000,0.001802
1779542758.007631,0,1,9.664288,-0.193989,6.261109,1.000000,0.004415
1779542758.017489,0,1,9.674287,-0.194180,6.261414,1.000000,0.004415
1779542758.027841,0,1,9.684285,-0.194337,6.261955,1.000000,0.004415
1779542758.037489,0,1,9.694284,-0.194493,6.262324,1.000000,0.005329
1779542758.047839,0,1,9.704283,-0.194626,6.262891,1.000000,0.005329
1779542758.057627,0,1,9.714282,-0.194765,6.263272,1.000000,0.005329
1779542758.067912,0,1,9.724282,-0.194884,6.263845,1.000000,0.006171
1779542758.078134,0,1,9.734281,-0.195010,6.264229,1.000000,0.006171
1779542758.087754,0,1,9.744280,-0.195117,6.264804,1.000000,0.006171
1779542758.097826,0,1,9.754280,-0.195232,6.265189,1.000000,0.006171
1779542758.108075,0,1,9.764279,-0.195329,6.265764,1.000000,0.006032
1779542758.117927,0,1,9.774278,-0.195434,6.266150,1.000000,0.006032
1779542758.127542,0,1,9.784278,-0.195521,6.266725,1.000000,0.006032
1779542758.137869,0,1,9.794278,-0.195617,6.267111,1.000000,0.005041
1779542758.147713,0,1,9.804277,-0.195694,6.267686,1.000000,0.005041
1779542758.158009,0,1,9.814277,-0.195780,6.268071,1.000000,0.005041
1779542758.167924,0,1,9.824277,-0.195848,6.268647,1.000000,0.004486
1779542758.177951,0,1,9.834276,-0.195924,6.269032,1.000000,0.004486
1779542758.188107,0,1,9.844276,-0.195982,6.269608,1.000000,0.004486
1779542758.198237,0,1,9.854276,-0.196049,6.269993,1.000000,0.004486
1779542758.207785,0,1,9.864276,-0.196098,6.270569,1.000000,0.003990
1779542758.218037,0,1,9.874276,-0.196155,6.270954,1.000000,0.003990
1779542758.228671,0,1,9.884276,-0.196194,6.271530,1.000000,0.003990
1779542758.238142,0,1,9.894276,-0.196241,6.271915,1.000000,0.003990
1779542758.248025,0,1,9.904275,-0.196271,6.272491,1.000000,0.003602
1779542758.258011,0,1,9.914275,-0.196309,6.272876,1.000000,0.003602
1779542758.267743,0,1,9.924275,-0.196328,6.273452,1.000000,0.003602
1779542758.278072,0,1,9.934275,-0.196356,6.273837,1.000000,0.002373
1779542758.288020,0,1,9.944275,-0.196366,6.274413,1.000000,0.002373
1779542758.297942,0,1,9.954275,-0.196385,6.274798,1.000000,0.002373
1779542758.308645,0,1,9.964275,-0.196386,6.275374,1.000000,0.002260
1779542758.317606,0,1,9.974275,-0.196395,6.275759,1.000000,0.002260
1779542758.328217,0,1,9.984275,-0.196386,6.276335,1.000000,0.002260
1779542758.338079,0,1,9.994275,-0.196385,6.276720,1.000000,0.002260
1779542758.347600,0,1,10.004275,-0.196366,6.277296,1.000000,0.000849
1779542758.357899,0,1,10.014275,-0.196356,6.277681,1.000000,0.000849
1779542758.368104,0,1,10.024275,-0.196328,6.278257,1.000000,0.000849
1779542758.377844,0,1,10.034275,-0.196308,6.278642,1.000000,0.000084
1779542758.388497,0,1,10.044275,-0.196270,6.279218,1.000000,0.000084
1779542758.398386,0,1,10.054275,-0.196253,6.279480,1.000000,0.000084
1779542758.407898,0,1,10.064275,-0.196257,6.279580,1.000000,-0.001388
1779542758.418430,0,1,10.074275,-0.196273,6.279620,1.000000,-0.001388
1779542758.428029,0,1,10.084275,-0.196310,6.279514,1.000000,-0.001388
1779542758.438092,0,1,10.094275,-0.196390,6.279046,1.000000,-0.001388
1779542758.447821,0,1,10.104274,-0.196477,6.278705,1.000000,-0.001965
1779542758.457973,0,1,10.114274,-0.196592,6.278149,1.000000,-0.001965
1779542758.467782,0,1,10.124273,-0.196703,6.277773,1.000000,-0.001965
1779542758.477895,0,1,10.134272,-0.196836,6.277202,1.000000,-0.000562
1779542758.488206,0,1,10.144271,-0.196962,6.276819,1.000000,-0.000562
1779542758.497866,0,1,10.154270,-0.197107,6.276245,1.000000,-0.000562
1779542758.507893,0,1,10.164269,-0.197245,6.275861,1.000000,-0.000562
1779542758.517645,0,1,10.174268,-0.197401,6.275286,1.000000,0.002572
1779542758.527599,0,1,10.184267,-0.197548,6.274900,1.000000,0.002572
1779542758.537554,0,1,10.194266,-0.197714,6.274325,1.000000,0.002572
1779542758.547524,0,1,10.204265,-0.197848,6.274186,1.000000,0.002572
1779542758.557471,0,1,10.214264,-0.197921,6.274563,1.000000,0.004991
1779542758.567872,0,1,10.224264,-0.197976,6.274868,1.000000,0.004991
1779542758.577674,0,1,10.234264,-0.197999,6.275409,1.000000,0.004991
1779542758.591172,0,1,10.244264,-0.198021,6.275778,1.000000,0.006467
1779542758.597858,0,1,10.254264,-0.198019,6.276345,1.000000,0.006467
1779542758.608090,0,1,10.264264,-0.198024,6.276726,1.000000,0.006467
1779542758.617517,0,1,10.274264,-0.198007,6.277299,1.000000,0.006467
1779542758.628242,0,1,10.284264,-0.197999,6.277683,1.000000,0.006615
1779542758.637578,0,1,10.294264,-0.197971,6.278258,1.000000,0.006615
1779542758.647684,0,1,10.304264,-0.197952,6.278643,1.000000,0.006615
1779542758.658005,0,1,10.314264,-0.197915,6.279218,1.000000,0.006615
1779542758.667825,0,1,10.324264,-0.197886,6.279604,1.000000,0.006619
1779542758.677644,0,1,10.334264,-0.197838,6.280179,1.000000,0.006619
1779542758.688509,0,1,10.344264,-0.197799,6.280565,1.000000,0.006619
1779542758.697905,0,1,10.354264,-0.197742,6.281140,1.000000,0.005594
1779542758.707728,0,1,10.364263,-0.197693,6.281525,1.000000,0.005594
1779542758.717615,0,1,10.374263,-0.197627,6.282101,1.000000,0.005594
1779542758.727759,0,1,10.384263,-0.197568,6.282486,1.000000,0.005138
1779542758.738096,0,1,10.394263,-0.197492,6.283062,1.000000,0.005138
1779542758.747959,0,1,10.404262,-0.197424,0.000262,1.000000,0.005138
1779542758.758341,0,1,10.414262,-0.197338,0.000838,1.000000,0.005138
1779542758.768279,0,1,10.424262,-0.197261,0.001223,1.000000,0.004755
1779542758.777764,0,1,10.434261,-0.197165,0.001799,1.000000,0.004755
1779542758.787502,0,1,10.444261,-0.197078,0.002184,1.000000,0.004755
1779542758.797807,0,1,10.454260,-0.196973,0.002760,1.000000,0.003821
1779542758.807742,0,1,10.464260,-0.196876,0.003145,1.000000,0.003821
1779542758.817962,0,1,10.474259,-0.196761,0.003721,1.000000,0.003821
1779542758.828124,0,1,10.484259,-0.196655,0.004106,1.000000,0.003821
1779542758.837814,0,1,10.494258,-0.196531,0.004682,1.000000,0.003658
1779542758.848134,0,1,10.504257,-0.196415,0.005067,1.000000,0.003658
1779542758.858457,0,1,10.514256,-0.196281,0.005643,1.000000,0.003658
1779542758.868013,0,1,10.524256,-0.196155,0.006028,1.000000,0.002284
1779542758.878013,0,1,10.534254,-0.196012,0.006604,1.000000,0.002284
1779542758.887799,0,1,10.544254,-0.195877,0.006989,1.000000,0.002284
1779542758.897900,0,1,10.554252,-0.195723,0.007565,1.000000,0.001292
1779542758.908700,0,1,10.564251,-0.195579,0.007950,1.000000,0.001292
1779542758.917672,0,1,10.574250,-0.195416,0.008526,1.000000,0.001292
1779542758.927957,0,1,10.584249,-0.195261,0.008911,1.000000,0.000142
1779542758.937876,0,1,10.594247,-0.195089,0.009487,1.000000,0.000142
1779542758.947922,0,1,10.604246,-0.194925,0.009872,1.000000,0.000142
1779542758.957784,0,1,10.614244,-0.194743,0.010448,1.000000,0.000142
1779542758.967951,0,1,10.624243,-0.194569,0.010833,1.000000,0.001245
1779542758.977797,0,1,10.634241,-0.194377,0.011409,1.000000,0.001245
1779542758.987804,0,1,10.644239,-0.194194,0.011794,1.000000,0.001245
1779542758.997559,0,1,10.654237,-0.193993,0.012370,1.000000,0.001245
1779542759.008153,0,1,10.664235,-0.193800,0.012755,1.000000,0.001506
1779542759.017577,0,1,10.674233,-0.193589,0.013331,1.000000,0.001506
1779542759.027792,0,1,10.684231,-0.193387,0.013716,1.000000,0.001506
1779542759.038420,0,1,10.694229,-0.193166,0.014292,1.000000,0.000756
1779542759.048279,0,1,10.704226,-0.192955,0.014677,1.000000,0.000756
1779542759.057784,0,1,10.714224,-0.192724,0.015253,1.000000,0.000756
1779542759.068095,0,1,10.724221,-0.192503,0.015638,1.000000,0.000490
1779542759.078222,0,1,10.734218,-0.192263,0.016214,1.000000,0.000490
1779542759.087976,0,1,10.744216,-0.192032,0.016599,1.000000,0.000490
1779542759.098384,0,1,10.754213,-0.191783,0.017175,1.000000,0.000490
1779542759.107724,0,1,10.764210,-0.191542,0.017560,1.000000,0.000052
1779542759.117868,0,1,10.774206,-0.191283,0.018136,1.000000,0.000052
1779542759.127520,0,1,10.784203,-0.191044,0.018398,1.000000,0.000052
1779542759.137674,0,1,10.794201,-0.190827,0.018497,1.000000,0.000052
1779542759.147528,0,1,10.804199,-0.190623,0.018537,1.000000,-0.000121
1779542759.157609,0,1,10.814197,-0.190426,0.018555,1.000000,-0.000121
1779542759.167762,0,1,10.824195,-0.190246,0.018440,1.000000,-0.000121
1779542759.178894,0,1,10.834195,-0.190108,0.017968,1.000000,-0.001217
1779542759.187718,0,1,10.844194,-0.189976,0.017625,1.000000,-0.001217
1779542759.197734,0,1,10.854193,-0.189870,0.017068,1.000000,-0.001217
1779542759.207449,0,1,10.864192,-0.189761,0.016691,1.000000,-0.001217
1779542759.218208,0,1,10.874192,-0.189673,0.016120,1.000000,-0.000213
1779542759.227716,0,1,10.884192,-0.189578,0.015737,1.000000,-0.000213
1779542759.237976,0,1,10.894191,-0.189503,0.015163,1.000000,-0.000213
1779542759.247584,0,1,10.904191,-0.189419,0.014778,1.000000,0.000606
1779542759.257802,0,1,10.914191,-0.189354,0.014203,1.000000,0.000606
1779542759.268168,0,1,10.924190,-0.189257,0.014064,1.000000,0.000606
1779542759.277451,0,1,10.934189,-0.189099,0.014441,1.000000,0.000606
1779542759.288608,0,1,10.944187,-0.188924,0.014747,1.000000,0.003317
1779542759.297785,0,1,10.954185,-0.188716,0.015287,1.000000,0.003317
1779542759.307987,0,1,10.964183,-0.188507,0.015657,1.000000,0.003317
1779542759.318042,0,1,10.974180,-0.188275,0.016224,1.000000,0.003317
1779542759.327991,0,1,10.984178,-0.188049,0.016605,1.000000,0.005771
1779542759.337877,0,1,10.994175,-0.187802,0.017178,1.000000,0.005771
1779542759.347437,0,1,11.004172,-0.187563,0.017562,1.000000,0.005771
1779542759.358438,0,1,11.014169,-0.187305,0.018137,1.000000,0.004805
1779542759.367946,0,1,11.024165,-0.187055,0.018522,1.000000,0.004805
1779542759.378194,0,1,11.034162,-0.186787,0.019097,1.000000,0.004805
1779542759.387341,0,1,11.044158,-0.186527,0.019482,1.000000,0.003761
1779542759.397490,0,1,11.054155,-0.186249,0.020058,1.000000,0.003761
1779542759.408195,0,1,11.064151,-0.185979,0.020443,1.000000,0.003761
1779542759.417544,0,1,11.074147,-0.185692,0.021019,1.000000,0.003761
1779542759.427985,0,1,11.084143,-0.185412,0.021404,1.000000,0.003158
1779542759.438164,0,1,11.094138,-0.185115,0.021980,1.000000,0.003158
1779542759.447463,0,1,11.104134,-0.184826,0.022365,1.000000,0.003158
1779542759.457510,0,1,11.114130,-0.184519,0.022941,1.000000,0.003158
1779542759.467837,0,1,11.124125,-0.184221,0.023326,1.000000,0.003520
1779542759.477966,0,1,11.134120,-0.183904,0.023902,1.000000,0.003520
1779542759.487879,0,1,11.144115,-0.183596,0.024287,1.000000,0.003520
1779542759.497583,0,1,11.154110,-0.183270,0.024863,1.000000,0.002575
1779542759.508175,0,1,11.164105,-0.182952,0.025248,1.000000,0.002575
1779542759.517903,0,1,11.174099,-0.182617,0.025824,1.000000,0.002575
1779542759.527759,0,1,11.184094,-0.182289,0.026209,1.000000,0.002575
1779542759.537481,0,1,11.194088,-0.181944,0.026785,1.000000,0.002975
1779542759.547808,0,1,11.204082,-0.181607,0.027170,1.000000,0.002975
1779542759.558089,0,1,11.214076,-0.181252,0.027746,1.000000,0.002975
1779542759.567864,0,1,11.224070,-0.180906,0.028131,1.000000,0.002975
1779542759.577749,0,1,11.234063,-0.180541,0.028707,1.000000,0.002758
1779542759.587962,0,1,11.244057,-0.180185,0.029092,1.000000,0.002758
1779542759.597872,0,1,11.254050,-0.179811,0.029668,1.000000,0.002758
1779542759.607619,0,1,11.264043,-0.179445,0.030053,1.000000,0.002723
1779542759.618084,0,1,11.274036,-0.179061,0.030629,1.000000,0.002723
1779542759.627782,0,1,11.284029,-0.178686,0.031014,1.000000,0.002723
1779542759.637997,0,1,11.294021,-0.178293,0.031590,1.000000,0.002723
1779542759.647489,0,1,11.304014,-0.177908,0.031975,1.000000,0.002677
1779542759.657574,0,1,11.314006,-0.177505,0.032551,1.000000,0.002677
1779542759.667870,0,1,11.323998,-0.177110,0.032936,1.000000,0.002677
1779542759.679032,0,1,11.333989,-0.176698,0.033512,1.000000,0.001564
1779542759.688596,0,1,11.343981,-0.176294,0.033897,1.000000,0.001564
1779542759.697912,0,1,11.353972,-0.175871,0.034473,1.000000,0.001564
1779542759.707916,0,1,11.363964,-0.175458,0.034858,1.000000,0.001564
1779542759.717822,0,1,11.373954,-0.175026,0.035434,1.000000,0.001407
1779542759.727603,0,1,11.383945,-0.174603,0.035819,1.000000,0.001407
1779542759.737706,0,1,11.393936,-0.174161,0.036395,1.000000,0.001407
1779542759.748003,0,1,11.403926,-0.173728,0.036780,1.000000,0.001407
1779542759.757899,0,1,11.413916,-0.173277,0.037356,1.000000,0.001142
1779542759.768085,0,1,11.423906,-0.172835,0.037741,1.000000,0.001142
1779542759.777909,0,1,11.433896,-0.172374,0.038317,1.000000,0.001142
1779542759.787668,0,1,11.443885,-0.171922,0.038702,1.000000,-0.000036
1779542759.798113,0,1,11.453874,-0.171452,0.039278,1.000000,-0.000036
1779542759.808080,0,1,11.463864,-0.171002,0.039540,1.000000,-0.000036
1779542759.817937,0,1,11.473855,-0.170574,0.039639,1.000000,-0.000036
1779542759.827534,0,1,11.483846,-0.170158,0.039679,1.000000,-0.000170
1779542759.838040,0,1,11.493838,-0.169750,0.039697,1.000000,-0.000170
1779542759.847855,0,1,11.503830,-0.169358,0.039582,1.000000,-0.000170
1779542759.857578,0,1,11.513824,-0.169009,0.039110,1.000000,-0.001133
1779542759.867630,0,1,11.523818,-0.168665,0.038767,1.000000,-0.001133
1779542759.877668,0,1,11.533813,-0.168349,0.038210,1.000000,-0.001133
1779542759.887706,0,1,11.543808,-0.168028,0.037833,1.000000,-0.001203
1779542759.897690,0,1,11.553804,-0.167729,0.037262,1.000000,-0.001203
1779542759.908085,0,1,11.563799,-0.167422,0.036879,1.000000,-0.001203
1779542759.920636,0,1,11.573795,-0.167136,0.036305,1.000000,-0.000363
1779542759.932139,0,1,11.583790,-0.166841,0.035920,1.000000,-0.000363
1779542759.937881,0,1,11.593787,-0.166564,0.035345,1.000000,-0.000363
1779542759.948154,0,1,11.603783,-0.166280,0.034960,1.000000,-0.000363
1779542759.958005,0,1,11.613779,-0.166013,0.034385,1.000000,0.003873
1779542759.967634,0,1,11.623775,-0.165738,0.033999,1.000000,0.003873
1779542759.977993,0,1,11.633772,-0.165482,0.033424,1.000000,0.003873
1779542759.987882,0,1,11.643768,-0.165193,0.033285,1.000000,0.006223
1779542759.998808,0,1,11.653762,-0.164843,0.033661,1.000000,0.006223
1779542760.007716,0,1,11.663755,-0.164476,0.033967,1.000000,0.006223
1779542760.017738,0,1,11.673747,-0.164075,0.034508,1.000000,0.006223
1779542760.027693,0,1,11.683739,-0.163675,0.034877,1.000000,0.009099
1779542760.038039,0,1,11.693730,-0.163251,0.035444,1.000000,0.009099
1779542760.048015,0,1,11.703721,-0.162832,0.035825,1.000000,0.009099
1779542760.057808,0,1,11.713711,-0.162393,0.036398,1.000000,0.009099
1779542760.067694,0,1,11.723702,-0.161962,0.036782,1.000000,0.009584
1779542760.077528,0,1,11.733692,-0.161512,0.037357,1.000000,0.009584
1779542760.087563,0,1,11.743682,-0.161070,0.037742,1.000000,0.009584
1779542760.097796,0,1,11.753672,-0.160610,0.038317,1.000000,0.009584
1779542760.107721,0,1,11.763661,-0.160158,0.038702,1.000000,0.009564
1779542760.118158,0,1,11.773650,-0.159688,0.039278,1.000000,0.009564
1779542760.127997,0,1,11.783640,-0.159226,0.039663,1.000000,0.009564
1779542760.137945,0,1,11.793628,-0.158746,0.040239,1.000000,0.008778
1779542760.148012,0,1,11.803617,-0.158275,0.040624,1.000000,0.008778
1779542760.157903,0,1,11.813605,-0.157786,0.041200,1.000000,0.008778
1779542760.167717,0,1,11.823593,-0.157305,0.041585,1.000000,0.008778
1779542760.178007,0,1,11.833581,-0.156806,0.042161,1.000000,0.008615
1779542760.187756,0,1,11.843569,-0.156315,0.042546,1.000000,0.008615
1779542760.198232,0,1,11.853556,-0.155807,0.043122,1.000000,0.008615
1779542760.207864,0,1,11.863543,-0.155307,0.043507,1.000000,0.008615
1779542760.217602,0,1,11.873530,-0.154788,0.044083,1.000000,0.008762
1779542760.227864,0,1,11.883517,-0.154279,0.044468,1.000000,0.008762
1779542760.238187,0,1,11.893503,-0.153751,0.045044,1.000000,0.008762
1779542760.247851,0,1,11.903490,-0.153232,0.045429,1.000000,0.008762
1779542760.257903,0,1,11.913475,-0.152694,0.046005,1.000000,0.008785
1779542760.267982,0,1,11.923461,-0.152165,0.046390,1.000000,0.008785
1779542760.277623,0,1,11.933446,-0.151618,0.046966,1.000000,0.008785
1779542760.287987,0,1,11.943432,-0.151080,0.047351,1.000000,0.007823
1779542760.298047,0,1,11.953416,-0.150523,0.047927,1.000000,0.007823
1779542760.307577,0,1,11.963401,-0.149975,0.048312,1.000000,0.007823
1779542760.318005,0,1,11.973385,-0.149409,0.048888,1.000000,0.007806
1779542760.327389,0,1,11.983369,-0.148851,0.049273,1.000000,0.007806
1779542760.337895,0,1,11.993353,-0.148275,0.049849,1.000000,0.007806
1779542760.347836,0,1,12.003337,-0.147708,0.050234,1.000000,0.006806
1779542760.358005,0,1,12.013320,-0.147123,0.050810,1.000000,0.006806
1779542760.368295,0,1,12.023303,-0.146546,0.051195,1.000000,0.006806
1779542760.378141,0,1,12.033285,-0.145951,0.051771,1.000000,0.005981
1779542760.388138,0,1,12.043268,-0.145365,0.052156,1.000000,0.005981
1779542760.398951,0,1,12.053250,-0.144760,0.052732,1.000000,0.005981
1779542760.407672,0,1,12.063232,-0.144164,0.053117,1.000000,0.005981
1779542760.417818,0,1,12.073213,-0.143550,0.053693,1.000000,0.004720
1779542760.427851,0,1,12.083195,-0.142944,0.054078,1.000000,0.004720
1779542760.438174,0,1,12.093175,-0.142320,0.054654,1.000000,0.004720
1779542760.447965,0,1,12.103156,-0.141705,0.055039,1.000000,0.004720
1779542760.458028,0,1,12.113136,-0.141072,0.055615,1.000000,0.006366
1779542760.467455,0,1,12.123117,-0.140447,0.056000,1.000000,0.006366
1779542760.477733,0,1,12.133096,-0.139804,0.056576,1.000000,0.006366
1779542760.487741,0,1,12.143076,-0.139170,0.056961,1.000000,0.005342
1779542760.498449,0,1,12.153054,-0.138517,0.057537,1.000000,0.005342
1779542760.507671,0,1,12.163034,-0.137873,0.057922,1.000000,0.005342
1779542760.517751,0,1,12.173012,-0.137211,0.058498,1.000000,0.005342
1779542760.527520,0,1,12.182990,-0.136558,0.058883,1.000000,0.006025
1779542760.537986,0,1,12.192968,-0.135886,0.059459,1.000000,0.006025
1779542760.547657,0,1,12.202946,-0.135223,0.059844,1.000000,0.006025
1779542760.557803,0,1,12.212922,-0.134541,0.060420,1.000000,0.006025
1779542760.567911,0,1,12.222900,-0.133869,0.060805,1.000000,0.005973
1779542760.577725,0,1,12.232876,-0.133178,0.061381,1.000000,0.005973
1779542760.587770,0,1,12.242853,-0.132495,0.061766,1.000000,0.005973
1779542760.598252,0,1,12.252828,-0.131795,0.062342,1.000000,0.005973
1779542760.607771,0,1,12.262804,-0.131103,0.062727,1.000000,0.005968
1779542760.618513,0,1,12.272779,-0.130393,0.063303,1.000000,0.005968
1779542760.627985,0,1,12.282754,-0.129691,0.063688,1.000000,0.005968
1779542760.637934,0,1,12.292728,-0.128972,0.064264,1.000000,0.005102
1779542760.647891,0,1,12.302703,-0.128261,0.064649,1.000000,0.005102
1779542760.658222,0,1,12.312676,-0.127531,0.065225,1.000000,0.005102
1779542760.667968,0,1,12.322650,-0.126811,0.065610,1.000000,0.005102
1779542760.677799,0,1,12.332623,-0.126072,0.066186,1.000000,0.005102
1779542760.688708,0,1,12.342596,-0.125342,0.066571,1.000000,0.005053
1779542760.697538,0,1,12.352568,-0.124593,0.067147,1.000000,0.005053
1779542760.707464,0,1,12.362541,-0.123853,0.067532,1.000000,0.005053
1779542760.718160,0,1,12.372512,-0.123095,0.068108,1.000000,0.005076
1779542760.727547,0,1,12.382484,-0.122346,0.068493,1.000000,0.005076
1779542760.737890,0,1,12.392454,-0.121578,0.069069,1.000000,0.005076
1779542760.747828,0,1,12.402426,-0.120819,0.069454,1.000000,0.005076
1779542760.758423,0,1,12.412395,-0.120042,0.070030,1.000000,0.005111
1779542760.767993,0,1,12.422366,-0.119274,0.070415,1.000000,0.005111
1779542760.778009,0,1,12.432335,-0.118487,0.070991,1.000000,0.005111
1779542760.788037,0,1,12.442304,-0.117709,0.071376,1.000000,0.004092
1779542760.798220,0,1,12.452273,-0.116912,0.071952,1.000000,0.004092
1779542760.808305,0,1,12.462242,-0.116125,0.072337,1.000000,0.004092
1779542760.817644,0,1,12.472209,-0.115319,0.072913,1.000000,0.004092
1779542760.827996,0,1,12.482177,-0.114522,0.073298,1.000000,0.004023
1779542760.837991,0,1,12.492144,-0.113706,0.073874,1.000000,0.004023
1779542760.847966,0,1,12.502111,-0.112899,0.074259,1.000000,0.004023
1779542760.857524,0,1,12.512077,-0.112074,0.074835,1.000000,0.003108
1779542760.868201,0,1,12.522044,-0.111258,0.075220,1.000000,0.003108
1779542760.877430,0,1,12.532009,-0.110423,0.075796,1.000000,0.003108
1779542760.888689,0,1,12.541975,-0.109597,0.076181,1.000000,0.003108
1779542760.897760,0,1,12.551939,-0.108753,0.076757,1.000000,0.002032
1779542760.907588,0,1,12.561904,-0.107917,0.077142,1.000000,0.002032
1779542760.918274,0,1,12.571867,-0.107063,0.077718,1.000000,0.002032
1779542760.927803,0,1,12.581832,-0.106218,0.078103,1.000000,0.000663
1779542760.937953,0,1,12.591794,-0.105355,0.078679,1.000000,0.000663
1779542760.947907,0,1,12.601758,-0.104500,0.079064,1.000000,0.000663
1779542760.957677,0,1,12.611720,-0.103627,0.079640,1.000000,0.000663
1779542760.967936,0,1,12.621682,-0.102763,0.080025,1.000000,0.000481
1779542760.978025,0,1,12.631643,-0.101880,0.080601,1.000000,0.000481
1779542760.987834,0,1,12.641605,-0.101006,0.080986,1.000000,0.000481
1779542760.997509,0,1,12.651565,-0.100114,0.081562,1.000000,0.000481
1779542761.007557,0,1,12.661526,-0.099231,0.081947,1.000000,0.004069
1779542761.017817,0,1,12.671485,-0.098329,0.082523,1.000000,0.004069
1779542761.027598,0,1,12.681445,-0.097436,0.082908,1.000000,0.004069
1779542761.037733,0,1,12.691404,-0.096525,0.083484,1.000000,0.002850
1779542761.047679,0,1,12.701363,-0.095622,0.083869,1.000000,0.002850
1779542761.057692,0,1,12.711320,-0.094701,0.084445,1.000000,0.002850
1779542761.067362,0,1,12.721279,-0.093789,0.084830,1.000000,0.002863
1779542761.077881,0,1,12.731235,-0.092859,0.085406,1.000000,0.002863
1779542761.087627,0,1,12.741193,-0.091937,0.085791,1.000000,0.002863
1779542761.097831,0,1,12.751148,-0.090997,0.086367,1.000000,0.002863
1779542761.107637,0,1,12.761105,-0.090066,0.086752,1.000000,0.002955
1779542761.117749,0,1,12.771060,-0.089116,0.087328,1.000000,0.002955
1779542761.127911,0,1,12.781015,-0.088175,0.087713,1.000000,0.002955
1779542761.138014,0,1,12.790969,-0.087216,0.088289,1.000000,0.002010
1779542761.147315,0,1,12.800924,-0.086266,0.088674,1.000000,0.002010
1779542761.157672,0,1,12.810877,-0.085297,0.089250,1.000000,0.002010
1779542761.167370,0,1,12.820831,-0.084337,0.089635,1.000000,0.002010
1779542761.177836,0,1,12.830783,-0.083359,0.090211,1.000000,0.002424
1779542761.187764,0,1,12.840736,-0.082389,0.090596,1.000000,0.002424
1779542761.197558,0,1,12.850687,-0.081401,0.091172,1.000000,0.002424
1779542761.207441,0,1,12.860639,-0.080422,0.091557,1.000000,0.002394
1779542761.217644,0,1,12.870589,-0.079425,0.092133,1.000000,0.002394
1779542761.227899,0,1,12.880540,-0.078436,0.092518,1.000000,0.002394
1779542761.237874,0,1,12.890489,-0.077429,0.093094,1.000000,0.002394
1779542761.247560,0,1,12.900439,-0.076431,0.093479,1.000000,0.002691
1779542761.257711,0,1,12.910387,-0.075414,0.094055,1.000000,0.002691
1779542761.267761,0,1,12.920336,-0.074407,0.094440,1.000000,0.002691
1779542761.277898,0,1,12.930283,-0.073381,0.095016,1.000000,0.001805
1779542761.287941,0,1,12.940232,-0.072363,0.095401,1.000000,0.001805
1779542761.297930,0,1,12.950178,-0.071328,0.095977,1.000000,0.001805
1779542761.307910,0,1,12.960125,-0.070301,0.096362,1.000000,0.001881
1779542761.317981,0,1,12.970070,-0.069255,0.096938,1.000000,0.001881
1779542761.327736,0,1,12.980016,-0.068219,0.097323,1.000000,0.001881
1779542761.337686,0,1,12.989960,-0.067164,0.097899,1.000000,0.000923
1779542761.347910,0,1,12.999906,-0.066118,0.098284,1.000000,0.000923
1779542761.357947,0,1,13.009849,-0.065054,0.098860,1.000000,0.000923
1779542761.367758,0,1,13.019793,-0.063998,0.099245,1.000000,0.000923
1779542761.377751,0,1,13.029735,-0.062924,0.099821,1.000000,-0.000194
1779542761.387556,0,1,13.039678,-0.061859,0.100206,1.000000,-0.000194
1779542761.397694,0,1,13.049619,-0.060776,0.100782,1.000000,-0.000194
1779542761.407765,0,1,13.059564,-0.059725,0.100921,1.000000,-0.001213
1779542761.418014,0,1,13.069515,-0.058735,0.100544,1.000000,-0.001213
1779542761.427890,0,1,13.079467,-0.057761,0.100239,1.000000,-0.001213
1779542761.437604,0,1,13.089423,-0.056821,0.099698,1.000000,0.002290
1779542761.447667,0,1,13.099379,-0.055881,0.099329,1.000000,0.002290
1779542761.457721,0,1,13.109337,-0.054964,0.098762,1.000000,0.002290
1779542761.467957,0,1,13.119292,-0.054019,0.098627,1.000000,0.002290
1779542761.477980,0,1,13.129241,-0.053014,0.099006,1.000000,0.001765
1779542761.488821,0,1,13.139189,-0.051994,0.099313,1.000000,0.001765
1779542761.497970,0,1,13.149133,-0.050941,0.099854,1.000000,0.001765
1779542761.507667,0,1,13.159078,-0.049888,0.100224,1.000000,0.004776
1779542761.518052,0,1,13.169020,-0.048812,0.100791,1.000000,0.004776
1779542761.527522,0,1,13.178962,-0.047742,0.101173,1.000000,0.004776
1779542761.537985,0,1,13.188903,-0.046651,0.101746,1.000000,0.004776
1779542761.547817,0,1,13.198844,-0.045569,0.102130,1.000000,0.005740
1779542761.557868,0,1,13.208783,-0.044467,0.102705,1.000000,0.005740
1779542761.567859,0,1,13.218723,-0.043374,0.103090,1.000000,0.005740
1779542761.577979,0,1,13.228661,-0.042262,0.103665,1.000000,0.004745
1779542761.587839,0,1,13.238600,-0.041159,0.104050,1.000000,0.004745
1779542761.597887,0,1,13.248537,-0.040037,0.104626,1.000000,0.004745
1779542761.607864,0,1,13.258475,-0.038924,0.105011,1.000000,0.004745
1779542761.618018,0,1,13.268411,-0.037793,0.105587,1.000000,0.004886
1779542761.628539,0,1,13.278347,-0.036671,0.105972,1.000000,0.004886
1779542761.637758,0,1,13.288282,-0.035530,0.106548,1.000000,0.004886
1779542761.648047,0,1,13.298218,-0.034398,0.106933,1.000000,0.004886
1779542761.657588,0,1,13.308151,-0.033248,0.107509,1.000000,0.005090
1779542761.667851,0,1,13.318086,-0.032106,0.107894,1.000000,0.005090
1779542761.677484,0,1,13.328019,-0.030946,0.108470,1.000000,0.005090
1779542761.687937,0,1,13.337952,-0.029795,0.108855,1.000000,0.004054
1779542761.697582,0,1,13.347883,-0.028626,0.109431,1.000000,0.004054
1779542761.707814,0,1,13.357816,-0.027465,0.109816,1.000000,0.004054
1779542761.717908,0,1,13.367746,-0.026286,0.110392,1.000000,0.004054
1779542761.727331,0,1,13.377677,-0.025116,0.110777,1.000000,0.004200
1779542761.737618,0,1,13.387607,-0.023928,0.111353,1.000000,0.004200
1779542761.747796,0,1,13.397537,-0.022748,0.111738,1.000000,0.004200
1779542761.757849,0,1,13.407465,-0.021550,0.112314,1.000000,0.004782
1779542761.767814,0,1,13.417394,-0.020361,0.112699,1.000000,0.004782
1779542761.777764,0,1,13.427321,-0.019153,0.113275,1.000000,0.004114
1779542761.787456,0,1,13.437248,-0.017954,0.113660,1.000000,0.004114
1779542761.797864,0,1,13.447174,-0.016737,0.114236,1.000000,0.004114
1779542761.807391,0,1,13.457101,-0.015529,0.114621,1.000000,0.004648
1779542761.817841,0,1,13.467025,-0.014302,0.115197,1.000000,0.004648
1779542761.828265,0,1,13.476951,-0.013085,0.115582,1.000000,0.003985
1779542761.838111,0,1,13.486874,-0.011848,0.116158,1.000000,0.003985
1779542761.848140,0,1,13.496798,-0.010621,0.116543,1.000000,0.003375
1779542761.858301,0,1,13.506721,-0.009375,0.117119,1.000000,0.003375
1779542761.867609,0,1,13.516644,-0.008138,0.117504,1.000000,0.003375
1779542761.877703,0,1,13.526565,-0.006883,0.118080,1.000000,0.002459
1779542761.887679,0,1,13.536487,-0.005637,0.118465,1.000000,0.002459
1779542761.898045,0,1,13.546406,-0.004372,0.119041,1.000000,0.001768
1779542761.907959,0,1,13.556327,-0.003116,0.119426,1.000000,0.001768
1779542761.918071,0,1,13.566246,-0.001842,0.120002,1.000000,0.001114
1779542761.928117,0,1,13.576165,-0.000576,0.120387,1.000000,0.001114
1779542761.938332,0,1,13.586082,0.000708,0.120963,1.000000,0.001114
1779542761.947746,0,1,13.596001,0.001983,0.121348,1.000000,0.000027
1779542761.957951,0,1,13.605917,0.003276,0.121924,1.000000,0.000027
1779542761.967868,0,1,13.615836,0.004549,0.122186,1.000000,0.000027
1779542761.977737,0,1,13.625757,0.005801,0.122285,1.000000,-0.000707
1779542761.987842,0,1,13.635680,0.007040,0.122325,1.000000,-0.000707
1779542761.997443,0,1,13.645605,0.008259,0.122220,1.000000,-0.000411
1779542762.008065,0,1,13.655536,0.009435,0.121752,1.000000,-0.000411
1779542762.017931,0,1,13.665467,0.010604,0.121410,1.000000,-0.000411
1779542762.028354,0,1,13.675402,0.011746,0.120855,1.000000,0.003611
1779542762.038036,0,1,13.685336,0.012891,0.120479,1.000000,0.003611
1779542762.047684,0,1,13.695273,0.014015,0.119908,1.000000,0.003611
1779542762.057480,0,1,13.705206,0.015169,0.119771,1.000000,0.003796
1779542762.067871,0,1,13.715132,0.016383,0.120149,1.000000,0.003796
1779542762.078099,0,1,13.725056,0.017613,0.120455,1.000000,0.007382
1779542762.087712,0,1,13.734976,0.018875,0.120997,1.000000,0.007382
1779542762.097795,0,1,13.744896,0.020138,0.121366,1.000000,0.008375
1779542762.107536,0,1,13.754813,0.021423,0.121934,1.000000,0.008375
1779542762.117932,0,1,13.764731,0.022704,0.122315,1.000000,0.008375
1779542762.127796,0,1,13.774646,0.024004,0.122888,1.000000,0.009604
1779542762.137720,0,1,13.784562,0.025296,0.123272,1.000000,0.009604
1779542762.147803,0,1,13.794475,0.026608,0.123847,1.000000,0.009101
1779542762.158537,0,1,13.804390,0.027911,0.124232,1.000000,0.009101
1779542762.167866,0,1,13.814302,0.029233,0.124807,1.000000,0.010137
1779542762.177944,0,1,13.824216,0.030546,0.125192,1.000000,0.010137
1779542762.187781,0,1,13.834127,0.031877,0.125768,1.000000,0.010137
1779542762.197831,0,1,13.844039,0.033200,0.126153,1.000000,0.011104
1779542762.207834,0,1,13.853949,0.034541,0.126729,1.000000,0.011104
1779542762.217607,0,1,13.863859,0.035873,0.127114,1.000000,0.010373
1779542762.228006,0,1,13.873768,0.037223,0.127690,1.000000,0.010373
1779542762.237770,0,1,13.883677,0.038565,0.128075,1.000000,0.009846
1779542762.247776,0,1,13.893585,0.039925,0.128651,1.000000,0.009846
1779542762.257808,0,1,13.903493,0.041277,0.129036,1.000000,0.009846
1779542762.267951,0,1,13.913399,0.042646,0.129612,1.000000,0.010615
1779542762.277806,0,1,13.923306,0.044007,0.129997,1.000000,0.010615
1779542762.287701,0,1,13.933210,0.045386,0.130573,1.000000,0.012115
1779542762.298118,0,1,13.943116,0.046756,0.130958,1.000000,0.012115
1779542762.307741,0,1,13.953019,0.048145,0.131534,1.000000,0.012115
1779542762.318306,0,1,13.962923,0.049525,0.131919,1.000000,0.010875
1779542762.328002,0,1,13.972825,0.050923,0.132495,1.000000,0.010875
1779542762.337819,0,1,13.982728,0.052312,0.132880,1.000000,0.010360
1779542762.347778,0,1,13.992628,0.053720,0.133456,1.000000,0.010360
1779542762.357515,0,1,14.002530,0.055119,0.133841,1.000000,0.010360
1779542762.367638,0,1,14.012429,0.056536,0.134417,1.000000,0.009646
1779542762.377408,0,1,14.022329,0.057944,0.134802,1.000000,0.009646
1779542762.387983,0,1,14.032227,0.059371,0.135378,1.000000,0.009089
1779542762.398172,0,1,14.042126,0.060789,0.135763,1.000000,0.009089
1779542762.408163,0,1,14.052022,0.062225,0.136339,1.000000,0.009089
1779542762.417484,0,1,14.061920,0.063652,0.136724,1.000000,0.008540
1779542762.427333,0,1,14.071815,0.065098,0.137300,1.000000,0.008540
1779542762.437870,0,1,14.081711,0.066535,0.137685,1.000000,0.008540
1779542762.448010,0,1,14.091605,0.067990,0.138261,1.000000,0.008479
1779542762.457934,0,1,14.101499,0.069437,0.138646,1.000000,0.008479
1779542762.467946,0,1,14.111392,0.070901,0.139222,1.000000,0.011013
1779542762.477534,0,1,14.121285,0.072357,0.139607,1.000000,0.011013
1779542762.487635,0,1,14.131176,0.073831,0.140183,1.000000,0.011013
1779542762.497784,0,1,14.141068,0.075297,0.140568,1.000000,0.013061
1779542762.507772,0,1,14.150957,0.076781,0.141144,1.000000,0.013061
1779542762.517948,0,1,14.160848,0.078256,0.141529,1.000000,0.012363
1779542762.527777,0,1,14.170736,0.079749,0.142105,1.000000,0.012363
1779542762.538175,0,1,14.180625,0.081233,0.142490,1.000000,0.012363
1779542762.547867,0,1,14.190511,0.082736,0.143066,1.000000,0.013664
1779542762.557834,0,1,14.200399,0.084230,0.143451,1.000000,0.013664
1779542762.567766,0,1,14.210284,0.085742,0.144027,1.000000,0.012963
1779542762.577950,0,1,14.220170,0.087246,0.144412,1.000000,0.012963
1779542762.587903,0,1,14.230054,0.088767,0.144988,1.000000,0.012963
1779542762.597953,0,1,14.239939,0.090280,0.145373,1.000000,0.014644
1779542762.607866,0,1,14.249821,0.091811,0.145949,1.000000,0.014644
1779542762.617929,0,1,14.259704,0.093334,0.146334,1.000000,0.013737
1779542762.627563,0,1,14.269585,0.094875,0.146910,1.000000,0.013737
1779542762.637994,0,1,14.279467,0.096407,0.147295,1.000000,0.013278
1779542762.647727,0,1,14.289346,0.097957,0.147871,1.000000,0.013278
1779542762.657672,0,1,14.299226,0.099498,0.148256,1.000000,0.014156
1779542762.667875,0,1,14.309104,0.101058,0.148832,1.000000,0.014156
1779542762.677499,0,1,14.318983,0.102609,0.149217,1.000000,0.013708
1779542762.687919,0,1,14.328859,0.104178,0.149793,1.000000,0.013708
1779542762.697600,0,1,14.338737,0.105739,0.150178,1.000000,0.013708
1779542762.708027,0,1,14.348611,0.107317,0.150754,1.000000,0.014860
1779542762.717768,0,1,14.358487,0.108887,0.151139,1.000000,0.014860
1779542762.727794,0,1,14.368360,0.110475,0.151715,1.000000,0.014860
1779542762.737396,0,1,14.378235,0.112055,0.152100,1.000000,0.014417
1779542762.747850,0,1,14.388106,0.113652,0.152676,1.000000,0.014417
1779542762.758015,0,1,14.397979,0.115241,0.153061,1.000000,0.014417
1779542762.767780,0,1,14.407849,0.116848,0.153637,1.000000,0.015207
1779542762.777955,0,1,14.417721,0.118447,0.154022,1.000000,0.015207
1779542762.787539,0,1,14.427589,0.120063,0.154598,1.000000,0.015207
1779542762.797693,0,1,14.437459,0.121671,0.154983,1.000000,0.016996
1779542762.807531,0,1,14.447326,0.123297,0.155559,1.000000,0.016996
1779542762.817777,0,1,14.457194,0.124915,0.155944,1.000000,0.015839
1779542762.827971,0,1,14.467060,0.126550,0.156520,1.000000,0.015839
1779542762.837700,0,1,14.476926,0.128177,0.156905,1.000000,0.015421
1779542762.847600,0,1,14.486790,0.129822,0.157480,1.000000,0.015421
1779542762.857863,0,1,14.496655,0.131459,0.157866,1.000000,0.015421
1779542762.868908,0,1,14.506518,0.133113,0.158441,1.000000,0.014850
1779542762.877718,0,1,14.516381,0.134759,0.158827,1.000000,0.014850
1779542762.887606,0,1,14.526242,0.136423,0.159402,1.000000,0.014408
1779542762.897972,0,1,14.536104,0.138078,0.159788,1.000000,0.014408
1779542762.908270,0,1,14.545963,0.139752,0.160363,1.000000,0.014408
1779542762.917942,0,1,14.555823,0.141417,0.160749,1.000000,0.013934
1779542762.927665,0,1,14.565681,0.143100,0.161324,1.000000,0.013934
1779542762.937929,0,1,14.575539,0.144774,0.161710,1.000000,0.013156
1779542762.947916,0,1,14.585395,0.146466,0.162285,1.000000,0.013156
1779542762.958469,0,1,14.595252,0.148150,0.162671,1.000000,0.013156
1779542762.967720,0,1,14.605106,0.149852,0.163246,1.000000,0.014117
1779542762.978002,0,1,14.614962,0.151545,0.163632,1.000000,0.014117
1779542762.987547,0,1,14.624815,0.153256,0.164207,1.000000,0.013638
1779542762.998258,0,1,14.634668,0.154959,0.164593,1.000000,0.013638
1779542763.007399,0,1,14.644519,0.156680,0.165168,1.000000,0.013638
1779542763.018170,0,1,14.654372,0.158392,0.165554,1.000000,0.018913
1779542763.027583,0,1,14.664221,0.160122,0.166129,1.000000,0.018913
1779542763.037508,0,1,14.674071,0.161844,0.166515,1.000000,0.018913
1779542763.048606,0,1,14.683919,0.163584,0.167090,1.000000,0.018450
1779542763.057834,0,1,14.693768,0.165315,0.167476,1.000000,0.018450
1779542763.067879,0,1,14.703614,0.167064,0.168051,1.000000,0.019889
1779542763.077564,0,1,14.713461,0.168805,0.168437,1.000000,0.019889
1779542763.087582,0,1,14.723305,0.170563,0.169012,1.000000,0.019889
1779542763.097825,0,1,14.733151,0.172313,0.169398,1.000000,0.021365
1779542763.107409,0,1,14.742993,0.174081,0.169973,1.000000,0.021365
1779542763.117790,0,1,14.752837,0.175841,0.170359,1.000000,0.020789
1779542763.127630,0,1,14.762678,0.177619,0.170934,1.000000,0.020789
1779542763.137717,0,1,14.772520,0.179387,0.171320,1.000000,0.020789
1779542763.147874,0,1,14.782359,0.181175,0.171895,1.000000,0.022322
1779542763.157808,0,1,14.792200,0.182953,0.172281,1.000000,0.022322
1779542763.168210,0,1,14.802037,0.184749,0.172856,1.000000,0.022322
1779542763.177533,0,1,14.811876,0.186537,0.173242,1.000000,0.021760
1779542763.187937,0,1,14.821712,0.188343,0.173817,1.000000,0.021760
1779542763.197590,0,1,14.831549,0.190141,0.174203,1.000000,0.021760
1779542763.207578,0,1,14.841383,0.191956,0.174778,1.000000,0.022987
1779542763.217681,0,1,14.851218,0.193763,0.175164,1.000000,0.022987
1779542763.227949,0,1,14.861050,0.195588,0.175739,1.000000,0.022699
1779542763.237935,0,1,14.870884,0.197404,0.176125,1.000000,0.022699
1779542763.247427,0,1,14.880714,0.199238,0.176700,1.000000,0.022699
1779542763.257585,0,1,14.890546,0.201064,0.177086,1.000000,0.024071
1779542763.267431,0,1,14.900375,0.202907,0.177661,1.000000,0.024071
1779542763.277595,0,1,14.910205,0.204743,0.178047,1.000000,0.024071
1779542763.287683,0,1,14.920032,0.206596,0.178622,1.000000,0.023747
1779542763.297619,0,1,14.929860,0.208440,0.179008,1.000000,0.023747
1779542763.309345,0,1,14.939685,0.210303,0.179583,1.000000,0.025128
1779542763.317565,0,1,14.949512,0.212157,0.179969,1.000000,0.025128
1779542763.327608,0,1,14.959335,0.214029,0.180544,1.000000,0.025128
1779542763.337919,0,1,14.969160,0.215892,0.180930,1.000000,0.024680
1779542763.348223,0,1,14.978981,0.217774,0.181505,1.000000,0.024680
1779542763.357464,0,1,14.988804,0.219647,0.181891,1.000000,0.024416
1779542763.368878,0,1,14.998624,0.221538,0.182466,1.000000,0.024416
1779542763.377518,0,1,15.008445,0.223420,0.182852,1.000000,0.024141
1779542763.387386,0,1,15.018263,0.225321,0.183427,1.000000,0.024141
1779542763.397647,0,1,15.028082,0.227212,0.183813,1.000000,0.024141
1779542763.407723,0,1,15.037898,0.229122,0.184388,1.000000,0.023782
1779542763.417833,0,1,15.047716,0.231023,0.184774,1.000000,0.023782
1779542763.427626,0,1,15.057530,0.232943,0.185349,1.000000,0.023782
1779542763.437874,0,1,15.067346,0.234853,0.185735,1.000000,0.028846
1779542763.447957,0,1,15.077158,0.236782,0.186310,1.000000,0.028846
1779542763.458192,0,1,15.086972,0.238702,0.186696,1.000000,0.028846
1779542763.467858,0,1,15.096782,0.240640,0.187271,1.000000,0.028373
1779542763.477993,0,1,15.106594,0.242570,0.187657,1.000000,0.028373
1779542763.487684,0,1,15.116403,0.244517,0.188232,1.000000,0.028181
1779542763.497951,0,1,15.126213,0.246456,0.188618,1.000000,0.028181
1779542763.507798,0,1,15.136020,0.248413,0.189193,1.000000,0.028181
1779542763.518196,0,1,15.145828,0.250361,0.189579,1.000000,0.030002
1779542763.528029,0,1,15.155633,0.252328,0.190154,1.000000,0.030002
1779542763.537873,0,1,15.165439,0.254285,0.190540,1.000000,0.030002
1779542763.547984,0,1,15.175242,0.256261,0.191115,1.000000,0.031809
1779542763.557509,0,1,15.185047,0.258228,0.191501,1.000000,0.031809
1779542763.567750,0,1,15.194848,0.260214,0.192076,1.000000,0.031809
1779542763.578392,0,1,15.204650,0.262190,0.192462,1.000000,0.031386
1779542763.588573,0,1,15.214449,0.264185,0.193037,1.000000,0.031386
1779542763.597927,0,1,15.224250,0.266171,0.193423,1.000000,0.033212
1779542763.607809,0,1,15.234047,0.268175,0.193998,1.000000,0.033212
1779542763.617952,0,1,15.243846,0.270170,0.194384,1.000000,0.033212
1779542763.627438,0,1,15.253636,0.272207,0.195206,1.000000,0.032838
1779542763.637810,0,1,15.263412,0.274313,0.196543,1.000000,0.032838
1779542763.647961,0,1,15.273182,0.276445,0.197810,1.000000,0.032838
1779542763.658381,0,1,15.282943,0.278619,0.199311,1.000000,0.034489
1779542763.667640,0,1,15.292702,0.280802,0.200641,1.000000,0.034489
1779542763.678934,0,1,15.302453,0.283018,0.202170,1.000000,0.034489
1779542763.687618,0,1,15.312204,0.285238,0.203512,1.000000,0.033487
1779542763.697700,0,1,15.321948,0.287487,0.205046,1.000000,0.033487
1779542763.707563,0,1,15.331691,0.289738,0.206391,1.000000,0.033487
1779542763.718071,0,1,15.341428,0.292016,0.207927,1.000000,0.032882
1779542763.727704,0,1,15.351165,0.294296,0.209273,1.000000,0.032882
1779542763.737787,0,1,15.360895,0.296604,0.210809,1.000000,0.032882
1779542763.747753,0,1,15.370625,0.298912,0.212155,1.000000,0.032725
1779542763.757949,0,1,15.380348,0.301247,0.213692,1.000000,0.032725
1779542763.767509,0,1,15.390071,0.303584,0.215038,1.000000,0.032725
1779542763.777692,0,1,15.399788,0.305948,0.216575,1.000000,0.032725
1779542763.787766,0,1,15.409504,0.308312,0.217921,1.000000,0.029931
1779542763.798173,0,1,15.419214,0.310704,0.219458,1.000000,0.029931
1779542763.807821,0,1,15.428929,0.313073,0.220558,1.000000,0.029931
1779542763.817813,0,1,15.438657,0.315392,0.221142,1.000000,0.029349
1779542763.828152,0,1,15.448386,0.317705,0.221798,1.000000,0.029349
1779542763.838185,0,1,15.458120,0.319994,0.222218,1.000000,0.026770
1779542763.847903,0,1,15.467852,0.322292,0.222810,1.000000,0.026770
1779542763.857860,0,1,15.477588,0.324577,0.223204,1.000000,0.026770
1779542763.867870,0,1,15.487320,0.326876,0.223784,1.000000,0.024931
1779542763.878052,0,1,15.497054,0.329166,0.224171,1.000000,0.024931
1779542763.887839,0,1,15.506785,0.331471,0.224748,1.000000,0.024554
1779542763.898408,0,1,15.516518,0.333768,0.225135,1.000000,0.024554
1779542763.907740,0,1,15.526246,0.336082,0.225711,1.000000,0.024554
1779542763.918021,0,1,15.535977,0.338388,0.226096,1.000000,0.024063
1779542763.927959,0,1,15.545703,0.340711,0.226672,1.000000,0.024063
1779542763.937797,0,1,15.555432,0.343026,0.227058,1.000000,0.024063
1779542763.948106,0,1,15.565156,0.345358,0.227633,1.000000,0.029519
1779542763.957438,0,1,15.574882,0.347682,0.228019,1.000000,0.029519
1779542763.967975,0,1,15.584604,0.350024,0.228594,1.000000,0.029363
1779542763.977744,0,1,15.594328,0.352357,0.228980,1.000000,0.029363
1779542763.987824,0,1,15.604048,0.354708,0.229555,1.000000,0.029363
1779542763.997876,0,1,15.613769,0.357051,0.229941,1.000000,0.032728
1779542764.008532,0,1,15.623487,0.359411,0.230516,1.000000,0.032728
1779542764.018033,0,1,15.633206,0.361763,0.230902,1.000000,0.032728
1779542764.028014,0,1,15.642916,0.364156,0.231723,1.000000,0.032313
1779542764.037730,0,1,15.652608,0.366617,0.233061,1.000000,0.032313
1779542764.047855,0,1,15.662294,0.369104,0.234328,1.000000,0.032313
1779542764.057510,0,1,15.671969,0.371633,0.235829,1.000000,0.034234
1779542764.067933,0,1,15.681641,0.374171,0.237159,1.000000,0.034234
1779542764.077796,0,1,15.691305,0.376742,0.238688,1.000000,0.034234
1779542764.087594,0,1,15.700968,0.379316,0.240030,1.000000,0.033259
1779542764.097610,0,1,15.710623,0.381919,0.241564,1.000000,0.033259
1779542764.107594,0,1,15.720278,0.384524,0.242909,1.000000,0.033259
1779542764.118124,0,1,15.729925,0.387157,0.244445,1.000000,0.033780
1779542764.127852,0,1,15.739572,0.389791,0.245791,1.000000,0.033780
1779542764.138098,0,1,15.749212,0.392452,0.247327,1.000000,0.034495
1779542764.147468,0,1,15.758851,0.395114,0.248673,1.000000,0.034495
1779542764.157928,0,1,15.768483,0.397803,0.250210,1.000000,0.034495
1779542764.167679,0,1,15.778114,0.400493,0.251556,1.000000,0.031229
1779542764.178414,0,1,15.787738,0.403210,0.253093,1.000000,0.031229
1779542764.187794,0,1,15.797368,0.405904,0.254193,1.000000,0.029514
1779542764.198323,0,1,15.807012,0.408549,0.254777,1.000000,0.029514
1779542764.207683,0,1,15.816657,0.411188,0.255433,1.000000,0.029514
1779542764.217912,0,1,15.826309,0.413803,0.255853,1.000000,0.029401
1779542764.227649,0,1,15.835959,0.416427,0.256445,1.000000,0.029401
1779542764.237959,0,1,15.845612,0.419038,0.256839,1.000000,0.029401
1779542764.247387,0,1,15.855261,0.421663,0.257419,1.000000,0.027657
1779542764.257873,0,1,15.864913,0.424279,0.257806,1.000000,0.027657
1779542764.267712,0,1,15.874561,0.426910,0.258383,1.000000,0.027657
1779542764.277661,0,1,15.884211,0.429533,0.258770,1.000000,0.029857
1779542764.287860,0,1,15.893856,0.432173,0.259346,1.000000,0.029857
1779542764.297889,0,1,15.903503,0.434805,0.259731,1.000000,0.029857
1779542764.307560,0,1,15.913146,0.437454,0.260307,1.000000,0.032108
1779542764.318220,0,1,15.922791,0.440094,0.260693,1.000000,0.032108
1779542764.327805,0,1,15.932425,0.442775,0.261514,1.000000,0.032108
1779542764.337817,0,1,15.942040,0.445524,0.262852,1.000000,0.032020
1779542764.348126,0,1,15.951647,0.448299,0.264119,1.000000,0.032020
1779542764.358273,0,1,15.961243,0.451115,0.265620,1.000000,0.031795
1779542764.367830,0,1,15.970839,0.453928,0.266827,1.000000,0.031795
1779542764.377567,0,1,15.980440,0.456724,0.267756,1.000000,0.031795
1779542764.387828,0,1,15.990052,0.459483,0.268277,1.000000,0.030738
1779542764.397718,0,1,15.999664,0.462240,0.268907,1.000000,0.030738
1779542764.408013,0,1,16.009282,0.464980,0.269317,1.000000,0.029107
1779542764.418097,0,1,16.018896,0.467730,0.269904,1.000000,0.029107
1779542764.428466,0,1,16.028514,0.470468,0.270295,1.000000,0.029107
1779542764.437880,0,1,16.038127,0.473222,0.270874,1.000000,0.029107
1779542764.447781,0,1,16.047743,0.475966,0.271261,1.000000,0.033220
1779542764.458286,0,1,16.057354,0.478727,0.271838,1.000000,0.033220
1779542764.467735,0,1,16.066968,0.481479,0.272224,1.000000,0.033102
1779542764.477929,0,1,16.076570,0.484271,0.273046,1.000000,0.033102
1779542764.487524,0,1,16.086153,0.487131,0.274384,1.000000,0.033102
1779542764.497673,0,1,16.095727,0.490017,0.275650,1.000000,0.037776
1779542764.507823,0,1,16.105290,0.492943,0.277152,1.000000,0.037776
1779542764.517639,0,1,16.114849,0.495879,0.278482,1.000000,0.037419
1779542764.527760,0,1,16.124399,0.498846,0.280011,1.000000,0.037419
1779542764.538140,0,1,16.133947,0.501817,0.281353,1.000000,0.036458
1779542764.547929,0,1,16.143486,0.504817,0.282887,1.000000,0.036458
1779542764.557452,0,1,16.153025,0.507819,0.284232,1.000000,0.036458
1779542764.568235,0,1,16.162556,0.510848,0.285768,1.000000,0.036819
1779542764.577769,0,1,16.172085,0.513878,0.287114,1.000000,0.036819
1779542764.587970,0,1,16.181607,0.516935,0.288650,1.000000,0.036819
1779542764.597531,0,1,16.191128,0.519993,0.289996,1.000000,0.034345
1779542764.607430,0,1,16.200640,0.523078,0.291533,1.000000,0.034345
1779542764.617956,0,1,16.210152,0.526163,0.292879,1.000000,0.034345
1779542764.627576,0,1,16.219655,0.529275,0.294415,1.000000,0.034565
1779542764.637623,0,1,16.229159,0.532388,0.295762,1.000000,0.034565
1779542764.647841,0,1,16.238653,0.535528,0.297298,1.000000,0.034565
1779542764.657776,0,1,16.248147,0.538668,0.298645,1.000000,0.036179
1779542764.667676,0,1,16.257632,0.541835,0.300181,1.000000,0.036179
1779542764.677561,0,1,16.267117,0.545003,0.301528,1.000000,0.033285
1779542764.687767,0,1,16.276593,0.548197,0.303064,1.000000,0.033285
1779542764.697880,0,1,16.286069,0.551392,0.304411,1.000000,0.033285
1779542764.707628,0,1,16.295536,0.554613,0.305947,1.000000,0.033832
1779542764.717909,0,1,16.305003,0.557836,0.307294,1.000000,0.033832
1779542764.727872,0,1,16.314460,0.561085,0.308830,1.000000,0.033832
1779542764.737713,0,1,16.323918,0.564334,0.310177,1.000000,0.031290
1779542764.747852,0,1,16.333366,0.567610,0.311713,1.000000,0.031290
1779542764.757787,0,1,16.342821,0.570865,0.312814,1.000000,0.031290
1779542764.767979,0,1,16.352294,0.574070,0.313398,1.000000,0.031648
1779542764.777956,0,1,16.361768,0.577269,0.314054,1.000000,0.031648
1779542764.787760,0,1,16.371250,0.580445,0.314474,1.000000,0.031648
1779542764.798049,0,1,16.380730,0.583630,0.315066,1.000000,0.029967
1779542764.807765,0,1,16.390213,0.586802,0.315459,1.000000,0.029967
1779542764.817842,0,1,16.399692,0.589988,0.316039,1.000000,0.031423
1779542764.828100,0,1,16.409174,0.593165,0.316427,1.000000,0.031423
1779542764.837748,0,1,16.418651,0.596357,0.317004,1.000000,0.031423
1779542764.847669,0,1,16.428131,0.599541,0.317391,1.000000,0.031096
1779542764.858305,0,1,16.437605,0.602741,0.317967,1.000000,0.031096
1779542764.867767,0,1,16.447081,0.605933,0.318352,1.000000,0.031096
1779542764.877977,0,1,16.456552,0.609143,0.318928,1.000000,0.030981
1779542764.887618,0,1,16.466026,0.612344,0.319314,1.000000,0.030981
1779542764.897907,0,1,16.475494,0.615562,0.319889,1.000000,0.030892
1779542764.907670,0,1,16.484965,0.618772,0.320275,1.000000,0.030892
1779542764.918218,0,1,16.494430,0.622000,0.320850,1.000000,0.030892
1779542764.927756,0,1,16.503897,0.625219,0.321236,1.000000,0.030772
1779542764.938999,0,1,16.513359,0.628455,0.321811,1.000000,0.030772
1779542764.948117,0,1,16.522824,0.631683,0.322197,1.000000,0.030772
1779542764.957865,0,1,16.532282,0.634929,0.322772,1.000000,0.030525
1779542764.967693,0,1,16.541744,0.638166,0.323158,1.000000,0.030525
1779542764.978099,0,1,16.551199,0.641421,0.323733,1.000000,0.030525
1779542764.987700,0,1,16.560658,0.644667,0.324119,1.000000,0.032756
1779542764.997856,0,1,16.570110,0.647931,0.324694,1.000000,0.032756
1779542765.007975,0,1,16.579565,0.651187,0.325080,1.000000,0.032756
1779542765.017807,0,1,16.589007,0.654482,0.325901,1.000000,0.032619
1779542765.027776,0,1,16.598425,0.657844,0.327239,1.000000,0.032619
1779542765.037730,0,1,16.607834,0.661231,0.328506,1.000000,0.032498
1779542765.048488,0,1,16.617228,0.664658,0.330007,1.000000,0.032498
1779542765.058748,0,1,16.626619,0.668095,0.331337,1.000000,0.032498
1779542765.067682,0,1,16.635998,0.671563,0.332866,1.000000,0.032028
1779542765.077689,0,1,16.645377,0.675034,0.334208,1.000000,0.032028
1779542765.087714,0,1,16.654744,0.678534,0.335742,1.000000,0.032028
1779542765.097767,0,1,16.664115,0.682024,0.336964,1.000000,0.030519
1779542765.107422,0,1,16.673490,0.685504,0.338023,1.000000,0.030519
1779542765.118211,0,1,16.682870,0.688970,0.338901,1.000000,0.030519
1779542765.127537,0,1,16.692263,0.692401,0.339403,1.000000,0.029272
1779542765.137574,0,1,16.701656,0.695833,0.340026,1.000000,0.029272
1779542765.147838,0,1,16.711055,0.699247,0.340433,1.000000,0.029272
1779542765.157852,0,1,16.720450,0.702673,0.341019,1.000000,0.029005
1779542765.168094,0,1,16.729849,0.706088,0.341410,1.000000,0.029005
1779542765.177734,0,1,16.739242,0.709517,0.341988,1.000000,0.029005
1779542765.188552,0,1,16.748639,0.712937,0.342375,1.000000,0.029708
1779542765.197672,0,1,16.758030,0.716374,0.342952,1.000000,0.029708
1779542765.208366,0,1,16.767424,0.719802,0.343338,1.000000,0.029708
1779542765.217900,0,1,16.776812,0.723248,0.343914,1.000000,0.031244
1779542765.227465,0,1,16.786203,0.726684,0.344299,1.000000,0.031244
1779542765.237998,0,1,16.795587,0.730138,0.344875,1.000000,0.031244
1779542765.247529,0,1,16.804975,0.733584,0.345261,1.000000,0.032913
1779542765.257978,0,1,16.814356,0.737047,0.345836,1.000000,0.032913
1779542765.267962,0,1,16.823741,0.740502,0.346222,1.000000,0.032913
1779542765.278191,0,1,16.833110,0.743996,0.347043,1.000000,0.035085
1779542765.287966,0,1,16.842455,0.747556,0.348381,1.000000,0.035085
1779542765.297776,0,1,16.851790,0.751141,0.349647,1.000000,0.035085
1779542765.308443,0,1,16.861110,0.754766,0.351149,1.000000,0.036539
1779542765.318272,0,1,16.870426,0.758401,0.352479,1.000000,0.036539
1779542765.327604,0,1,16.879730,0.762066,0.354008,1.000000,0.036539
1779542765.337912,0,1,16.889033,0.765735,0.355350,1.000000,0.037364
1779542765.347724,0,1,16.898324,0.769432,0.356884,1.000000,0.037364
1779542765.357745,0,1,16.907615,0.773131,0.358229,1.000000,0.037364
1779542765.367552,0,1,16.916895,0.776856,0.359765,1.000000,0.037155
1779542765.377533,0,1,16.926175,0.780582,0.361110,1.000000,0.037155
1779542765.387756,0,1,16.935444,0.784335,0.362647,1.000000,0.037155
1779542765.398442,0,1,16.944713,0.788088,0.363993,1.000000,0.036866
1779542765.408304,0,1,16.953972,0.791868,0.365529,1.000000,0.036866
1779542765.418127,0,1,16.963229,0.795648,0.366876,1.000000,0.036866
1779542765.427980,0,1,16.972477,0.799454,0.368412,1.000000,0.036641
1779542765.438135,0,1,16.981724,0.803261,0.369759,1.000000,0.036641
1779542765.447869,0,1,16.990960,0.807094,0.371295,1.000000,0.036365
1779542765.458041,0,1,17.000196,0.810928,0.372642,1.000000,0.036365
1779542765.467669,0,1,17.009421,0.814787,0.374178,1.000000,0.036365
1779542765.477742,0,1,17.018646,0.818647,0.375525,1.000000,0.035898
1779542765.487540,0,1,17.027860,0.822533,0.377061,1.000000,0.035898
1779542765.498050,0,1,17.037074,0.826420,0.378408,1.000000,0.035898
1779542765.508099,0,1,17.046277,0.830333,0.379944,1.000000,0.130572
1779542765.518172,0,1,17.055479,0.834246,0.381291,1.000000,0.130572
1779542765.527731,0,1,17.064661,0.838207,0.383073,1.000000,0.130572
1779542765.537501,0,1,17.073755,0.842244,0.385640,0.947011,0.215354
1779542765.548699,0,1,17.082707,0.846372,0.389093,0.947011,0.215354
1779542765.557677,0,1,17.091481,0.850599,0.393470,0.899193,0.291863
1779542765.567904,0,1,17.100048,0.854925,0.398743,0.899193,0.291863
1779542765.577899,0,1,17.108382,0.859349,0.404898,0.851006,0.368963
1779542765.587720,0,1,17.116464,0.863868,0.411874,0.851006,0.368963
1779542765.597764,0,1,17.124319,0.868497,0.419620,0.851006,0.368963
1779542765.607632,0,1,17.131922,0.873226,0.428150,0.800836,0.420000
1779542765.617584,0,1,17.139256,0.878043,0.437396,0.800836,0.420000
1779542765.628398,0,1,17.146344,0.882962,0.447311,0.800836,0.420000
1779542765.637768,0,1,17.153170,0.887963,0.457823,0.750000,0.420000
1779542765.647408,0,1,17.159739,0.893003,0.468573,0.750000,0.420000
1779542765.658334,0,1,17.166125,0.898036,0.478854,0.750000,0.420000
1779542765.667551,0,1,17.172347,0.903081,0.489097,0.750000,0.420000
1779542765.678062,0,1,17.178449,0.908121,0.498921,0.750000,0.420000
1779542765.688122,0,1,17.184432,0.913179,0.508765,0.750000,0.420000
1779542765.697627,0,1,17.190330,0.918240,0.518245,0.750000,0.420000
1779542765.707633,0,1,17.196124,0.923341,0.527925,0.750000,0.420000
1779542765.718340,0,1,17.201816,0.928494,0.537800,0.750000,0.420000
1779542765.727835,0,1,17.207443,0.933668,0.547341,0.750000,0.420000
1779542765.738337,0,1,17.212994,0.938884,0.556977,0.750000,0.420000
1779542765.747885,0,1,17.218493,0.944122,0.566316,0.750000,0.420000
1779542765.757639,0,1,17.223926,0.949402,0.575770,0.750000,0.420000
1779542765.768401,0,1,17.229315,0.954707,0.584939,0.750000,0.420000
1779542765.778282,0,1,17.234632,0.960068,0.594363,0.750000,0.420000
1779542765.787700,0,1,17.239870,0.965492,0.604026,0.750000,0.420000
1779542765.798918,0,1,17.245061,0.970950,0.613397,0.750000,0.420000
1779542765.808082,0,1,17.250192,0.976457,0.622897,0.750000,0.420000
1779542765.818376,0,1,17.255283,0.981994,0.632128,0.750000,0.420000
1779542765.827858,0,1,17.260316,0.987578,0.641493,0.750000,0.420000
1779542765.838070,0,1,17.265312,0.993191,0.650592,0.750000,0.420000
1779542765.847730,0,1,17.270239,0.998860,0.659958,0.750000,0.420000
1779542765.857850,0,1,17.275089,1.004593,0.669573,0.750000,0.411137
1779542765.868132,0,1,17.279895,1.010361,0.678906,0.750000,0.411137
1779542765.878067,0,1,17.284641,1.016176,0.688375,0.750000,0.411137
1779542765.887937,0,1,17.289348,1.022022,0.697580,0.750000,0.393583
1779542765.897973,0,1,17.293996,1.027913,0.706926,0.750000,0.393583
1779542765.908022,0,1,17.298607,1.033832,0.716008,0.750000,0.382105
1779542765.918011,0,1,17.303161,1.039794,0.725231,0.750000,0.382105
1779542765.927827,0,1,17.307696,1.045770,0.733977,0.750000,0.369519
1779542765.938300,0,1,17.312227,1.051749,0.742294,0.750000,0.369519
1779542765.947994,0,1,17.316714,1.057760,0.750758,0.750000,0.369519
1779542765.958084,0,1,17.321172,1.063793,0.758986,0.750000,0.350646
1779542765.967645,0,1,17.325572,1.069868,0.767419,0.750000,0.350646
1779542765.977950,0,1,17.329953,1.075956,0.775420,0.750000,0.339120
1779542765.988050,0,1,17.334332,1.082046,0.783005,0.750000,0.339120
1779542765.998291,0,1,17.338670,1.088165,0.790742,0.750000,0.339120
1779542766.008372,0,1,17.342981,1.094302,0.798245,0.750000,0.322276
1779542766.017692,0,1,17.347238,1.100477,0.805953,0.750000,0.322276
1779542766.027693,0,1,17.351462,1.106675,0.813445,0.750000,0.322276
1779542766.038349,0,1,17.355628,1.112912,0.821149,0.750000,0.212306
1779542766.048002,0,1,17.359759,1.119172,0.828638,0.750000,0.212306
1779542766.058008,0,1,17.363830,1.125471,0.836341,0.750000,0.212306
1779542766.068292,0,1,17.367885,1.131780,0.843615,0.750000,0.156076
1779542766.078451,0,1,17.371960,1.138077,0.850260,0.750000,0.156076
1779542766.088041,0,1,17.376076,1.144347,0.856215,0.750000,0.146251
1779542766.098604,0,1,17.380246,1.150580,0.861460,0.750000,0.146251
1779542766.107565,0,1,17.384478,1.156772,0.865986,0.750000,0.146251
1779542766.118068,0,1,17.388779,1.162917,0.869792,0.750000,0.138553
1779542766.127887,0,1,17.393134,1.169023,0.873090,0.750000,0.138553
1779542766.137758,0,1,17.397490,1.175128,0.876508,0.750000,0.127264
1779542766.147663,0,1,17.401853,1.181228,0.879679,0.750000,0.127264
1779542766.157923,0,1,17.406193,1.187345,0.883051,0.750000,0.122408
1779542766.167710,0,1,17.410547,1.193452,0.885988,0.750000,0.122408
1779542766.177774,0,1,17.414931,1.199537,0.888510,0.750000,0.119983
1779542766.187623,0,1,17.419305,1.205630,0.891184,0.750000,0.119983
1779542766.198014,0,1,17.423683,1.211719,0.893622,0.750000,0.119983
1779542766.207880,0,1,17.428039,1.217824,0.896267,0.750000,0.116760
1779542766.217978,0,1,17.432393,1.223931,0.898694,0.750000,0.116760
1779542766.227967,0,1,17.436722,1.230056,0.901334,0.750000,0.115277
1779542766.237970,0,1,17.441046,1.236184,0.903759,0.750000,0.115277
1779542766.248461,0,1,17.445344,1.242330,0.906399,0.750000,0.114362
1779542766.257777,0,1,17.449638,1.248479,0.908824,0.750000,0.114362
1779542766.267937,0,1,17.453905,1.254647,0.911463,0.750000,0.113393
1779542766.277955,0,1,17.458168,1.260818,0.913888,0.750000,0.113393
1779542766.287706,0,1,17.462404,1.267007,0.916527,0.750000,0.112194
1779542766.297802,0,1,17.466636,1.273199,0.918951,0.750000,0.112194
1779542766.308037,0,1,17.470840,1.279410,0.921590,0.750000,0.112194
1779542766.318016,0,1,17.475040,1.285623,0.924015,0.750000,0.110574
1779542766.327561,0,1,17.479213,1.291855,0.926654,0.750000,0.110574
1779542766.337675,0,1,17.483382,1.298090,0.929079,0.750000,0.109265
1779542766.347997,0,1,17.487523,1.304343,0.931718,0.750000,0.109265
1779542766.358017,0,1,17.491660,1.310599,0.934143,0.750000,0.108190
1779542766.368088,0,1,17.495770,1.316872,0.936782,0.750000,0.108190
1779542766.378118,0,1,17.499875,1.323149,0.939206,0.750000,0.106402
1779542766.387937,0,1,17.503953,1.329444,0.941846,0.750000,0.106402
1779542766.397602,0,1,17.508027,1.335741,0.944270,0.750000,0.106402
1779542766.407869,0,1,17.512073,1.342056,0.946909,0.750000,0.104892
1779542766.417735,0,1,17.516114,1.348374,0.949334,0.750000,0.104892
1779542766.428039,0,1,17.520128,1.354709,0.951973,0.750000,0.103587
1779542766.438304,0,1,17.524138,1.361048,0.954398,0.750000,0.103587
1779542766.448119,0,1,17.528119,1.367403,0.957037,0.750000,0.103587
1779542766.458170,0,1,17.532097,1.373762,0.959462,0.750000,0.103295
1779542766.468013,0,1,17.536046,1.380138,0.962101,0.750000,0.103295
1779542766.478200,0,1,17.539991,1.386516,0.964525,0.750000,0.098742
1779542766.487952,0,1,17.543908,1.392912,0.967164,0.750000,0.098742
1779542766.497961,0,1,17.547821,1.399311,0.969589,0.750000,0.094469
1779542766.507823,0,1,17.551706,1.405726,0.972228,0.750000,0.094469
1779542766.519026,0,1,17.555606,1.412132,0.974438,0.750000,0.094469
1779542766.527903,0,1,17.559539,1.418518,0.976234,0.750000,0.090999
1779542766.538723,0,1,17.563466,1.424908,0.978183,0.750000,0.090999
1779542766.548076,0,1,17.567401,1.431293,0.979897,0.750000,0.087826
1779542766.557962,0,1,17.571318,1.437689,0.981818,0.750000,0.087826
1779542766.567915,0,1,17.575236,1.444084,0.983522,0.750000,0.084899
1779542766.578177,0,1,17.579133,1.450492,0.985439,0.750000,0.084899
1779542766.588273,0,1,17.583030,1.456900,0.987141,0.750000,0.084899
1779542766.597639,0,1,17.586904,1.463322,0.989057,0.750000,0.082796
1779542766.607782,0,1,17.590779,1.469744,0.990758,0.750000,0.082796
1779542766.618164,0,1,17.594633,1.476184,0.992674,0.774120,0.079746
1779542766.627974,0,1,17.598492,1.482635,0.994378,0.774120,0.079746
1779542766.638043,0,1,17.602337,1.489112,0.996297,0.794186,0.077500
1779542766.647931,0,1,17.606191,1.495606,0.998008,0.794186,0.077500
1779542766.658195,0,1,17.610034,1.502135,0.999935,0.818144,0.075521
1779542766.668200,0,1,17.613892,1.508689,1.001658,0.818144,0.075521
1779542766.678050,0,1,17.617740,1.515280,1.003597,0.818144,0.075521
1779542766.688067,0,1,17.621601,1.521894,1.005333,0.818144,0.075521
1779542766.698043,0,1,17.625454,1.528550,1.007285,0.850105,0.020386
1779542766.707519,0,1,17.629326,1.535240,1.009036,0.850105,0.020386
1779542766.718042,0,1,17.633187,1.541965,1.011004,0.802316,0.018079
1779542766.727981,0,1,17.637073,1.548690,1.012550,0.802316,0.018079
1779542766.738090,0,1,17.641024,1.555392,1.013456,0.802316,0.018079
1779542766.748083,0,1,17.645025,1.562039,1.013862,0.750000,0.016731
1779542766.758130,0,1,17.649013,1.568637,1.014391,0.750000,0.016731
1779542766.768142,0,1,17.653004,1.575186,1.014672,0.750000,0.016731
1779542766.778312,0,1,17.656971,1.581712,1.015157,0.750000,0.015128
1779542766.788133,0,1,17.660936,1.588209,1.015421,0.750000,0.015128
1779542766.798130,0,1,17.664879,1.594694,1.015897,0.750000,0.015128
1779542766.807781,0,1,17.668823,1.601159,1.016156,0.750000,0.020953
1779542766.818200,0,1,17.672746,1.607621,1.016629,0.750000,0.020953
1779542766.827689,0,1,17.676672,1.614067,1.016886,0.750000,0.021276
1779542766.838351,0,1,17.680580,1.620513,1.017358,0.750000,0.021276
1779542766.848105,0,1,17.684494,1.626948,1.017614,0.750000,0.021276
1779542766.858092,0,1,17.688390,1.633386,1.018084,0.750000,0.022506
1779542766.868210,0,1,17.692294,1.639814,1.018340,0.750000,0.022506
1779542766.877904,0,1,17.696181,1.646248,1.018810,0.750000,0.024562
1779542766.887690,0,1,17.700076,1.652673,1.019065,0.750000,0.024562
1779542766.898223,0,1,17.703956,1.659104,1.019535,0.750000,0.024562
1779542766.908213,0,1,17.707844,1.665528,1.019790,0.750000,0.025841
1779542766.918429,0,1,17.711717,1.671959,1.020259,0.750000,0.025841
1779542766.928100,0,1,17.715598,1.678383,1.020514,0.750000,0.026982
1779542766.938644,0,1,17.719466,1.684815,1.020983,0.750000,0.026982
1779542766.947719,0,1,17.723342,1.691240,1.021238,0.750000,0.026982
1779542766.958574,0,1,17.727203,1.697673,1.021707,0.750000,0.044398
1779542766.968181,0,1,17.731074,1.704100,1.021962,0.750000,0.044398
1779542766.978813,0,1,17.734911,1.710546,1.022646,0.750000,0.044398
1779542766.988038,0,1,17.738695,1.717023,1.023743,0.750000,0.045803
1779542766.998112,0,1,17.742467,1.723508,1.024688,0.750000,0.045803
1779542767.008177,0,1,17.746211,1.730007,1.025868,0.750000,0.045803
1779542767.018258,0,1,17.749955,1.736507,1.026840,0.750000,0.052190
1779542767.027825,0,1,17.753678,1.743018,1.028030,0.750000,0.052190
1779542767.038122,0,1,17.757405,1.749527,1.029007,0.750000,0.052364
1779542767.047751,0,1,17.761113,1.756048,1.030199,0.750000,0.052364
1779542767.058155,0,1,17.764824,1.762565,1.031177,0.750000,0.051968
1779542767.068142,0,1,17.768517,1.769093,1.032369,0.750000,0.051968
1779542767.077592,0,1,17.772215,1.775619,1.033347,0.750000,0.051079
1779542767.087734,0,1,17.775893,1.782155,1.034539,0.750000,0.051079
1779542767.101569,0,1,17.779576,1.788689,1.035517,0.750000,0.051079
1779542767.108129,0,1,17.783240,1.795233,1.036709,0.750000,0.050839
1779542767.118052,0,1,17.786909,1.801774,1.037687,0.750000,0.050839
1779542767.128194,0,1,17.790559,1.808326,1.038880,0.750000,0.050839
1779542767.138346,0,1,17.794214,1.814876,1.039858,0.750000,0.050284
1779542767.148032,0,1,17.797849,1.821435,1.041050,0.750000,0.050284
1779542767.158153,0,1,17.801490,1.827993,1.042028,0.750000,0.050284
1779542767.168328,0,1,17.805111,1.834561,1.043220,0.750000,0.049620
1779542767.177656,0,1,17.808737,1.841126,1.044198,0.750000,0.049620
1779542767.188041,0,1,17.812345,1.847701,1.045390,0.750000,0.049620
1779542767.197688,0,1,17.815957,1.854274,1.046368,0.750000,0.048214
1779542767.208155,0,1,17.819549,1.860858,1.047560,0.750000,0.048214
1779542767.217867,0,1,17.823147,1.867439,1.048538,0.750000,0.046932
1779542767.227617,0,1,17.826726,1.874030,1.049731,0.750000,0.046932
1779542767.237932,0,1,17.830309,1.880618,1.050709,0.750000,0.046932
1779542767.249238,0,1,17.833873,1.887217,1.051901,0.750000,0.045976
1779542767.258104,0,1,17.837442,1.893814,1.052879,0.750000,0.045976
1779542767.267691,0,1,17.840992,1.900420,1.054071,0.750000,0.044746
1779542767.278352,0,1,17.844547,1.907024,1.055049,0.750000,0.044746
1779542767.287891,0,1,17.848082,1.913639,1.056241,0.750000,0.043929
1779542767.298041,0,1,17.851623,1.920250,1.057219,0.750000,0.043929
1779542767.307765,0,1,17.855144,1.926872,1.058411,0.750000,0.045250
1779542767.318074,0,1,17.858670,1.933492,1.059389,0.750000,0.045250
1779542767.328300,0,1,17.862177,1.940122,1.060582,0.750000,0.044062
1779542767.338442,0,1,17.865689,1.946749,1.061560,0.750000,0.044062
1779542767.348521,0,1,17.869181,1.953386,1.062752,0.750000,0.044062
1779542767.358195,0,1,17.872678,1.960021,1.063730,0.750000,0.041953
1779542767.367893,0,1,17.876156,1.966665,1.064922,0.750000,0.041953
1779542767.377776,0,1,17.879639,1.973308,1.065900,0.750000,0.069528
1779542767.387940,0,1,17.883103,1.979960,1.067092,0.750000,0.069528
1779542767.398282,0,1,17.886571,1.986610,1.068070,0.750000,0.069579
1779542767.408021,0,1,17.890000,1.993280,1.069478,0.750000,0.069579
1779542767.418041,0,1,17.893370,1.999980,1.071298,0.750000,0.069579
1779542767.427797,0,1,17.896722,2.006690,1.072966,0.750000,0.070635
1779542767.437656,0,1,17.900041,2.013415,1.074869,0.750000,0.070635
1779542767.447926,0,1,17.903355,2.020143,1.076565,0.750000,0.071068
1779542767.458034,0,1,17.906643,2.026884,1.078478,0.750000,0.071068
1779542767.468258,0,1,17.909929,2.033626,1.080178,0.750000,0.071068
1779542767.477868,0,1,17.913191,2.040379,1.082093,0.750000,0.069898
1779542767.488382,0,1,17.916452,2.047133,1.083795,0.750000,0.069898
1779542767.497850,0,1,17.919689,2.053899,1.085710,0.750000,0.068588
1779542767.507869,0,1,17.922926,2.060664,1.087411,0.750000,0.068588
1779542767.518272,0,1,17.926138,2.067442,1.089327,0.750000,0.067880
1779542767.527901,0,1,17.929350,2.074219,1.091028,0.750000,0.067880
1779542767.538050,0,1,17.932538,2.081008,1.092944,0.750000,0.067880
1779542767.547956,0,1,17.935725,2.087797,1.094645,0.750000,0.066282
1779542767.558145,0,1,17.938889,2.094597,1.096561,0.750000,0.066282
1779542767.568232,0,1,17.942052,2.101397,1.098262,0.750000,0.064721
1779542767.578415,0,1,17.945190,2.108209,1.100178,0.750000,0.064721
1779542767.587575,0,1,17.948328,2.115021,1.101879,0.750000,0.064721
1779542767.597779,0,1,17.951442,2.121844,1.103795,0.750000,0.064027
1779542767.607759,0,1,17.954556,2.128667,1.105496,0.750000,0.064027
1779542767.617986,0,1,17.957645,2.135501,1.107412,0.750000,0.062281
1779542767.627890,0,1,17.960745,2.142331,1.109006,0.750000,0.062281
1779542767.637625,0,1,17.963862,2.149152,1.110392,0.750000,0.060821
1779542767.648144,0,1,17.967012,2.155959,1.111434,0.750000,0.060821
1779542767.658022,0,1,17.970155,2.162768,1.112650,0.750000,0.060821
1779542767.668108,0,1,17.973310,2.169572,1.113637,0.750000,0.050470
1779542767.678428,0,1,17.976449,2.176384,1.114833,0.750000,0.050470
1779542767.687459,0,1,17.979594,2.183192,1.115813,0.750000,0.051919
1779542767.698335,0,1,17.982721,2.190010,1.117006,0.750000,0.051919
1779542767.707705,0,1,17.985853,2.196824,1.117984,0.750000,0.050557
1779542767.718048,0,1,17.988965,2.203648,1.119177,0.750000,0.050557
1779542767.727986,0,1,17.992083,2.210470,1.120155,0.750000,0.050557
1779542767.738492,0,1,17.995180,2.217300,1.121347,0.750000,0.047959
1779542767.748147,0,1,17.998283,2.224128,1.122325,0.750000,0.047959
1779542767.758279,0,1,18.001366,2.230965,1.123517,0.750000,0.045707
1779542767.767582,0,1,18.004454,2.237800,1.124495,0.750000,0.045707
1779542767.778855,0,1,18.007522,2.244644,1.125687,0.750000,0.045707
1779542767.788369,0,1,18.010595,2.251485,1.126665,0.750000,0.042327
1779542767.798414,0,1,18.013648,2.258336,1.127858,0.750000,0.042327
1779542767.807990,0,1,18.016706,2.265184,1.128836,0.750000,0.040186
1779542767.818655,0,1,18.019745,2.272041,1.130028,0.750000,0.040186
1779542767.827868,0,1,18.022788,2.278896,1.131006,0.750000,0.040186
1779542767.837991,0,1,18.025812,2.285759,1.132198,0.750000,0.036844
1779542767.847830,0,1,18.028840,2.292620,1.133176,0.750000,0.036844
1779542767.858088,0,1,18.031849,2.299491,1.134368,0.750000,0.036844
1779542767.868309,0,1,18.034862,2.306359,1.135346,0.750000,0.033937
1779542767.877838,0,1,18.037856,2.313235,1.136538,0.750000,0.033937
1779542767.888000,0,1,18.040854,2.320110,1.137516,0.750000,0.031280
1779542767.898131,0,1,18.043833,2.326993,1.138709,0.750000,0.031280
1779542767.908249,0,1,18.046838,2.333864,1.139471,0.750000,0.031280
1779542767.918031,0,1,18.049888,2.340716,1.139821,0.750000,0.028081
1779542767.928237,0,1,18.052942,2.347566,1.140323,0.750000,0.028081
1779542767.938396,0,1,18.056015,2.354408,1.140590,0.750000,0.028081
1779542767.947891,0,1,18.059077,2.361254,1.141065,0.750000,0.024246
1779542767.958560,0,1,18.062151,2.368095,1.141322,0.750000,0.024246
1779542767.968034,0,1,18.065212,2.374942,1.141792,0.750000,0.024246
1779542767.978308,0,1,18.068284,2.381784,1.142047,0.750000,0.014252
1779542767.987780,0,1,18.071340,2.388633,1.142516,0.750000,0.014252
1779542767.997593,0,1,18.074407,2.395478,1.142771,0.750000,-0.002666
1779542768.008208,0,1,18.077459,2.402329,1.143239,0.750000,-0.002666
1779542768.017723,0,1,18.080542,2.409166,1.143279,0.750000,-0.002666
1779542768.027999,0,1,18.083675,2.415980,1.142905,0.750000,-0.005864
1779542768.037974,0,1,18.086816,2.422790,1.142684,0.750000,-0.005864
1779542768.048098,0,1,18.089982,2.429590,1.142228,0.750000,-0.005864
1779542768.058496,0,1,18.093142,2.436391,1.141979,0.750000,-0.013705
1779542768.067849,0,1,18.096318,2.443185,1.141512,0.750000,-0.013705
1779542768.078015,0,1,18.099487,2.449983,1.141259,0.750000,-0.024560
1779542768.087774,0,1,18.102670,2.456774,1.140791,0.750000,-0.024560
1779542768.097894,0,1,18.105844,2.463569,1.140536,0.750000,-0.031016
1779542768.107699,0,1,18.109033,2.470358,1.140068,0.750000,-0.031016
1779542768.118362,0,1,18.112212,2.477150,1.139813,0.750000,-0.037980
1779542768.128585,0,1,18.115406,2.483936,1.139344,0.750000,-0.037980
1779542768.137997,0,1,18.118590,2.490727,1.139090,0.750000,-0.037980
1779542768.147917,0,1,18.121810,2.497501,1.138406,0.750000,-0.047143
1779542768.158278,0,1,18.125084,2.504248,1.137308,0.750000,-0.047143
1779542768.168159,0,1,18.128371,2.510989,1.136364,0.750000,-0.054123
1779542768.177896,0,1,18.131687,2.517717,1.135184,0.750000,-0.054123
1779542768.188047,0,1,18.135002,2.524444,1.134212,0.750000,-0.054123
1779542768.198240,0,1,18.138339,2.531161,1.133022,0.750000,-0.063879
1779542768.208049,0,1,18.141672,2.537879,1.132045,0.750000,-0.063879
1779542768.217833,0,1,18.145026,2.544588,1.130854,0.750000,-0.063879
1779542768.228000,0,1,18.148374,2.551299,1.129876,0.750000,-0.071689
1779542768.237795,0,1,18.151743,2.558000,1.128684,0.750000,-0.071689
1779542768.247736,0,1,18.155106,2.564704,1.127706,0.750000,-0.071689
1779542768.258078,0,1,18.158509,2.571387,1.126298,0.750000,-0.079992
1779542768.267800,0,1,18.161972,2.578040,1.124478,0.750000,-0.079992
1779542768.278226,0,1,18.165451,2.584684,1.122810,0.750000,-0.086492
1779542768.288824,0,1,18.168964,2.591310,1.120907,0.750000,-0.086492
1779542768.298228,0,1,18.172481,2.597935,1.119211,0.750000,-0.086492
1779542768.308076,0,1,18.176024,2.604545,1.117298,0.750000,-0.102598
1779542768.317571,0,1,18.179568,2.611155,1.115598,0.750000,-0.102598
1779542768.327703,0,1,18.183157,2.617740,1.113467,0.750000,-0.114116
1779542768.337869,0,1,18.186809,2.624291,1.110924,0.750000,-0.114116
1779542768.347646,0,1,18.190483,2.630829,1.108532,0.750000,-0.114116
1779542768.358177,0,1,18.194194,2.637347,1.105906,0.750000,-0.124730
1779542768.367641,0,1,18.197914,2.643859,1.103487,0.750000,-0.124730
1779542768.378480,0,1,18.201665,2.650354,1.100850,0.750000,-0.140568
1779542768.387850,0,1,18.205421,2.656846,1.098427,0.750000,-0.140568
1779542768.398052,0,1,18.209226,2.663309,1.095573,0.750000,-0.150542
1779542768.408243,0,1,18.213097,2.669732,1.092306,0.750000,-0.150542
1779542768.418284,0,1,18.216995,2.676140,1.089191,0.750000,-0.150542
1779542768.427786,0,1,18.220934,2.682523,1.085842,0.750000,-0.163775
1779542768.438271,0,1,18.224886,2.688897,1.082699,0.750000,-0.163775
1779542768.448081,0,1,18.228892,2.695237,1.079124,0.750000,-0.173281
1779542768.458770,0,1,18.232968,2.701533,1.075134,0.750000,-0.173281
1779542768.467941,0,1,18.237075,2.707808,1.071297,0.750000,-0.173281
1779542768.478123,0,1,18.241227,2.714054,1.067224,0.750000,-0.182257
1779542768.488264,0,1,18.245397,2.720288,1.063358,0.750000,-0.182257
1779542768.498141,0,1,18.249605,2.726496,1.059274,0.750000,-0.182257
1779542768.508398,0,1,18.253828,2.732695,1.055404,0.750000,-0.169981
1779542768.518247,0,1,18.258087,2.738868,1.051319,0.750000,-0.169981
1779542768.527852,0,1,18.262359,2.745032,1.047447,0.750000,-0.175157
1779542768.537762,0,1,18.266667,2.751171,1.043362,0.750000,-0.175157
1779542768.547607,0,1,18.270989,2.757301,1.039490,0.750000,-0.178229
1779542768.558118,0,1,18.275346,2.763406,1.035404,0.750000,-0.178229
1779542768.567965,0,1,18.279716,2.769501,1.031533,0.750000,-0.178229
1779542768.578016,0,1,18.284122,2.775570,1.027447,0.750000,-0.181686
1779542768.588201,0,1,18.288541,2.781630,1.023576,0.750000,-0.181686
1779542768.597948,0,1,18.292994,2.787665,1.019490,0.750000,-0.181686
1779542768.607746,0,1,18.297461,2.793690,1.015618,0.750000,-0.179796
1779542768.617995,0,1,18.301963,2.799688,1.011532,0.750000,-0.179796
1779542768.628592,0,1,18.306477,2.805678,1.007661,0.750000,-0.179692
1779542768.638112,0,1,18.311026,2.811640,1.003575,0.750000,-0.179692
1779542768.647840,0,1,18.315588,2.817593,0.999703,0.750000,-0.178108
1779542768.658181,0,1,18.320185,2.823520,0.995618,0.750000,-0.178108
1779542768.668375,0,1,18.324794,2.829436,0.991746,0.750000,-0.178108
1779542768.678161,0,1,18.329438,2.835326,0.987660,0.750000,-0.176700
1779542768.689032,0,1,18.334094,2.841205,0.983789,0.750000,-0.176700
1779542768.697968,0,1,18.338784,2.847058,0.979703,0.750000,-0.176700
1779542768.707871,0,1,18.343487,2.852900,0.975831,0.750000,-0.174381
1779542768.717909,0,1,18.348224,2.858715,0.971745,0.750000,-0.174381
1779542768.727836,0,1,18.352973,2.864520,0.967874,0.750000,-0.173662
1779542768.737569,0,1,18.357756,2.870297,0.963788,0.750000,-0.173662
1779542768.748127,0,1,18.362551,2.876064,0.959917,0.750000,-0.172150
1779542768.758087,0,1,18.367379,2.881803,0.955831,0.750000,-0.172150
1779542768.767750,0,1,18.372220,2.887531,0.951959,0.750000,-0.172150
1779542768.778606,0,1,18.377094,2.893231,0.947873,0.750000,-0.170031
1779542768.788009,0,1,18.381981,2.898921,0.944002,0.750000,-0.170031
1779542768.798311,0,1,18.386900,2.904582,0.939916,0.750000,-0.170031
1779542768.807908,0,1,18.391832,2.910233,0.936044,0.750000,-0.167151
1779542768.818109,0,1,18.396796,2.915855,0.931959,0.750000,-0.167151
1779542768.828167,0,1,18.401772,2.921466,0.928087,0.750000,-0.166050
1779542768.837804,0,1,18.406781,2.927048,0.924001,0.750000,-0.166050
1779542768.847902,0,1,18.411802,2.932620,0.920130,0.750000,-0.166050
1779542768.857929,0,1,18.416855,2.938162,0.916044,0.750000,-0.150618
1779542768.867868,0,1,18.421920,2.943694,0.912172,0.750000,-0.150618
1779542768.878405,0,1,18.427017,2.949195,0.908086,0.750000,-0.135998
1779542768.887970,0,1,18.432109,2.954702,0.904430,0.750000,-0.135998
1779542768.897954,0,1,18.437180,2.960227,0.901187,0.750000,-0.135998
1779542768.907987,0,1,18.442265,2.965741,0.897791,0.750000,-0.113158
1779542768.919528,0,1,18.447350,2.971253,0.894630,0.750000,-0.113158
1779542768.928038,0,1,18.452460,2.976744,0.891262,0.750000,-0.113158
1779542768.937958,0,1,18.457558,2.982244,0.888327,0.750000,-0.090768
1779542768.947957,0,1,18.462632,2.987768,0.885806,0.750000,-0.090768
1779542768.957940,0,1,18.467714,2.993283,0.883133,0.750000,-0.090768
1779542768.968163,0,1,18.472775,2.998818,0.880910,0.750000,-0.069529
1779542768.978124,0,1,18.477804,3.004382,0.879109,0.750000,-0.069529
1779542768.987755,0,1,18.482837,3.009943,0.877157,0.750000,-0.069529
1779542768.997793,0,1,18.487861,3.015511,0.875442,0.750000,-0.056041
1779542769.007946,0,1,18.492901,3.021065,0.873520,0.750000,-0.056041
1779542769.018412,0,1,18.497922,3.026637,0.872031,0.750000,-0.036854
1779542769.027963,0,1,18.502908,3.032239,0.870957,0.750000,-0.036854
1779542769.037493,0,1,18.507896,3.037840,0.869731,0.750000,-0.024967
1779542769.048352,0,1,18.512872,3.043452,0.868740,0.750000,-0.024967
1779542769.058278,0,1,18.517860,3.049052,0.867542,0.750000,-0.024967
1779542769.067820,0,1,18.522829,3.054678,0.866775,0.775858,-0.007441
1779542769.078266,0,1,18.527768,3.060347,0.866422,0.775858,-0.007441
1779542769.087487,0,1,18.532714,3.066032,0.865917,0.801927,0.003336
1779542769.097867,0,1,18.537661,3.071747,0.865645,0.801927,0.003336
1779542769.107987,0,1,18.542629,3.077473,0.865169,0.801927,0.003336
1779542769.117860,0,1,18.547589,3.083242,0.865120,0.829879,0.018455
1779542769.128034,0,1,18.552526,3.089074,0.865487,0.829879,0.018455
1779542769.137803,0,1,18.557476,3.094936,0.865712,0.829879,0.018455
1779542769.148089,0,1,18.562428,3.100843,0.866170,0.855314,0.091661
1779542769.158386,0,1,18.567410,3.106777,0.866432,0.855314,0.091661
1779542769.167884,0,1,18.572376,3.112758,0.867125,0.802067,0.095823
1779542769.178321,0,1,18.577282,3.118803,0.868465,0.802067,0.095823
1779542769.187999,0,1,18.582126,3.124913,0.870301,0.802067,0.095823
1779542769.198305,0,1,18.586933,3.131027,0.872023,0.754297,0.100579
1779542769.207897,0,1,18.591676,3.137135,0.873984,0.754297,0.100579
1779542769.218412,0,1,18.596388,3.143215,0.875732,0.750000,0.103570
1779542769.227534,0,1,18.601033,3.149301,0.877911,0.750000,0.103570
1779542769.238341,0,1,18.605600,3.155409,0.880504,0.750000,0.103570
1779542769.247974,0,1,18.610131,3.161513,0.882936,0.750000,0.105195
1779542769.257998,0,1,18.614615,3.167628,0.885596,0.750000,0.105195
1779542769.267960,0,1,18.619081,3.173738,0.888043,0.750000,0.105791
1779542769.278047,0,1,18.623510,3.179857,0.890702,0.750000,0.105791
1779542769.288463,0,1,18.627927,3.185973,0.893143,0.750000,0.105791
1779542769.298140,0,1,18.632312,3.192101,0.895796,0.750000,0.105215
1779542769.308120,0,1,18.636688,3.198228,0.898232,0.750000,0.105215
1779542769.317999,0,1,18.641034,3.204369,0.900881,0.750000,0.104460
1779542769.328291,0,1,18.645373,3.210509,0.903313,0.750000,0.104460
1779542769.337798,0,1,18.649684,3.216666,0.905958,0.750000,0.104460
1779542769.348573,0,1,18.653988,3.222823,0.908388,0.750000,0.103150
1779542769.358278,0,1,18.658263,3.228997,0.911031,0.750000,0.103150
1779542769.368027,0,1,18.662533,3.235173,0.913459,0.750000,0.103150
1779542769.377875,0,1,18.666776,3.241366,0.916101,0.750000,0.101916
1779542769.388152,0,1,18.671013,3.247560,0.918528,0.750000,0.101916
1779542769.397925,0,1,18.675223,3.253773,0.921169,0.750000,0.101916
1779542769.407891,0,1,18.679427,3.259987,0.923595,0.750000,0.100555
1779542769.418026,0,1,18.683605,3.266220,0.926235,0.750000,0.100555
1779542769.427832,0,1,18.687777,3.272455,0.928661,0.750000,0.100555
1779542769.437871,0,1,18.691922,3.278707,0.931300,0.750000,0.099451
1779542769.447917,0,1,18.696063,3.284963,0.933726,0.750000,0.099451
1779542769.458523,0,1,18.700176,3.291236,0.936365,0.750000,0.097807
1779542769.472476,0,1,18.704284,3.297512,0.938790,0.750000,0.097807
1779542769.482948,0,1,18.708365,3.303805,0.941430,0.750000,0.097807
1779542769.497706,0,1,18.712441,3.310101,0.943855,0.750000,0.097807
1779542769.505022,0,1,18.716490,3.316415,0.946494,0.750000,0.097090
1779542769.507939,0,1,18.720535,3.322732,0.948919,0.750000,0.097090
1779542769.518111,0,1,18.724551,3.329066,0.951558,0.750000,0.095860
1779542769.529455,0,1,18.728564,3.335403,0.953983,0.750000,0.095860
1779542769.537907,0,1,18.732548,3.341757,0.956622,0.750000,0.095860
1779542769.547931,0,1,18.736548,3.348102,0.958832,0.750000,0.092203
1779542769.557703,0,1,18.740580,3.354426,0.960628,0.750000,0.092203
1779542769.567737,0,1,18.744606,3.360754,0.962577,0.750000,0.092203
1779542769.578143,0,1,18.748641,3.367076,0.964292,0.750000,0.089911
1779542769.587798,0,1,18.752657,3.373410,0.966213,0.750000,0.089911
1779542769.597797,0,1,18.756675,3.379743,0.967916,0.750000,0.089911
1779542769.607831,0,1,18.760671,3.386090,0.969833,0.750000,0.088593
1779542769.618831,0,1,18.764668,3.392437,0.971535,0.750000,0.088593
1779542769.628033,0,1,18.768641,3.398797,0.973451,0.750000,0.088137
1779542769.637676,0,1,18.772616,3.405158,0.975152,0.750000,0.088137
1779542769.647836,0,1,18.776567,3.411533,0.977068,0.750000,0.088137
1779542769.658140,0,1,18.780518,3.417908,0.978770,0.750000,0.087438
1779542769.667750,0,1,18.784446,3.424297,0.980685,0.750000,0.087438
1779542769.678344,0,1,18.788374,3.430686,0.982387,0.750000,0.087438
1779542769.688077,0,1,18.792279,3.437089,0.984302,0.750000,0.091532
1779542769.697982,0,1,18.796184,3.443492,0.986004,0.750000,0.091532
1779542769.707804,0,1,18.800065,3.449910,0.987919,0.750000,0.093762
1779542769.717979,0,1,18.803947,3.456327,0.989621,0.750000,0.093762
1779542769.727814,0,1,18.807806,3.462758,0.991536,0.750000,0.093762
1779542769.737839,0,1,18.811664,3.469190,0.993238,0.750000,0.097115
1779542769.747936,0,1,18.815499,3.475635,0.995153,0.750000,0.097115
1779542769.757857,0,1,18.819335,3.482080,0.996855,0.750000,0.099290
1779542769.768759,0,1,18.823127,3.488551,0.998985,0.750000,0.099290
1779542769.777769,0,1,18.826857,3.495057,1.001529,0.750000,0.099290
1779542769.787946,0,1,18.830565,3.501576,1.003921,0.750000,0.102646
1779542769.798224,0,1,18.834236,3.508116,1.006547,0.750000,0.102646
1779542769.807753,0,1,18.837898,3.514662,1.008966,0.750000,0.102646
1779542769.817904,0,1,18.841530,3.521224,1.011603,0.750000,0.104792
1779542769.828021,0,1,18.845156,3.527789,1.014027,0.750000,0.104792
1779542769.838100,0,1,18.848752,3.534370,1.016665,0.750000,0.106591
1779542769.848478,0,1,18.852344,3.540955,1.019090,0.750000,0.106591
1779542769.858000,0,1,18.855906,3.547554,1.021728,0.750000,0.106591
1779542769.868117,0,1,18.859464,3.554157,1.024153,0.750000,0.107782
1779542769.877702,0,1,18.862994,3.560774,1.026792,0.750000,0.107782
1779542769.888185,0,1,18.866518,3.567395,1.029217,0.750000,0.107782
1779542769.898210,0,1,18.870014,3.574030,1.031856,0.750000,0.108868
1779542769.907848,0,1,18.873504,3.580668,1.034281,0.750000,0.108868
1779542769.918370,0,1,18.876966,3.587321,1.036920,0.750000,0.108868
1779542769.928088,0,1,18.880424,3.593977,1.039344,0.750000,0.108080
1779542769.937876,0,1,18.883852,3.600648,1.041983,0.750000,0.108080
1779542769.947829,0,1,18.887275,3.607321,1.044408,0.750000,0.104590
1779542769.958165,0,1,18.890670,3.614009,1.047047,0.750000,0.104590
1779542769.967710,0,1,18.894059,3.620699,1.049472,0.750000,0.104590
1779542769.978145,0,1,18.897420,3.627404,1.052111,0.750000,0.099537
1779542769.988420,0,1,18.900775,3.634111,1.054536,0.750000,0.099537
1779542769.998140,0,1,18.904102,3.640833,1.057175,0.750000,0.099537
1779542770.007932,0,1,18.907424,3.647558,1.059600,0.750000,0.094169
1779542770.018108,0,1,18.910716,3.654296,1.062239,0.750000,0.094169
1779542770.028146,0,1,18.914024,3.661027,1.064448,0.750000,0.090466
1779542770.037885,0,1,18.917367,3.667741,1.066245,0.750000,0.090466
1779542770.048398,0,1,18.920704,3.674458,1.068194,0.750000,0.090466
1779542770.058022,0,1,18.924050,3.681170,1.069908,0.750000,0.085134
1779542770.067842,0,1,18.927375,3.687893,1.071829,0.750000,0.085134
1779542770.078349,0,1,18.930703,3.694614,1.073533,0.750000,0.081469
1779542770.087926,0,1,18.934008,3.701346,1.075449,0.750000,0.081469
1779542770.098250,0,1,18.937313,3.708079,1.077151,0.750000,0.081469
1779542770.108142,0,1,18.940595,3.714823,1.079067,0.750000,0.077728
1779542770.118190,0,1,18.943876,3.721567,1.080769,0.750000,0.077728
1779542770.127909,0,1,18.947133,3.728323,1.082684,0.750000,0.074970
1779542770.138037,0,1,18.950390,3.735079,1.084386,0.750000,0.074970
1779542770.147960,0,1,18.953623,3.741846,1.086301,0.750000,0.072433
1779542770.158812,0,1,18.956855,3.748614,1.088003,0.750000,0.072433
1779542770.168108,0,1,18.960063,3.755393,1.089918,0.750000,0.072433
1779542770.177701,0,1,18.963272,3.762172,1.091620,0.750000,0.068302
1779542770.187705,0,1,18.966455,3.768963,1.093535,0.750000,0.068302
1779542770.198113,0,1,18.969639,3.775754,1.095237,0.750000,0.067974
1779542770.208049,0,1,18.972798,3.782556,1.097152,0.750000,0.067974
1779542770.218248,0,1,18.975957,3.789358,1.098854,0.750000,0.067974
1779542770.228079,0,1,18.979091,3.796172,1.100769,0.750000,-0.021780
1779542770.238200,0,1,18.982226,3.802986,1.102471,0.750000,-0.021780
1779542770.248195,0,1,18.985335,3.809810,1.104386,0.750000,-0.021780
1779542770.257880,0,1,18.988466,3.816626,1.105872,0.750000,-0.111101
1779542770.268431,0,1,18.991658,3.823413,1.106730,0.750000,-0.111101
1779542770.277695,0,1,18.994935,3.830165,1.106900,0.774019,-0.156864
1779542770.288113,0,1,18.998315,3.836879,1.106361,0.774019,-0.156864
1779542770.297834,0,1,19.001805,3.843549,1.105103,0.774019,-0.156864
1779542770.308213,0,1,19.005414,3.850173,1.103122,0.799363,-0.163083
1779542770.318216,0,1,19.009149,3.856751,1.100412,0.799363,-0.163083
1779542770.328128,0,1,19.013017,3.863277,1.096968,0.799363,-0.163083
1779542770.338044,0,1,19.017003,3.869760,1.093002,0.826197,-0.146737
1779542770.348098,0,1,19.021054,3.876240,1.089130,0.826197,-0.146737
1779542770.357750,0,1,19.025179,3.882716,1.084998,0.854045,-0.145496
1779542770.367622,0,1,19.029331,3.889224,1.081255,0.854045,-0.145496
1779542770.377525,0,1,19.033489,3.895781,1.077904,0.879608,-0.139089
1779542770.388111,0,1,19.037690,3.902369,1.074393,0.879608,-0.139089
1779542770.397893,0,1,19.041920,3.908994,1.071088,0.879608,-0.139089
1779542770.408045,0,1,19.046206,3.915642,1.067568,0.902051,-0.133739
1779542770.418078,0,1,19.050529,3.922329,1.064233,0.902051,-0.133739
1779542770.428675,0,1,19.054913,3.929037,1.060675,0.902051,-0.133739
1779542770.438081,0,1,19.059338,3.935783,1.057299,0.934112,-0.107142
1779542770.448331,0,1,19.063830,3.942558,1.053697,0.934112,-0.107142
1779542770.458269,0,1,19.068348,3.949386,1.050492,0.934112,-0.107142
1779542770.467744,0,1,19.072872,3.956282,1.047702,0.959623,-0.092986
1779542770.477777,0,1,19.077443,3.963224,1.044770,0.959623,-0.092986
1779542770.487876,0,1,19.082026,3.970231,1.042268,0.959623,-0.092986
1779542770.497699,0,1,19.086608,3.977316,1.040203,0.986026,-0.087767
1779542770.507908,0,1,19.091229,3.984456,1.038014,0.986026,-0.087767
1779542770.517797,0,1,19.095877,3.991656,1.036038,0.986026,-0.087767
1779542770.528346,0,1,19.100579,3.998897,1.033865,1.000000,-0.101753
1779542770.537923,0,1,19.105316,4.006193,1.031878,1.000000,-0.101753
1779542770.548116,0,1,19.110131,4.013513,1.029457,1.000000,-0.101753
1779542770.558308,0,1,19.115043,4.020838,1.026560,1.000000,-0.054001
1779542770.567746,0,1,19.120016,4.028190,1.023747,1.000000,-0.054001
1779542770.577741,0,1,19.125062,4.035557,1.020688,1.000000,-0.054001
1779542770.588110,0,1,19.130134,4.042967,1.018023,1.000000,-0.054001
1779542770.598581,0,1,19.135188,4.050449,1.016039,1.000000,-0.038852
1779542770.607908,0,1,19.140214,4.058006,1.014610,1.000000,-0.038852
1779542770.617852,0,1,19.145254,4.065605,1.013114,1.000000,-0.034305
1779542770.627698,0,1,19.150299,4.073252,1.011854,1.000000,-0.034305
1779542770.637697,0,1,19.155377,4.080924,1.010417,1.000000,-0.029603
1779542770.647804,0,1,19.160470,4.088632,1.009176,1.000000,-0.029603
1779542770.657916,0,1,19.165601,4.096359,1.007743,1.000000,-0.029603
1779542770.667627,0,1,19.170728,4.104129,1.006734,1.000000,-0.051196
1779542770.678320,0,1,19.175830,4.111956,1.006209,1.000000,-0.051196
1779542770.687644,0,1,19.180962,4.119800,1.005357,1.000000,-0.048271
1779542770.697777,0,1,19.186154,4.127639,1.004054,1.000000,-0.048271
1779542770.708068,0,1,19.191376,4.135493,1.002849,1.000000,-0.048271
1779542770.718158,0,1,19.196642,4.143351,1.001416,1.000000,-0.048271
1779542770.728203,0,1,19.201926,4.151227,1.000159,1.000000,-0.001814
1779542770.738318,0,1,19.207249,4.159107,0.998701,1.000000,-0.001814
1779542770.747674,0,1,19.212566,4.167018,0.997668,1.000000,-0.001814
1779542770.757986,0,1,19.217853,4.174977,0.997127,1.000000,-0.001814
1779542770.768292,0,1,19.223147,4.182956,0.996500,1.000000,0.011585
1779542770.777586,0,1,19.228432,4.190965,0.996105,1.000000,0.011585
1779542770.787644,0,1,19.233737,4.198985,0.995533,1.000000,0.011585
1779542770.798085,0,1,19.239019,4.207040,0.995400,1.000000,0.011585
1779542770.808141,0,1,19.244259,4.215145,0.995770,1.000000,0.024580
1779542770.817973,0,1,19.249493,4.223273,0.996063,1.000000,0.024580
1779542770.828106,0,1,19.254707,4.231433,0.996589,1.000000,0.024580
1779542770.838021,0,1,19.259929,4.239605,0.996943,1.000000,0.027358
1779542770.847885,0,1,19.265140,4.247802,0.997496,1.000000,0.027358
1779542770.857733,0,1,19.270362,4.256007,0.997863,1.000000,0.027358
1779542770.867923,0,1,19.275575,4.264234,0.998423,1.000000,0.027923
1779542770.877781,0,1,19.280802,4.272467,0.998795,1.000000,0.027923
1779542770.887867,0,1,19.286018,4.280720,0.999358,1.000000,0.027923
1779542770.898278,0,1,19.291248,4.288978,0.999731,1.000000,0.028611
1779542770.907919,0,1,19.296469,4.297255,1.000296,1.000000,0.028611
1779542770.917940,0,1,19.301702,4.305535,1.000670,1.000000,0.028611
1779542770.927660,0,1,19.306925,4.313834,1.001236,1.000000,0.028611
1779542770.938096,0,1,19.312160,4.322136,1.001612,1.000000,0.035201
1779542770.947783,0,1,19.317385,4.330454,1.002179,1.000000,0.035201
1779542770.957961,0,1,19.322622,4.338776,1.002556,1.000000,0.035201
1779542770.967755,0,1,19.327827,4.347126,1.003367,1.000000,0.048564
1779542770.977715,0,1,19.332977,4.355519,1.004689,1.000000,0.048564
1779542770.987579,0,1,19.338109,4.363933,1.005935,1.000000,0.048564
1779542770.997588,0,1,19.343208,4.372374,1.007417,1.000000,0.048564
1779542771.008085,0,1,19.348302,4.380825,1.008728,1.000000,0.061592
1779542771.017738,0,1,19.353372,4.389299,1.010237,1.000000,0.061592
1779542771.027728,0,1,19.358442,4.397779,1.011561,1.000000,0.061262
1779542771.038159,0,1,19.363489,4.406280,1.013078,1.000000,0.061262
1779542771.047609,0,1,19.368538,4.414786,1.014407,1.000000,0.061262
1779542771.057943,0,1,19.373566,4.423310,1.015927,1.000000,0.067979
1779542771.067951,0,1,19.378595,4.431840,1.017258,1.000000,0.067979
1779542771.077995,0,1,19.383581,4.440400,1.019025,1.000000,0.067248
1779542771.087756,0,1,19.388501,4.449003,1.021305,1.000000,0.067248
1779542771.098209,0,1,19.393392,4.457628,1.023512,1.000000,0.067248
1779542771.108205,0,1,19.398240,4.466281,1.025955,1.000000,0.073726
1779542771.118343,0,1,19.403073,4.474948,1.028227,1.000000,0.073726
1779542771.127466,0,1,19.407870,4.483638,1.030698,1.000000,0.072880
1779542771.137585,0,1,19.412658,4.492337,1.032983,1.000000,0.072880
1779542771.147695,0,1,19.417413,4.501059,1.035462,1.000000,0.072880
1779542771.157857,0,1,19.422160,4.509788,1.037752,1.000000,0.077364
1779542771.168163,0,1,19.426875,4.518538,1.040233,1.000000,0.077364
1779542771.177980,0,1,19.431582,4.527296,1.042526,1.000000,0.075220
1779542771.188204,0,1,19.436258,4.536073,1.045009,1.000000,0.075220
1779542771.198157,0,1,19.440925,4.544858,1.047303,1.000000,0.075220
1779542771.208302,0,1,19.445561,4.553663,1.049788,1.000000,0.078952
1779542771.217731,0,1,19.450188,4.562474,1.052083,1.000000,0.078952
1779542771.227810,0,1,19.454784,4.571305,1.054570,1.000000,0.078952
1779542771.237848,0,1,19.459371,4.580142,1.056866,1.000000,0.076788
1779542771.247858,0,1,19.463926,4.588998,1.059353,1.000000,0.076788
1779542771.257499,0,1,19.468473,4.597861,1.061651,1.000000,0.076788
1779542771.267917,0,1,19.472988,4.606742,1.064139,1.000000,0.080281
1779542771.278232,0,1,19.477494,4.615630,1.066438,1.000000,0.080281
1779542771.288001,0,1,19.481967,4.624536,1.068927,1.000000,0.080281
1779542771.298158,0,1,19.486432,4.633448,1.071226,1.000000,0.080281
1779542771.308050,0,1,19.490864,4.642378,1.073716,1.000000,0.083689
1779542771.317984,0,1,19.495288,4.651314,1.076016,1.000000,0.083689
1779542771.328008,0,1,19.499679,4.660268,1.078506,1.000000,0.083689
1779542771.338373,0,1,19.504060,4.669227,1.080807,1.000000,0.080466
1779542771.347994,0,1,19.508409,4.678204,1.083298,1.000000,0.080466
1779542771.358050,0,1,19.512749,4.687186,1.085600,1.000000,0.080466
1779542771.367778,0,1,19.517056,4.696186,1.088092,1.000000,0.077267
1779542771.377985,0,1,19.521354,4.705191,1.090394,1.000000,0.077267
1779542771.388070,0,1,19.525619,4.714214,1.092886,1.000000,0.074952
1779542771.398301,0,1,19.529874,4.723241,1.095188,1.000000,0.074952
1779542771.408166,0,1,19.534096,4.732285,1.097681,1.000000,0.072645
1779542771.417569,0,1,19.538309,4.741335,1.099984,1.000000,0.072645
1779542771.428554,0,1,19.542489,4.750401,1.102477,1.000000,0.072645
1779542771.438144,0,1,19.546659,4.759472,1.104781,1.000000,0.075215
1779542771.448499,0,1,19.550795,4.768559,1.107274,1.000000,0.075215
1779542771.457685,0,1,19.554923,4.777652,1.109578,1.000000,0.075215
1779542771.468048,0,1,19.559016,4.786760,1.112072,1.000000,0.089511
1779542771.478207,0,1,19.563100,4.795873,1.114376,1.000000,0.089511
1779542771.487516,0,1,19.567151,4.805002,1.116870,1.000000,0.089511
1779542771.497781,0,1,19.571192,4.814136,1.119175,1.000000,0.096607
1779542771.507708,0,1,19.575198,4.823286,1.121669,1.000000,0.096607
1779542771.517815,0,1,19.579196,4.832440,1.123974,1.000000,0.091642
1779542771.527781,0,1,19.583137,4.841619,1.126715,1.000000,0.091642
1779542771.537625,0,1,19.586996,4.850834,1.129972,1.000000,0.089668
1779542771.548285,0,1,19.590836,4.860057,1.132911,1.000000,0.089668
1779542771.558025,0,1,19.594691,4.869274,1.135380,1.000000,0.089668
1779542771.567964,0,1,19.598527,4.878500,1.137939,1.000000,0.093975
1779542771.578036,0,1,19.602362,4.887726,1.140270,1.000000,0.093975
1779542771.587675,0,1,19.606169,4.896965,1.142778,1.000000,0.093975
1779542771.598027,0,1,19.609969,4.906207,1.145089,1.000000,0.098335
1779542771.608124,0,1,19.613736,4.915463,1.147588,1.000000,0.098335
1779542771.617692,0,1,19.617495,4.924722,1.149896,1.000000,0.095257
1779542771.627671,0,1,19.621198,4.934004,1.152638,1.000000,0.095257
1779542771.637878,0,1,19.624817,4.943319,1.155897,1.000000,0.095257
1779542771.647839,0,1,19.628417,4.952643,1.158838,1.000000,0.101442
1779542771.658013,0,1,19.632033,4.961960,1.161307,1.000000,0.101442
1779542771.668156,0,1,19.635608,4.971294,1.164113,1.000000,0.098618
1779542771.677812,0,1,19.639107,4.980656,1.167398,1.000000,0.098618
1779542771.687752,0,1,19.642570,4.990032,1.170597,1.000000,0.119727
1779542771.697950,0,1,19.645977,4.999429,1.174025,1.000000,0.119727
1779542771.707830,0,1,19.649359,5.008835,1.177279,1.000000,0.119727
1779542771.717907,0,1,19.652693,5.018259,1.180729,1.000000,0.114213
1779542771.727820,0,1,19.656006,5.027690,1.183993,1.000000,0.114213
1779542771.737748,0,1,19.659273,5.037137,1.187448,1.000000,0.111563
1779542771.747790,0,1,19.662520,5.046591,1.190714,1.000000,0.111563
1779542771.757986,0,1,19.665722,5.056061,1.194171,1.000000,0.111563
1779542771.768280,0,1,19.668905,5.065538,1.197438,1.000000,0.100036
1779542771.777974,0,1,19.672043,5.075029,1.200895,1.000000,0.100036
1779542771.787966,0,1,19.675162,5.084527,1.204162,1.000000,0.100036
1779542771.798187,0,1,19.678236,5.094040,1.207620,1.000000,0.096631
1779542771.807531,0,1,19.681291,5.103559,1.210887,1.000000,0.096631
1779542771.818458,0,1,19.684301,5.113093,1.214345,1.000000,0.098476
1779542771.827672,0,1,19.687292,5.122633,1.217612,1.000000,0.098476
1779542771.837705,0,1,19.690238,5.132186,1.221070,1.000000,0.098476
1779542771.847481,0,1,19.693164,5.141746,1.224338,1.000000,0.095035
1779542771.857611,0,1,19.696046,5.151320,1.227795,1.000000,0.095035
1779542771.868217,0,1,19.698931,5.160892,1.230817,1.000000,0.095035
1779542771.877793,0,1,19.701848,5.170456,1.233323,1.000000,0.089781
1779542771.887901,0,1,19.704752,5.180023,1.235900,1.000000,0.089781
1779542771.898548,0,1,19.707661,5.189588,1.238242,1.000000,0.086136
1779542771.908009,0,1,19.710543,5.199163,1.240755,1.000000,0.086136
1779542771.918313,0,1,19.713420,5.208738,1.243070,1.000000,0.086136
1779542771.927715,0,1,19.716264,5.218324,1.245572,1.000000,0.081410
1779542771.937833,0,1,19.719100,5.227912,1.247882,1.000000,0.081410
1779542771.947886,0,1,19.721900,5.237510,1.250380,1.000000,0.081410
1779542771.957982,0,1,19.724692,5.247111,1.252688,1.000000,0.079076
1779542771.967944,0,1,19.727447,5.256723,1.255186,1.000000,0.079076
1779542771.978811,0,1,19.730193,5.266337,1.257493,1.000000,0.083019
1779542771.987607,0,1,19.732903,5.275962,1.259991,1.000000,0.083019
1779542771.998521,0,1,19.735603,5.285589,1.262298,1.000000,0.083019
1779542772.007627,0,1,19.738267,5.295227,1.264795,1.000000,0.106343
1779542772.017756,0,1,19.740920,5.304867,1.267103,1.000000,0.106343
1779542772.028094,0,1,19.743515,5.314524,1.269846,1.000000,0.106343
1779542772.038033,0,1,19.746022,5.324204,1.273106,1.000000,0.104686
1779542772.048033,0,1,19.748485,5.333895,1.276294,1.000000,0.104686
1779542772.058013,0,1,19.750888,5.343601,1.279717,1.000000,0.110196
1779542772.067954,0,1,19.753263,5.353314,1.282969,1.000000,0.110196
1779542772.078219,0,1,19.755587,5.363039,1.286419,1.000000,0.108386
1779542772.087976,0,1,19.757888,5.372770,1.289683,1.000000,0.108386
1779542772.098365,0,1,19.760141,5.382513,1.293139,1.000000,0.108386
1779542772.107852,0,1,19.762374,5.392259,1.296405,1.000000,0.111460
1779542772.118124,0,1,19.764560,5.402017,1.299863,1.000000,0.111460
1779542772.127680,0,1,19.766726,5.411779,1.303131,1.000000,0.108310
1779542772.138239,0,1,19.768846,5.421551,1.306589,1.000000,0.108310
1779542772.147871,0,1,19.770946,5.431328,1.309857,1.000000,0.114792
1779542772.158208,0,1,19.773000,5.441114,1.313315,1.000000,0.114792
1779542772.167929,0,1,19.775034,5.450904,1.316583,1.000000,0.110538
1779542772.178000,0,1,19.777022,5.460704,1.320042,1.000000,0.110538
1779542772.187930,0,1,19.778990,5.470508,1.323310,1.000000,0.110538
1779542772.198499,0,1,19.780912,5.480321,1.326768,1.000000,0.107315
1779542772.208355,0,1,19.782815,5.490138,1.330037,1.000000,0.107315
1779542772.218769,0,1,19.784670,5.499964,1.333495,1.000000,0.111336
1779542772.227982,0,1,19.786507,5.509794,1.336763,1.000000,0.111336
1779542772.238146,0,1,19.788296,5.519632,1.340222,1.000000,0.111336
1779542772.248043,0,1,19.790066,5.529474,1.343490,1.000000,0.095348
1779542772.258082,0,1,19.791790,5.539324,1.346949,1.000000,0.095348
1779542772.268044,0,1,19.793517,5.549173,1.349971,1.000000,0.090800
1779542772.278144,0,1,19.795276,5.559017,1.352477,1.000000,0.090800
1779542772.287842,0,1,19.797023,5.568863,1.355055,1.000000,0.090800
1779542772.297950,0,1,19.798775,5.578708,1.357397,1.000000,0.116962
1779542772.307919,0,1,19.800498,5.588558,1.359911,1.000000,0.116962
1779542772.317921,0,1,19.802217,5.598409,1.362226,1.000000,0.112909
1779542772.327896,0,1,19.803878,5.608270,1.364974,1.000000,0.112909
1779542772.338105,0,1,19.805452,5.618145,1.368237,1.000000,0.112909
1779542772.348338,0,1,19.806982,5.628027,1.371426,1.000000,0.110329
1779542772.358024,0,1,19.808452,5.637919,1.374851,1.000000,0.110329
1779542772.368231,0,1,19.809892,5.647814,1.378103,1.000000,0.108662
1779542772.378214,0,1,19.811282,5.657717,1.381554,1.000000,0.108662
1779542772.388079,0,1,19.812648,5.667623,1.384818,1.000000,0.105990
1779542772.398687,0,1,19.813966,5.677536,1.388274,1.000000,0.105990
1779542772.407883,0,1,19.815262,5.687451,1.391541,1.000000,0.102746
1779542772.417961,0,1,19.816512,5.697372,1.394999,1.000000,0.102746
1779542772.427680,0,1,19.817741,5.707297,1.398267,1.000000,0.102746
1779542772.437508,0,1,19.818923,5.717226,1.401725,1.000000,0.099294
1779542772.447910,0,1,19.820085,5.727158,1.404993,1.000000,0.099294
1779542772.459101,0,1,19.821200,5.737096,1.408452,1.000000,0.094063
1779542772.467768,0,1,19.822295,5.747036,1.411720,1.000000,0.094063
1779542772.478866,0,1,19.823343,5.756981,1.415178,1.000000,0.098925
1779542772.488072,0,1,19.824394,5.766925,1.418201,1.000000,0.098925
1779542772.498381,0,1,19.825478,5.776866,1.420707,1.000000,0.098925
1779542772.508232,0,1,19.826526,5.786811,1.423531,1.000000,0.124469
1779542772.518001,0,1,19.827500,5.796763,1.426825,1.000000,0.124469
1779542772.527986,0,1,19.828437,5.806719,1.430030,1.000000,0.121592
1779542772.537725,0,1,19.829318,5.816680,1.433462,1.000000,0.121592
1779542772.548240,0,1,19.830172,5.826643,1.436718,1.000000,0.119556
1779542772.558224,0,1,19.830977,5.836611,1.440171,1.000000,0.119556
1779542772.568129,0,1,19.831759,5.846580,1.443436,1.000000,0.119556
1779542772.577694,0,1,19.832493,5.856553,1.446893,1.000000,0.126674
1779542772.588215,0,1,19.833206,5.866528,1.450161,1.000000,0.126674
1779542772.598104,0,1,19.833872,5.876505,1.453619,1.000000,0.133284
1779542772.607922,0,1,19.834517,5.886484,1.456887,1.000000,0.133284
1779542772.618308,0,1,19.835091,5.896468,1.460591,1.000000,0.133284
1779542772.628099,0,1,19.835566,5.906457,1.464812,1.000000,0.127788
1779542772.638247,0,1,19.835986,5.916448,1.468961,1.000000,0.127788
1779542772.647905,0,1,19.836333,5.926442,1.473346,1.000000,0.124923
1779542772.658113,0,1,19.836666,5.936436,1.477313,1.000000,0.124923
1779542772.667987,0,1,19.837017,5.946430,1.480772,1.000000,0.124923
1779542772.678104,0,1,19.837342,5.956424,1.484306,1.000000,0.124923
1779542772.688080,0,1,19.837661,5.966419,1.487607,1.000000,0.126809
1779542772.697649,0,1,19.837940,5.976415,1.491080,1.000000,0.126809
1779542772.708091,0,1,19.838204,5.986412,1.494356,1.000000,0.126809
1779542772.717932,0,1,19.838423,5.996409,1.497819,1.000000,0.131328
1779542772.728141,0,1,19.838624,6.006407,1.501089,1.000000,0.131328
1779542772.737639,0,1,19.838755,6.016406,1.504795,1.000000,0.131328
1779542772.748307,0,1,19.838787,6.026406,1.509017,1.000000,0.131328
1779542772.757967,0,1,19.838764,6.036406,1.513166,1.000000,0.135766
1779542772.768295,0,1,19.838670,6.046406,1.517551,1.000000,0.135766
1779542772.778192,0,1,19.838537,6.056405,1.521764,1.000000,0.135766
1779542772.787856,0,1,19.838341,6.066403,1.526176,1.000000,0.131479
1779542772.798209,0,1,19.838114,6.076400,1.530401,1.000000,0.131479
1779542772.808496,0,1,19.837827,6.086396,1.534818,1.000000,0.131479
1779542772.818043,0,1,19.837510,6.096391,1.539046,1.000000,0.131479
1779542772.828152,0,1,19.837135,6.106384,1.543465,1.000000,0.131479
1779542772.838115,0,1,19.836730,6.116376,1.547694,1.000000,0.133720
1779542772.849421,0,1,19.836268,6.126365,1.552113,1.000000,0.133720
1779542772.857991,0,1,19.835777,6.136353,1.556342,1.000000,0.133720
1779542772.867814,0,1,19.835228,6.146338,1.560762,1.000000,0.125039
1779542772.878146,0,1,19.834650,6.156321,1.564991,1.000000,0.125039
1779542772.888412,0,1,19.834016,6.166301,1.569411,1.000000,0.125039
1779542772.897881,0,1,19.833375,6.176280,1.573394,1.000000,0.120496
1779542772.908506,0,1,19.832757,6.186261,1.576861,1.000000,0.120496
1779542772.917729,0,1,19.832117,6.196241,1.580400,1.000000,0.120496
1779542772.927688,0,1,19.831473,6.206220,1.583703,1.000000,0.111168
1779542772.938024,0,1,19.830790,6.216197,1.587178,1.000000,0.111168
1779542772.948091,0,1,19.830093,6.226172,1.590455,1.000000,0.111168
1779542772.958132,0,1,19.829351,6.236145,1.593918,1.000000,0.111168
1779542772.967746,0,1,19.828592,6.246116,1.597188,1.000000,0.111918
1779542772.978477,0,1,19.827786,6.256083,1.600648,1.000000,0.111918
1779542772.987791,0,1,19.826961,6.266049,1.603918,1.000000,0.111918
1779542772.998088,0,1,19.826090,6.276011,1.607377,1.000000,0.107001
1779542773.007970,0,1,19.825198,6.285971,1.610645,1.000000,0.107001
1779542773.018005,0,1,19.824260,6.295927,1.614104,1.000000,0.107001
1779542773.027981,0,1,19.823302,6.305881,1.617373,1.000000,0.107001
1779542773.038157,0,1,19.822297,6.315830,1.620831,1.000000,0.120592
1779542773.048319,0,1,19.821272,6.325778,1.624100,1.000000,0.120592
1779542773.058236,0,1,19.820201,6.335720,1.627558,1.000000,0.120592
1779542773.067881,0,1,19.819109,6.345660,1.630827,1.000000,0.142819
1779542773.078100,0,1,19.817970,6.355595,1.634285,1.000000,0.142819
1779542773.087761,0,1,19.816811,6.365528,1.637554,1.000000,0.142819
1779542773.097884,0,1,19.815582,6.375452,1.641258,1.000000,0.142819
1779542773.108412,0,1,19.814254,6.385363,1.645479,1.000000,0.146861
1779542773.117785,0,1,19.812872,6.395267,1.649629,1.000000,0.146861
1779542773.127738,0,1,19.811418,6.405161,1.654013,1.000000,0.146861
1779542773.138230,0,1,19.809926,6.415049,1.658226,1.000000,0.143399
1779542773.148211,0,1,19.808373,6.424928,1.662638,1.000000,0.143399
1779542773.158051,0,1,19.806787,6.434801,1.666863,1.000000,0.143399
1779542773.167818,0,1,19.805143,6.444665,1.671280,1.000000,0.143399
1779542773.178518,0,1,19.803469,6.454524,1.675508,1.000000,0.144447
1779542773.187745,0,1,19.801739,6.464373,1.679927,1.000000,0.144447
1779542773.197794,0,1,19.799978,6.474217,1.684155,1.000000,0.144447
1779542773.207810,0,1,19.798162,6.484051,1.688575,1.000000,0.144447
1779542773.218135,0,1,19.796316,6.493879,1.692804,1.000000,0.130841
1779542773.228236,0,1,19.794415,6.503696,1.697223,1.000000,0.130841
1779542773.238072,0,1,19.792484,6.513508,1.701453,1.000000,0.130841
1779542773.248017,0,1,19.790497,6.523309,1.705872,1.000000,0.146452
1779542773.258017,0,1,19.788482,6.533104,1.710102,1.000000,0.146452
1779542773.268609,0,1,19.786411,6.542887,1.714521,1.000000,0.146452
1779542773.277553,0,1,19.784310,6.552664,1.718751,1.000000,0.146452
1779542773.287812,0,1,19.782155,6.562429,1.723170,1.000000,0.138944
1779542773.298139,0,1,19.779970,6.572187,1.727400,1.000000,0.138944
1779542773.308011,0,1,19.777730,6.581933,1.731819,1.000000,0.138944
1779542773.318035,0,1,19.775461,6.591672,1.736049,1.000000,0.138460
1779542773.328024,0,1,19.773136,6.601398,1.740468,1.000000,0.138460
1779542773.337867,0,1,19.770783,6.611117,1.744698,1.000000,0.138460
1779542773.347785,0,1,19.768375,6.620823,1.749117,1.000000,0.132275
1779542773.358251,0,1,19.765938,6.630521,1.753347,1.000000,0.132275
1779542773.367689,0,1,19.763445,6.640206,1.757766,1.000000,0.132275
1779542773.377966,0,1,19.760924,6.649883,1.761996,1.000000,0.125693
1779542773.388294,0,1,19.758348,6.659545,1.766415,1.000000,0.125693
1779542773.398010,0,1,19.755767,6.669206,1.770399,1.000000,0.125693
1779542773.408546,0,1,19.753207,6.678873,1.773866,1.000000,0.118998
1779542773.417952,0,1,19.750627,6.688534,1.777404,1.000000,0.118998
1779542773.428180,0,1,19.748041,6.698194,1.780708,1.000000,0.118998
1779542773.438118,0,1,19.745419,6.707844,1.784183,1.000000,0.118998
1779542773.448196,0,1,19.742782,6.717491,1.787459,1.000000,0.131497
1779542773.458037,0,1,19.740103,6.727125,1.790922,1.000000,0.131497
1779542773.467576,0,1,19.737407,6.736755,1.794193,1.000000,0.131497
1779542773.478140,0,1,19.734643,6.746365,1.797899,1.000000,0.127230
1779542773.487686,0,1,19.731784,6.755948,1.802121,1.000000,0.127230
1779542773.498050,0,1,19.728896,6.765521,1.806025,1.000000,0.127230
1779542773.507545,0,1,19.726015,6.775097,1.809457,1.000000,0.131259
1779542773.518461,0,1,19.723105,6.784665,1.812980,1.000000,0.131259
1779542773.528000,0,1,19.720185,6.794229,1.816275,1.000000,0.131259
1779542773.538810,0,1,19.717203,6.803774,1.819991,1.000000,0.131259
1779542773.548203,0,1,19.714129,6.813290,1.824218,1.000000,0.132661
1779542773.558009,0,1,19.711005,6.822789,1.828370,1.000000,0.132661
1779542773.567670,0,1,19.707813,6.832266,1.832757,1.000000,0.132661
1779542773.578043,0,1,19.704586,6.841731,1.836971,1.000000,0.127095
1779542773.588028,0,1,19.701301,6.851176,1.841383,1.000000,0.127095
1779542773.598238,0,1,19.698007,6.860618,1.845362,1.000000,0.127095
1779542773.608016,0,1,19.694733,6.870067,1.848827,1.000000,0.127095
1779542773.618002,0,1,19.691437,6.879508,1.852364,1.000000,0.124789
1779542773.628375,0,1,19.688137,6.888948,1.855667,1.000000,0.124789
1779542773.638183,0,1,19.684799,6.898374,1.859141,1.000000,0.124789
1779542773.647812,0,1,19.681448,6.907796,1.862418,1.000000,0.126537
1779542773.657865,0,1,19.678055,6.917203,1.865880,1.000000,0.126537
1779542773.667935,0,1,19.674645,6.926604,1.869151,1.000000,0.122188
1779542773.677922,0,1,19.671192,6.935988,1.872611,1.000000,0.122188
1779542773.687987,0,1,19.667720,6.945366,1.875880,1.000000,0.122188
1779542773.698004,0,1,19.664205,6.954728,1.879339,1.000000,0.117790
1779542773.707703,0,1,19.660671,6.964083,1.882608,1.000000,0.117790
1779542773.718187,0,1,19.657093,6.973421,1.886067,1.000000,0.121486
1779542773.728321,0,1,19.653496,6.982752,1.889335,1.000000,0.121486
1779542773.738250,0,1,19.649856,6.992065,1.892794,1.000000,0.121486
1779542773.747798,0,1,19.646196,7.001372,1.896062,1.000000,0.124578
1779542773.758267,0,1,19.642493,7.010661,1.899521,1.000000,0.124578
1779542773.768207,0,1,19.638771,7.019942,1.902789,1.000000,0.124578
1779542773.778115,0,1,19.635006,7.029206,1.906248,1.000000,0.119030
1779542773.788279,0,1,19.631222,7.038463,1.909516,1.000000,0.119030
1779542773.797845,0,1,19.627394,7.047701,1.912975,1.000000,0.119030
1779542773.807912,0,1,19.623547,7.056932,1.916243,1.000000,0.119030
1779542773.818628,0,1,19.619658,7.066144,1.919702,1.000000,0.118368
1779542773.828077,0,1,19.615749,7.075349,1.922970,1.000000,0.118368
1779542773.837771,0,1,19.611797,7.084535,1.926429,1.000000,0.118368
1779542773.847893,0,1,19.607827,7.093713,1.929697,1.000000,0.113785
1779542773.858136,0,1,19.603814,7.102872,1.933156,1.000000,0.113785
1779542773.867830,0,1,19.599782,7.112023,1.936424,1.000000,0.113785
1779542773.877903,0,1,19.595707,7.121155,1.939883,1.000000,0.113785
1779542773.888082,0,1,19.591614,7.130279,1.943151,1.000000,0.109139
1779542773.898252,0,1,19.587477,7.139384,1.946610,1.000000,0.109139
1779542773.907991,0,1,19.583323,7.148480,1.949878,1.000000,0.109139
1779542773.918136,0,1,19.579125,7.157556,1.953337,1.000000,0.104163
1779542773.928598,0,1,19.574910,7.166624,1.956605,1.000000,0.104163
1779542773.938247,0,1,19.570651,7.175672,1.960064,1.000000,0.104163
1779542773.950688,0,1,19.566375,7.184711,1.963332,1.000000,0.097361
1779542773.958103,0,1,19.562056,7.193731,1.966791,1.000000,0.097361
1779542773.967868,0,1,19.557718,7.202741,1.970059,1.000000,0.097361
1779542773.978130,0,1,19.553339,7.211731,1.973518,1.000000,0.097361
1779542773.987916,0,1,19.548941,7.220712,1.976786,1.000000,0.096340
1779542773.998190,0,1,19.544501,7.229672,1.980245,1.000000,0.096340
1779542774.007898,0,1,19.540043,7.238623,1.983513,1.000000,0.096340
1779542774.018212,0,1,19.535542,7.247553,1.986972,1.000000,0.096340
1779542774.027689,0,1,19.531024,7.256475,1.990240,1.000000,0.106116
1779542774.038110,0,1,19.526464,7.265374,1.993699,1.000000,0.106116
1779542774.047986,0,1,19.521886,7.274265,1.996967,1.000000,0.106116
1779542774.058395,0,1,19.517266,7.283133,2.000426,1.000000,0.106116
1779542774.068409,0,1,19.512628,7.291993,2.003694,1.000000,0.108592
1779542774.078109,0,1,19.507948,7.300830,2.007153,1.000000,0.108592
1779542774.087863,0,1,19.503251,7.309658,2.010421,1.000000,0.108592
1779542774.097973,0,1,19.498512,7.318464,2.013880,1.000000,0.103819
1779542774.107724,0,1,19.493755,7.327261,2.017148,1.000000,0.103819
1779542774.118109,0,1,19.488957,7.336034,2.020607,1.000000,0.103819
1779542774.128296,0,1,19.484141,7.344798,2.023875,1.000000,0.103819
1779542774.137770,0,1,19.479284,7.353540,2.027334,1.000000,0.108537
1779542774.148027,0,1,19.474410,7.362271,2.030602,1.000000,0.108537
1779542774.158266,0,1,19.469494,7.370979,2.034061,1.000000,0.108537
1779542774.168043,0,1,19.464561,7.379678,2.037329,1.000000,0.108537
1779542774.178142,0,1,19.459587,7.388353,2.040788,1.000000,0.101323
1779542774.187787,0,1,19.454595,7.397018,2.044056,1.000000,0.101323
1779542774.197738,0,1,19.449563,7.405660,2.047515,1.000000,0.101323
1779542774.207933,0,1,19.444513,7.414291,2.050783,1.000000,0.101323
1779542774.218183,0,1,19.439423,7.422898,2.054242,1.000000,0.100243
1779542774.228166,0,1,19.434315,7.431496,2.057510,1.000000,0.100243
1779542774.237842,0,1,19.429167,7.440069,2.060969,1.000000,0.100243
1779542774.247782,0,1,19.424002,7.448631,2.064237,1.000000,0.100243
1779542774.258163,0,1,19.418796,7.457169,2.067696,1.000000,0.099001
1779542774.268547,0,1,19.413573,7.465697,2.070964,1.000000,0.099001
1779542774.278735,0,1,19.408310,7.474200,2.074423,1.000000,0.099001
1779542774.288384,0,1,19.403030,7.482692,2.077691,1.000000,0.099001
1779542774.298166,0,1,19.397710,7.491160,2.081150,1.000000,0.093792
1779542774.309937,0,1,19.392373,7.499616,2.084418,1.000000,0.093792
1779542774.317894,0,1,19.386996,7.508048,2.087877,1.000000,0.093792
1779542774.328136,0,1,19.381622,7.516481,2.090899,1.000000,0.093792
1779542774.338926,0,1,19.376275,7.524932,2.093405,1.000000,0.091677
1779542774.347590,0,1,19.370919,7.533376,2.095983,1.000000,0.091677
1779542774.357759,0,1,19.365566,7.541823,2.098325,1.000000,0.091677
1779542774.368143,0,1,19.360189,7.550254,2.100839,1.000000,0.084471
1779542774.378210,0,1,19.354807,7.558683,2.103155,1.000000,0.084471
1779542774.388030,0,1,19.349397,7.567093,2.105657,1.000000,0.084471
1779542774.398169,0,1,19.343979,7.575498,2.107967,1.000000,0.080471
1779542774.408005,0,1,19.338531,7.583884,2.110466,1.000000,0.080471
1779542774.418166,0,1,19.333075,7.592264,2.112774,1.000000,0.080471
1779542774.427977,0,1,19.327587,7.600624,2.115272,1.000000,0.077114
1779542774.437775,0,1,19.322091,7.608978,2.117580,1.000000,0.077114
1779542774.448093,0,1,19.316564,7.617311,2.120077,1.000000,0.077114
1779542774.458173,0,1,19.311028,7.625639,2.122385,1.000000,0.077114
1779542774.468451,0,1,19.305461,7.633946,2.124882,1.000000,0.077114
1779542774.477961,0,1,19.299885,7.642247,2.127190,1.000000,0.077746
1779542774.487664,0,1,19.294278,7.650527,2.129687,1.000000,0.077746
1779542774.497807,0,1,19.288662,7.658802,2.131995,1.000000,0.077746
1779542774.508139,0,1,19.283015,7.667055,2.134492,1.000000,0.077746
1779542774.518406,0,1,19.277360,7.675302,2.136800,1.000000,0.090182
1779542774.527579,0,1,19.271674,7.683528,2.139297,1.000000,0.090182
1779542774.537769,0,1,19.265979,7.691748,2.141605,1.000000,0.090182
1779542774.547579,0,1,19.260253,7.699946,2.144102,1.000000,0.091965
1779542774.558159,0,1,19.254519,7.708139,2.146410,1.000000,0.091965
1779542774.568127,0,1,19.248754,7.716310,2.148907,1.000000,0.091965
1779542774.578017,0,1,19.242980,7.724475,2.151215,1.000000,0.091965
1779542774.588006,0,1,19.237176,7.732618,2.153712,1.000000,0.087016
1779542774.597826,0,1,19.231363,7.740755,2.156020,1.000000,0.087016
1779542774.608770,0,1,19.225519,7.748870,2.158517,1.000000,0.087016
1779542774.617923,0,1,19.219668,7.756979,2.160825,1.000000,0.087016
1779542774.627597,0,1,19.213785,7.765066,2.163322,1.000000,0.082663
1779542774.637903,0,1,19.207895,7.773147,2.165630,1.000000,0.082663
1779542774.647938,0,1,19.201973,7.781205,2.168127,1.000000,0.082663
1779542774.658238,0,1,19.196044,7.789258,2.170435,1.000000,0.082663
1779542774.667832,0,1,19.190084,7.797288,2.172932,1.000000,0.087800
1779542774.678599,0,1,19.184116,7.805311,2.175240,1.000000,0.087800
1779542774.688380,0,1,19.178118,7.813313,2.177737,1.000000,0.087800
1779542774.700216,0,1,19.172111,7.821308,2.180045,1.000000,0.087800
1779542774.707737,0,1,19.166075,7.829280,2.182542,1.000000,0.088314
1779542774.718160,0,1,19.160030,7.837246,2.184850,1.000000,0.088314
1779542774.727579,0,1,19.153955,7.845190,2.187347,1.000000,0.088314
1779542774.737748,0,1,19.147872,7.853126,2.189655,1.000000,0.085130
1779542774.748943,0,1,19.141759,7.861041,2.192152,1.000000,0.085130
1779542774.758136,0,1,19.135638,7.868948,2.194460,1.000000,0.085130
1779542774.767825,0,1,19.129487,7.876833,2.196957,1.000000,0.085130
1779542774.777918,0,1,19.123327,7.884711,2.199265,1.000000,0.088767
1779542774.787973,0,1,19.117139,7.892566,2.201762,1.000000,0.088767
1779542774.798308,0,1,19.110942,7.900414,2.204070,1.000000,0.088767
1779542774.807840,0,1,19.104715,7.908239,2.206567,1.000000,0.088767
1779542774.817746,0,1,19.098481,7.916058,2.208875,1.000000,0.085299
1779542774.827808,0,1,19.092217,7.923853,2.211372,1.000000,0.085299
1779542774.838313,0,1,19.085945,7.931641,2.213680,1.000000,0.085299
1779542774.847961,0,1,19.079644,7.939406,2.216177,1.000000,0.085299
1779542774.858154,0,1,19.073334,7.947164,2.218485,1.000000,0.082151
1779542774.867941,0,1,19.066996,7.954899,2.220982,1.000000,0.082151
1779542774.878063,0,1,19.060649,7.962627,2.223290,1.000000,0.082151
1779542774.888052,0,1,19.054273,7.970331,2.225787,1.000000,0.077629
1779542774.898098,0,1,19.047890,7.978028,2.228095,1.000000,0.077629
1779542774.907603,0,1,19.041477,7.985701,2.230592,1.000000,0.077629
1779542774.918108,0,1,19.035056,7.993368,2.232900,1.000000,0.074009
1779542774.929139,0,1,19.028607,8.001010,2.235397,1.000000,0.074009
1779542774.938040,0,1,19.022150,8.008646,2.237705,1.000000,0.074009
1779542774.947715,0,1,19.015664,8.016257,2.240202,1.000000,0.074009
1779542774.957714,0,1,19.009170,8.023862,2.242510,1.000000,0.070408
1779542774.967937,0,1,19.002647,8.031442,2.245007,1.000000,0.070408
1779542774.977836,0,1,18.996117,8.039015,2.247315,1.000000,0.070408
1779542774.989336,0,1,18.989558,8.046563,2.249812,1.000000,0.070408
1779542774.997996,0,1,18.982991,8.054105,2.252120,1.000000,0.069769
1779542775.008278,0,1,18.976396,8.061622,2.254617,1.000000,0.069769
1779542775.018609,0,1,18.969793,8.069132,2.256925,1.000000,0.069769
1779542775.029427,0,1,18.963162,8.076617,2.259422,1.000000,0.069769
1779542775.038069,0,1,18.956523,8.084096,2.261730,1.000000,0.079679
1779542775.048319,0,1,18.949856,8.091549,2.264227,1.000000,0.079679
1779542775.058275,0,1,18.943181,8.098995,2.266535,1.000000,0.079679
1779542775.067976,0,1,18.936479,8.106416,2.269032,1.000000,0.079679
1779542775.078798,0,1,18.929768,8.113830,2.271340,1.000000,0.079500
1779542775.088091,0,1,18.923030,8.121219,2.273837,1.000000,0.079500
1779542775.097620,0,1,18.916284,8.128601,2.276145,1.000000,0.079500
1779542775.107957,0,1,18.909510,8.135957,2.278642,1.000000,0.079500
1779542775.118091,0,1,18.902729,8.143307,2.280950,1.000000,0.077566
1779542775.128005,0,1,18.895920,8.150631,2.283447,1.000000,0.077566
1779542775.138483,0,1,18.889103,8.157947,2.285755,1.000000,0.077566
1779542775.147944,0,1,18.882259,8.165238,2.288252,1.000000,0.077566
1779542775.158220,0,1,18.875407,8.172522,2.290560,1.000000,0.077238
1779542775.167982,0,1,18.868528,8.179780,2.293057,1.000000,0.077238
1779542775.178023,0,1,18.861641,8.187031,2.295365,1.000000,0.074952
1779542775.187582,0,1,18.854727,8.194255,2.297862,1.000000,0.074952
1779542775.198298,0,1,18.847806,8.201473,2.300170,1.000000,0.074952
1779542775.208568,0,1,18.840858,8.208665,2.302667,1.000000,0.074952
1779542775.218243,0,1,18.833902,8.215849,2.304975,1.000000,0.075749
1779542775.228038,0,1,18.826919,8.223007,2.307472,1.000000,0.075749
1779542775.238317,0,1,18.819928,8.230158,2.309780,1.000000,0.075749
1779542775.247608,0,1,18.812911,8.237282,2.312277,1.000000,0.075556
1779542775.258148,0,1,18.805886,8.244399,2.314585,1.000000,0.075556
1779542775.267827,0,1,18.798835,8.251490,2.317082,1.000000,0.075556
1779542775.278273,0,1,18.791776,8.258573,2.319390,1.000000,0.075556
1779542775.288111,0,1,18.784690,8.265630,2.321887,1.000000,0.070040
1779542775.298100,0,1,18.777598,8.272679,2.324195,1.000000,0.070040
1779542775.307709,0,1,18.770478,8.279702,2.326692,1.000000,0.070040
1779542775.318661,0,1,18.763352,8.286717,2.329000,1.000000,0.070040
1779542775.328068,0,1,18.756199,8.293705,2.331497,1.000000,0.069454
1779542775.338691,0,1,18.749039,8.300686,2.333805,1.000000,0.069454
1779542775.347745,0,1,18.741852,8.307639,2.336302,1.000000,0.069454
1779542775.357869,0,1,18.734658,8.314586,2.338610,1.000000,0.065639
1779542775.368013,0,1,18.727439,8.321505,2.341107,1.000000,0.065639
1779542775.378103,0,1,18.720212,8.328417,2.343415,1.000000,0.065639
1779542775.387992,0,1,18.712959,8.335301,2.345912,1.000000,0.061838
1779542775.398314,0,1,18.705699,8.342178,2.348220,1.000000,0.061838
1779542775.408040,0,1,18.698413,8.349027,2.350717,1.000000,0.061838
1779542775.418171,0,1,18.691136,8.355887,2.352779,1.000000,0.061838
1779542775.428485,0,1,18.683888,8.362776,2.354324,1.000000,0.057777
1779542775.437622,0,1,18.676639,8.369664,2.355940,1.000000,0.057777
1779542775.447770,0,1,18.669399,8.376562,2.357322,1.000000,0.057777
1779542775.457820,0,1,18.662146,8.383447,2.358875,1.000000,0.057777
1779542775.468477,0,1,18.654896,8.390334,2.360229,1.000000,0.052573
1779542775.478137,0,1,18.647629,8.397204,2.361770,1.000000,0.052573
1779542775.487811,0,1,18.640363,8.404074,2.363119,1.000000,0.052573
1779542775.497763,0,1,18.633078,8.410925,2.364657,1.000000,0.052573
1779542775.508275,0,1,18.625793,8.417776,2.366004,1.000000,0.068059
1779542775.518339,0,1,18.618490,8.424606,2.367541,1.000000,0.068059
1779542775.527951,0,1,18.611186,8.431436,2.368888,1.000000,0.068059
1779542775.538616,0,1,18.603846,8.438229,2.370671,1.000000,0.066838
1779542775.547993,0,1,18.596453,8.444962,2.372970,1.000000,0.066838
1779542775.558274,0,1,18.589035,8.451668,2.375197,1.000000,0.066838
1779542775.567948,0,1,18.581582,8.458336,2.377660,1.000000,0.066838
1779542775.578237,0,1,18.574116,8.464989,2.379951,1.000000,0.066665
1779542775.587876,0,1,18.566622,8.471609,2.382440,1.000000,0.066665
1779542775.598139,0,1,18.559119,8.478220,2.384743,1.000000,0.066665
1779542775.607952,0,1,18.551589,8.484801,2.387239,1.000000,0.066665
1779542775.617822,0,1,18.544053,8.491373,2.389545,1.000000,0.066284
1779542775.627802,0,1,18.536490,8.497917,2.392041,1.000000,0.066284
1779542775.638042,0,1,18.528921,8.504452,2.394348,1.000000,0.070815
1779542775.647892,0,1,18.521328,8.510958,2.396846,1.000000,0.070815
1779542775.658342,0,1,18.513727,8.517457,2.399153,1.000000,0.070815
1779542775.667925,0,1,18.506102,8.523926,2.401650,1.000000,0.065729
1779542775.678007,0,1,18.498470,8.530388,2.403958,1.000000,0.065729
1779542775.687563,0,1,18.490814,8.536821,2.406455,1.000000,0.065729
1779542775.697930,0,1,18.483151,8.543246,2.408763,1.000000,0.065729
1779542775.708241,0,1,18.475464,8.549642,2.411260,1.000000,0.062667
1779542775.718551,0,1,18.467770,8.556030,2.413568,1.000000,0.062667
1779542775.728002,0,1,18.460053,8.562389,2.416065,1.000000,0.060055
1779542775.738439,0,1,18.452344,8.568759,2.418126,1.000000,0.060055
1779542775.748118,0,1,18.444661,8.575161,2.419672,1.000000,0.060055
1779542775.757859,0,1,18.436977,8.581560,2.421288,1.000000,0.060184
1779542775.767637,0,1,18.429302,8.587971,2.422670,1.000000,0.060184
1779542775.777951,0,1,18.421615,8.594367,2.424223,1.000000,0.060184
1779542775.787950,0,1,18.413931,8.600767,2.425577,1.000000,0.056439
1779542775.798129,0,1,18.406231,8.607147,2.427118,1.000000,0.056439
1779542775.808157,0,1,18.398532,8.613528,2.428467,1.000000,0.056439
1779542775.818367,0,1,18.390815,8.619889,2.430005,1.000000,0.056566
1779542775.828908,0,1,18.383099,8.626249,2.431352,1.000000,0.056566
1779542775.837919,0,1,18.375365,8.632588,2.432889,1.000000,0.055368
1779542775.847961,0,1,18.367630,8.638927,2.434236,1.000000,0.055368
1779542775.858046,0,1,18.359878,8.645244,2.435773,1.000000,0.054169
1779542775.867503,0,1,18.352125,8.651560,2.437119,1.000000,0.054169
1779542775.878011,0,1,18.344355,8.657855,2.438656,1.000000,0.054169
1779542775.888614,0,1,18.336585,8.664149,2.440002,1.000000,0.052240
1779542775.898148,0,1,18.328796,8.670421,2.441539,1.000000,0.052240
1779542775.908252,0,1,18.321007,8.676693,2.442885,1.000000,0.050950
1779542775.918051,0,1,18.313201,8.682943,2.444422,1.000000,0.050950
1779542775.928138,0,1,18.305394,8.689192,2.445768,1.000000,0.050950
1779542775.937900,0,1,18.297570,8.695419,2.447305,1.000000,0.049065
1779542775.947843,0,1,18.289745,8.701646,2.448651,1.000000,0.049065
1779542775.958037,0,1,18.281903,8.707851,2.450188,1.000000,0.047676
1779542775.968265,0,1,18.274060,8.714055,2.451534,1.000000,0.047676
1779542775.978023,0,1,18.266200,8.720237,2.453071,1.000000,0.047676
1779542775.987988,0,1,18.258339,8.726418,2.454417,1.000000,0.065368
1779542775.997989,0,1,18.250461,8.732578,2.455954,1.000000,0.065368
1779542776.007744,0,1,18.242583,8.738736,2.457300,1.000000,0.063096
1779542776.017982,0,1,18.234672,8.744854,2.459083,1.000000,0.063096
1779542776.027903,0,1,18.226713,8.750908,2.461382,1.000000,0.063096
1779542776.037818,0,1,18.218747,8.756953,2.463363,1.000000,0.062063
1779542776.049069,0,1,18.210797,8.763018,2.464873,1.000000,0.062063
1779542776.058017,0,1,18.202840,8.769075,2.466474,1.000000,0.064315
1779542776.068130,0,1,18.194888,8.775139,2.467847,1.000000,0.064315
1779542776.078362,0,1,18.186908,8.781166,2.469641,1.000000,0.062357
1779542776.088098,0,1,18.178883,8.787132,2.471946,1.000000,0.062357
1779542776.098144,0,1,18.170851,8.793089,2.473930,1.000000,0.062357
1779542776.108231,0,1,18.162836,8.799069,2.475442,1.000000,0.061753
1779542776.118201,0,1,18.154815,8.805040,2.477043,1.000000,0.061753
1779542776.127648,0,1,18.146799,8.811019,2.478417,1.000000,0.060446
1779542776.138272,0,1,18.138770,8.816981,2.479966,1.000000,0.060446
1779542776.147998,0,1,18.130743,8.822944,2.481318,1.000000,0.060446
1779542776.158049,0,1,18.122700,8.828887,2.482858,1.000000,0.064671
1779542776.167913,0,1,18.114658,8.834830,2.484206,1.000000,0.064671
1779542776.178135,0,1,18.106585,8.840732,2.485990,1.000000,0.062337
1779542776.188206,0,1,18.098466,8.846569,2.488289,1.000000,0.062337
1779542776.197708,0,1,18.090339,8.852397,2.490271,1.000000,0.065635
1779542776.207655,0,1,18.082228,8.858246,2.491781,1.000000,0.065635
1779542776.217700,0,1,18.074097,8.864067,2.493628,1.000000,0.065635
1779542776.227774,0,1,18.065925,8.869831,2.495953,1.000000,0.063212
1779542776.237638,0,1,18.057736,8.875569,2.498192,1.000000,0.063212
1779542776.247597,0,1,18.049518,8.881268,2.500661,1.000000,0.061024
1779542776.257892,0,1,18.041304,8.886972,2.502709,1.000000,0.061024
1779542776.267788,0,1,18.033112,8.892706,2.504248,1.000000,0.063058
1779542776.277531,0,1,18.024917,8.898437,2.505861,1.000000,0.063058
1779542776.287809,0,1,18.016729,8.904178,2.507240,1.000000,0.060627
1779542776.297721,0,1,18.008530,8.909903,2.508792,1.000000,0.060627
1779542776.307469,0,1,18.000334,8.915631,2.510146,1.000000,0.060627
1779542776.318875,0,1,17.992122,8.921339,2.511687,1.000000,0.061506
1779542776.327735,0,1,17.983912,8.927047,2.513035,1.000000,0.061506
1779542776.337410,0,1,17.975686,8.932733,2.514573,1.000000,0.059681
1779542776.347571,0,1,17.967459,8.938419,2.515920,1.000000,0.059681
1779542776.358285,0,1,17.959218,8.944082,2.517457,1.000000,0.059681
1779542776.367687,0,1,17.950975,8.949745,2.518804,1.000000,0.058541
1779542776.377595,0,1,17.942717,8.955385,2.520341,1.000000,0.058541
1779542776.387866,0,1,17.934459,8.961024,2.521687,1.000000,0.057373
1779542776.397520,0,1,17.926185,8.966640,2.523224,1.000000,0.057373
1779542776.407945,0,1,17.917910,8.972255,2.524570,1.000000,0.056177
1779542776.417997,0,1,17.909620,8.977847,2.526107,1.000000,0.056177
1779542776.427832,0,1,17.901329,8.983438,2.527453,1.000000,0.054948
1779542776.437860,0,1,17.893023,8.989006,2.528990,1.000000,0.054948
1779542776.447953,0,1,17.884716,8.994574,2.530336,1.000000,0.054948
1779542776.458010,0,1,17.876393,9.000118,2.531873,1.000000,0.053113
1779542776.467864,0,1,17.868071,9.005661,2.533219,1.000000,0.053113
1779542776.478164,0,1,17.859732,9.011181,2.534756,1.000000,0.061638
1779542776.487758,0,1,17.851394,9.016701,2.536102,1.000000,0.061638
1779542776.497634,0,1,17.843039,9.022197,2.537639,1.000000,0.061638
1779542776.507889,0,1,17.834685,9.027692,2.538985,1.000000,0.065571
1779542776.517970,0,1,17.826315,9.033164,2.540522,1.000000,0.065571
1779542776.527837,0,1,17.817944,9.038636,2.541868,1.000000,0.064576
1779542776.537916,0,1,17.809545,9.044063,2.543651,1.000000,0.064576
1779542776.548118,0,1,17.801103,9.049424,2.545950,1.000000,0.064576
1779542776.557831,0,1,17.792642,9.054753,2.548177,1.000000,0.066276
1779542776.567982,0,1,17.784153,9.060039,2.550640,1.000000,0.066276
1779542776.577687,0,1,17.775653,9.065307,2.552931,1.000000,0.065295
1779542776.587832,0,1,17.767131,9.070539,2.555420,1.000000,0.065295
1779542776.597692,0,1,17.758602,9.075760,2.557723,1.000000,0.065295
1779542776.608151,0,1,17.750053,9.080947,2.560218,1.000000,0.065717
1779542776.617833,0,1,17.741497,9.086124,2.562524,1.000000,0.065717
1779542776.627645,0,1,17.732921,9.091268,2.565021,1.000000,0.063170
1779542776.638034,0,1,17.724340,9.096403,2.567328,1.000000,0.063170
1779542776.647703,0,1,17.715740,9.101505,2.569825,1.000000,0.065722
1779542776.657958,0,1,17.707147,9.106619,2.571887,1.000000,0.065722
1779542776.667811,0,1,17.698574,9.111768,2.573432,1.000000,0.065722
1779542776.678288,0,1,17.689989,9.116895,2.575294,1.000000,0.061111
1779542776.687997,0,1,17.681370,9.121966,2.577628,1.000000,0.061111
1779542776.697896,0,1,17.672749,9.127034,2.579625,1.000000,0.061621
1779542776.707821,0,1,17.664145,9.132130,2.581144,1.000000,0.061621
1779542776.718849,0,1,17.655537,9.137219,2.582749,1.000000,0.061621
1779542776.727765,0,1,17.646934,9.142317,2.584124,1.000000,0.058380
1779542776.738210,0,1,17.638320,9.147396,2.585674,1.000000,0.058380
1779542776.748009,0,1,17.629708,9.152479,2.587027,1.000000,0.060358
1779542776.758896,0,1,17.621083,9.157540,2.588567,1.000000,0.060358
1779542776.768016,0,1,17.612458,9.162601,2.589916,1.000000,0.060358
1779542776.778117,0,1,17.603820,9.167639,2.591453,1.000000,0.058424
1779542776.787747,0,1,17.595181,9.172676,2.592800,1.000000,0.058424
1779542776.797810,0,1,17.586529,9.177689,2.594337,1.000000,0.061834
1779542776.807566,0,1,17.577876,9.182702,2.595684,1.000000,0.061834
1779542776.818445,0,1,17.569209,9.187691,2.597221,1.000000,0.061834
1779542776.827592,0,1,17.560542,9.192679,2.598567,1.000000,0.059542
1779542776.838108,0,1,17.551861,9.197643,2.600104,1.000000,0.059542
1779542776.848039,0,1,17.543180,9.202606,2.601450,1.000000,0.058449
1779542776.857919,0,1,17.534485,9.207545,2.602987,1.000000,0.058449
1779542776.867732,0,1,17.525789,9.212483,2.604333,1.000000,0.057317
1779542776.878010,0,1,17.517079,9.217397,2.605870,1.000000,0.057317
1779542776.887746,0,1,17.508369,9.222310,2.607216,1.000000,0.056154
1779542776.898038,0,1,17.499646,9.227198,2.608753,1.000000,0.056154
1779542776.908002,0,1,17.490922,9.232086,2.610099,1.000000,0.056154
1779542776.917855,0,1,17.482184,9.236949,2.611636,1.000000,0.054425
1779542776.927804,0,1,17.473446,9.241812,2.612982,1.000000,0.054425
1779542776.937832,0,1,17.464694,9.246650,2.614519,1.000000,0.054425
1779542776.948028,0,1,17.455942,9.251488,2.615865,1.000000,0.054117
1779542776.957975,0,1,17.447177,9.256301,2.617402,1.000000,0.054117
1779542776.967795,0,1,17.438411,9.261113,2.618748,1.000000,0.054117
1779542776.978023,0,1,17.429631,9.265901,2.620285,1.000000,0.052256
1779542776.987495,0,1,17.420852,9.270688,2.621631,1.000000,0.052256
1779542776.998147,0,1,17.412058,9.275450,2.623168,1.000000,0.062909
1779542777.007869,0,1,17.403265,9.280212,2.624514,1.000000,0.062909
1779542777.018315,0,1,17.394458,9.284949,2.626051,1.000000,0.060630
1779542777.027908,0,1,17.385651,9.289685,2.627397,1.000000,0.060630
1779542777.037923,0,1,17.376830,9.294396,2.628934,1.000000,0.060630
1779542777.047919,0,1,17.368009,9.299107,2.630280,1.000000,0.063416
1779542777.057512,0,1,17.359175,9.303793,2.631817,1.000000,0.063416
1779542777.067849,0,1,17.350341,9.308479,2.633163,1.000000,0.061792
1779542777.077528,0,1,17.341493,9.313139,2.634700,1.000000,0.061792
1779542777.087496,0,1,17.332645,9.317799,2.636046,1.000000,0.061792
1779542777.097603,0,1,17.323784,9.322434,2.637583,1.000000,0.063764
1779542777.107821,0,1,17.314923,9.327069,2.638929,1.000000,0.063764
1779542777.117885,0,1,17.306049,9.331678,2.640466,1.000000,0.063764
1779542777.127955,0,1,17.297174,9.336287,2.641812,1.000000,0.061522
1779542777.137649,0,1,17.288287,9.340871,2.643349,1.000000,0.061522
1779542777.147631,0,1,17.279399,9.345454,2.644695,1.000000,0.064260
1779542777.157500,0,1,17.270498,9.350012,2.646232,1.000000,0.064260
1779542777.167947,0,1,17.261597,9.354570,2.647578,1.000000,0.062641
1779542777.177642,0,1,17.252673,9.359081,2.649361,1.000000,0.062641
1779542777.187688,0,1,17.243712,9.363521,2.651660,1.000000,0.062641
1779542777.198251,0,1,17.234746,9.367949,2.653641,1.000000,0.064813
1779542777.208085,0,1,17.225792,9.372402,2.655151,1.000000,0.064813
1779542777.217693,0,1,17.216823,9.376823,2.656998,1.000000,0.064813
1779542777.227799,0,1,17.207822,9.381181,2.659323,1.000000,0.062420
1779542777.237941,0,1,17.198808,9.385511,2.661562,1.000000,0.062420
1779542777.247676,0,1,17.189774,9.389797,2.664031,1.000000,0.062420
1779542777.258010,0,1,17.180741,9.394089,2.666079,1.000000,0.062553
1779542777.268391,0,1,17.171726,9.398415,2.667617,1.000000,0.062553
1779542777.277498,0,1,17.162708,9.402737,2.669231,1.000000,0.062553
1779542777.287473,0,1,17.153695,9.407070,2.670610,1.000000,0.062553
1779542777.297648,0,1,17.144674,9.411385,2.672162,1.000000,0.063697
1779542777.307828,0,1,17.135655,9.415704,2.673516,1.000000,0.063697
1779542777.317907,0,1,17.126625,9.420000,2.675056,1.000000,0.059516
1779542777.327781,0,1,17.117595,9.424297,2.676405,1.000000,0.059516
1779542777.337786,0,1,17.108553,9.428569,2.677943,1.000000,0.058273
1779542777.348276,0,1,17.099512,9.432841,2.679290,1.000000,0.058273
1779542777.357945,0,1,17.090459,9.437089,2.680827,1.000000,0.057068
1779542777.367733,0,1,17.081405,9.441335,2.682174,1.000000,0.057068
1779542777.377563,0,1,17.072340,9.445557,2.683710,1.000000,0.055845
1779542777.387890,0,1,17.063274,9.449777,2.685057,1.000000,0.055845
1779542777.397793,0,1,17.054197,9.453973,2.686594,1.000000,0.056280
1779542777.407589,0,1,17.045119,9.458167,2.687940,1.000000,0.056280
1779542777.417598,0,1,17.036030,9.462337,2.689477,1.000000,0.054326
1779542777.427349,0,1,17.026940,9.466505,2.690823,1.000000,0.054326
1779542777.437722,0,1,17.017839,9.470648,2.692360,1.000000,0.054326
1779542777.447537,0,1,17.008737,9.474790,2.693706,1.000000,0.061837
1779542777.458276,0,1,16.999624,9.478907,2.695243,1.000000,0.061837
1779542777.467859,0,1,16.990510,9.483023,2.696589,1.000000,0.060176
1779542777.478069,0,1,16.981385,9.487114,2.698126,1.000000,0.060176
1779542777.487852,0,1,16.972259,9.491203,2.699472,1.000000,0.063910
1779542777.498039,0,1,16.963123,9.495267,2.701009,1.000000,0.063910
1779542777.508933,0,1,16.953985,9.499331,2.702355,1.000000,0.061721
1779542777.518260,0,1,16.944832,9.503358,2.704015,1.000000,0.061721
1779542777.527563,0,1,16.935667,9.507358,2.705714,1.000000,0.061721
1779542777.537801,0,1,16.926505,9.511366,2.707120,1.000000,0.060644
1779542777.547953,0,1,16.917335,9.515353,2.708679,1.000000,0.060644
1779542777.557799,0,1,16.908165,9.519342,2.710035,1.000000,0.061098
1779542777.568043,0,1,16.898984,9.523307,2.711575,1.000000,0.061098
1779542777.577823,0,1,16.889804,9.527272,2.712924,1.000000,0.059629
1779542777.587597,0,1,16.880613,9.531212,2.714461,1.000000,0.059629
1779542777.597568,0,1,16.871421,9.535151,2.715808,1.000000,0.059629
1779542777.607739,0,1,16.862219,9.539065,2.717345,1.000000,0.060997
1779542777.617899,0,1,16.853017,9.542979,2.718692,1.000000,0.060997
1779542777.627803,0,1,16.843803,9.546866,2.720228,1.000000,0.059891
1779542777.638035,0,1,16.834590,9.550753,2.721575,1.000000,0.059891
1779542777.648164,0,1,16.825365,9.554615,2.723112,1.000000,0.061250
1779542777.657594,0,1,16.816141,9.558475,2.724458,1.000000,0.061250
1779542777.667876,0,1,16.806905,9.562310,2.725995,1.000000,0.059591
1779542777.677737,0,1,16.797669,9.566143,2.727341,1.000000,0.059591
1779542777.687911,0,1,16.788422,9.569951,2.728878,1.000000,0.059591
1779542777.697923,0,1,16.779176,9.573759,2.730224,1.000000,0.062134
1779542777.707876,0,1,16.769918,9.577540,2.731761,1.000000,0.062134
1779542777.717982,0,1,16.760660,9.581320,2.733107,1.000000,0.060535
1779542777.727844,0,1,16.751392,9.585075,2.734644,1.000000,0.060535
1779542777.737710,0,1,16.742123,9.588829,2.735990,1.000000,0.060535
1779542777.747452,0,1,16.732844,9.592557,2.737527,1.000000,0.062386
1779542777.759953,0,1,16.723564,9.596284,2.738873,1.000000,0.062386
1779542777.767507,0,1,16.714275,9.599985,2.740410,1.000000,0.060784
1779542777.778275,0,1,16.704984,9.603685,2.741756,1.000000,0.060784
1779542777.788652,0,1,16.695684,9.607359,2.743293,1.000000,0.060784
1779542777.797680,0,1,16.686383,9.611033,2.744639,1.000000,0.061120
1779542777.807986,0,1,16.677072,9.614680,2.746176,1.000000,0.061120
1779542777.817833,0,1,16.667761,9.618327,2.747522,1.000000,0.060026
1779542777.827945,0,1,16.658439,9.621948,2.749059,1.000000,0.060026
1779542777.837838,0,1,16.649117,9.625567,2.750405,1.000000,0.060026
1779542777.847627,0,1,16.639785,9.629161,2.751942,1.000000,0.058353
1779542777.858079,0,1,16.630453,9.632754,2.753288,1.000000,0.058353
1779542777.867597,0,1,16.621111,9.636321,2.754825,1.000000,0.057160
1779542777.877885,0,1,16.611768,9.639887,2.756171,1.000000,0.057160
1779542777.887641,0,1,16.602416,9.643427,2.757708,1.000000,0.055914
1779542777.897964,0,1,16.593063,9.646966,2.759054,1.000000,0.055914
1779542777.907951,0,1,16.583700,9.650479,2.760591,1.000000,0.055914
1779542777.918005,0,1,16.574337,9.653991,2.761937,1.000000,0.057170
1779542777.927818,0,1,16.564965,9.657476,2.763474,1.000000,0.057170
1779542777.938178,0,1,16.555591,9.660962,2.764820,1.000000,0.057170
1779542777.948133,0,1,16.546209,9.664420,2.766357,1.000000,0.062242
1779542777.958010,0,1,16.536826,9.667878,2.767703,1.000000,0.062242
1779542777.967667,0,1,16.527433,9.671310,2.769240,1.000000,0.062242
1779542777.978497,0,1,16.518040,9.674741,2.770586,1.000000,0.059962
1779542777.987592,0,1,16.508637,9.678146,2.772123,1.000000,0.059962
1779542777.998329,0,1,16.499235,9.681550,2.773469,1.000000,0.059962
1779542778.007884,0,1,16.489822,9.684927,2.775006,1.000000,0.061174
1779542778.018311,0,1,16.480410,9.688304,2.776352,1.000000,0.061174
1779542778.028149,0,1,16.470988,9.691654,2.777889,1.000000,0.060062
1779542778.038146,0,1,16.461565,9.695004,2.779235,1.000000,0.060062
1779542778.048312,0,1,16.452134,9.698327,2.780772,1.000000,0.060062
1779542778.057766,0,1,16.442702,9.701650,2.782118,1.000000,0.061563
1779542778.067798,0,1,16.433260,9.704946,2.783655,1.000000,0.061563
1779542778.077555,0,1,16.423819,9.708241,2.785001,1.000000,0.061563
1779542778.087843,0,1,16.414368,9.711510,2.786538,1.000000,0.059981
1779542778.097893,0,1,16.404917,9.714778,2.787884,1.000000,0.059981
1779542778.108016,0,1,16.395457,9.718019,2.789421,1.000000,0.059981
1779542778.118328,0,1,16.385997,9.721260,2.790767,1.000000,0.060239
1779542778.127474,0,1,16.376528,9.724474,2.792304,1.000000,0.060239
1779542778.137730,0,1,16.367058,9.727687,2.793650,1.000000,0.060239
1779542778.148067,0,1,16.357579,9.730874,2.795187,1.000000,0.061888
1779542778.157943,0,1,16.348101,9.734060,2.796533,1.000000,0.061888
1779542778.167971,0,1,16.338613,9.737220,2.798070,1.000000,0.060288
1779542778.178260,0,1,16.329125,9.740379,2.799416,1.000000,0.060288
1779542778.187829,0,1,16.319628,9.743511,2.800953,1.000000,0.060288
1779542778.198081,0,1,16.310131,9.746642,2.802299,1.000000,0.062143
1779542778.207564,0,1,16.300625,9.749747,2.803836,1.000000,0.062143
1779542778.217943,0,1,16.291119,9.752851,2.805182,1.000000,0.059355
1779542778.228074,0,1,16.281604,9.755929,2.806719,1.000000,0.059355
1779542778.237730,0,1,16.272089,9.759005,2.808065,1.000000,0.059355
1779542778.247618,0,1,16.262566,9.762055,2.809602,1.000000,0.057624
1779542778.257766,0,1,16.253042,9.765104,2.810948,1.000000,0.057624
1779542778.267687,0,1,16.243510,9.768127,2.812484,1.000000,0.059791
1779542778.277904,0,1,16.233977,9.771148,2.813831,1.000000,0.059791
1779542778.287993,0,1,16.224436,9.774144,2.815367,1.000000,0.059791
1779542778.297956,0,1,16.214895,9.777138,2.816714,1.000000,0.059791
1779542778.308157,0,1,16.205346,9.780105,2.818250,1.000000,0.060164
1779542778.317846,0,1,16.195796,9.783072,2.819597,1.000000,0.060164
1779542778.328479,0,1,16.186238,9.786012,2.821133,1.000000,0.059041
1779542778.337669,0,1,16.176679,9.788951,2.822480,1.000000,0.059041
1779542778.348149,0,1,16.167113,9.791863,2.824016,1.000000,0.059041
1779542778.357837,0,1,16.157546,9.794775,2.825363,1.000000,0.057184
1779542778.367836,0,1,16.147971,9.797660,2.826899,1.000000,0.057184
1779542778.377929,0,1,16.138396,9.800544,2.828246,1.000000,0.055956
1779542778.388033,0,1,16.128813,9.803401,2.829782,1.000000,0.055956
1779542778.398216,0,1,16.119230,9.806257,2.831129,1.000000,0.055956
1779542778.408051,0,1,16.109638,9.809087,2.832665,1.000000,0.054085
1779542778.417789,0,1,16.100047,9.811915,2.834012,1.000000,0.054085
1779542778.427966,0,1,16.090447,9.814717,2.835548,1.000000,0.052774
1779542778.438731,0,1,16.080848,9.817518,2.836895,1.000000,0.052774
1779542778.447915,0,1,16.071240,9.820292,2.838431,1.000000,0.052774
1779542778.457706,0,1,16.061632,9.823066,2.839778,1.000000,0.050643
1779542778.467673,0,1,16.052017,9.825812,2.841314,1.000000,0.050643
1779542778.478157,0,1,16.042401,9.828558,2.842661,1.000000,0.050643
1779542778.488239,0,1,16.032778,9.831276,2.844197,1.000000,0.056260
1779542778.498019,0,1,16.023154,9.833994,2.845544,1.000000,0.056260
1779542778.508024,0,1,16.013523,9.836685,2.847080,1.000000,0.056260
1779542778.518427,0,1,16.003892,9.839375,2.848427,1.000000,0.057138
1779542778.527874,0,1,15.994253,9.842039,2.849963,1.000000,0.057138
1779542778.537768,0,1,15.984614,9.844701,2.851310,1.000000,0.057138
1779542778.547913,0,1,15.974968,9.847336,2.852846,1.000000,0.059551
1779542778.558060,0,1,15.965321,9.849971,2.854193,1.000000,0.059551
1779542778.567983,0,1,15.955667,9.852579,2.855729,1.000000,0.057916
1779542778.578232,0,1,15.946013,9.855185,2.857076,1.000000,0.057916
1779542778.587636,0,1,15.936351,9.857765,2.858612,1.000000,0.057916
1779542778.597987,0,1,15.926689,9.860344,2.859959,1.000000,0.056702
1779542778.607814,0,1,15.917020,9.862896,2.861495,1.000000,0.056702
1779542778.618094,0,1,15.907351,9.865447,2.862842,1.000000,0.056702
1779542778.627972,0,1,15.897675,9.867971,2.864378,1.000000,0.057308
1779542778.638075,0,1,15.887999,9.870494,2.865725,1.000000,0.057308
1779542778.648169,0,1,15.878315,9.872990,2.867261,1.000000,0.058632
1779542778.658309,0,1,15.868631,9.875485,2.868608,1.000000,0.058632
1779542778.667662,0,1,15.858941,9.877953,2.870144,1.000000,0.058632
1779542778.677853,0,1,15.849250,9.880421,2.871491,1.000000,0.056263
1779542778.689425,0,1,15.839552,9.882861,2.873027,1.000000,0.056263
1779542778.697791,0,1,15.829854,9.885300,2.874374,1.000000,0.056263
1779542778.707470,0,1,15.820150,9.887713,2.875910,1.000000,0.057138
1779542778.718174,0,1,15.810445,9.890124,2.877257,1.000000,0.057138
1779542778.728028,0,1,15.800733,9.892508,2.878793,1.000000,0.057138
1779542778.738122,0,1,15.791021,9.894892,2.880140,1.000000,0.055939
1779542778.747466,0,1,15.781303,9.897248,2.881676,1.000000,0.055939
1779542778.757816,0,1,15.771584,9.899603,2.883023,1.000000,0.055939
1779542778.767951,0,1,15.761859,9.901931,2.884559,1.000000,0.055470
1779542778.778128,0,1,15.752134,9.904259,2.885906,1.000000,0.055470
1779542778.787639,0,1,15.742402,9.906559,2.887442,1.000000,0.054241
1779542778.797878,0,1,15.732670,9.908858,2.888789,1.000000,0.054241
1779542778.808528,0,1,15.722931,9.911130,2.890325,1.000000,0.054241
1779542778.819856,0,1,15.713193,9.913402,2.891672,1.000000,0.054241
1779542778.828040,0,1,15.703448,9.915646,2.893208,1.000000,0.056055
1779542778.837901,0,1,15.693703,9.917889,2.894555,1.000000,0.056055
1779542778.847718,0,1,15.683951,9.920105,2.896091,1.000000,0.054098
1779542778.858121,0,1,15.674200,9.922320,2.897438,1.000000,0.054098
1779542778.867835,0,1,15.664442,9.924508,2.898974,1.000000,0.052198
1779542778.878319,0,1,15.654684,9.926694,2.900321,1.000000,0.052198
1779542778.887681,0,1,15.644920,9.928854,2.901857,1.000000,0.052198
1779542778.898123,0,1,15.635156,9.931013,2.903204,1.000000,0.050133
1779542778.908110,0,1,15.625386,9.933144,2.904740,1.000000,0.050133
1779542778.917702,0,1,15.615615,9.935275,2.906087,1.000000,0.050133
1779542778.928071,0,1,15.605839,9.937378,2.907623,1.000000,0.048742
1779542778.938313,0,1,15.596062,9.939481,2.908970,1.000000,0.048742
1779542778.949999,0,1,15.586280,9.941556,2.910506,1.000000,0.046666
1779542778.958000,0,1,15.576498,9.943630,2.911853,1.000000,0.046666
1779542778.968114,0,1,15.566709,9.945677,2.913389,1.000000,0.046666
1779542778.977969,0,1,15.556921,9.947723,2.914736,1.000000,0.046911
1779542778.988632,0,1,15.547127,9.949742,2.916272,1.000000,0.046911
1779542778.998256,0,1,15.537332,9.951760,2.917619,1.000000,0.046911
1779542779.007990,0,1,15.527533,9.953750,2.919155,1.000000,0.046911
1779542779.018486,0,1,15.517732,9.955740,2.920502,1.000000,0.052807
1779542779.027994,0,1,15.507927,9.957702,2.922038,1.000000,0.052807
1779542779.038545,0,1,15.498121,9.959663,2.923385,1.000000,0.052807
1779542779.048105,0,1,15.488310,9.961597,2.924921,1.000000,0.052807
1779542779.058024,0,1,15.478498,9.963530,2.926268,1.000000,0.053856
1779542779.067951,0,1,15.468682,9.965436,2.927804,1.000000,0.053856
1779542779.079686,0,1,15.458865,9.967340,2.929151,1.000000,0.053856
1779542779.089317,0,1,15.449043,9.969218,2.930687,1.000000,0.053856
1779542779.097908,0,1,15.439220,9.971094,2.932034,1.000000,0.050852
1779542779.107644,0,1,15.429393,9.972943,2.933570,1.000000,0.050852
1779542779.118105,0,1,15.419565,9.974791,2.934917,1.000000,0.052179
1779542779.127918,0,1,15.409732,9.976612,2.936453,1.000000,0.052179
1779542779.138174,0,1,15.399899,9.978432,2.937800,1.000000,0.052179
1779542779.147746,0,1,15.390061,9.980224,2.939336,1.000000,0.052934
1779542779.158158,0,1,15.380223,9.982015,2.940683,1.000000,0.052934
1779542779.168013,0,1,15.370380,9.983779,2.942219,1.000000,0.052934
1779542779.177958,0,1,15.360536,9.985542,2.943566,1.000000,0.050492
1779542779.187987,0,1,15.350688,9.987278,2.945102,1.000000,0.050492
1779542779.198110,0,1,15.340840,9.989012,2.946449,1.000000,0.050492
1779542779.207975,0,1,15.330986,9.990719,2.947985,1.000000,0.050574
1779542779.218302,0,1,15.321133,9.992426,2.949332,1.000000,0.050574
1779542779.228476,0,1,15.311275,9.994104,2.950868,1.000000,0.049250
1779542779.237564,0,1,15.301417,9.995782,2.952215,1.000000,0.049250
1779542779.248245,0,1,15.291554,9.997432,2.953751,1.000000,0.049250
1779542779.257708,0,1,15.281691,9.999082,2.955098,1.000000,0.049767
1779542779.268215,0,1,15.271823,10.000704,2.956634,1.000000,0.049767
1779542779.277868,0,1,15.261955,10.002325,2.957981,1.000000,0.049767
1779542779.287774,0,1,15.252083,10.003918,2.959517,1.000000,0.047816
1779542779.298226,0,1,15.242211,10.005511,2.960864,1.000000,0.047816
1779542779.307713,0,1,15.232334,10.007075,2.962400,1.000000,0.047816
1779542779.317636,0,1,15.222457,10.008640,2.963747,1.000000,0.048101
1779542779.327711,0,1,15.212576,10.010176,2.965283,1.000000,0.048101
1779542779.338289,0,1,15.202694,10.011712,2.966630,1.000000,0.046733
1779542779.348034,0,1,15.192809,10.013219,2.968166,1.000000,0.046733
1779542779.357743,0,1,15.182923,10.014727,2.969513,1.000000,0.046733
1779542779.367915,0,1,15.173033,10.016206,2.971049,1.000000,0.044670
1779542779.378008,0,1,15.163143,10.017684,2.972396,1.000000,0.044670
1779542779.388152,0,1,15.153249,10.019135,2.973932,1.000000,0.044670
1779542779.398278,0,1,15.143355,10.020585,2.975279,1.000000,0.043202
1779542779.407745,0,1,15.133456,10.022008,2.976815,1.000000,0.043202
1779542779.417762,0,1,15.123558,10.023429,2.978162,1.000000,0.040861
1779542779.428414,0,1,15.113655,10.024823,2.979698,1.000000,0.040861
1779542779.437741,0,1,15.103753,10.026216,2.981045,1.000000,0.039307
1779542779.448245,0,1,15.093847,10.027581,2.982581,1.000000,0.039307
1779542779.457523,0,1,15.083940,10.028946,2.983928,1.000000,0.039307
1779542779.467790,0,1,15.074030,10.030283,2.985464,1.000000,0.036989
1779542779.477849,0,1,15.064119,10.031618,2.986811,1.000000,0.036989
1779542779.488432,0,1,15.054205,10.032927,2.988347,1.000000,0.036989
1779542779.498436,0,1,15.044291,10.034234,2.989694,1.000000,0.043244
1779542779.508765,0,1,15.034373,10.035513,2.991230,1.000000,0.043244
1779542779.519867,0,1,15.024456,10.036792,2.992577,1.000000,0.043244
1779542779.527893,0,1,15.014534,10.038043,2.994113,1.000000,0.042854
1779542779.538336,0,1,15.004613,10.039293,2.995460,1.000000,0.042854
1779542779.548010,0,1,14.994688,10.040515,2.996996,1.000000,0.042854
1779542779.558300,0,1,14.984762,10.041737,2.998343,1.000000,0.044501
1779542779.567674,0,1,14.974834,10.042931,2.999879,1.000000,0.044501
1779542779.578368,0,1,14.964905,10.044123,3.001226,1.000000,0.044501
1779542779.588225,0,1,14.954973,10.045289,3.002762,1.000000,0.042429
1779542779.597887,0,1,14.945041,10.046453,3.004109,1.000000,0.042429
1779542779.607540,0,1,14.935106,10.047589,3.005645,1.000000,0.042429
1779542779.617993,0,1,14.925171,10.048725,3.006992,1.000000,0.042415
1779542779.627853,0,1,14.915232,10.049833,3.008528,1.000000,0.042415
1779542779.638032,0,1,14.905294,10.050940,3.009875,1.000000,0.042415
1779542779.647888,0,1,14.895352,10.052019,3.011411,1.000000,0.043411
1779542779.657703,0,1,14.885411,10.053097,3.012758,1.000000,0.043411
1779542779.667475,0,1,14.875466,10.054147,3.014294,1.000000,0.041508
1779542779.677990,0,1,14.865521,10.055197,3.015641,1.000000,0.041508
1779542779.688024,0,1,14.855574,10.056219,3.017177,1.000000,0.041508
1779542779.697747,0,1,14.845626,10.057240,3.018524,1.000000,0.040010
1779542779.708224,0,1,14.835675,10.058233,3.020060,1.000000,0.040010
1779542779.717992,0,1,14.825725,10.059225,3.021407,1.000000,0.040034
1779542779.728092,0,1,14.815771,10.060190,3.022943,1.000000,0.040034
1779542779.737921,0,1,14.805818,10.061153,3.024290,1.000000,0.040034
1779542779.747974,0,1,14.795862,10.062089,3.025826,1.000000,0.041180
1779542779.757700,0,1,14.785905,10.063024,3.027173,1.000000,0.041180
1779542779.767892,0,1,14.775947,10.063931,3.028709,1.000000,0.041180
1779542779.777943,0,1,14.765988,10.064837,3.030056,1.000000,0.038402
1779542779.787843,0,1,14.756027,10.065715,3.031592,1.000000,0.038402
1779542779.797936,0,1,14.746065,10.066593,3.032939,1.000000,0.038402
1779542779.807641,0,1,14.736101,10.067442,3.034475,1.000000,0.038919
1779542779.817900,0,1,14.726137,10.068291,3.035822,1.000000,0.038919
1779542779.828134,0,1,14.716171,10.069112,3.037358,1.000000,0.037384
1779542779.837782,0,1,14.706205,10.069932,3.038705,1.000000,0.037384
1779542779.847947,0,1,14.696236,10.070724,3.040241,1.000000,0.037384
1779542779.858216,0,1,14.686268,10.071515,3.041588,1.000000,0.034937
1779542779.867913,0,1,14.676297,10.072279,3.043124,1.000000,0.034937
1779542779.878191,0,1,14.666326,10.073041,3.044471,1.000000,0.033314
1779542779.887921,0,1,14.656353,10.073776,3.046007,1.000000,0.033314
1779542779.898121,0,1,14.646380,10.074510,3.047354,1.000000,0.033314
1779542779.907855,0,1,14.636405,10.075215,3.048890,1.000000,0.030905
1779542779.917902,0,1,14.626430,10.075920,3.050237,1.000000,0.030905
1779542779.928013,0,1,14.616453,10.076598,3.051773,1.000000,0.030905
1779542779.938339,0,1,14.606477,10.077298,3.052874,1.000000,0.028260
1779542779.947896,0,1,14.596505,10.078049,3.053458,1.000000,0.028260
1779542779.958138,0,1,14.586534,10.078808,3.054113,1.000000,0.026478
1779542779.967931,0,1,14.576565,10.079590,3.054534,1.000000,0.026478
1779542779.977841,0,1,14.566595,10.080363,3.055126,1.000000,0.026478
1779542779.987654,0,1,14.556626,10.081150,3.055519,1.000000,0.026503
1779542779.998034,0,1,14.546656,10.081922,3.056099,1.000000,0.026503
1779542780.007471,0,1,14.536686,10.082704,3.056487,1.000000,0.026503
1779542780.017893,0,1,14.526716,10.083469,3.057064,1.000000,0.035396
1779542780.027444,0,1,14.516746,10.084244,3.057450,1.000000,0.035396
1779542780.037992,0,1,14.506773,10.084977,3.058272,1.000000,0.038744
1779542780.047673,0,1,14.496795,10.085639,3.059611,1.000000,0.038744
1779542780.057688,0,1,14.486815,10.086276,3.060877,1.000000,0.038744
1779542780.068302,0,1,14.476833,10.086869,3.062379,1.000000,0.037881
1779542780.078335,0,1,14.466850,10.087453,3.063709,1.000000,0.037881
1779542780.087584,0,1,14.456865,10.088003,3.065237,1.000000,0.037727
1779542780.097479,0,1,14.446880,10.088550,3.066579,1.000000,0.037727
1779542780.107843,0,1,14.436893,10.089066,3.068114,1.000000,0.037727
1779542780.118076,0,1,14.426906,10.089581,3.069459,1.000000,0.038454
1779542780.127518,0,1,14.416918,10.090067,3.070994,1.000000,0.038454
1779542780.138022,0,1,14.406930,10.090552,3.072340,1.000000,0.036939
1779542780.147988,0,1,14.396940,10.091009,3.073877,1.000000,0.036939
1779542780.158192,0,1,14.386951,10.091465,3.075223,1.000000,0.036939
1779542780.167865,0,1,14.376960,10.091893,3.076759,1.000000,0.036861
1779542780.178439,0,1,14.366969,10.092320,3.078106,1.000000,0.036861
1779542780.187587,0,1,14.356977,10.092718,3.079642,1.000000,0.035278
1779542780.197914,0,1,14.346985,10.093116,3.080989,1.000000,0.035278
1779542780.208536,0,1,14.336992,10.093486,3.082525,1.000000,0.035278
1779542780.218536,0,1,14.326999,10.093856,3.083872,1.000000,0.035564
1779542780.227897,0,1,14.317005,10.094197,3.085408,1.000000,0.035564
1779542780.237596,0,1,14.307010,10.094537,3.086755,1.000000,0.035564
1779542780.248079,0,1,14.297015,10.094850,3.088291,1.000000,0.036210
1779542780.257610,0,1,14.287020,10.095161,3.089638,1.000000,0.036210
1779542780.269114,0,1,14.277024,10.095445,3.091174,1.000000,0.036210
1779542780.277834,0,1,14.267028,10.095727,3.092521,1.000000,0.034192
1779542780.287642,0,1,14.257031,10.095982,3.094057,1.000000,0.034192
1779542780.297830,0,1,14.247035,10.096236,3.095404,1.000000,0.034881
1779542780.307863,0,1,14.237037,10.096462,3.096940,1.000000,0.034881
1779542780.317911,0,1,14.227040,10.096687,3.098287,1.000000,0.034881
1779542780.328416,0,1,14.217042,10.096884,3.099823,1.000000,0.032104
1779542780.337650,0,1,14.207044,10.097081,3.101170,1.000000,0.032104
1779542780.347974,0,1,14.197045,10.097249,3.102706,1.000000,0.030428
1779542780.357962,0,1,14.187046,10.097416,3.104053,1.000000,0.030428
1779542780.367851,0,1,14.177047,10.097556,3.105589,1.000000,0.028717
1779542780.377512,0,1,14.167049,10.097718,3.106689,1.000000,0.028717
1779542780.387866,0,1,14.157051,10.097932,3.107274,1.000000,0.028717
1779542780.398395,0,1,14.147053,10.098153,3.107929,1.000000,0.026977
1779542780.408471,0,1,14.137056,10.098398,3.108350,1.000000,0.026977
1779542780.418293,0,1,14.127059,10.098634,3.108941,1.000000,0.026977
1779542780.427865,0,1,14.117062,10.098883,3.109335,1.000000,0.026470
1779542780.438052,0,1,14.107065,10.099118,3.109915,1.000000,0.026470
1779542780.447780,0,1,14.097068,10.099363,3.110303,1.000000,0.026470
1779542780.458097,0,1,14.087071,10.099590,3.110880,1.000000,0.031796
1779542780.467654,0,1,14.077074,10.099828,3.111266,1.000000,0.031796
1779542780.478305,0,1,14.067076,10.100047,3.111842,1.000000,0.031696
1779542780.488138,0,1,14.057079,10.100275,3.112228,1.000000,0.031696
1779542780.497453,0,1,14.047081,10.100485,3.112804,1.000000,0.031696
1779542780.508157,0,1,14.037083,10.100704,3.113189,1.000000,0.034259
1779542780.517524,0,1,14.027085,10.100904,3.113765,1.000000,0.034259
1779542780.528174,0,1,14.017087,10.101113,3.114150,1.000000,0.034245
1779542780.537950,0,1,14.007089,10.101280,3.114972,1.000000,0.034245
1779542780.548111,0,1,13.997089,10.101377,3.116310,1.000000,0.034245
1779542780.557903,0,1,13.987090,10.101447,3.117576,1.000000,0.036308
1779542780.567832,0,1,13.977090,10.101474,3.119078,1.000000,0.036308
1779542780.577955,0,1,13.967090,10.101491,3.120408,1.000000,0.036321
1779542780.587680,0,1,13.957090,10.101475,3.121936,1.000000,0.036321
1779542780.597538,0,1,13.947090,10.101455,3.123278,1.000000,0.036321
1779542780.608297,0,1,13.937090,10.101405,3.124812,1.000000,0.037191
1779542780.617905,0,1,13.927090,10.101353,3.126157,1.000000,0.037191
1779542780.627790,0,1,13.917090,10.101272,3.127693,1.000000,0.035670
1779542780.638698,0,1,13.907091,10.101190,3.129039,1.000000,0.035670
1779542780.648085,0,1,13.897091,10.101080,3.130575,1.000000,0.035670
1779542780.657624,0,1,13.887092,10.100969,3.131922,1.000000,0.036736
1779542780.667755,0,1,13.877093,10.100830,3.133458,1.000000,0.036736
1779542780.677852,0,1,13.867094,10.100690,3.134805,1.000000,0.033852
1779542780.687643,0,1,13.857095,10.100522,3.136341,1.000000,0.033852
1779542780.697660,0,1,13.847097,10.100353,3.137688,1.000000,0.033852
1779542780.707930,0,1,13.837099,10.100156,3.139224,1.000000,0.034408
1779542780.717950,0,1,13.827101,10.099958,3.140571,1.000000,0.034408
1779542780.728039,0,1,13.817103,10.099733,3.142107,1.000000,0.032777
1779542780.738050,0,1,13.807106,10.099506,3.143453,1.000000,0.032777
1779542780.748223,0,1,13.797109,10.099252,3.144990,1.000000,0.032777
1779542780.757970,0,1,13.787112,10.098996,3.146336,1.000000,0.032957
1779542780.767866,0,1,13.777116,10.098713,3.147873,1.000000,0.032957
1779542780.778212,0,1,13.767120,10.098429,3.149219,1.000000,0.031304
1779542780.787994,0,1,13.757125,10.098117,3.150756,1.000000,0.031304
1779542780.798044,0,1,13.747129,10.097828,3.151856,1.000000,0.031304
1779542780.807844,0,1,13.737132,10.097590,3.152441,1.000000,0.031442
1779542780.818154,0,1,13.727135,10.097359,3.153096,1.000000,0.031442
1779542780.827904,0,1,13.717137,10.097152,3.153516,1.000000,0.031442
1779542780.837755,0,1,13.707139,10.096936,3.154108,1.000000,0.029771
1779542780.847908,0,1,13.697141,10.096734,3.154502,1.000000,0.029771
1779542780.857967,0,1,13.687144,10.096517,3.155082,1.000000,0.028076
1779542780.868568,0,1,13.677146,10.096311,3.155470,1.000000,0.028076
1779542780.878040,0,1,13.667148,10.096087,3.156047,1.000000,0.027815
1779542780.887911,0,1,13.657151,10.095872,3.156433,1.000000,0.027815
1779542780.897848,0,1,13.647153,10.095640,3.157009,1.000000,0.027815
1779542780.907804,0,1,13.637156,10.095416,3.157395,1.000000,0.027477
1779542780.917719,0,1,13.627159,10.095175,3.157971,1.000000,0.027477
1779542780.927937,0,1,13.617162,10.094942,3.158356,1.000000,0.027477
1779542780.938089,0,1,13.607165,10.094691,3.158932,1.000000,0.029800
1779542780.947470,0,1,13.597168,10.094448,3.159317,1.000000,0.029800
1779542780.957608,0,1,13.587171,10.094188,3.159893,1.000000,0.029800
1779542780.967521,0,1,13.577174,10.093936,3.160278,1.000000,0.033705
1779542780.978318,0,1,13.567178,10.093665,3.160854,1.000000,0.033705
1779542780.988046,0,1,13.557181,10.093404,3.161239,1.000000,0.033705
1779542780.998105,0,1,13.547186,10.093100,3.162061,1.000000,0.033642
1779542781.007743,0,1,13.537193,10.092725,3.163399,1.000000,0.033642
1779542781.018256,0,1,13.527201,10.092325,3.164665,1.000000,0.033642
1779542781.027901,0,1,13.517211,10.091881,3.166167,1.000000,0.037369
1779542781.038038,0,1,13.507221,10.091427,3.167497,1.000000,0.037369
1779542781.047765,0,1,13.497233,10.090940,3.169025,1.000000,0.039636
1779542781.057997,0,1,13.487245,10.090450,3.170367,1.000000,0.039636
1779542781.067582,0,1,13.477259,10.089929,3.171901,1.000000,0.039636
1779542781.078120,0,1,13.467272,10.089406,3.173246,1.000000,0.037132
1779542781.087676,0,1,13.457288,10.088855,3.174782,1.000000,0.037132
1779542781.097809,0,1,13.447303,10.088303,3.176128,1.000000,0.038576
1779542781.107670,0,1,13.437320,10.087722,3.177664,1.000000,0.038576
1779542781.118106,0,1,13.427337,10.087140,3.179011,1.000000,0.038576
1779542781.128016,0,1,13.417355,10.086531,3.180547,1.000000,0.035899
1779542781.137567,0,1,13.407374,10.085920,3.181894,1.000000,0.035899
1779542781.148110,0,1,13.397394,10.085282,3.183430,1.000000,0.037266
1779542781.157795,0,1,13.387415,10.084642,3.184776,1.000000,0.037266
1779542781.168307,0,1,13.377437,10.083975,3.186313,1.000000,0.037266
1779542781.177546,0,1,13.367459,10.083307,3.187659,1.000000,0.035275
1779542781.187703,0,1,13.357484,10.082611,3.189196,1.000000,0.035275
1779542781.197981,0,1,13.347508,10.081914,3.190542,1.000000,0.035275
1779542781.207922,0,1,13.337534,10.081189,3.192079,1.000000,0.034465
1779542781.217630,0,1,13.327561,10.080464,3.193425,1.000000,0.034465
1779542781.228925,0,1,13.317589,10.079710,3.194962,1.000000,0.032825
1779542781.237599,0,1,13.307618,10.078956,3.196308,1.000000,0.032825
1779542781.247486,0,1,13.297648,10.078173,3.197845,1.000000,0.032825
1779542781.258017,0,1,13.287679,10.077390,3.199191,1.000000,0.034234
1779542781.267921,0,1,13.277712,10.076579,3.200728,1.000000,0.034234
1779542781.277950,0,1,13.267745,10.075767,3.202074,1.000000,0.031288
1779542781.288731,0,1,13.257780,10.074928,3.203611,1.000000,0.031288
1779542781.297951,0,1,13.247814,10.074111,3.204711,1.000000,0.032677
1779542781.308342,0,1,13.237843,10.073345,3.205296,1.000000,0.032677
1779542781.318133,0,1,13.227874,10.072563,3.206197,1.000000,0.032677
1779542781.328130,0,1,13.217909,10.071725,3.207570,1.000000,0.029848
1779542781.337930,0,1,13.207945,10.070871,3.208853,1.000000,0.029848
1779542781.347933,0,1,13.197985,10.069978,3.210363,1.000000,0.028315
1779542781.357891,0,1,13.188024,10.069103,3.211451,1.000000,0.028315
1779542781.367811,0,1,13.178058,10.068275,3.212029,1.000000,0.027713
1779542781.379093,0,1,13.168092,10.067453,3.212682,1.000000,0.027713
1779542781.387801,0,1,13.158124,10.066653,3.213101,1.000000,0.026156
1779542781.398381,0,1,13.148157,10.065843,3.213692,1.000000,0.026156
1779542781.407777,0,1,13.138189,10.065046,3.214085,1.000000,0.026156
1779542781.417877,0,1,13.128222,10.064234,3.214664,1.000000,0.026814
1779542781.427772,0,1,13.118254,10.063433,3.215052,1.000000,0.026814
1779542781.437958,0,1,13.108287,10.062614,3.215629,1.000000,0.026324
1779542781.447773,0,1,13.098320,10.061805,3.216015,1.000000,0.026324
1779542781.458114,0,1,13.088355,10.060978,3.216591,1.000000,0.026324
1779542781.467596,0,1,13.078388,10.060159,3.216977,1.000000,0.031716
1779542781.478063,0,1,13.068423,10.059323,3.217553,1.000000,0.031716
1779542781.487820,0,1,13.058457,10.058495,3.217938,1.000000,0.031626
1779542781.497974,0,1,13.048493,10.057649,3.218514,1.000000,0.031626
1779542781.507965,0,1,13.038528,10.056812,3.218899,1.000000,0.031626
1779542781.517574,0,1,13.028565,10.055956,3.219475,1.000000,0.033920
1779542781.527758,0,1,13.018601,10.055110,3.219860,1.000000,0.033920
1779542781.538214,0,1,13.008641,10.054221,3.220682,1.000000,0.033941
1779542781.547482,0,1,12.998687,10.053261,3.222020,1.000000,0.033941
1779542781.557876,0,1,12.988735,10.052276,3.223286,1.000000,0.036214
1779542781.567873,0,1,12.978788,10.051248,3.224788,1.000000,0.036214
1779542781.578165,0,1,12.968843,10.050210,3.226118,1.000000,0.036214
1779542781.588094,0,1,12.958900,10.049138,3.227646,1.000000,0.035943
1779542781.598145,0,1,12.948958,10.048063,3.228988,1.000000,0.035943
1779542781.608026,0,1,12.939019,10.046958,3.230522,1.000000,0.036766
1779542781.617969,0,1,12.929081,10.045852,3.231867,1.000000,0.036766
1779542781.627676,0,1,12.919145,10.044716,3.233403,1.000000,0.035227
1779542781.638015,0,1,12.909210,10.043580,3.234749,1.000000,0.035227
1779542781.647969,0,1,12.899278,10.042415,3.236285,1.000000,0.035227
1779542781.658087,0,1,12.889346,10.041250,3.237632,1.000000,0.036559
1779542781.667717,0,1,12.879418,10.040056,3.239168,1.000000,0.036559
1779542781.677434,0,1,12.869489,10.038862,3.240514,1.000000,0.033678
1779542781.687875,0,1,12.859564,10.037640,3.242051,1.000000,0.033678
1779542781.697617,0,1,12.849639,10.036417,3.243397,1.000000,0.033874
1779542781.707491,0,1,12.839718,10.035167,3.244934,1.000000,0.033874
1779542781.717885,0,1,12.829797,10.033915,3.246280,1.000000,0.033874
1779542781.728020,0,1,12.819879,10.032636,3.247817,1.000000,0.032221
1779542781.737881,0,1,12.809961,10.031356,3.249163,1.000000,0.032221
1779542781.747842,0,1,12.800047,10.030048,3.250700,1.000000,0.033405
1779542781.757711,0,1,12.790133,10.028739,3.252046,1.000000,0.033405
1779542781.767517,0,1,12.780223,10.027403,3.253583,1.000000,0.031355
1779542781.777717,0,1,12.770313,10.026065,3.254929,1.000000,0.031355
1779542781.787593,0,1,12.760406,10.024700,3.256466,1.000000,0.031355
1779542781.797840,0,1,12.750497,10.023358,3.257566,1.000000,0.031812
1779542781.807510,0,1,12.740580,10.022067,3.258150,1.000000,0.031812
1779542781.817695,0,1,12.730663,10.020783,3.258806,1.000000,0.029734
1779542781.827816,0,1,12.720743,10.019522,3.259226,1.000000,0.029734
1779542781.837821,0,1,12.710824,10.018252,3.259818,1.000000,0.028009
1779542781.847728,0,1,12.700903,10.016997,3.260212,1.000000,0.028009
1779542781.857961,0,1,12.690984,10.015726,3.260792,1.000000,0.028009
1779542781.867681,0,1,12.681064,10.014465,3.261180,1.000000,0.027001
1779542781.877719,0,1,12.671146,10.013188,3.261757,1.000000,0.027001
1779542781.888298,0,1,12.661227,10.011920,3.262143,1.000000,0.026755
1779542781.897928,0,1,12.651310,10.010634,3.262719,1.000000,0.026755
1779542781.907608,0,1,12.641391,10.009357,3.263105,1.000000,0.026583
1779542781.917701,0,1,12.631476,10.008061,3.263681,1.000000,0.026583
1779542781.928509,0,1,12.621559,10.006775,3.264066,1.000000,0.026583
1779542781.937740,0,1,12.611644,10.005471,3.264642,1.000000,0.026365
1779542781.947497,0,1,12.601729,10.004175,3.265027,1.000000,0.026365
1779542781.957871,0,1,12.591815,10.002861,3.265603,1.000000,0.026365
1779542781.968214,0,1,12.581901,10.001555,3.265988,1.000000,0.028269
1779542781.978274,0,1,12.571989,10.000232,3.266564,1.000000,0.028269
1779542781.988119,0,1,12.562076,9.998917,3.266949,1.000000,0.028269
1779542781.997803,0,1,12.552165,9.997584,3.267525,1.000000,0.036662
1779542782.008221,0,1,12.542253,9.996259,3.267910,1.000000,0.036662
1779542782.018092,0,1,12.532347,9.994893,3.268732,1.000000,0.035956
1779542782.027994,0,1,12.522451,9.993457,3.270070,1.000000,0.035956
1779542782.037797,0,1,12.512558,9.991995,3.271336,1.000000,0.035956
1779542782.047784,0,1,12.502672,9.990490,3.272838,1.000000,0.038481
1779542782.057946,0,1,12.492787,9.988975,3.274168,1.000000,0.038481
1779542782.067815,0,1,12.482908,9.987428,3.275696,1.000000,0.037934
1779542782.077932,0,1,12.473029,9.985876,3.277038,1.000000,0.037934
1779542782.088672,0,1,12.463155,9.984295,3.278572,1.000000,0.036615
1779542782.098046,0,1,12.453281,9.982712,3.279917,1.000000,0.036615
1779542782.107455,0,1,12.443411,9.981101,3.281453,1.000000,0.037463
1779542782.118009,0,1,12.433542,9.979489,3.282799,1.000000,0.037463
1779542782.128169,0,1,12.423678,9.977849,3.284335,1.000000,0.035891
1779542782.137745,0,1,12.413813,9.976207,3.285682,1.000000,0.035891
1779542782.147836,0,1,12.403953,9.974538,3.287218,1.000000,0.035891
1779542782.158154,0,1,12.394094,9.972869,3.288564,1.000000,0.035749
1779542782.167741,0,1,12.384239,9.971171,3.290101,1.000000,0.035749
1779542782.178517,0,1,12.374384,9.969473,3.291447,1.000000,0.034133
1779542782.187563,0,1,12.364534,9.967747,3.292984,1.000000,0.034133
1779542782.197702,0,1,12.354684,9.966021,3.294330,1.000000,0.035445
1779542782.208209,0,1,12.344840,9.964267,3.295867,1.000000,0.035445
1779542782.217658,0,1,12.334995,9.962512,3.297213,1.000000,0.033429
1779542782.227979,0,1,12.325155,9.960729,3.298750,1.000000,0.033429
1779542782.237506,0,1,12.315315,9.958946,3.300096,1.000000,0.033429
1779542782.247529,0,1,12.305481,9.957135,3.301633,1.000000,0.034185
1779542782.257631,0,1,12.295646,9.955323,3.302979,1.000000,0.034185
1779542782.267781,0,1,12.285817,9.953484,3.304516,1.000000,0.032146
1779542782.277971,0,1,12.275987,9.951644,3.305862,1.000000,0.032146
1779542782.288473,0,1,12.266163,9.949776,3.307399,1.000000,0.032146
1779542782.297592,0,1,12.256340,9.947908,3.308745,1.000000,0.033513
1779542782.308208,0,1,12.246521,9.946012,3.310282,1.000000,0.033513
1779542782.317637,0,1,12.236702,9.944115,3.311628,1.000000,0.030163
1779542782.327761,0,1,12.226889,9.942191,3.313165,1.000000,0.030163
1779542782.337525,0,1,12.217072,9.940289,3.314265,1.000000,0.028437
1779542782.347931,0,1,12.207245,9.938438,3.314849,1.000000,0.028437
1779542782.357800,0,1,12.197416,9.936594,3.315505,1.000000,0.028437
1779542782.367728,0,1,12.187583,9.934773,3.315925,1.000000,0.025898
1779542782.377951,0,1,12.177752,9.932943,3.316517,1.000000,0.025898
1779542782.387815,0,1,12.167918,9.931127,3.316911,1.000000,0.024275
1779542782.398062,0,1,12.158087,9.929297,3.317491,1.000000,0.024275
1779542782.407549,0,1,12.148255,9.927476,3.317879,1.000000,0.023788
1779542782.417582,0,1,12.138425,9.925639,3.318456,1.000000,0.023788
1779542782.428488,0,1,12.128593,9.923810,3.318842,1.000000,0.023788
1779542782.437896,0,1,12.118765,9.921964,3.319418,1.000000,0.025920
1779542782.447846,0,1,12.108935,9.920127,3.319804,1.000000,0.025920
1779542782.458513,0,1,12.099109,9.918272,3.320379,1.000000,0.030004
1779542782.467537,0,1,12.089281,9.916426,3.320765,1.000000,0.030004
1779542782.477988,0,1,12.079456,9.914562,3.321341,1.000000,0.030004
1779542782.487880,0,1,12.069630,9.912706,3.321726,1.000000,0.029744
1779542782.497799,0,1,12.059807,9.910832,3.322302,1.000000,0.029744
1779542782.507655,0,1,12.049983,9.908967,3.322687,1.000000,0.033418
1779542782.517989,0,1,12.040161,9.907084,3.323263,1.000000,0.033418
1779542782.528175,0,1,12.030339,9.905210,3.323648,1.000000,0.033418
1779542782.537897,0,1,12.020524,9.903294,3.324470,1.000000,0.033426
1779542782.548150,0,1,12.010723,9.901308,3.325808,1.000000,0.033426
1779542782.557917,0,1,12.000927,9.899297,3.327074,1.000000,0.033426
1779542782.567906,0,1,11.991140,9.897244,3.328576,1.000000,0.033426
1779542782.577770,0,1,11.981356,9.895181,3.329906,1.000000,0.035425
1779542782.587672,0,1,11.971578,9.893085,3.331434,1.000000,0.035425
1779542782.597459,0,1,11.961800,9.890986,3.332776,1.000000,0.035425
1779542782.608144,0,1,11.952030,9.888857,3.334310,1.000000,0.036209
1779542782.618122,0,1,11.942259,9.886727,3.335655,1.000000,0.036209
1779542782.627923,0,1,11.932495,9.884569,3.337191,1.000000,0.034662
1779542782.637493,0,1,11.922731,9.882409,3.338537,1.000000,0.034662
1779542782.647643,0,1,11.912973,9.880222,3.340073,1.000000,0.034662
1779542782.658090,0,1,11.903215,9.878033,3.341419,1.000000,0.034844
1779542782.667878,0,1,11.893464,9.875818,3.342956,1.000000,0.034844
1779542782.678109,0,1,11.883713,9.873601,3.344302,1.000000,0.033222
1779542782.687612,0,1,11.873968,9.871358,3.345839,1.000000,0.033222
1779542782.698104,0,1,11.864223,9.869113,3.347185,1.000000,0.033222
1779542782.708160,0,1,11.854484,9.866841,3.348722,1.000000,0.033073
1779542782.717971,0,1,11.844746,9.864569,3.350068,1.000000,0.033073
1779542782.727785,0,1,11.835014,9.862269,3.351605,1.000000,0.033073
1779542782.738401,0,1,11.825282,9.859968,3.352951,1.000000,0.031411
1779542782.747694,0,1,11.815557,9.857640,3.354488,1.000000,0.031411
1779542782.758005,0,1,11.805827,9.855335,3.355588,1.000000,0.031422
1779542782.767701,0,1,11.796084,9.853079,3.356172,1.000000,0.031422
1779542782.777693,0,1,11.786340,9.850831,3.356828,1.000000,0.031422
1779542782.787762,0,1,11.776591,9.848605,3.357248,1.000000,0.028955
1779542782.798295,0,1,11.766844,9.846371,3.357840,1.000000,0.028955
1779542782.807944,0,1,11.757094,9.844150,3.358234,1.000000,0.028955
1779542782.818028,0,1,11.747347,9.841915,3.358814,1.000000,0.029593
1779542782.829308,0,1,11.737597,9.839689,3.359202,1.000000,0.029593
1779542782.838156,0,1,11.727852,9.837448,3.359779,1.000000,0.029593
1779542782.847897,0,1,11.718104,9.835215,3.360165,1.000000,0.029199
1779542782.857970,0,1,11.708361,9.832964,3.360741,1.000000,0.029199
1779542782.867826,0,1,11.698615,9.830723,3.361127,1.000000,0.029199
1779542782.877902,0,1,11.688874,9.828463,3.361702,1.000000,0.029050
1779542782.888047,0,1,11.679131,9.826213,3.362088,1.000000,0.029050
1779542782.897749,0,1,11.669391,9.823944,3.362664,1.000000,0.029050
1779542782.907861,0,1,11.659650,9.821684,3.363049,1.000000,0.028741
1779542782.917786,0,1,11.649913,9.819406,3.363625,1.000000,0.028741
1779542782.927801,0,1,11.640174,9.817137,3.364010,1.000000,0.028741
1779542782.937840,0,1,11.630439,9.814850,3.364586,1.000000,0.028741
1779542782.947646,0,1,11.620702,9.812571,3.364971,1.000000,0.030701
1779542782.957778,0,1,11.610969,9.810274,3.365547,1.000000,0.030701
1779542782.968441,0,1,11.601235,9.807986,3.365932,1.000000,0.030701
1779542782.977783,0,1,11.591504,9.805680,3.366508,1.000000,0.034575
1779542782.987970,0,1,11.581772,9.803383,3.366893,1.000000,0.034575
1779542782.998696,0,1,11.572049,9.801044,3.367715,1.000000,0.034575
1779542783.007841,0,1,11.562343,9.798637,3.369053,1.000000,0.034575
1779542783.018239,0,1,11.552643,9.796205,3.370319,1.000000,0.037199
1779542783.027687,0,1,11.542954,9.793730,3.371821,1.000000,0.037199
1779542783.038183,0,1,11.533268,9.791246,3.373151,1.000000,0.037199
1779542783.048001,0,1,11.523590,9.788730,3.374679,1.000000,0.036936
1779542783.057883,0,1,11.513912,9.786210,3.376021,1.000000,0.036936
1779542783.067592,0,1,11.504243,9.783661,3.377555,1.000000,0.036936
1779542783.078028,0,1,11.494574,9.781110,3.378900,1.000000,0.036781
1779542783.087512,0,1,11.484912,9.778531,3.380436,1.000000,0.036781
1779542783.098417,0,1,11.475250,9.775951,3.381782,1.000000,0.036781
1779542783.107637,0,1,11.465596,9.773344,3.383318,1.000000,0.036223
1779542783.117620,0,1,11.455942,9.770736,3.384664,1.000000,0.036223
1779542783.127925,0,1,11.446295,9.768101,3.386201,1.000000,0.036223
1779542783.137946,0,1,11.436649,9.765465,3.387547,1.000000,0.034616
1779542783.147906,0,1,11.427010,9.762803,3.389084,1.000000,0.034616
1779542783.157497,0,1,11.417372,9.760139,3.390430,1.000000,0.034154
1779542783.167982,0,1,11.407740,9.757448,3.391967,1.000000,0.034154
1779542783.177833,0,1,11.398109,9.754756,3.393313,1.000000,0.032500
1779542783.187762,0,1,11.388486,9.752038,3.394850,1.000000,0.032500
1779542783.197990,0,1,11.378863,9.749319,3.396196,1.000000,0.032500
1779542783.207672,0,1,11.369247,9.746572,3.397733,1.000000,0.031960
1779542783.219115,0,1,11.359632,9.743825,3.399079,1.000000,0.031960
1779542783.227651,0,1,11.350024,9.741052,3.400616,1.000000,0.031960
1779542783.237910,0,1,11.340414,9.738288,3.401839,1.000000,0.029332
1779542783.248029,0,1,11.330800,9.735536,3.402899,1.000000,0.029332
1779542783.258198,0,1,11.321182,9.732799,3.403777,1.000000,0.029332
1779542783.268202,0,1,11.311554,9.730097,3.404280,1.000000,0.028999
1779542783.278097,0,1,11.301926,9.727395,3.404904,1.000000,0.028999
1779542783.287899,0,1,11.292293,9.724711,3.405310,1.000000,0.028999
1779542783.297967,0,1,11.282663,9.722015,3.405896,1.000000,0.029204
1779542783.307752,0,1,11.273030,9.719331,3.406287,1.000000,0.029204
1779542783.318156,0,1,11.263401,9.716631,3.406866,1.000000,0.029204
1779542783.327660,0,1,11.253770,9.713941,3.407253,1.000000,0.028125
1779542783.337919,0,1,11.244143,9.711234,3.407829,1.000000,0.028125
1779542783.347666,0,1,11.234514,9.708536,3.408215,1.000000,0.028125
1779542783.357803,0,1,11.224890,9.705821,3.408791,1.000000,0.027928
1779542783.367943,0,1,11.215263,9.703114,3.409177,1.000000,0.027928
1779542783.377833,0,1,11.205642,9.700389,3.409752,1.000000,0.027722
1779542783.387982,0,1,11.196017,9.697673,3.410138,1.000000,0.027722
1779542783.397647,0,1,11.186398,9.694939,3.410714,1.000000,0.027722
1779542783.408194,0,1,11.176777,9.692214,3.411099,1.000000,0.027368
1779542783.417983,0,1,11.167160,9.689471,3.411675,1.000000,0.027368
1779542783.427460,0,1,11.157542,9.686737,3.412060,1.000000,0.027368
1779542783.437979,0,1,11.147928,9.683984,3.412636,1.000000,0.028683
1779542783.447829,0,1,11.138312,9.681241,3.413021,1.000000,0.028683
1779542783.457938,0,1,11.128700,9.678479,3.413597,1.000000,0.028683
1779542783.467911,0,1,11.119087,9.675726,3.413982,1.000000,0.030895
1779542783.478311,0,1,11.109478,9.672956,3.414558,1.000000,0.030895
1779542783.487915,0,1,11.099867,9.670193,3.414943,1.000000,0.030757
1779542783.498014,0,1,11.090262,9.667414,3.415519,1.000000,0.030757
1779542783.508687,0,1,11.080653,9.664642,3.415904,1.000000,0.030757
1779542783.517868,0,1,11.071050,9.661853,3.416480,1.000000,0.033537
1779542783.527867,0,1,11.061445,9.659072,3.416865,1.000000,0.033537
1779542783.538200,0,1,11.051851,9.656251,3.417687,1.000000,0.033537
1779542783.547645,0,1,11.042277,9.653362,3.419024,1.000000,0.035131
1779542783.558110,0,1,11.032711,9.650448,3.420291,1.000000,0.035131
1779542783.568211,0,1,11.023158,9.647493,3.421793,1.000000,0.035131
1779542783.577976,0,1,11.013608,9.644528,3.423123,1.000000,0.035131
1779542783.587818,0,1,11.004067,9.641531,3.424651,1.000000,0.034799
1779542783.597980,0,1,10.994528,9.638531,3.425993,1.000000,0.034799
1779542783.608244,0,1,10.984998,9.635502,3.427527,1.000000,0.034799
1779542783.617884,0,1,10.975468,9.632471,3.428872,1.000000,0.033600
1779542783.627869,0,1,10.965947,9.629413,3.430408,1.000000,0.033600
1779542783.637917,0,1,10.956426,9.626354,3.431754,1.000000,0.033600
1779542783.647910,0,1,10.946914,9.623268,3.433290,1.000000,0.033600
1779542783.657806,0,1,10.937403,9.620181,3.434636,1.000000,0.031961
1779542783.667448,0,1,10.927900,9.617068,3.436173,1.000000,0.031961
1779542783.677881,0,1,10.918394,9.613964,3.437396,1.000000,0.031961
1779542783.687547,0,1,10.908884,9.610873,3.438456,1.000000,0.029463
1779542783.697594,0,1,10.899373,9.607783,3.439458,1.000000,0.029463
1779542783.708126,0,1,10.889859,9.604704,3.440313,1.000000,0.029463
1779542783.717784,0,1,10.880334,9.601657,3.440806,1.000000,0.029463
1779542783.729091,0,1,10.870810,9.598608,3.441426,1.000000,0.028504
1779542783.737617,0,1,10.861281,9.595575,3.441831,1.000000,0.028504
1779542783.748324,0,1,10.851756,9.592530,3.442416,1.000000,0.028552
1779542783.757991,0,1,10.842227,9.589497,3.442806,1.000000,0.028552
1779542783.767923,0,1,10.832704,9.586448,3.443384,1.000000,0.028552
1779542783.777893,0,1,10.823177,9.583408,3.443771,1.000000,0.027509
1779542783.787949,0,1,10.813655,9.580352,3.444347,1.000000,0.027509
1779542783.797855,0,1,10.804131,9.577304,3.444733,1.000000,0.027509
1779542783.807871,0,1,10.794612,9.574239,3.445309,1.000000,0.028725
1779542783.817918,0,1,10.785091,9.571182,3.445695,1.000000,0.028725
1779542783.828532,0,1,10.775575,9.568108,3.446270,1.000000,0.028725
1779542783.837930,0,1,10.766057,9.565042,3.446656,1.000000,0.028551
1779542783.847780,0,1,10.756544,9.561959,3.447232,1.000000,0.028551
1779542783.858206,0,1,10.747028,9.558885,3.447617,1.000000,0.028194
1779542783.867440,0,1,10.737518,9.555792,3.448193,1.000000,0.028194
1779542783.878126,0,1,10.728006,9.552708,3.448578,1.000000,0.028194
1779542783.887815,0,1,10.718499,9.549607,3.449154,1.000000,0.027963
1779542783.897903,0,1,10.708989,9.546514,3.449539,1.000000,0.027963
1779542783.907854,0,1,10.699485,9.543404,3.450115,1.000000,0.027963
1779542783.918146,0,1,10.689979,9.540301,3.450500,1.000000,0.027558
1779542783.927974,0,1,10.680478,9.537182,3.451076,1.000000,0.027558
1779542783.937893,0,1,10.670974,9.534071,3.451461,1.000000,0.027558
1779542783.947791,0,1,10.661476,9.530942,3.452037,1.000000,0.028448
1779542783.958210,0,1,10.651975,9.527821,3.452422,1.000000,0.028448
1779542783.967733,0,1,10.642480,9.524684,3.452998,1.000000,0.028448
1779542783.978148,0,1,10.632983,9.521554,3.453383,1.000000,0.030279
1779542783.987914,0,1,10.623491,9.518407,3.453959,1.000000,0.030279
1779542783.998207,0,1,10.613996,9.515268,3.454344,1.000000,0.030279
1779542784.008264,0,1,10.604507,9.512112,3.454920,1.000000,0.032010
1779542784.017927,0,1,10.595016,9.508965,3.455305,1.000000,0.032010
1779542784.027826,0,1,10.585534,9.505788,3.456004,1.000000,0.031886
1779542784.037829,0,1,10.576061,9.502582,3.456865,1.000000,0.031886
1779542784.048079,0,1,10.566593,9.499366,3.457663,1.000000,0.031886
1779542784.058499,0,1,10.557117,9.496172,3.458131,1.000000,0.032703
1779542784.068329,0,1,10.547644,9.492968,3.458738,1.000000,0.032703
1779542784.078035,0,1,10.538167,9.489777,3.459137,1.000000,0.032703
1779542784.087867,0,1,10.528702,9.486549,3.459964,1.000000,0.032116
1779542784.097917,0,1,10.519260,9.483255,3.461305,1.000000,0.032116
1779542784.107569,0,1,10.509826,9.479938,3.462573,1.000000,0.032116
1779542784.118016,0,1,10.500407,9.476581,3.464075,1.000000,0.032634
1779542784.127666,0,1,10.490990,9.473214,3.465406,1.000000,0.032634
1779542784.137832,0,1,10.481585,9.469817,3.466934,1.000000,0.032634
1779542784.147606,0,1,10.472181,9.466416,3.468277,1.000000,0.031526
1779542784.157886,0,1,10.462788,9.462987,3.469811,1.000000,0.031526
1779542784.167926,0,1,10.453386,9.459578,3.470910,1.000000,0.030942
1779542784.178028,0,1,10.443968,9.456218,3.471493,1.000000,0.030942
1779542784.187705,0,1,10.434547,9.452863,3.472148,1.000000,0.030942
1779542784.198203,0,1,10.425119,9.449531,3.472568,1.000000,0.028373
1779542784.207695,0,1,10.415693,9.446190,3.473160,1.000000,0.028373
1779542784.217909,0,1,10.406263,9.442863,3.473554,1.000000,0.028373
1779542784.227691,0,1,10.396838,9.439520,3.474134,1.000000,0.028373
1779542784.237725,0,1,10.387410,9.436188,3.474522,1.000000,0.027606
1779542784.247581,0,1,10.377987,9.432840,3.475099,1.000000,0.027606
1779542784.257598,0,1,10.368561,9.429500,3.475485,1.000000,0.027606
1779542784.268021,0,1,10.359141,9.426144,3.476061,1.000000,0.027606
1779542784.278027,0,1,10.349719,9.422796,3.476447,1.000000,0.028506
1779542784.288001,0,1,10.340302,9.419431,3.477022,1.000000,0.028506
1779542784.297858,0,1,10.330882,9.416074,3.477408,1.000000,0.028124
1779542784.307879,0,1,10.321469,9.412699,3.477983,1.000000,0.028124
1779542784.318018,0,1,10.312052,9.409334,3.478369,1.000000,0.028124
1779542784.327833,0,1,10.302642,9.405950,3.478944,1.000000,0.027863
1779542784.339158,0,1,10.293228,9.402576,3.479330,1.000000,0.027863
1779542784.348131,0,1,10.283821,9.399183,3.479905,1.000000,0.027863
1779542784.357897,0,1,10.274411,9.395799,3.480291,1.000000,0.027622
1779542784.368227,0,1,10.265007,9.392398,3.480867,1.000000,0.027622
1779542784.378038,0,1,10.255601,9.389005,3.481252,1.000000,0.027380
1779542784.388239,0,1,10.246200,9.385595,3.481828,1.000000,0.027380
1779542784.397855,0,1,10.236797,9.382193,3.482213,1.000000,0.026897
1779542784.407893,0,1,10.227399,9.378774,3.482789,1.000000,0.026897
1779542784.417939,0,1,10.217999,9.375363,3.483174,1.000000,0.026897
1779542784.427993,0,1,10.208605,9.371934,3.483750,1.000000,0.026551
1779542784.437922,0,1,10.199208,9.368514,3.484135,1.000000,0.026551
1779542784.447479,0,1,10.189818,9.365077,3.484711,1.000000,0.026551
1779542784.458024,0,1,10.180424,9.361648,3.485096,1.000000,0.026022
1779542784.467836,0,1,10.171037,9.358201,3.485672,1.000000,0.026022
1779542784.477843,0,1,10.161646,9.354763,3.486057,1.000000,0.026022
1779542784.488024,0,1,10.152262,9.351308,3.486632,1.000000,0.025627
1779542784.497906,0,1,10.142875,9.347861,3.487018,1.000000,0.025627
1779542784.507654,0,1,10.133494,9.344396,3.487593,1.000000,0.025627
1779542784.517694,0,1,10.124111,9.340940,3.487979,1.000000,0.025346
1779542784.527834,0,1,10.114733,9.337467,3.488554,1.000000,0.025346
1779542784.538048,0,1,10.105353,9.334001,3.488940,1.000000,0.025346
1779542784.547790,0,1,10.095979,9.330519,3.489515,1.000000,0.025524
1779542784.557629,0,1,10.086602,9.327045,3.489901,1.000000,0.025524
1779542784.567957,0,1,10.077231,9.323553,3.490476,1.000000,0.025524
1779542784.577966,0,1,10.067857,9.320070,3.490862,1.000000,0.025524
1779542784.587950,0,1,10.058490,9.316570,3.491437,1.000000,-0.103039
1779542784.598126,0,1,10.049120,9.313078,3.491823,1.000000,-0.103039
1779542784.608317,0,1,10.039756,9.309568,3.492398,1.000000,-0.103039
1779542784.617820,0,1,10.030441,9.306113,3.492524,0.931162,-0.213179
1779542784.627652,0,1,10.021208,9.302781,3.491865,0.931162,-0.213179
1779542784.637590,0,1,10.012026,9.299593,3.490330,0.931162,-0.213179
1779542784.647751,0,1,10.002871,9.296567,3.487898,0.931162,-0.213179
1779542784.658246,0,1,9.993784,9.293731,3.484534,0.867075,-0.315719
1779542784.667530,0,1,9.984802,9.291110,3.480276,0.867075,-0.315719
1779542784.678300,0,1,9.975896,9.288699,3.475179,0.867075,-0.315719
1779542784.688312,0,1,9.967105,9.286515,3.469228,0.801107,-0.383164
1779542784.697670,0,1,9.958462,9.284570,3.462497,0.801107,-0.383164
1779542784.707567,0,1,9.949935,9.282855,3.455049,0.801107,-0.383164
1779542784.718031,0,1,9.941547,9.281374,3.446874,0.750000,-0.382000
1779542784.727911,0,1,9.933316,9.280129,3.438046,0.750000,-0.382000
1779542784.737887,0,1,9.925214,9.279090,3.428845,0.750000,-0.382000
1779542784.747798,0,1,9.917226,9.278177,3.419939,0.750000,-0.373676
1779542784.757847,0,1,9.909327,9.277388,3.410930,0.750000,-0.373676
1779542784.768313,0,1,9.901504,9.276679,3.402244,0.750000,-0.373676
1779542784.777650,0,1,9.893741,9.276067,3.393431,0.750000,-0.373676
1779542784.787857,0,1,9.886028,9.275518,3.384908,0.750000,-0.359212
1779542784.797620,0,1,9.878354,9.275056,3.376229,0.750000,-0.359212
1779542784.807967,0,1,9.870712,9.274649,3.367813,0.750000,-0.359212
1779542784.817779,0,1,9.863095,9.274325,3.359221,0.750000,-0.341637
1779542784.827827,0,1,9.855500,9.274053,3.350876,0.750000,-0.341637
1779542784.838048,0,1,9.847922,9.273860,3.342341,0.750000,-0.341637
1779542784.848336,0,1,9.840358,9.273695,3.334259,0.750000,-0.318277
1779542784.857891,0,1,9.832806,9.273536,3.326610,0.750000,-0.318277
1779542784.867819,0,1,9.825264,9.273429,3.318821,0.750000,-0.318277
1779542784.877744,0,1,9.817730,9.273333,3.311494,0.750000,-0.300393
1779542784.887881,0,1,9.810202,9.273232,3.304597,0.750000,-0.300393
1779542784.897720,0,1,9.802680,9.273174,3.297557,0.750000,-0.300393
1779542784.907835,0,1,9.795161,9.273143,3.290758,0.750000,-0.282962
1779542784.917746,0,1,9.787647,9.273172,3.283756,0.750000,-0.282962
1779542784.927913,0,1,9.780135,9.273214,3.277190,0.750000,-0.282962
1779542784.937871,0,1,9.772625,9.273247,3.271042,0.750000,-0.282962
1779542784.947583,0,1,9.765117,9.273320,3.264745,0.750000,-0.185030
1779542784.957456,0,1,9.757611,9.273416,3.258683,0.750000,-0.185030
1779542784.968010,0,1,9.750108,9.273566,3.252417,0.750000,-0.185030
1779542784.977473,0,1,9.742605,9.273723,3.246584,0.750000,-0.170611
1779542784.987769,0,1,9.735103,9.273843,3.241381,0.750000,-0.170611
1779542784.997609,0,1,9.727600,9.273903,3.236871,0.750000,-0.170611
1779542785.007382,0,1,9.720098,9.273911,3.232856,0.750000,-0.157474
1779542785.017747,0,1,9.712596,9.273926,3.228717,0.750000,-0.157474
1779542785.027365,0,1,9.705095,9.273918,3.225040,0.750000,-0.157474
1779542785.037879,0,1,9.697594,9.273872,3.221787,0.750000,-0.148764
1779542785.047871,0,1,9.690093,9.273841,3.218386,0.750000,-0.148764
1779542785.057747,0,1,9.682592,9.273808,3.215223,0.750000,-0.148764
1779542785.067591,0,1,9.675091,9.273807,3.211854,0.750000,-0.139172
1779542785.077749,0,1,9.667591,9.273813,3.208703,0.750000,-0.139172
1779542785.088008,0,1,9.660091,9.273856,3.205339,0.750000,-0.131731
1779542785.097511,0,1,9.652591,9.273910,3.202190,0.750000,-0.131731
1779542785.107399,0,1,9.645091,9.274000,3.198827,0.750000,-0.131731
1779542785.117731,0,1,9.637591,9.274102,3.195679,0.750000,-0.124980
1779542785.127939,0,1,9.630092,9.274241,3.192316,0.750000,-0.124980
1779542785.137731,0,1,9.622593,9.274368,3.189383,0.750000,-0.124980
1779542785.147676,0,1,9.615094,9.274462,3.186863,0.750000,-0.118408
1779542785.157800,0,1,9.607594,9.274568,3.184190,0.750000,-0.118408
1779542785.168021,0,1,9.600095,9.274670,3.181753,0.750000,-0.118408
1779542785.177914,0,1,9.592596,9.274799,3.179108,0.750000,-0.111597
1779542785.187327,0,1,9.585097,9.274931,3.176681,0.750000,-0.111597
1779542785.197877,0,1,9.577599,9.275095,3.174041,0.750000,-0.111597
1779542785.207646,0,1,9.570101,9.275263,3.171616,0.750000,-0.105965
1779542785.217846,0,1,9.562604,9.275464,3.168976,0.750000,-0.105965
1779542785.227731,0,1,9.555106,9.275669,3.166552,0.750000,-0.105965
1779542785.237867,0,1,9.547610,9.275908,3.163912,0.750000,-0.100496
1779542785.247995,0,1,9.540114,9.276151,3.161488,0.750000,-0.100496
1779542785.257974,0,1,9.532619,9.276428,3.158849,0.750000,-0.100496
1779542785.267556,0,1,9.525125,9.276709,3.156424,0.750000,-0.094783
1779542785.277779,0,1,9.517631,9.277023,3.153785,0.750000,-0.094783
1779542785.287639,0,1,9.510137,9.277320,3.151575,0.750000,-0.094783
1779542785.297729,0,1,9.502641,9.277577,3.149779,0.750000,-0.088854
1779542785.307415,0,1,9.495146,9.277842,3.147830,0.750000,-0.088854
1779542785.317631,0,1,9.487650,9.278097,3.146116,0.750000,-0.088854
1779542785.327790,0,1,9.480156,9.278374,3.144195,0.750000,-0.088854
1779542785.337755,0,1,9.472661,9.278648,3.142491,0.750000,0.013804
1779542785.347578,0,1,9.465167,9.278949,3.140574,0.750000,0.013804
1779542785.357958,0,1,9.457672,9.279226,3.139087,0.750000,0.020054
1779542785.367927,0,1,9.450175,9.279435,3.138229,0.750000,0.020054
1779542785.377527,0,1,9.442676,9.279551,3.138061,0.750000,0.020054
1779542785.387654,0,1,9.435176,9.279582,3.138389,0.750000,0.021125
1779542785.397746,0,1,9.427676,9.279589,3.138592,0.750000,0.021125
1779542785.407919,0,1,9.420176,9.279563,3.139040,0.750000,0.021125
1779542785.417578,0,1,9.412676,9.279538,3.139286,0.750000,0.024675
1779542785.427492,0,1,9.405176,9.279493,3.139751,0.750000,0.024675
1779542785.437864,0,1,9.397676,9.279456,3.140003,0.750000,0.024675
1779542785.447878,0,1,9.390176,9.279403,3.140471,0.750000,0.024333
1779542785.457719,0,1,9.382676,9.279359,3.140725,0.750000,0.024333
1779542785.467413,0,1,9.375177,9.279299,3.141194,0.750000,0.024333
1779542785.477715,0,1,9.367677,9.279249,3.141448,0.750000,0.022581
1779542785.487879,0,1,9.360177,9.279184,3.141917,0.750000,0.022581
1779542785.497781,0,1,9.352677,9.279129,3.142172,0.750000,0.022292
1779542785.507474,0,1,9.345178,9.279057,3.142640,0.750000,0.022292
1779542785.517768,0,1,9.337678,9.278997,3.142895,0.750000,0.022096
1779542785.527690,0,1,9.330178,9.278920,3.143364,0.750000,0.022096
1779542785.537509,0,1,9.322679,9.278854,3.143618,0.750000,0.020587
1779542785.547524,0,1,9.315179,9.278772,3.144087,0.750000,0.020587
1779542785.557563,0,1,9.307679,9.278701,3.144342,0.750000,0.020041
1779542785.567804,0,1,9.300180,9.278614,3.144811,0.750000,0.020041
1779542785.577590,0,1,9.292680,9.278537,3.145065,0.750000,0.020041
1779542785.587717,0,1,9.285181,9.278444,3.145534,0.750000,0.061137
1779542785.597930,0,1,9.277681,9.278362,3.145788,0.750000,0.061137
1779542785.607533,0,1,9.270182,9.278240,3.146473,0.750000,0.061059
1779542785.617384,0,1,9.262685,9.278058,3.147570,0.750000,0.061059
1779542785.627719,0,1,9.255187,9.277862,3.148514,0.750000,0.060329
1779542785.637530,0,1,9.247691,9.277634,3.149694,0.750000,0.060329
1779542785.647639,0,1,9.240194,9.277406,3.150666,0.750000,0.059576
1779542785.657624,0,1,9.232698,9.277154,3.151856,0.750000,0.059576
1779542785.667409,0,1,9.225203,9.276906,3.152833,0.750000,0.055644
1779542785.677767,0,1,9.217707,9.276636,3.154025,0.750000,0.055644
1779542785.687951,0,1,9.210212,9.276371,3.155002,0.750000,0.054442
1779542785.697736,0,1,9.202718,9.276085,3.156195,0.750000,0.054442
1779542785.707554,0,1,9.195223,9.275803,3.157172,0.750000,0.052144
1779542785.717572,0,1,9.187729,9.275500,3.158365,0.750000,0.052144
1779542785.727971,0,1,9.180235,9.275202,3.159342,0.750000,0.050382
1779542785.737829,0,1,9.172742,9.274883,3.160535,0.750000,0.050382
1779542785.747801,0,1,9.165248,9.274569,3.161513,0.750000,0.047920
1779542785.757845,0,1,9.157756,9.274233,3.162705,0.750000,0.047920
1779542785.767834,0,1,9.150263,9.273903,3.163683,0.750000,0.047920
1779542785.777939,0,1,9.142771,9.273551,3.164875,0.750000,0.044532
1779542785.787529,0,1,9.135279,9.273204,3.165853,0.750000,0.044532
1779542785.797822,0,1,9.127788,9.272836,3.167045,0.750000,0.043141
1779542785.807425,0,1,9.120297,9.272473,3.168023,0.750000,0.043141
1779542785.817427,0,1,9.112807,9.272089,3.169216,0.750000,0.040746
1779542785.827554,0,1,9.105317,9.271710,3.170193,0.750000,0.040746
1779542785.837706,0,1,9.097827,9.271309,3.171386,0.750000,0.038988
1779542785.847879,0,1,9.090338,9.270914,3.172364,0.750000,0.038988
1779542785.857795,0,1,9.082849,9.270497,3.173556,0.750000,0.036881
1779542785.867818,0,1,9.075361,9.270085,3.174534,0.750000,0.036881
1779542785.877529,0,1,9.067873,9.269652,3.175726,0.750000,0.036881
1779542785.887540,0,1,9.060386,9.269224,3.176704,0.750000,0.032943
1779542785.897465,0,1,9.052899,9.268775,3.177896,0.750000,0.032943
1779542785.907860,0,1,9.045412,9.268331,3.178874,0.750000,0.032943
1779542785.917823,0,1,9.037927,9.267865,3.180067,0.750000,0.032345
1779542785.927741,0,1,9.030441,9.267405,3.181044,0.750000,0.032345
1779542785.937790,0,1,9.022956,9.266923,3.182237,0.750000,0.029033
1779542785.947728,0,1,9.015471,9.266446,3.183215,0.750000,0.029033
1779542785.957857,0,1,9.007988,9.265948,3.184407,0.750000,0.027030
1779542785.967921,0,1,9.000503,9.265478,3.185170,0.750000,0.027030
1779542785.977819,0,1,8.993015,9.265058,3.185519,0.750000,0.024407
1779542785.987372,0,1,8.985526,9.264641,3.186021,0.750000,0.024407
1779542785.997734,0,1,8.978037,9.264246,3.186289,0.750000,0.021324
1779542786.007805,0,1,8.970548,9.263838,3.186763,0.750000,0.021324
1779542786.017857,0,1,8.963058,9.263445,3.187020,0.750000,0.018962
1779542786.027735,0,1,8.955569,9.263036,3.187490,0.750000,0.018962
1779542786.037690,0,1,8.948080,9.262639,3.187745,0.750000,0.018700
1779542786.047784,0,1,8.940591,9.262226,3.188214,0.750000,0.018700
1779542786.057418,0,1,8.933102,9.261823,3.188469,0.750000,0.017335
1779542786.067580,0,1,8.925614,9.261405,3.188938,0.750000,0.017335
1779542786.077719,0,1,8.918125,9.260998,3.189192,0.750000,0.016228
1779542786.087795,0,1,8.910637,9.260574,3.189661,0.750000,0.016228
1779542786.097767,0,1,8.903148,9.260161,3.189916,0.750000,0.015881
1779542786.107527,0,1,8.895660,9.259732,3.190385,0.750000,0.015881
1779542786.117687,0,1,8.888172,9.259314,3.190639,0.750000,0.015083
1779542786.127658,0,1,8.880685,9.258879,3.191108,0.750000,0.015083
1779542786.137680,0,1,8.873197,9.258455,3.191363,0.750000,0.015083
1779542786.147731,0,1,8.865710,9.258015,3.191831,0.750000,0.012703
1779542786.157783,0,1,8.858222,9.257586,3.192086,0.750000,0.012703
1779542786.167754,0,1,8.850735,9.257141,3.192555,0.750000,0.011622
1779542786.177718,0,1,8.843248,9.256706,3.192809,0.750000,0.011622
1779542786.187582,0,1,8.835761,9.256256,3.193278,0.750000,0.010333
1779542786.197506,0,1,8.828274,9.255816,3.193533,0.750000,0.010333
1779542786.208122,0,1,8.820788,9.255359,3.194002,0.750000,0.009051
1779542786.217804,0,1,8.813301,9.254914,3.194256,0.750000,0.009051
1779542786.227668,0,1,8.805816,9.254452,3.194725,0.750000,0.007463
1779542786.237648,0,1,8.798329,9.254002,3.194980,0.750000,0.007463
1779542786.247756,0,1,8.790844,9.253535,3.195448,0.750000,0.007463
1779542786.257709,0,1,8.783358,9.253078,3.195703,0.750000,0.004984
1779542786.267331,0,1,8.775873,9.252606,3.196172,0.750000,0.004984
1779542786.277745,0,1,8.768387,9.252144,3.196426,0.750000,0.004818
1779542786.288209,0,1,8.760902,9.251667,3.196895,0.750000,0.004818
1779542786.297646,0,1,8.753417,9.251200,3.197150,0.750000,0.004069
1779542786.307632,0,1,8.745932,9.250716,3.197619,0.750000,0.004069
1779542786.317429,0,1,8.738447,9.250244,3.197873,0.750000,0.004191
1779542786.327814,0,1,8.730963,9.249755,3.198342,0.750000,0.004191
1779542786.337398,0,1,8.723478,9.249277,3.198597,0.750000,0.003436
1779542786.347318,0,1,8.715995,9.248783,3.199065,0.750000,0.003436
1779542786.357404,0,1,8.708510,9.248300,3.199320,0.750000,0.002974
1779542786.367409,0,1,8.701027,9.247800,3.199789,0.750000,0.002974
1779542786.377941,0,1,8.693543,9.247312,3.200043,0.750000,0.002236
1779542786.387470,0,1,8.686060,9.246807,3.200512,0.750000,0.002236
1779542786.397632,0,1,8.678576,9.246313,3.200767,0.750000,0.002037
1779542786.407653,0,1,8.671093,9.245802,3.201236,0.750000,0.002037
1779542786.417822,0,1,8.663610,9.245303,3.201490,0.750000,0.002037
1779542786.427372,0,1,8.656128,9.244787,3.201959,0.750000,0.001035
1779542786.437601,0,1,8.648645,9.244282,3.202214,0.750000,0.001035
1779542786.448052,0,1,8.641163,9.243761,3.202682,0.750000,0.000951
1779542786.457677,0,1,8.633680,9.243251,3.202937,0.750000,0.000951
1779542786.467775,0,1,8.626199,9.242724,3.203406,0.750000,-0.005913
1779542786.477600,0,1,8.618717,9.242208,3.203660,0.750000,-0.005913
1779542786.487870,0,1,8.611236,9.241676,3.204129,0.750000,-0.006731
1779542786.497722,0,1,8.603752,9.241178,3.204169,0.750000,-0.006731
1779542786.508125,0,1,8.596265,9.240735,3.203795,0.750000,-0.008779
1779542786.517794,0,1,8.588778,9.240301,3.203574,0.750000,-0.008779
1779542786.527915,0,1,8.581289,9.239893,3.203118,0.750000,-0.008779
1779542786.537773,0,1,8.573800,9.239479,3.202868,0.750000,-0.010054
1779542786.547576,0,1,8.566311,9.239084,3.202402,0.750000,-0.011419
1779542786.557658,0,1,8.558822,9.238680,3.202149,0.750000,-0.011419
1779542786.567718,0,1,8.551332,9.238292,3.201680,0.750000,-0.012069
1779542786.577760,0,1,8.543842,9.237894,3.201426,0.750000,-0.012069
1779542786.587722,0,1,8.536352,9.237512,3.200957,0.750000,-0.010915
1779542786.597628,0,1,8.528862,9.237119,3.200703,0.750000,-0.010915
1779542786.607583,0,1,8.521372,9.236743,3.200234,0.750000,-0.010915
1779542786.617582,0,1,8.513882,9.236356,3.199979,0.750000,-0.009613
1779542786.627732,0,1,8.506391,9.235985,3.199511,0.750000,-0.009613
1779542786.637668,0,1,8.498901,9.235604,3.199256,0.750000,-0.009613
1779542786.648356,0,1,8.491410,9.235238,3.198787,0.750000,-0.007694
1779542786.657851,0,1,8.483919,9.234862,3.198533,0.750000,-0.007694
1779542786.667661,0,1,8.476428,9.234502,3.198064,0.750000,-0.007694
1779542786.677699,0,1,8.468937,9.234131,3.197809,0.750000,-0.006166
1779542786.687896,0,1,8.461445,9.233777,3.197340,0.750000,-0.006166
1779542786.697423,0,1,8.453954,9.233411,3.197086,0.750000,-0.006166
1779542786.707697,0,1,8.446462,9.233062,3.196617,0.750000,-0.009674
1779542786.717675,0,1,8.438971,9.232702,3.196362,0.750000,-0.009674
1779542786.727559,0,1,8.431479,9.232358,3.195894,0.750000,-0.009674
1779542786.737794,0,1,8.423987,9.232004,3.195639,0.750000,-0.009869
1779542786.747776,0,1,8.416495,9.231665,3.195170,0.750000,-0.009869
1779542786.757666,0,1,8.409003,9.231316,3.194916,0.750000,-0.009675
1779542786.767868,0,1,8.401511,9.230983,3.194447,0.750000,-0.009675
1779542786.778022,0,1,8.394018,9.230640,3.194192,0.750000,-0.010009
1779542786.787570,0,1,8.386526,9.230312,3.193723,0.750000,-0.010009
1779542786.797782,0,1,8.379033,9.229974,3.193469,0.750000,-0.011209
1779542786.807716,0,1,8.371540,9.229652,3.193000,0.750000,-0.011209
1779542786.817521,0,1,8.364048,9.229319,3.192745,0.750000,-0.009102
1779542786.827447,0,1,8.356554,9.229002,3.192277,0.750000,-0.009102
1779542786.837530,0,1,8.349061,9.228675,3.192022,0.750000,-0.007239
1779542786.847837,0,1,8.341568,9.228364,3.191553,0.750000,-0.007239
1779542786.857786,0,1,8.334075,9.228042,3.191299,0.750000,-0.005364
1779542786.867888,0,1,8.326581,9.227736,3.190830,0.750000,-0.005364
1779542786.877661,0,1,8.319088,9.227419,3.190575,0.750000,-0.005364
1779542786.887634,0,1,8.311594,9.227119,3.190106,0.750000,-0.002962
1779542786.897844,0,1,8.304100,9.226808,3.189852,0.750000,-0.002962
1779542786.907742,0,1,8.296606,9.226513,3.189383,0.750000,-0.002962
1779542786.917794,0,1,8.289112,9.226207,3.189128,0.750000,-0.001188
1779542786.928120,0,1,8.281618,9.225917,3.188660,0.750000,-0.001188
1779542786.937803,0,1,8.274124,9.225617,3.188405,0.750000,-0.001188
1779542786.947932,0,1,8.266629,9.225333,3.187936,0.750000,0.001722
1779542786.957566,0,1,8.259135,9.225038,3.187682,0.750000,0.001722
1779542786.967942,0,1,8.251640,9.224759,3.187213,0.750000,0.001722
1779542786.977798,0,1,8.244147,9.224447,3.187173,0.750000,0.004275
1779542786.987934,0,1,8.236656,9.224079,3.187547,0.750000,0.004275
1779542786.997544,0,1,8.229165,9.223703,3.187768,0.750000,0.007598
1779542787.007956,0,1,8.221676,9.223300,3.188224,0.750000,0.007598
1779542787.017594,0,1,8.214187,9.222903,3.188474,0.750000,0.007598
1779542787.027672,0,1,8.206698,9.222487,3.188940,0.750000,0.007598
1779542787.037735,0,1,8.199209,9.222081,3.189193,0.750000,0.010043
1779542787.047657,0,1,8.191721,9.221658,3.189662,0.750000,0.010043
1779542787.057641,0,1,8.184233,9.221245,3.189916,0.750000,0.010043
1779542787.067825,0,1,8.176745,9.220816,3.190385,0.750000,-0.005403
1779542787.077557,0,1,8.169257,9.220398,3.190639,0.750000,-0.005403
1779542787.087862,0,1,8.161769,9.219963,3.191108,0.750000,-0.005403
1779542787.097764,0,1,8.154280,9.219563,3.191147,0.750000,-0.007635
1779542787.107295,0,1,8.146788,9.219217,3.190774,0.750000,-0.007635
1779542787.117414,0,1,8.139295,9.218881,3.190552,0.750000,-0.007635
1779542787.127827,0,1,8.131802,9.218570,3.190096,0.750000,-0.006137
1779542787.137629,0,1,8.124309,9.218254,3.189847,0.750000,-0.006137
1779542787.147648,0,1,8.116814,9.217957,3.189381,0.750000,-0.003937
1779542787.157596,0,1,8.109321,9.217649,3.189127,0.750000,-0.003937
1779542787.167843,0,1,8.101826,9.217359,3.188659,0.750000,-0.003937
1779542787.177774,0,1,8.094332,9.217059,3.188405,0.750000,-0.000486
1779542787.187665,0,1,8.086838,9.216774,3.187936,0.750000,-0.000486
1779542787.197709,0,1,8.079344,9.216479,3.187682,0.750000,0.004008
1779542787.207599,0,1,8.071849,9.216201,3.187213,0.750000,0.004008
1779542787.217778,0,1,8.064355,9.215888,3.187173,0.750000,0.007419
1779542787.227797,0,1,8.056864,9.215520,3.187547,0.750000,0.007419
1779542787.237978,0,1,8.049374,9.215144,3.187768,0.750000,0.010599
1779542787.247726,0,1,8.041885,9.214741,3.188224,0.750000,0.010599
1779542787.257689,0,1,8.034395,9.214344,3.188474,0.750000,0.013489
1779542787.267753,0,1,8.026907,9.213928,3.188940,0.750000,0.013489
1779542787.277675,0,1,8.019418,9.213522,3.189193,0.750000,0.016130
1779542787.288097,0,1,8.011930,9.213099,3.189662,0.750000,0.016130
1779542787.297788,0,1,8.004441,9.212686,3.189916,0.750000,0.018178
1779542787.308036,0,1,7.996953,9.212257,3.190385,0.750000,0.018178
1779542787.317733,0,1,7.989465,9.211839,3.190639,0.750000,0.020189
1779542787.329224,0,1,7.981978,9.211405,3.191108,0.750000,0.020189
1779542787.337532,0,1,7.974490,9.210981,3.191363,0.750000,0.022177
1779542787.347781,0,1,7.967003,9.210541,3.191831,0.750000,0.022177
1779542787.357685,0,1,7.959515,9.210112,3.192086,0.750000,0.022177
1779542787.367964,0,1,7.952028,9.209667,3.192555,0.750000,0.002522
1779542787.377766,0,1,7.944541,9.209232,3.192809,0.750000,0.002522
1779542787.387627,0,1,7.937054,9.208781,3.193278,0.750000,0.003098
1779542787.397501,0,1,7.929567,9.208341,3.193533,0.750000,0.003098
1779542787.408017,0,1,7.922081,9.207885,3.194002,0.750000,0.006843
1779542787.417828,0,1,7.914594,9.207440,3.194256,0.750000,0.006843
1779542787.427682,0,1,7.907109,9.206978,3.194725,0.750000,0.010166
1779542787.437717,0,1,7.899622,9.206527,3.194980,0.750000,0.010166
1779542787.447404,0,1,7.892137,9.206060,3.195448,0.750000,0.010166
1779542787.457783,0,1,7.884651,9.205604,3.195703,0.750000,0.015994
1779542787.467460,0,1,7.877165,9.205132,3.196172,0.750000,0.015994
1779542787.477608,0,1,7.869680,9.204670,3.196426,0.750000,0.019811
1779542787.487992,0,1,7.862195,9.204192,3.196895,0.750000,0.019811
1779542787.497693,0,1,7.854710,9.203725,3.197150,0.750000,0.023939
1779542787.507528,0,1,7.847225,9.203242,3.197619,0.750000,0.023939
1779542787.517805,0,1,7.839740,9.202769,3.197873,0.750000,0.023939
1779542787.527503,0,1,7.832256,9.202281,3.198342,0.750000,0.029427
1779542787.537565,0,1,7.824771,9.201803,3.198597,0.750000,0.029427
1779542787.547570,0,1,7.817288,9.201309,3.199065,0.750000,0.033437
1779542787.557637,0,1,7.809803,9.200825,3.199320,0.750000,0.033437
1779542787.567763,0,1,7.802321,9.200303,3.200004,0.750000,0.037226
1779542787.577725,0,1,7.794844,9.199720,3.201101,0.750000,0.037226
1779542787.587622,0,1,7.787368,9.199123,3.202046,0.750000,0.041384
1779542787.597706,0,1,7.779894,9.198494,3.203225,0.750000,0.041384
1779542787.607678,0,1,7.772421,9.197865,3.204198,0.750000,0.041384
1779542787.617876,0,1,7.764949,9.197213,3.205388,0.750000,0.046663
1779542787.627635,0,1,7.757477,9.196564,3.206364,0.750000,0.046663
1779542787.637756,0,1,7.750007,9.195894,3.207556,0.750000,0.049741
1779542787.647439,0,1,7.742537,9.195228,3.208534,0.750000,0.049741
1779542787.657695,0,1,7.735068,9.194541,3.209726,0.750000,0.052149
1779542787.667423,0,1,7.727600,9.193859,3.210704,0.750000,0.052149
1779542787.677482,0,1,7.720133,9.193155,3.211896,0.750000,0.052149
1779542787.687888,0,1,7.712665,9.192457,3.212874,0.750000,0.055953
1779542787.697687,0,1,7.705200,9.191737,3.214066,0.750000,0.055953
1779542787.707520,0,1,7.697734,9.191022,3.215044,0.750000,0.058771
1779542787.717868,0,1,7.690270,9.190286,3.216236,0.750000,0.058771
1779542787.727811,0,1,7.682806,9.189555,3.217214,0.750000,0.064457
1779542787.737753,0,1,7.675344,9.188803,3.218407,0.750000,0.064457
1779542787.747419,0,1,7.667881,9.188056,3.219385,0.750000,0.070551
1779542787.758466,0,1,7.660423,9.187265,3.220792,0.750000,0.070551
1779542787.767881,0,1,7.652972,9.186408,3.222613,0.750000,0.070551
1779542787.777581,0,1,7.645524,9.185531,3.224281,0.750000,0.076360
1779542787.787499,0,1,7.638079,9.184617,3.226183,0.750000,0.076360
1779542787.797926,0,1,7.630636,9.183699,3.227879,0.750000,0.084893
1779542787.807683,0,1,7.623196,9.182751,3.229793,0.750000,0.084893
1779542787.817852,0,1,7.615756,9.181802,3.231493,0.750000,0.089808
1779542787.827892,0,1,7.608320,9.180825,3.233408,0.750000,0.089808
1779542787.837820,0,1,7.600884,9.179848,3.235109,0.750000,0.089808
1779542787.847521,0,1,7.593452,9.178844,3.237024,0.750000,0.059456
1779542787.857821,0,1,7.586019,9.177839,3.238726,0.750000,0.059456
1779542787.867479,0,1,7.578590,9.176808,3.240641,0.750000,0.064938
1779542787.877707,0,1,7.571159,9.175800,3.242127,0.750000,0.064938
1779542787.888041,0,1,7.563721,9.174836,3.243200,0.750000,0.064938
1779542787.897704,0,1,7.556286,9.173847,3.244641,0.750000,0.070390
1779542787.907856,0,1,7.548859,9.172802,3.246475,0.750000,0.070390
1779542787.918092,0,1,7.541435,9.171743,3.248148,0.750000,0.077791
1779542787.927610,0,1,7.534015,9.170649,3.250053,0.750000,0.077791
1779542787.937703,0,1,7.526596,9.169552,3.251750,0.750000,0.077791
1779542787.947695,0,1,7.519181,9.168426,3.253664,0.750000,0.086322
1779542787.957533,0,1,7.511766,9.167299,3.255365,0.750000,0.086322
1779542787.967911,0,1,7.504355,9.166145,3.257280,0.750000,0.091989
1779542787.977591,0,1,7.496944,9.164991,3.258981,0.750000,0.091989
1779542787.987458,0,1,7.489538,9.163810,3.260897,0.750000,0.097048
1779542787.997519,0,1,7.482132,9.162628,3.262598,0.750000,0.097048
1779542788.007803,0,1,7.474733,9.161398,3.264729,0.750000,0.097048
1779542788.017756,0,1,7.467347,9.160096,3.267273,0.750000,0.104602
1779542788.027785,0,1,7.459965,9.158770,3.269664,0.750000,0.104602
1779542788.037676,0,1,7.452591,9.157402,3.272290,0.750000,0.109659
1779542788.047940,0,1,7.445219,9.156024,3.274710,0.750000,0.109659
1779542788.057679,0,1,7.437853,9.154611,3.277346,0.750000,0.114761
1779542788.069599,0,1,7.430489,9.153191,3.279770,0.750000,0.114761
1779542788.077760,0,1,7.423131,9.151740,3.282408,0.750000,0.114761
1779542788.087621,0,1,7.415774,9.150282,3.284833,0.750000,0.120182
1779542788.097748,0,1,7.408423,9.148793,3.287472,0.750000,0.120182
1779542788.107663,0,1,7.401074,9.147298,3.289896,0.750000,0.124221
1779542788.117889,0,1,7.393731,9.145771,3.292535,0.750000,0.124221
1779542788.127689,0,1,7.386389,9.144238,3.294960,0.750000,0.130998
1779542788.137465,0,1,7.379054,9.142674,3.297599,0.750000,0.130998
1779542788.147690,0,1,7.371720,9.141105,3.300024,0.750000,0.139535
1779542788.157925,0,1,7.364398,9.139481,3.302878,0.750000,0.139535
1779542788.167383,0,1,7.357093,9.137783,3.306146,0.750000,0.147831
1779542788.177580,0,1,7.349795,9.136054,3.309260,0.750000,0.147831
1779542788.187565,0,1,7.342508,9.134279,3.312610,0.750000,0.147831
1779542788.198149,0,1,7.335225,9.132488,3.315753,0.750000,0.155954
1779542788.207413,0,1,7.327951,9.130658,3.319113,0.750000,0.155954
1779542788.218021,0,1,7.320681,9.128817,3.322260,0.750000,0.167443
1779542788.227410,0,1,7.313420,9.126938,3.325622,0.750000,0.167443
1779542788.237566,0,1,7.306162,9.125048,3.328769,0.750000,0.174647
1779542788.247578,0,1,7.298920,9.123099,3.332347,0.750000,0.174647
1779542788.257726,0,1,7.291699,9.121070,3.336338,0.750000,0.181260
1779542788.267697,0,1,7.284489,9.119007,3.340176,0.750000,0.181260
1779542788.277652,0,1,7.277293,9.116893,3.344249,0.750000,0.181260
1779542788.287941,0,1,7.270103,9.114758,3.348115,0.750000,0.191419
1779542788.297606,0,1,7.262927,9.112579,3.352198,0.750000,0.191419
1779542788.307498,0,1,7.255755,9.110383,3.356069,0.750000,0.153920
1779542788.318133,0,1,7.248597,9.108146,3.360154,0.750000,0.153920
1779542788.327713,0,1,7.241437,9.105914,3.363810,0.750000,0.153920
1779542788.337628,0,1,7.234268,9.103709,3.367053,0.750000,0.157090
1779542788.347521,0,1,7.227105,9.101487,3.370449,0.750000,0.157090
1779542788.357603,0,1,7.219942,9.099264,3.373610,0.750000,0.158885
1779542788.367909,0,1,7.212789,9.097009,3.376978,0.750000,0.158885
1779542788.377806,0,1,7.205638,9.094746,3.380128,0.750000,0.161048
1779542788.387477,0,1,7.198499,9.092449,3.383492,0.750000,0.161048
1779542788.397544,0,1,7.191363,9.090141,3.386641,0.750000,0.161048
1779542788.407830,0,1,7.184245,9.087776,3.390218,0.750000,0.164955
1779542788.417786,0,1,7.177155,9.085333,3.394209,0.750000,0.164955
1779542788.427811,0,1,7.170075,9.082857,3.398048,0.750000,0.168029
1779542788.437763,0,1,7.163014,9.080329,3.402121,0.750000,0.168029
1779542788.447688,0,1,7.155960,9.077782,3.405987,0.750000,0.170362
1779542788.457831,0,1,7.148921,9.075192,3.410070,0.750000,0.170362
1779542788.467836,0,1,7.141889,9.072585,3.413941,0.750000,0.170362
1779542788.477658,0,1,7.134872,9.069937,3.418026,0.750000,0.173167
1779542788.487740,0,1,7.127861,9.067274,3.421897,0.750000,0.173167
1779542788.497861,0,1,7.120865,9.064569,3.425983,0.750000,0.173167
1779542788.507714,0,1,7.113876,9.061850,3.429854,0.750000,0.174793
1779542788.517664,0,1,7.106902,9.059090,3.433940,0.750000,0.174793
1779542788.527899,0,1,7.099934,9.056315,3.437812,0.750000,0.174793
1779542788.538187,0,1,7.092983,9.053500,3.441898,0.750000,0.174075
1779542788.548214,0,1,7.086037,9.050669,3.445769,0.750000,0.174075
1779542788.558714,0,1,7.079109,9.047799,3.449855,0.750000,0.174075
1779542788.575207,0,1,7.072186,9.044913,3.453726,0.750000,0.174249
1779542788.578457,0,1,7.065280,9.041987,3.457812,0.750000,0.174249
1779542788.587976,0,1,7.058381,9.039047,3.461684,0.750000,0.174525
1779542788.597888,0,1,7.051498,9.036066,3.465770,0.750000,0.174525
1779542788.607696,0,1,7.044622,9.033071,3.469641,0.750000,0.174525
1779542788.618118,0,1,7.037764,9.030036,3.473727,0.750000,0.174210
1779542788.627893,0,1,7.030912,9.026986,3.477599,0.750000,0.174210
1779542788.638112,0,1,7.024078,9.023896,3.481684,0.750000,0.173680
1779542788.648260,0,1,7.017251,9.020792,3.485556,0.750000,0.173680
1779542788.657982,0,1,7.010441,9.017648,3.489642,0.750000,0.173680
1779542788.667913,0,1,7.003639,9.014489,3.493513,0.750000,0.173460
1779542788.678111,0,1,6.996855,9.011291,3.497599,0.750000,0.173460
1779542788.688446,0,1,6.990078,9.008079,3.501471,0.750000,0.173460
1779542788.697813,0,1,6.983320,9.004827,3.505557,0.750000,0.173029
1779542788.707737,0,1,6.976568,9.001560,3.509428,0.750000,0.173029
1779542788.717505,0,1,6.969836,8.998255,3.513514,0.750000,0.172503
1779542788.727760,0,1,6.963111,8.994935,3.517386,0.750000,0.172503
1779542788.737386,0,1,6.956405,8.991576,3.521471,0.750000,0.171911
1779542788.747724,0,1,6.949707,8.988202,3.525343,0.750000,0.171911
1779542788.757901,0,1,6.943028,8.984790,3.529429,0.750000,0.171911
1779542788.767456,0,1,6.936357,8.981363,3.533300,0.750000,0.170770
1779542788.777699,0,1,6.929705,8.977898,3.537386,0.750000,0.170770
1779542788.787808,0,1,6.923061,8.974418,3.541258,0.750000,0.170213
1779542788.797748,0,1,6.916438,8.970900,3.545344,0.750000,0.170213
1779542788.807611,0,1,6.909822,8.967368,3.549215,0.750000,0.170213
1779542788.817744,0,1,6.903226,8.963797,3.553301,0.750000,0.169057
1779542788.827574,0,1,6.896639,8.960212,3.557172,0.750000,0.169057
1779542788.837949,0,1,6.890072,8.956589,3.561258,0.750000,0.167854
1779542788.847528,0,1,6.883513,8.952952,3.565130,0.750000,0.167854
1779542788.857972,0,1,6.876975,8.949276,3.569216,0.750000,0.166953
1779542788.867874,0,1,6.870445,8.945587,3.573087,0.750000,0.166953
1779542788.877852,0,1,6.863937,8.941860,3.577173,0.750000,0.166953
1779542788.888634,0,1,6.857431,8.938115,3.581045,0.779532,0.157918
1779542788.897717,0,1,6.850934,8.934326,3.585136,0.779532,0.157918
1779542788.907896,0,1,6.844419,8.930533,3.588806,0.799524,0.149513
1779542788.917856,0,1,6.837871,8.926754,3.592073,0.799524,0.149513
1779542788.927786,0,1,6.831314,8.922949,3.595497,0.799524,0.149513
1779542788.937972,0,1,6.824736,8.919131,3.598697,0.821990,0.123180
1779542788.947810,0,1,6.818150,8.915269,3.602111,0.821990,0.123180
1779542788.957943,0,1,6.811550,8.911415,3.605104,0.757942,0.109678
1779542788.967965,0,1,6.804943,8.907597,3.607674,0.757942,0.109678
1779542788.977913,0,1,6.798350,8.903774,3.610390,0.757942,0.109678
1779542788.987780,0,1,6.791769,8.899962,3.612868,0.750000,0.098160
1779542788.997648,0,1,6.785219,8.896136,3.615547,0.750000,0.098160
1779542789.007859,0,1,6.778685,8.892316,3.618002,0.750000,0.090530
1779542789.017924,0,1,6.772178,8.888475,3.620665,0.750000,0.090530
1779542789.027667,0,1,6.765671,8.884655,3.622892,0.750000,0.083366
1779542789.037525,0,1,6.759152,8.880873,3.624700,0.750000,0.083366
1779542789.047621,0,1,6.752642,8.877089,3.626657,0.750000,0.083366
1779542789.057592,0,1,6.746133,8.873316,3.628378,0.750000,0.073264
1779542789.067745,0,1,6.739638,8.869526,3.630305,0.750000,0.073264
1779542789.077908,0,1,6.733145,8.865740,3.632013,0.750000,0.066706
1779542789.087945,0,1,6.726669,8.861933,3.633934,0.750000,0.066706
1779542789.097794,0,1,6.720193,8.858128,3.635639,0.750000,0.060786
1779542789.107403,0,1,6.713734,8.854300,3.637557,0.750000,0.060786
1779542789.117955,0,1,6.707264,8.850494,3.639045,0.750000,0.055770
1779542789.127815,0,1,6.700772,8.846726,3.640119,0.750000,0.055770
1779542789.138001,0,1,6.694283,8.842958,3.641346,0.750000,0.055770
1779542789.147715,0,1,6.687786,8.839203,3.642337,0.750000,0.048767
1779542789.157901,0,1,6.681298,8.835434,3.643535,0.750000,0.048767
1779542789.167754,0,1,6.674807,8.831673,3.644516,0.750000,0.044434
1779542789.177711,0,1,6.668327,8.827893,3.645710,0.750000,0.044434
1779542789.187661,0,1,6.661844,8.824120,3.646688,0.750000,0.040673
1779542789.197701,0,1,6.655371,8.820328,3.647881,0.750000,0.040673
1779542789.207752,0,1,6.648897,8.816540,3.648859,0.750000,0.037463
1779542789.217804,0,1,6.642433,8.812735,3.650052,0.750000,0.037463
1779542789.227785,0,1,6.635967,8.808934,3.651030,0.750000,0.037463
1779542789.238212,0,1,6.629512,8.805114,3.652222,0.750000,0.031951
1779542789.247972,0,1,6.623054,8.801300,3.653200,0.750000,0.031951
1779542789.257889,0,1,6.616607,8.797466,3.654393,0.750000,0.028532
1779542789.267766,0,1,6.610152,8.793647,3.655263,0.750000,0.028532
1779542789.277857,0,1,6.603683,8.789850,3.655926,0.750000,0.025094
1779542789.287738,0,1,6.597195,8.786088,3.656245,0.750000,0.025094
1779542789.297993,0,1,6.590707,8.782325,3.656737,0.750000,0.025094
1779542789.307949,0,1,6.584210,8.778578,3.657001,0.750000,0.019510
1779542789.318082,0,1,6.577720,8.774820,3.657474,0.750000,0.019510
1779542789.327808,0,1,6.571223,8.771073,3.657730,0.750000,0.016570
1779542789.337861,0,1,6.564734,8.767313,3.658200,0.750000,0.016570
1779542789.347542,0,1,6.558239,8.763562,3.658454,0.750000,0.014082
1779542789.358181,0,1,6.551752,8.759798,3.658924,0.750000,0.014082
1779542789.367864,0,1,6.545259,8.756043,3.659178,0.750000,0.011592
1779542789.377871,0,1,6.538775,8.752274,3.659647,0.750000,0.011592
1779542789.387534,0,1,6.532285,8.748514,3.659902,0.750000,0.009178
1779542789.397913,0,1,6.525804,8.744741,3.660371,0.750000,0.009178
1779542789.407727,0,1,6.519317,8.740976,3.660625,0.750000,0.009178
1779542789.417864,0,1,6.512838,8.737198,3.661094,0.750000,0.005627
1779542789.427867,0,1,6.506354,8.733429,3.661348,0.750000,0.005627
1779542789.438174,0,1,6.499878,8.729646,3.661817,0.750000,0.003305
1779542789.447803,0,1,6.493396,8.725873,3.662072,0.750000,0.003305
1779542789.457810,0,1,6.486923,8.722085,3.662541,0.750000,0.000777
1779542789.467493,0,1,6.480444,8.718307,3.662795,0.750000,0.000777
1779542789.477956,0,1,6.473974,8.714514,3.663264,0.750000,0.003286
1779542789.487768,0,1,6.467498,8.710731,3.663519,0.750000,0.003286
1779542789.497463,0,1,6.461030,8.706934,3.663988,0.750000,0.003286
1779542789.507795,0,1,6.454551,8.703144,3.664242,0.775300,0.007207
1779542789.518146,0,1,6.448071,8.699333,3.664711,0.775300,0.007207
1779542789.527616,0,1,6.441570,8.695523,3.664967,0.798977,0.082974
1779542789.537900,0,1,6.435060,8.691689,3.665437,0.798977,0.082974
1779542789.547614,0,1,6.428537,8.687860,3.665695,0.752904,0.095242
1779542789.557738,0,1,6.422041,8.684000,3.666383,0.752904,0.095242
1779542789.567924,0,1,6.415592,8.680071,3.667703,0.752904,0.095242
1779542789.577889,0,1,6.409194,8.676072,3.669502,0.750000,0.091636
1779542789.587824,0,1,6.402820,8.672052,3.671167,0.750000,0.091636
1779542789.597785,0,1,6.396474,8.668000,3.673073,0.750000,0.086071
1779542789.607630,0,1,6.390138,8.663945,3.674774,0.750000,0.086071
1779542789.617721,0,1,6.383821,8.659865,3.676691,0.750000,0.081383
1779542789.627849,0,1,6.377509,8.655786,3.678395,0.750000,0.081383
1779542789.637679,0,1,6.371215,8.651685,3.680314,0.750000,0.075377
1779542789.647640,0,1,6.364922,8.647585,3.682018,0.750000,0.075377
1779542789.657644,0,1,6.358647,8.643463,3.683936,0.750000,0.069185
1779542789.667620,0,1,6.352373,8.639342,3.685639,0.750000,0.069185
1779542789.677648,0,1,6.346115,8.635199,3.687556,0.750000,0.062873
1779542789.687635,0,1,6.339858,8.631056,3.689259,0.750000,0.062873
1779542789.697634,0,1,6.333616,8.626891,3.691175,0.750000,0.056676
1779542789.707778,0,1,6.327363,8.622745,3.692662,0.750000,0.056676
1779542789.717946,0,1,6.321085,8.618637,3.693735,0.750000,0.050370
1779542789.727928,0,1,6.314809,8.614528,3.694961,0.750000,0.050370
1779542789.737760,0,1,6.308524,8.610431,3.695952,0.750000,0.044040
1779542789.747974,0,1,6.302250,8.606321,3.697150,0.750000,0.044040
1779542789.757746,0,1,6.295970,8.602218,3.698131,0.750000,0.044040
1779542789.767673,0,1,6.289703,8.598097,3.699324,0.750000,0.036428
1779542789.777977,0,1,6.283432,8.593982,3.700303,0.750000,0.036428
1779542789.787944,0,1,6.277173,8.589849,3.701496,0.750000,0.032424
1779542789.797939,0,1,6.270911,8.585721,3.702474,0.750000,0.032424
1779542789.808090,0,1,6.264661,8.581574,3.703666,0.750000,0.032424
1779542789.818033,0,1,6.258408,8.577433,3.704644,0.750000,0.026438
1779542789.827894,0,1,6.252167,8.573273,3.705836,0.750000,0.026438
1779542789.837963,0,1,6.245910,8.569137,3.706599,0.750000,0.022524
1779542789.847794,0,1,6.239626,8.565042,3.706949,0.750000,0.022524
1779542789.857712,0,1,6.233340,8.560951,3.707451,0.750000,0.018456
1779542789.867749,0,1,6.227043,8.556877,3.707718,0.750000,0.018456
1779542789.877790,0,1,6.220752,8.552794,3.708193,0.750000,0.014500
1779542789.887554,0,1,6.214454,8.548721,3.708450,0.750000,0.014500
1779542789.897956,0,1,6.208164,8.544637,3.708920,0.750000,0.011311
1779542789.907877,0,1,6.201867,8.540561,3.709175,0.750000,0.011311
1779542789.918223,0,1,6.195580,8.536473,3.709644,0.750000,0.011311
1779542789.928324,0,1,6.189286,8.532394,3.709898,0.750000,0.006839
1779542789.938006,0,1,6.183001,8.528301,3.710367,0.750000,0.006839
1779542789.947670,0,1,6.176711,8.524217,3.710622,0.750000,0.003971
1779542789.957999,0,1,6.170429,8.520120,3.711091,0.750000,0.003971
1779542789.968009,0,1,6.164141,8.516032,3.711345,0.750000,0.003971
1779542789.978045,0,1,6.157862,8.511930,3.711814,0.750000,0.001221
1779542789.987691,0,1,6.151577,8.507837,3.712069,0.750000,0.001221
1779542789.998092,0,1,6.145301,8.503730,3.712538,0.750000,0.073159
1779542790.007628,0,1,6.139019,8.499633,3.712792,0.750000,0.073159
1779542790.017793,0,1,6.132759,8.495503,3.713476,0.750000,0.070773
1779542790.027845,0,1,6.126545,8.491303,3.714789,0.750000,0.070773
1779542790.037949,0,1,6.120380,8.487033,3.716576,0.750000,0.068337
1779542790.047607,0,1,6.114232,8.482737,3.718231,0.750000,0.068337
1779542790.057939,0,1,6.108108,8.478408,3.720128,0.750000,0.068337
1779542790.067836,0,1,6.101988,8.474072,3.721822,0.750000,0.064373
1779542790.078663,0,1,6.095886,8.469711,3.723734,0.750000,0.064373
1779542790.087997,0,1,6.089785,8.465349,3.725434,0.750000,0.060007
1779542790.097966,0,1,6.083701,8.460964,3.727349,0.750000,0.060007
1779542790.107748,0,1,6.077603,8.456597,3.728834,0.750000,0.055111
1779542790.118159,0,1,6.071480,8.452266,3.729907,0.750000,0.055111
1779542790.127891,0,1,6.065358,8.447933,3.731133,0.750000,0.055111
1779542790.138119,0,1,6.059227,8.443613,3.732123,0.750000,0.050213
1779542790.147720,0,1,6.053106,8.439280,3.733321,0.750000,0.050213
1779542790.157507,0,1,6.046980,8.434952,3.734301,0.750000,0.042946
1779542790.167685,0,1,6.040866,8.430608,3.735495,0.750000,0.042946
1779542790.177945,0,1,6.034749,8.426269,3.736473,0.750000,0.039016
1779542790.187897,0,1,6.028644,8.421913,3.737666,0.750000,0.039016
1779542790.197924,0,1,6.022536,8.417561,3.738644,0.750000,0.039016
1779542790.208453,0,1,6.016440,8.413192,3.739836,0.750000,0.033251
1779542790.218023,0,1,6.010341,8.408827,3.740814,0.750000,0.033251
1779542790.228140,0,1,6.004255,8.404444,3.742006,0.750000,0.029411
1779542790.238094,0,1,5.998165,8.400066,3.742984,0.750000,0.029411
1779542790.247910,0,1,5.992089,8.395670,3.744177,0.750000,0.029411
1779542790.258167,0,1,5.985995,8.391297,3.744939,0.750000,0.024670
1779542790.267954,0,1,5.979873,8.386965,3.745289,0.750000,0.024670
1779542790.278165,0,1,5.973749,8.382636,3.745791,0.750000,0.024670
1779542790.288198,0,1,5.967612,8.378324,3.746059,0.750000,0.020562
1779542790.297709,0,1,5.961483,8.374002,3.746533,0.750000,0.020562
1779542790.307872,0,1,5.955345,8.369692,3.746790,0.750000,0.017950
1779542790.317502,0,1,5.949216,8.365369,3.747260,0.750000,0.017950
1779542790.327948,0,1,5.943081,8.361055,3.747515,0.750000,0.017950
1779542790.337821,0,1,5.936954,8.356729,3.747984,0.750000,0.015434
1779542790.347689,0,1,5.930822,8.352411,3.748239,0.750000,0.015434
1779542790.357757,0,1,5.924698,8.348081,3.748707,0.750000,0.013814
1779542790.367906,0,1,5.918569,8.343759,3.748962,0.750000,0.013814
1779542790.377975,0,1,5.912449,8.339424,3.749431,0.750000,0.013814
1779542790.387893,0,1,5.906322,8.335097,3.749685,0.750000,0.011269
1779542790.397691,0,1,5.900205,8.330758,3.750154,0.750000,0.011269
1779542790.407662,0,1,5.894082,8.326427,3.750409,0.750000,0.009636
1779542790.418023,0,1,5.887968,8.322083,3.750878,0.750000,0.009636
1779542790.427581,0,1,5.881848,8.317748,3.751132,0.750000,0.009636
1779542790.437463,0,1,5.875737,8.313400,3.751601,0.750000,0.009636
1779542790.448073,0,1,5.869620,8.309060,3.751856,0.750000,0.006274
1779542790.457692,0,1,5.863512,8.304707,3.752325,0.750000,0.006274
1779542790.467383,0,1,5.857398,8.300363,3.752579,0.750000,0.006274
1779542790.479037,0,1,5.851294,8.296006,3.753048,0.750000,0.004650
1779542790.487889,0,1,5.845183,8.291658,3.753302,0.750000,0.004650
1779542790.497812,0,1,5.839082,8.287296,3.753771,0.750000,0.004650
1779542790.507953,0,1,5.832974,8.282943,3.754026,0.750000,0.002223
1779542790.518066,0,1,5.826876,8.278577,3.754495,0.750000,0.002223
1779542790.527740,0,1,5.820772,8.274220,3.754749,0.750000,0.002223
1779542790.538083,0,1,5.814677,8.269850,3.755218,0.750000,-0.000395
1779542790.547848,0,1,5.808575,8.265488,3.755473,0.750000,-0.000395
1779542790.557766,0,1,5.802478,8.261109,3.755941,0.778038,-0.002833
1779542790.567812,0,1,5.796351,8.256750,3.755982,0.778038,-0.002833
1779542790.577981,0,1,5.790181,8.252430,3.755611,0.778038,-0.002833
1779542790.587784,0,1,5.783991,8.248105,3.755389,0.810030,-0.005482
1779542790.597927,0,1,5.777764,8.243787,3.754933,0.810030,-0.005482
1779542790.608002,0,1,5.771519,8.239451,3.754679,0.810030,-0.005482
1779542790.617925,0,1,5.765245,8.235116,3.754210,0.810030,-0.005482
1779542790.627739,0,1,5.758951,8.230756,3.753948,0.843505,0.054187
1779542790.637702,0,1,5.752616,8.226390,3.753475,0.843505,0.054187
1779542790.647907,0,1,5.746272,8.221976,3.753425,0.843505,0.054187
1779542790.657748,0,1,5.739956,8.217485,3.754015,0.790329,0.139269
1779542790.667445,0,1,5.733682,8.212923,3.755098,0.790329,0.139269
1779542790.677692,0,1,5.727418,8.208336,3.756063,0.790329,0.139269
1779542790.687819,0,1,5.721178,8.203691,3.757487,0.823402,0.202465
1779542790.697767,0,1,5.714981,8.198955,3.759567,0.823402,0.202465
1779542790.707671,0,1,5.708838,8.194106,3.762369,0.846222,0.205062
1779542790.717945,0,1,5.702756,8.189132,3.765918,0.846222,0.205062
1779542790.728016,0,1,5.696747,8.184027,3.770230,0.846222,0.205062
1779542790.737783,0,1,5.690799,8.178800,3.775092,0.870186,0.205889
1779542790.747852,0,1,5.684869,8.173497,3.779880,0.870186,0.205889
1779542790.757791,0,1,5.678958,8.168111,3.784936,0.890188,0.205767
1779542790.767943,0,1,5.673042,8.162669,3.789831,0.890188,0.205767
1779542790.778094,0,1,5.667132,8.157152,3.794962,0.910267,0.203070
1779542790.787709,0,1,5.661207,8.151580,3.799924,0.910267,0.203070
1779542790.797762,0,1,5.655282,8.145931,3.805118,0.938211,0.190611
1779542790.808163,0,1,5.649337,8.140223,3.810145,0.938211,0.190611
1779542790.818047,0,1,5.643390,8.134436,3.815407,0.938211,0.190611
1779542790.827801,0,1,5.637406,8.128604,3.820281,0.970217,0.181050
1779542790.837869,0,1,5.631364,8.122740,3.824746,0.970217,0.181050
1779542790.847457,0,1,5.625297,8.116813,3.829358,0.970217,0.181050
1779542790.857718,0,1,5.619193,8.110835,3.833775,0.990184,0.175567
1779542790.867662,0,1,5.613074,8.104779,3.838408,0.990184,0.175567
1779542790.877882,0,1,5.606925,8.098664,3.842874,1.000000,0.166226
1779542790.887766,0,1,5.600767,8.092468,3.847565,1.000000,0.166226
1779542790.897768,0,1,5.594585,8.086212,3.852092,1.000000,0.166226
1779542790.907753,0,1,5.588400,8.079878,3.856844,1.000000,0.158574
1779542790.917892,0,1,5.582196,8.073486,3.861432,1.000000,0.158574
1779542790.927673,0,1,5.575995,8.067020,3.866241,1.000000,0.153360
1779542790.937895,0,1,5.569763,8.060514,3.870652,1.000000,0.153360
1779542790.947880,0,1,5.563484,8.053988,3.874615,1.000000,0.153360
1779542790.957896,0,1,5.557191,8.047413,3.878694,1.000000,0.144840
1779542790.967858,0,1,5.550875,8.040802,3.882564,1.000000,0.144840
1779542790.977574,0,1,5.544560,8.034133,3.886630,1.000000,0.144840
1779542790.987553,0,1,5.538232,8.027423,3.890515,1.000000,0.139644
1779542790.997915,0,1,5.531913,8.020654,3.894604,1.000000,0.139644
1779542791.009422,0,1,5.525586,8.013844,3.898516,1.000000,0.137238
1779542791.017903,0,1,5.519273,8.006976,3.902634,1.000000,0.137238
1779542791.027537,0,1,5.512955,8.000069,3.906574,1.000000,0.137238
1779542791.037889,0,1,5.506654,7.993106,3.910720,1.000000,0.130221
1779542791.048070,0,1,5.500352,7.986105,3.914686,1.000000,0.130221
1779542791.057735,0,1,5.494069,7.979049,3.918856,1.000000,0.130221
1779542791.067781,0,1,5.487788,7.971957,3.922847,1.000000,0.125410
1779542791.077454,0,1,5.481529,7.964812,3.927040,1.000000,0.125410
1779542791.087547,0,1,5.475255,7.957648,3.930814,1.000000,0.120887
1779542791.097851,0,1,5.468947,7.950483,3.934101,1.000000,0.120887
1779542791.107924,0,1,5.462639,7.943290,3.937480,1.000000,0.120887
1779542791.117616,0,1,5.456320,7.936080,3.940634,1.000000,0.118363
1779542791.128732,0,1,5.450015,7.928832,3.943970,1.000000,0.118363
1779542791.137736,0,1,5.443706,7.921561,3.947113,1.000000,0.114461
1779542791.147900,0,1,5.437418,7.914249,3.950451,1.000000,0.114461
1779542791.157838,0,1,5.431131,7.906915,3.953601,1.000000,0.114461
1779542791.168087,0,1,5.424866,7.899540,3.956947,1.000000,0.108246
1779542791.177766,0,1,5.418605,7.892141,3.960108,1.000000,0.108246
1779542791.187710,0,1,5.412368,7.884703,3.963463,1.000000,0.104875
1779542791.197629,0,1,5.406136,7.877243,3.966633,1.000000,0.104875
1779542791.207896,0,1,5.399930,7.869744,3.969998,1.000000,0.104008
1779542791.217917,0,1,5.393730,7.862223,3.973177,1.000000,0.104008
1779542791.227748,0,1,5.387557,7.854665,3.976551,1.000000,0.104008
1779542791.237754,0,1,5.381392,7.847086,3.979738,1.000000,0.098124
1779542791.247886,0,1,5.375254,7.839470,3.983119,1.000000,0.098124
1779542791.257523,0,1,5.369125,7.831834,3.986314,1.000000,0.097538
1779542791.267856,0,1,5.363025,7.824162,3.989703,1.000000,0.097538
1779542791.277853,0,1,5.356934,7.816471,3.992904,1.000000,0.093866
1779542791.288283,0,1,5.350873,7.808745,3.996299,1.000000,0.093866
1779542791.298016,0,1,5.344804,7.801015,3.999263,1.000000,0.093866
1779542791.307870,0,1,5.338703,7.793299,4.001721,1.000000,0.091770
1779542791.318039,0,1,5.332606,7.785569,4.004257,1.000000,0.091770
1779542791.327971,0,1,5.326501,7.777838,4.006560,1.000000,0.087597
1779542791.337915,0,1,5.320413,7.770083,4.009038,1.000000,0.087597
1779542791.347723,0,1,5.314325,7.762320,4.011319,1.000000,0.083952
1779542791.357859,0,1,5.308259,7.754531,4.013789,1.000000,0.083952
1779542791.367868,0,1,5.302196,7.746733,4.016068,1.000000,0.083952
1779542791.377962,0,1,5.296158,7.738908,4.018538,1.000000,0.080297
1779542791.387793,0,1,5.290124,7.731073,4.020818,1.000000,0.080297
1779542791.397788,0,1,5.284115,7.723212,4.023289,1.000000,0.077889
1779542791.408038,0,1,5.278112,7.715340,4.025572,1.000000,0.077889
1779542791.417924,0,1,5.272134,7.707443,4.028045,1.000000,0.077889
1779542791.427924,0,1,5.266162,7.699536,4.030330,1.000000,0.074121
1779542791.437874,0,1,5.260217,7.691603,4.032805,1.000000,0.074121
1779542791.447884,0,1,5.254278,7.683661,4.035092,1.000000,0.080469
1779542791.457658,0,1,5.248366,7.675694,4.037570,1.000000,0.080469
1779542791.467973,0,1,5.242460,7.667717,4.039858,1.000000,0.078138
1779542791.478101,0,1,5.236581,7.659716,4.042338,1.000000,0.078138
1779542791.487805,0,1,5.230709,7.651706,4.044628,1.000000,0.078138
1779542791.497520,0,1,5.224865,7.643671,4.047109,1.000000,0.081261
1779542791.507538,0,1,5.219027,7.635628,4.049401,1.000000,0.081261
1779542791.517945,0,1,5.213218,7.627561,4.051884,1.000000,0.081261
1779542791.529281,0,1,5.207415,7.619485,4.054177,1.000000,0.076901
1779542791.537732,0,1,5.201641,7.611386,4.056661,1.000000,0.076901
1779542791.547539,0,1,5.195874,7.603279,4.058956,1.000000,0.076901
1779542791.557549,0,1,5.190136,7.595148,4.061441,1.000000,0.077141
1779542791.567835,0,1,5.184405,7.587009,4.063737,1.000000,0.077141
1779542791.578047,0,1,5.178703,7.578847,4.066223,1.000000,0.074816
1779542791.587880,0,1,5.173009,7.570678,4.068520,1.000000,0.074816
1779542791.597735,0,1,5.167344,7.562486,4.071008,1.000000,0.074816
1779542791.608335,0,1,5.161686,7.554286,4.073306,1.000000,0.075346
1779542791.617770,0,1,5.156059,7.546064,4.075794,1.000000,0.075346
1779542791.627606,0,1,5.150438,7.537834,4.078093,1.000000,0.072982
1779542791.637691,0,1,5.144848,7.529582,4.080582,1.000000,0.072982
1779542791.647821,0,1,5.139266,7.521323,4.082882,1.000000,0.075292
1779542791.657572,0,1,5.133713,7.513042,4.085372,1.000000,0.075292
1779542791.667841,0,1,5.128169,7.504754,4.087672,1.000000,0.075292
1779542791.677804,0,1,5.122654,7.496444,4.090163,1.000000,0.071047
1779542791.687943,0,1,5.117148,7.488127,4.092464,1.000000,0.071047
1779542791.697702,0,1,5.111672,7.479789,4.094955,1.000000,0.073954
1779542791.707893,0,1,5.106205,7.471444,4.097257,1.000000,0.073954
1779542791.717715,0,1,5.100768,7.463077,4.099749,1.000000,0.073954
1779542791.727866,0,1,5.095339,7.454704,4.102051,1.000000,0.069498
1779542791.737752,0,1,5.089941,7.446310,4.104543,1.000000,0.069498
1779542791.748010,0,1,5.084551,7.437910,4.106846,1.000000,0.072134
1779542791.757898,0,1,5.079193,7.429488,4.109339,1.000000,0.072134
1779542791.768238,0,1,5.073842,7.421061,4.111642,1.000000,0.072134
1779542791.777983,0,1,5.068523,7.412612,4.114135,1.000000,0.068954
1779542791.788041,0,1,5.063213,7.404158,4.116439,1.000000,0.068954
1779542791.797793,0,1,5.057933,7.395682,4.118932,1.000000,0.071060
1779542791.808067,0,1,5.052662,7.387201,4.121236,1.000000,0.071060
1779542791.817714,0,1,5.047423,7.378700,4.123730,1.000000,0.071060
1779542791.827629,0,1,5.042192,7.370192,4.126034,1.000000,0.066538
1779542791.837581,0,1,5.036993,7.361664,4.128529,1.000000,0.066538
1779542791.848428,0,1,5.031803,7.353131,4.130833,1.000000,0.064005
1779542791.857777,0,1,5.026644,7.344577,4.133328,1.000000,0.064005
1779542791.867957,0,1,5.021483,7.336024,4.135510,1.000000,0.061448
1779542791.877874,0,1,5.016321,7.327471,4.137529,1.000000,0.061448
1779542791.888520,0,1,5.011154,7.318921,4.139366,1.000000,0.058759
1779542791.897654,0,1,5.005962,7.310385,4.140827,1.000000,0.058759
1779542791.907964,0,1,5.000779,7.301843,4.142411,1.000000,0.058759
1779542791.918032,0,1,4.995588,7.293306,4.143777,1.000000,0.054941
1779542791.928465,0,1,4.990416,7.284757,4.145323,1.000000,0.054941
1779542791.937916,0,1,4.985241,7.276209,4.146674,1.000000,0.052870
1779542791.947980,0,1,4.980088,7.267648,4.148212,1.000000,0.052870
1779542791.957782,0,1,4.974934,7.259086,4.149559,1.000000,0.055356
1779542791.968187,0,1,4.969804,7.250510,4.151096,1.000000,0.055356
1779542791.978051,0,1,4.964673,7.241933,4.152442,1.000000,0.055356
1779542791.987925,0,1,4.959567,7.233343,4.153978,1.000000,0.054092
1779542791.997905,0,1,4.954460,7.224751,4.155324,1.000000,0.054092
1779542792.008490,0,1,4.949378,7.216145,4.156859,1.000000,0.070578
1779542792.017794,0,1,4.944296,7.207539,4.158205,1.000000,0.070578
1779542792.027708,0,1,4.939259,7.198906,4.159987,1.000000,0.069780
1779542792.037835,0,1,4.934291,7.190232,4.162285,1.000000,0.069780
1779542792.048590,0,1,4.929354,7.181541,4.164511,1.000000,0.074440
1779542792.057970,0,1,4.924463,7.172824,4.166973,1.000000,0.074440
1779542792.067842,0,1,4.919589,7.164097,4.169263,1.000000,0.074440
1779542792.077533,0,1,4.914752,7.155349,4.171751,1.000000,0.072201
1779542792.088247,0,1,4.909927,7.146594,4.174053,1.000000,0.072201
1779542792.098002,0,1,4.905136,7.137820,4.176548,1.000000,0.072201
1779542792.107859,0,1,4.900356,7.129041,4.178853,1.000000,0.074393
1779542792.117563,0,1,4.895609,7.120243,4.181349,1.000000,0.074393
1779542792.128630,0,1,4.890871,7.111440,4.183655,1.000000,0.074393
1779542792.137664,0,1,4.886167,7.102618,4.186151,1.000000,0.072092
1779542792.147729,0,1,4.881472,7.093792,4.188458,1.000000,0.072092
1779542792.157628,0,1,4.876810,7.084948,4.190955,1.000000,0.072092
1779542792.168236,0,1,4.872158,7.076099,4.193262,1.000000,0.066443
1779542792.177964,0,1,4.867539,7.067233,4.195759,1.000000,0.066443
1779542792.187930,0,1,4.862929,7.058361,4.198065,1.000000,0.066443
1779542792.197555,0,1,4.858352,7.049473,4.200562,1.000000,0.075768
1779542792.209168,0,1,4.853784,7.040579,4.202869,1.000000,0.075768
1779542792.217546,0,1,4.849250,7.031668,4.205366,1.000000,0.075768
1779542792.227844,0,1,4.844726,7.022752,4.207673,1.000000,0.071336
1779542792.237926,0,1,4.840234,7.013820,4.210170,1.000000,0.071336
1779542792.248313,0,1,4.835752,7.004882,4.212477,1.000000,0.071336
1779542792.258030,0,1,4.831304,6.995928,4.214975,1.000000,0.071336
1779542792.267533,0,1,4.826865,6.986969,4.217282,1.000000,0.066357
1779542792.277703,0,1,4.822460,6.977993,4.219779,1.000000,0.066357
1779542792.289931,0,1,4.818064,6.969013,4.222086,1.000000,0.066357
1779542792.297980,0,1,4.813701,6.960016,4.224583,1.000000,0.075185
1779542792.307638,0,1,4.809348,6.951014,4.226890,1.000000,0.075185
1779542792.318041,0,1,4.805029,6.941996,4.229388,1.000000,0.075185
1779542792.328185,0,1,4.800720,6.932974,4.231695,1.000000,0.070719
1779542792.337992,0,1,4.796444,6.923935,4.234192,1.000000,0.070719
1779542792.347846,0,1,4.792178,6.914892,4.236499,1.000000,0.070719
1779542792.357658,0,1,4.787946,6.905833,4.238996,1.000000,0.067208
1779542792.368142,0,1,4.783723,6.896769,4.241304,1.000000,0.067208
1779542792.378030,0,1,4.779534,6.887690,4.243801,1.000000,0.067208
1779542792.387979,0,1,4.775355,6.878606,4.246108,1.000000,0.063401
1779542792.397975,0,1,4.771210,6.869507,4.248606,1.000000,0.063401
1779542792.408269,0,1,4.767052,6.860413,4.250667,1.000000,0.063401
1779542792.417609,0,1,4.762857,6.851336,4.252212,1.000000,0.060816
1779542792.427606,0,1,4.758664,6.842258,4.253828,1.000000,0.060816
1779542792.437802,0,1,4.754458,6.833187,4.255209,1.000000,0.060816
1779542792.448316,0,1,4.750269,6.824107,4.256762,1.000000,0.077725
1779542792.457813,0,1,4.746076,6.815029,4.258117,1.000000,0.077725
1779542792.467735,0,1,4.741927,6.805931,4.259904,1.000000,0.075352
1779542792.477744,0,1,4.737850,6.796800,4.262205,1.000000,0.075352
1779542792.488131,0,1,4.733805,6.787656,4.264434,1.000000,0.074490
1779542792.497992,0,1,4.729807,6.778490,4.266897,1.000000,0.074490
1779542792.507904,0,1,4.725827,6.769317,4.269189,1.000000,0.074984
1779542792.517899,0,1,4.721886,6.760127,4.271678,1.000000,0.074984
1779542792.527864,0,1,4.717957,6.750931,4.273981,1.000000,0.073311
1779542792.537902,0,1,4.714064,6.741721,4.276476,1.000000,0.073311
1779542792.547634,0,1,4.710183,6.732505,4.278782,1.000000,0.073311
1779542792.557577,0,1,4.706336,6.723275,4.281279,1.000000,0.076610
1779542792.568171,0,1,4.702499,6.714041,4.283586,1.000000,0.076610
1779542792.577866,0,1,4.698698,6.704792,4.286083,1.000000,0.074432
1779542792.587931,0,1,4.694906,6.695539,4.288390,1.000000,0.074432
1779542792.597667,0,1,4.691149,6.686272,4.290888,1.000000,-0.015121
1779542792.608365,0,1,4.687401,6.677001,4.293195,1.000000,-0.015121
1779542792.617946,0,1,4.683689,6.667716,4.295692,1.000000,-0.015121
1779542792.627971,0,1,4.679964,6.658436,4.297754,1.000000,-0.096581
1779542792.637673,0,1,4.676178,6.649181,4.299053,1.000000,-0.096581
1779542792.647657,0,1,4.672299,6.639964,4.299471,1.000000,-0.181780
1779542792.657804,0,1,4.668305,6.630797,4.298963,1.000000,-0.181780
1779542792.667928,0,1,4.664179,6.621688,4.297510,1.000000,-0.181780
1779542792.677763,0,1,4.659909,6.612646,4.295105,1.000000,-0.258313
1779542792.687819,0,1,4.655483,6.603678,4.291743,1.000000,-0.258313
1779542792.697777,0,1,4.650895,6.594794,4.287423,1.000000,-0.258313
1779542792.707885,0,1,4.646135,6.586000,4.282143,1.000000,-0.352175
1779542792.717740,0,1,4.641196,6.577305,4.275902,1.000000,-0.352175
1779542792.728191,0,1,4.636072,6.568718,4.268702,1.000000,-0.416037
1779542792.738000,0,1,4.630757,6.560248,4.260540,1.000000,-0.416037
1779542792.747862,0,1,4.625245,6.551904,4.251418,1.000000,-0.420000
1779542792.757927,0,1,4.619532,6.543698,4.241335,1.000000,-0.420000
1779542792.768329,0,1,4.613612,6.535638,4.230291,1.000000,-0.420000
1779542792.778175,0,1,4.607489,6.527733,4.218371,1.000000,-0.420000
1779542792.787782,0,1,4.601185,6.519970,4.205885,1.000000,-0.420000
1779542792.797900,0,1,4.594762,6.512306,4.193544,1.000000,-0.420000
1779542792.808269,0,1,4.588219,6.504744,4.181051,1.000000,-0.420000
1779542792.818015,0,1,4.581587,6.497260,4.168795,1.000000,-0.420000
1779542792.828831,0,1,4.574853,6.489867,4.156426,1.000000,-0.420000
1779542792.837884,0,1,4.568044,6.482544,4.144312,1.000000,-0.420000
1779542792.847738,0,1,4.561130,6.475319,4.131932,1.000000,-0.420000
1779542792.857673,0,1,4.554102,6.468205,4.119254,1.000000,-0.420000
1779542792.867908,0,1,4.546996,6.461170,4.106826,1.000000,-0.420000
1779542792.877855,0,1,4.539796,6.454231,4.094291,1.000000,-0.420000
1779542792.888224,0,1,4.532525,6.447366,4.082014,1.000000,-0.420000
1779542792.898015,0,1,4.525167,6.440593,4.069633,1.000000,-0.420000
1779542792.907782,0,1,4.517743,6.433894,4.057512,1.000000,-0.420000
1779542792.917787,0,1,4.510226,6.427299,4.045128,1.000000,-0.420000
1779542792.927742,0,1,4.502606,6.420823,4.032448,1.000000,-0.420000
1779542792.937763,0,1,4.494915,6.414432,4.020019,1.000000,-0.420000
1779542792.948809,0,1,4.487140,6.408144,4.007483,1.000000,-0.420000
1779542792.957690,0,1,4.479301,6.401935,3.995205,1.000000,-0.420000
1779542792.967916,0,1,4.471384,6.395826,3.982824,1.000000,-0.420000
1779542792.977564,0,1,4.463407,6.389796,3.970703,1.000000,-0.420000
1779542792.987618,0,1,4.455346,6.383878,3.958318,1.000000,-0.420000
1779542792.997501,0,1,4.447194,6.378087,3.945638,1.000000,-0.420000
1779542793.008196,0,1,4.438978,6.372387,3.933209,1.000000,-0.420000
1779542793.017921,0,1,4.430686,6.366796,3.920673,1.000000,-0.420000
1779542793.027569,0,1,4.422338,6.361291,3.908395,1.000000,-0.420000
1779542793.037811,0,1,4.413921,6.355892,3.896014,1.000000,-0.416328
1779542793.048198,0,1,4.405452,6.350575,3.883893,1.000000,-0.416328
1779542793.057915,0,1,4.396908,6.345379,3.871509,1.000000,-0.416328
1779542793.067990,0,1,4.388284,6.340316,3.858828,1.000000,-0.386577
1779542793.077689,0,1,4.379605,6.335350,3.846399,1.000000,-0.386577
1779542793.088504,0,1,4.370860,6.330499,3.833863,1.000000,-0.366736
1779542793.097998,0,1,4.362078,6.325717,3.821831,1.000000,-0.366736
1779542793.107802,0,1,4.353270,6.320982,3.810340,1.000000,-0.366736
1779542793.117800,0,1,4.344416,6.316334,3.798786,1.000000,-0.344677
1779542793.127880,0,1,4.335523,6.311761,3.787472,1.000000,-0.344677
1779542793.137895,0,1,4.326577,6.307292,3.775987,1.000000,-0.324968
1779542793.147735,0,1,4.317600,6.302886,3.764947,1.000000,-0.324968
1779542793.157770,0,1,4.308614,6.298499,3.754674,1.000000,-0.310140
1779542793.167870,0,1,4.299623,6.294121,3.745038,1.000000,-0.310140
1779542793.177809,0,1,4.290603,6.289803,3.735376,1.000000,-0.296288
1779542793.187880,0,1,4.281559,6.285536,3.725970,1.000000,-0.296288
1779542793.197861,0,1,4.272476,6.281353,3.716400,1.000000,-0.296288
1779542793.207913,0,1,4.263373,6.277215,3.707278,1.000000,-0.271390
1779542793.217895,0,1,4.254260,6.273097,3.698678,1.000000,-0.271390
1779542793.227941,0,1,4.245119,6.269044,3.690010,1.000000,-0.259966
1779542793.237682,0,1,4.235955,6.265040,3.681580,1.000000,-0.259966
1779542793.247739,0,1,4.226757,6.261117,3.672978,1.000000,-0.244193
1779542793.257823,0,1,4.217542,6.257233,3.664821,1.000000,-0.244193
1779542793.267662,0,1,4.208321,6.253362,3.657185,1.000000,-0.244193
1779542793.277849,0,1,4.199077,6.249549,3.649479,1.000000,-0.228091
1779542793.287753,0,1,4.189816,6.245777,3.642010,1.000000,-0.228091
1779542793.297928,0,1,4.180525,6.242079,3.634370,1.000000,-0.217730
1779542793.307767,0,1,4.171222,6.238410,3.627175,1.000000,-0.217730
1779542793.317833,0,1,4.161917,6.234747,3.620499,1.000000,-0.204662
1779542793.328051,0,1,4.152593,6.231133,3.613755,1.000000,-0.204662
1779542793.337763,0,1,4.143256,6.227551,3.607247,1.000000,-0.195457
1779542793.347831,0,1,4.133895,6.224035,3.600567,1.000000,-0.195457
1779542793.357778,0,1,4.124526,6.220540,3.594333,1.000000,-0.186146
1779542793.367672,0,1,4.115158,6.217041,3.588619,1.000000,-0.186146
1779542793.377952,0,1,4.105775,6.213582,3.582835,1.000000,-0.186146
1779542793.387787,0,1,4.096383,6.210148,3.577288,1.000000,-0.173433
1779542793.397854,0,1,4.086971,6.206770,3.571570,1.000000,-0.173433
1779542793.408211,0,1,4.077547,6.203426,3.566050,1.000000,-0.165607
1779542793.417984,0,1,4.068100,6.200145,3.560345,1.000000,-0.165607
1779542793.427553,0,1,4.058649,6.196880,3.555078,1.000000,-0.156313
1779542793.437959,0,1,4.049200,6.193604,3.550327,1.000000,-0.156313
1779542793.447829,0,1,4.039741,6.190360,3.545507,1.000000,-0.156313
1779542793.457878,0,1,4.030276,6.187133,3.540922,1.000000,-0.140987
1779542793.467588,0,1,4.020795,6.183954,3.536165,1.000000,-0.140987
1779542793.477930,0,1,4.011305,6.180800,3.531607,1.000000,-0.134424
1779542793.487957,0,1,4.001798,6.177701,3.526862,1.000000,-0.134424
1779542793.497758,0,1,3.992288,6.174608,3.522556,1.000000,-0.126693
1779542793.507578,0,1,3.982785,6.171496,3.518767,1.000000,-0.126693
1779542793.517889,0,1,3.973274,6.168407,3.514907,1.000000,-0.126693
1779542793.527864,0,1,3.963760,6.165325,3.511283,1.000000,-0.118012
1779542793.537872,0,1,3.954234,6.162283,3.507488,1.000000,-0.118012
1779542793.547879,0,1,3.944703,6.159257,3.503891,1.000000,-0.111090
1779542793.557964,0,1,3.935158,6.156277,3.500107,1.000000,-0.111090
1779542793.568104,0,1,3.925606,6.153317,3.496516,1.000000,-0.106344
1779542793.577950,0,1,3.916040,6.150404,3.492736,1.000000,-0.106344
1779542793.587854,0,1,3.906474,6.147489,3.489392,1.000000,-0.101920
1779542793.597791,0,1,3.896916,6.144547,3.486565,1.000000,-0.101920
1779542793.607765,0,1,3.887355,6.141619,3.483667,1.000000,-0.095927
1779542793.617746,0,1,3.877793,6.138690,3.481004,1.000000,-0.095927
1779542793.627699,0,1,3.868223,6.135790,3.478170,1.000000,-0.095927
1779542793.637777,0,1,3.858650,6.132899,3.475534,1.000000,-0.088064
1779542793.647758,0,1,3.849066,6.130044,3.472711,1.000000,-0.088064
1779542793.657774,0,1,3.839479,6.127200,3.470081,1.000000,-0.088064
1779542793.667647,0,1,3.829881,6.124394,3.467262,1.000000,-0.083169
1779542793.677625,0,1,3.820279,6.121601,3.464633,1.000000,-0.083169
1779542793.687936,0,1,3.810666,6.118846,3.461815,1.000000,-0.078975
1779542793.697922,0,1,3.801049,6.116105,3.459187,1.000000,-0.078975
1779542793.707515,0,1,3.791421,6.113402,3.456369,1.000000,-0.075638
1779542793.717695,0,1,3.781789,6.110713,3.453741,1.000000,-0.075638
1779542793.727802,0,1,3.772147,6.108063,3.450923,1.000000,-0.072396
1779542793.737541,0,1,3.762501,6.105426,3.448295,1.000000,-0.072396
1779542793.747661,0,1,3.752844,6.102828,3.445477,1.000000,-0.072396
1779542793.757629,0,1,3.743190,6.100220,3.443095,1.000000,-0.066309
1779542793.768091,0,1,3.733546,6.097576,3.441230,1.000000,-0.066309
1779542793.777729,0,1,3.723901,6.094936,3.439293,1.000000,-0.062832
1779542793.787721,0,1,3.714258,6.092286,3.437591,1.000000,-0.062832
1779542793.797909,0,1,3.704610,6.089658,3.435718,1.000000,-0.062832
1779542793.807635,0,1,3.694962,6.087028,3.434043,1.000000,-0.057174
1779542793.817810,0,1,3.685307,6.084425,3.432182,1.000000,-0.057174
1779542793.827720,0,1,3.675651,6.081824,3.430512,1.000000,-0.054860
1779542793.837946,0,1,3.665987,6.079253,3.428654,1.000000,-0.054860
1779542793.848028,0,1,3.656323,6.076685,3.426987,1.000000,-0.054860
1779542793.858009,0,1,3.646650,6.074146,3.425129,1.000000,-0.052857
1779542793.867891,0,1,3.636977,6.071611,3.423462,1.000000,-0.052857
1779542793.877911,0,1,3.627296,6.069106,3.421605,1.000000,-0.049607
1779542793.888043,0,1,3.617613,6.066606,3.419938,1.000000,-0.049607
1779542793.897947,0,1,3.607923,6.064135,3.418081,1.000000,-0.049607
1779542793.907751,0,1,3.598233,6.061668,3.416415,1.000000,-0.045747
1779542793.917879,0,1,3.588534,6.059231,3.414558,1.000000,-0.045747
1779542793.928042,0,1,3.578834,6.056798,3.412891,1.000000,-0.043702
1779542793.937554,0,1,3.569127,6.054396,3.411034,1.000000,-0.043702
1779542793.947937,0,1,3.559419,6.051997,3.409367,1.000000,-0.043702
1779542793.957394,0,1,3.549704,6.049629,3.407510,1.000000,-0.039350
1779542793.968111,0,1,3.539987,6.047265,3.405844,1.000000,-0.039350
1779542793.977739,0,1,3.530263,6.044931,3.403987,1.000000,-0.037138
1779542793.987837,0,1,3.520544,6.042577,3.402566,1.000000,-0.037138
1779542793.997624,0,1,3.510837,6.040177,3.401661,1.000000,-0.037138
1779542794.007532,0,1,3.501130,6.037773,3.400685,1.000000,-0.033262
1779542794.017682,0,1,3.491428,6.035349,3.399945,1.000000,-0.033262
1779542794.027759,0,1,3.481723,6.032938,3.399033,1.000000,-0.030902
1779542794.038039,0,1,3.472021,6.030515,3.398319,1.000000,-0.030902
1779542794.047903,0,1,3.462315,6.028111,3.397418,1.000000,-0.030902
1779542794.057987,0,1,3.452610,6.025699,3.396710,1.000000,-0.029360
1779542794.068039,0,1,3.442900,6.023307,3.395813,1.000000,-0.029360
1779542794.078026,0,1,3.433192,6.020909,3.395106,1.000000,-0.027799
1779542794.087689,0,1,3.423478,6.018532,3.394210,1.000000,-0.027799
1779542794.098241,0,1,3.413766,6.016149,3.393504,1.000000,-0.027799
1779542794.107682,0,1,3.404049,6.013787,3.392608,1.000000,-0.026242
1779542794.117986,0,1,3.394334,6.011420,3.391902,1.000000,-0.026242
1779542794.127746,0,1,3.384613,6.009073,3.391006,1.000000,-0.026242
1779542794.138458,0,1,3.374894,6.006721,3.390300,1.000000,-0.025394
1779542794.147846,0,1,3.365169,6.004390,3.389404,1.000000,-0.025394
1779542794.157792,0,1,3.355446,6.002053,3.388698,1.000000,-0.023727
1779542794.167962,0,1,3.345718,5.999738,3.387802,1.000000,-0.023727
1779542794.177841,0,1,3.335991,5.997417,3.387097,1.000000,-0.022836
1779542794.187773,0,1,3.326259,5.995117,3.386201,1.000000,-0.022836
1779542794.197837,0,1,3.316528,5.992811,3.385495,1.000000,-0.021322
1779542794.207942,0,1,3.306793,5.990527,3.384599,1.000000,-0.021322
1779542794.217819,0,1,3.297058,5.988237,3.383893,1.000000,-0.021322
1779542794.227667,0,1,3.287319,5.985968,3.382997,1.000000,-0.020367
1779542794.237523,0,1,3.277581,5.983694,3.382292,1.000000,-0.020367
1779542794.247495,0,1,3.267838,5.981441,3.381396,1.000000,-0.019328
1779542794.257912,0,1,3.258097,5.979183,3.380690,1.000000,-0.019328
1779542794.267713,0,1,3.248350,5.976945,3.379794,1.000000,-0.018283
1779542794.277756,0,1,3.238605,5.974702,3.379088,1.000000,-0.018283
1779542794.287948,0,1,3.228855,5.972480,3.378192,1.000000,-0.018283
1779542794.297831,0,1,3.219106,5.970253,3.377487,1.000000,-0.016643
1779542794.307832,0,1,3.209353,5.968046,3.376591,1.000000,-0.016643
1779542794.317764,0,1,3.199600,5.965835,3.375885,1.000000,-0.015150
1779542794.328105,0,1,3.189843,5.963644,3.374989,1.000000,-0.015150
1779542794.337835,0,1,3.180087,5.961448,3.374283,1.000000,-0.015150
1779542794.347529,0,1,3.170327,5.959273,3.373387,1.000000,-0.014096
1779542794.357436,0,1,3.160567,5.957092,3.372682,1.000000,-0.014096
1779542794.367754,0,1,3.150803,5.954933,3.371786,1.000000,-0.012966
1779542794.377712,0,1,3.141040,5.952768,3.371080,1.000000,-0.012966
1779542794.387435,0,1,3.131273,5.950624,3.370184,1.000000,-0.012966
1779542794.397856,0,1,3.121507,5.948475,3.369478,1.000000,-0.011208
1779542794.407885,0,1,3.111736,5.946347,3.368582,1.000000,-0.011208
1779542794.417956,0,1,3.101966,5.944213,3.367877,1.000000,-0.010066
1779542794.427904,0,1,3.092192,5.942101,3.366981,1.000000,-0.010066
1779542794.437580,0,1,3.082424,5.939959,3.366521,1.000000,-0.010066
1779542794.447842,0,1,3.072668,5.937762,3.366578,1.000000,-0.008466
1779542794.457773,0,1,3.062916,5.935551,3.366563,1.000000,-0.008466
1779542794.467560,0,1,3.053170,5.933310,3.366783,1.000000,-0.008466
1779542794.477640,0,1,3.043423,5.931073,3.366832,1.000000,-0.007605
1779542794.488077,0,1,3.033682,5.928815,3.367079,1.000000,-0.007605
1779542794.498127,0,1,3.023938,5.926566,3.367139,1.000000,-0.007099
1779542794.507810,0,1,3.014198,5.924301,3.367392,1.000000,-0.007099
1779542794.517713,0,1,3.004455,5.922046,3.367456,1.000000,-0.007362
1779542794.528320,0,1,2.994716,5.919775,3.367710,1.000000,-0.007362
1779542794.537879,0,1,2.984975,5.917516,3.367775,1.000000,-0.007362
1779542794.547614,0,1,2.975237,5.915242,3.368030,1.000000,-0.007839
1779542794.557568,0,1,2.965496,5.912980,3.368095,1.000000,-0.007839
1779542794.567430,0,1,2.955759,5.910702,3.368350,1.000000,-0.008281
1779542794.577705,0,1,2.946019,5.908436,3.368415,1.000000,-0.008281
1779542794.587767,0,1,2.936283,5.906156,3.368670,1.000000,-0.008688
1779542794.597768,0,1,2.926544,5.903887,3.368735,1.000000,-0.008688
1779542794.607977,0,1,2.916808,5.901603,3.368990,1.000000,-0.009106
1779542794.617783,0,1,2.907069,5.899331,3.369056,1.000000,-0.009106
1779542794.627818,0,1,2.897334,5.897044,3.369311,1.000000,-0.009545
1779542794.637761,0,1,2.887597,5.894769,3.369376,1.000000,-0.009545
1779542794.648143,0,1,2.877862,5.892479,3.369631,1.000000,-0.009545
1779542794.657900,0,1,2.868125,5.890201,3.369696,1.000000,-0.010219
1779542794.667506,0,1,2.858392,5.887907,3.369951,1.000000,-0.010219
1779542794.677685,0,1,2.848656,5.885626,3.370017,1.000000,-0.010676
1779542794.687706,0,1,2.838923,5.883330,3.370272,1.000000,-0.010676
1779542794.697886,0,1,2.829185,5.881057,3.370214,1.000000,-0.011088
1779542794.708148,0,1,2.819441,5.878808,3.369993,1.000000,-0.011088
1779542794.717914,0,1,2.809691,5.876586,3.369590,1.000000,-0.011536
1779542794.727693,0,1,2.799930,5.874413,3.368810,1.000000,-0.011536
1779542794.737629,0,1,2.790166,5.872252,3.368153,1.000000,-0.012003
1779542794.747774,0,1,2.780395,5.870122,3.367279,1.000000,-0.012003
1779542794.757897,0,1,2.770625,5.867992,3.366583,1.000000,-0.012003
1779542794.767796,0,1,2.760849,5.865887,3.365693,1.000000,-0.011694
1779542794.777911,0,1,2.751074,5.863779,3.364990,1.000000,-0.011694
1779542794.787952,0,1,2.741294,5.861693,3.364096,1.000000,-0.010736
1779542794.797804,0,1,2.731515,5.859602,3.363391,1.000000,-0.010736
1779542794.807928,0,1,2.721731,5.857533,3.362495,1.000000,-0.009757
1779542794.817528,0,1,2.711951,5.855446,3.361913,1.000000,-0.009757
1779542794.827396,0,1,2.702178,5.853331,3.361616,1.000000,-0.008614
1779542794.837424,0,1,2.692414,5.851168,3.361732,1.000000,-0.008614
1779542794.848156,0,1,2.682653,5.848996,3.361740,1.000000,-0.007434
1779542794.857985,0,1,2.672898,5.846798,3.361970,1.000000,-0.007434
1779542794.867801,0,1,2.663141,5.844605,3.362023,1.000000,-0.006315
1779542794.877862,0,1,2.653389,5.842393,3.362271,1.000000,-0.006315
1779542794.887481,0,1,2.643635,5.840190,3.362333,1.000000,-0.006315
1779542794.897915,0,1,2.633884,5.837970,3.362586,1.000000,-0.006246
1779542794.907552,0,1,2.624131,5.835762,3.362650,1.000000,-0.006246
1779542794.917722,0,1,2.614381,5.833538,3.362905,1.000000,-0.006635
1779542794.927909,0,1,2.604629,5.831326,3.362970,1.000000,-0.006635
1779542794.938039,0,1,2.594880,5.829098,3.363225,1.000000,-0.007266
1779542794.947658,0,1,2.585129,5.826883,3.363290,1.000000,-0.007266
1779542794.957499,0,1,2.575381,5.824652,3.363545,1.000000,-0.007266
1779542794.967713,0,1,2.565630,5.822433,3.363610,1.000000,-0.008245
1779542794.977813,0,1,2.555883,5.820199,3.363865,1.000000,-0.008245
1779542794.987793,0,1,2.546133,5.817977,3.363930,1.000000,-0.008652
1779542794.997770,0,1,2.536386,5.815740,3.364185,1.000000,-0.008652
1779542795.007764,0,1,2.526637,5.813515,3.364251,1.000000,-0.008652
1779542795.017812,0,1,2.516891,5.811275,3.364506,1.000000,-0.009115
1779542795.027604,0,1,2.507143,5.809046,3.364571,1.000000,-0.009115
1779542795.037449,0,1,2.497397,5.806803,3.364826,1.000000,-0.009679
1779542795.048430,0,1,2.487650,5.804572,3.364891,1.000000,-0.009679
1779542795.057861,0,1,2.477905,5.802325,3.365146,1.000000,-0.010105
1779542795.067511,0,1,2.468158,5.800091,3.365212,1.000000,-0.010105
1779542795.077391,0,1,2.458414,5.797841,3.365467,1.000000,-0.010553
1779542795.087619,0,1,2.448668,5.795603,3.365532,1.000000,-0.010553
1779542795.097778,0,1,2.438925,5.793351,3.365787,1.000000,-0.011005
1779542795.107731,0,1,2.429179,5.791110,3.365852,1.000000,-0.011005
1779542795.117728,0,1,2.419437,5.788854,3.366107,1.000000,-0.011429
1779542795.128081,0,1,2.409687,5.786634,3.365926,1.000000,-0.011429
1779542795.137903,0,1,2.399922,5.784476,3.365229,1.000000,-0.011897
1779542795.147810,0,1,2.390154,5.782337,3.364604,1.000000,-0.011897
1779542795.157753,0,1,2.380377,5.780234,3.363743,1.000000,-0.012297
1779542795.167941,0,1,2.370600,5.778135,3.363053,1.000000,-0.012297
1779542795.177795,0,1,2.360817,5.776062,3.362166,1.000000,-0.012610
1779542795.187413,0,1,2.351035,5.773986,3.361464,1.000000,-0.012610
1779542795.197541,0,1,2.341248,5.771934,3.360571,1.000000,-0.011805
1779542795.207852,0,1,2.331462,5.769877,3.359866,1.000000,-0.011805
1779542795.217400,0,1,2.321671,5.767842,3.358971,1.000000,-0.010711
1779542795.227504,0,1,2.311882,5.765802,3.358266,1.000000,-0.010711
1779542795.237770,0,1,2.302087,5.763783,3.357370,1.000000,-0.009575
1779542795.247972,0,1,2.292297,5.761747,3.356788,1.000000,-0.009575
1779542795.257780,0,1,2.282512,5.759682,3.356491,1.000000,-0.008679
1779542795.267385,0,1,2.272738,5.757569,3.356607,1.000000,-0.008679
1779542795.277611,0,1,2.262966,5.755447,3.356615,1.000000,-0.007495
1779542795.287848,0,1,2.253199,5.753299,3.356844,1.000000,-0.007495
1779542795.297816,0,1,2.243432,5.751156,3.356897,1.000000,-0.007495
1779542795.307735,0,1,2.233668,5.748994,3.357146,1.000000,-0.006496
1779542795.317570,0,1,2.223903,5.746841,3.357208,1.000000,-0.006496
1779542795.327907,0,1,2.214141,5.744672,3.357461,1.000000,-0.006698
1779542795.337644,0,1,2.204377,5.742513,3.357525,1.000000,-0.006698
1779542795.347519,0,1,2.194616,5.740340,3.357780,1.000000,-0.007045
1779542795.357382,0,1,2.184852,5.738177,3.357844,1.000000,-0.007045
1779542795.367896,0,1,2.175092,5.736000,3.358099,1.000000,-0.007429
1779542795.377427,0,1,2.165330,5.733834,3.358164,1.000000,-0.007429
1779542795.387723,0,1,2.155570,5.731653,3.358420,1.000000,-0.007819
1779542795.397635,0,1,2.145808,5.729484,3.358485,1.000000,-0.007819
1779542795.407516,0,1,2.136050,5.727301,3.358740,1.000000,-0.008233
1779542795.417643,0,1,2.126288,5.725129,3.358805,1.000000,-0.008233
1779542795.427737,0,1,2.116531,5.722942,3.359060,1.000000,-0.008633
1779542795.437709,0,1,2.106770,5.720766,3.359125,1.000000,-0.008633
1779542795.447825,0,1,2.097013,5.718576,3.359380,1.000000,-0.009169
1779542795.457770,0,1,2.087253,5.716398,3.359446,1.000000,-0.009169
1779542795.467565,0,1,2.077496,5.714205,3.359701,1.000000,-0.009169
1779542795.477780,0,1,2.067737,5.712023,3.359766,1.000000,-0.009883
1779542795.487618,0,1,2.057981,5.709827,3.360021,1.000000,-0.009883
1779542795.497473,0,1,2.048223,5.707642,3.360086,1.000000,-0.010484
1779542795.507412,0,1,2.038468,5.705443,3.360341,1.000000,-0.010484
1779542795.517807,0,1,2.028710,5.703255,3.360407,1.000000,-0.010918
1779542795.527822,0,1,2.018956,5.701052,3.360662,1.000000,-0.010918
1779542795.537731,0,1,2.009194,5.698885,3.360481,1.000000,-0.011378
1779542795.547553,0,1,1.999418,5.696780,3.359784,1.000000,-0.011378
1779542795.557735,0,1,1.989637,5.694694,3.359158,1.000000,-0.011378
1779542795.568089,0,1,1.979850,5.692645,3.358297,1.000000,-0.011970
1779542795.577863,0,1,1.970061,5.690599,3.357608,1.000000,-0.011970
1779542795.587691,0,1,1.960267,5.688579,3.356720,1.000000,-0.012329
1779542795.597327,0,1,1.950474,5.686557,3.356019,1.000000,-0.012329
1779542795.607869,0,1,1.940676,5.684558,3.355125,1.000000,-0.011438
1779542795.617752,0,1,1.930879,5.682554,3.354421,1.000000,-0.011438
1779542795.627404,0,1,1.921077,5.680572,3.353526,1.000000,-0.010339
1779542795.637365,0,1,1.911276,5.678586,3.352820,1.000000,-0.010339
1779542795.647446,0,1,1.901471,5.676620,3.351925,1.000000,-0.010339
1779542795.657733,0,1,1.891672,5.674626,3.351465,1.000000,-0.008820
1779542795.667502,0,1,1.881885,5.672575,3.351522,1.000000,-0.008820
1779542795.677824,0,1,1.872100,5.670511,3.351507,1.000000,-0.007664
1779542795.687897,0,1,1.862322,5.668418,3.351727,1.000000,-0.007664
1779542795.697408,0,1,1.852543,5.666327,3.351776,1.000000,-0.006459
1779542795.707900,0,1,1.842768,5.664217,3.352023,1.000000,-0.006459
1779542795.717526,0,1,1.832991,5.662115,3.352084,1.000000,-0.006558
1779542795.727509,0,1,1.823218,5.659996,3.352336,1.000000,-0.006558
1779542795.737740,0,1,1.813443,5.657888,3.352400,1.000000,-0.006558
1779542795.747376,0,1,1.803671,5.655765,3.352655,1.000000,-0.007107
1779542795.757262,0,1,1.793897,5.653652,3.352719,1.000000,-0.007465
1779542795.767649,0,1,1.784126,5.651525,3.352974,1.000000,-0.007465
1779542795.777570,0,1,1.774352,5.649410,3.353039,1.000000,-0.007465
1779542795.787688,0,1,1.764582,5.647279,3.353294,1.000000,-0.007868
1779542795.797617,0,1,1.754809,5.645160,3.353359,1.000000,-0.007868
1779542795.807785,0,1,1.745039,5.643026,3.353615,1.000000,-0.007868
1779542795.817733,0,1,1.735267,5.640904,3.353680,1.000000,-0.008616
1779542795.827372,0,1,1.725498,5.638767,3.353935,1.000000,-0.008616
1779542795.837758,0,1,1.715726,5.636642,3.354000,1.000000,-0.008616
1779542795.848025,0,1,1.705958,5.634502,3.354255,1.000000,-0.009197
1779542795.857623,0,1,1.696187,5.632374,3.354320,1.000000,-0.009197
1779542795.867454,0,1,1.686419,5.630230,3.354575,1.000000,-0.009197
1779542795.877464,0,1,1.676649,5.628099,3.354641,1.000000,-0.009623
1779542795.889019,0,1,1.666882,5.625953,3.354896,1.000000,-0.009623
1779542795.897926,0,1,1.657113,5.623818,3.354961,1.000000,-0.010347
1779542795.907762,0,1,1.647347,5.621669,3.355216,1.000000,-0.010347
1779542795.917778,0,1,1.637578,5.619531,3.355281,1.000000,-0.010347
1779542795.927854,0,1,1.627812,5.617378,3.355536,1.000000,-0.010347
1779542795.937638,0,1,1.618044,5.615237,3.355602,1.000000,-0.011257
1779542795.947634,0,1,1.608279,5.613082,3.355857,1.000000,-0.011257
1779542795.957991,0,1,1.598507,5.610961,3.355676,1.000000,-0.011257
1779542795.967355,0,1,1.588721,5.608903,3.354979,1.000000,-0.011935
1779542795.977714,0,1,1.578931,5.606865,3.354353,1.000000,-0.011935
1779542795.987758,0,1,1.569133,5.604862,3.353492,1.000000,-0.011935
1779542795.997691,0,1,1.559335,5.602863,3.352803,1.000000,-0.012729
1779542796.007850,0,1,1.549531,5.600891,3.351915,1.000000,-0.012729
1779542796.017781,0,1,1.539728,5.598916,3.351214,1.000000,-0.012247
1779542796.027579,0,1,1.529921,5.596964,3.350320,1.000000,-0.012247
1779542796.037727,0,1,1.520114,5.595007,3.349616,1.000000,-0.011855
1779542796.047963,0,1,1.510303,5.593073,3.348721,1.000000,-0.011855
1779542796.057701,0,1,1.500493,5.591133,3.348015,1.000000,-0.010385
1779542796.067742,0,1,1.490679,5.589215,3.347120,1.000000,-0.010385
1779542796.077431,0,1,1.480870,5.587267,3.346660,1.000000,-0.009244
1779542796.087417,0,1,1.471073,5.585264,3.346717,1.000000,-0.009244
1779542796.097766,0,1,1.461278,5.583247,3.346702,1.000000,-0.008517
1779542796.107641,0,1,1.451490,5.581200,3.346922,1.000000,-0.008517
1779542796.117743,0,1,1.441701,5.579157,3.346971,1.000000,-0.007296
1779542796.127783,0,1,1.431916,5.577093,3.347218,1.000000,-0.007296
1779542796.137444,0,1,1.422130,5.575038,3.347279,1.000000,-0.007062
1779542796.147649,0,1,1.412347,5.572967,3.347531,1.000000,-0.007062
1779542796.157631,0,1,1.402561,5.570906,3.347595,1.000000,-0.007812
1779542796.167887,0,1,1.392779,5.568829,3.347850,1.000000,-0.007812
1779542796.177662,0,1,1.382995,5.566764,3.347914,1.000000,-0.008209
1779542796.187399,0,1,1.373214,5.564684,3.348169,1.000000,-0.008209
1779542796.197775,0,1,1.363430,5.562615,3.348234,1.000000,-0.009048
1779542796.207741,0,1,1.353650,5.560531,3.348489,1.000000,-0.009048
1779542796.217789,0,1,1.343867,5.558459,3.348554,1.000000,-0.009048
1779542796.227795,0,1,1.334087,5.556373,3.348810,1.000000,-0.009583
1779542796.237742,0,1,1.324304,5.554298,3.348875,1.000000,-0.009583
1779542796.247767,0,1,1.314525,5.552208,3.349130,1.000000,-0.010038
1779542796.257737,0,1,1.304744,5.550129,3.349195,1.000000,-0.010038
1779542796.267705,0,1,1.294965,5.548036,3.349450,1.000000,-0.011020
1779542796.277709,0,1,1.285184,5.545955,3.349515,1.000000,-0.011020
1779542796.287734,0,1,1.275406,5.543859,3.349770,1.000000,-0.011020
1779542796.297635,0,1,1.265621,5.541798,3.349589,1.000000,-0.012510
1779542796.307815,0,1,1.255823,5.539799,3.348892,1.000000,-0.012510
1779542796.317412,0,1,1.246020,5.537821,3.348267,1.000000,-0.012978
1779542796.327797,0,1,1.236211,5.535878,3.347406,1.000000,-0.012978
1779542796.337852,0,1,1.226401,5.533938,3.346716,1.000000,-0.013485
1779542796.347430,0,1,1.216586,5.532025,3.345829,1.000000,-0.013485
1779542796.357870,0,1,1.206771,5.530110,3.345127,1.000000,-0.013039
1779542796.367599,0,1,1.196951,5.528218,3.344234,1.000000,-0.013039
1779542796.377839,0,1,1.187133,5.526321,3.343529,1.000000,-0.012044
1779542796.387760,0,1,1.177310,5.524446,3.342634,1.000000,-0.012044
1779542796.397732,0,1,1.167489,5.522566,3.341929,1.000000,-0.010959
1779542796.407407,0,1,1.157663,5.520708,3.341033,1.000000,-0.010959
1779542796.417843,0,1,1.147838,5.518844,3.340328,1.000000,-0.010959
1779542796.427742,0,1,1.138009,5.517001,3.339432,1.000000,-0.009964
1779542796.437506,0,1,1.128181,5.515153,3.338726,1.000000,-0.009964
1779542796.447718,0,1,1.118350,5.513327,3.337830,1.000000,-0.011785
1779542796.457610,0,1,1.108523,5.511471,3.337371,1.000000,-0.011785
1779542796.467554,0,1,1.098708,5.509558,3.337427,1.000000,-0.010592
1779542796.477780,0,1,1.088891,5.507656,3.337166,1.000000,-0.010592
1779542796.487850,0,1,1.079064,5.505802,3.336434,1.000000,-0.009475
1779542796.497870,0,1,1.069238,5.503947,3.335915,1.000000,-0.009475
1779542796.507479,0,1,1.059415,5.502072,3.335645,1.000000,-0.009475
1779542796.517700,0,1,1.049601,5.500154,3.335773,1.000000,-0.010111
1779542796.527766,0,1,1.039787,5.498232,3.335786,1.000000,-0.010111
1779542796.537809,0,1,1.029978,5.496285,3.336019,1.000000,-0.009514
1779542796.547742,0,1,1.020169,5.494344,3.336073,1.000000,-0.009514
1779542796.557499,0,1,1.010363,5.492384,3.336323,1.000000,-0.010597
1779542796.567861,0,1,1.000554,5.490435,3.336385,1.000000,-0.010597
1779542796.577668,0,1,0.990750,5.488469,3.336639,1.000000,-0.010927
1779542796.587677,0,1,0.980940,5.486526,3.336580,1.000000,-0.010927
1779542796.597621,0,1,0.971124,5.484618,3.336236,1.000000,-0.010927
1779542796.607844,0,1,0.961297,5.482764,3.335479,1.000000,-0.013139
1779542796.617672,0,1,0.951468,5.480925,3.334830,1.000000,-0.013139
1779542796.627857,0,1,0.941632,5.479119,3.333960,1.000000,-0.013687
1779542796.637837,0,1,0.931796,5.477315,3.333266,1.000000,-0.013687
1779542796.648012,0,1,0.921956,5.475536,3.332377,1.000000,-0.015212
1779542796.658026,0,1,0.912116,5.473754,3.331674,1.000000,-0.015212
1779542796.667567,0,1,0.902272,5.471994,3.330781,1.000000,-0.014249
1779542796.677544,0,1,0.892429,5.470230,3.330076,1.000000,-0.014249
1779542796.687681,0,1,0.882582,5.468488,3.329181,1.000000,-0.014249
1779542796.697855,0,1,0.872736,5.466740,3.328475,1.000000,-0.012670
1779542796.707363,0,1,0.862886,5.465014,3.327579,1.000000,-0.012670
1779542796.717614,0,1,0.853037,5.463283,3.326874,1.000000,-0.013438
1779542796.728091,0,1,0.843184,5.461572,3.325978,1.000000,-0.013438
1779542796.737803,0,1,0.833332,5.459857,3.325272,1.000000,-0.013438
1779542796.747718,0,1,0.823477,5.458162,3.324376,1.000000,-0.013902
1779542796.757603,0,1,0.813623,5.456463,3.323671,1.000000,-0.013902
1779542796.767902,0,1,0.803764,5.454784,3.322775,1.000000,-0.012708
1779542796.777797,0,1,0.793907,5.453100,3.322069,1.000000,-0.012708
1779542796.787521,0,1,0.784046,5.451437,3.321173,1.000000,-0.012708
1779542796.797723,0,1,0.774187,5.449769,3.320467,1.000000,-0.013321
1779542796.807661,0,1,0.764323,5.448122,3.319571,1.000000,-0.013321
1779542796.817607,0,1,0.754461,5.446470,3.318866,1.000000,-0.012106
1779542796.827850,0,1,0.744595,5.444839,3.317970,1.000000,-0.012106
1779542796.837828,0,1,0.734729,5.443202,3.317264,1.000000,-0.011066
1779542796.847594,0,1,0.724861,5.441587,3.316368,1.000000,-0.011066
1779542796.857527,0,1,0.714993,5.439966,3.315662,1.000000,-0.011066
1779542796.867837,0,1,0.705122,5.438367,3.314766,1.000000,-0.009546
1779542796.877852,0,1,0.695251,5.436762,3.314061,1.000000,-0.009546
1779542796.888000,0,1,0.685378,5.435178,3.313165,1.000000,-0.009546
1779542796.897779,0,1,0.675508,5.433565,3.312705,1.000000,-0.007828
1779542796.907838,0,1,0.665649,5.431895,3.312762,1.000000,-0.007828
1779542796.917520,0,1,0.655792,5.430212,3.312747,1.000000,-0.006693
1779542796.927828,0,1,0.645939,5.428499,3.312967,1.000000,-0.006693
1779542796.937826,0,1,0.636087,5.426789,3.313016,1.000000,-0.006693
1779542796.947700,0,1,0.626237,5.425059,3.313263,1.000000,-0.010326
1779542796.957651,0,1,0.616387,5.423338,3.313323,1.000000,-0.010326
1779542796.967648,0,1,0.606539,5.421599,3.313576,1.000000,-0.010596
1779542796.977774,0,1,0.596689,5.419872,3.313640,1.000000,-0.010596
1779542796.987664,0,1,0.586843,5.418128,3.313894,1.000000,-0.010596
1779542796.997406,0,1,0.576992,5.416408,3.313836,1.000000,-0.015559
1779542797.007694,0,1,0.567136,5.414712,3.313615,1.000000,-0.015723
1779542797.017426,0,1,0.557277,5.413043,3.313211,1.000000,-0.015723
1779542797.027351,0,1,0.547409,5.411424,3.312432,1.000000,-0.015723
1779542797.037774,0,1,0.537539,5.409817,3.311774,1.000000,-0.016774
1779542797.047701,0,1,0.527664,5.408241,3.310900,1.000000,-0.016774
1779542797.057585,0,1,0.517789,5.406665,3.310205,1.000000,-0.016774
1779542797.067594,0,1,0.507910,5.405114,3.309314,1.000000,-0.019037
1779542797.077313,0,1,0.498031,5.403560,3.308611,1.000000,-0.019037
1779542797.087933,0,1,0.488149,5.402028,3.307717,1.000000,-0.021200
1779542797.097597,0,1,0.478268,5.400492,3.307012,1.000000,-0.021200
1779542797.107364,0,1,0.468383,5.398977,3.306117,1.000000,-0.019861
1779542797.117496,0,1,0.458499,5.397457,3.305411,1.000000,-0.019861
1779542797.127743,0,1,0.448612,5.395959,3.304516,1.000000,-0.018994
1779542797.137344,0,1,0.438726,5.394455,3.303810,1.000000,-0.018994
1779542797.147544,0,1,0.428837,5.392972,3.302914,1.000000,-0.018994
1779542797.157699,0,1,0.418948,5.391484,3.302208,1.000000,-0.020023
1779542797.167984,0,1,0.409056,5.390018,3.301312,1.000000,-0.020023
1779542797.177771,0,1,0.399165,5.388546,3.300607,1.000000,-0.019151
1779542797.187473,0,1,0.389271,5.387095,3.299711,1.000000,-0.019151
1779542797.197530,0,1,0.379377,5.385639,3.299005,1.000000,-0.019151
1779542797.207846,0,1,0.369481,5.384204,3.298109,1.000000,-0.020670
1779542797.217735,0,1,0.359585,5.382764,3.297403,1.000000,-0.020670
1779542797.227768,0,1,0.349686,5.381345,3.296508,1.000000,-0.019806
1779542797.237478,0,1,0.339788,5.379920,3.295802,1.000000,-0.019806
1779542797.247761,0,1,0.329887,5.378517,3.294906,1.000000,-0.022079
1779542797.257713,0,1,0.319987,5.377108,3.294200,1.000000,-0.022079
1779542797.267692,0,1,0.310084,5.375721,3.293304,1.000000,-0.020955
1779542797.277545,0,1,0.300181,5.374328,3.292598,1.000000,-0.020955
1779542797.287755,0,1,0.290276,5.372957,3.291703,1.000000,-0.023392
1779542797.297757,0,1,0.280371,5.371580,3.290997,1.000000,-0.023392
1779542797.307629,0,1,0.270463,5.370224,3.290101,1.000000,-0.023392
1779542797.317567,0,1,0.260556,5.368863,3.289395,1.000000,-0.021506
1779542797.327380,0,1,0.250646,5.367524,3.288499,1.000000,-0.021506
1779542797.337624,0,1,0.240737,5.366178,3.287793,1.000000,-0.021506
1779542797.347655,0,1,0.230825,5.364855,3.286898,1.000000,-0.020336
1779542797.357648,0,1,0.220914,5.363525,3.286192,1.000000,-0.020336
1779542797.367778,0,1,0.211000,5.362217,3.285296,1.000000,-0.019468
1779542797.377597,0,1,0.201087,5.360904,3.284590,1.000000,-0.019468
1779542797.387508,0,1,0.191171,5.359612,3.283694,1.000000,-0.018608
1779542797.397269,0,1,0.181255,5.358314,3.282988,1.000000,-0.018608
1779542797.407702,0,1,0.171337,5.357038,3.282093,1.000000,-0.017725
1779542797.417896,0,1,0.161419,5.355756,3.281387,1.000000,-0.017725
1779542797.427781,0,1,0.151499,5.354496,3.280491,1.000000,-0.017725
1779542797.437797,0,1,0.141579,5.353230,3.279785,1.000000,-0.018988
1779542797.447705,0,1,0.131657,5.351986,3.278889,1.000000,-0.018988
1779542797.457435,0,1,0.121736,5.350736,3.278183,1.000000,-0.018988
1779542797.467794,0,1,0.111811,5.349508,3.277288,1.000000,-0.023018
1779542797.477464,0,1,0.101888,5.348274,3.276582,1.000000,-0.023018
1779542797.487820,0,1,0.091962,5.347061,3.275686,1.000000,-0.023018
1779542797.497583,0,1,0.082036,5.345843,3.274980,1.000000,-0.027290
1779542797.507789,0,1,0.072108,5.344646,3.274084,1.000000,-0.027290
1779542797.517764,0,1,0.062181,5.343444,3.273378,1.000000,-0.027290
1779542797.527577,0,1,0.052250,5.342263,3.272483,1.000000,-0.025947
1779542797.537686,0,1,0.042321,5.341077,3.271777,1.000000,-0.025947
1779542797.547517,0,1,0.032389,5.339912,3.270881,1.000000,-0.025947
1779542797.557477,0,1,0.022458,5.338742,3.270175,1.000000,-0.025947
1779542797.567687,0,1,0.012524,5.337593,3.269279,1.000000,-0.027749
1779542797.577616,0,1,0.002591,5.336438,3.268573,1.000000,-0.027749
1779542797.587749,0,1,-0.007345,5.335305,3.267678,1.000000,-0.027034
1779542797.597750,0,1,-0.017280,5.334166,3.266972,1.000000,-0.027034
1779542797.607619,0,1,-0.027217,5.333049,3.266076,1.000000,-0.027034
1779542797.617784,0,1,-0.037154,5.331927,3.265370,1.000000,-0.027034
1779542797.627625,0,1,-0.047093,5.330825,3.264474,1.000000,-0.029288
1779542797.637527,0,1,-0.057031,5.329719,3.263768,1.000000,-0.029288
1779542797.648108,0,1,-0.066972,5.328633,3.262873,1.000000,-0.029288
1779542797.657813,0,1,-0.076913,5.327542,3.262167,1.000000,-0.031839
1779542797.667359,0,1,-0.086855,5.326473,3.261271,1.000000,-0.031839
1779542797.677898,0,1,-0.096797,5.325398,3.260565,1.000000,-0.031839
1779542797.687788,0,1,-0.106742,5.324345,3.259669,1.000000,-0.031025
1779542797.697852,0,1,-0.116686,5.323286,3.258963,1.000000,-0.031025
1779542797.707758,0,1,-0.126632,5.322248,3.258068,1.000000,-0.031025
1779542797.717593,0,1,-0.136577,5.321205,3.257362,1.000000,-0.031025
1779542797.727689,0,1,-0.146525,5.320183,3.256466,1.000000,-0.033297
1779542797.737380,0,1,-0.156472,5.319156,3.255760,1.000000,-0.033297
1779542797.747488,0,1,-0.166421,5.318151,3.254864,1.000000,-0.033297
1779542797.757401,0,1,-0.176370,5.317139,3.254158,1.000000,-0.036139
1779542797.768014,0,1,-0.186321,5.316150,3.253263,1.000000,-0.036139
1779542797.777831,0,1,-0.196271,5.315154,3.252557,1.000000,-0.036139
1779542797.787646,0,1,-0.206223,5.314181,3.251661,1.000000,-0.035450
1779542797.797737,0,1,-0.216175,5.313201,3.250955,1.000000,-0.035450
1779542797.807636,0,1,-0.226129,5.312244,3.250059,1.000000,-0.035450
1779542797.817839,0,1,-0.236083,5.311280,3.249353,1.000000,-0.038190
1779542797.827726,0,1,-0.246038,5.310338,3.248458,1.000000,-0.038190
1779542797.837643,0,1,-0.255993,5.309391,3.247752,1.000000,-0.038190
1779542797.847576,0,1,-0.265950,5.308465,3.246856,1.000000,-0.037548
1779542797.857633,0,1,-0.275907,5.307533,3.246150,1.000000,-0.037548
1779542797.867732,0,1,-0.285866,5.306623,3.245254,1.000000,-0.037548
1779542797.877757,0,1,-0.295824,5.305708,3.244548,1.000000,-0.036732
1779542797.888078,0,1,-0.305783,5.304814,3.243653,1.000000,-0.036732
1779542797.897907,0,1,-0.315743,5.303914,3.242947,1.000000,-0.036732
1779542797.907729,0,1,-0.325704,5.303036,3.242051,1.000000,-0.036732
1779542797.917797,0,1,-0.335665,5.302152,3.241345,1.000000,-0.042501
1779542797.927771,0,1,-0.345628,5.301290,3.240449,1.000000,-0.042501
1779542797.937549,0,1,-0.355590,5.300423,3.239744,1.000000,-0.042501
1779542797.947591,0,1,-0.365554,5.299576,3.238848,1.000000,-0.047872
1779542797.957782,0,1,-0.375518,5.298725,3.238142,1.000000,-0.047872
1779542797.967741,0,1,-0.385485,5.297918,3.237000,1.000000,-0.047872
1779542797.977728,0,1,-0.395458,5.297185,3.235342,1.000000,-0.046858
1779542797.988443,0,1,-0.405434,5.296482,3.233755,1.000000,-0.046858
1779542797.997450,0,1,-0.415412,5.295825,3.231933,1.000000,-0.046858
1779542798.007354,0,1,-0.425391,5.295181,3.230283,1.000000,-0.046858
1779542798.017793,0,1,-0.435373,5.294573,3.228434,1.000000,-0.050295
1779542798.027633,0,1,-0.445355,5.293973,3.226772,1.000000,-0.050295
1779542798.037742,0,1,-0.455339,5.293405,3.224917,1.000000,-0.050295
1779542798.047677,0,1,-0.465323,5.292843,3.223252,1.000000,-0.047760
1779542798.057728,0,1,-0.475309,5.292312,3.221396,1.000000,-0.047760
1779542798.067506,0,1,-0.485295,5.291786,3.219729,1.000000,-0.047760
1779542798.078008,0,1,-0.495283,5.291291,3.217873,1.000000,-0.049431
1779542798.091148,0,1,-0.505271,5.290801,3.216206,1.000000,-0.049431
1779542798.097923,0,1,-0.515260,5.290341,3.214349,1.000000,-0.049431
1779542798.108366,0,1,-0.525250,5.289886,3.212683,1.000000,-0.049431
1779542798.117646,0,1,-0.535241,5.289462,3.210826,1.000000,-0.050362
1779542798.127748,0,1,-0.545232,5.289042,3.209159,1.000000,-0.050362
1779542798.137711,0,1,-0.555224,5.288653,3.207302,1.000000,-0.050362
1779542798.147677,0,1,-0.565217,5.288269,3.205635,1.000000,-0.047546
1779542798.157716,0,1,-0.575211,5.287915,3.203779,1.000000,-0.047546
1779542798.167346,0,1,-0.585204,5.287565,3.202112,1.000000,-0.047546
1779542798.177755,0,1,-0.595199,5.287247,3.200255,1.000000,-0.049821
1779542798.187768,0,1,-0.605194,5.286933,3.198588,1.000000,-0.049821
1779542798.197725,0,1,-0.615190,5.286649,3.196731,1.000000,-0.049821
1779542798.207475,0,1,-0.625186,5.286370,3.195064,1.000000,-0.049821
1779542798.217783,0,1,-0.635183,5.286122,3.193208,1.000000,-0.050911
1779542798.227478,0,1,-0.645180,5.285879,3.191541,1.000000,-0.050911
1779542798.237470,0,1,-0.655178,5.285666,3.189684,1.000000,-0.050911
1779542798.247813,0,1,-0.665176,5.285457,3.188017,1.000000,-0.048133
1779542798.257697,0,1,-0.675174,5.285280,3.186160,1.000000,-0.048133
1779542798.267866,0,1,-0.685173,5.285106,3.184493,1.000000,-0.048133
1779542798.277767,0,1,-0.695172,5.284964,3.182637,1.000000,-0.050868
1779542798.287629,0,1,-0.705171,5.284826,3.180970,1.000000,-0.050868
1779542798.297750,0,1,-0.715170,5.284719,3.179113,1.000000,-0.050868
1779542798.307908,0,1,-0.725170,5.284616,3.177446,1.000000,-0.050868
1779542798.317903,0,1,-0.735170,5.284544,3.175589,1.000000,-0.052750
1779542798.327945,0,1,-0.745169,5.284476,3.173922,1.000000,-0.052750
1779542798.337770,0,1,-0.755169,5.284440,3.172066,1.000000,-0.052750
1779542798.347505,0,1,-0.765169,5.284407,3.170399,1.000000,-0.050053
1779542798.357817,0,1,-0.775169,5.284406,3.168542,1.000000,-0.050053
1779542798.367742,0,1,-0.785169,5.284409,3.166875,1.000000,-0.050053
1779542798.377777,0,1,-0.795169,5.284443,3.165018,1.000000,-0.047432
1779542798.387811,0,1,-0.805169,5.284481,3.163351,1.000000,-0.047432
1779542798.397637,0,1,-0.815169,5.284550,3.161495,1.000000,-0.047432
1779542798.407573,0,1,-0.825168,5.284623,3.159828,1.000000,-0.044555
1779542798.417620,0,1,-0.835168,5.284727,3.157971,1.000000,-0.044555
1779542798.427487,0,1,-0.845167,5.284836,3.156304,1.000000,-0.044555
1779542798.437836,0,1,-0.855166,5.284975,3.154447,1.000000,-0.046320
1779542798.447467,0,1,-0.865165,5.285119,3.152781,1.000000,-0.046320
1779542798.457593,0,1,-0.875164,5.285294,3.150924,1.000000,-0.046320
1779542798.467525,0,1,-0.885162,5.285473,3.149257,1.000000,-0.046320
1779542798.477779,0,1,-0.895160,5.285683,3.147400,1.000000,-0.052192
1779542798.487624,0,1,-0.905158,5.285897,3.145733,1.000000,-0.052192
1779542798.497903,0,1,-0.915155,5.286143,3.143876,1.000000,-0.052192
1779542798.507493,0,1,-0.925151,5.286392,3.142210,1.000000,-0.058973
1779542798.517383,0,1,-0.935148,5.286672,3.140353,1.000000,-0.058973
1779542798.527777,0,1,-0.945143,5.286957,3.138686,1.000000,-0.058973
1779542798.537727,0,1,-0.955139,5.287273,3.136829,1.000000,-0.056672
1779542798.547685,0,1,-0.965133,5.287593,3.135162,1.000000,-0.056672
1779542798.557716,0,1,-0.975127,5.287944,3.133305,1.000000,-0.056672
1779542798.567679,0,1,-0.985121,5.288299,3.131639,1.000000,-0.056672
1779542798.577822,0,1,-0.995113,5.288685,3.129782,1.000000,-0.060354
1779542798.587363,0,1,-1.005106,5.289075,3.128115,1.000000,-0.060354
1779542798.597861,0,1,-1.015097,5.289496,3.126258,1.000000,-0.060354
1779542798.607917,0,1,-1.025088,5.289922,3.124591,1.000000,-0.063079
1779542798.617804,0,1,-1.035077,5.290379,3.122734,1.000000,-0.063079
1779542798.627448,0,1,-1.045067,5.290839,3.121068,1.000000,-0.063079
1779542798.637490,0,1,-1.055055,5.291331,3.119211,1.000000,-0.060906
1779542798.647438,0,1,-1.065042,5.291827,3.117544,1.000000,-0.060906
1779542798.657473,0,1,-1.075028,5.292354,3.115687,1.000000,-0.060906
1779542798.667487,0,1,-1.085014,5.292885,3.114020,1.000000,-0.060906
1779542798.677576,0,1,-1.094999,5.293447,3.112163,1.000000,-0.065084
1779542798.687502,0,1,-1.104982,5.294013,3.110497,1.000000,-0.065084
1779542798.697639,0,1,-1.114965,5.294611,3.108640,1.000000,-0.065084
1779542798.707374,0,1,-1.124947,5.295212,3.106973,1.000000,-0.068748
1779542798.717575,0,1,-1.134926,5.295845,3.105116,1.000000,-0.068748
1779542798.727825,0,1,-1.144906,5.296481,3.103449,1.000000,-0.068748
1779542798.737898,0,1,-1.154884,5.297149,3.101592,1.000000,-0.068748
1779542798.747408,0,1,-1.164861,5.297821,3.099926,1.000000,-0.072941
1779542798.757524,0,1,-1.174837,5.298523,3.098069,1.000000,-0.072941
1779542798.767633,0,1,-1.184812,5.299230,3.096402,1.000000,-0.072941
1779542798.777795,0,1,-1.194784,5.299968,3.094545,1.000000,-0.070779
1779542798.788452,0,1,-1.204757,5.300710,3.092878,1.000000,-0.070779
1779542798.797350,0,1,-1.214727,5.301483,3.091021,1.000000,-0.070779
1779542798.807420,0,1,-1.224696,5.302261,3.089355,1.000000,-0.074930
1779542798.817889,0,1,-1.234664,5.303069,3.087498,1.000000,-0.074930
1779542798.827324,0,1,-1.244631,5.303881,3.085831,1.000000,-0.074930
1779542798.837835,0,1,-1.254593,5.304748,3.083728,1.000000,-0.073129
1779542798.847694,0,1,-1.264548,5.305699,3.081109,1.000000,-0.073129
1779542798.857662,0,1,-1.274501,5.306664,3.078807,1.000000,-0.073129
1779542798.867657,0,1,-1.284457,5.307606,3.076977,1.000000,-0.071083
1779542798.877799,0,1,-1.294411,5.308563,3.075056,1.000000,-0.071083
1779542798.887872,0,1,-1.304365,5.309514,3.073363,1.000000,-0.071083
1779542798.897936,0,1,-1.314318,5.310490,3.071494,1.000000,-0.069510
1779542798.907557,0,1,-1.324270,5.311467,3.069821,1.000000,-0.069510
1779542798.917381,0,1,-1.334219,5.312473,3.067961,1.000000,-0.069510
1779542798.927876,0,1,-1.344168,5.313481,3.066293,1.000000,-0.070917
1779542798.937829,0,1,-1.354114,5.314520,3.064435,1.000000,-0.070917
1779542798.947404,0,1,-1.364059,5.315563,3.062768,1.000000,-0.070917
1779542798.957712,0,1,-1.374002,5.316636,3.060910,1.000000,-0.085061
1779542798.967690,0,1,-1.383943,5.317713,3.059244,1.000000,-0.085061
1779542798.977762,0,1,-1.393879,5.318845,3.057140,1.000000,-0.085061
1779542798.987772,0,1,-1.403805,5.320060,3.054521,1.000000,-0.085061
1779542798.997831,0,1,-1.413726,5.321313,3.051974,1.000000,-0.090499
1779542799.007372,0,1,-1.423640,5.322622,3.049190,1.000000,-0.090499
1779542799.017642,0,1,-1.433551,5.323954,3.046579,1.000000,-0.090499
1779542799.027271,0,1,-1.443456,5.325331,3.043769,1.000000,-0.087832
1779542799.037506,0,1,-1.453358,5.326724,3.041146,1.000000,-0.087832
1779542799.047617,0,1,-1.463255,5.328160,3.038331,1.000000,-0.087832
1779542799.057762,0,1,-1.473149,5.329611,3.035704,1.000000,-0.091662
1779542799.067765,0,1,-1.483037,5.331102,3.032887,1.000000,-0.091662
1779542799.077622,0,1,-1.492923,5.332608,3.030260,1.000000,-0.091662
1779542799.087481,0,1,-1.502803,5.334154,3.027442,1.000000,-0.091662
1779542799.097504,0,1,-1.512680,5.335713,3.024815,1.000000,-0.097537
1779542799.107461,0,1,-1.522552,5.337313,3.021997,1.000000,-0.097537
1779542799.117859,0,1,-1.532420,5.338927,3.019369,1.000000,-0.097537
1779542799.127630,0,1,-1.542283,5.340580,3.016551,1.000000,-0.090623
1779542799.137781,0,1,-1.552143,5.342248,3.013924,1.000000,-0.090623
1779542799.147394,0,1,-1.561996,5.343955,3.011106,1.000000,-0.090623
1779542799.157457,0,1,-1.571847,5.345676,3.008478,1.000000,-0.094125
1779542799.167353,0,1,-1.581690,5.347437,3.005660,1.000000,-0.094125
1779542799.177826,0,1,-1.591532,5.349212,3.003032,1.000000,-0.094125
1779542799.187482,0,1,-1.601366,5.351026,3.000214,1.000000,-0.090521
1779542799.197655,0,1,-1.611197,5.352855,2.997587,1.000000,-0.090521
1779542799.207895,0,1,-1.621021,5.354723,2.994769,1.000000,-0.090521
1779542799.217581,0,1,-1.630842,5.356604,2.992141,1.000000,-0.094823
1779542799.227639,0,1,-1.640656,5.358526,2.989323,1.000000,-0.094823
1779542799.237682,0,1,-1.650467,5.360461,2.986695,1.000000,-0.094823
1779542799.247855,0,1,-1.660270,5.362436,2.983877,1.000000,-0.100173
1779542799.257603,0,1,-1.670070,5.364425,2.981250,1.000000,-0.100173
1779542799.267775,0,1,-1.679862,5.366453,2.978432,1.000000,-0.100173
1779542799.277869,0,1,-1.689652,5.368495,2.975804,1.000000,-0.095472
1779542799.287691,0,1,-1.699433,5.370577,2.972986,1.000000,-0.095472
1779542799.297838,0,1,-1.709211,5.372672,2.970358,1.000000,-0.095472
1779542799.307268,0,1,-1.718980,5.374807,2.967540,1.000000,-0.099912
1779542799.317329,0,1,-1.728747,5.376955,2.964913,1.000000,-0.099912
1779542799.327731,0,1,-1.738504,5.379143,2.962095,1.000000,-0.099912
1779542799.337840,0,1,-1.748259,5.381345,2.959467,1.000000,-0.096356
1779542799.347764,0,1,-1.758005,5.383586,2.956649,1.000000,-0.096356
1779542799.357658,0,1,-1.767747,5.385841,2.954021,1.000000,-0.096356
1779542799.367895,0,1,-1.777480,5.388135,2.951203,1.000000,-0.092804
1779542799.377662,0,1,-1.787210,5.390443,2.948576,1.000000,-0.092804
1779542799.387677,0,1,-1.796931,5.392790,2.945758,1.000000,-0.092804
1779542799.397754,0,1,-1.806648,5.395150,2.943130,1.000000,-0.088960
1779542799.407935,0,1,-1.816356,5.397551,2.940312,1.000000,-0.088960
1779542799.417656,0,1,-1.826060,5.399964,2.937684,1.000000,-0.088960
1779542799.427513,0,1,-1.835755,5.402417,2.934866,1.000000,-0.092640
1779542799.437520,0,1,-1.845446,5.404883,2.932239,1.000000,-0.092640
1779542799.447660,0,1,-1.855127,5.407389,2.929421,1.000000,-0.092640
1779542799.457741,0,1,-1.864805,5.409908,2.926793,1.000000,-0.092640
1779542799.467724,0,1,-1.874472,5.412466,2.923975,1.000000,-0.106698
1779542799.477670,0,1,-1.884135,5.415038,2.921347,1.000000,-0.106698
1779542799.487942,0,1,-1.893785,5.417661,2.918406,1.000000,-0.104525
1779542799.497879,0,1,-1.903421,5.420335,2.915302,1.000000,-0.104525
1779542799.507488,0,1,-1.913048,5.423040,2.912262,1.000000,-0.104525
1779542799.517253,0,1,-1.922675,5.425746,2.909552,1.000000,-0.104525
1779542799.527468,0,1,-1.932293,5.428483,2.906703,1.000000,-0.108648
1779542799.537727,0,1,-1.941909,5.431228,2.904062,1.000000,-0.108648
1779542799.547540,0,1,-1.951508,5.434033,2.900992,1.000000,-0.108648
1779542799.557678,0,1,-1.961080,5.436925,2.897409,1.000000,-0.112054
1779542799.567338,0,1,-1.970639,5.439863,2.893899,1.000000,-0.112054
1779542799.577636,0,1,-1.980179,5.442863,2.890154,1.000000,-0.112054
1779542799.587358,0,1,-1.989708,5.445893,2.886581,1.000000,-0.108928
1779542799.597674,0,1,-1.999221,5.448976,2.882810,1.000000,-0.108928
1779542799.607727,0,1,-2.008726,5.452084,2.879225,1.000000,-0.108928
1779542799.617760,0,1,-2.018214,5.455242,2.875449,1.000000,-0.108928
1779542799.627690,0,1,-2.027695,5.458422,2.871861,1.000000,-0.109533
1779542799.637894,0,1,-2.037159,5.461652,2.868083,1.000000,-0.109533
1779542799.647928,0,1,-2.046616,5.464903,2.864495,1.000000,-0.109533
1779542799.657698,0,1,-2.056056,5.468202,2.860716,1.000000,-0.111102
1779542799.667314,0,1,-2.065488,5.471524,2.857128,1.000000,-0.111102
1779542799.677760,0,1,-2.074904,5.474893,2.853349,1.000000,-0.111102
1779542799.687402,0,1,-2.084311,5.478284,2.849760,1.000000,-0.105577
1779542799.697712,0,1,-2.093701,5.481722,2.845981,1.000000,-0.105577
1779542799.707708,0,1,-2.103092,5.485160,2.842639,1.000000,-0.105577
1779542799.717855,0,1,-2.112492,5.488570,2.839812,1.000000,-0.104852
1779542799.727832,0,1,-2.121888,5.491995,2.836914,1.000000,-0.104852
1779542799.737498,0,1,-2.131283,5.495419,2.834252,1.000000,-0.104852
1779542799.747312,0,1,-2.140668,5.498872,2.831417,1.000000,-0.104852
1779542799.757295,0,1,-2.150050,5.502333,2.828781,1.000000,-0.102707
1779542799.767679,0,1,-2.159419,5.505830,2.825959,1.000000,-0.102707
1779542799.777807,0,1,-2.168783,5.509337,2.823329,1.000000,-0.102707
1779542799.787791,0,1,-2.178134,5.512882,2.820510,1.000000,-0.099131
1779542799.797333,0,1,-2.187480,5.516439,2.817881,1.000000,-0.099131
1779542799.807968,0,1,-2.196812,5.520033,2.815063,1.000000,-0.099131
1779542799.817801,0,1,-2.206138,5.523641,2.812435,1.000000,-0.100243
1779542799.827726,0,1,-2.215450,5.527286,2.809617,1.000000,-0.100243
1779542799.837678,0,1,-2.224757,5.530943,2.806989,1.000000,-0.100243
1779542799.847306,0,1,-2.234050,5.534639,2.804171,1.000000,-0.096831
1779542799.857727,0,1,-2.243337,5.538347,2.801543,1.000000,-0.096831
1779542799.867666,0,1,-2.252608,5.542093,2.798725,1.000000,-0.096831
1779542799.877653,0,1,-2.261875,5.545852,2.796097,1.000000,-0.093140
1779542799.887531,0,1,-2.271126,5.549648,2.793279,1.000000,-0.093140
1779542799.897831,0,1,-2.280373,5.553457,2.790652,1.000000,-0.093140
1779542799.907753,0,1,-2.289603,5.557304,2.787834,1.000000,-0.093140
1779542799.917624,0,1,-2.298828,5.561164,2.785206,1.000000,-0.093053
1779542799.927952,0,1,-2.308038,5.565061,2.782388,1.000000,-0.093053
1779542799.937786,0,1,-2.317242,5.568970,2.779760,1.000000,-0.093053
1779542799.947655,0,1,-2.326430,5.572917,2.776942,1.000000,-0.088034
1779542799.957734,0,1,-2.335612,5.576877,2.774315,1.000000,-0.088034
1779542799.967728,0,1,-2.344779,5.580874,2.771497,1.000000,-0.088034
1779542799.977775,0,1,-2.353940,5.584884,2.768869,1.000000,-0.093035
1779542799.987803,0,1,-2.363084,5.588931,2.766051,1.000000,-0.093035
1779542799.997755,0,1,-2.372223,5.592990,2.763423,1.000000,-0.093035
1779542800.007764,0,1,-2.381346,5.597087,2.760605,1.000000,-0.093035
1779542800.017746,0,1,-2.390462,5.601196,2.757978,1.000000,-0.092319
1779542800.027642,0,1,-2.399562,5.605342,2.755160,1.000000,-0.092319
1779542800.037636,0,1,-2.408656,5.609501,2.752532,1.000000,-0.092319
1779542800.047755,0,1,-2.417734,5.613697,2.749714,1.000000,-0.088646
1779542800.057372,0,1,-2.426805,5.617905,2.747086,1.000000,-0.088646
1779542800.067551,0,1,-2.435859,5.622150,2.744268,1.000000,-0.088646
1779542800.077724,0,1,-2.444908,5.626407,2.741641,1.000000,-0.088522
1779542800.087955,0,1,-2.453939,5.630702,2.738823,1.000000,-0.088522
1779542800.097800,0,1,-2.462964,5.635009,2.736195,1.000000,-0.088522
1779542800.107709,0,1,-2.471971,5.639352,2.733377,1.000000,-0.087978
1779542800.117710,0,1,-2.480973,5.643708,2.730749,1.000000,-0.087978
1779542800.127484,0,1,-2.489956,5.648100,2.727931,1.000000,-0.087978
1779542800.137539,0,1,-2.498934,5.652505,2.725304,1.000000,-0.084017
1779542800.147411,0,1,-2.507893,5.656947,2.722486,1.000000,-0.084017
1779542800.157309,0,1,-2.516847,5.661400,2.719858,1.000000,-0.084017
1779542800.167383,0,1,-2.525782,5.665890,2.717040,1.000000,-0.084017
1779542800.177687,0,1,-2.534711,5.670392,2.714412,1.000000,-0.083494
1779542800.187647,0,1,-2.543622,5.674931,2.711594,1.000000,-0.083494
1779542800.197719,0,1,-2.552527,5.679482,2.708967,1.000000,-0.083494
1779542800.207651,0,1,-2.561412,5.684069,2.706149,1.000000,-0.081359
1779542800.217376,0,1,-2.570292,5.688668,2.703521,1.000000,-0.081359
1779542800.227635,0,1,-2.579153,5.693304,2.700703,1.000000,-0.081359
1779542800.237379,0,1,-2.588007,5.697951,2.698075,1.000000,-0.077178
1779542800.247561,0,1,-2.596842,5.702635,2.695257,1.000000,-0.077178
1779542800.257554,0,1,-2.605671,5.707331,2.692630,1.000000,-0.077178
1779542800.267617,0,1,-2.614481,5.712062,2.689812,1.000000,-0.075934
1779542800.277735,0,1,-2.623284,5.716806,2.687184,1.000000,-0.075934
1779542800.287404,0,1,-2.632068,5.721586,2.684366,1.000000,-0.075934
1779542800.297997,0,1,-2.640845,5.726377,2.681738,1.000000,-0.075934
1779542800.307577,0,1,-2.649603,5.731205,2.678920,1.000000,-0.075405
1779542800.317900,0,1,-2.658354,5.736044,2.676293,1.000000,-0.075405
1779542800.328083,0,1,-2.667085,5.740919,2.673475,1.000000,-0.070337
1779542800.337624,0,1,-2.675810,5.745806,2.670847,1.000000,-0.070337
1779542800.347737,0,1,-2.684514,5.750728,2.668029,1.000000,-0.070337
1779542800.357649,0,1,-2.693224,5.755642,2.665647,1.000000,-0.065794
1779542800.367867,0,1,-2.701953,5.760522,2.663782,1.000000,-0.065794
1779542800.377609,0,1,-2.710678,5.765406,2.661845,1.000000,-0.065794
1779542800.387666,0,1,-2.719409,5.770282,2.660143,1.000000,-0.061259
1779542800.397499,0,1,-2.728130,5.775176,2.658270,1.000000,-0.061259
1779542800.407353,0,1,-2.736851,5.780070,2.656595,1.000000,-0.061259
1779542800.417835,0,1,-2.745558,5.784987,2.654734,1.000000,-0.061259
1779542800.427804,0,1,-2.754264,5.789907,2.653065,1.000000,-0.058651
1779542800.437711,0,1,-2.762955,5.794853,2.651206,1.000000,-0.058651
1779542800.447492,0,1,-2.771645,5.799802,2.649539,1.000000,-0.058651
1779542800.457726,0,1,-2.780319,5.804778,2.647681,1.000000,-0.062618
1779542800.467698,0,1,-2.788991,5.809757,2.646014,1.000000,-0.062618
1779542800.477315,0,1,-2.797648,5.814762,2.644157,1.000000,-0.062618
1779542800.487770,0,1,-2.806303,5.819772,2.642490,1.000000,-0.060246
1779542800.497394,0,1,-2.814942,5.824808,2.640633,1.000000,-0.060246
1779542800.507347,0,1,-2.823579,5.829848,2.638967,1.000000,-0.060246
1779542800.517495,0,1,-2.832201,5.834914,2.637110,1.000000,-0.060193
1779542800.527498,0,1,-2.840820,5.839984,2.635443,1.000000,-0.060193
1779542800.537783,0,1,-2.849424,5.845081,2.633586,1.000000,-0.060193
1779542800.547606,0,1,-2.858025,5.850181,2.631919,1.000000,-0.060483
1779542800.557539,0,1,-2.866611,5.855309,2.630062,1.000000,-0.060483
1779542800.567434,0,1,-2.875194,5.860439,2.628396,1.000000,-0.060483
1779542800.577574,0,1,-2.883762,5.865597,2.626539,1.000000,-0.057487
1779542800.587396,0,1,-2.892327,5.870758,2.624872,1.000000,-0.057487
1779542800.597354,0,1,-2.900876,5.875945,2.623015,1.000000,-0.057487
1779542800.607687,0,1,-2.909424,5.881136,2.621348,1.000000,-0.057487
1779542800.617716,0,1,-2.917954,5.886354,2.619491,1.000000,-0.056985
1779542800.627427,0,1,-2.926483,5.891575,2.617825,1.000000,-0.056985
1779542800.637639,0,1,-2.934996,5.896823,2.615968,1.000000,-0.056985
1779542800.647715,0,1,-2.943506,5.902074,2.614301,1.000000,-0.056026
1779542800.657714,0,1,-2.952000,5.907351,2.612444,1.000000,-0.056026
1779542800.667654,0,1,-2.960492,5.912633,2.610777,1.000000,-0.056026
1779542800.677731,0,1,-2.968967,5.917940,2.608920,1.000000,-0.052934
1779542800.687908,0,1,-2.977440,5.923251,2.607254,1.000000,-0.052934
1779542800.697866,0,1,-2.985897,5.928588,2.605397,1.000000,-0.052934
1779542800.707709,0,1,-2.994351,5.933929,2.603730,1.000000,-0.052013
1779542800.717628,0,1,-3.002788,5.939296,2.601873,1.000000,-0.052013
1779542800.727434,0,1,-3.011224,5.944667,2.600206,1.000000,-0.052013
1779542800.737818,0,1,-3.019643,5.950064,2.598349,1.000000,-0.052013
1779542800.747615,0,1,-3.028059,5.955464,2.596683,1.000000,-0.050710
1779542800.757675,0,1,-3.036459,5.960890,2.594826,1.000000,-0.050710
1779542800.767782,0,1,-3.044856,5.966320,2.593159,1.000000,-0.048340
1779542800.777468,0,1,-3.053237,5.971776,2.591302,1.000000,-0.048340
1779542800.787403,0,1,-3.061615,5.977236,2.589635,1.000000,-0.048340
1779542800.797755,0,1,-3.069976,5.982721,2.587778,1.000000,-0.048340
1779542800.807761,0,1,-3.078335,5.988210,2.586112,1.000000,-0.046127
1779542800.817538,0,1,-3.086677,5.993725,2.584255,1.000000,-0.046127
1779542800.827607,0,1,-3.095016,5.999244,2.582588,1.000000,-0.046127
1779542800.837534,0,1,-3.103338,6.004788,2.580731,1.000000,-0.044228
1779542800.847806,0,1,-3.111658,6.010336,2.579064,1.000000,-0.044228
1779542800.857739,0,1,-3.119961,6.015909,2.577207,1.000000,-0.041384
1779542800.867302,0,1,-3.128262,6.021486,2.575541,1.000000,-0.041384
1779542800.877780,0,1,-3.136545,6.027089,2.573684,1.000000,-0.041384
1779542800.887779,0,1,-3.144839,6.032675,2.572263,1.000000,-0.038295
1779542800.897750,0,1,-3.153160,6.038222,2.571358,1.000000,-0.038295
1779542800.907716,0,1,-3.161483,6.043765,2.570382,1.000000,-0.038295
1779542800.917875,0,1,-3.169817,6.049290,2.569642,1.000000,-0.035261
1779542800.927750,0,1,-3.178145,6.054827,2.568730,1.000000,-0.035261
1779542800.937830,0,1,-3.186479,6.060354,2.568016,1.000000,-0.035261
1779542800.947821,0,1,-3.194802,6.065897,2.567115,1.000000,-0.032974
1779542800.957563,0,1,-3.203130,6.071433,2.566407,1.000000,-0.032974
1779542800.967584,0,1,-3.211446,6.076987,2.565510,1.000000,-0.032974
1779542800.977540,0,1,-3.219765,6.082535,2.564803,1.000000,-0.032974
1779542800.987696,0,1,-3.228073,6.088101,2.563907,1.000000,-0.033154
1779542800.997672,0,1,-3.236384,6.093662,2.563201,1.000000,-0.033154
1779542801.007814,0,1,-3.244683,6.099241,2.562305,1.000000,-0.033154
1779542801.017861,0,1,-3.252986,6.104815,2.561599,1.000000,-0.036525
1779542801.027513,0,1,-3.261276,6.110407,2.560703,1.000000,-0.036525
1779542801.037679,0,1,-3.269569,6.115995,2.559997,1.000000,-0.036525
1779542801.047471,0,1,-3.277851,6.121600,2.559101,1.000000,-0.036525
1779542801.057584,0,1,-3.286135,6.127201,2.558395,1.000000,-0.037041
1779542801.067301,0,1,-3.294407,6.132819,2.557500,1.000000,-0.037041
1779542801.077615,0,1,-3.302683,6.138433,2.556794,1.000000,-0.035783
1779542801.087556,0,1,-3.310946,6.144065,2.555898,1.000000,-0.035783
1779542801.097400,0,1,-3.319213,6.149692,2.555192,1.000000,-0.035783
1779542801.107302,0,1,-3.327467,6.155337,2.554296,1.000000,-0.035783
1779542801.117667,0,1,-3.335724,6.160978,2.553590,1.000000,-0.035405
1779542801.127466,0,1,-3.343970,6.166636,2.552694,1.000000,-0.035405
1779542801.137733,0,1,-3.352218,6.172289,2.551989,1.000000,-0.035405
1779542801.147323,0,1,-3.360454,6.177961,2.551093,1.000000,-0.035605
1779542801.157420,0,1,-3.368694,6.183628,2.550387,1.000000,-0.035605
1779542801.167471,0,1,-3.376921,6.189312,2.549491,1.000000,-0.035605
1779542801.177403,0,1,-3.385151,6.194992,2.548785,1.000000,-0.034685
1779542801.187787,0,1,-3.393369,6.200690,2.547890,1.000000,-0.034685
1779542801.197667,0,1,-3.401590,6.206383,2.547184,1.000000,-0.034685
1779542801.207852,0,1,-3.409799,6.212094,2.546288,1.000000,-0.033954
1779542801.217619,0,1,-3.418011,6.217801,2.545582,1.000000,-0.033954
1779542801.227281,0,1,-3.426211,6.223525,2.544686,1.000000,-0.033954
1779542801.237320,0,1,-3.434413,6.229244,2.543980,1.000000,-0.033360
1779542801.247465,0,1,-3.442604,6.234982,2.543085,1.000000,-0.033360
1779542801.257539,0,1,-3.450798,6.240714,2.542379,1.000000,-0.033360
1779542801.267452,0,1,-3.458979,6.246465,2.541483,1.000000,-0.032450
1779542801.277675,0,1,-3.467163,6.252210,2.540777,1.000000,-0.032450
1779542801.287491,0,1,-3.475336,6.257974,2.539881,1.000000,-0.032450
1779542801.297498,0,1,-3.483511,6.263733,2.539175,1.000000,-0.031973
1779542801.307721,0,1,-3.491674,6.269509,2.538280,1.000000,-0.031973
1779542801.317670,0,1,-3.499840,6.275281,2.537574,1.000000,-0.031973
1779542801.327520,0,1,-3.507993,6.281071,2.536678,1.000000,-0.030766
1779542801.337403,0,1,-3.516150,6.286856,2.535972,1.000000,-0.030766
1779542801.347410,0,1,-3.524294,6.292658,2.535076,1.000000,-0.030081
1779542801.357383,0,1,-3.532442,6.298456,2.534370,1.000000,-0.030081
1779542801.367412,0,1,-3.540577,6.304272,2.533475,1.000000,-0.030081
1779542801.377733,0,1,-3.548715,6.310083,2.532769,1.000000,-0.028941
1779542801.387677,0,1,-3.556841,6.315912,2.531873,1.000000,-0.028941
1779542801.397433,0,1,-3.564970,6.321736,2.531167,1.000000,-0.028941
1779542801.407870,0,1,-3.573086,6.327578,2.530271,1.000000,-0.027902
1779542801.417567,0,1,-3.581206,6.333415,2.529565,1.000000,-0.027902
1779542801.427390,0,1,-3.589312,6.339270,2.528670,1.000000,-0.027902
1779542801.437346,0,1,-3.597423,6.345120,2.527964,1.000000,-0.026932
1779542801.447317,0,1,-3.605520,6.350987,2.527068,1.000000,-0.026932
1779542801.457720,0,1,-3.613621,6.356851,2.526362,1.000000,-0.026932
1779542801.467621,0,1,-3.621709,6.362731,2.525466,1.000000,-0.025894
1779542801.477314,0,1,-3.629801,6.368607,2.524760,1.000000,-0.025894
1779542801.487853,0,1,-3.637879,6.374501,2.523865,1.000000,-0.025894
1779542801.497734,0,1,-3.645961,6.380390,2.523159,1.000000,-0.025894
1779542801.507326,0,1,-3.654031,6.386296,2.522263,1.000000,-0.024119
1779542801.517452,0,1,-3.662103,6.392198,2.521557,1.000000,-0.024119
1779542801.527698,0,1,-3.670163,6.398118,2.520661,1.000000,-0.023296
1779542801.537703,0,1,-3.678226,6.404033,2.519955,1.000000,-0.023296
1779542801.547685,0,1,-3.686276,6.409965,2.519060,1.000000,-0.023296
1779542801.557508,0,1,-3.694330,6.415893,2.518354,1.000000,-0.023296
1779542801.567858,0,1,-3.702371,6.421838,2.517458,1.000000,-0.021398
1779542801.577677,0,1,-3.710415,6.427779,2.516752,1.000000,-0.021398
1779542801.587597,0,1,-3.718446,6.433737,2.515856,1.000000,-0.020514
1779542801.597408,0,1,-3.726481,6.439691,2.515150,1.000000,-0.020514
1779542801.607791,0,1,-3.734502,6.445661,2.514255,1.000000,-0.020514
1779542801.617782,0,1,-3.742528,6.451628,2.513549,1.000000,-0.020514
1779542801.627493,0,1,-3.750540,6.457612,2.512653,1.000000,-0.018470
1779542801.637633,0,1,-3.758555,6.463591,2.511947,1.000000,-0.018470
1779542801.647664,0,1,-3.766558,6.469588,2.511051,1.000000,-0.018470
1779542801.657757,0,1,-3.774564,6.475580,2.510345,1.000000,-0.016638
1779542801.667450,0,1,-3.782556,6.481589,2.509450,1.000000,-0.016638
1779542801.677858,0,1,-3.790553,6.487594,2.508744,1.000000,-0.016638
1779542801.687562,0,1,-3.798536,6.493616,2.507848,1.000000,-0.015224
1779542801.697745,0,1,-3.806523,6.499634,2.507142,1.000000,-0.015224
1779542801.707428,0,1,-3.814496,6.505669,2.506246,1.000000,-0.015224
1779542801.717726,0,1,-3.822473,6.511700,2.505540,1.000000,-0.013272
1779542801.727859,0,1,-3.830437,6.517747,2.504645,1.000000,-0.013272
1779542801.737628,0,1,-3.838405,6.523791,2.503939,1.000000,-0.013272
1779542801.747739,0,1,-3.846359,6.529851,2.503043,1.000000,-0.013272
1779542801.757598,0,1,-3.854317,6.535907,2.502337,1.000000,-0.011506
1779542801.767489,0,1,-3.862261,6.541980,2.501441,1.000000,-0.011506
1779542801.777488,0,1,-3.870209,6.548049,2.500735,1.000000,-0.009681
1779542801.787861,0,1,-3.878144,6.554135,2.499840,1.000000,-0.009681
1779542801.797735,0,1,-3.886097,6.560198,2.499380,1.000000,-0.009681
1779542801.807764,0,1,-3.894084,6.566214,2.499436,1.000000,-0.009681
1779542801.817720,0,1,-3.902080,6.572220,2.499421,1.000000,-0.006942
1779542801.827544,0,1,-3.910094,6.578201,2.499642,1.000000,-0.006942
1779542801.837750,0,1,-3.918106,6.584185,2.499691,1.000000,-0.006942
1779542801.847401,0,1,-3.926130,6.590152,2.499937,1.000000,-0.005437
1779542801.857600,0,1,-3.934149,6.596127,2.499998,1.000000,-0.005437
1779542801.868620,0,1,-3.942179,6.602087,2.500251,1.000000,-0.005437
1779542801.877751,0,1,-3.950202,6.608057,2.500315,1.000000,-0.005569
1779542801.887852,0,1,-3.958234,6.614014,2.500569,1.000000,-0.005569
1779542801.897849,0,1,-3.966259,6.619980,2.500634,1.000000,-0.005569
1779542801.907558,0,1,-3.974294,6.625933,2.500889,1.000000,-0.006307
1779542801.917519,0,1,-3.982321,6.631897,2.500954,1.000000,-0.006307
1779542801.927957,0,1,-3.990358,6.637848,2.501209,1.000000,-0.006307
1779542801.937766,0,1,-3.998387,6.643808,2.501274,1.000000,-0.006989
1779542801.947681,0,1,-4.006426,6.649756,2.501529,1.000000,-0.006989
1779542801.957761,0,1,-4.014457,6.655714,2.501594,1.000000,-0.006989
1779542801.967905,0,1,-4.022497,6.661660,2.501849,1.000000,-0.007538
1779542801.977565,0,1,-4.030531,6.667615,2.501914,1.000000,-0.007538
1779542801.987344,0,1,-4.038573,6.673558,2.502170,1.000000,-0.007538
1779542801.997713,0,1,-4.046608,6.679511,2.502235,1.000000,-0.007830
1779542802.007902,0,1,-4.054652,6.685452,2.502490,1.000000,-0.007830
1779542802.017328,0,1,-4.062690,6.691402,2.502555,1.000000,-0.007830
1779542802.027611,0,1,-4.070736,6.697340,2.502810,1.000000,-0.007830
1779542802.037683,0,1,-4.078775,6.703288,2.502875,1.000000,-0.006180
1779542802.048006,0,1,-4.086823,6.709223,2.503131,1.000000,-0.006180
1779542802.057788,0,1,-4.094864,6.715168,2.503196,1.000000,-0.006180
1779542802.067671,0,1,-4.102914,6.721101,2.503451,1.000000,-0.006180
1779542802.077721,0,1,-4.110956,6.727043,2.503516,1.000000,-0.004476
1779542802.087700,0,1,-4.119008,6.732973,2.503771,1.000000,-0.004476
1779542802.097875,0,1,-4.127053,6.738913,2.503836,1.000000,-0.004476
1779542802.107280,0,1,-4.135107,6.744841,2.504092,1.000000,-0.003805
1779542802.117681,0,1,-4.143153,6.750778,2.504157,1.000000,-0.003805
1779542802.127680,0,1,-4.151209,6.756703,2.504412,1.000000,-0.003805
1779542802.137753,0,1,-4.159258,6.762638,2.504477,1.000000,-0.004357
1779542802.147665,0,1,-4.167315,6.768561,2.504732,1.000000,-0.004357
1779542802.157621,0,1,-4.175366,6.774493,2.504797,1.000000,-0.004357
1779542802.167858,0,1,-4.183425,6.780413,2.505053,1.000000,-0.004357
1779542802.177555,0,1,-4.191477,6.786342,2.505118,1.000000,-0.003530
1779542802.187503,0,1,-4.199539,6.792260,2.505373,1.000000,-0.003530
1779542802.197566,0,1,-4.207593,6.798187,2.505438,1.000000,-0.003530
1779542802.207507,0,1,-4.215656,6.804101,2.505693,1.000000,-0.002258
1779542802.217993,0,1,-4.223712,6.810026,2.505758,1.000000,-0.002258
1779542802.227668,0,1,-4.231777,6.815938,2.506014,1.000000,-0.002258
1779542802.237947,0,1,-4.239835,6.821860,2.506079,1.000000,-0.002258
1779542802.247894,0,1,-4.247902,6.827769,2.506334,1.000000,-0.001125
1779542802.257349,0,1,-4.255962,6.833688,2.506399,1.000000,-0.001125
1779542802.267587,0,1,-4.264031,6.839595,2.506654,1.000000,-0.001125
1779542802.277839,0,1,-4.272093,6.845512,2.506719,1.000000,-0.001676
1779542802.287682,0,1,-4.280164,6.851417,2.506975,1.000000,-0.001676
1779542802.297863,0,1,-4.288228,6.857331,2.507040,1.000000,-0.001676
1779542802.307510,0,1,-4.296300,6.863232,2.507295,1.000000,-0.001676
1779542802.317646,0,1,-4.304366,6.869144,2.507360,1.000000,0.000014
1779542802.327516,0,1,-4.312441,6.875043,2.507615,1.000000,0.000014
1779542802.337756,0,1,-4.320508,6.880952,2.507680,1.000000,0.000014
1779542802.347646,0,1,-4.328585,6.886849,2.507936,1.000000,-0.000417
1779542802.357961,0,1,-4.336654,6.892755,2.508001,1.000000,-0.000417
1779542802.367530,0,1,-4.344732,6.898649,2.508256,1.000000,-0.000417
1779542802.378135,0,1,-4.352804,6.904553,2.508321,1.000000,-0.000658
1779542802.387629,0,1,-4.360884,6.910444,2.508576,1.000000,-0.000658
1779542802.397784,0,1,-4.368957,6.916346,2.508641,1.000000,-0.000658
1779542802.407560,0,1,-4.377039,6.922234,2.508897,1.000000,-0.001079
1779542802.417554,0,1,-4.385114,6.928133,2.508962,1.000000,-0.001079
1779542802.427609,0,1,-4.393198,6.934019,2.509217,1.000000,-0.001079
1779542802.437551,0,1,-4.401275,6.939915,2.509282,1.000000,0.000260
1779542802.447495,0,1,-4.409361,6.945799,2.509537,1.000000,0.000260
1779542802.457565,0,1,-4.417440,6.951692,2.509602,1.000000,0.000260
1779542802.467283,0,1,-4.425528,6.957573,2.509858,1.000000,0.000260
1779542802.477577,0,1,-4.433608,6.963464,2.509923,1.000000,0.003404
1779542802.487724,0,1,-4.441698,6.969343,2.510178,1.000000,0.003404
1779542802.497740,0,1,-4.449781,6.975231,2.510243,1.000000,0.003404
1779542802.507695,0,1,-4.457872,6.981107,2.510498,1.000000,0.006746
1779542802.517645,0,1,-4.465957,6.986993,2.510563,1.000000,0.006746
1779542802.527630,0,1,-4.474050,6.992866,2.510819,1.000000,0.006746
1779542802.537559,0,1,-4.482137,6.998749,2.510884,1.000000,0.006570
1779542802.547703,0,1,-4.490232,7.004620,2.511139,1.000000,0.006570
1779542802.557739,0,1,-4.498320,7.010500,2.511204,1.000000,0.006570
1779542802.567574,0,1,-4.506417,7.016368,2.511459,1.000000,0.006570
1779542802.577826,0,1,-4.514508,7.022246,2.511524,1.000000,0.008692
1779542802.587479,0,1,-4.522607,7.028112,2.511780,1.000000,0.008692
1779542802.597513,0,1,-4.530699,7.033987,2.511845,1.000000,0.008692
1779542802.607505,0,1,-4.538800,7.039850,2.512100,1.000000,0.011016
1779542802.617661,0,1,-4.546894,7.045723,2.512165,1.000000,0.011016
1779542802.627487,0,1,-4.554996,7.051583,2.512420,1.000000,0.011016
1779542802.637864,0,1,-4.563092,7.057453,2.512485,1.000000,0.010962
1779542802.647383,0,1,-4.571197,7.063311,2.512741,1.000000,0.010962
1779542802.657633,0,1,-4.579295,7.069178,2.512806,1.000000,0.010962
1779542802.667742,0,1,-4.587401,7.075034,2.513061,1.000000,0.013341
1779542802.677749,0,1,-4.595501,7.080898,2.513126,1.000000,0.013341
1779542802.688029,0,1,-4.603609,7.086751,2.513381,1.000000,0.013341
1779542802.697731,0,1,-4.611711,7.092613,2.513446,1.000000,0.013341
1779542802.707560,0,1,-4.619821,7.098463,2.513702,1.000000,0.016042
1779542802.717267,0,1,-4.627924,7.104323,2.513767,1.000000,0.016042
1779542802.727724,0,1,-4.636037,7.110170,2.514022,1.000000,0.016042
1779542802.737645,0,1,-4.644142,7.116027,2.514087,1.000000,0.019198
1779542802.747553,0,1,-4.652256,7.121872,2.514342,1.000000,0.019198
1779542802.757686,0,1,-4.660363,7.127727,2.514407,1.000000,0.019198
1779542802.767675,0,1,-4.668479,7.133569,2.514663,1.000000,0.019005
1779542802.777799,0,1,-4.676588,7.139421,2.514728,1.000000,0.019005
1779542802.787565,0,1,-4.684706,7.145260,2.514983,1.000000,0.019005
1779542802.797763,0,1,-4.692816,7.151110,2.515048,1.000000,0.019212
1779542802.807655,0,1,-4.700936,7.156947,2.515303,1.000000,0.019212
1779542802.817855,0,1,-4.709049,7.162793,2.515368,1.000000,0.019212
1779542802.827699,0,1,-4.717170,7.168628,2.515624,1.000000,0.019212
1779542802.837368,0,1,-4.725285,7.174472,2.515689,1.000000,0.021999
1779542802.847866,0,1,-4.733408,7.180304,2.515944,1.000000,0.021999
1779542802.857793,0,1,-4.741525,7.186145,2.516009,1.000000,0.021999
1779542802.867555,0,1,-4.749664,7.191955,2.516510,1.000000,0.022274
1779542802.877832,0,1,-4.757842,7.197710,2.517528,1.000000,0.022274
1779542802.887871,0,1,-4.766034,7.203446,2.518474,1.000000,0.022274
1779542802.897762,0,1,-4.774248,7.209149,2.519655,1.000000,0.022698
1779542802.907612,0,1,-4.782466,7.214846,2.520665,1.000000,0.022698
1779542802.917709,0,1,-4.790701,7.220519,2.521873,1.000000,0.022698
1779542802.927476,0,1,-4.798937,7.226191,2.522895,1.000000,0.024490
1779542802.937769,0,1,-4.807188,7.231842,2.524108,1.000000,0.024490
1779542802.947347,0,1,-4.815438,7.237493,2.525133,1.000000,0.024490
1779542802.957698,0,1,-4.823702,7.243123,2.526348,1.000000,0.024490
1779542802.967846,0,1,-4.831965,7.248755,2.527374,1.000000,0.026087
1779542802.977863,0,1,-4.840243,7.254366,2.528590,1.000000,0.026087
1779542802.987538,0,1,-4.848519,7.259979,2.529616,1.000000,0.026087
1779542802.997283,0,1,-4.856809,7.265572,2.530832,1.000000,0.028636
1779542803.007410,0,1,-4.865098,7.271166,2.531858,1.000000,0.028636
1779542803.017489,0,1,-4.873400,7.276740,2.533074,1.000000,0.028636
1779542803.027713,0,1,-4.881701,7.282316,2.534100,1.000000,0.026373
1779542803.037729,0,1,-4.890016,7.287871,2.535317,1.000000,0.026373
1779542803.047747,0,1,-4.898330,7.293428,2.536343,1.000000,0.026373
1779542803.057749,0,1,-4.906658,7.298964,2.537559,1.000000,0.026904
1779542803.067277,0,1,-4.914984,7.304503,2.538585,1.000000,0.026904
1779542803.077450,0,1,-4.923324,7.310021,2.539801,1.000000,0.026904
1779542803.087513,0,1,-4.931662,7.315540,2.540827,1.000000,0.024941
1779542803.098010,0,1,-4.940015,7.321039,2.542044,1.000000,0.024941
1779542803.107477,0,1,-4.948366,7.326540,2.543070,1.000000,0.024941
1779542803.117712,0,1,-4.956730,7.332021,2.544286,1.000000,0.024941
1779542803.127675,0,1,-4.965093,7.337503,2.545312,1.000000,0.024982
1779542803.137883,0,1,-4.973470,7.342965,2.546528,1.000000,0.024982
1779542803.147645,0,1,-4.981846,7.348428,2.547554,1.000000,0.024982
1779542803.157252,0,1,-4.990235,7.353871,2.548771,1.000000,0.025815
1779542803.167669,0,1,-4.998623,7.359316,2.549797,1.000000,0.025815
1779542803.177786,0,1,-5.007024,7.364740,2.551013,1.000000,0.025815
1779542803.187637,0,1,-5.015424,7.370166,2.552039,1.000000,0.025815
1779542803.197661,0,1,-5.023837,7.375571,2.553255,1.000000,0.025833
1779542803.207402,0,1,-5.032249,7.380978,2.554281,1.000000,0.025833
1779542803.217652,0,1,-5.040675,7.386364,2.555498,1.000000,0.025833
1779542803.227639,0,1,-5.049099,7.391752,2.556524,1.000000,0.023489
1779542803.237569,0,1,-5.057537,7.397119,2.557740,1.000000,0.023489
1779542803.247948,0,1,-5.065973,7.402489,2.558766,1.000000,0.023489
1779542803.257642,0,1,-5.074422,7.407837,2.559982,1.000000,0.024230
1779542803.267625,0,1,-5.082871,7.413187,2.561008,1.000000,0.024230
1779542803.277816,0,1,-5.091332,7.418517,2.562225,1.000000,0.024230
1779542803.287558,0,1,-5.099792,7.423848,2.563251,1.000000,0.022237
1779542803.297725,0,1,-5.108266,7.429159,2.564467,1.000000,0.022237
1779542803.307533,0,1,-5.116738,7.434471,2.565493,1.000000,0.022237
1779542803.318563,0,1,-5.125223,7.439762,2.566709,1.000000,0.022237
1779542803.327707,0,1,-5.133707,7.445056,2.567735,1.000000,0.022135
1779542803.337720,0,1,-5.142205,7.450328,2.568952,1.000000,0.022135
1779542803.347579,0,1,-5.150701,7.455603,2.569978,1.000000,0.020779
1779542803.357616,0,1,-5.159210,7.460856,2.571194,1.000000,0.020779
1779542803.367552,0,1,-5.167705,7.466131,2.571974,1.000000,0.020779
1779542803.377573,0,1,-5.176171,7.471453,2.572238,1.000000,0.018838
1779542803.387684,0,1,-5.184632,7.476784,2.572573,1.000000,0.018838
1779542803.397278,0,1,-5.193078,7.482138,2.572673,1.000000,0.018838
1779542803.407612,0,1,-5.201527,7.487486,2.572945,1.000000,0.016681
1779542803.417580,0,1,-5.209968,7.492849,2.573018,1.000000,0.016681
1779542803.427424,0,1,-5.218414,7.498202,2.573278,1.000000,0.016681
1779542803.437470,0,1,-5.226854,7.503566,2.573345,1.000000,0.016151
1779542803.447397,0,1,-5.235301,7.508919,2.573602,1.000000,0.016151
1779542803.457806,0,1,-5.243741,7.514282,2.573668,1.000000,0.016151
1779542803.467575,0,1,-5.252189,7.519633,2.573923,1.000000,0.018968
1779542803.477706,0,1,-5.260630,7.524994,2.573989,1.000000,0.018968
1779542803.487758,0,1,-5.269080,7.530342,2.574244,1.000000,0.018968
1779542803.497731,0,1,-5.277523,7.535701,2.574309,1.000000,0.018968
1779542803.507913,0,1,-5.285974,7.541047,2.574565,1.000000,0.028211
1779542803.517361,0,1,-5.294419,7.546403,2.574630,1.000000,0.028211
1779542803.527781,0,1,-5.302884,7.551726,2.575131,1.000000,0.028211
1779542803.537556,0,1,-5.311386,7.556991,2.576149,1.000000,0.028593
1779542803.547537,0,1,-5.319899,7.562237,2.577095,1.000000,0.028593
1779542803.557389,0,1,-5.328434,7.567449,2.578276,1.000000,0.028593
1779542803.567811,0,1,-5.336971,7.572656,2.579286,1.000000,0.031692
1779542803.577668,0,1,-5.345525,7.577836,2.580494,1.000000,0.031692
1779542803.587625,0,1,-5.354079,7.583016,2.581516,1.000000,0.031692
1779542803.597629,0,1,-5.362646,7.588173,2.582729,1.000000,0.031692
1779542803.607706,0,1,-5.371213,7.593332,2.583754,1.000000,0.032768
1779542803.617647,0,1,-5.379793,7.598468,2.584969,1.000000,0.032768
1779542803.627460,0,1,-5.388372,7.603606,2.585995,1.000000,0.032768
1779542803.637741,0,1,-5.396964,7.608723,2.587211,1.000000,0.031669
1779542803.647720,0,1,-5.405555,7.613841,2.588237,1.000000,0.031669
1779542803.657851,0,1,-5.414158,7.618938,2.589453,1.000000,0.031669
1779542803.667556,0,1,-5.422760,7.624038,2.590479,1.000000,0.032175
1779542803.678817,0,1,-5.431375,7.629115,2.591695,1.000000,0.032175
1779542803.687564,0,1,-5.439989,7.634195,2.592721,1.000000,0.032175
1779542803.697757,0,1,-5.448615,7.639254,2.593938,1.000000,0.032175
1779542803.707571,0,1,-5.457240,7.644314,2.594964,1.000000,0.032543
1779542803.717348,0,1,-5.465878,7.649353,2.596180,1.000000,0.032543
1779542803.728149,0,1,-5.474514,7.654394,2.597206,1.000000,0.031406
1779542803.737569,0,1,-5.483163,7.659414,2.598422,1.000000,0.031406
1779542803.747293,0,1,-5.491811,7.664436,2.599448,1.000000,0.031406
1779542803.757326,0,1,-5.500471,7.669436,2.600665,1.000000,0.031406
1779542803.767677,0,1,-5.509130,7.674438,2.601691,1.000000,0.032061
1779542803.777923,0,1,-5.517801,7.679419,2.602907,1.000000,0.032061
1779542803.788494,0,1,-5.526471,7.684402,2.603933,1.000000,0.032061
1779542803.797801,0,1,-5.535153,7.689364,2.605149,1.000000,0.033873
1779542803.807857,0,1,-5.543835,7.694327,2.606175,1.000000,0.033873
1779542803.817869,0,1,-5.552528,7.699269,2.607392,1.000000,0.033873
1779542803.827648,0,1,-5.561221,7.704213,2.608418,1.000000,0.031725
1779542803.837785,0,1,-5.569925,7.709135,2.609634,1.000000,0.031725
1779542803.847492,0,1,-5.578629,7.714060,2.610660,1.000000,0.031725
1779542803.857306,0,1,-5.587344,7.718963,2.611876,1.000000,0.030087
1779542803.867723,0,1,-5.596059,7.723868,2.612902,1.000000,0.030087
1779542803.879027,0,1,-5.604785,7.728751,2.614119,1.000000,0.030087
1779542803.887794,0,1,-5.613511,7.733636,2.615145,1.000000,0.028249
1779542803.897844,0,1,-5.622248,7.738500,2.616361,1.000000,0.028249
1779542803.907991,0,1,-5.630984,7.743366,2.617387,1.000000,0.028249
1779542803.917561,0,1,-5.639733,7.748210,2.618603,1.000000,0.026500
1779542803.927829,0,1,-5.648480,7.753056,2.619629,1.000000,0.026500
1779542803.937535,0,1,-5.657239,7.757881,2.620846,1.000000,0.026500
1779542803.947586,0,1,-5.665997,7.762707,2.621872,1.000000,0.026500
1779542803.957424,0,1,-5.674767,7.767512,2.623088,1.000000,0.026466
1779542803.967645,0,1,-5.683536,7.772319,2.624114,1.000000,0.026466
1779542803.977441,0,1,-5.692317,7.777104,2.625330,1.000000,0.026466
1779542803.987927,0,1,-5.701097,7.781891,2.626356,1.000000,0.026466
1779542803.997661,0,1,-5.709888,7.786657,2.627573,1.000000,0.030307
1779542804.007377,0,1,-5.718679,7.791424,2.628599,1.000000,0.030307
1779542804.017880,0,1,-5.727481,7.796170,2.629815,1.000000,0.030307
1779542804.027705,0,1,-5.736282,7.800918,2.630841,1.000000,0.030307
1779542804.037638,0,1,-5.745094,7.805644,2.632057,1.000000,0.032489
1779542804.047670,0,1,-5.753906,7.810372,2.633083,1.000000,0.032489
1779542804.057894,0,1,-5.762729,7.815078,2.634300,1.000000,0.032489
1779542804.067484,0,1,-5.771552,7.819787,2.635326,1.000000,0.033549
1779542804.077781,0,1,-5.780386,7.824473,2.636542,1.000000,0.033549
1779542804.087904,0,1,-5.789218,7.829162,2.637568,1.000000,0.033549
1779542804.097432,0,1,-5.798063,7.833828,2.638784,1.000000,0.033549
1779542804.107531,0,1,-5.806906,7.838497,2.639810,1.000000,0.034384
1779542804.117872,0,1,-5.815761,7.843144,2.641027,1.000000,0.034384
1779542804.127671,0,1,-5.824614,7.847793,2.642053,1.000000,0.034384
1779542804.137812,0,1,-5.833480,7.852420,2.643269,1.000000,0.033295
1779542804.147658,0,1,-5.842344,7.857049,2.644295,1.000000,0.033295
1779542804.157766,0,1,-5.851219,7.861656,2.645511,1.000000,0.033295
1779542804.167341,0,1,-5.860094,7.866265,2.646537,1.000000,0.034514
1779542804.177541,0,1,-5.868980,7.870852,2.647754,1.000000,0.034514
1779542804.187682,0,1,-5.877864,7.875441,2.648780,1.000000,0.034514
1779542804.197552,0,1,-5.886760,7.880008,2.649996,1.000000,0.034514
1779542804.207370,0,1,-5.895655,7.884577,2.651022,1.000000,0.035522
1779542804.217536,0,1,-5.904562,7.889125,2.652238,1.000000,0.035522
1779542804.227732,0,1,-5.913467,7.893674,2.653264,1.000000,0.035522
1779542804.237808,0,1,-5.922384,7.898201,2.654480,1.000000,0.034466
1779542804.247589,0,1,-5.931299,7.902730,2.655507,1.000000,0.034466
1779542804.257774,0,1,-5.940226,7.907238,2.656723,1.000000,0.034466
1779542804.267803,0,1,-5.949151,7.911747,2.657749,1.000000,0.035842
1779542804.277813,0,1,-5.958088,7.916234,2.658965,1.000000,0.035842
1779542804.287581,0,1,-5.967024,7.920723,2.659991,1.000000,0.035842
1779542804.298020,0,1,-5.975970,7.925191,2.661207,1.000000,0.035842
1779542804.307709,0,1,-5.984916,7.929660,2.662234,1.000000,0.038303
1779542804.317345,0,1,-5.993873,7.934107,2.663450,1.000000,0.038303
1779542804.327674,0,1,-6.002829,7.938556,2.664476,1.000000,0.036249
1779542804.337570,0,1,-6.011795,7.942983,2.665692,1.000000,0.036249
1779542804.347451,0,1,-6.020761,7.947412,2.666718,1.000000,0.036249
1779542804.357703,0,1,-6.029738,7.951819,2.667934,1.000000,0.034770
1779542804.367679,0,1,-6.038713,7.956228,2.668961,1.000000,0.034770
1779542804.377963,0,1,-6.047700,7.960615,2.670177,1.000000,0.034770
1779542804.387252,0,1,-6.056685,7.965004,2.671203,1.000000,0.033093
1779542804.397368,0,1,-6.065681,7.969370,2.672419,1.000000,0.033093
1779542804.407466,0,1,-6.074677,7.973739,2.673445,1.000000,0.033093
1779542804.417648,0,1,-6.083683,7.978085,2.674661,1.000000,0.033093
1779542804.427321,0,1,-6.092688,7.982434,2.675688,1.000000,0.033794
1779542804.437428,0,1,-6.101703,7.986760,2.676904,1.000000,0.033794
1779542804.447874,0,1,-6.110718,7.991088,2.677930,1.000000,0.033794
1779542804.457715,0,1,-6.119744,7.995394,2.679146,1.000000,0.038767
1779542804.467697,0,1,-6.128768,7.999702,2.680172,1.000000,0.038767
1779542804.477623,0,1,-6.137803,8.003988,2.681388,1.000000,0.038767
1779542804.487591,0,1,-6.146837,8.008276,2.682415,1.000000,0.037232
1779542804.497760,0,1,-6.155882,8.012541,2.683631,1.000000,0.037232
1779542804.507761,0,1,-6.164926,8.016809,2.684657,1.000000,0.037232
1779542804.517768,0,1,-6.173980,8.021054,2.685873,1.000000,0.037232
1779542804.527781,0,1,-6.183033,8.025301,2.686899,1.000000,0.040437
1779542804.537936,0,1,-6.192097,8.029526,2.688115,1.000000,0.040437
1779542804.547679,0,1,-6.201159,8.033753,2.689142,1.000000,0.040437
1779542804.557544,0,1,-6.210233,8.037957,2.690358,1.000000,0.040437
1779542804.567678,0,1,-6.219305,8.042164,2.691384,1.000000,0.042807
1779542804.577864,0,1,-6.228387,8.046348,2.692600,1.000000,0.042807
1779542804.587643,0,1,-6.237469,8.050534,2.693626,1.000000,0.042807
1779542804.597579,0,1,-6.246561,8.054698,2.694842,1.000000,0.041395
1779542804.607728,0,1,-6.255652,8.058864,2.695869,1.000000,0.041395
1779542804.617449,0,1,-6.264753,8.063007,2.697085,1.000000,0.041395
1779542804.627738,0,1,-6.273853,8.067153,2.698111,1.000000,0.043089
1779542804.637582,0,1,-6.282964,8.071276,2.699327,1.000000,0.043089
1779542804.647698,0,1,-6.292073,8.075401,2.700353,1.000000,0.043089
1779542804.657428,0,1,-6.301193,8.079503,2.701569,1.000000,0.043089
1779542804.667530,0,1,-6.310312,8.083608,2.702596,1.000000,0.045656
1779542804.677678,0,1,-6.319441,8.087690,2.703812,1.000000,0.045656
1779542804.687824,0,1,-6.328569,8.091774,2.704838,1.000000,0.045656
1779542804.697291,0,1,-6.337707,8.095836,2.706054,1.000000,0.048321
1779542804.707436,0,1,-6.346844,8.099899,2.707080,1.000000,0.048321
1779542804.717642,0,1,-6.355991,8.103940,2.708296,1.000000,0.048321
1779542804.727709,0,1,-6.365137,8.107984,2.709323,1.000000,0.046499
1779542804.737475,0,1,-6.374293,8.112004,2.710539,1.000000,0.046499
1779542804.747292,0,1,-6.383448,8.116027,2.711565,1.000000,0.046499
1779542804.757596,0,1,-6.392613,8.120027,2.712781,1.000000,0.048924
1779542804.768800,0,1,-6.401778,8.124029,2.713807,1.000000,0.048924
1779542804.777614,0,1,-6.410952,8.128008,2.715023,1.000000,0.048924
1779542804.787683,0,1,-6.420125,8.131990,2.716050,1.000000,0.047682
1779542804.797655,0,1,-6.429308,8.135949,2.717266,1.000000,0.047682
1779542804.807740,0,1,-6.438490,8.139910,2.718292,1.000000,0.047682
1779542804.817421,0,1,-6.447682,8.143848,2.719508,1.000000,0.050534
1779542804.827432,0,1,-6.456873,8.147788,2.720534,1.000000,0.050534
1779542804.837745,0,1,-6.466073,8.151706,2.721750,1.000000,0.050534
1779542804.847777,0,1,-6.475273,8.155626,2.722777,1.000000,0.049333
1779542804.857817,0,1,-6.484483,8.159523,2.723993,1.000000,0.049333
1779542804.867584,0,1,-6.493691,8.163422,2.725019,1.000000,0.049333
1779542804.877619,0,1,-6.502909,8.167298,2.726235,1.000000,0.048232
1779542804.887929,0,1,-6.512126,8.171177,2.727261,1.000000,0.048232
1779542804.897687,0,1,-6.521353,8.175032,2.728477,1.000000,0.048232
1779542804.907765,0,1,-6.530579,8.178890,2.729503,1.000000,0.048232
1779542804.917534,0,1,-6.539815,8.182725,2.730720,1.000000,0.050025
1779542804.927848,0,1,-6.549049,8.186562,2.731746,1.000000,0.050025
1779542804.937764,0,1,-6.558293,8.190377,2.732962,1.000000,0.050025
1779542804.947337,0,1,-6.567536,8.194193,2.733988,1.000000,0.058008
1779542804.957419,0,1,-6.576789,8.197986,2.735204,1.000000,0.058008
1779542804.967694,0,1,-6.586040,8.201782,2.736230,1.000000,0.058008
1779542804.977653,0,1,-6.595310,8.205533,2.737693,1.000000,0.056576
1779542804.987627,0,1,-6.604609,8.209212,2.739671,1.000000,0.056576
1779542804.997453,0,1,-6.613920,8.212860,2.741578,1.000000,0.056576
1779542805.007414,0,1,-6.623248,8.216463,2.743721,1.000000,0.059239
1779542805.017649,0,1,-6.632583,8.220050,2.745691,1.000000,0.059239
1779542805.027575,0,1,-6.641931,8.223600,2.747860,1.000000,0.059239
1779542805.037314,0,1,-6.651283,8.227141,2.749843,1.000000,0.059239
1779542805.047766,0,1,-6.660648,8.230647,2.752018,1.000000,0.061362
1779542805.057618,0,1,-6.670016,8.234146,2.754004,1.000000,0.061362
1779542805.067621,0,1,-6.679397,8.237612,2.756180,1.000000,0.061362
1779542805.077618,0,1,-6.688779,8.241070,2.758167,1.000000,0.058661
1779542805.087677,0,1,-6.698174,8.244497,2.760344,1.000000,0.058661
1779542805.097609,0,1,-6.707571,8.247916,2.762330,1.000000,0.058661
1779542805.107501,0,1,-6.716980,8.251303,2.764508,1.000000,0.058823
1779542805.117455,0,1,-6.726392,8.254683,2.766495,1.000000,0.058823
1779542805.127860,0,1,-6.735815,8.258030,2.768672,1.000000,0.058823
1779542805.137680,0,1,-6.745240,8.261371,2.770659,1.000000,0.055483
1779542805.147599,0,1,-6.754677,8.264679,2.772836,1.000000,0.055483
1779542805.157568,0,1,-6.764117,8.267981,2.774823,1.000000,0.055483
1779542805.167551,0,1,-6.773567,8.271250,2.777000,1.000000,0.056394
1779542805.177502,0,1,-6.783020,8.274512,2.778988,1.000000,0.056394
1779542805.187633,0,1,-6.792484,8.277741,2.781165,1.000000,0.056394
1779542805.197284,0,1,-6.801951,8.280964,2.783152,1.000000,0.052978
1779542805.207682,0,1,-6.811428,8.284154,2.785329,1.000000,0.052978
1779542805.217649,0,1,-6.820901,8.287360,2.787070,1.000000,0.052978
1779542805.227599,0,1,-6.830358,8.290608,2.788295,1.000000,0.054476
1779542805.237412,0,1,-6.839816,8.293857,2.789591,1.000000,0.054476
1779542805.248048,0,1,-6.849267,8.297123,2.790652,1.000000,0.054476
1779542805.257684,0,1,-6.858732,8.300351,2.792131,1.000000,0.054476
1779542805.267557,0,1,-6.868220,8.303511,2.794118,1.000000,0.054662
1779542805.277601,0,1,-6.877716,8.306643,2.796029,1.000000,0.054662
1779542805.287462,0,1,-6.887228,8.309730,2.798174,1.000000,0.054662
1779542805.297500,0,1,-6.896744,8.312802,2.800146,1.000000,0.053757
1779542805.307455,0,1,-6.906273,8.315838,2.802316,1.000000,0.053757
1779542805.317702,0,1,-6.915804,8.318863,2.804299,1.000000,0.053757
1779542805.327935,0,1,-6.925346,8.321855,2.806474,1.000000,0.055769
1779542805.337713,0,1,-6.934891,8.324838,2.808460,1.000000,0.055769
1779542805.347393,0,1,-6.944445,8.327788,2.810636,1.000000,0.055769
1779542805.357273,0,1,-6.954003,8.330731,2.812623,1.000000,0.052420
1779542805.367738,0,1,-6.963570,8.333641,2.814800,1.000000,0.052420
1779542805.377838,0,1,-6.973132,8.336566,2.816541,1.000000,0.052420
1779542805.387769,0,1,-6.982682,8.339535,2.817766,1.000000,0.049051
1779542805.397686,0,1,-6.992231,8.342504,2.819062,1.000000,0.049051
1779542805.407617,0,1,-7.001775,8.345489,2.820123,1.000000,0.049051
1779542805.417747,0,1,-7.011323,8.348460,2.821355,1.000000,0.046676
1779542805.427499,0,1,-7.020869,8.351438,2.822390,1.000000,0.046676
1779542805.437581,0,1,-7.030422,8.354395,2.823610,1.000000,0.046676
1779542805.448087,0,1,-7.039974,8.357357,2.824639,1.000000,0.043394
1779542805.457596,0,1,-7.049532,8.360296,2.825857,1.000000,0.043394
1779542805.467597,0,1,-7.059090,8.363237,2.826884,1.000000,0.043394
1779542805.477612,0,1,-7.068654,8.366155,2.828100,1.000000,0.046910
1779542805.487885,0,1,-7.078218,8.369076,2.829127,1.000000,0.046910
1779542805.497679,0,1,-7.087789,8.371973,2.830343,1.000000,0.046910
1779542805.507507,0,1,-7.097360,8.374873,2.831369,1.000000,0.062400
1779542805.517596,0,1,-7.106937,8.377749,2.832586,1.000000,0.062400
1779542805.528093,0,1,-7.116514,8.380627,2.833612,1.000000,0.062400
1779542805.537374,0,1,-7.126105,8.383458,2.835074,1.000000,0.062400
1779542805.547565,0,1,-7.135717,8.386216,2.837052,1.000000,0.066502
1779542805.557624,0,1,-7.145338,8.388942,2.838959,1.000000,0.066502
1779542805.568190,0,1,-7.154973,8.391620,2.841102,1.000000,0.066502
1779542805.577520,0,1,-7.164612,8.394283,2.843073,1.000000,0.065246
1779542805.587616,0,1,-7.174261,8.396908,2.845242,1.000000,0.065246
1779542805.597674,0,1,-7.183914,8.399522,2.847224,1.000000,0.065246
1779542805.607755,0,1,-7.193575,8.402101,2.849399,1.000000,0.068050
1779542805.617712,0,1,-7.203239,8.404673,2.851385,1.000000,0.068050
1779542805.627239,0,1,-7.212912,8.407210,2.853561,1.000000,0.068050
1779542805.637628,0,1,-7.222586,8.409740,2.855548,1.000000,0.065093
1779542805.648469,0,1,-7.232270,8.412237,2.857725,1.000000,0.065093
1779542805.657703,0,1,-7.241955,8.414726,2.859712,1.000000,0.065093
1779542805.667673,0,1,-7.251649,8.417182,2.861889,1.000000,0.065093
1779542805.677598,0,1,-7.261344,8.419631,2.863876,1.000000,0.067082
1779542805.687692,0,1,-7.271048,8.422046,2.866053,1.000000,0.067082
1779542805.697605,0,1,-7.280754,8.424455,2.868040,1.000000,0.067082
1779542805.707594,0,1,-7.290467,8.426830,2.870217,1.000000,0.068580
1779542805.717298,0,1,-7.300183,8.429198,2.872204,1.000000,0.068580
1779542805.727742,0,1,-7.309907,8.431532,2.874382,1.000000,0.068580
1779542805.737470,0,1,-7.319632,8.433860,2.876369,1.000000,0.065585
1779542805.747636,0,1,-7.329365,8.436154,2.878546,1.000000,0.065585
1779542805.757541,0,1,-7.339100,8.438441,2.880533,1.000000,0.065585
1779542805.768012,0,1,-7.348843,8.440695,2.882710,1.000000,0.068213
1779542805.777894,0,1,-7.358587,8.442941,2.884697,1.000000,0.068213
1779542805.787681,0,1,-7.368340,8.445154,2.886875,1.000000,0.068213
1779542805.797817,0,1,-7.378093,8.447360,2.888862,1.000000,0.068213
1779542805.808271,0,1,-7.387854,8.449532,2.891039,1.000000,0.069512
1779542805.817838,0,1,-7.397617,8.451697,2.893026,1.000000,0.069512
1779542805.827798,0,1,-7.407387,8.453829,2.895203,1.000000,0.069512
1779542805.837578,0,1,-7.417159,8.455953,2.897190,1.000000,0.066557
1779542805.848090,0,1,-7.426938,8.458044,2.899368,1.000000,0.066557
1779542805.857753,0,1,-7.436718,8.460128,2.901355,1.000000,0.066557
1779542805.867423,0,1,-7.446506,8.462178,2.903532,1.000000,0.063638
1779542805.877717,0,1,-7.456295,8.464221,2.905519,1.000000,0.063638
1779542805.887518,0,1,-7.466091,8.466231,2.907696,1.000000,0.063638
1779542805.897579,0,1,-7.475889,8.468233,2.909683,1.000000,0.060468
1779542805.907660,0,1,-7.485693,8.470202,2.911861,1.000000,0.060468
1779542805.917478,0,1,-7.495499,8.472163,2.913848,1.000000,0.060468
1779542805.927944,0,1,-7.505311,8.474091,2.916025,1.000000,0.057321
1779542805.937753,0,1,-7.515125,8.476011,2.918012,1.000000,0.057321
1779542805.947657,0,1,-7.524945,8.477898,2.920189,1.000000,0.057321
1779542805.957511,0,1,-7.534767,8.479778,2.922176,1.000000,0.053935
1779542805.967789,0,1,-7.544595,8.481624,2.924354,1.000000,0.053935
1779542805.977686,0,1,-7.554425,8.483463,2.926341,1.000000,0.053935
1779542805.987636,0,1,-7.564260,8.485268,2.928518,1.000000,0.056087
1779542805.997752,0,1,-7.574097,8.487066,2.930505,1.000000,0.056087
1779542806.007791,0,1,-7.583941,8.488830,2.932682,1.000000,0.056087
1779542806.017452,0,1,-7.593785,8.490586,2.934669,1.000000,0.056087
1779542806.027624,0,1,-7.603636,8.492309,2.936847,1.000000,0.071600
1779542806.037594,0,1,-7.613487,8.494025,2.938834,1.000000,0.071600
1779542806.047949,0,1,-7.623345,8.495707,2.941011,1.000000,0.071600
1779542806.057768,0,1,-7.633203,8.497382,2.942998,1.000000,0.071600
1779542806.067312,0,1,-7.643068,8.499023,2.945175,1.000000,0.073474
1779542806.077733,0,1,-7.652934,8.500657,2.947162,1.000000,0.073474
1779542806.087969,0,1,-7.662805,8.502257,2.949340,1.000000,0.073474
1779542806.097897,0,1,-7.672677,8.503849,2.951327,1.000000,0.071640
1779542806.107726,0,1,-7.682555,8.505408,2.953504,1.000000,0.071640
1779542806.117657,0,1,-7.692434,8.506960,2.955491,1.000000,0.071640
1779542806.128413,0,1,-7.702318,8.508477,2.957668,1.000000,0.074211
1779542806.137687,0,1,-7.712203,8.509988,2.959655,1.000000,0.074211
1779542806.147746,0,1,-7.722094,8.511464,2.961833,1.000000,0.074211
1779542806.157658,0,1,-7.731985,8.512933,2.963820,1.000000,0.074211
1779542806.167794,0,1,-7.741882,8.514368,2.965997,1.000000,0.076785
1779542806.177780,0,1,-7.751779,8.515796,2.967984,1.000000,0.076785
1779542806.187689,0,1,-7.761681,8.517190,2.970161,1.000000,0.076785
1779542806.197819,0,1,-7.771585,8.518577,2.972148,1.000000,0.074064
1779542806.207985,0,1,-7.781493,8.519930,2.974326,1.000000,0.074064
1779542806.217752,0,1,-7.791402,8.521275,2.976313,1.000000,0.074064
1779542806.227700,0,1,-7.801316,8.522587,2.978490,1.000000,0.074064
1779542806.237488,0,1,-7.811230,8.523891,2.980477,1.000000,0.077343
1779542806.248069,0,1,-7.821149,8.525161,2.982654,1.000000,0.077343
1779542806.257670,0,1,-7.831069,8.526424,2.984641,1.000000,0.077343
1779542806.267604,0,1,-7.840993,8.527653,2.986819,1.000000,0.080207
1779542806.277705,0,1,-7.850918,8.528875,2.988806,1.000000,0.080207
1779542806.288033,0,1,-7.860848,8.530062,2.990983,1.000000,0.080207
1779542806.297841,0,1,-7.870778,8.531242,2.992970,1.000000,0.080207
1779542806.307710,0,1,-7.880712,8.532388,2.995147,1.000000,0.083235
1779542806.317723,0,1,-7.890647,8.533527,2.997134,1.000000,0.083235
1779542806.328044,0,1,-7.900585,8.534632,2.999311,1.000000,0.083235
1779542806.337717,0,1,-7.910525,8.535730,3.001299,1.000000,0.081612
1779542806.347637,0,1,-7.920468,8.536793,3.003476,1.000000,0.081612
1779542806.357617,0,1,-7.930412,8.537849,3.005463,1.000000,0.081612
1779542806.367716,0,1,-7.940360,8.538871,3.007640,1.000000,0.078245
1779542806.377748,0,1,-7.950308,8.539886,3.009627,1.000000,0.078245
1779542806.387801,0,1,-7.960260,8.540866,3.011804,1.000000,0.078245
1779542806.397713,0,1,-7.970213,8.541840,3.013792,1.000000,0.076458
1779542806.407596,0,1,-7.980169,8.542779,3.015969,1.000000,0.076458
1779542806.417815,0,1,-7.990125,8.543711,3.017956,1.000000,0.076458
1779542806.427692,0,1,-8.000085,8.544608,3.020133,1.000000,0.072814
1779542806.437480,0,1,-8.010045,8.545498,3.022120,1.000000,0.072814
1779542806.447873,0,1,-8.020008,8.546355,3.024297,1.000000,0.072814
1779542806.457722,0,1,-8.029972,8.547203,3.026285,1.000000,0.070856
1779542806.467737,0,1,-8.039939,8.548018,3.028462,1.000000,0.070856
1779542806.477614,0,1,-8.049906,8.548825,3.030449,1.000000,0.070856
1779542806.488231,0,1,-8.059876,8.549599,3.032626,1.000000,0.072573
1779542806.498152,0,1,-8.069847,8.550364,3.034613,1.000000,0.072573
1779542806.507694,0,1,-8.079820,8.551096,3.036790,1.000000,0.072573
1779542806.517769,0,1,-8.089794,8.551820,3.038778,1.000000,0.072573
1779542806.528172,0,1,-8.099770,8.552510,3.040955,1.000000,0.090213
1779542806.537730,0,1,-8.109747,8.553193,3.042942,1.000000,0.090213
1779542806.547730,0,1,-8.119727,8.553818,3.045365,1.000000,0.090213
1779542806.557368,0,1,-8.129713,8.554356,3.048305,1.000000,0.090213
1779542806.567520,0,1,-8.139700,8.554852,3.051173,1.000000,0.093018
1779542806.577772,0,1,-8.149691,8.555288,3.054276,1.000000,0.093018
1779542806.587860,0,1,-8.159682,8.555699,3.057208,1.000000,0.093018
1779542806.597852,0,1,-8.169676,8.556061,3.060338,1.000000,0.091601
1779542806.607481,0,1,-8.179670,8.556403,3.063281,1.000000,0.091601
1779542806.617687,0,1,-8.189665,8.556699,3.066417,1.000000,0.091601
1779542806.627800,0,1,-8.199662,8.556976,3.069364,1.000000,0.091144
1779542806.637841,0,1,-8.209659,8.557210,3.072501,1.000000,0.091144
1779542806.647841,0,1,-8.219656,8.557426,3.075449,1.000000,0.091144
1779542806.657530,0,1,-8.229655,8.557597,3.078587,1.000000,0.091144
1779542806.667482,0,1,-8.239654,8.557752,3.081535,1.000000,0.090325
1779542806.677780,0,1,-8.249653,8.557863,3.084673,1.000000,0.090325
1779542806.687629,0,1,-8.259653,8.557957,3.087621,1.000000,0.090325
1779542806.697891,0,1,-8.269653,8.558006,3.090759,1.000000,0.090325
1779542806.707716,0,1,-8.279653,8.558039,3.093707,1.000000,0.092105
1779542806.717424,0,1,-8.289653,8.558028,3.096845,1.000000,0.092105
1779542806.727730,0,1,-8.299652,8.558000,3.099794,1.000000,0.092105
1779542806.737441,0,1,-8.309652,8.557928,3.102932,1.000000,0.086477
1779542806.747457,0,1,-8.319652,8.557839,3.105880,1.000000,0.086477
1779542806.757723,0,1,-8.329651,8.557706,3.109018,1.000000,0.086477
1779542806.769088,0,1,-8.339650,8.557556,3.111966,1.000000,0.084633
1779542806.777888,0,1,-8.349648,8.557363,3.115104,1.000000,0.084633
1779542806.787712,0,1,-8.359646,8.557176,3.117806,1.000000,0.084633
1779542806.797657,0,1,-8.369645,8.557025,3.119992,1.000000,0.079908
1779542806.807813,0,1,-8.379644,8.556864,3.122250,1.000000,0.079908
1779542806.817815,0,1,-8.389643,8.556712,3.124272,1.000000,0.079908
1779542806.827600,0,1,-8.399641,8.556534,3.126465,1.000000,0.079908
1779542806.837717,0,1,-8.409639,8.556355,3.128461,1.000000,0.080244
1779542806.849129,0,1,-8.419637,8.556144,3.130642,1.000000,0.080244
1779542806.857762,0,1,-8.429635,8.555927,3.132632,1.000000,0.080244
1779542806.867828,0,1,-8.439632,8.555678,3.134810,1.000000,0.076091
1779542806.877807,0,1,-8.449628,8.555422,3.136798,1.000000,0.076091
1779542806.888038,0,1,-8.459624,8.555132,3.138976,1.000000,0.076091
1779542806.897999,0,1,-8.469620,8.554834,3.140963,1.000000,0.074254
1779542806.907862,0,1,-8.479614,8.554503,3.143141,1.000000,0.074254
1779542806.918015,0,1,-8.489608,8.554164,3.145128,1.000000,0.074254
1779542806.929102,0,1,-8.499601,8.553791,3.147305,1.000000,0.074254
1779542806.937725,0,1,-8.509594,8.553411,3.149292,1.000000,0.074859
1779542806.947743,0,1,-8.519586,8.552997,3.151470,1.000000,0.074859
1779542806.957974,0,1,-8.529577,8.552575,3.153457,1.000000,0.074859
1779542806.968408,0,1,-8.539566,8.552119,3.155634,1.000000,0.074859
1779542806.977979,0,1,-8.549556,8.551656,3.157621,1.000000,0.079467
1779542806.987557,0,1,-8.559543,8.551158,3.159798,1.000000,0.079467
1779542806.998446,0,1,-8.569530,8.550653,3.161785,1.000000,0.079467
1779542807.007696,0,1,-8.579516,8.550114,3.163963,1.000000,0.075983
1779542807.017933,0,1,-8.589501,8.549568,3.165950,1.000000,0.075983
1779542807.027990,0,1,-8.599484,8.548987,3.168127,1.000000,0.075983
1779542807.037903,0,1,-8.609467,8.548399,3.170114,1.000000,0.075983
1779542807.048601,0,1,-8.619447,8.547776,3.172291,1.000000,0.080377
1779542807.057987,0,1,-8.629427,8.547147,3.174278,1.000000,0.080377
1779542807.067735,0,1,-8.639405,8.546483,3.176456,1.000000,0.080377
1779542807.077745,0,1,-8.649383,8.545812,3.178443,1.000000,0.082545
1779542807.087881,0,1,-8.659358,8.545106,3.180620,1.000000,0.082545
1779542807.097551,0,1,-8.669332,8.544393,3.182607,1.000000,0.082545
1779542807.107909,0,1,-8.679305,8.543646,3.184784,1.000000,0.082545
1779542807.117767,0,1,-8.689276,8.542892,3.186771,1.000000,0.083835
1779542807.127978,0,1,-8.699245,8.542104,3.188949,1.000000,0.083835
1779542807.137675,0,1,-8.709213,8.541308,3.190936,1.000000,0.083835
1779542807.147321,0,1,-8.719179,8.540478,3.193113,1.000000,0.083835
1779542807.157437,0,1,-8.729144,8.539640,3.195100,1.000000,0.086409
1779542807.167902,0,1,-8.739105,8.538769,3.197277,1.000000,0.086409
1779542807.177603,0,1,-8.749067,8.537890,3.199264,1.000000,0.086409
1779542807.187509,0,1,-8.759023,8.536953,3.201688,1.000000,0.082314
1779542807.197700,0,1,-8.768970,8.535930,3.204627,1.000000,0.082314
1779542807.208023,0,1,-8.778916,8.534889,3.207249,1.000000,0.082314
1779542807.217760,0,1,-8.788864,8.533868,3.209400,1.000000,0.084161
1779542807.227707,0,1,-8.798809,8.532829,3.211641,1.000000,0.084161
1779542807.237683,0,1,-8.808756,8.531792,3.213655,1.000000,0.084161
1779542807.249205,0,1,-8.818699,8.530727,3.215844,1.000000,0.084161
1779542807.257622,0,1,-8.828641,8.529659,3.217837,1.000000,0.086414
1779542807.267396,0,1,-8.838581,8.528558,3.220017,1.000000,0.086414
1779542807.277937,0,1,-8.848519,8.527451,3.222006,1.000000,0.086414
1779542807.287563,0,1,-8.858451,8.526287,3.224430,1.000000,0.081722
1779542807.298016,0,1,-8.868373,8.525037,3.227370,1.000000,0.081722
1779542807.307559,0,1,-8.878292,8.523770,3.229992,1.000000,0.081722
1779542807.318158,0,1,-8.888214,8.522522,3.232143,1.000000,0.082568
1779542807.327669,0,1,-8.898134,8.521257,3.234385,1.000000,0.082568
1779542807.337829,0,1,-8.908054,8.519995,3.236398,1.000000,0.082568
1779542807.347962,0,1,-8.917970,8.518704,3.238587,1.000000,0.079165
1779542807.357764,0,1,-8.927886,8.517409,3.240580,1.000000,0.079165
1779542807.367816,0,1,-8.937797,8.516083,3.242761,1.000000,0.079165
1779542807.377698,0,1,-8.947708,8.514750,3.244749,1.000000,0.075846
1779542807.387672,0,1,-8.957615,8.513384,3.246928,1.000000,0.075846
1779542807.397377,0,1,-8.967520,8.512012,3.248915,1.000000,0.075846
1779542807.407662,0,1,-8.977420,8.510605,3.251093,1.000000,0.073089
1779542807.417687,0,1,-8.987320,8.509192,3.253080,1.000000,0.073089
1779542807.427490,0,1,-8.997215,8.507744,3.255257,1.000000,0.073089
1779542807.437837,0,1,-9.007108,8.506290,3.257244,1.000000,0.073089
1779542807.447743,0,1,-9.016997,8.504801,3.259422,1.000000,0.074000
1779542807.457583,0,1,-9.026884,8.503305,3.261409,1.000000,0.074000
1779542807.467532,0,1,-9.036767,8.501776,3.263586,1.000000,0.072079
1779542807.477771,0,1,-9.046648,8.500239,3.265573,1.000000,0.072079
1779542807.487939,0,1,-9.056524,8.498668,3.267750,1.000000,0.072079
1779542807.497620,0,1,-9.066398,8.497090,3.269738,1.000000,0.072079
1779542807.507455,0,1,-9.076268,8.495478,3.271915,1.000000,0.080888
1779542807.517540,0,1,-9.086136,8.493859,3.273902,1.000000,0.080888
1779542807.528961,0,1,-9.095998,8.492206,3.276079,1.000000,0.080888
1779542807.537809,0,1,-9.105859,8.490545,3.278066,1.000000,0.078237
1779542807.547784,0,1,-9.115715,8.488851,3.280243,1.000000,0.078237
1779542807.557703,0,1,-9.125569,8.487150,3.282231,1.000000,0.078237
1779542807.567686,0,1,-9.135417,8.485415,3.284408,1.000000,0.078237
1779542807.577585,0,1,-9.145264,8.483673,3.286395,1.000000,0.079400
1779542807.587646,0,1,-9.155105,8.481897,3.288572,1.000000,0.079400
1779542807.597560,0,1,-9.164945,8.480113,3.290559,1.000000,0.079400
1779542807.607608,0,1,-9.174779,8.478296,3.292736,1.000000,0.079811
1779542807.617640,0,1,-9.184611,8.476472,3.294724,1.000000,0.079811
1779542807.627535,0,1,-9.194437,8.474614,3.296901,1.000000,0.079811
1779542807.637506,0,1,-9.204261,8.472749,3.298888,1.000000,0.077119
1779542807.648797,0,1,-9.214079,8.470850,3.301065,1.000000,0.077119
1779542807.657796,0,1,-9.223896,8.468944,3.303052,1.000000,0.077119
1779542807.667622,0,1,-9.233706,8.467004,3.305229,1.000000,0.077119
1779542807.677598,0,1,-9.243515,8.465057,3.307217,1.000000,0.078479
1779542807.688139,0,1,-9.253316,8.463077,3.309394,1.000000,0.078479
1779542807.697921,0,1,-9.263117,8.461089,3.311381,1.000000,0.078479
1779542807.707499,0,1,-9.272910,8.459068,3.313558,1.000000,0.078166
1779542807.717626,0,1,-9.282703,8.457039,3.315545,1.000000,0.078166
1779542807.728166,0,1,-9.292488,8.454977,3.317722,1.000000,0.078166
1779542807.739312,0,1,-9.302271,8.452907,3.319710,1.000000,0.075423
1779542807.747774,0,1,-9.312048,8.450805,3.321887,1.000000,0.075423
1779542807.758346,0,1,-9.321822,8.448695,3.323874,1.000000,0.075423
1779542807.767995,0,1,-9.331590,8.446551,3.326051,1.000000,0.075423
1779542807.778113,0,1,-9.341356,8.444400,3.328038,1.000000,0.075285
1779542807.787810,0,1,-9.351114,8.442216,3.330215,1.000000,0.075285
1779542807.797880,0,1,-9.360871,8.440025,3.332202,1.000000,0.075285
1779542807.807604,0,1,-9.370621,8.437800,3.334380,1.000000,0.075285
1779542807.817813,0,1,-9.380368,8.435568,3.336367,1.000000,0.074853
1779542807.827474,0,1,-9.390108,8.433302,3.338544,1.000000,0.074853
1779542807.837640,0,1,-9.399847,8.431030,3.340531,1.000000,0.074853
1779542807.848463,0,1,-9.409577,8.428724,3.342708,1.000000,0.072139
1779542807.857749,0,1,-9.419306,8.426411,3.344695,1.000000,0.072139
1779542807.867700,0,1,-9.429027,8.424064,3.346873,1.000000,0.072139
1779542807.877912,0,1,-9.438746,8.421711,3.348860,1.000000,0.069146
1779542807.887554,0,1,-9.448457,8.419324,3.351037,1.000000,0.069146
1779542807.897437,0,1,-9.458166,8.416930,3.353024,1.000000,0.069146
1779542807.907826,0,1,-9.467867,8.414502,3.355201,1.000000,0.066189
1779542807.917794,0,1,-9.477566,8.412068,3.357188,1.000000,0.066189
1779542807.927852,0,1,-9.487257,8.409600,3.359366,1.000000,0.066189
1779542807.937866,0,1,-9.496946,8.407125,3.361353,1.000000,0.066189
1779542807.947856,0,1,-9.506626,8.404617,3.363530,1.000000,0.064838
1779542807.957504,0,1,-9.516305,8.402102,3.365517,1.000000,0.064838
1779542807.967828,0,1,-9.525974,8.399554,3.367694,1.000000,0.064838
1779542807.977321,0,1,-9.535642,8.396998,3.369681,1.000000,0.067095
1779542807.987681,0,1,-9.545302,8.394410,3.371859,1.000000,0.067095
1779542807.997668,0,1,-9.554959,8.391814,3.373846,1.000000,0.067095
1779542808.008042,0,1,-9.564607,8.389185,3.376023,1.000000,0.067095
1779542808.017376,0,1,-9.574253,8.386549,3.378010,1.000000,0.068200
1779542808.027674,0,1,-9.583891,8.383880,3.380187,1.000000,0.068200
1779542808.037666,0,1,-9.593526,8.381204,3.382174,1.000000,0.068200
1779542808.049357,0,1,-9.603152,8.378495,3.384352,1.000000,0.068200
1779542808.057595,0,1,-9.612776,8.375779,3.386339,1.000000,0.069176
1779542808.067734,0,1,-9.622391,8.373030,3.388516,1.000000,0.069176
1779542808.077733,0,1,-9.632003,8.370274,3.390503,1.000000,0.065449
1779542808.087982,0,1,-9.641607,8.367485,3.392680,1.000000,0.065449
1779542808.097558,0,1,-9.651208,8.364688,3.394667,1.000000,0.065449
1779542808.107332,0,1,-9.660799,8.361859,3.396845,1.000000,0.065449
1779542808.117512,0,1,-9.670389,8.359023,3.398832,1.000000,0.064306
1779542808.127713,0,1,-9.679968,8.356154,3.401009,1.000000,0.064306
1779542808.137530,0,1,-9.689546,8.353278,3.402996,1.000000,0.064306
1779542808.147482,0,1,-9.699113,8.350369,3.405173,1.000000,0.061268
1779542808.157543,0,1,-9.708679,8.347453,3.407160,1.000000,0.061268
1779542808.167611,0,1,-9.718234,8.344505,3.409338,1.000000,0.061268
1779542808.177771,0,1,-9.727787,8.341549,3.411325,1.000000,0.061268
1779542808.188047,0,1,-9.737330,8.338560,3.413502,1.000000,0.060275
1779542808.197426,0,1,-9.746871,8.335565,3.415489,1.000000,0.060275
1779542808.207848,0,1,-9.756401,8.332537,3.417666,1.000000,0.060275
1779542808.217435,0,1,-9.765930,8.329502,3.419653,1.000000,0.060402
1779542808.227746,0,1,-9.775447,8.326434,3.421831,1.000000,0.060402
1779542808.237789,0,1,-9.784963,8.323359,3.423818,1.000000,0.060402
1779542808.247810,0,1,-9.794468,8.320251,3.425995,1.000000,0.060402
1779542808.257553,0,1,-9.803971,8.317137,3.427982,1.000000,0.060526
1779542808.267703,0,1,-9.813462,8.313990,3.430159,1.000000,0.060526
1779542808.277815,0,1,-9.822952,8.310836,3.432146,1.000000,0.060526
1779542808.288212,0,1,-9.832431,8.307650,3.434324,1.000000,0.055560
1779542808.297749,0,1,-9.841907,8.304456,3.436311,1.000000,0.055560
1779542808.307673,0,1,-9.851372,8.301230,3.438488,1.000000,0.055560
1779542808.317659,0,1,-9.860835,8.297997,3.440475,1.000000,0.055291
1779542808.327830,0,1,-9.870287,8.294732,3.442652,1.000000,0.055291
1779542808.337757,0,1,-9.879737,8.291460,3.444639,1.000000,0.055291
1779542808.347393,0,1,-9.889175,8.288155,3.446817,1.000000,0.051988
1779542808.357375,0,1,-9.898611,8.284843,3.448804,1.000000,0.051988
1779542808.367764,0,1,-9.908035,8.281499,3.450981,1.000000,0.051988
1779542808.377835,0,1,-9.917465,8.278171,3.452722,1.000000,0.048432
1779542808.387760,0,1,-9.926910,8.274885,3.453947,1.000000,0.048432
1779542808.397346,0,1,-9.936355,8.271600,3.455243,1.000000,0.048432
1779542808.408112,0,1,-9.945805,8.268331,3.456304,1.000000,0.044897
1779542808.417614,0,1,-9.955251,8.265048,3.457537,1.000000,0.044897
1779542808.427760,0,1,-9.964699,8.261772,3.458571,1.000000,0.042621
1779542808.437667,0,1,-9.974140,8.258475,3.459792,1.000000,0.042621
1779542808.448222,0,1,-9.983582,8.255182,3.460820,1.000000,0.042621
1779542808.457656,0,1,-9.993017,8.251867,3.462038,1.000000,0.049409
1779542808.468815,0,1,-10.002452,8.248555,3.463065,1.000000,0.049409
1779542808.478266,0,1,-10.011880,8.245219,3.464281,1.000000,0.048593
1779542808.487803,0,1,-10.021308,8.241887,3.465308,1.000000,0.048593
1779542808.497746,0,1,-10.030728,8.238531,3.466524,1.000000,0.048593
1779542808.507703,0,1,-10.040149,8.235177,3.467550,1.000000,0.051209
1779542808.517699,0,1,-10.049561,8.231800,3.468767,1.000000,0.051209
1779542808.527874,0,1,-10.058975,8.228425,3.469793,1.000000,0.050485
1779542808.537533,0,1,-10.068379,8.225027,3.471009,1.000000,0.050485
1779542808.547689,0,1,-10.077785,8.221631,3.472035,1.000000,0.050485
1779542808.557740,0,1,-10.087183,8.218212,3.473251,1.000000,0.052929
1779542808.568133,0,1,-10.096581,8.214795,3.474278,1.000000,0.051656
1779542808.577699,0,1,-10.105970,8.211355,3.475494,1.000000,0.051656
1779542808.587531,0,1,-10.115361,8.207917,3.476520,1.000000,0.051656
1779542808.597706,0,1,-10.124743,8.204455,3.477736,1.000000,0.053723
1779542808.607778,0,1,-10.134125,8.200996,3.478762,1.000000,0.053723
1779542808.617536,0,1,-10.143491,8.197492,3.480225,1.000000,0.052466
1779542808.627664,0,1,-10.152829,8.193915,3.482203,1.000000,0.052466
1779542808.637640,0,1,-10.162165,8.190330,3.483864,1.000000,0.051746
1779542808.647642,0,1,-10.171511,8.186773,3.485054,1.000000,0.051746
1779542808.657811,0,1,-10.180854,8.183208,3.486334,1.000000,0.051746
1779542808.667794,0,1,-10.190201,8.179655,3.487387,1.000000,0.052640
1779542808.677713,0,1,-10.199542,8.176084,3.488615,1.000000,0.052640
1779542808.687966,0,1,-10.208884,8.172518,3.489647,1.000000,0.052640
1779542808.697813,0,1,-10.218219,8.168931,3.490866,1.000000,0.054311
1779542808.707627,0,1,-10.227555,8.165347,3.491894,1.000000,0.054311
1779542808.717360,0,1,-10.236873,8.161719,3.493357,1.000000,0.052008
1779542808.728476,0,1,-10.246164,8.158019,3.495336,1.000000,0.052008
1779542808.737688,0,1,-10.255451,8.154312,3.496997,1.000000,0.051249
1779542808.747412,0,1,-10.264749,8.150632,3.498187,1.000000,0.051249
1779542808.757437,0,1,-10.274045,8.146945,3.499467,1.000000,0.052844
1779542808.769310,0,1,-10.283344,8.143269,3.500520,1.000000,0.052844
1779542808.777853,0,1,-10.292637,8.139575,3.501748,1.000000,0.052844
1779542808.787541,0,1,-10.301932,8.135887,3.502780,1.000000,0.051156
1779542808.797425,0,1,-10.311219,8.132178,3.504000,1.000000,0.051156
1779542808.807612,0,1,-10.320507,8.128472,3.505027,1.000000,0.051512
1779542808.817767,0,1,-10.329786,8.124743,3.506244,1.000000,0.051512
1779542808.827792,0,1,-10.339066,8.121018,3.507271,1.000000,0.050736
1779542808.837328,0,1,-10.348337,8.117269,3.508488,1.000000,0.050736
1779542808.847882,0,1,-10.357609,8.113523,3.509514,1.000000,0.049944
1779542808.857763,0,1,-10.366871,8.109754,3.510730,1.000000,0.049944
1779542808.867677,0,1,-10.376135,8.105987,3.511756,1.000000,0.049944
1779542808.877701,0,1,-10.385389,8.102198,3.512973,1.000000,0.048792
1779542808.888366,0,1,-10.394644,8.098410,3.513999,1.000000,0.048792
1779542808.897601,0,1,-10.403889,8.094600,3.515215,1.000000,0.047946
1779542808.907500,0,1,-10.413136,8.090792,3.516241,1.000000,0.047946
1779542808.917589,0,1,-10.422373,8.086961,3.517457,1.000000,0.047946
1779542808.929817,0,1,-10.431611,8.083132,3.518483,1.000000,0.047070
1779542808.937982,0,1,-10.440839,8.079280,3.519700,1.000000,0.047070
1779542808.949279,0,1,-10.450068,8.075430,3.520726,1.000000,0.047070
1779542808.959515,0,1,-10.459288,8.071558,3.521942,1.000000,0.047070
1779542808.970775,0,1,-10.468509,8.067688,3.522968,1.000000,0.047375
1779542808.978762,0,1,-10.477720,8.063794,3.524184,1.000000,0.047375
1779542808.987826,0,1,-10.486932,8.059903,3.525210,1.000000,0.047375
1779542808.997960,0,1,-10.496134,8.055990,3.526427,1.000000,0.046467
1779542809.010260,0,1,-10.505337,8.052078,3.527453,1.000000,0.046467
1779542809.017660,0,1,-10.514531,8.048144,3.528669,1.000000,0.046467
1779542809.027771,0,1,-10.523725,8.044211,3.529695,1.000000,0.051146
1779542809.037830,0,1,-10.532910,8.040256,3.530911,1.000000,0.051146
1779542809.047990,0,1,-10.542095,8.036303,3.531937,1.000000,0.051146
1779542809.057724,0,1,-10.551271,8.032328,3.533154,1.000000,0.051146
1779542809.067823,0,1,-10.560448,8.028354,3.534180,1.000000,0.051121
1779542809.077596,0,1,-10.569615,8.024358,3.535396,1.000000,0.051121
1779542809.087884,0,1,-10.578782,8.020364,3.536422,1.000000,0.051121
1779542809.097462,0,1,-10.587940,8.016348,3.537638,1.000000,0.051121
1779542809.107384,0,1,-10.597099,8.012333,3.538664,1.000000,0.051770
1779542809.117515,0,1,-10.606248,8.008296,3.539881,1.000000,0.051770
1779542809.127813,0,1,-10.615398,8.004261,3.540907,1.000000,0.051770
1779542809.137720,0,1,-10.624537,8.000203,3.542123,1.000000,0.051770
1779542809.147689,0,1,-10.633678,7.996147,3.543149,1.000000,0.052665
1779542809.157648,0,1,-10.642809,7.992069,3.544365,1.000000,0.052665
1779542809.167842,0,1,-10.651940,7.987993,3.545391,1.000000,0.052665
1779542809.177537,0,1,-10.661062,7.983894,3.546608,1.000000,0.051481
1779542809.187658,0,1,-10.670184,7.979798,3.547634,1.000000,0.051481
1779542809.197720,0,1,-10.679296,7.975679,3.548850,1.000000,0.051481
1779542809.207592,0,1,-10.688410,7.971562,3.549876,1.000000,0.051258
1779542809.217361,0,1,-10.697512,7.967422,3.551092,1.000000,0.051258
1779542809.227910,0,1,-10.706616,7.963285,3.552118,1.000000,0.051258
1779542809.237281,0,1,-10.715710,7.959125,3.553335,1.000000,0.052661
1779542809.247702,0,1,-10.724805,7.954967,3.554361,1.000000,0.052661
1779542809.257778,0,1,-10.733889,7.950787,3.555577,1.000000,0.052661
1779542809.267665,0,1,-10.742974,7.946608,3.556603,1.000000,0.050571
1779542809.277647,0,1,-10.752049,7.942408,3.557819,1.000000,0.050571
1779542809.287971,0,1,-10.761125,7.938209,3.558845,1.000000,0.050571
1779542809.297697,0,1,-10.770191,7.933988,3.560062,1.000000,0.050571
1779542809.307284,0,1,-10.779257,7.929769,3.561088,1.000000,0.050304
1779542809.317756,0,1,-10.788313,7.925528,3.562304,1.000000,0.050304
1779542809.327749,0,1,-10.797370,7.921289,3.563330,1.000000,0.049543
1779542809.337677,0,1,-10.806416,7.917027,3.564546,1.000000,0.049543
1779542809.347369,0,1,-10.815464,7.912767,3.565572,1.000000,0.048676
1779542809.357389,0,1,-10.824501,7.908486,3.566789,1.000000,0.048676
1779542809.367872,0,1,-10.833539,7.904206,3.567815,1.000000,0.047803
1779542809.377313,0,1,-10.842566,7.899904,3.569031,1.000000,0.047803
1779542809.387529,0,1,-10.851594,7.895604,3.570057,1.000000,0.046881
1779542809.397527,0,1,-10.860612,7.891281,3.571273,1.000000,0.046881
1779542809.407709,0,1,-10.869630,7.886961,3.572299,1.000000,0.045964
1779542809.417817,0,1,-10.878638,7.882618,3.573516,1.000000,0.045964
1779542809.427508,0,1,-10.887647,7.878278,3.574542,1.000000,0.045964
1779542809.437463,0,1,-10.896645,7.873915,3.575758,1.000000,0.046341
1779542809.447515,0,1,-10.905644,7.869554,3.576784,1.000000,0.046341
1779542809.457762,0,1,-10.914633,7.865171,3.578000,1.000000,0.049189
1779542809.467235,0,1,-10.923622,7.860790,3.579026,1.000000,0.049189
1779542809.477637,0,1,-10.932600,7.856387,3.580243,1.000000,0.049189
1779542809.487729,0,1,-10.941580,7.851986,3.581269,1.000000,0.047815
1779542809.497631,0,1,-10.950548,7.847563,3.582485,1.000000,0.047815
1779542809.507593,0,1,-10.959518,7.843142,3.583511,1.000000,0.048582
1779542809.517603,0,1,-10.968477,7.838699,3.584727,1.000000,0.048582
1779542809.527685,0,1,-10.977436,7.834257,3.585753,1.000000,0.047734
1779542809.537527,0,1,-10.986385,7.829794,3.586970,1.000000,0.047734
1779542809.547376,0,1,-10.995335,7.825333,3.587996,1.000000,0.048925
1779542809.557392,0,1,-11.004273,7.820849,3.589212,1.000000,0.048925
1779542809.568939,0,1,-11.013213,7.816368,3.590238,1.000000,0.047680
1779542809.577353,0,1,-11.022141,7.811864,3.591454,1.000000,0.047680
1779542809.587249,0,1,-11.031071,7.807363,3.592480,1.000000,0.046774
1779542809.597263,0,1,-11.039989,7.802840,3.593697,1.000000,0.046774
1779542809.607258,0,1,-11.048909,7.798318,3.594723,1.000000,0.047011
1779542809.617682,0,1,-11.057817,7.793775,3.595939,1.000000,0.047011
1779542809.627645,0,1,-11.066726,7.789233,3.596965,1.000000,0.046105
1779542809.637435,0,1,-11.075624,7.784670,3.598181,1.000000,0.046105
1779542809.647599,0,1,-11.084523,7.780108,3.599207,1.000000,0.046105
1779542809.657729,0,1,-11.093411,7.775525,3.600424,1.000000,0.046139
1779542809.667525,0,1,-11.102300,7.770944,3.601450,1.000000,0.046139
1779542809.677413,0,1,-11.111177,7.766340,3.602666,1.000000,0.045230
1779542809.687760,0,1,-11.120056,7.761739,3.603692,1.000000,0.045230
1779542809.697687,0,1,-11.128923,7.757116,3.604908,1.000000,0.044276
1779542809.707274,0,1,-11.137791,7.752495,3.605934,1.000000,0.044276
1779542809.717583,0,1,-11.146648,7.747852,3.607151,1.000000,0.044492
1779542809.727567,0,1,-11.155506,7.743211,3.608177,1.000000,0.044492
1779542809.737480,0,1,-11.164352,7.738548,3.609393,1.000000,0.043541
1779542809.747471,0,1,-11.173200,7.733887,3.610419,1.000000,0.043541
1779542809.757589,0,1,-11.182035,7.729204,3.611635,1.000000,0.043932
1779542809.767648,0,1,-11.190872,7.724524,3.612661,1.000000,0.043932
1779542809.777713,0,1,-11.199698,7.719821,3.613878,1.000000,0.042959
1779542809.787272,0,1,-11.208524,7.715121,3.614904,1.000000,0.042959
1779542809.797662,0,1,-11.217339,7.710398,3.616120,1.000000,0.042959
1779542809.807679,0,1,-11.226155,7.705678,3.617146,1.000000,0.042684
1779542809.817779,0,1,-11.234959,7.700936,3.618362,1.000000,0.042684
1779542809.827577,0,1,-11.243764,7.696196,3.619388,1.000000,0.041706
1779542809.837568,0,1,-11.252557,7.691434,3.620605,1.000000,0.041706
1779542809.847632,0,1,-11.261352,7.686674,3.621631,1.000000,0.040684
1779542809.857705,0,1,-11.270135,7.681893,3.622847,1.000000,0.040684
1779542809.867285,0,1,-11.278919,7.677113,3.623873,1.000000,0.039633
1779542809.877747,0,1,-11.287691,7.672312,3.625089,1.000000,0.039633
1779542809.887724,0,1,-11.296464,7.667513,3.626115,1.000000,0.038557
1779542809.897661,0,1,-11.305225,7.662692,3.627332,1.000000,0.038557
1779542809.907623,0,1,-11.313987,7.657873,3.628358,1.000000,0.038535
1779542809.917483,0,1,-11.322738,7.653033,3.629574,1.000000,0.038535
1779542809.927469,0,1,-11.331489,7.648194,3.630600,1.000000,0.038535
1779542809.937940,0,1,-11.340229,7.643334,3.631816,1.000000,0.037437
1779542809.947817,0,1,-11.348970,7.638476,3.632842,1.000000,0.037437
1779542809.957688,0,1,-11.357698,7.633597,3.634059,1.000000,0.038998
1779542809.967473,0,1,-11.366428,7.628719,3.635085,1.000000,0.038998
1779542809.977655,0,1,-11.375146,7.623820,3.636301,1.000000,0.038998
1779542809.987591,0,1,-11.383864,7.618922,3.637327,1.000000,0.037326
1779542809.997654,0,1,-11.392571,7.614004,3.638543,1.000000,0.037326
1779542810.007694,0,1,-11.401279,7.609087,3.639569,1.000000,0.037358
1779542810.018319,0,1,-11.409974,7.604149,3.640786,1.000000,0.037358
1779542810.027392,0,1,-11.418671,7.599212,3.641812,1.000000,0.037358
1779542810.037499,0,1,-11.427356,7.594255,3.643028,1.000000,0.036279
1779542810.047712,0,1,-11.436041,7.589299,3.644054,1.000000,0.036279
1779542810.057907,0,1,-11.444715,7.584322,3.645270,1.000000,0.036049
1779542810.067323,0,1,-11.453389,7.579346,3.646296,1.000000,0.036049
1779542810.078574,0,1,-11.462051,7.574350,3.647513,1.000000,0.034955
1779542810.087779,0,1,-11.470715,7.569355,3.648539,1.000000,0.034955
1779542810.097813,0,1,-11.479366,7.564339,3.649755,1.000000,0.035382
1779542810.107480,0,1,-11.488018,7.559325,3.650781,1.000000,0.035382
1779542810.117695,0,1,-11.496657,7.554290,3.651997,1.000000,0.033951
1779542810.127860,0,1,-11.505298,7.549256,3.653023,1.000000,0.033951
1779542810.137757,0,1,-11.513927,7.544201,3.654240,1.000000,0.033951
1779542810.147642,0,1,-11.522556,7.539148,3.655266,1.000000,0.034059
1779542810.157692,0,1,-11.531173,7.534074,3.656482,1.000000,0.034059
1779542810.167428,0,1,-11.539791,7.529002,3.657508,1.000000,0.032610
1779542810.177990,0,1,-11.548397,7.523909,3.658724,1.000000,0.032610
1779542810.187855,0,1,-11.557004,7.518817,3.659750,1.000000,0.032610
1779542810.197339,0,1,-11.565598,7.513704,3.660967,1.000000,0.032912
1779542810.207669,0,1,-11.574193,7.508594,3.661993,1.000000,0.032912
1779542810.217579,0,1,-11.582776,7.503462,3.663209,1.000000,0.031440
1779542810.227684,0,1,-11.591360,7.498332,3.664235,1.000000,0.031440
1779542810.237242,0,1,-11.599931,7.493180,3.665451,1.000000,0.032563
1779542810.248081,0,1,-11.608503,7.488031,3.666477,1.000000,0.032563
1779542810.257559,0,1,-11.617063,7.482861,3.667694,1.000000,0.030786
1779542810.267546,0,1,-11.625624,7.477692,3.668720,1.000000,0.030786
1779542810.277603,0,1,-11.634172,7.472503,3.669936,1.000000,0.029571
1779542810.287507,0,1,-11.642721,7.467315,3.670962,1.000000,0.029571
1779542810.297570,0,1,-11.651257,7.462106,3.672178,1.000000,0.029571
1779542810.307270,0,1,-11.659795,7.456899,3.673204,1.000000,0.029724
1779542810.317406,0,1,-11.668319,7.451672,3.674420,1.000000,0.029724
1779542810.327462,0,1,-11.676845,7.446446,3.675447,1.000000,0.028495
1779542810.337655,0,1,-11.685358,7.441199,3.676663,1.000000,0.028495
1779542810.347618,0,1,-11.693872,7.435954,3.677689,1.000000,0.028495
1779542810.357576,0,1,-11.702373,7.430687,3.678905,1.000000,0.026680
1779542810.367935,0,1,-11.710875,7.425423,3.679931,1.000000,0.026680
1779542810.377622,0,1,-11.719365,7.420138,3.681147,1.000000,0.026680
1779542810.387475,0,1,-11.727855,7.414855,3.682174,1.000000,0.024653
1779542810.397379,0,1,-11.736332,7.409551,3.683390,1.000000,0.024653
1779542810.407350,0,1,-11.744811,7.404249,3.684416,1.000000,0.024653
1779542810.417478,0,1,-11.753276,7.398926,3.685632,1.000000,0.024398
1779542810.427293,0,1,-11.761743,7.393604,3.686658,1.000000,0.024398
1779542810.437512,0,1,-11.770197,7.388262,3.687874,1.000000,0.024398
1779542810.447578,0,1,-11.778651,7.382922,3.688901,1.000000,0.028580
1779542810.457297,0,1,-11.787093,7.377561,3.690117,1.000000,0.028580
1779542810.467411,0,1,-11.795536,7.372202,3.691143,1.000000,0.028580
1779542810.477293,0,1,-11.803965,7.366822,3.692359,1.000000,0.026472
1779542810.487344,0,1,-11.812396,7.361444,3.693385,1.000000,0.026472
1779542810.497389,0,1,-11.820813,7.356045,3.694601,1.000000,0.026472
1779542810.507317,0,1,-11.829232,7.350648,3.695628,1.000000,0.026959
1779542810.517423,0,1,-11.837637,7.345230,3.696844,1.000000,0.026959
1779542810.527434,0,1,-11.846044,7.339815,3.697870,1.000000,0.026959
1779542810.537662,0,1,-11.854437,7.334378,3.699086,1.000000,0.025128
1779542810.547318,0,1,-11.862831,7.328944,3.700112,1.000000,0.025128
1779542810.557429,0,1,-11.871212,7.323488,3.701328,1.000000,0.025128
1779542810.567355,0,1,-11.879594,7.318035,3.702355,1.000000,0.026110
1779542810.577425,0,1,-11.887963,7.312561,3.703571,1.000000,0.026110
1779542810.587276,0,1,-11.896332,7.307088,3.704597,1.000000,0.026110
1779542810.597429,0,1,-11.904689,7.301595,3.705813,1.000000,0.026110
1779542810.607570,0,1,-11.913046,7.296105,3.706839,1.000000,0.026386
1779542810.617654,0,1,-11.921390,7.290593,3.708055,1.000000,0.026386
1779542810.627700,0,1,-11.929736,7.285083,3.709082,1.000000,0.025117
1779542810.637492,0,1,-11.938067,7.279553,3.710298,1.000000,0.025117
1779542810.647921,0,1,-11.946400,7.274025,3.711324,1.000000,0.025117
1779542810.657631,0,1,-11.954719,7.268476,3.712540,1.000000,0.025117
1779542810.667552,0,1,-11.963040,7.262928,3.713566,1.000000,0.025045
1779542810.677474,0,1,-11.971346,7.257361,3.714782,1.000000,0.025045
1779542810.687678,0,1,-11.979654,7.251795,3.715809,1.000000,0.023755
1779542810.697296,0,1,-11.987949,7.246209,3.717025,1.000000,0.023755
1779542810.707676,0,1,-11.996244,7.240625,3.718051,1.000000,0.023755
1779542810.717638,0,1,-12.004526,7.235020,3.719267,1.000000,0.023755
1779542810.728783,0,1,-12.012809,7.229417,3.720293,1.000000,0.023956
1779542810.737713,0,1,-12.021078,7.223794,3.721509,1.000000,0.023956
1779542810.747504,0,1,-12.029348,7.218172,3.722536,1.000000,0.023956
1779542810.757510,0,1,-12.037605,7.212530,3.723752,1.000000,0.024973
1779542810.767439,0,1,-12.045862,7.206890,3.724778,1.000000,0.024973
1779542810.777340,0,1,-12.054106,7.201230,3.725994,1.000000,0.023678
1779542810.787633,0,1,-12.062351,7.195571,3.727020,1.000000,0.023678
1779542810.798424,0,1,-12.070582,7.189892,3.728236,1.000000,0.023678
1779542810.807417,0,1,-12.078815,7.184215,3.729263,1.000000,0.024298
1779542810.817412,0,1,-12.087033,7.178518,3.730479,1.000000,0.024298
1779542810.827486,0,1,-12.095252,7.172823,3.731505,1.000000,0.024298
1779542810.837479,0,1,-12.103458,7.167107,3.732721,1.000000,0.022426
1779542810.847482,0,1,-12.111665,7.161393,3.733747,1.000000,0.022426
1779542810.857309,0,1,-12.119857,7.155659,3.734963,1.000000,0.021075
1779542810.867583,0,1,-12.128051,7.149927,3.735990,1.000000,0.021075
1779542810.877376,0,1,-12.136231,7.144174,3.737206,1.000000,0.019726
1779542810.887788,0,1,-12.144426,7.138443,3.737986,1.000000,0.019726
1779542810.897619,0,1,-12.152652,7.132757,3.738250,1.000000,0.018326
1779542810.907681,0,1,-12.160884,7.127080,3.738585,1.000000,0.018326
1779542810.917738,0,1,-12.169131,7.121424,3.738685,1.000000,0.016973
1779542810.927456,0,1,-12.177375,7.115764,3.738956,1.000000,0.016973
1779542810.937674,0,1,-12.185629,7.110118,3.739030,1.000000,0.016973
1779542810.947626,0,1,-12.193875,7.104462,3.739289,1.000000,0.015720
1779542810.957665,0,1,-12.202130,7.098817,3.739357,1.000000,0.015720
1779542810.967360,0,1,-12.210376,7.093161,3.739614,1.000000,0.018460
1779542810.977370,0,1,-12.218630,7.087515,3.739680,1.000000,0.018460
1779542810.987408,0,1,-12.226876,7.081857,3.739935,1.000000,0.018639
1779542810.997226,0,1,-12.235128,7.076209,3.740001,1.000000,0.018639
1779542811.007951,0,1,-12.243372,7.070548,3.740256,1.000000,0.018639
1779542811.017246,0,1,-12.251622,7.064898,3.740321,1.000000,0.029268
1779542811.027413,0,1,-12.259864,7.059235,3.740577,1.000000,0.029268
1779542811.037701,0,1,-12.268113,7.053582,3.740642,1.000000,0.029663
1779542811.047537,0,1,-12.276340,7.047897,3.741143,1.000000,0.029663
1779542811.057343,0,1,-12.284528,7.042156,3.742161,1.000000,0.032821
1779542811.067259,0,1,-12.292703,7.036397,3.743107,1.000000,0.032821
1779542811.077374,0,1,-12.300854,7.030604,3.744288,1.000000,0.033305
1779542811.087843,0,1,-12.309002,7.024807,3.745298,1.000000,0.033305
1779542811.097598,0,1,-12.317133,7.018985,3.746506,1.000000,0.036954
1779542811.107647,0,1,-12.325263,7.013162,3.747527,1.000000,0.036954
1779542811.117606,0,1,-12.333377,7.007318,3.748741,1.000000,0.035757
1779542811.127611,0,1,-12.341493,7.001475,3.749766,1.000000,0.035757
1779542811.137707,0,1,-12.349593,6.995611,3.750981,1.000000,0.038872
1779542811.147721,0,1,-12.357694,6.989749,3.752007,1.000000,0.038872
1779542811.157476,0,1,-12.365781,6.983866,3.753223,1.000000,0.037016
1779542811.167665,0,1,-12.373869,6.977986,3.754249,1.000000,0.037016
1779542811.177809,0,1,-12.381943,6.972085,3.755465,1.000000,0.035384
1779542811.187580,0,1,-12.390018,6.966186,3.756491,1.000000,0.035384
1779542811.197595,0,1,-12.398078,6.960267,3.757707,1.000000,0.035384
1779542811.207759,0,1,-12.406139,6.954350,3.758733,1.000000,0.037554
1779542811.217786,0,1,-12.414186,6.948413,3.759949,1.000000,0.037554
1779542811.227606,0,1,-12.422234,6.942478,3.760975,1.000000,0.036526
1779542811.237725,0,1,-12.430268,6.936523,3.762192,1.000000,0.036526
1779542811.247541,0,1,-12.438303,6.930570,3.763218,1.000000,0.039582
1779542811.257727,0,1,-12.446323,6.924597,3.764434,1.000000,0.039582
1779542811.267579,0,1,-12.454344,6.918626,3.765460,1.000000,0.039582
1779542811.277710,0,1,-12.462351,6.912635,3.766676,1.000000,0.037715
1779542811.287656,0,1,-12.470359,6.906645,3.767702,1.000000,0.037715
1779542811.297602,0,1,-12.478353,6.900636,3.768919,1.000000,0.040631
1779542811.307586,0,1,-12.486347,6.894629,3.769945,1.000000,0.040631
1779542811.317700,0,1,-12.494327,6.888603,3.771161,1.000000,0.040631
1779542811.327891,0,1,-12.502308,6.882578,3.772187,1.000000,0.038638
1779542811.337723,0,1,-12.510275,6.876533,3.773403,1.000000,0.038638
1779542811.347620,0,1,-12.518242,6.870490,3.774429,1.000000,0.037629
1779542811.357776,0,1,-12.526195,6.864427,3.775646,1.000000,0.037629
1779542811.367679,0,1,-12.534149,6.858367,3.776672,1.000000,0.036591
1779542811.377696,0,1,-12.542088,6.852286,3.777888,1.000000,0.036591
1779542811.387787,0,1,-12.550028,6.846208,3.778914,1.000000,0.035541
1779542811.397699,0,1,-12.557954,6.840109,3.780130,1.000000,0.035541
1779542811.407678,0,1,-12.565881,6.834013,3.781156,1.000000,0.035541
1779542811.417753,0,1,-12.573792,6.827897,3.782373,1.000000,0.037428
1779542811.427670,0,1,-12.581706,6.821783,3.783399,1.000000,0.037428
1779542811.437713,0,1,-12.589603,6.815649,3.784615,1.000000,0.037428
1779542811.447696,0,1,-12.597503,6.809518,3.785641,1.000000,0.044455
1779542811.457538,0,1,-12.605387,6.803366,3.786857,1.000000,0.044455
1779542811.467702,0,1,-12.613273,6.797217,3.787883,1.000000,0.043073
1779542811.477664,0,1,-12.621143,6.791048,3.789100,1.000000,0.043073
1779542811.487751,0,1,-12.629015,6.784880,3.790126,1.000000,0.043073
1779542811.497669,0,1,-12.636871,6.778694,3.791342,1.000000,0.042168
1779542811.507582,0,1,-12.644729,6.772509,3.792368,1.000000,0.042168
1779542811.517661,0,1,-12.652572,6.766305,3.793584,1.000000,0.044597
1779542811.527702,0,1,-12.660416,6.760102,3.794610,1.000000,0.044597
1779542811.537494,0,1,-12.668245,6.753880,3.795827,1.000000,0.043196
1779542811.547682,0,1,-12.676075,6.747660,3.796853,1.000000,0.043196
1779542811.557643,0,1,-12.683890,6.741421,3.798069,1.000000,0.043196
1779542811.567662,0,1,-12.691706,6.735184,3.799095,1.000000,0.046182
1779542811.577509,0,1,-12.699507,6.728927,3.800311,1.000000,0.046182
1779542811.587244,0,1,-12.707309,6.722672,3.801337,1.000000,0.046182
1779542811.597704,0,1,-12.715096,6.716397,3.802554,1.000000,0.045344
1779542811.607638,0,1,-12.722884,6.710125,3.803580,1.000000,0.045344
1779542811.617379,0,1,-12.730656,6.703833,3.804796,1.000000,0.047562
1779542811.627586,0,1,-12.738430,6.697543,3.805822,1.000000,0.047562
1779542811.637412,0,1,-12.746189,6.691234,3.807038,1.000000,0.051692
1779542811.647693,0,1,-12.753949,6.684926,3.808064,1.000000,0.051692
1779542811.657594,0,1,-12.761693,6.678600,3.809281,1.000000,0.051692
1779542811.667634,0,1,-12.769439,6.672275,3.810307,1.000000,0.049405
1779542811.677604,0,1,-12.777169,6.665931,3.811523,1.000000,0.049405
1779542811.687283,0,1,-12.784901,6.659589,3.812549,1.000000,0.048622
1779542811.697704,0,1,-12.792616,6.653228,3.813765,1.000000,0.048622
1779542811.707684,0,1,-12.800334,6.646868,3.814791,1.000000,0.051612
1779542811.717461,0,1,-12.808035,6.640490,3.816008,1.000000,0.051612
1779542811.729081,0,1,-12.815738,6.634113,3.817034,1.000000,0.050880
1779542811.737705,0,1,-12.823426,6.627717,3.818250,1.000000,0.050880
1779542811.747306,0,1,-12.831114,6.621323,3.819276,1.000000,0.050880
1779542811.757532,0,1,-12.838787,6.614910,3.820492,1.000000,0.054119
1779542811.767550,0,1,-12.846462,6.608499,3.821518,1.000000,0.054119
1779542811.777558,0,1,-12.854105,6.602050,3.822981,1.000000,0.054119
1779542811.787725,0,1,-12.861698,6.595543,3.824959,1.000000,0.053433
1779542811.797874,0,1,-12.869270,6.589011,3.826866,1.000000,0.053433
1779542811.807413,0,1,-12.876809,6.582442,3.829009,1.000000,0.056606
1779542811.817584,0,1,-12.884346,6.575869,3.830856,1.000000,0.056606
1779542811.827388,0,1,-12.891874,6.569287,3.832672,1.000000,0.056606
1779542811.837504,0,1,-12.899373,6.562671,3.834786,1.000000,0.054758
1779542811.847759,0,1,-12.906861,6.556044,3.836748,1.000000,0.054758
1779542811.857701,0,1,-12.914325,6.549388,3.838914,1.000000,0.052583
1779542811.867641,0,1,-12.921781,6.542725,3.840896,1.000000,0.052583
1779542811.877802,0,1,-12.929214,6.536035,3.843071,1.000000,0.050653
1779542811.887438,0,1,-12.936657,6.529357,3.844811,1.000000,0.050653
1779542811.897858,0,1,-12.944130,6.522712,3.846035,1.000000,0.050653
1779542811.907644,0,1,-12.951603,6.516068,3.847331,1.000000,0.047073
1779542811.917673,0,1,-12.959088,6.509436,3.848392,1.000000,0.047073
1779542811.927908,0,1,-12.966562,6.502792,3.849624,1.000000,0.044609
1779542811.938020,0,1,-12.974041,6.496154,3.850659,1.000000,0.044609
1779542811.947466,0,1,-12.981506,6.489500,3.851879,1.000000,0.043065
1779542811.957451,0,1,-12.988974,6.482849,3.852908,1.000000,0.043065
1779542811.967477,0,1,-12.996426,6.476181,3.854125,1.000000,0.043065
1779542811.977727,0,1,-13.003879,6.469514,3.855152,1.000000,0.045394
1779542811.987330,0,1,-13.011317,6.462830,3.856369,1.000000,0.045394
1779542811.997947,0,1,-13.018756,6.456147,3.857395,1.000000,0.045394
1779542812.007705,0,1,-13.026179,6.449446,3.858612,1.000000,0.060599
1779542812.017799,0,1,-13.033603,6.442747,3.859638,1.000000,0.060599
1779542812.027590,0,1,-13.040995,6.436012,3.861100,1.000000,0.060065
1779542812.037673,0,1,-13.048335,6.429220,3.863079,1.000000,0.060065
1779542812.047722,0,1,-13.055652,6.422404,3.864986,1.000000,0.060065
1779542812.057735,0,1,-13.062936,6.415552,3.867128,1.000000,0.064190
1779542812.067590,0,1,-13.070208,6.408689,3.869099,1.000000,0.064190
1779542812.077674,0,1,-13.077453,6.401796,3.871268,1.000000,0.063538
1779542812.087653,0,1,-13.084691,6.394896,3.873251,1.000000,0.063538
1779542812.097462,0,1,-13.091904,6.387969,3.875425,1.000000,0.063538
1779542812.107698,0,1,-13.099111,6.381037,3.877411,1.000000,0.065280
1779542812.117754,0,1,-13.106294,6.374079,3.879587,1.000000,0.065280
1779542812.127785,0,1,-13.113471,6.367116,3.881574,1.000000,0.063264
1779542812.137514,0,1,-13.120624,6.360128,3.883751,1.000000,0.063264
1779542812.147675,0,1,-13.127773,6.353135,3.885738,1.000000,0.067706
1779542812.157651,0,1,-13.134896,6.346117,3.887915,1.000000,0.067706
1779542812.167539,0,1,-13.142015,6.339094,3.889902,1.000000,0.067706
1779542812.177658,0,1,-13.149110,6.332047,3.892079,1.000000,0.065007
1779542812.187269,0,1,-13.156199,6.324994,3.894066,1.000000,0.065007
1779542812.197320,0,1,-13.163265,6.317917,3.896244,1.000000,0.068487
1779542812.207529,0,1,-13.170325,6.310835,3.898231,1.000000,0.068487
1779542812.217618,0,1,-13.177360,6.303729,3.900408,1.000000,0.065781
1779542812.227306,0,1,-13.184391,6.296618,3.902395,1.000000,0.065781
1779542812.237371,0,1,-13.191397,6.289482,3.904572,1.000000,0.065781
1779542812.247813,0,1,-13.198398,6.282342,3.906559,1.000000,0.068954
1779542812.257735,0,1,-13.205374,6.275177,3.908737,1.000000,0.068954
1779542812.267697,0,1,-13.212345,6.268007,3.910724,1.000000,0.066247
1779542812.277462,0,1,-13.219291,6.260814,3.912901,1.000000,0.066247
1779542812.287801,0,1,-13.226232,6.253615,3.914888,1.000000,0.064245
1779542812.297658,0,1,-13.233148,6.246392,3.917065,1.000000,0.064245
1779542812.307599,0,1,-13.240060,6.239165,3.919052,1.000000,0.064245
1779542812.317582,0,1,-13.246946,6.231914,3.921230,1.000000,0.067650
1779542812.327587,0,1,-13.253827,6.224657,3.923217,1.000000,0.067650
1779542812.337719,0,1,-13.260683,6.217377,3.925394,1.000000,0.067650
1779542812.347693,0,1,-13.267533,6.210093,3.927381,1.000000,0.064603
1779542812.357277,0,1,-13.274359,6.202784,3.929558,1.000000,0.064603
1779542812.367495,0,1,-13.281179,6.195471,3.931545,1.000000,0.062553
1779542812.377621,0,1,-13.287974,6.188134,3.933723,1.000000,0.062553
1779542812.387765,0,1,-13.294764,6.180793,3.935710,1.000000,0.062553
1779542812.398017,0,1,-13.301528,6.173428,3.937887,1.000000,0.060464
1779542812.407933,0,1,-13.308287,6.166058,3.939874,1.000000,0.060464
1779542812.417812,0,1,-13.315021,6.158665,3.942051,1.000000,0.057305
1779542812.427583,0,1,-13.321749,6.151267,3.944038,1.000000,0.057305
1779542812.437722,0,1,-13.328452,6.143846,3.946216,1.000000,0.057305
1779542812.447980,0,1,-13.335149,6.136420,3.948203,1.000000,0.059121
1779542812.457480,0,1,-13.341821,6.128971,3.950380,1.000000,0.059121
1779542812.467648,0,1,-13.348488,6.121517,3.952367,1.000000,0.059121
1779542812.477646,0,1,-13.355129,6.114041,3.954544,1.000000,0.067374
1779542812.487330,0,1,-13.361764,6.106559,3.956531,1.000000,0.067374
1779542812.497378,0,1,-13.368374,6.099055,3.958709,1.000000,0.067374
1779542812.507674,0,1,-13.374978,6.091546,3.960696,1.000000,0.075679
1779542812.517657,0,1,-13.381556,6.084015,3.962873,1.000000,0.075679
1779542812.527534,0,1,-13.388129,6.076478,3.964860,1.000000,0.073885
1779542812.537718,0,1,-13.394676,6.068919,3.967037,1.000000,0.073885
1779542812.547586,0,1,-13.401217,6.061355,3.969024,1.000000,0.073885
1779542812.557616,0,1,-13.407733,6.053769,3.971202,1.000000,0.078587
1779542812.567895,0,1,-13.414243,6.046178,3.973189,1.000000,0.078587
1779542812.577779,0,1,-13.420726,6.038565,3.975366,1.000000,0.078587
1779542812.587633,0,1,-13.427204,6.030947,3.977353,1.000000,0.075930
1779542812.597351,0,1,-13.433656,6.023307,3.979530,1.000000,0.075930
1779542812.607873,0,1,-13.440103,6.015662,3.981517,1.000000,0.081734
1779542812.617589,0,1,-13.446523,6.007995,3.983695,1.000000,0.081734
1779542812.627591,0,1,-13.452937,6.000324,3.985682,1.000000,0.080095
1779542812.637337,0,1,-13.459325,5.992630,3.987859,1.000000,0.080095
1779542812.647381,0,1,-13.465708,5.984932,3.989846,1.000000,0.080095
1779542812.657566,0,1,-13.472064,5.977211,3.992023,1.000000,0.084821
1779542812.667757,0,1,-13.478414,5.969487,3.994010,1.000000,0.084821
1779542812.677660,0,1,-13.484738,5.961740,3.996188,1.000000,0.083246
1779542812.687346,0,1,-13.491056,5.953989,3.998175,1.000000,0.083246
1779542812.697682,0,1,-13.497348,5.946216,4.000352,1.000000,0.083246
1779542812.707477,0,1,-13.503634,5.938439,4.002339,1.000000,0.088877
1779542812.718397,0,1,-13.509893,5.930640,4.004516,1.000000,0.088877
1779542812.728848,0,1,-13.516146,5.922836,4.006503,1.000000,0.087390
1779542812.737756,0,1,-13.522354,5.914996,4.008927,1.000000,0.087390
1779542812.747558,0,1,-13.528494,5.907103,4.011866,1.000000,0.087390
1779542812.757643,0,1,-13.534600,5.899184,4.014734,1.000000,0.093347
1779542812.767597,0,1,-13.540659,5.891229,4.017837,1.000000,0.093347
1779542812.777757,0,1,-13.546698,5.883258,4.020769,1.000000,0.091946
1779542812.787687,0,1,-13.552697,5.875257,4.023899,1.000000,0.091946
1779542812.797747,0,1,-13.558680,5.867245,4.026843,1.000000,0.091946
1779542812.807611,0,1,-13.564626,5.859205,4.029979,1.000000,0.096134
1779542812.817929,0,1,-13.570558,5.851154,4.032925,1.000000,0.096134
1779542812.827563,0,1,-13.576454,5.843077,4.036063,1.000000,0.093253
1779542812.837688,0,1,-13.582336,5.834990,4.039010,1.000000,0.093253
1779542812.847673,0,1,-13.588183,5.826877,4.042148,1.000000,0.093253
1779542812.857598,0,1,-13.594015,5.818754,4.045096,1.000000,0.088642
1779542812.867753,0,1,-13.599811,5.810605,4.048234,1.000000,0.088642
1779542812.877682,0,1,-13.605594,5.802447,4.051182,1.000000,0.085498
1779542812.887726,0,1,-13.611341,5.794263,4.054321,1.000000,0.085498
1779542812.897580,0,1,-13.617074,5.786070,4.057269,1.000000,0.082320
1779542812.907524,0,1,-13.622771,5.777851,4.060407,1.000000,0.082320
1779542812.917649,0,1,-13.628473,5.769636,4.063109,1.000000,0.082320
1779542812.927480,0,1,-13.634205,5.761442,4.065295,1.000000,0.085586
1779542812.937899,0,1,-13.639929,5.753243,4.067552,1.000000,0.085586
1779542812.947719,0,1,-13.645660,5.745048,4.069574,1.000000,0.085586
1779542812.957596,0,1,-13.651350,5.736824,4.072014,1.000000,0.104325
1779542812.967716,0,1,-13.656974,5.728555,4.074961,1.000000,0.104325
1779542812.977698,0,1,-13.662564,5.720264,4.077834,1.000000,0.099880
1779542812.987701,0,1,-13.668108,5.711941,4.080940,1.000000,0.099880
1779542812.997593,0,1,-13.673630,5.703604,4.083873,1.000000,0.099880
1779542813.007757,0,1,-13.679112,5.695241,4.087004,1.000000,0.107477
1779542813.017667,0,1,-13.684578,5.686867,4.089948,1.000000,0.107477
1779542813.027627,0,1,-13.690005,5.678468,4.093084,1.000000,0.105053
1779542813.037509,0,1,-13.695417,5.670059,4.096031,1.000000,0.105053
1779542813.047814,0,1,-13.700792,5.661626,4.099168,1.000000,0.112863
1779542813.057949,0,1,-13.706152,5.653184,4.102116,1.000000,0.112863
1779542813.067675,0,1,-13.711475,5.644718,4.105254,1.000000,0.112863
1779542813.077391,0,1,-13.716784,5.636244,4.108202,1.000000,0.109020
1779542813.087575,0,1,-13.722055,5.627746,4.111340,1.000000,0.109020
1779542813.097692,0,1,-13.727312,5.619239,4.114288,1.000000,0.109020
1779542813.107599,0,1,-13.732531,5.610709,4.117426,1.000000,0.114544
1779542813.117651,0,1,-13.737736,5.602170,4.120374,1.000000,0.114544
1779542813.127778,0,1,-13.742903,5.593609,4.123512,1.000000,0.112015
1779542813.137572,0,1,-13.748055,5.585039,4.126461,1.000000,0.112015
1779542813.147309,0,1,-13.753170,5.576446,4.129599,1.000000,0.112015
1779542813.157845,0,1,-13.758271,5.567844,4.132547,1.000000,0.121585
1779542813.167828,0,1,-13.763333,5.559220,4.135685,1.000000,0.121585
1779542813.177812,0,1,-13.768381,5.550588,4.138633,1.000000,0.116563
1779542813.187491,0,1,-13.773371,5.541922,4.142018,1.000000,0.116563
1779542813.197656,0,1,-13.778276,5.533208,4.145918,1.000000,0.114062
1779542813.207621,0,1,-13.783158,5.524480,4.149501,1.000000,0.114062
1779542813.217376,0,1,-13.788048,5.515757,4.152613,1.000000,0.114062
1779542813.227698,0,1,-13.792915,5.507021,4.155815,1.000000,0.120899
1779542813.237401,0,1,-13.797775,5.498282,4.158790,1.000000,0.120899
1779542813.247749,0,1,-13.802581,5.489513,4.162186,1.000000,0.120899
1779542813.257580,0,1,-13.807305,5.480699,4.166092,1.000000,0.130590
1779542813.267500,0,1,-13.811985,5.471862,4.169924,1.000000,0.130590
1779542813.277595,0,1,-13.816606,5.462993,4.173990,1.000000,0.126437
1779542813.287510,0,1,-13.821196,5.454109,4.177884,1.000000,0.126437
1779542813.297912,0,1,-13.825733,5.445198,4.181975,1.000000,0.122644
1779542813.307623,0,1,-13.830245,5.436273,4.185880,1.000000,0.122644
1779542813.317573,0,1,-13.834707,5.427324,4.189977,1.000000,0.130949
1779542813.327899,0,1,-13.839144,5.418362,4.193885,1.000000,0.130949
1779542813.337391,0,1,-13.843533,5.409377,4.197984,1.000000,0.130949
1779542813.347826,0,1,-13.847898,5.400380,4.201892,1.000000,0.125254
1779542813.357604,0,1,-13.852214,5.391359,4.205991,1.000000,0.125254
1779542813.368725,0,1,-13.856506,5.382327,4.209900,1.000000,0.121314
1779542813.377590,0,1,-13.860749,5.373272,4.213999,1.000000,0.121314
1779542813.387413,0,1,-13.864969,5.364206,4.217908,1.000000,0.117296
1779542813.397412,0,1,-13.869140,5.355117,4.222007,1.000000,0.117296
1779542813.407916,0,1,-13.873297,5.346023,4.225794,1.000000,0.113210
1779542813.417570,0,1,-13.877442,5.336922,4.229417,1.000000,0.113210
1779542813.427635,0,1,-13.881578,5.327817,4.232857,1.000000,0.109014
1779542813.437651,0,1,-13.885724,5.318717,4.235922,1.000000,0.109014
1779542813.447754,0,1,-13.889846,5.309606,4.239109,1.000000,0.109014
1779542813.457692,0,1,-13.893962,5.300493,4.242078,1.000000,0.113193
1779542813.467591,0,1,-13.898043,5.291363,4.245227,1.000000,0.113193
1779542813.477648,0,1,-13.902112,5.282229,4.248180,1.000000,0.109702
1779542813.488070,0,1,-13.906143,5.273077,4.251321,1.000000,0.109702
1779542813.497380,0,1,-13.910160,5.263919,4.254271,1.000000,0.109702
1779542813.507733,0,1,-13.914137,5.254744,4.257410,1.000000,0.149029
1779542813.517725,0,1,-13.918099,5.245562,4.260359,1.000000,0.149029
1779542813.528076,0,1,-13.921998,5.236354,4.263744,1.000000,0.149029
1779542813.537604,0,1,-13.925809,5.227109,4.267644,1.000000,0.147260
1779542813.547670,0,1,-13.929573,5.217844,4.271473,1.000000,0.147260
1779542813.557658,0,1,-13.933272,5.208553,4.275538,1.000000,0.157812
1779542813.567678,0,1,-13.936938,5.199250,4.279431,1.000000,0.157812
1779542813.577841,0,1,-13.940527,5.189916,4.283768,1.000000,0.157812
1779542813.587611,0,1,-13.944015,5.180544,4.288625,1.000000,0.154559
1779542813.597592,0,1,-13.947442,5.171150,4.293412,1.000000,0.154559
1779542813.607833,0,1,-13.950795,5.161729,4.298436,1.000000,0.164857
1779542813.617458,0,1,-13.954105,5.152292,4.303289,1.000000,0.164857
1779542813.627428,0,1,-13.957350,5.142833,4.308341,1.000000,0.161661
1779542813.637539,0,1,-13.960557,5.133362,4.313206,1.000000,0.161661
1779542813.647615,0,1,-13.963703,5.123869,4.318264,1.000000,0.171866
1779542813.657545,0,1,-13.966813,5.114365,4.323132,1.000000,0.171866
1779542813.667741,0,1,-13.969862,5.104842,4.328192,1.000000,0.171866
1779542813.677739,0,1,-13.972877,5.095307,4.333061,1.000000,0.163225
1779542813.687715,0,1,-13.975831,5.085753,4.338121,1.000000,0.163225
1779542813.697663,0,1,-13.978750,5.076189,4.342991,1.000000,0.163225
1779542813.707977,0,1,-13.981609,5.066606,4.348051,1.000000,0.170455
1779542813.717574,0,1,-13.984433,5.057013,4.352921,1.000000,0.170455
1779542813.728803,0,1,-13.987196,5.047403,4.357981,1.000000,0.170455
1779542813.738015,0,1,-13.989925,5.037782,4.362852,1.000000,0.170455
1779542813.748071,0,1,-13.992593,5.028144,4.367912,1.000000,0.177199
1779542813.757716,0,1,-13.995226,5.018497,4.372782,1.000000,0.177199
1779542813.767560,0,1,-13.997797,5.008834,4.377842,1.000000,0.177199
1779542813.778543,0,1,-14.000335,4.999161,4.382712,1.000000,0.168652
1779542813.787678,0,1,-14.002810,4.989472,4.387772,1.000000,0.168652
1779542813.798128,0,1,-14.005251,4.979775,4.392642,1.000000,0.168652
1779542813.807716,0,1,-14.007631,4.970062,4.397703,1.000000,0.168652
1779542813.818205,0,1,-14.009975,4.960341,4.402573,1.000000,0.174733
1779542813.827679,0,1,-14.012258,4.950605,4.407633,1.000000,0.174733
1779542813.837661,0,1,-14.014506,4.940861,4.412503,1.000000,0.168080
1779542813.848111,0,1,-14.016692,4.931103,4.417563,1.000000,0.168080
1779542813.857894,0,1,-14.018843,4.921337,4.422433,1.000000,0.168080
1779542813.867492,0,1,-14.020932,4.911557,4.427494,1.000000,0.161333
1779542813.877907,0,1,-14.022986,4.901771,4.432364,1.000000,0.161333
1779542813.887841,0,1,-14.024978,4.891971,4.437424,1.000000,0.161333
1779542813.897780,0,1,-14.026934,4.882164,4.442294,1.000000,0.154111
1779542813.907764,0,1,-14.028829,4.872345,4.447354,1.000000,0.154111
1779542813.918077,0,1,-14.030688,4.862520,4.452224,1.000000,0.154111
1779542813.927825,0,1,-14.032485,4.852682,4.457285,1.000000,0.154111
1779542813.937718,0,1,-14.034246,4.842839,4.462155,1.000000,0.159017
1779542813.947648,0,1,-14.035945,4.832984,4.467215,1.000000,0.159017
1779542813.957600,0,1,-14.037609,4.823124,4.472085,1.000000,0.159017
1779542813.968024,0,1,-14.039210,4.813253,4.477145,1.000000,0.170363
1779542813.978243,0,1,-14.040776,4.803376,4.482015,1.000000,0.170363
1779542813.987668,0,1,-14.042279,4.793490,4.487076,1.000000,0.170363
1779542813.997999,0,1,-14.043746,4.783598,4.491946,1.000000,0.170363
1779542814.007790,0,1,-14.045151,4.773697,4.497006,1.000000,0.178440
1779542814.018428,0,1,-14.046520,4.763791,4.501876,1.000000,0.178440
1779542814.027468,0,1,-14.047826,4.753877,4.506936,1.000000,0.178440
1779542814.037800,0,1,-14.049097,4.743958,4.511806,1.000000,0.171997
1779542814.047672,0,1,-14.050305,4.734031,4.516867,1.000000,0.171997
1779542814.057949,0,1,-14.051477,4.724100,4.521737,1.000000,0.171997
1779542814.067515,0,1,-14.052587,4.714162,4.526797,1.000000,0.171997
1779542814.077811,0,1,-14.053660,4.704220,4.531667,1.000000,0.172801
1779542814.087662,0,1,-14.054671,4.694271,4.536727,1.000000,0.172801
1779542814.097903,0,1,-14.055645,4.684319,4.541597,1.000000,0.173663
1779542814.107368,0,1,-14.056557,4.674360,4.546657,1.000000,0.173663
1779542814.117918,0,1,-14.057433,4.664399,4.551528,1.000000,0.173663
1779542814.127350,0,1,-14.058246,4.654432,4.556588,1.000000,0.169322
1779542814.137785,0,1,-14.059022,4.644462,4.561458,1.000000,0.169322
1779542814.147777,0,1,-14.059736,4.634488,4.566518,1.000000,0.169322
1779542814.157476,0,1,-14.060414,4.624511,4.571388,1.000000,0.170572
1779542814.167320,0,1,-14.061029,4.614530,4.576448,1.000000,0.170572
1779542814.177624,0,1,-14.061607,4.604546,4.581319,1.000000,0.170572
1779542814.187390,0,1,-14.062123,4.594560,4.586379,1.000000,0.163995
1779542814.197571,0,1,-14.062602,4.584571,4.591249,1.000000,0.163995
1779542814.207343,0,1,-14.063019,4.574580,4.596309,1.000000,0.163995
1779542814.217858,0,1,-14.063399,4.564587,4.601179,1.000000,0.164956
1779542814.227586,0,1,-14.063716,4.554592,4.606239,1.000000,0.164956
1779542814.237734,0,1,-14.063997,4.544596,4.611109,1.000000,0.164956
1779542814.247272,0,1,-14.064215,4.534598,4.616170,1.000000,0.166957
1779542814.258039,0,1,-14.064397,4.524600,4.621040,1.000000,0.166957
1779542814.267464,0,1,-14.064515,4.514601,4.626100,1.000000,0.166957
1779542814.277659,0,1,-14.064598,4.504601,4.630970,1.000000,0.158222
1779542814.287562,0,1,-14.064617,4.494601,4.636030,1.000000,0.158222
1779542814.297834,0,1,-14.064600,4.484601,4.640900,1.000000,0.163098
1779542814.307733,0,1,-14.064520,4.474602,4.645961,1.000000,0.163098
1779542814.317757,0,1,-14.064404,4.464602,4.650831,1.000000,0.163098
1779542814.327427,0,1,-14.064225,4.454604,4.655891,1.000000,0.154397
1779542814.337860,0,1,-14.064009,4.444606,4.660761,1.000000,0.154397
1779542814.347938,0,1,-14.063731,4.434610,4.665821,1.000000,0.149590
1779542814.357639,0,1,-14.063416,4.424615,4.670691,1.000000,0.149590
1779542814.367733,0,1,-14.063038,4.414622,4.675752,1.000000,0.144619
1779542814.377800,0,1,-14.062624,4.404631,4.680622,1.000000,0.144619
1779542814.387774,0,1,-14.062147,4.394642,4.685682,1.000000,0.144619
1779542814.397440,0,1,-14.061658,4.384654,4.690306,1.000000,0.143794
1779542814.407811,0,1,-14.061185,4.374665,4.694414,1.000000,0.143794
1779542814.417948,0,1,-14.060684,4.364678,4.698593,1.000000,0.138697
1779542814.427766,0,1,-14.060171,4.354691,4.702537,1.000000,0.138697
1779542814.437708,0,1,-14.059614,4.344707,4.706653,1.000000,0.133537
1779542814.447662,0,1,-14.059036,4.334723,4.710570,1.000000,0.133537
1779542814.457721,0,1,-14.058408,4.324743,4.714674,1.000000,0.145697
1779542814.467347,0,1,-14.057754,4.314765,4.718585,1.000000,0.145697
1779542814.477305,0,1,-14.057049,4.304790,4.722686,1.000000,0.142197
1779542814.487619,0,1,-14.056318,4.294816,4.726596,1.000000,0.142197
1779542814.497675,0,1,-14.055533,4.284847,4.730695,1.000000,0.142197
1779542814.507933,0,1,-14.054723,4.274880,4.734605,1.000000,0.143953
1779542814.517496,0,1,-14.053859,4.264917,4.738704,1.000000,0.140520
1779542814.527530,0,1,-14.052969,4.254957,4.742613,1.000000,0.140520
1779542814.537586,0,1,-14.052026,4.245002,4.746713,1.000000,0.140520
1779542814.547764,0,1,-14.051056,4.235049,4.750622,1.000000,0.140520
1779542814.557816,0,1,-14.050033,4.225101,4.754721,1.000000,0.147138
1779542814.568114,0,1,-14.048984,4.215157,4.758630,1.000000,0.147138
1779542814.577812,0,1,-14.047881,4.205218,4.762729,1.000000,0.147138
1779542814.587817,0,1,-14.046752,4.195282,4.766638,1.000000,0.138864
1779542814.597293,0,1,-14.045570,4.185352,4.770738,1.000000,0.138864
1779542814.607977,0,1,-14.044361,4.175425,4.774647,1.000000,0.138864
1779542814.617710,0,1,-14.043100,4.165505,4.778746,1.000000,0.137490
1779542814.627418,0,1,-14.041812,4.155588,4.782655,1.000000,0.137490
1779542814.637507,0,1,-14.040471,4.145679,4.786754,1.000000,0.137490
1779542814.647557,0,1,-14.039103,4.135772,4.790663,1.000000,0.139923
1779542814.657764,0,1,-14.037683,4.125874,4.794763,1.000000,0.139923
1779542814.667746,0,1,-14.036236,4.115979,4.798672,1.000000,0.139923
1779542814.677855,0,1,-14.034737,4.106092,4.802771,1.000000,0.133130
1779542814.687594,0,1,-14.033211,4.096209,4.806680,1.000000,0.133130
1779542814.697593,0,1,-14.031632,4.086335,4.810779,1.000000,0.133130
1779542814.707714,0,1,-14.030027,4.076464,4.814688,1.000000,0.133859
1779542814.717687,0,1,-14.028370,4.066603,4.818788,1.000000,0.133859
1779542814.727541,0,1,-14.026686,4.056745,4.822697,1.000000,0.130185
1779542814.737738,0,1,-14.024949,4.046897,4.826796,1.000000,0.130185
1779542814.747710,0,1,-14.023186,4.037054,4.830705,1.000000,0.133420
1779542814.758222,0,1,-14.021371,4.027220,4.834804,1.000000,0.133420
1779542814.767690,0,1,-14.019529,4.017391,4.838713,1.000000,0.128260
1779542814.777913,0,1,-14.017635,4.007572,4.842813,1.000000,0.128260
1779542814.787611,0,1,-14.015715,3.997758,4.846722,1.000000,0.133360
1779542814.797904,0,1,-14.013742,3.987955,4.850821,1.000000,0.133360
1779542814.807578,0,1,-14.011743,3.978157,4.854730,1.000000,0.133360
1779542814.817824,0,1,-14.009692,3.968369,4.858829,1.000000,0.124994
1779542814.827871,0,1,-14.007615,3.958588,4.862738,1.000000,0.124994
1779542814.838177,0,1,-14.005485,3.948817,4.866838,1.000000,0.121103
1779542814.847486,0,1,-14.003330,3.939052,4.870747,1.000000,0.121103
1779542814.857854,0,1,-14.001122,3.929299,4.874846,1.000000,0.117113
1779542814.867965,0,1,-13.998889,3.919551,4.878755,1.000000,0.117113
1779542814.877472,0,1,-13.996603,3.909816,4.882854,1.000000,0.113027
1779542814.887562,0,1,-13.994315,3.900081,4.886517,1.000000,0.113027
1779542814.897821,0,1,-13.992052,3.890341,4.889664,1.000000,0.108873
1779542814.907984,0,1,-13.989771,3.880605,4.892882,1.000000,0.108873
1779542814.917513,0,1,-13.987488,3.870869,4.895865,1.000000,0.108873
1779542814.927823,0,1,-13.985171,3.861141,4.899020,1.000000,0.112765
1779542814.937399,0,1,-13.982843,3.851416,4.901976,1.000000,0.112765
1779542814.947660,0,1,-13.980475,3.841700,4.905119,1.000000,0.119271
1779542814.957635,0,1,-13.978092,3.831988,4.908070,1.000000,0.119271
1779542814.967817,0,1,-13.975645,3.822292,4.911455,1.000000,0.119271
1779542814.977798,0,1,-13.973105,3.812620,4.915357,1.000000,0.114098
1779542814.987905,0,1,-13.970516,3.802961,4.919186,1.000000,0.114098
1779542814.997593,0,1,-13.967860,3.793320,4.923251,1.000000,0.118545
1779542815.007659,0,1,-13.965193,3.783682,4.926897,1.000000,0.118545
1779542815.017761,0,1,-13.962546,3.774039,4.930036,1.000000,0.114625
1779542815.028213,0,1,-13.959855,3.764408,4.933496,1.000000,0.114625
1779542815.037522,0,1,-13.957084,3.754799,4.937429,1.000000,0.110761
1779542815.047742,0,1,-13.954294,3.745197,4.941027,1.000000,0.110761
1779542815.057603,0,1,-13.951519,3.735589,4.944146,1.000000,0.110761
1779542815.067770,0,1,-13.948720,3.725989,4.947352,1.000000,0.110536
1779542815.077634,0,1,-13.945916,3.716390,4.950329,1.000000,0.110536
1779542815.087745,0,1,-13.943076,3.706802,4.953481,1.000000,0.106856
1779542815.097963,0,1,-13.940223,3.697218,4.956435,1.000000,0.106856
1779542815.107832,0,1,-13.937331,3.687645,4.959577,1.000000,0.109115
1779542815.117709,0,1,-13.934424,3.678077,4.962527,1.000000,0.109115
1779542815.127739,0,1,-13.931476,3.668521,4.965666,1.000000,0.106387
1779542815.137919,0,1,-13.928513,3.658971,4.968615,1.000000,0.106387
1779542815.147663,0,1,-13.925507,3.649433,4.971754,1.000000,0.103665
1779542815.157323,0,1,-13.922486,3.639900,4.974702,1.000000,0.103665
1779542815.167758,0,1,-13.919422,3.630381,4.977840,1.000000,0.106187
1779542815.177874,0,1,-13.916343,3.620867,4.980788,1.000000,0.106187
1779542815.187735,0,1,-13.913222,3.611366,4.983927,1.000000,0.103475
1779542815.197745,0,1,-13.910085,3.601871,4.986875,1.000000,0.103475
1779542815.207696,0,1,-13.906906,3.592390,4.990013,1.000000,0.105356
1779542815.217755,0,1,-13.903711,3.582914,4.992961,1.000000,0.105356
1779542815.227650,0,1,-13.900475,3.573452,4.996099,1.000000,0.102636
1779542815.237849,0,1,-13.897223,3.563996,4.999047,1.000000,0.102636
1779542815.247991,0,1,-13.893929,3.554554,5.002186,1.000000,0.106094
1779542815.257785,0,1,-13.890619,3.545118,5.005134,1.000000,0.106094
1779542815.267746,0,1,-13.887268,3.535696,5.008272,1.000000,0.106094
1779542815.277502,0,1,-13.883900,3.526280,5.011220,1.000000,0.102231
1779542815.288147,0,1,-13.880492,3.516879,5.014358,1.000000,0.099424
1779542815.297704,0,1,-13.877067,3.507483,5.017306,1.000000,0.099424
1779542815.307751,0,1,-13.873602,3.498103,5.020445,1.000000,0.099424
1779542815.318125,0,1,-13.870120,3.488729,5.023393,1.000000,0.100259
1779542815.327805,0,1,-13.866597,3.479370,5.026531,1.000000,0.100259
1779542815.337801,0,1,-13.863059,3.470017,5.029479,1.000000,0.097410
1779542815.347337,0,1,-13.859479,3.460680,5.032617,1.000000,0.097410
1779542815.358011,0,1,-13.855883,3.451348,5.035565,1.000000,0.094478
1779542815.367764,0,1,-13.852247,3.442033,5.038704,1.000000,0.094478
1779542815.377919,0,1,-13.848595,3.432724,5.041652,1.000000,0.091476
1779542815.387762,0,1,-13.844902,3.423431,5.044790,1.000000,0.091476
1779542815.397722,0,1,-13.841193,3.414144,5.047738,1.000000,0.088401
1779542815.407554,0,1,-13.837443,3.404873,5.050876,1.000000,0.088401
1779542815.417527,0,1,-13.833678,3.395609,5.053824,1.000000,0.088401
1779542815.428290,0,1,-13.829872,3.386362,5.056963,1.000000,0.087961
1779542815.437839,0,1,-13.826051,3.377121,5.059911,1.000000,0.087961
1779542815.447592,0,1,-13.822189,3.367897,5.063049,1.000000,0.096796
1779542815.457529,0,1,-13.818311,3.358679,5.065997,1.000000,0.096796
1779542815.467906,0,1,-13.814393,3.349479,5.069135,1.000000,0.093937
1779542815.477869,0,1,-13.810459,3.340285,5.072083,1.000000,0.093937
1779542815.487726,0,1,-13.806485,3.331109,5.075222,1.000000,0.091005
1779542815.497925,0,1,-13.802495,3.321939,5.078170,1.000000,0.091005
1779542815.507820,0,1,-13.798465,3.312787,5.081308,1.000000,0.091005
1779542815.517817,0,1,-13.794420,3.303642,5.084256,1.000000,0.090658
1779542815.527605,0,1,-13.790335,3.294515,5.087394,1.000000,0.090658
1779542815.538106,0,1,-13.786234,3.285394,5.090342,1.000000,0.087600
1779542815.547709,0,1,-13.782093,3.276292,5.093481,1.000000,0.087600
1779542815.557674,0,1,-13.777936,3.267196,5.096429,1.000000,0.089712
1779542815.567836,0,1,-13.773740,3.258120,5.099567,1.000000,0.089712
1779542815.577851,0,1,-13.769528,3.249050,5.102515,1.000000,0.086642
1779542815.587808,0,1,-13.765277,3.239998,5.105653,1.000000,0.086642
1779542815.597669,0,1,-13.761010,3.230954,5.108601,1.000000,0.087209
1779542815.608582,0,1,-13.756704,3.221929,5.111740,1.000000,0.087209
1779542815.617641,0,1,-13.752382,3.212911,5.114688,1.000000,0.085576
1779542815.627687,0,1,-13.748020,3.203913,5.117826,1.000000,0.085576
1779542815.637576,0,1,-13.743644,3.194921,5.120774,1.000000,0.085576
1779542815.647760,0,1,-13.739228,3.185949,5.123912,1.000000,0.086625
1779542815.657550,0,1,-13.734797,3.176984,5.126860,1.000000,0.086625
1779542815.667550,0,1,-13.730326,3.168039,5.129998,1.000000,0.082499
1779542815.678048,0,1,-13.725840,3.159102,5.132947,1.000000,0.082499
1779542815.687721,0,1,-13.721316,3.150184,5.136085,1.000000,0.079281
1779542815.697523,0,1,-13.716797,3.141263,5.138787,1.000000,0.079281
1779542815.707917,0,1,-13.712310,3.132327,5.140973,1.000000,0.081315
1779542815.717868,0,1,-13.707815,3.123394,5.143230,1.000000,0.081315
1779542815.727785,0,1,-13.703327,3.114457,5.145252,1.000000,0.078070
1779542815.737736,0,1,-13.698816,3.105533,5.147446,1.000000,0.078070
1779542815.747725,0,1,-13.694304,3.096609,5.149441,1.000000,0.078070
1779542815.757503,0,1,-13.689764,3.087699,5.151623,1.000000,0.081136
1779542815.767694,0,1,-13.685219,3.078791,5.153612,1.000000,0.081136
1779542815.777851,0,1,-13.680644,3.069899,5.155791,1.000000,0.077479
1779542815.787896,0,1,-13.676063,3.061010,5.157779,1.000000,0.077479
1779542815.798205,0,1,-13.671453,3.052136,5.159956,1.000000,0.077479
1779542815.807517,0,1,-13.666836,3.043266,5.161944,1.000000,0.079409
1779542815.818166,0,1,-13.662188,3.034411,5.164121,1.000000,0.079409
1779542815.827936,0,1,-13.657535,3.025560,5.166108,1.000000,0.079409
1779542815.837877,0,1,-13.652851,3.016725,5.168286,1.000000,0.076954
1779542815.848027,0,1,-13.648160,3.007893,5.170273,1.000000,0.076954
1779542815.857781,0,1,-13.643440,2.999078,5.172450,1.000000,0.076954
1779542815.867544,0,1,-13.638712,2.990265,5.174437,1.000000,0.074257
1779542815.878381,0,1,-13.633955,2.981470,5.176614,1.000000,0.074257
1779542815.887889,0,1,-13.629191,2.972677,5.178601,1.000000,0.074257
1779542815.897753,0,1,-13.624397,2.963901,5.180779,1.000000,0.071617
1779542815.907787,0,1,-13.619597,2.955129,5.182766,1.000000,0.071617
1779542815.917820,0,1,-13.614766,2.946373,5.184943,1.000000,0.071617
1779542815.927613,0,1,-13.609930,2.937620,5.186930,1.000000,0.068672
1779542815.937885,0,1,-13.605063,2.928885,5.189107,1.000000,0.068672
1779542815.947995,0,1,-13.600189,2.920152,5.191094,1.000000,0.068672
1779542815.957457,0,1,-13.595286,2.911437,5.193272,1.000000,0.068672
1779542815.967838,0,1,-13.590377,2.902725,5.195259,1.000000,0.069432
1779542815.977911,0,1,-13.585437,2.894030,5.197436,1.000000,0.069432
1779542815.987460,0,1,-13.580491,2.885339,5.199423,1.000000,0.069432
1779542815.998064,0,1,-13.575516,2.876665,5.201600,1.000000,0.069432
1779542816.007626,0,1,-13.570534,2.867994,5.203587,1.000000,0.078638
1779542816.018413,0,1,-13.565522,2.859341,5.205765,1.000000,0.078638
1779542816.027453,0,1,-13.560504,2.850691,5.207752,1.000000,0.078638
1779542816.038080,0,1,-13.555456,2.842058,5.209929,1.000000,0.075951
1779542816.047937,0,1,-13.550402,2.833429,5.211916,1.000000,0.075951
1779542816.057903,0,1,-13.545319,2.824818,5.214093,1.000000,0.075951
1779542816.068271,0,1,-13.540229,2.816210,5.216080,1.000000,0.082231
1779542816.077895,0,1,-13.535109,2.807620,5.218258,1.000000,0.082231
1779542816.087906,0,1,-13.529984,2.799034,5.220245,1.000000,0.082231
1779542816.097611,0,1,-13.524828,2.790465,5.222422,1.000000,0.082231
1779542816.107799,0,1,-13.519667,2.781900,5.224409,1.000000,0.082460
1779542816.117665,0,1,-13.514476,2.773353,5.226586,1.000000,0.082460
1779542816.127881,0,1,-13.509279,2.764809,5.228573,1.000000,0.082460
1779542816.137472,0,1,-13.504053,2.756284,5.230751,1.000000,0.080050
1779542816.147717,0,1,-13.498820,2.747762,5.232738,1.000000,0.080050
1779542816.157733,0,1,-13.493558,2.739258,5.234915,1.000000,0.080050
1779542816.167740,0,1,-13.488290,2.730758,5.236902,1.000000,0.080050
1779542816.177536,0,1,-13.482993,2.722277,5.239079,1.000000,0.081499
1779542816.187670,0,1,-13.477690,2.713799,5.241066,1.000000,0.081499
1779542816.197891,0,1,-13.472357,2.705339,5.243244,1.000000,0.081499
1779542816.208431,0,1,-13.467019,2.696883,5.245231,1.000000,0.084508
1779542816.217870,0,1,-13.461651,2.688446,5.247408,1.000000,0.084508
1779542816.228047,0,1,-13.456277,2.680013,5.249395,1.000000,0.084508
1779542816.237993,0,1,-13.450875,2.671598,5.251572,1.000000,0.084508
1779542816.247788,0,1,-13.445466,2.663187,5.253559,1.000000,0.081320
1779542816.257942,0,1,-13.440028,2.654795,5.255737,1.000000,0.081320
1779542816.267710,0,1,-13.434584,2.646406,5.257724,1.000000,0.081320
1779542816.277601,0,1,-13.429112,2.638037,5.259901,1.000000,0.082314
1779542816.287708,0,1,-13.423633,2.629671,5.261888,1.000000,0.082314
1779542816.297845,0,1,-13.418125,2.621324,5.264065,1.000000,0.082314
1779542816.307930,0,1,-13.412612,2.612981,5.266052,1.000000,0.082314
1779542816.317657,0,1,-13.407070,2.604658,5.268230,1.000000,0.083765
1779542816.327750,0,1,-13.401522,2.596338,5.270217,1.000000,0.083765
1779542816.338101,0,1,-13.395945,2.588037,5.272394,1.000000,0.083765
1779542816.347840,0,1,-13.390362,2.579741,5.274381,1.000000,0.083765
1779542816.358317,0,1,-13.384751,2.571464,5.276558,1.000000,0.081213
1779542816.367497,0,1,-13.379133,2.563190,5.278545,1.000000,0.081213
1779542816.377990,0,1,-13.373488,2.554937,5.280723,1.000000,0.081213
1779542816.388140,0,1,-13.367836,2.546687,5.282710,1.000000,0.077713
1779542816.397979,0,1,-13.362156,2.538457,5.284887,1.000000,0.077713
1779542816.407977,0,1,-13.356470,2.530230,5.286874,1.000000,0.077713
1779542816.417800,0,1,-13.350756,2.522024,5.289051,1.000000,0.077713
1779542816.427933,0,1,-13.345036,2.513822,5.291038,1.000000,0.077898
1779542816.438036,0,1,-13.339287,2.505639,5.293215,1.000000,0.077898
1779542816.447429,0,1,-13.333533,2.497460,5.295203,1.000000,0.077898
1779542816.457793,0,1,-13.327751,2.489302,5.297380,1.000000,0.077898
1779542816.467873,0,1,-13.321962,2.481147,5.299367,1.000000,0.086189
1779542816.477742,0,1,-13.316146,2.473013,5.301544,1.000000,0.086189
1779542816.487430,0,1,-13.310324,2.464883,5.303531,1.000000,0.086189
1779542816.497789,0,1,-13.304454,2.456786,5.305955,1.000000,0.083693
1779542816.507487,0,1,-13.298515,2.448741,5.308894,1.000000,0.083693
1779542816.517742,0,1,-13.292560,2.440707,5.311516,1.000000,0.083693
1779542816.527809,0,1,-13.286622,2.432661,5.313667,1.000000,0.083696
1779542816.538038,0,1,-13.280670,2.424626,5.315908,1.000000,0.083696
1779542816.547865,0,1,-13.274720,2.416589,5.317922,1.000000,0.083696
1779542816.557870,0,1,-13.268746,2.408569,5.320111,1.000000,0.083696
1779542816.568033,0,1,-13.262770,2.400551,5.322104,1.000000,0.085022
1779542816.577499,0,1,-13.256768,2.392553,5.324284,1.000000,0.085022
1779542816.587660,0,1,-13.250761,2.384558,5.326273,1.000000,0.085022
1779542816.597877,0,1,-13.244727,2.376583,5.328451,1.000000,0.083201
1779542816.607856,0,1,-13.238688,2.368613,5.330438,1.000000,0.083201
1779542816.617973,0,1,-13.232621,2.360663,5.332616,1.000000,0.083201
1779542816.627736,0,1,-13.226549,2.352718,5.334603,1.000000,0.084696
1779542816.637790,0,1,-13.220450,2.344794,5.336781,1.000000,0.084696
1779542816.647865,0,1,-13.214345,2.336873,5.338768,1.000000,0.084696
1779542816.658021,0,1,-13.208212,2.328974,5.340945,1.000000,0.084696
1779542816.667825,0,1,-13.202074,2.321080,5.342932,1.000000,0.085722
1779542816.677814,0,1,-13.195909,2.313206,5.345109,1.000000,0.085722
1779542816.687672,0,1,-13.189738,2.305337,5.347097,1.000000,0.085722
1779542816.697478,0,1,-13.183522,2.297504,5.349520,1.000000,0.083355
1779542816.707819,0,1,-13.177238,2.289726,5.352459,1.000000,0.083355
1779542816.718175,0,1,-13.170939,2.281959,5.355081,1.000000,0.083355
1779542816.728200,0,1,-13.164656,2.274179,5.357232,1.000000,0.085568
1779542816.737837,0,1,-13.158360,2.266410,5.359473,1.000000,0.085568
1779542816.747653,0,1,-13.152065,2.258640,5.361487,1.000000,0.085568
1779542816.757715,0,1,-13.145730,2.250903,5.363922,1.000000,0.085568
1779542816.767767,0,1,-13.139330,2.243219,5.366867,1.000000,0.085681
1779542816.777964,0,1,-13.132900,2.235560,5.369738,1.000000,0.085681
1779542816.787688,0,1,-13.126425,2.227939,5.372843,1.000000,0.085681
1779542816.798107,0,1,-13.119931,2.220335,5.375776,1.000000,0.083049
1779542816.807843,0,1,-13.113400,2.212762,5.378907,1.000000,0.083049
1779542816.817869,0,1,-13.106872,2.205187,5.381605,1.000000,0.083049
1779542816.827583,0,1,-13.100370,2.197589,5.383788,1.000000,0.083049
1779542816.837882,0,1,-13.093860,2.189998,5.386044,1.000000,0.081597
1779542816.848108,0,1,-13.087356,2.182402,5.388065,1.000000,0.081597
1779542816.857916,0,1,-13.080832,2.174824,5.390258,1.000000,0.078314
1779542816.867882,0,1,-13.074307,2.167246,5.392254,1.000000,0.078314
1779542816.878222,0,1,-13.067758,2.159689,5.394435,1.000000,0.078314
1779542816.887941,0,1,-13.061205,2.152136,5.396425,1.000000,0.074807
1779542816.897780,0,1,-13.054626,2.144604,5.398603,1.000000,0.074807
1779542816.908208,0,1,-13.048043,2.137077,5.400591,1.000000,0.074807
1779542816.917924,0,1,-13.041434,2.129572,5.402769,1.000000,0.074807
1779542816.927485,0,1,-13.034820,2.122072,5.404756,1.000000,0.075340
1779542816.937551,0,1,-13.028180,2.114595,5.406933,1.000000,0.075340
1779542816.947694,0,1,-13.021534,2.107122,5.408921,1.000000,0.075340
1779542816.957896,0,1,-13.014863,2.099672,5.411098,1.000000,0.075340
1779542816.967689,0,1,-13.008187,2.092227,5.413085,1.000000,0.080412
1779542816.977717,0,1,-13.001485,2.084805,5.415262,1.000000,0.080412
1779542816.987641,0,1,-12.994778,2.077388,5.417249,1.000000,0.077704
1779542816.997924,0,1,-12.988045,2.069994,5.419427,1.000000,0.077704
1779542817.007800,0,1,-12.981307,2.062605,5.421414,1.000000,0.077704
1779542817.017618,0,1,-12.974544,2.055239,5.423591,1.000000,0.077704
1779542817.027736,0,1,-12.967775,2.047878,5.425578,1.000000,0.081478
1779542817.037790,0,1,-12.960981,2.040541,5.427755,1.000000,0.081478
1779542817.047711,0,1,-12.954182,2.033208,5.429742,1.000000,0.081478
1779542817.057832,0,1,-12.947358,2.025898,5.431920,1.000000,0.083481
1779542817.068350,0,1,-12.940528,2.018594,5.433907,1.000000,0.083481
1779542817.077890,0,1,-12.933673,2.011313,5.436084,1.000000,0.081829
1779542817.087952,0,1,-12.926813,2.004037,5.438071,1.000000,0.081829
1779542817.097662,0,1,-12.919928,1.996785,5.440248,1.000000,0.081829
1779542817.107476,0,1,-12.913037,1.989538,5.442235,1.000000,0.081829
1779542817.117921,0,1,-12.906122,1.982315,5.444413,1.000000,0.083229
1779542817.127991,0,1,-12.899201,1.975096,5.446400,1.000000,0.083229
1779542817.137944,0,1,-12.892256,1.967901,5.448577,1.000000,0.080798
1779542817.147870,0,1,-12.885305,1.960712,5.450564,1.000000,0.080798
1779542817.158552,0,1,-12.878330,1.953546,5.452741,1.000000,0.080798
1779542817.167867,0,1,-12.871350,1.946386,5.454728,1.000000,0.082572
1779542817.177875,0,1,-12.864345,1.939249,5.456906,1.000000,0.082572
1779542817.187830,0,1,-12.857335,1.932118,5.458893,1.000000,0.080890
1779542817.197688,0,1,-12.850300,1.925010,5.461070,1.000000,0.080890
1779542817.207765,0,1,-12.843260,1.917908,5.463057,1.000000,0.080890
1779542817.217793,0,1,-12.836196,1.910830,5.465234,1.000000,0.084204
1779542817.227831,0,1,-12.829127,1.903757,5.467221,1.000000,0.084204
1779542817.237967,0,1,-12.822033,1.896709,5.469399,1.000000,0.081813
1779542817.248160,0,1,-12.814935,1.889666,5.471386,1.000000,0.081813
1779542817.257805,0,1,-12.807812,1.882647,5.473563,1.000000,0.083268
1779542817.267835,0,1,-12.800684,1.875633,5.475550,1.000000,0.083268
1779542817.277601,0,1,-12.793532,1.868644,5.477727,1.000000,0.083268
1779542817.287773,0,1,-12.786374,1.861660,5.479714,1.000000,0.081593
1779542817.298011,0,1,-12.779193,1.854701,5.481892,1.000000,0.081593
1779542817.308092,0,1,-12.772007,1.847747,5.483879,1.000000,0.081593
1779542817.318150,0,1,-12.764797,1.840817,5.486056,1.000000,0.082382
1779542817.328128,0,1,-12.757582,1.833893,5.488043,1.000000,0.082382
1779542817.337772,0,1,-12.750343,1.826994,5.490220,1.000000,0.080708
1779542817.347557,0,1,-12.743100,1.820100,5.492207,1.000000,0.080708
1779542817.357647,0,1,-12.735832,1.813231,5.494385,1.000000,0.080708
1779542817.367624,0,1,-12.728560,1.806367,5.496372,1.000000,0.077965
1779542817.377841,0,1,-12.721264,1.799528,5.498549,1.000000,0.077965
1779542817.387837,0,1,-12.713963,1.792695,5.500536,1.000000,0.076130
1779542817.397758,0,1,-12.706638,1.785887,5.502713,1.000000,0.076130
1779542817.407590,0,1,-12.699309,1.779084,5.504700,1.000000,0.076130
1779542817.417753,0,1,-12.691956,1.772306,5.506878,1.000000,0.074239
1779542817.428092,0,1,-12.684599,1.765534,5.508865,1.000000,0.074239
1779542817.437627,0,1,-12.677218,1.758787,5.511042,1.000000,0.080097
1779542817.447590,0,1,-12.669832,1.752045,5.513029,1.000000,0.080097
1779542817.457634,0,1,-12.662423,1.745329,5.515206,1.000000,0.080097
1779542817.467651,0,1,-12.655009,1.738618,5.517193,1.000000,0.078905
1779542817.477827,0,1,-12.647572,1.731933,5.519371,1.000000,0.078905
1779542817.487983,0,1,-12.640131,1.725253,5.521358,1.000000,0.077112
1779542817.497895,0,1,-12.632666,1.718598,5.523535,1.000000,0.077112
1779542817.507814,0,1,-12.625197,1.711949,5.525522,1.000000,0.077112
1779542817.518078,0,1,-12.617704,1.705326,5.527699,1.000000,0.080981
1779542817.527831,0,1,-12.610207,1.698709,5.529686,1.000000,0.080981
1779542817.537568,0,1,-12.602688,1.692117,5.531864,1.000000,0.080981
1779542817.548247,0,1,-12.595163,1.685530,5.533851,1.000000,0.080981
1779542817.557877,0,1,-12.587616,1.678970,5.536028,1.000000,0.083013
1779542817.567895,0,1,-12.580064,1.672415,5.538015,1.000000,0.083013
1779542817.577893,0,1,-12.572490,1.665886,5.540192,1.000000,0.079779
1779542817.587410,0,1,-12.564911,1.659362,5.542179,1.000000,0.079779
1779542817.597706,0,1,-12.557309,1.652865,5.544356,1.000000,0.079779
1779542817.607932,0,1,-12.549703,1.646373,5.546344,1.000000,0.079779
1779542817.617709,0,1,-12.542074,1.639907,5.548521,1.000000,0.080212
1779542817.627914,0,1,-12.534441,1.633447,5.550508,1.000000,0.080212
1779542817.638009,0,1,-12.526786,1.627013,5.552685,1.000000,0.080212
1779542817.648109,0,1,-12.519126,1.620584,5.554672,1.000000,0.077497
1779542817.657937,0,1,-12.511444,1.614182,5.556849,1.000000,0.077497
1779542817.667603,0,1,-12.503757,1.607786,5.558837,1.000000,0.077497
1779542817.677989,0,1,-12.496048,1.601416,5.561014,1.000000,0.078497
1779542817.687697,0,1,-12.488335,1.595052,5.563001,1.000000,0.078497
1779542817.697507,0,1,-12.480600,1.588714,5.565178,1.000000,0.078497
1779542817.707916,0,1,-12.472860,1.582382,5.567165,1.000000,0.078497
1779542817.718160,0,1,-12.465099,1.576076,5.569342,1.000000,0.078833
1779542817.727634,0,1,-12.457333,1.569777,5.571330,1.000000,0.078833
1779542817.737885,0,1,-12.449545,1.563503,5.573507,1.000000,0.078833
1779542817.747887,0,1,-12.441753,1.557236,5.575494,1.000000,0.076074
1779542817.758116,0,1,-12.433939,1.550995,5.577671,1.000000,0.076074
1779542817.767748,0,1,-12.426121,1.544760,5.579658,1.000000,0.076074
1779542817.777612,0,1,-12.418281,1.538552,5.581835,1.000000,0.076074
1779542817.788025,0,1,-12.410437,1.532350,5.583823,1.000000,0.076307
1779542817.797596,0,1,-12.402572,1.526174,5.586000,1.000000,0.076307
1779542817.807850,0,1,-12.394702,1.520005,5.587987,1.000000,0.076307
1779542817.817955,0,1,-12.386811,1.513862,5.590164,1.000000,0.077180
1779542817.827677,0,1,-12.378915,1.507725,5.592151,1.000000,0.077180
1779542817.837777,0,1,-12.370998,1.501616,5.594328,1.000000,0.075370
1779542817.847711,0,1,-12.363077,1.495512,5.596316,1.000000,0.075370
1779542817.857537,0,1,-12.355135,1.489435,5.598493,1.000000,0.075370
1779542817.867510,0,1,-12.347189,1.483365,5.600480,1.000000,0.072453
1779542817.877735,0,1,-12.339222,1.477321,5.602657,1.000000,0.072453
1779542817.887805,0,1,-12.331250,1.471283,5.604644,1.000000,0.070499
1779542817.897742,0,1,-12.323258,1.465273,5.606821,1.000000,0.070499
1779542817.907567,0,1,-12.315261,1.459269,5.608809,1.000000,0.070499
1779542817.918724,0,1,-12.307244,1.453292,5.610986,1.000000,0.068492
1779542817.928301,0,1,-12.299223,1.447321,5.612973,1.000000,0.068492
1779542817.938046,0,1,-12.291181,1.441377,5.615150,1.000000,0.065471
1779542817.949482,0,1,-12.283134,1.435439,5.617137,1.000000,0.065471
1779542817.957870,0,1,-12.275067,1.429530,5.619314,1.000000,0.065471
1779542817.967940,0,1,-12.266996,1.423625,5.621301,1.000000,0.062183
1779542817.977676,0,1,-12.258905,1.417749,5.623479,1.000000,0.062183
1779542817.987704,0,1,-12.250809,1.411879,5.625466,1.000000,0.062183
1779542817.997811,0,1,-12.242694,1.406036,5.627643,1.000000,0.063712
1779542818.008009,0,1,-12.234574,1.400199,5.629630,1.000000,0.063712
1779542818.017483,0,1,-12.226434,1.394391,5.631807,1.000000,0.070194
1779542818.027652,0,1,-12.218290,1.388588,5.633794,1.000000,0.070194
1779542818.037779,0,1,-12.210126,1.382813,5.635972,1.000000,0.070194
1779542818.048741,0,1,-12.201957,1.377044,5.637959,1.000000,0.067113
1779542818.058253,0,1,-12.193769,1.371304,5.640136,1.000000,0.067113
1779542818.067735,0,1,-12.185577,1.365569,5.642123,1.000000,0.067113
1779542818.077603,0,1,-12.177365,1.359862,5.644300,1.000000,0.070798
1779542818.087841,0,1,-12.169149,1.354162,5.646287,1.000000,0.070798
1779542818.098000,0,1,-12.160914,1.348489,5.648465,1.000000,0.070798
1779542818.107749,0,1,-12.152674,1.342823,5.650452,1.000000,0.071844
1779542818.117736,0,1,-12.144415,1.337185,5.652629,1.000000,0.071844
1779542818.128231,0,1,-12.136152,1.331553,5.654616,1.000000,0.069928
1779542818.137943,0,1,-12.127869,1.325950,5.656793,1.000000,0.069928
1779542818.147935,0,1,-12.119583,1.320352,5.658780,1.000000,0.069928
1779542818.157937,0,1,-12.111277,1.314783,5.660958,1.000000,0.072382
1779542818.167536,0,1,-12.102967,1.309220,5.662945,1.000000,0.072382
1779542818.177464,0,1,-12.094638,1.303686,5.665122,1.000000,0.069759
1779542818.187719,0,1,-12.086305,1.298158,5.667109,1.000000,0.069759
1779542818.198107,0,1,-12.077953,1.292658,5.669286,1.000000,0.069759
1779542818.207610,0,1,-12.069597,1.287164,5.671273,1.000000,0.068508
1779542818.218188,0,1,-12.061223,1.281700,5.673451,1.000000,0.068508
1779542818.228040,0,1,-12.052844,1.276241,5.675438,1.000000,0.066533
1779542818.237927,0,1,-12.044447,1.270811,5.677615,1.000000,0.066533
1779542818.247783,0,1,-12.036045,1.265387,5.679602,1.000000,0.064472
1779542818.257544,0,1,-12.027625,1.259992,5.681779,1.000000,0.064472
1779542818.268084,0,1,-12.019201,1.254604,5.683766,1.000000,0.064472
1779542818.277766,0,1,-12.010759,1.249244,5.685944,1.000000,0.066754
1779542818.287832,0,1,-12.002313,1.243890,5.687931,1.000000,0.066754
1779542818.297999,0,1,-11.993848,1.238566,5.690108,1.000000,0.066754
1779542818.307830,0,1,-11.985380,1.233247,5.692095,1.000000,0.066170
1779542818.317886,0,1,-11.976893,1.227958,5.694272,1.000000,0.066170
1779542818.327639,0,1,-11.968403,1.222675,5.696259,1.000000,0.066170
1779542818.338193,0,1,-11.959894,1.217421,5.698437,1.000000,0.063185
1779542818.349572,0,1,-11.951382,1.212173,5.700424,1.000000,0.063185
1779542818.358202,0,1,-11.942851,1.206955,5.702601,1.000000,0.061078
1779542818.367720,0,1,-11.934317,1.201743,5.704588,1.000000,0.061078
1779542818.378553,0,1,-11.925765,1.196560,5.706765,1.000000,0.058919
1779542818.387870,0,1,-11.917209,1.191383,5.708752,1.000000,0.058919
1779542818.397935,0,1,-11.908635,1.186236,5.710930,1.000000,0.058919
1779542818.409007,0,1,-11.900058,1.181095,5.712917,1.000000,0.055517
1779542818.417568,0,1,-11.891463,1.175984,5.715094,1.000000,0.055517
1779542818.428076,0,1,-11.882864,1.170879,5.717081,1.000000,0.055517
1779542818.437893,0,1,-11.874248,1.165803,5.719258,1.000000,0.053237
1779542818.448081,0,1,-11.865628,1.160734,5.721245,1.000000,0.053237
1779542818.458266,0,1,-11.856991,1.155694,5.723423,1.000000,0.049786
1779542818.467846,0,1,-11.848356,1.150651,5.725287,1.000000,0.049786
1779542818.479395,0,1,-11.839730,1.145592,5.726865,1.000000,0.049786
1779542818.490262,0,1,-11.831122,1.140502,5.728030,1.000000,0.049786
1779542818.503504,0,1,-11.822512,1.135416,5.729304,1.000000,0.056260
1779542818.511892,0,1,-11.813910,1.130317,5.730356,1.000000,0.056260
1779542818.519685,0,1,-11.805286,1.125254,5.731830,1.000000,0.056260
1779542818.528980,0,1,-11.796626,1.120255,5.733815,1.000000,0.055878
1779542818.538151,0,1,-11.787950,1.115281,5.735725,1.000000,0.055878
1779542818.548229,0,1,-11.779251,1.110349,5.737870,1.000000,0.055878
1779542818.558460,0,1,-11.770544,1.105431,5.739842,1.000000,0.055878
1779542818.567803,0,1,-11.761819,1.100546,5.742011,1.000000,0.058056
1779542818.577693,0,1,-11.753088,1.095671,5.743994,1.000000,0.058056
1779542818.587642,0,1,-11.744339,1.090827,5.746169,1.000000,0.056117
1779542818.598051,0,1,-11.735587,1.085990,5.748155,1.000000,0.056117
1779542818.608031,0,1,-11.726817,1.081183,5.750332,1.000000,0.056117
1779542818.617757,0,1,-11.718045,1.076384,5.752318,1.000000,0.057259
1779542818.627896,0,1,-11.709255,1.071615,5.754495,1.000000,0.057259
1779542818.638031,0,1,-11.700462,1.066852,5.756482,1.000000,0.057259
1779542818.647885,0,1,-11.691653,1.062120,5.758659,1.000000,0.057336
1779542818.658085,0,1,-11.682840,1.057394,5.760646,1.000000,0.057336
1779542818.667820,0,1,-11.674011,1.052698,5.762824,1.000000,0.057336
1779542818.677932,0,1,-11.665178,1.048009,5.764811,1.000000,0.053313
1779542818.687917,0,1,-11.656330,1.043351,5.766988,1.000000,0.053313
1779542818.697520,0,1,-11.647484,1.038688,5.768852,1.000000,0.055112
1779542818.707479,0,1,-11.638640,1.034020,5.770553,1.000000,0.055112
1779542818.717718,0,1,-11.629789,1.029366,5.772318,1.000000,0.055112
1779542818.728744,0,1,-11.620915,1.024755,5.774413,1.000000,0.051179
1779542818.737859,0,1,-11.612035,1.020157,5.776368,1.000000,0.051179
1779542818.748150,0,1,-11.603137,1.015594,5.778532,1.000000,0.048937
1779542818.758014,0,1,-11.594245,1.011019,5.780267,1.000000,0.048937
1779542818.768093,0,1,-11.585372,1.006406,5.781489,1.000000,0.048937
1779542818.778272,0,1,-11.576500,1.001793,5.782784,1.000000,0.048908
1779542818.788619,0,1,-11.567635,0.997165,5.783844,1.000000,0.048908
1779542818.798790,0,1,-11.558763,0.992551,5.785076,1.000000,0.048908
1779542818.808104,0,1,-11.549895,0.987931,5.786110,1.000000,0.049525
1779542818.818124,0,1,-11.541016,0.983330,5.787331,1.000000,0.049525
1779542818.827886,0,1,-11.532139,0.978725,5.788359,1.000000,0.049525
1779542818.839702,0,1,-11.523252,0.974141,5.789577,1.000000,0.048520
1779542818.848305,0,1,-11.514365,0.969555,5.790604,1.000000,0.048520
1779542818.857845,0,1,-11.505468,0.964990,5.791820,1.000000,0.047357
1779542818.867857,0,1,-11.496572,0.960423,5.792847,1.000000,0.047357
1779542818.877547,0,1,-11.487664,0.955879,5.794063,1.000000,0.047357
1779542818.889911,0,1,-11.478758,0.951331,5.795089,1.000000,0.046075
1779542818.897755,0,1,-11.469840,0.946806,5.796306,1.000000,0.046075
1779542818.908394,0,1,-11.460924,0.942279,5.797332,1.000000,0.046075
1779542818.917729,0,1,-11.451996,0.937774,5.798548,1.000000,0.044846
1779542818.928167,0,1,-11.443069,0.933267,5.799574,1.000000,0.044846
1779542818.937934,0,1,-11.434132,0.928782,5.800790,1.000000,0.044846
1779542818.948139,0,1,-11.425195,0.924294,5.801816,1.000000,0.046413
1779542818.957630,0,1,-11.416247,0.919829,5.803033,1.000000,0.046413
1779542818.967499,0,1,-11.407300,0.915362,5.804059,1.000000,0.046413
1779542818.977904,0,1,-11.398343,0.910917,5.805275,1.000000,0.050416
1779542818.987694,0,1,-11.389386,0.906470,5.806301,1.000000,0.050416
1779542818.997921,0,1,-11.380418,0.902045,5.807517,1.000000,0.049637
1779542819.007489,0,1,-11.371451,0.897618,5.808543,1.000000,0.049637
1779542819.017928,0,1,-11.362474,0.893213,5.809760,1.000000,0.049637
1779542819.027744,0,1,-11.353497,0.888807,5.810786,1.000000,0.053187
1779542819.037885,0,1,-11.344510,0.884422,5.812002,1.000000,0.053187
1779542819.047913,0,1,-11.335523,0.880035,5.813028,1.000000,0.053187
1779542819.057877,0,1,-11.326526,0.875671,5.814244,1.000000,0.054806
1779542819.067989,0,1,-11.317530,0.871304,5.815270,1.000000,0.054806
1779542819.078084,0,1,-11.308512,0.866981,5.816733,1.000000,0.054806
1779542819.088170,0,1,-11.299462,0.862728,5.818711,1.000000,0.053713
1779542819.097646,0,1,-11.290398,0.858505,5.820618,1.000000,0.053713
1779542819.107850,0,1,-11.281312,0.854326,5.822761,1.000000,0.053713
1779542819.117604,0,1,-11.272221,0.850162,5.824731,1.000000,0.055543
1779542819.127977,0,1,-11.263112,0.846035,5.826900,1.000000,0.055543
1779542819.138222,0,1,-11.254000,0.841917,5.828883,1.000000,0.056649
1779542819.148178,0,1,-11.244872,0.837832,5.831058,1.000000,0.056649
1779542819.158019,0,1,-11.235741,0.833754,5.833044,1.000000,0.056649
1779542819.168114,0,1,-11.226596,0.829709,5.835220,1.000000,0.053914
1779542819.178084,0,1,-11.217448,0.825670,5.837207,1.000000,0.053914
1779542819.187761,0,1,-11.208285,0.821663,5.839384,1.000000,0.053914
1779542819.197621,0,1,-11.199120,0.817663,5.841370,1.000000,0.053295
1779542819.207972,0,1,-11.189941,0.813695,5.843548,1.000000,0.053295
1779542819.217752,0,1,-11.180764,0.809722,5.845412,1.000000,0.050457
1779542819.227747,0,1,-11.171589,0.805745,5.847113,1.000000,0.050457
1779542819.237767,0,1,-11.162418,0.801759,5.848631,1.000000,0.050457
1779542819.247990,0,1,-11.153259,0.797745,5.849774,1.000000,0.046957
1779542819.257810,0,1,-11.144097,0.793738,5.851039,1.000000,0.046957
1779542819.267747,0,1,-11.134940,0.789720,5.852086,1.000000,0.046957
1779542819.277967,0,1,-11.125776,0.785718,5.853313,1.000000,0.047739
1779542819.287937,0,1,-11.116613,0.781711,5.854344,1.000000,0.047739
1779542819.297790,0,1,-11.107442,0.777725,5.855563,1.000000,0.047739
1779542819.307758,0,1,-11.098273,0.773735,5.856591,1.000000,0.047551
1779542819.318002,0,1,-11.089093,0.769768,5.857808,1.000000,0.047551
1779542819.328191,0,1,-11.079915,0.765798,5.858835,1.000000,0.046695
1779542819.337936,0,1,-11.070727,0.761850,5.860052,1.000000,0.046695
1779542819.347928,0,1,-11.061540,0.757900,5.861078,1.000000,0.045838
1779542819.358186,0,1,-11.052344,0.753973,5.862294,1.000000,0.045838
1779542819.367832,0,1,-11.043148,0.750044,5.863320,1.000000,0.045838
1779542819.378168,0,1,-11.033943,0.746137,5.864537,1.000000,0.044963
1779542819.387845,0,1,-11.024738,0.742228,5.865563,1.000000,0.044963
1779542819.398160,0,1,-11.015524,0.738343,5.866779,1.000000,0.043677
1779542819.408353,0,1,-11.006311,0.734454,5.867805,1.000000,0.043677
1779542819.417975,0,1,-10.997088,0.730589,5.869021,1.000000,0.043677
1779542819.427929,0,1,-10.987867,0.726722,5.870047,1.000000,0.042738
1779542819.438264,0,1,-10.978635,0.722877,5.871264,1.000000,0.042738
1779542819.448043,0,1,-10.969405,0.719030,5.872290,1.000000,0.044121
1779542819.458145,0,1,-10.960165,0.715206,5.873506,1.000000,0.044121
1779542819.468046,0,1,-10.950926,0.711380,5.874532,1.000000,0.044121
1779542819.477960,0,1,-10.941677,0.707577,5.875748,1.000000,0.047812
1779542819.487855,0,1,-10.932429,0.703772,5.876774,1.000000,0.047812
1779542819.498004,0,1,-10.923172,0.699989,5.877991,1.000000,0.047812
1779542819.508096,0,1,-10.913916,0.696205,5.879017,1.000000,0.047843
1779542819.517689,0,1,-10.904651,0.692443,5.880233,1.000000,0.047843
1779542819.528029,0,1,-10.895386,0.688679,5.881259,1.000000,0.047843
1779542819.537893,0,1,-10.886112,0.684938,5.882475,1.000000,0.046631
1779542819.548738,0,1,-10.876839,0.681195,5.883501,1.000000,0.046631
1779542819.558197,0,1,-10.867557,0.677475,5.884718,1.000000,0.046631
1779542819.567803,0,1,-10.858275,0.673753,5.885744,1.000000,0.050155
1779542819.577871,0,1,-10.848985,0.670053,5.886960,1.000000,0.050155
1779542819.588006,0,1,-10.839695,0.666352,5.887986,1.000000,0.049376
1779542819.598358,0,1,-10.830396,0.662674,5.889202,1.000000,0.049376
1779542819.608009,0,1,-10.821098,0.658993,5.890228,1.000000,0.049376
1779542819.617977,0,1,-10.811791,0.655335,5.891445,1.000000,0.050483
1779542819.628033,0,1,-10.802485,0.651676,5.892471,1.000000,0.050483
1779542819.637990,0,1,-10.793170,0.648039,5.893687,1.000000,0.049711
1779542819.648186,0,1,-10.783855,0.644400,5.894713,1.000000,0.049711
1779542819.657924,0,1,-10.774532,0.640784,5.895929,1.000000,0.049711
1779542819.667620,0,1,-10.765209,0.637166,5.896955,1.000000,0.050819
1779542819.677853,0,1,-10.755878,0.633571,5.898172,1.000000,0.050819
1779542819.687822,0,1,-10.746547,0.629974,5.899198,1.000000,0.050050
1779542819.698193,0,1,-10.737207,0.626400,5.900414,1.000000,0.050050
1779542819.707803,0,1,-10.727869,0.622824,5.901440,1.000000,0.050050
1779542819.717897,0,1,-10.718521,0.619271,5.902656,1.000000,0.051910
1779542819.727940,0,1,-10.709175,0.615716,5.903682,1.000000,0.051910
1779542819.737811,0,1,-10.699819,0.612184,5.904899,1.000000,0.051169
1779542819.748108,0,1,-10.690464,0.608650,5.905925,1.000000,0.051169
1779542819.757869,0,1,-10.681101,0.605139,5.907141,1.000000,0.051760
1779542819.767839,0,1,-10.671739,0.601626,5.908167,1.000000,0.051760
1779542819.777726,0,1,-10.662367,0.598136,5.909383,1.000000,0.051760
1779542819.787975,0,1,-10.652997,0.594643,5.910409,1.000000,0.050520
1779542819.797612,0,1,-10.643618,0.591174,5.911626,1.000000,0.050520
1779542819.808469,0,1,-10.634240,0.587703,5.912652,1.000000,0.050520
1779542819.818029,0,1,-10.624853,0.584255,5.913868,1.000000,0.051956
1779542819.828117,0,1,-10.615467,0.580805,5.914894,1.000000,0.051956
1779542819.837761,0,1,-10.606073,0.577378,5.916110,1.000000,0.050855
1779542819.847708,0,1,-10.596679,0.573949,5.917136,1.000000,0.050855
1779542819.858049,0,1,-10.587277,0.570543,5.918353,1.000000,0.050061
1779542819.869552,0,1,-10.577875,0.567135,5.919379,1.000000,0.050061
1779542819.877721,0,1,-10.568466,0.563750,5.920595,1.000000,0.050061
1779542819.888139,0,1,-10.559057,0.560363,5.921621,1.000000,0.048701
1779542819.898043,0,1,-10.549639,0.557000,5.922837,1.000000,0.048701
1779542819.908020,0,1,-10.540223,0.553634,5.923863,1.000000,0.047822
1779542819.917695,0,1,-10.530798,0.550291,5.925080,1.000000,0.047822
1779542819.927572,0,1,-10.521374,0.546947,5.926106,1.000000,0.047822
1779542819.938338,0,1,-10.511942,0.543625,5.927322,1.000000,0.048342
1779542819.947415,0,1,-10.502510,0.540302,5.928348,1.000000,0.048342
1779542819.958022,0,1,-10.493070,0.537002,5.929564,1.000000,0.048342
1779542819.967849,0,1,-10.483631,0.533699,5.930590,1.000000,0.051868
1779542819.977760,0,1,-10.474184,0.530420,5.931807,1.000000,0.051868
1779542819.988064,0,1,-10.464738,0.527139,5.932833,1.000000,0.051117
1779542819.997608,0,1,-10.455284,0.523881,5.934049,1.000000,0.051117
1779542820.008008,0,1,-10.445830,0.520621,5.935075,1.000000,0.051117
1779542820.018025,0,1,-10.436368,0.517384,5.936291,1.000000,0.051853
1779542820.027878,0,1,-10.426907,0.514145,5.937317,1.000000,0.051853
1779542820.038227,0,1,-10.417438,0.510930,5.938534,1.000000,0.051853
1779542820.047662,0,1,-10.407970,0.507712,5.939560,1.000000,0.050581
1779542820.058103,0,1,-10.398494,0.504518,5.940776,1.000000,0.050581
1779542820.068021,0,1,-10.389019,0.501322,5.941802,1.000000,0.051804
1779542820.078417,0,1,-10.379535,0.498149,5.943018,1.000000,0.051804
1779542820.087544,0,1,-10.370053,0.494974,5.944044,1.000000,0.051804
1779542820.097636,0,1,-10.360562,0.491822,5.945261,1.000000,0.053244
1779542820.107625,0,1,-10.351073,0.488668,5.946287,1.000000,0.053244
1779542820.117643,0,1,-10.341572,0.485549,5.947626,1.000000,0.052075
1779542820.127782,0,1,-10.332059,0.482466,5.949128,1.000000,0.052075
1779542820.138255,0,1,-10.322541,0.479398,5.950567,1.000000,0.052075
1779542820.147474,0,1,-10.313028,0.476316,5.951675,1.000000,0.051279
1779542820.157891,0,1,-10.303510,0.473248,5.952923,1.000000,0.051279
1779542820.167513,0,1,-10.293994,0.470174,5.953962,1.000000,0.051430
1779542820.178005,0,1,-10.284472,0.467121,5.955184,1.000000,0.051430
1779542820.188702,0,1,-10.274950,0.464064,5.956213,1.000000,0.051430
1779542820.197802,0,1,-10.265422,0.461030,5.957431,1.000000,0.052006
1779542820.207633,0,1,-10.255894,0.457992,5.958458,1.000000,0.052006
1779542820.217879,0,1,-10.246359,0.454978,5.959675,1.000000,0.050774
1779542820.227828,0,1,-10.236825,0.451962,5.960701,1.000000,0.050774
1779542820.237744,0,1,-10.227284,0.448969,5.961918,1.000000,0.050774
1779542820.247681,0,1,-10.217743,0.445974,5.962944,1.000000,0.049397
1779542820.257932,0,1,-10.208195,0.443002,5.964160,1.000000,0.049397
1779542820.267715,0,1,-10.198647,0.440028,5.965186,1.000000,0.050225
1779542820.277746,0,1,-10.189092,0.437078,5.966402,1.000000,0.050225
1779542820.287747,0,1,-10.179538,0.434125,5.967429,1.000000,0.050225
1779542820.297769,0,1,-10.169976,0.431196,5.968645,1.000000,0.051404
1779542820.307471,0,1,-10.160416,0.428265,5.969671,1.000000,0.051404
1779542820.317563,0,1,-10.150848,0.425358,5.970887,1.000000,0.050177
1779542820.328222,0,1,-10.141280,0.422448,5.971913,1.000000,0.050177
1779542820.338117,0,1,-10.131706,0.419562,5.973129,1.000000,0.050177
1779542820.347947,0,1,-10.122132,0.416674,5.974156,1.000000,0.049349
1779542820.358467,0,1,-10.112551,0.413810,5.975372,1.000000,0.049349
1779542820.367693,0,1,-10.102971,0.410943,5.976398,1.000000,0.047937
1779542820.377719,0,1,-10.093383,0.408100,5.977614,1.000000,0.047937
1779542820.387533,0,1,-10.083797,0.405255,5.978640,1.000000,0.047937
1779542820.398005,0,1,-10.074203,0.402433,5.979856,1.000000,0.046617
1779542820.407795,0,1,-10.064610,0.399609,5.980883,1.000000,0.046617
1779542820.418151,0,1,-10.055010,0.396809,5.982099,1.000000,0.046617
1779542820.427688,0,1,-10.045411,0.394007,5.983125,1.000000,0.045686
1779542820.438651,0,1,-10.035804,0.391229,5.984341,1.000000,0.045686
1779542820.448049,0,1,-10.026199,0.388448,5.985367,1.000000,0.045686
1779542820.457865,0,1,-10.016586,0.385691,5.986583,1.000000,0.048827
1779542820.468188,0,1,-10.006975,0.382932,5.987610,1.000000,0.048827
1779542820.477942,0,1,-9.997356,0.380197,5.988826,1.000000,0.047607
1779542820.487695,0,1,-9.987738,0.377459,5.989852,1.000000,0.047607
1779542820.497752,0,1,-9.978113,0.374745,5.991068,1.000000,0.047607
1779542820.507601,0,1,-9.968489,0.372029,5.992094,1.000000,0.048949
1779542820.517516,0,1,-9.958858,0.369337,5.993310,1.000000,0.048949
1779542820.527868,0,1,-9.949228,0.366643,5.994337,1.000000,0.048122
1779542820.537910,0,1,-9.939591,0.363972,5.995553,1.000000,0.048122
1779542820.548280,0,1,-9.929955,0.361299,5.996579,1.000000,0.049156
1779542820.557817,0,1,-9.920312,0.358650,5.997795,1.000000,0.049156
1779542820.568042,0,1,-9.910670,0.355999,5.998821,1.000000,0.049156
1779542820.578288,0,1,-9.901022,0.353372,6.000037,1.000000,0.047550
1779542820.588150,0,1,-9.891374,0.350742,6.001064,1.000000,0.047550
1779542820.598196,0,1,-9.881719,0.348137,6.002280,1.000000,0.048731
1779542820.607862,0,1,-9.872065,0.345529,6.003306,1.000000,0.048731
1779542820.618044,0,1,-9.862405,0.342945,6.004522,1.000000,0.048731
1779542820.627913,0,1,-9.852745,0.340358,6.005548,1.000000,0.046944
1779542820.637699,0,1,-9.843079,0.337796,6.006764,1.000000,0.046944
1779542820.647822,0,1,-9.833413,0.335231,6.007791,1.000000,0.047970
1779542820.658039,0,1,-9.823741,0.332691,6.009007,1.000000,0.047970
1779542820.667851,0,1,-9.814070,0.330148,6.010033,1.000000,0.047970
1779542820.677783,0,1,-9.804393,0.327629,6.011249,1.000000,0.046331
1779542820.687787,0,1,-9.794716,0.325107,6.012275,1.000000,0.046331
1779542820.698142,0,1,-9.785033,0.322610,6.013491,1.000000,0.046331
1779542820.708124,0,1,-9.775350,0.320111,6.014518,1.000000,0.046503
1779542820.717486,0,1,-9.765661,0.317635,6.015734,1.000000,0.046503
1779542820.728231,0,1,-9.755973,0.315157,6.016760,1.000000,0.045614
1779542820.737908,0,1,-9.746279,0.312703,6.017976,1.000000,0.045614
1779542820.747994,0,1,-9.736585,0.310247,6.019002,1.000000,0.046681
1779542820.757981,0,1,-9.726885,0.307815,6.020218,1.000000,0.046681
1779542820.768356,0,1,-9.717186,0.305381,6.021245,1.000000,0.046681
1779542820.777946,0,1,-9.707481,0.302971,6.022461,1.000000,0.045418
1779542820.787890,0,1,-9.697776,0.300558,6.023487,1.000000,0.045418
1779542820.798157,0,1,-9.688066,0.298169,6.024703,1.000000,0.045418
1779542820.807890,0,1,-9.678356,0.295779,6.025729,1.000000,0.044980
1779542820.818305,0,1,-9.668640,0.293412,6.026945,1.000000,0.044980
1779542820.827814,0,1,-9.658925,0.291043,6.027972,1.000000,0.044086
1779542820.838132,0,1,-9.649204,0.288698,6.029188,1.000000,0.044086
1779542820.847669,0,1,-9.639483,0.286351,6.030214,1.000000,0.043087
1779542820.857500,0,1,-9.629757,0.284027,6.031430,1.000000,0.043087
1779542820.867788,0,1,-9.620031,0.281702,6.032456,1.000000,0.043087
1779542820.877760,0,1,-9.610299,0.279401,6.033672,1.000000,0.042106
1779542820.888453,0,1,-9.600568,0.277097,6.034698,1.000000,0.042106
1779542820.897542,0,1,-9.590831,0.274817,6.035915,1.000000,0.040616
1779542820.907731,0,1,-9.581095,0.272536,6.036941,1.000000,0.040616
1779542820.918010,0,1,-9.571353,0.270278,6.038157,1.000000,0.039542
1779542820.927630,0,1,-9.561612,0.268018,6.039183,1.000000,0.039542
1779542820.937903,0,1,-9.551865,0.265782,6.040399,1.000000,0.039542
1779542820.947420,0,1,-9.542119,0.263544,6.041425,1.000000,0.037812
1779542820.958039,0,1,-9.532367,0.261330,6.042642,1.000000,0.037812
1779542820.967818,0,1,-9.522616,0.259114,6.043668,1.000000,0.037812
1779542820.977953,0,1,-9.512859,0.256922,6.044884,1.000000,0.037799
1779542820.988234,0,1,-9.503103,0.254727,6.045910,1.000000,0.037799
1779542820.997969,0,1,-9.493341,0.252557,6.047126,1.000000,0.037799
1779542821.007906,0,1,-9.483580,0.250384,6.048152,1.000000,0.041561
1779542821.018091,0,1,-9.473814,0.248236,6.049369,1.000000,0.041561
1779542821.028227,0,1,-9.464048,0.246085,6.050395,1.000000,0.041561
1779542821.037972,0,1,-9.454276,0.243959,6.051611,1.000000,0.040561
1779542821.048118,0,1,-9.444505,0.241830,6.052637,1.000000,0.040561
1779542821.057569,0,1,-9.434729,0.239726,6.053853,1.000000,0.040639
1779542821.068168,0,1,-9.424954,0.237619,6.054879,1.000000,0.040639
1779542821.077971,0,1,-9.415173,0.235536,6.056096,1.000000,0.040639
1779542821.087861,0,1,-9.405393,0.233451,6.057122,1.000000,0.039014
1779542821.098121,0,1,-9.395608,0.231391,6.058338,1.000000,0.039014
1779542821.107723,0,1,-9.385823,0.229328,6.059364,1.000000,0.039014
1779542821.117845,0,1,-9.376033,0.227289,6.060580,1.000000,0.039494
1779542821.127968,0,1,-9.366243,0.225248,6.061606,1.000000,0.039494
1779542821.137653,0,1,-9.356449,0.223231,6.062823,1.000000,0.040238
1779542821.147909,0,1,-9.346655,0.221212,6.063849,1.000000,0.040238
1779542821.157964,0,1,-9.336856,0.219218,6.065065,1.000000,0.038565
1779542821.167940,0,1,-9.327057,0.217221,6.066091,1.000000,0.038565
1779542821.178188,0,1,-9.317254,0.215248,6.067307,1.000000,0.038565
1779542821.188147,0,1,-9.307451,0.213273,6.068333,1.000000,0.038565
1779542821.198154,0,1,-9.297643,0.211322,6.069550,1.000000,0.039006
1779542821.207818,0,1,-9.287835,0.209369,6.070576,1.000000,0.039006
1779542821.217790,0,1,-9.278023,0.207440,6.071792,1.000000,0.036841
1779542821.227648,0,1,-9.268211,0.205509,6.072818,1.000000,0.036841
1779542821.238163,0,1,-9.258395,0.203602,6.074034,1.000000,0.036841
1779542821.247514,0,1,-9.248579,0.201693,6.075060,1.000000,0.037091
1779542821.257795,0,1,-9.238758,0.199808,6.076277,1.000000,0.037091
1779542821.267799,0,1,-9.228938,0.197921,6.077303,1.000000,0.035681
1779542821.277902,0,1,-9.219113,0.196058,6.078519,1.000000,0.035681
1779542821.288228,0,1,-9.209288,0.194193,6.079545,1.000000,0.034553
1779542821.298292,0,1,-9.199459,0.192352,6.080761,1.000000,0.034553
1779542821.308131,0,1,-9.189630,0.190509,6.081787,1.000000,0.034553
1779542821.318180,0,1,-9.179797,0.188691,6.083004,1.000000,0.034598
1779542821.327646,0,1,-9.169964,0.186870,6.084030,1.000000,0.034598
1779542821.338468,0,1,-9.160127,0.185073,6.085246,1.000000,0.034598
1779542821.347817,0,1,-9.150290,0.183274,6.086272,1.000000,0.032802
1779542821.357912,0,1,-9.140449,0.181500,6.087488,1.000000,0.032802
1779542821.368022,0,1,-9.130608,0.179723,6.088514,1.000000,0.031622
1779542821.378131,0,1,-9.120763,0.177970,6.089731,1.000000,0.031622
1779542821.387743,0,1,-9.110918,0.176215,6.090757,1.000000,0.031622
1779542821.397900,0,1,-9.101069,0.174485,6.091973,1.000000,0.030406
1779542821.408249,0,1,-9.091220,0.172752,6.092999,1.000000,0.030406
1779542821.417862,0,1,-9.081367,0.171044,6.094215,1.000000,0.030406
1779542821.428288,0,1,-9.071515,0.169333,6.095241,1.000000,0.029297
1779542821.437977,0,1,-9.061658,0.167647,6.096458,1.000000,0.029297
1779542821.447931,0,1,-9.051801,0.165958,6.097484,1.000000,0.029297
1779542821.457930,0,1,-9.041941,0.164294,6.098700,1.000000,0.029297
1779542821.467939,0,1,-9.032081,0.162628,6.099726,1.000000,0.031193
1779542821.477780,0,1,-9.022216,0.160986,6.100942,1.000000,0.031193
1779542821.488366,0,1,-9.012352,0.159342,6.101968,1.000000,0.029312
1779542821.498064,0,1,-9.002485,0.157722,6.103185,1.000000,0.029312
1779542821.507958,0,1,-8.992617,0.156099,6.104211,1.000000,0.029312
1779542821.517942,0,1,-8.982745,0.154502,6.105427,1.000000,0.029084
1779542821.527670,0,1,-8.972874,0.152902,6.106453,1.000000,0.029084
1779542821.537668,0,1,-8.962999,0.151326,6.107669,1.000000,0.029084
1779542821.547917,0,1,-8.953125,0.149748,6.108695,1.000000,0.029075
1779542821.557834,0,1,-8.943246,0.148195,6.109912,1.000000,0.029075
1779542821.568709,0,1,-8.933368,0.146639,6.110938,1.000000,0.027540
1779542821.577993,0,1,-8.923486,0.145108,6.112154,1.000000,0.027540
1779542821.588078,0,1,-8.913604,0.143574,6.113180,1.000000,0.027540
1779542821.597934,0,1,-8.903718,0.142065,6.114396,1.000000,0.027544
1779542821.607611,0,1,-8.893833,0.140553,6.115422,1.000000,0.027544
1779542821.617711,0,1,-8.883945,0.139066,6.116639,1.000000,0.025983
1779542821.627901,0,1,-8.874056,0.137577,6.117665,1.000000,0.025983
1779542821.638252,0,1,-8.864164,0.136112,6.118881,1.000000,0.025983
1779542821.647445,0,1,-8.854272,0.134645,6.119907,1.000000,0.025938
1779542821.658097,0,1,-8.844377,0.133202,6.121123,1.000000,0.025938
1779542821.667551,0,1,-8.834482,0.131758,6.122149,1.000000,0.025938
1779542821.678007,0,1,-8.824583,0.130337,6.123366,1.000000,0.023769
1779542821.688647,0,1,-8.814685,0.128914,6.124392,1.000000,0.023769
1779542821.697782,0,1,-8.804783,0.127516,6.125608,1.000000,0.023769
1779542821.707952,0,1,-8.794882,0.126116,6.126634,1.000000,0.023430
1779542821.717863,0,1,-8.784977,0.124740,6.127850,1.000000,0.023430
1779542821.728343,0,1,-8.775072,0.123361,6.128876,1.000000,0.022084
1779542821.738286,0,1,-8.765164,0.122007,6.130093,1.000000,0.022084
1779542821.747761,0,1,-8.755257,0.120651,6.131119,1.000000,0.022084
1779542821.758021,0,1,-8.745346,0.119320,6.132335,1.000000,0.021772
1779542821.768245,0,1,-8.735435,0.117986,6.133361,1.000000,0.021772
1779542821.778120,0,1,-8.725521,0.116676,6.134577,1.000000,0.020398
1779542821.788016,0,1,-8.715608,0.115365,6.135603,1.000000,0.020398
1779542821.798211,0,1,-8.705691,0.114078,6.136820,1.000000,0.020398
1779542821.807688,0,1,-8.695777,0.112765,6.137600,1.000000,0.020029
1779542821.817786,0,1,-8.685871,0.111397,6.137863,1.000000,0.020029
1779542821.828239,0,1,-8.675967,0.110020,6.138199,1.000000,0.020029
1779542821.838005,0,1,-8.666066,0.108615,6.138299,1.000000,0.017986
1779542821.848393,0,1,-8.656164,0.107217,6.138570,1.000000,0.017986
1779542821.858039,0,1,-8.646265,0.105802,6.138644,1.000000,0.017986
1779542821.867824,0,1,-8.636364,0.104398,6.138903,1.000000,0.016749
1779542821.877928,0,1,-8.626465,0.102981,6.138971,1.000000,0.016749
1779542821.887790,0,1,-8.616564,0.101578,6.139228,1.000000,0.016732
1779542821.897711,0,1,-8.606664,0.100162,6.139293,1.000000,0.016732
1779542821.908297,0,1,-8.596763,0.098761,6.139549,1.000000,0.016847
1779542821.917933,0,1,-8.586863,0.097348,6.139615,1.000000,0.016847
1779542821.927824,0,1,-8.576962,0.095950,6.139870,1.000000,0.016847
1779542821.937895,0,1,-8.567061,0.094540,6.139935,1.000000,0.018453
1779542821.947558,0,1,-8.557159,0.093145,6.140190,1.000000,0.018453
1779542821.957961,0,1,-8.547259,0.091738,6.140256,1.000000,0.018453
1779542821.967669,0,1,-8.537356,0.090346,6.140511,1.000000,0.021353
1779542821.977887,0,1,-8.527455,0.088942,6.140576,1.000000,0.021353
1779542821.987984,0,1,-8.517550,0.087565,6.140954,1.000000,0.021353
1779542821.997835,0,1,-8.507642,0.086215,6.141495,1.000000,0.024009
1779542822.007953,0,1,-8.497731,0.084884,6.142096,1.000000,0.024009
1779542822.017895,0,1,-8.487816,0.083579,6.142842,1.000000,0.024009
1779542822.028287,0,1,-8.477895,0.082325,6.143951,1.000000,0.024219
1779542822.037866,0,1,-8.467973,0.081083,6.144933,1.000000,0.024219
1779542822.047944,0,1,-8.458046,0.079875,6.146130,1.000000,0.024219
1779542822.057534,0,1,-8.448119,0.078670,6.147146,1.000000,0.025571
1779542822.068024,0,1,-8.438189,0.077492,6.148358,1.000000,0.025571
1779542822.078300,0,1,-8.428258,0.076314,6.149381,1.000000,0.024126
1779542822.087652,0,1,-8.418325,0.075162,6.150596,1.000000,0.024126
1779542822.098189,0,1,-8.408391,0.074009,6.151621,1.000000,0.024583
1779542822.107765,0,1,-8.398455,0.072880,6.152837,1.000000,0.024583
1779542822.117755,0,1,-8.388520,0.071749,6.153863,1.000000,0.024583
1779542822.128922,0,1,-8.378581,0.070643,6.155079,1.000000,0.022408
1779542822.137969,0,1,-8.368643,0.069535,6.156105,1.000000,0.022408
1779542822.147658,0,1,-8.358701,0.068451,6.157321,1.000000,0.022408
1779542822.158013,0,1,-8.348761,0.067365,6.158347,1.000000,0.021753
1779542822.167579,0,1,-8.338817,0.066304,6.159563,1.000000,0.021753
1779542822.177908,0,1,-8.328874,0.065240,6.160589,1.000000,0.021753
1779542822.187749,0,1,-8.318928,0.064201,6.161806,1.000000,0.021826
1779542822.197505,0,1,-8.308982,0.063160,6.162832,1.000000,0.021826
1779542822.207654,0,1,-8.299034,0.062143,6.164048,1.000000,0.021826
1779542822.218335,0,1,-8.289086,0.061124,6.165074,1.000000,0.019157
1779542822.227849,0,1,-8.279136,0.060130,6.166290,1.000000,0.019157
1779542822.237882,0,1,-8.269188,0.059110,6.167070,1.000000,0.017730
1779542822.247803,0,1,-8.259246,0.058035,6.167334,1.000000,0.017730
1779542822.258014,0,1,-8.249305,0.056950,6.167669,1.000000,0.017730
1779542822.267596,0,1,-8.239367,0.055838,6.167769,1.000000,0.017249
1779542822.278363,0,1,-8.229428,0.054732,6.168041,1.000000,0.017249
1779542822.287797,0,1,-8.219492,0.053609,6.168114,1.000000,0.017249
1779542822.297740,0,1,-8.209553,0.052498,6.168374,1.000000,0.015931
1779542822.307583,0,1,-8.199617,0.051373,6.168442,1.000000,0.015931
1779542822.318263,0,1,-8.189679,0.050262,6.168698,1.000000,0.015931
1779542822.327682,0,1,-8.179742,0.049139,6.168764,1.000000,0.017460
1779542822.337606,0,1,-8.169804,0.048030,6.169020,1.000000,0.017460
1779542822.349270,0,1,-8.159867,0.046909,6.169085,1.000000,0.017577
1779542822.358016,0,1,-8.149928,0.045804,6.169341,1.000000,0.017577
1779542822.367860,0,1,-8.139991,0.044686,6.169406,1.000000,0.017717
1779542822.378474,0,1,-8.130052,0.043583,6.169661,1.000000,0.017717
1779542822.389211,0,1,-8.120114,0.042468,6.169726,1.000000,0.017717
1779542822.397986,0,1,-8.110175,0.041369,6.169981,1.000000,0.017997
1779542822.407693,0,1,-8.100237,0.040257,6.170047,1.000000,0.017997
1779542822.418775,0,1,-8.090297,0.039160,6.170302,1.000000,0.018125
1779542822.427742,0,1,-8.080359,0.038052,6.170367,1.000000,0.018125
1779542822.437771,0,1,-8.070419,0.036959,6.170622,1.000000,0.018125
1779542822.447877,0,1,-8.060480,0.035854,6.170687,1.000000,0.019494
1779542822.458145,0,1,-8.050540,0.034763,6.170942,1.000000,0.019494
1779542822.467884,0,1,-8.040600,0.033661,6.171008,1.000000,0.019494
1779542822.477762,0,1,-8.030660,0.032574,6.171263,1.000000,0.021927
1779542822.487633,0,1,-8.020720,0.031476,6.171328,1.000000,0.021927
1779542822.497917,0,1,-8.010777,0.030416,6.171829,1.000000,0.021927
1779542822.507759,0,1,-8.000826,0.029423,6.172847,1.000000,0.024017
1779542822.517734,0,1,-7.990873,0.028453,6.173793,1.000000,0.024017
1779542822.527754,0,1,-7.980917,0.027522,6.174974,1.000000,0.024017
1779542822.537450,0,1,-7.970959,0.026599,6.175984,1.000000,0.024017
1779542822.547597,0,1,-7.960999,0.025705,6.177192,1.000000,0.025517
1779542822.557966,0,1,-7.951039,0.024812,6.178213,1.000000,0.025517
1779542822.568021,0,1,-7.941077,0.023946,6.179427,1.000000,0.024239
1779542822.577940,0,1,-7.931115,0.023079,6.180452,1.000000,0.024239
1779542822.587986,0,1,-7.921150,0.022236,6.181667,1.000000,0.024239
1779542822.598029,0,1,-7.911186,0.021392,6.182693,1.000000,0.023718
1779542822.607484,0,1,-7.901219,0.020573,6.183909,1.000000,0.023718
1779542822.618089,0,1,-7.891253,0.019752,6.184935,1.000000,0.022140
1779542822.628348,0,1,-7.881285,0.018955,6.186151,1.000000,0.022140
1779542822.638263,0,1,-7.871317,0.018156,6.187177,1.000000,0.022140
1779542822.647992,0,1,-7.861347,0.017382,6.188393,1.000000,0.021670
1779542822.658252,0,1,-7.851377,0.016605,6.189419,1.000000,0.021670
1779542822.668001,0,1,-7.841406,0.015853,6.190636,1.000000,0.021670
1779542822.677962,0,1,-7.831434,0.015099,6.191662,1.000000,0.019263
1779542822.688146,0,1,-7.821461,0.014370,6.192878,1.000000,0.019263
1779542822.697962,0,1,-7.811489,0.013614,6.193658,1.000000,0.019263
1779542822.707874,0,1,-7.801522,0.012804,6.193922,1.000000,0.018581
1779542822.717645,0,1,-7.791556,0.011984,6.194257,1.000000,0.018581
1779542822.727764,0,1,-7.781592,0.011136,6.194357,1.000000,0.017123
1779542822.737748,0,1,-7.771627,0.010295,6.194629,1.000000,0.017123
1779542822.747755,0,1,-7.761664,0.009437,6.194702,1.000000,0.017123
1779542822.757697,0,1,-7.751700,0.008590,6.194962,1.000000,0.017227
1779542822.768700,0,1,-7.741737,0.007730,6.195029,1.000000,0.017227
1779542822.777833,0,1,-7.731773,0.006884,6.195286,1.000000,0.017227
1779542822.788000,0,1,-7.721810,0.006025,6.195352,1.000000,0.017233
1779542822.798329,0,1,-7.711846,0.005181,6.195607,1.000000,0.017233
1779542822.807883,0,1,-7.701882,0.004324,6.195673,1.000000,0.017233
1779542822.819259,0,1,-7.691918,0.003483,6.195928,1.000000,0.018580
1779542822.828135,0,1,-7.681954,0.002630,6.195993,1.000000,0.018580
1779542822.838538,0,1,-7.671990,0.001792,6.196249,1.000000,0.018580
1779542822.847946,0,1,-7.662026,0.000942,6.196314,1.000000,0.018580
1779542822.858284,0,1,-7.652061,0.000106,6.196569,1.000000,0.018723
1779542822.867921,0,1,-7.642097,-0.000740,6.196634,1.000000,0.018723
1779542822.878955,0,1,-7.632131,-0.001572,6.196889,1.000000,0.019010
1779542822.888036,0,1,-7.622167,-0.002416,6.196954,1.000000,0.019010
1779542822.898217,0,1,-7.612201,-0.003245,6.197210,1.000000,0.019010
1779542822.908011,0,1,-7.602237,-0.004085,6.197275,1.000000,0.019010
1779542822.917850,0,1,-7.592271,-0.004911,6.197530,1.000000,0.019143
1779542822.928716,0,1,-7.582306,-0.005748,6.197595,1.000000,0.019143
1779542822.937893,0,1,-7.572340,-0.006571,6.197850,1.000000,0.019143
1779542822.948300,0,1,-7.562375,-0.007405,6.197916,1.000000,0.019405
1779542822.957886,0,1,-7.552408,-0.008224,6.198171,1.000000,0.019405
1779542822.968603,0,1,-7.542443,-0.009055,6.198236,1.000000,0.019526
1779542822.977862,0,1,-7.532476,-0.009871,6.198491,1.000000,0.019526
1779542822.987717,0,1,-7.522511,-0.010699,6.198556,1.000000,0.019526
1779542822.998263,0,1,-7.512544,-0.011512,6.198811,1.000000,0.019526
1779542823.007585,0,1,-7.502578,-0.012336,6.198877,1.000000,0.020867
1779542823.018030,0,1,-7.492611,-0.013146,6.199132,1.000000,0.020867
1779542823.027960,0,1,-7.482644,-0.013967,6.199197,1.000000,0.020867
1779542823.037812,0,1,-7.472677,-0.014774,6.199452,1.000000,0.024038
1779542823.048177,0,1,-7.462711,-0.015592,6.199517,1.000000,0.024038
1779542823.058085,0,1,-7.452741,-0.016371,6.200018,1.000000,0.024038
1779542823.068081,0,1,-7.442766,-0.017083,6.201036,1.000000,0.024038
1779542823.077704,0,1,-7.432790,-0.017772,6.201982,1.000000,0.025563
1779542823.088242,0,1,-7.422811,-0.018421,6.203163,1.000000,0.025563
1779542823.097803,0,1,-7.412832,-0.019064,6.204173,1.000000,0.025563
1779542823.108299,0,1,-7.402851,-0.019676,6.205381,1.000000,0.025871
1779542823.118141,0,1,-7.392869,-0.020288,6.206403,1.000000,0.025871
1779542823.128000,0,1,-7.382887,-0.020873,6.207617,1.000000,0.025871
1779542823.137964,0,1,-7.372904,-0.021460,6.208641,1.000000,0.025871
1779542823.148484,0,1,-7.362920,-0.022021,6.209857,1.000000,0.024504
1779542823.157986,0,1,-7.352935,-0.022584,6.210882,1.000000,0.024504
1779542823.168884,0,1,-7.342950,-0.023122,6.212098,1.000000,0.024504
1779542823.179276,0,1,-7.332965,-0.023662,6.213124,1.000000,0.024504
1779542823.187899,0,1,-7.322978,-0.024177,6.214340,1.000000,0.022846
1779542823.198145,0,1,-7.312991,-0.024695,6.215366,1.000000,0.022846
1779542823.207654,0,1,-7.303003,-0.025188,6.216583,1.000000,0.022846
1779542823.218093,0,1,-7.293016,-0.025683,6.217609,1.000000,0.022846
1779542823.229163,0,1,-7.283027,-0.026154,6.218825,1.000000,0.021129
1779542823.238218,0,1,-7.273038,-0.026626,6.219851,1.000000,0.021129
1779542823.247761,0,1,-7.263048,-0.027075,6.221067,1.000000,0.021129
1779542823.257957,0,1,-7.253059,-0.027549,6.221847,1.000000,0.021129
1779542823.267730,0,1,-7.243073,-0.028078,6.222111,1.000000,0.019486
1779542823.277837,0,1,-7.233088,-0.028617,6.222446,1.000000,0.019486
1779542823.287671,0,1,-7.223104,-0.029183,6.222546,1.000000,0.019486
1779542823.298428,0,1,-7.213120,-0.029743,6.222818,1.000000,0.019486
1779542823.307940,0,1,-7.203136,-0.030320,6.222891,1.000000,0.018071
1779542823.317839,0,1,-7.193152,-0.030886,6.223151,1.000000,0.018071
1779542823.327893,0,1,-7.183169,-0.031465,6.223218,1.000000,0.018071
1779542823.338047,0,1,-7.173185,-0.032030,6.223475,1.000000,0.018036
1779542823.348335,0,1,-7.163202,-0.032608,6.223541,1.000000,0.018036
1779542823.357760,0,1,-7.153218,-0.033170,6.223797,1.000000,0.018036
1779542823.368368,0,1,-7.143234,-0.033745,6.223862,1.000000,0.018036
1779542823.378393,0,1,-7.133250,-0.034306,6.224117,1.000000,0.018110
1779542823.388312,0,1,-7.123266,-0.034878,6.224183,1.000000,0.018110
1779542823.398142,0,1,-7.113282,-0.035435,6.224438,1.000000,0.018110
1779542823.407988,0,1,-7.103298,-0.036004,6.224503,1.000000,0.018335
1779542823.418323,0,1,-7.093313,-0.036557,6.224758,1.000000,0.018335
1779542823.427509,0,1,-7.083329,-0.037123,6.224823,1.000000,0.018335
1779542823.437936,0,1,-7.073345,-0.037674,6.225079,1.000000,0.018335
1779542823.448029,0,1,-7.063360,-0.038237,6.225144,1.000000,0.019350
1779542823.458198,0,1,-7.053375,-0.038784,6.225399,1.000000,0.019350
1779542823.468902,0,1,-7.043391,-0.039343,6.225464,1.000000,0.019350
1779542823.479572,0,1,-7.033406,-0.039888,6.225719,1.000000,0.019350
1779542823.487882,0,1,-7.023421,-0.040444,6.225784,1.000000,0.021204
1779542823.498300,0,1,-7.013436,-0.040985,6.226040,1.000000,0.021204
1779542823.507756,0,1,-7.003451,-0.041538,6.226105,1.000000,0.021204
1779542823.518812,0,1,-6.993466,-0.042076,6.226360,1.000000,0.022897
1779542823.528213,0,1,-6.983481,-0.042626,6.226425,1.000000,0.022897
1779542823.537785,0,1,-6.973494,-0.043137,6.226926,1.000000,0.022897
1779542823.548114,0,1,-6.963504,-0.043580,6.227944,1.000000,0.023140
1779542823.557807,0,1,-6.953513,-0.044000,6.228890,1.000000,0.023140
1779542823.568027,0,1,-6.943520,-0.044381,6.230071,1.000000,0.023140
1779542823.577926,0,1,-6.933527,-0.044755,6.231081,1.000000,0.024303
1779542823.587563,0,1,-6.923533,-0.045098,6.232289,1.000000,0.024303
1779542823.598094,0,1,-6.913539,-0.045441,6.233311,1.000000,0.023576
1779542823.607694,0,1,-6.903544,-0.045758,6.234525,1.000000,0.023576
1779542823.617801,0,1,-6.893549,-0.046075,6.235549,1.000000,0.023576
1779542823.628005,0,1,-6.883553,-0.046368,6.236765,1.000000,0.022457
1779542823.637607,0,1,-6.873557,-0.046662,6.237790,1.000000,0.022457
1779542823.648154,0,1,-6.863561,-0.046931,6.239006,1.000000,0.022457
1779542823.658581,0,1,-6.853565,-0.047202,6.240032,1.000000,0.021322
1779542823.667780,0,1,-6.843568,-0.047449,6.241248,1.000000,0.021322
1779542823.678333,0,1,-6.833571,-0.047709,6.242151,1.000000,0.021322
1779542823.687970,0,1,-6.823575,-0.047985,6.242891,1.000000,0.019245
1779542823.698382,0,1,-6.813579,-0.048267,6.243572,1.000000,0.019245
1779542823.708071,0,1,-6.803583,-0.048562,6.244107,1.000000,0.018975
1779542823.717692,0,1,-6.793589,-0.048895,6.244280,1.000000,0.018975
1779542823.727870,0,1,-6.783594,-0.049228,6.244579,1.000000,0.018975
1779542823.738294,0,1,-6.773601,-0.049582,6.244664,1.000000,0.017170
1779542823.748159,0,1,-6.763607,-0.049926,6.244928,1.000000,0.017170
1779542823.758262,0,1,-6.753613,-0.050286,6.244998,1.000000,0.017170
1779542823.767804,0,1,-6.743619,-0.050632,6.245256,1.000000,0.017488
1779542823.780869,0,1,-6.733626,-0.050992,6.245323,1.000000,0.017488
1779542823.788154,0,1,-6.723632,-0.051337,6.245579,1.000000,0.017488
1779542823.802217,0,1,-6.713638,-0.051694,6.245644,1.000000,0.017488
1779542823.809690,0,1,-6.703644,-0.052036,6.245900,1.000000,0.018547
1779542823.818959,0,1,-6.693650,-0.052391,6.245965,1.000000,0.018547
1779542823.829586,0,1,-6.683656,-0.052730,6.246221,1.000000,0.018547
1779542823.838339,0,1,-6.673662,-0.053081,6.246286,1.000000,0.018547
1779542823.849547,0,1,-6.663668,-0.053418,6.246541,1.000000,0.018610
1779542823.858742,0,1,-6.653674,-0.053766,6.246606,1.000000,0.018610
1779542823.868562,0,1,-6.643679,-0.054099,6.246861,1.000000,0.018610
1779542823.877866,0,1,-6.633685,-0.054444,6.246926,1.000000,0.019495
1779542823.887991,0,1,-6.623691,-0.054774,6.247182,1.000000,0.019495
1779542823.899038,0,1,-6.613697,-0.055116,6.247247,1.000000,0.019495
1779542823.908320,0,1,-6.603702,-0.055442,6.247502,1.000000,0.019630
1779542823.918531,0,1,-6.593708,-0.055781,6.247567,1.000000,0.019630
1779542823.927905,0,1,-6.583713,-0.056104,6.247822,1.000000,0.019630
1779542823.938104,0,1,-6.573719,-0.056440,6.247887,1.000000,0.019892
1779542823.948462,0,1,-6.563724,-0.056760,6.248143,1.000000,0.019892
1779542823.958132,0,1,-6.553729,-0.057092,6.248208,1.000000,0.019892
1779542823.968491,0,1,-6.543734,-0.057409,6.248463,1.000000,0.020134
1779542823.978108,0,1,-6.533740,-0.057738,6.248528,1.000000,0.020134
1779542823.988028,0,1,-6.523745,-0.058052,6.248783,1.000000,0.020134
1779542823.998274,0,1,-6.513750,-0.058378,6.248848,1.000000,0.022068
1779542824.008230,0,1,-6.503755,-0.058689,6.249104,1.000000,0.022068
1779542824.018326,0,1,-6.493760,-0.059011,6.249169,1.000000,0.022068
1779542824.028120,0,1,-6.483764,-0.059295,6.249670,1.000000,0.022068
1779542824.038183,0,1,-6.473766,-0.059511,6.250688,1.000000,0.022637
1779542824.047860,0,1,-6.463768,-0.059704,6.251634,1.000000,0.022637
1779542824.057838,0,1,-6.453769,-0.059857,6.252815,1.000000,0.023820
1779542824.068166,0,1,-6.443770,-0.060003,6.253825,1.000000,0.023820
1779542824.077903,0,1,-6.433771,-0.060120,6.255033,1.000000,0.023820
1779542824.089200,0,1,-6.423772,-0.060235,6.256054,1.000000,0.023252
1779542824.098089,0,1,-6.413772,-0.060324,6.257268,1.000000,0.023252
1779542824.108249,0,1,-6.403773,-0.060415,6.258293,1.000000,0.023252
1779542824.117968,0,1,-6.393773,-0.060479,6.259508,1.000000,0.022052
1779542824.128037,0,1,-6.383773,-0.060546,6.260534,1.000000,0.022052
1779542824.138204,0,1,-6.373773,-0.060588,6.261750,1.000000,0.020651
1779542824.148050,0,1,-6.363773,-0.060632,6.262776,1.000000,0.020651
1779542824.158093,0,1,-6.353773,-0.060651,6.263992,1.000000,0.020651
1779542824.168299,0,1,-6.343773,-0.060696,6.264772,1.000000,0.019231
1779542824.178028,0,1,-6.333774,-0.060796,6.265036,1.000000,0.019231
1779542824.188037,0,1,-6.323775,-0.060906,6.265371,1.000000,0.019231
1779542824.198249,0,1,-6.313775,-0.061044,6.265471,1.000000,0.017083
1779542824.207801,0,1,-6.303776,-0.061175,6.265742,1.000000,0.017083
1779542824.218583,0,1,-6.293777,-0.061323,6.265816,1.000000,0.016754
1779542824.227973,0,1,-6.283778,-0.061459,6.266076,1.000000,0.016754
1779542824.237825,0,1,-6.273780,-0.061610,6.266143,1.000000,0.016754
1779542824.248034,0,1,-6.263780,-0.061746,6.266400,1.000000,0.016651
1779542824.258026,0,1,-6.253782,-0.061894,6.266466,1.000000,0.016651
1779542824.267933,0,1,-6.243782,-0.062028,6.266721,1.000000,0.017471
1779542824.277877,0,1,-6.233784,-0.062175,6.266787,1.000000,0.017471
1779542824.288034,0,1,-6.223784,-0.062306,6.267042,1.000000,0.017471
1779542824.297729,0,1,-6.213785,-0.062449,6.267107,1.000000,0.017471
1779542824.308450,0,1,-6.203786,-0.062577,6.267363,1.000000,0.018321
1779542824.318264,0,1,-6.193787,-0.062717,6.267428,1.000000,0.018321
1779542824.328235,0,1,-6.183788,-0.062842,6.267683,1.000000,0.018448
1779542824.338011,0,1,-6.173789,-0.062979,6.267748,1.000000,0.018448
1779542824.348223,0,1,-6.163790,-0.063100,6.268003,1.000000,0.018448
1779542824.358072,0,1,-6.153791,-0.063234,6.268068,1.000000,0.018554
1779542824.368616,0,1,-6.143791,-0.063352,6.268324,1.000000,0.018554
1779542824.378323,0,1,-6.133792,-0.063483,6.268389,1.000000,0.018629
1779542824.387933,0,1,-6.123793,-0.063598,6.268644,1.000000,0.018629
1779542824.398020,0,1,-6.113794,-0.063725,6.268709,1.000000,0.018629
1779542824.408250,0,1,-6.103794,-0.063838,6.268964,1.000000,0.018854
1779542824.418437,0,1,-6.093795,-0.063962,6.269029,1.000000,0.018854
1779542824.428319,0,1,-6.083796,-0.064071,6.269285,1.000000,0.018953
1779542824.437693,0,1,-6.073796,-0.064191,6.269350,1.000000,0.018953
1779542824.447623,0,1,-6.063797,-0.064297,6.269605,1.000000,0.018953
1779542824.458014,0,1,-6.053798,-0.064415,6.269670,1.000000,0.019040
1779542824.468040,0,1,-6.043798,-0.064517,6.269925,1.000000,0.019040
1779542824.478242,0,1,-6.033799,-0.064632,6.269990,1.000000,0.019702
1779542824.488402,0,1,-6.023799,-0.064731,6.270246,1.000000,0.019702
1779542824.498072,0,1,-6.013800,-0.064842,6.270311,1.000000,0.019702
1779542824.507921,0,1,-6.003800,-0.064938,6.270566,1.000000,0.019927
1779542824.518280,0,1,-5.993801,-0.065046,6.270631,1.000000,0.019927
1779542824.528550,0,1,-5.983801,-0.065139,6.270886,1.000000,0.019927
1779542824.538915,0,1,-5.973802,-0.065244,6.270951,1.000000,0.021676
1779542824.549049,0,1,-5.963802,-0.065334,6.271207,1.000000,0.021676
1779542824.557968,0,1,-5.953803,-0.065435,6.271272,1.000000,0.021676
1779542824.567700,0,1,-5.943803,-0.065498,6.271773,1.000000,0.021676
1779542824.577761,0,1,-5.933803,-0.065493,6.272791,1.000000,0.022757
1779542824.588239,0,1,-5.923803,-0.065465,6.273737,1.000000,0.022757
1779542824.598291,0,1,-5.913804,-0.065397,6.274918,1.000000,0.022757
1779542824.608442,0,1,-5.903804,-0.065323,6.275928,1.000000,0.022757
1779542824.617758,0,1,-5.893804,-0.065218,6.277136,1.000000,0.023326
1779542824.628020,0,1,-5.883805,-0.065113,6.278157,1.000000,0.023326
1779542824.638196,0,1,-5.873806,-0.064980,6.279371,1.000000,0.023326
1779542824.648022,0,1,-5.863807,-0.064850,6.280396,1.000000,0.021446
1779542824.658262,0,1,-5.853808,-0.064693,6.281611,1.000000,0.021446
1779542824.667947,0,1,-5.843809,-0.064539,6.282637,1.000000,0.021446
1779542824.678519,0,1,-5.833811,-0.064360,0.000668,1.000000,0.019945
1779542824.687746,0,1,-5.823812,-0.064183,0.001693,1.000000,0.019945
1779542824.697720,0,1,-5.813814,-0.063981,0.002910,1.000000,0.019945
1779542824.708982,0,1,-5.803816,-0.063805,0.003690,1.000000,0.018416
1779542824.718125,0,1,-5.793817,-0.063684,0.003953,1.000000,0.018416
1779542824.727939,0,1,-5.783817,-0.063573,0.004289,1.000000,0.018416
1779542824.738075,0,1,-5.773818,-0.063489,0.004389,1.000000,0.016244
1779542824.747943,0,1,-5.763818,-0.063399,0.004660,1.000000,0.016244
1779542824.758243,0,1,-5.753818,-0.063327,0.004734,1.000000,0.016244
1779542824.768069,0,1,-5.743819,-0.063242,0.004993,1.000000,0.015674
1779542824.778123,0,1,-5.733819,-0.063171,0.005061,1.000000,0.015674
1779542824.787667,0,1,-5.723819,-0.063086,0.005317,1.000000,0.015674
1779542824.798138,0,1,-5.713820,-0.063014,0.005383,1.000000,0.016182
1779542824.807899,0,1,-5.703820,-0.062927,0.005639,1.000000,0.016182
1779542824.817968,0,1,-5.693820,-0.062852,0.005704,1.000000,0.016110
1779542824.827794,0,1,-5.683821,-0.062762,0.005960,1.000000,0.016110
1779542824.837967,0,1,-5.673821,-0.062684,0.006025,1.000000,0.016174
1779542824.848236,0,1,-5.663821,-0.062591,0.006280,1.000000,0.016174
1779542824.857804,0,1,-5.653822,-0.062510,0.006345,1.000000,0.016174
1779542824.868182,0,1,-5.643822,-0.062414,0.006601,1.000000,0.016326
1779542824.878257,0,1,-5.633823,-0.062330,0.006666,1.000000,0.016326
1779542824.887896,0,1,-5.623823,-0.062231,0.006921,1.000000,0.016384
1779542824.897634,0,1,-5.613823,-0.062143,0.006986,1.000000,0.016384
1779542824.908351,0,1,-5.603824,-0.062041,0.007241,1.000000,0.016384
1779542824.918102,0,1,-5.593824,-0.061950,0.007306,1.000000,0.016431
1779542824.928179,0,1,-5.583825,-0.061845,0.007562,1.000000,0.016431
1779542824.937634,0,1,-5.573825,-0.061751,0.007627,1.000000,0.016418
1779542824.948079,0,1,-5.563826,-0.061642,0.007882,1.000000,0.016418
1779542824.957554,0,1,-5.553826,-0.061545,0.007947,1.000000,0.016472
1779542824.967889,0,1,-5.543827,-0.061433,0.008202,1.000000,0.016472
1779542824.978284,0,1,-5.533828,-0.061333,0.008267,1.000000,0.016472
1779542824.988144,0,1,-5.523828,-0.061217,0.008523,1.000000,0.017127
1779542824.998019,0,1,-5.513829,-0.061114,0.008588,1.000000,0.017127
1779542825.008132,0,1,-5.503829,-0.060995,0.008843,1.000000,0.017127
1779542825.018082,0,1,-5.493830,-0.060889,0.008908,1.000000,0.018696
1779542825.028388,0,1,-5.483831,-0.060767,0.009163,1.000000,0.018696
1779542825.037994,0,1,-5.473831,-0.060657,0.009228,1.000000,0.019373
1779542825.047710,0,1,-5.463832,-0.060532,0.009484,1.000000,0.019373
1779542825.057754,0,1,-5.453833,-0.060419,0.009549,1.000000,0.019373
1779542825.068181,0,1,-5.443834,-0.060291,0.009804,1.000000,0.019391
1779542825.077751,0,1,-5.433834,-0.060175,0.009869,1.000000,0.019391
1779542825.087697,0,1,-5.423835,-0.060044,0.010124,1.000000,0.019493
1779542825.097728,0,1,-5.413836,-0.059924,0.010189,1.000000,0.019493
1779542825.107616,0,1,-5.403837,-0.059790,0.010445,1.000000,0.019493
1779542825.118358,0,1,-5.393838,-0.059667,0.010510,1.000000,0.019906
1779542825.127670,0,1,-5.383839,-0.059529,0.010765,1.000000,0.019906
1779542825.138268,0,1,-5.373839,-0.059404,0.010830,1.000000,0.019906
1779542825.147911,0,1,-5.363840,-0.059263,0.011085,1.000000,0.020599
1779542825.157864,0,1,-5.353841,-0.059134,0.011150,1.000000,0.020599
1779542825.167791,0,1,-5.343842,-0.058989,0.011406,1.000000,0.020633
1779542825.177506,0,1,-5.333843,-0.058857,0.011471,1.000000,0.020633
1779542825.188140,0,1,-5.323844,-0.058710,0.011726,1.000000,0.020633
1779542825.197894,0,1,-5.313845,-0.058574,0.011791,1.000000,0.021034
1779542825.208032,0,1,-5.303846,-0.058424,0.012046,1.000000,0.021034
1779542825.218040,0,1,-5.293847,-0.058285,0.012111,1.000000,0.021085
1779542825.227664,0,1,-5.283848,-0.058131,0.012367,1.000000,0.021085
1779542825.237742,0,1,-5.273849,-0.057990,0.012432,1.000000,0.021085
1779542825.247872,0,1,-5.263851,-0.057833,0.012687,1.000000,0.021668
1779542825.257964,0,1,-5.253852,-0.057688,0.012752,1.000000,0.021668
1779542825.268009,0,1,-5.243853,-0.057504,0.013253,1.000000,0.021711
1779542825.277941,0,1,-5.233857,-0.057252,0.014271,1.000000,0.021711
1779542825.287611,0,1,-5.223860,-0.056977,0.015217,1.000000,0.021711
1779542825.297838,0,1,-5.213865,-0.056663,0.016398,1.000000,0.021856
1779542825.307576,0,1,-5.203871,-0.056342,0.017408,1.000000,0.021856
1779542825.317820,0,1,-5.193877,-0.055991,0.018616,1.000000,0.021856
1779542825.327441,0,1,-5.183883,-0.055639,0.019638,1.000000,0.021335
1779542825.338011,0,1,-5.173890,-0.055260,0.020851,1.000000,0.021335
1779542825.347777,0,1,-5.163897,-0.054895,0.021753,1.000000,0.020007
1779542825.357835,0,1,-5.153903,-0.054543,0.022492,1.000000,0.020007
1779542825.367621,0,1,-5.143908,-0.054210,0.023050,1.000000,0.020007
1779542825.378011,0,1,-5.133913,-0.053917,0.023231,1.000000,0.017842
1779542825.387616,0,1,-5.123917,-0.053627,0.023534,1.000000,0.017842
1779542825.397539,0,1,-5.113921,-0.053358,0.023621,1.000000,0.016416
1779542825.407837,0,1,-5.103924,-0.053080,0.023887,1.000000,0.016416
1779542825.417771,0,1,-5.093928,-0.052818,0.023957,1.000000,0.016416
1779542825.429261,0,1,-5.083932,-0.052542,0.024215,1.000000,0.015593
1779542825.437654,0,1,-5.073935,-0.052280,0.024282,1.000000,0.015593
1779542825.447974,0,1,-5.063939,-0.052004,0.024538,1.000000,0.015593
1779542825.457937,0,1,-5.053943,-0.051740,0.024604,1.000000,0.015906
1779542825.467752,0,1,-5.043946,-0.051461,0.024859,1.000000,0.015906
1779542825.478122,0,1,-5.033950,-0.051194,0.024924,1.000000,0.015857
1779542825.487647,0,1,-5.023954,-0.050912,0.025180,1.000000,0.015857
1779542825.497953,0,1,-5.013958,-0.050642,0.025245,1.000000,0.015892
1779542825.507585,0,1,-5.003962,-0.050357,0.025500,1.000000,0.015892
1779542825.518138,0,1,-4.993965,-0.050083,0.025565,1.000000,0.015892
1779542825.528085,0,1,-4.983970,-0.049795,0.025821,1.000000,0.017354
1779542825.537876,0,1,-4.973973,-0.049519,0.025886,1.000000,0.017354
1779542825.547726,0,1,-4.963978,-0.049227,0.026141,1.000000,0.017748
1779542825.558262,0,1,-4.953982,-0.048948,0.026206,1.000000,0.017748
1779542825.567637,0,1,-4.943986,-0.048653,0.026461,1.000000,0.017741
1779542825.578207,0,1,-4.933990,-0.048370,0.026526,1.000000,0.017741
1779542825.587986,0,1,-4.923994,-0.048072,0.026782,1.000000,0.017741
1779542825.597675,0,1,-4.913998,-0.047787,0.026847,1.000000,0.018010
1779542825.607512,0,1,-4.904003,-0.047485,0.027102,1.000000,0.018010
1779542825.617795,0,1,-4.894007,-0.047196,0.027167,1.000000,0.018016
1779542825.627680,0,1,-4.884012,-0.046892,0.027422,1.000000,0.018016
1779542825.637764,0,1,-4.874016,-0.046600,0.027487,1.000000,0.018016
1779542825.647769,0,1,-4.864021,-0.046292,0.027743,1.000000,0.018427
1779542825.657781,0,1,-4.854025,-0.045997,0.027808,1.000000,0.018427
1779542825.668338,0,1,-4.844030,-0.045686,0.028063,1.000000,0.018453
1779542825.677829,0,1,-4.834035,-0.045387,0.028128,1.000000,0.018453
1779542825.687767,0,1,-4.824039,-0.045073,0.028383,1.000000,0.018453
1779542825.697468,0,1,-4.814044,-0.044771,0.028448,1.000000,0.018671
1779542825.707577,0,1,-4.804049,-0.044454,0.028704,1.000000,0.018671
1779542825.718073,0,1,-4.794054,-0.044149,0.028769,1.000000,0.018693
1779542825.727491,0,1,-4.784059,-0.043829,0.029024,1.000000,0.018693
1779542825.738051,0,1,-4.774064,-0.043521,0.029089,1.000000,0.018693
1779542825.747584,0,1,-4.764069,-0.043197,0.029344,1.000000,0.019074
1779542825.758091,0,1,-4.754074,-0.042885,0.029409,1.000000,0.019074
1779542825.768156,0,1,-4.744079,-0.042559,0.029665,1.000000,0.019082
1779542825.777759,0,1,-4.734084,-0.042244,0.029730,1.000000,0.019082
1779542825.788648,0,1,-4.724089,-0.041914,0.029985,1.000000,0.019179
1779542825.797771,0,1,-4.714095,-0.041596,0.030050,1.000000,0.019179
1779542825.807655,0,1,-4.704100,-0.041263,0.030305,1.000000,0.019179
1779542825.817752,0,1,-4.694105,-0.040942,0.030370,1.000000,0.019302
1779542825.827796,0,1,-4.684111,-0.040606,0.030626,1.000000,0.019302
1779542825.837769,0,1,-4.674116,-0.040281,0.030691,1.000000,0.019437
1779542825.847677,0,1,-4.664122,-0.039942,0.030946,1.000000,0.019437
1779542825.857984,0,1,-4.654127,-0.039614,0.031011,1.000000,0.019540
1779542825.867662,0,1,-4.644133,-0.039272,0.031266,1.000000,0.019540
1779542825.879468,0,1,-4.634139,-0.038941,0.031331,1.000000,0.019540
1779542825.888161,0,1,-4.624145,-0.038595,0.031587,1.000000,0.019682
1779542825.897778,0,1,-4.614150,-0.038261,0.031652,1.000000,0.019682
1779542825.907903,0,1,-4.604156,-0.037912,0.031907,1.000000,0.019786
1779542825.917695,0,1,-4.594162,-0.037575,0.031972,1.000000,0.019786
1779542825.927400,0,1,-4.584168,-0.037222,0.032227,1.000000,0.019786
1779542825.937646,0,1,-4.574174,-0.036882,0.032292,1.000000,0.019814
1779542825.947518,0,1,-4.564180,-0.036526,0.032548,1.000000,0.019814
1779542825.957996,0,1,-4.554186,-0.036183,0.032613,1.000000,0.019814
1779542825.967731,0,1,-4.544193,-0.035824,0.032868,1.000000,0.020128
1779542825.977960,0,1,-4.534199,-0.035477,0.032933,1.000000,0.020128
1779542825.987980,0,1,-4.524205,-0.035115,0.033188,1.000000,0.020128
1779542825.997805,0,1,-4.514211,-0.034766,0.033253,1.000000,0.020252
1779542826.007746,0,1,-4.504218,-0.034400,0.033509,1.000000,0.020252
1779542826.017897,0,1,-4.494224,-0.034047,0.033574,1.000000,0.020312
1779542826.027672,0,1,-4.484231,-0.033679,0.033829,1.000000,0.020312
1779542826.037950,0,1,-4.474237,-0.033323,0.033894,1.000000,0.020412
1779542826.047855,0,1,-4.464244,-0.032951,0.034149,1.000000,0.020412
1779542826.058268,0,1,-4.454251,-0.032591,0.034214,1.000000,0.020456
1779542826.067679,0,1,-4.444258,-0.032217,0.034470,1.000000,0.020456
1779542826.077737,0,1,-4.434264,-0.031854,0.034535,1.000000,0.020456
1779542826.087842,0,1,-4.424272,-0.031476,0.034790,1.000000,0.020677
1779542826.097545,0,1,-4.414278,-0.031110,0.034855,1.000000,0.020677
1779542826.107853,0,1,-4.404286,-0.030729,0.035110,1.000000,0.020686
1779542826.118182,0,1,-4.394292,-0.030360,0.035175,1.000000,0.020686
1779542826.127764,0,1,-4.384300,-0.029975,0.035431,1.000000,0.020686
1779542826.137900,0,1,-4.374307,-0.029603,0.035496,1.000000,0.020779
1779542826.147901,0,1,-4.364314,-0.029216,0.035751,1.000000,0.020779
1779542826.157969,0,1,-4.354321,-0.028840,0.035816,1.000000,0.020792
1779542826.167615,0,1,-4.344329,-0.028449,0.036071,1.000000,0.020792
1779542826.177892,0,1,-4.334336,-0.028070,0.036136,1.000000,0.020917
1779542826.188022,0,1,-4.324344,-0.027677,0.036392,1.000000,0.020917
1779542826.197971,0,1,-4.314351,-0.027295,0.036457,1.000000,0.020917
1779542826.207808,0,1,-4.304359,-0.026897,0.036712,1.000000,0.021029
1779542826.217941,0,1,-4.294367,-0.026512,0.036777,1.000000,0.021029
1779542826.227799,0,1,-4.284375,-0.026112,0.037032,1.000000,0.021164
1779542826.238108,0,1,-4.274382,-0.025724,0.037097,1.000000,0.021164
1779542826.248154,0,1,-4.264390,-0.025320,0.037353,1.000000,0.021120
1779542826.257849,0,1,-4.254398,-0.024928,0.037418,1.000000,0.021120
1779542826.267876,0,1,-4.244406,-0.024522,0.037673,1.000000,0.021120
1779542826.278082,0,1,-4.234414,-0.024127,0.037738,1.000000,0.021157
1779542826.287463,0,1,-4.224422,-0.023717,0.037993,1.000000,0.021157
1779542826.297652,0,1,-4.214430,-0.023319,0.038058,1.000000,0.021157
1779542826.307753,0,1,-4.204439,-0.022906,0.038314,1.000000,0.021157
1779542826.317597,0,1,-4.194447,-0.022505,0.038379,1.000000,0.021157
1779542826.327933,0,1,-4.184456,-0.022088,0.038634,1.000000,0.021325
1779542826.337718,0,1,-4.174464,-0.021684,0.038699,1.000000,0.021325
1779542826.348957,0,1,-4.164473,-0.021253,0.039077,1.000000,0.021461
1779542826.358434,0,1,-4.154484,-0.020793,0.039619,1.000000,0.021461
1779542826.368161,0,1,-4.144496,-0.020303,0.040342,1.000000,0.021547
1779542826.377652,0,1,-4.134511,-0.019759,0.041442,1.000000,0.021547
1779542826.387496,0,1,-4.124526,-0.019201,0.042420,1.000000,0.021657
1779542826.397806,0,1,-4.114544,-0.018607,0.043614,1.000000,0.021657
1779542826.407729,0,1,-4.104562,-0.018010,0.044630,1.000000,0.021657
1779542826.417817,0,1,-4.094581,-0.017384,0.045841,1.000000,0.021249
1779542826.428464,0,1,-4.084601,-0.016758,0.046864,1.000000,0.021249
1779542826.438281,0,1,-4.074622,-0.016107,0.048079,1.000000,0.019321
1779542826.447992,0,1,-4.064642,-0.015469,0.048981,1.000000,0.019321
1779542826.458332,0,1,-4.054661,-0.014858,0.049597,1.000000,0.019321
1779542826.467735,0,1,-4.044677,-0.014292,0.049801,1.000000,0.016835
1779542826.478197,0,1,-4.034693,-0.013731,0.050114,1.000000,0.016835
1779542826.487743,0,1,-4.024707,-0.013194,0.050204,1.000000,0.015282
1779542826.498077,0,1,-4.014722,-0.012649,0.050472,1.000000,0.015282
1779542826.507989,0,1,-4.004736,-0.012120,0.050543,1.000000,0.015282
1779542826.517893,0,1,-3.994751,-0.011579,0.050802,1.000000,0.014416
1779542826.527907,0,1,-3.984765,-0.011050,0.050869,1.000000,0.014416
1779542826.538382,0,1,-3.974780,-0.010508,0.051125,1.000000,0.014318
1779542826.547587,0,1,-3.964794,-0.009978,0.051191,1.000000,0.014318
1779542826.558149,0,1,-3.954809,-0.009433,0.051447,1.000000,0.014318
1779542826.568002,0,1,-3.944823,-0.008901,0.051512,1.000000,0.014109
1779542826.578090,0,1,-3.934838,-0.008353,0.051767,1.000000,0.014109
1779542826.587452,0,1,-3.924852,-0.007817,0.051833,1.000000,0.014106
1779542826.598364,0,1,-3.914867,-0.007267,0.052088,1.000000,0.014106
1779542826.607971,0,1,-3.904882,-0.006728,0.052153,1.000000,0.014106
1779542826.617860,0,1,-3.894897,-0.006174,0.052408,1.000000,0.014018
1779542826.628101,0,1,-3.884912,-0.005632,0.052473,1.000000,0.014018
1779542826.637878,0,1,-3.874927,-0.005075,0.052729,1.000000,0.014002
1779542826.647676,0,1,-3.864942,-0.004530,0.052794,1.000000,0.014002
1779542826.657812,0,1,-3.854958,-0.003969,0.053049,1.000000,0.013910
1779542826.667970,0,1,-3.844973,-0.003421,0.053114,1.000000,0.013910
1779542826.678230,0,1,-3.834989,-0.002858,0.053369,1.000000,0.013915
1779542826.687611,0,1,-3.825004,-0.002306,0.053434,1.000000,0.013915
1779542826.698155,0,1,-3.815020,-0.001739,0.053690,1.000000,0.013915
1779542826.707873,0,1,-3.805036,-0.001184,0.053755,1.000000,0.013680
1779542826.717822,0,1,-3.795052,-0.000615,0.054010,1.000000,0.013680
1779542826.727877,0,1,-3.785068,-0.000057,0.054075,1.000000,0.013665
1779542826.738128,0,1,-3.775084,0.000516,0.054330,1.000000,0.013665
1779542826.747487,0,1,-3.765100,0.001078,0.054395,1.000000,0.013665
1779542826.757879,0,1,-3.755116,0.001654,0.054651,1.000000,0.013539
1779542826.768015,0,1,-3.745132,0.002218,0.054716,1.000000,0.013539
1779542826.778008,0,1,-3.735149,0.002798,0.054971,1.000000,0.013533
1779542826.787878,0,1,-3.725165,0.003365,0.055036,1.000000,0.013533
1779542826.797852,0,1,-3.715182,0.003948,0.055291,1.000000,0.013533
1779542826.807704,0,1,-3.705199,0.004519,0.055356,1.000000,0.013234
1779542826.817798,0,1,-3.695216,0.005105,0.055612,1.000000,0.013234
1779542826.828288,0,1,-3.685232,0.005679,0.055677,1.000000,0.013234
1779542826.837926,0,1,-3.675250,0.006268,0.055932,1.000000,0.013296
1779542826.848206,0,1,-3.665266,0.006845,0.055997,1.000000,0.013296
1779542826.858133,0,1,-3.655284,0.007437,0.056252,1.000000,0.013296
1779542826.868492,0,1,-3.645301,0.008018,0.056317,1.000000,0.013146
1779542826.878171,0,1,-3.635318,0.008613,0.056573,1.000000,0.013146
1779542826.887979,0,1,-3.625336,0.009197,0.056638,1.000000,0.013146
1779542826.898019,0,1,-3.615353,0.009795,0.056893,1.000000,0.013109
1779542826.907880,0,1,-3.605371,0.010382,0.056958,1.000000,0.013109
1779542826.917576,0,1,-3.595389,0.010984,0.057213,1.000000,0.013109
1779542826.927837,0,1,-3.585406,0.011574,0.057278,1.000000,0.013109
1779542826.938110,0,1,-3.575425,0.012179,0.057534,1.000000,0.013109
1779542826.947469,0,1,-3.565442,0.012772,0.057599,1.000000,0.012850
1779542826.958482,0,1,-3.555461,0.013380,0.057854,1.000000,0.012850
1779542826.967664,0,1,-3.545479,0.013977,0.057919,1.000000,0.012850
1779542826.977994,0,1,-3.535497,0.014588,0.058174,1.000000,0.012825
1779542826.988265,0,1,-3.525515,0.015188,0.058239,1.000000,0.012825
1779542826.998046,0,1,-3.515534,0.015802,0.058495,1.000000,0.012825
1779542827.007859,0,1,-3.505552,0.016405,0.058560,1.000000,0.012143
1779542827.018256,0,1,-3.495571,0.017023,0.058815,1.000000,0.012143
1779542827.027483,0,1,-3.485590,0.017629,0.058880,1.000000,0.012143
1779542827.037885,0,1,-3.475609,0.018250,0.059135,1.000000,0.012138
1779542827.047572,0,1,-3.465628,0.018859,0.059200,1.000000,0.012138
1779542827.058178,0,1,-3.455647,0.019483,0.059456,1.000000,0.012138
1779542827.067657,0,1,-3.445666,0.020096,0.059521,1.000000,0.011759
1779542827.077656,0,1,-3.435686,0.020723,0.059776,1.000000,0.011759
1779542827.087700,0,1,-3.425705,0.021339,0.059841,1.000000,0.011718
1779542827.098258,0,1,-3.415725,0.021969,0.060096,1.000000,0.011718
1779542827.107905,0,1,-3.405744,0.022588,0.060161,1.000000,0.011718
1779542827.118279,0,1,-3.395764,0.023222,0.060417,1.000000,0.011458
1779542827.127499,0,1,-3.385783,0.023844,0.060482,1.000000,0.011458
1779542827.137781,0,1,-3.375804,0.024481,0.060737,1.000000,0.011458
1779542827.147633,0,1,-3.365823,0.025106,0.060802,1.000000,0.011099
1779542827.157656,0,1,-3.355844,0.025746,0.061057,1.000000,0.011099
1779542827.167838,0,1,-3.345863,0.026374,0.061122,1.000000,0.011012
1779542827.177850,0,1,-3.335884,0.027018,0.061378,1.000000,0.011012
1779542827.187580,0,1,-3.325904,0.027649,0.061443,1.000000,0.011012
1779542827.198009,0,1,-3.315925,0.028296,0.061698,1.000000,0.010928
1779542827.207928,0,1,-3.305945,0.028931,0.061763,1.000000,0.010928
1779542827.217538,0,1,-3.295966,0.029581,0.062018,1.000000,0.010654
1779542827.227875,0,1,-3.285987,0.030218,0.062083,1.000000,0.010654
1779542827.237895,0,1,-3.276008,0.030872,0.062339,1.000000,0.010566
1779542827.247718,0,1,-3.266029,0.031513,0.062404,1.000000,0.010566
1779542827.257702,0,1,-3.256050,0.032169,0.062659,1.000000,0.010566
1779542827.267987,0,1,-3.246071,0.032813,0.062724,1.000000,0.010131
1779542827.278102,0,1,-3.236093,0.033473,0.062979,1.000000,0.010131
1779542827.287844,0,1,-3.226114,0.034120,0.063044,1.000000,0.010041
1779542827.298515,0,1,-3.216136,0.034783,0.063300,1.000000,0.010041
1779542827.308234,0,1,-3.206157,0.035433,0.063365,1.000000,0.010041
1779542827.317683,0,1,-3.196179,0.036099,0.063620,1.000000,0.009556
1779542827.328324,0,1,-3.186201,0.036753,0.063685,1.000000,0.009556
1779542827.338046,0,1,-3.176223,0.037422,0.063940,1.000000,0.009556
1779542827.347695,0,1,-3.166245,0.038079,0.064005,1.000000,0.009495
1779542827.357799,0,1,-3.156267,0.038751,0.064261,1.000000,0.009495
1779542827.367961,0,1,-3.146289,0.039412,0.064326,1.000000,0.009389
1779542827.378313,0,1,-3.136312,0.040087,0.064581,1.000000,0.009389
1779542827.387744,0,1,-3.126334,0.040751,0.064646,1.000000,0.009389
1779542827.397820,0,1,-3.116357,0.041429,0.064901,1.000000,0.009253
1779542827.407855,0,1,-3.106379,0.042096,0.064966,1.000000,0.009253
1779542827.418480,0,1,-3.096402,0.042778,0.065222,1.000000,0.009156
1779542827.428040,0,1,-3.086425,0.043447,0.065287,1.000000,0.009156
1779542827.437965,0,1,-3.076448,0.044132,0.065542,1.000000,0.009156
1779542827.448140,0,1,-3.066471,0.044806,0.065607,1.000000,0.008296
1779542827.457963,0,1,-3.056495,0.045494,0.065862,1.000000,0.008296
1779542827.467543,0,1,-3.046518,0.046170,0.065927,1.000000,0.008171
1779542827.478597,0,1,-3.036542,0.046861,0.066183,1.000000,0.008171
1779542827.488038,0,1,-3.026565,0.047541,0.066248,1.000000,0.008171
1779542827.498145,0,1,-3.016589,0.048235,0.066503,1.000000,0.007645
1779542827.507795,0,1,-3.006612,0.048918,0.066568,1.000000,0.007645
1779542827.517598,0,1,-2.996637,0.049616,0.066823,1.000000,0.007645
1779542827.528250,0,1,-2.986660,0.050302,0.066888,1.000000,0.007355
1779542827.538018,0,1,-2.976685,0.051003,0.067144,1.000000,0.007355
1779542827.547402,0,1,-2.966709,0.051692,0.067209,1.000000,0.007355
1779542827.557903,0,1,-2.956733,0.052396,0.067464,1.000000,0.006948
1779542827.568145,0,1,-2.946757,0.053088,0.067529,1.000000,0.006948
1779542827.578145,0,1,-2.936782,0.053795,0.067784,1.000000,0.006804
1779542827.587939,0,1,-2.926807,0.054491,0.067849,1.000000,0.006804
1779542827.598094,0,1,-2.916832,0.055201,0.068105,1.000000,0.006804
1779542827.607668,0,1,-2.906856,0.055900,0.068170,1.000000,0.006223
1779542827.618209,0,1,-2.896882,0.056614,0.068425,1.000000,0.006223
1779542827.627556,0,1,-2.886907,0.057316,0.068490,1.000000,0.006067
1779542827.638014,0,1,-2.876932,0.058033,0.068745,1.000000,0.006067
1779542827.647776,0,1,-2.866957,0.058738,0.068810,1.000000,0.006067
1779542827.657875,0,1,-2.856983,0.059458,0.069066,1.000000,0.005637
1779542827.667830,0,1,-2.847008,0.060166,0.069131,1.000000,0.005637
1779542827.678041,0,1,-2.837034,0.060889,0.069386,1.000000,0.005457
1779542827.688046,0,1,-2.827060,0.061601,0.069451,1.000000,0.005457
1779542827.698003,0,1,-2.817086,0.062327,0.069706,1.000000,0.005457
1779542827.707890,0,1,-2.807112,0.063042,0.069771,1.000000,0.004841
1779542827.717902,0,1,-2.797138,0.063772,0.070027,1.000000,0.004841
1779542827.727424,0,1,-2.787164,0.064489,0.070092,1.000000,0.004656
1779542827.738589,0,1,-2.777191,0.065222,0.070347,1.000000,0.004656
1779542827.748087,0,1,-2.767217,0.065943,0.070412,1.000000,0.004656
1779542827.758079,0,1,-2.757244,0.066679,0.070667,1.000000,0.004170
1779542827.768540,0,1,-2.747271,0.067404,0.070732,1.000000,0.004170
1779542827.777690,0,1,-2.737298,0.068143,0.070988,1.000000,0.004170
1779542827.788111,0,1,-2.727324,0.068870,0.071053,1.000000,0.003536
1779542827.797791,0,1,-2.717352,0.069613,0.071308,1.000000,0.003536
1779542827.807534,0,1,-2.707379,0.070343,0.071373,1.000000,0.003536
1779542827.817533,0,1,-2.697407,0.071089,0.071628,1.000000,0.003300
1779542827.827976,0,1,-2.687434,0.071823,0.071693,1.000000,0.003300
1779542827.837980,0,1,-2.677462,0.072572,0.071949,1.000000,0.003095
1779542827.848040,0,1,-2.667489,0.073309,0.072014,1.000000,0.003095
1779542827.858272,0,1,-2.657517,0.074061,0.072269,1.000000,0.003095
1779542827.868025,0,1,-2.647545,0.074801,0.072334,1.000000,0.002676
1779542827.878131,0,1,-2.637573,0.075556,0.072589,1.000000,0.002676
1779542827.887972,0,1,-2.627601,0.076300,0.072654,1.000000,0.002676
1779542827.897875,0,1,-2.617630,0.077058,0.072910,1.000000,0.002444
1779542827.907964,0,1,-2.607658,0.077805,0.072975,1.000000,0.002444
1779542827.918674,0,1,-2.597687,0.078566,0.073230,1.000000,0.002164
1779542827.927693,0,1,-2.587715,0.079316,0.073295,1.000000,0.002164
1779542827.937746,0,1,-2.577744,0.080081,0.073550,1.000000,0.002164
1779542827.947770,0,1,-2.567773,0.080834,0.073615,1.000000,0.001101
1779542827.958013,0,1,-2.557802,0.081602,0.073871,1.000000,0.001101
1779542827.968200,0,1,-2.547831,0.082358,0.073936,1.000000,0.001101
1779542827.977937,0,1,-2.537860,0.083129,0.074191,1.000000,0.000787
1779542827.987605,0,1,-2.527889,0.083889,0.074256,1.000000,0.000787
1779542827.997987,0,1,-2.517919,0.084663,0.074511,1.000000,0.000787
1779542828.009219,0,1,-2.507949,0.085426,0.074576,1.000000,-0.000064
1779542828.019893,0,1,-2.497979,0.086203,0.074832,1.000000,-0.000064
1779542828.029135,0,1,-2.488008,0.086969,0.074897,1.000000,-0.000064
1779542828.038779,0,1,-2.478039,0.087750,0.075152,1.000000,-0.000064
1779542828.047597,0,1,-2.468068,0.088519,0.075217,1.000000,-0.000410
1779542828.059266,0,1,-2.458099,0.089303,0.075472,1.000000,-0.000410
1779542828.068219,0,1,-2.448129,0.090075,0.075537,1.000000,-0.000410
1779542828.077685,0,1,-2.438160,0.090862,0.075793,1.000000,-0.001158
1779542828.093347,0,1,-2.428190,0.091637,0.075858,1.000000,-0.001158
1779542828.097927,0,1,-2.418221,0.092428,0.076113,1.000000,-0.001158
1779542828.108011,0,1,-2.408252,0.093206,0.076178,1.000000,-0.001452
1779542828.118006,0,1,-2.398283,0.094000,0.076433,1.000000,-0.001452
1779542828.127708,0,1,-2.388314,0.094782,0.076498,1.000000,-0.002136
1779542828.138047,0,1,-2.378346,0.095578,0.076754,1.000000,-0.002136
1779542828.147857,0,1,-2.368377,0.096363,0.076819,1.000000,-0.002136
1779542828.157501,0,1,-2.358409,0.097163,0.077074,1.000000,-0.002875
1779542828.168133,0,1,-2.348440,0.097951,0.077139,1.000000,-0.002875
1779542828.178365,0,1,-2.338472,0.098755,0.077394,1.000000,-0.002875
1779542828.187594,0,1,-2.328503,0.099546,0.077459,1.000000,-0.003445
1779542828.197967,0,1,-2.318536,0.100352,0.077715,1.000000,-0.003445
1779542828.208102,0,1,-2.308568,0.101147,0.077780,1.000000,-0.003445
1779542828.217651,0,1,-2.298600,0.101956,0.078035,1.000000,-0.004057
1779542828.227904,0,1,-2.288632,0.102754,0.078100,1.000000,-0.004057
1779542828.238123,0,1,-2.278665,0.103567,0.078355,1.000000,-0.004057
1779542828.247965,0,1,-2.268698,0.104367,0.078420,1.000000,-0.004655
1779542828.257939,0,1,-2.258731,0.105183,0.078676,1.000000,-0.004655
1779542828.267965,0,1,-2.248763,0.105987,0.078741,1.000000,-0.005218
1779542828.277585,0,1,-2.238797,0.106807,0.078996,1.000000,-0.005218
1779542828.288048,0,1,-2.228829,0.107614,0.079061,1.000000,-0.005218
1779542828.298481,0,1,-2.218863,0.108436,0.079316,1.000000,-0.005694
1779542828.308021,0,1,-2.208896,0.109247,0.079381,1.000000,-0.005694
1779542828.318049,0,1,-2.198930,0.110072,0.079637,1.000000,-0.005694
1779542828.327870,0,1,-2.188964,0.110886,0.079702,1.000000,-0.006505
1779542828.338050,0,1,-2.178998,0.111715,0.079957,1.000000,-0.006505
1779542828.347908,0,1,-2.169031,0.112531,0.080022,1.000000,-0.006505
1779542828.358118,0,1,-2.159066,0.113363,0.080277,1.000000,-0.007027
1779542828.367991,0,1,-2.149100,0.114183,0.080342,1.000000,-0.007027
1779542828.378019,0,1,-2.139135,0.115018,0.080598,1.000000,-0.007419
1779542828.387999,0,1,-2.129169,0.115842,0.080663,1.000000,-0.007419
1779542828.398112,0,1,-2.119204,0.116680,0.080918,1.000000,-0.007419
1779542828.407918,0,1,-2.109238,0.117506,0.080983,1.000000,-0.008085
1779542828.417835,0,1,-2.099274,0.118348,0.081238,1.000000,-0.008085
1779542828.429147,0,1,-2.089308,0.119177,0.081303,1.000000,-0.008085
1779542828.437701,0,1,-2.079344,0.120022,0.081559,1.000000,-0.008496
1779542828.447747,0,1,-2.069378,0.120855,0.081624,1.000000,-0.008496
1779542828.457681,0,1,-2.059414,0.121703,0.081879,1.000000,-0.009193
1779542828.467516,0,1,-2.049450,0.122539,0.081944,1.000000,-0.009193
1779542828.477968,0,1,-2.039486,0.123390,0.082199,1.000000,-0.009193
1779542828.488111,0,1,-2.029521,0.124229,0.082264,1.000000,-0.010245
1779542828.497709,0,1,-2.019558,0.125083,0.082520,1.000000,-0.010245
1779542828.508051,0,1,-2.009593,0.125925,0.082585,1.000000,-0.010245
1779542828.517893,0,1,-1.999630,0.126783,0.082840,1.000000,-0.010957
1779542828.527826,0,1,-1.989666,0.127628,0.082905,1.000000,-0.010957
1779542828.537737,0,1,-1.979703,0.128489,0.083160,1.000000,-0.010957
1779542828.547984,0,1,-1.969737,0.129314,0.082979,1.000000,-0.011923
1779542828.557968,0,1,-1.959766,0.130075,0.082282,1.000000,-0.011923
1779542828.567889,0,1,-1.949794,0.130816,0.081656,1.000000,-0.011923
1779542828.579925,0,1,-1.939818,0.131520,0.080795,1.000000,-0.012555
1779542828.587884,0,1,-1.929843,0.132221,0.080106,1.000000,-0.012555
1779542828.597814,0,1,-1.919866,0.132895,0.079218,1.000000,-0.012497
1779542828.607933,0,1,-1.909889,0.133572,0.078517,1.000000,-0.012497
1779542828.617774,0,1,-1.899910,0.134225,0.077624,1.000000,-0.012497
1779542828.628186,0,1,-1.889932,0.134883,0.076919,1.000000,-0.011523
1779542828.638138,0,1,-1.879952,0.135518,0.076024,1.000000,-0.011523
1779542828.647810,0,1,-1.869972,0.136159,0.075319,1.000000,-0.011523
1779542828.658331,0,1,-1.859992,0.136778,0.074423,1.000000,-0.010329
1779542828.667565,0,1,-1.850011,0.137402,0.073718,1.000000,-0.010329
1779542828.677911,0,1,-1.840029,0.138005,0.072822,1.000000,-0.009193
1779542828.687463,0,1,-1.830049,0.138637,0.072362,1.000000,-0.009193
1779542828.697996,0,1,-1.820073,0.139326,0.072419,1.000000,-0.009193
1779542828.708229,0,1,-1.810098,0.140029,0.072404,1.000000,-0.007845
1779542828.718451,0,1,-1.800125,0.140763,0.072624,1.000000,-0.007845
1779542828.727550,0,1,-1.790152,0.141493,0.072673,1.000000,-0.006662
1779542828.738011,0,1,-1.780180,0.142244,0.072920,1.000000,-0.006662
1779542828.747726,0,1,-1.770207,0.142986,0.072980,1.000000,-0.006662
1779542828.757807,0,1,-1.760236,0.143745,0.073233,1.000000,-0.006972
1779542828.767786,0,1,-1.750264,0.144493,0.073297,1.000000,-0.006972
1779542828.778337,0,1,-1.740293,0.145257,0.073551,1.000000,-0.007595
1779542828.788262,0,1,-1.730322,0.146009,0.073616,1.000000,-0.007595
1779542828.797807,0,1,-1.720351,0.146777,0.073871,1.000000,-0.007595
1779542828.807552,0,1,-1.710380,0.147533,0.073936,1.000000,-0.007595
1779542828.818512,0,1,-1.700410,0.148304,0.074191,1.000000,-0.008318
1779542828.827658,0,1,-1.690439,0.149063,0.074256,1.000000,-0.008318
1779542828.837625,0,1,-1.680469,0.149838,0.074511,1.000000,-0.008894
1779542828.847822,0,1,-1.670498,0.150600,0.074576,1.000000,-0.008894
1779542828.858077,0,1,-1.660528,0.151378,0.074832,1.000000,-0.009332
1779542828.867756,0,1,-1.650557,0.152143,0.074897,1.000000,-0.009332
1779542828.878146,0,1,-1.640588,0.152924,0.075152,1.000000,-0.009332
1779542828.887990,0,1,-1.630618,0.153693,0.075217,1.000000,-0.010069
1779542828.897820,0,1,-1.620648,0.154477,0.075472,1.000000,-0.010069
1779542828.908368,0,1,-1.610678,0.155249,0.075537,1.000000,-0.010069
1779542828.918154,0,1,-1.600709,0.156037,0.075793,1.000000,-0.010513
1779542828.927941,0,1,-1.590739,0.156812,0.075858,1.000000,-0.010513
1779542828.937736,0,1,-1.580771,0.157602,0.076113,1.000000,-0.010513
1779542828.948186,0,1,-1.570801,0.158381,0.076178,1.000000,-0.011404
1779542828.957960,0,1,-1.560833,0.159174,0.076433,1.000000,-0.011404
1779542828.968148,0,1,-1.550861,0.159932,0.076252,1.000000,-0.011897
1779542828.977975,0,1,-1.540885,0.160626,0.075555,1.000000,-0.011897
1779542828.987911,0,1,-1.530908,0.161300,0.074929,1.000000,-0.011897
1779542828.997620,0,1,-1.520928,0.161937,0.074068,1.000000,-0.013265
1779542829.007973,0,1,-1.510949,0.162571,0.073379,1.000000,-0.013265
1779542829.018024,0,1,-1.500967,0.163178,0.072491,1.000000,-0.013265
1779542829.028260,0,1,-1.490986,0.163788,0.071790,1.000000,-0.013412
1779542829.038261,0,1,-1.481003,0.164374,0.070897,1.000000,-0.013412
1779542829.047561,0,1,-1.471020,0.164964,0.070192,1.000000,-0.013412
1779542829.057938,0,1,-1.461036,0.165532,0.069297,1.000000,-0.013047
1779542829.068000,0,1,-1.451053,0.166106,0.068592,1.000000,-0.013047
1779542829.078155,0,1,-1.441068,0.166657,0.067696,1.000000,-0.011445
1779542829.087875,0,1,-1.431084,0.167215,0.066991,1.000000,-0.011445
1779542829.098223,0,1,-1.421098,0.167750,0.066095,1.000000,-0.011445
1779542829.108231,0,1,-1.411113,0.168291,0.065389,1.000000,-0.011445
1779542829.117927,0,1,-1.401126,0.168810,0.064493,1.000000,-0.010236
1779542829.128041,0,1,-1.391140,0.169335,0.063787,1.000000,-0.010236
1779542829.137899,0,1,-1.381153,0.169839,0.062892,1.000000,-0.009421
1779542829.147740,0,1,-1.371167,0.170371,0.062432,1.000000,-0.009421
1779542829.157983,0,1,-1.361184,0.170962,0.062488,1.000000,-0.008132
1779542829.167980,0,1,-1.351203,0.171566,0.062473,1.000000,-0.008132
1779542829.177643,0,1,-1.341223,0.172200,0.062694,1.000000,-0.006961
1779542829.187751,0,1,-1.331243,0.172832,0.062743,1.000000,-0.006961
1779542829.197733,0,1,-1.321264,0.173483,0.062989,1.000000,-0.006961
1779542829.207369,0,1,-1.311285,0.174126,0.063050,1.000000,-0.006763
1779542829.217715,0,1,-1.301306,0.174786,0.063303,1.000000,-0.006763
1779542829.227518,0,1,-1.291328,0.175435,0.063367,1.000000,-0.007060
1779542829.238246,0,1,-1.281350,0.176100,0.063621,1.000000,-0.007060
1779542829.247514,0,1,-1.271371,0.176753,0.063686,1.000000,-0.007060
1779542829.257790,0,1,-1.261393,0.177422,0.063941,1.000000,-0.007984
1779542829.267995,0,1,-1.251415,0.178079,0.064006,1.000000,-0.007984
1779542829.277909,0,1,-1.241438,0.178751,0.064261,1.000000,-0.008481
1779542829.287674,0,1,-1.231459,0.179411,0.064326,1.000000,-0.008481
1779542829.297759,0,1,-1.221482,0.180087,0.064581,1.000000,-0.008481
1779542829.308162,0,1,-1.211504,0.180750,0.064646,1.000000,-0.009670
1779542829.317460,0,1,-1.201527,0.181429,0.064901,1.000000,-0.009670
1779542829.328053,0,1,-1.191550,0.182095,0.064966,1.000000,-0.010139
1779542829.338047,0,1,-1.181573,0.182777,0.065222,1.000000,-0.010139
1779542829.348043,0,1,-1.171595,0.183447,0.065287,1.000000,-0.010139
1779542829.357913,0,1,-1.161619,0.184132,0.065542,1.000000,-0.010777
1779542829.367797,0,1,-1.151642,0.184805,0.065607,1.000000,-0.010777
1779542829.377536,0,1,-1.141665,0.185493,0.065862,1.000000,-0.010777
1779542829.387704,0,1,-1.131687,0.186146,0.065681,1.000000,-0.011560
1779542829.398018,0,1,-1.121704,0.186734,0.064984,1.000000,-0.011560
1779542829.407958,0,1,-1.111720,0.187302,0.064358,1.000000,-0.012060
1779542829.417869,0,1,-1.101734,0.187834,0.063497,1.000000,-0.012060
1779542829.428085,0,1,-1.091748,0.188362,0.062808,1.000000,-0.012060
1779542829.438476,0,1,-1.081761,0.188864,0.061920,1.000000,-0.012855
1779542829.447668,0,1,-1.071774,0.189368,0.061219,1.000000,-0.012855
1779542829.457732,0,1,-1.061785,0.189848,0.060326,1.000000,-0.012640
1779542829.468235,0,1,-1.051797,0.190333,0.059621,1.000000,-0.012640
1779542829.477766,0,1,-1.041808,0.190796,0.058726,1.000000,-0.012640
1779542829.487967,0,1,-1.031819,0.191264,0.058021,1.000000,-0.010983
1779542829.498281,0,1,-1.021829,0.191710,0.057125,1.000000,-0.010983
1779542829.508013,0,1,-1.011839,0.192161,0.056420,1.000000,-0.010983
1779542829.518142,0,1,-1.001848,0.192591,0.055524,1.000000,-0.010478
1779542829.528147,0,1,-0.991857,0.193027,0.054818,1.000000,-0.010478
1779542829.537962,0,1,-0.981866,0.193440,0.053922,1.000000,-0.010478
1779542829.547912,0,1,-0.971876,0.193884,0.053463,1.000000,-0.009604
1779542829.558029,0,1,-0.961888,0.194385,0.053519,1.000000,-0.009604
1779542829.567726,0,1,-0.951902,0.194899,0.053504,1.000000,-0.008381
1779542829.578120,0,1,-0.941917,0.195444,0.053724,1.000000,-0.008381
1779542829.587609,0,1,-0.931931,0.195986,0.053773,1.000000,-0.008381
1779542829.598869,0,1,-0.921947,0.196548,0.054020,1.000000,-0.007229
1779542829.607612,0,1,-0.911962,0.197101,0.054081,1.000000,-0.007229
1779542829.617671,0,1,-0.901979,0.197672,0.054334,1.000000,-0.007229
1779542829.627712,0,1,-0.891994,0.198231,0.054397,1.000000,-0.008184
1779542829.637969,0,1,-0.882011,0.198806,0.054652,1.000000,-0.008184
1779542829.647677,0,1,-0.872027,0.199370,0.054716,1.000000,-0.009242
1779542829.657889,0,1,-0.862044,0.199949,0.054971,1.000000,-0.009242
1779542829.667746,0,1,-0.852060,0.200517,0.055036,1.000000,-0.009606
1779542829.677776,0,1,-0.842077,0.201099,0.055291,1.000000,-0.009606
1779542829.687890,0,1,-0.832093,0.201670,0.055356,1.000000,-0.010077
1779542829.697741,0,1,-0.822110,0.202256,0.055612,1.000000,-0.010077
1779542829.707979,0,1,-0.812127,0.202830,0.055677,1.000000,-0.010077
1779542829.718320,0,1,-0.802144,0.203419,0.055932,1.000000,-0.011606
1779542829.727945,0,1,-0.792161,0.203996,0.055997,1.000000,-0.011606
1779542829.737813,0,1,-0.782178,0.204588,0.056252,1.000000,-0.011606
1779542829.747782,0,1,-0.772194,0.205145,0.056071,1.000000,-0.011606
1779542829.757699,0,1,-0.762206,0.205637,0.055374,1.000000,-0.012676
1779542829.768448,0,1,-0.752217,0.206110,0.054748,1.000000,-0.012676
1779542829.777874,0,1,-0.742227,0.206545,0.053887,1.000000,-0.013293
1779542829.787686,0,1,-0.732236,0.206978,0.053198,1.000000,-0.013293
1779542829.797791,0,1,-0.722244,0.207383,0.052310,1.000000,-0.013293
1779542829.808221,0,1,-0.712253,0.207791,0.051609,1.000000,-0.013293
1779542829.818179,0,1,-0.702260,0.208176,0.050716,1.000000,-0.013759
1779542829.827874,0,1,-0.692268,0.208564,0.050011,1.000000,-0.013759
1779542829.837764,0,1,-0.682274,0.208931,0.049116,1.000000,-0.012388
1779542829.847983,0,1,-0.672281,0.209303,0.048411,1.000000,-0.012388
1779542829.857594,0,1,-0.662287,0.209653,0.047515,1.000000,-0.011323
1779542829.867374,0,1,-0.652294,0.210009,0.046810,1.000000,-0.011323
1779542829.878020,0,1,-0.642299,0.210342,0.045914,1.000000,-0.010222
1779542829.887495,0,1,-0.632305,0.210682,0.045208,1.000000,-0.010222
1779542829.897951,0,1,-0.622310,0.211000,0.044312,1.000000,-0.010222
1779542829.907666,0,1,-0.612316,0.211347,0.043853,1.000000,-0.008457
1779542829.917981,0,1,-0.602324,0.211752,0.043909,1.000000,-0.008457
1779542829.927973,0,1,-0.592333,0.212170,0.043894,1.000000,-0.007299
1779542829.937508,0,1,-0.582343,0.212619,0.044114,1.000000,-0.007299
1779542829.947729,0,1,-0.572353,0.213065,0.044163,1.000000,-0.007299
1779542829.957953,0,1,-0.562364,0.213531,0.044410,1.000000,-0.008187
1779542829.968251,0,1,-0.552374,0.213988,0.044471,1.000000,-0.008187
1779542829.979412,0,1,-0.542386,0.214463,0.044724,1.000000,-0.008187
1779542829.987715,0,1,-0.532396,0.214926,0.044787,1.000000,-0.008638
1779542829.998021,0,1,-0.522408,0.215406,0.045042,1.000000,-0.008638
1779542830.007692,0,1,-0.512419,0.215873,0.045106,1.000000,-0.008638
1779542830.017810,0,1,-0.502431,0.216357,0.045361,1.000000,-0.010381
1779542830.027973,0,1,-0.492442,0.216828,0.045426,1.000000,-0.010381
1779542830.037535,0,1,-0.482454,0.217315,0.045681,1.000000,-0.011672
1779542830.047996,0,1,-0.472465,0.217789,0.045746,1.000000,-0.011672
1779542830.057999,0,1,-0.462477,0.218279,0.046002,1.000000,-0.011672
1779542830.068014,0,1,-0.452487,0.218733,0.045821,1.000000,-0.012296
1779542830.077808,0,1,-0.442495,0.219123,0.045123,1.000000,-0.012296
1779542830.087922,0,1,-0.432502,0.219493,0.044498,1.000000,-0.012829
1779542830.097783,0,1,-0.422507,0.219827,0.043637,1.000000,-0.012829
1779542830.107778,0,1,-0.412513,0.220157,0.042947,1.000000,-0.013979
1779542830.117867,0,1,-0.402517,0.220460,0.042060,1.000000,-0.013979
1779542830.127820,0,1,-0.392522,0.220765,0.041358,1.000000,-0.013979
1779542830.137403,0,1,-0.382526,0.221047,0.040465,1.000000,-0.013583
1779542830.147854,0,1,-0.372530,0.221334,0.039761,1.000000,-0.013583
1779542830.157920,0,1,-0.362534,0.221598,0.038865,1.000000,-0.012952
1779542830.167721,0,1,-0.352537,0.221867,0.038160,1.000000,-0.012952
1779542830.177820,0,1,-0.342540,0.222115,0.037265,1.000000,-0.011906
1779542830.187589,0,1,-0.332543,0.222368,0.036559,1.000000,-0.011906
1779542830.197855,0,1,-0.322546,0.222599,0.035663,1.000000,-0.011906
1779542830.207698,0,1,-0.312549,0.222836,0.034957,1.000000,-0.011193
1779542830.217821,0,1,-0.302551,0.223051,0.034062,1.000000,-0.011193
1779542830.227414,0,1,-0.292554,0.223272,0.033356,1.000000,-0.010103
1779542830.237662,0,1,-0.282556,0.223472,0.032460,1.000000,-0.010103
1779542830.247824,0,1,-0.272558,0.223700,0.032000,1.000000,-0.010150
1779542830.258019,0,1,-0.262563,0.223987,0.032057,1.000000,-0.010150
1779542830.267810,0,1,-0.252567,0.224287,0.032042,1.000000,-0.008915
1779542830.278157,0,1,-0.242572,0.224617,0.032262,1.000000,-0.008915
1779542830.287589,0,1,-0.232578,0.224944,0.032311,1.000000,-0.008992
1779542830.297613,0,1,-0.222584,0.225292,0.032558,1.000000,-0.008992
1779542830.307980,0,1,-0.212590,0.225631,0.032619,1.000000,-0.008992
1779542830.317663,0,1,-0.202596,0.225987,0.032871,1.000000,-0.008570
1779542830.327715,0,1,-0.192602,0.226332,0.032935,1.000000,-0.008925
1779542830.337492,0,1,-0.182608,0.226693,0.033189,1.000000,-0.008925
1779542830.347649,0,1,-0.172615,0.227043,0.033254,1.000000,-0.008925
1779542830.357708,0,1,-0.162621,0.227407,0.033509,1.000000,-0.009537
1779542830.367825,0,1,-0.152627,0.227760,0.033574,1.000000,-0.009537
1779542830.378167,0,1,-0.142634,0.228129,0.033829,1.000000,-0.010015
1779542830.387582,0,1,-0.132641,0.228485,0.033894,1.000000,-0.010015
1779542830.397730,0,1,-0.122648,0.228856,0.034149,1.000000,-0.010502
1779542830.408125,0,1,-0.112654,0.229216,0.034214,1.000000,-0.010502
1779542830.417873,0,1,-0.102661,0.229591,0.034470,1.000000,-0.010995
1779542830.427847,0,1,-0.092668,0.229953,0.034535,1.000000,-0.010995
1779542830.437688,0,1,-0.082675,0.230331,0.034790,1.000000,-0.011492
1779542830.447846,0,1,-0.072681,0.230673,0.034609,1.000000,-0.011492
1779542830.457874,0,1,-0.062685,0.230951,0.033912,1.000000,-0.012737
1779542830.467680,0,1,-0.052688,0.231209,0.033286,1.000000,-0.012737
1779542830.477649,0,1,-0.042690,0.231431,0.032425,1.000000,-0.013594
1779542830.487836,0,1,-0.032693,0.231648,0.031736,1.000000,-0.013594
1779542830.497649,0,1,-0.022695,0.231839,0.030848,1.000000,-0.013594
1779542830.507417,0,1,-0.012696,0.232033,0.030147,1.000000,-0.013594
1779542830.517807,0,1,-0.002698,0.232203,0.029253,1.000000,-0.014833
1779542830.528102,0,1,0.007301,0.232377,0.028549,1.000000,-0.014833
1779542830.537873,0,1,0.017299,0.232529,0.027654,1.000000,-0.014833
1779542830.547357,0,1,0.027298,0.232686,0.026948,1.000000,-0.014069
1779542830.557368,0,1,0.037297,0.232822,0.026053,1.000000,-0.014069
1779542830.567600,0,1,0.047296,0.232963,0.025347,1.000000,-0.012914
1779542830.577563,0,1,0.057296,0.233082,0.024451,1.000000,-0.012914
1779542830.587559,0,1,0.067295,0.233207,0.023746,1.000000,-0.011856
1779542830.597601,0,1,0.077294,0.233310,0.022850,1.000000,-0.011856
1779542830.608024,0,1,0.087294,0.233419,0.022144,1.000000,-0.011571
1779542830.617868,0,1,0.097293,0.233506,0.021248,1.000000,-0.011571
1779542830.627429,0,1,0.107293,0.233599,0.020543,1.000000,-0.010489
1779542830.637438,0,1,0.117293,0.233670,0.019647,1.000000,-0.010489
1779542830.647692,0,1,0.127292,0.233770,0.019187,1.000000,-0.010489
1779542830.657342,0,1,0.137291,0.233929,0.019243,1.000000,-0.009774
1779542830.667454,0,1,0.147289,0.234101,0.019228,1.000000,-0.009774
1779542830.677822,0,1,0.157287,0.234303,0.019449,1.000000,-0.009138
1779542830.687819,0,1,0.167285,0.234502,0.019498,1.000000,-0.009138
1779542830.697580,0,1,0.177283,0.234722,0.019745,1.000000,-0.008582
1779542830.707535,0,1,0.187281,0.234933,0.019805,1.000000,-0.008582
1779542830.717380,0,1,0.197278,0.235161,0.020058,1.000000,-0.008656
1779542830.727562,0,1,0.207276,0.235378,0.020122,1.000000,-0.008656
1779542830.737565,0,1,0.217273,0.235611,0.020376,1.000000,-0.008656
1779542830.747418,0,1,0.227270,0.235832,0.020441,1.000000,-0.010092
1779542830.757492,0,1,0.237268,0.236069,0.020696,1.000000,-0.010092
1779542830.767924,0,1,0.247265,0.236294,0.020761,1.000000,-0.010092
1779542830.777588,0,1,0.257262,0.236534,0.021016,1.000000,-0.010630
1779542830.787530,0,1,0.267260,0.236762,0.021081,1.000000,-0.010630
1779542830.797748,0,1,0.277257,0.237005,0.021336,1.000000,-0.011701
1779542830.807726,0,1,0.287254,0.237225,0.021278,1.000000,-0.011701
1779542830.817387,0,1,0.297253,0.237408,0.020934,1.000000,-0.012104
1779542830.827572,0,1,0.307252,0.237535,0.020178,1.000000,-0.012104
1779542830.837732,0,1,0.317251,0.237648,0.019529,1.000000,-0.012636
1779542830.847779,0,1,0.327251,0.237727,0.018659,1.000000,-0.012636
1779542830.857789,0,1,0.337250,0.237805,0.017965,1.000000,-0.012636
1779542830.867584,0,1,0.347250,0.237856,0.017076,1.000000,-0.012932
1779542830.877622,0,1,0.357250,0.237911,0.016374,1.000000,-0.012932
1779542830.887941,0,1,0.367250,0.237943,0.015480,1.000000,-0.012053
1779542830.897909,0,1,0.377250,0.237979,0.014775,1.000000,-0.012053
1779542830.907811,0,1,0.387250,0.237993,0.013880,1.000000,-0.011005
1779542830.917758,0,1,0.397250,0.238013,0.013174,1.000000,-0.011005
1779542830.928169,0,1,0.407250,0.238010,0.012279,1.000000,-0.011005
1779542830.937806,0,1,0.417250,0.238013,0.011573,1.000000,-0.009272
1779542830.947745,0,1,0.427250,0.237995,0.010677,1.000000,-0.009272
1779542830.957457,0,1,0.437250,0.238006,0.010218,1.000000,-0.009272
1779542830.968338,0,1,0.447250,0.238075,0.010274,1.000000,-0.008097
1779542830.977783,0,1,0.457249,0.238157,0.010259,1.000000,-0.008097
1779542830.987731,0,1,0.467249,0.238269,0.010480,1.000000,-0.006928
1779542830.997690,0,1,0.477248,0.238379,0.010528,1.000000,-0.006928
1779542831.007868,0,1,0.487247,0.238509,0.010775,1.000000,-0.008345
1779542831.017659,0,1,0.497247,0.238630,0.010836,1.000000,-0.008345
1779542831.027892,0,1,0.507246,0.238769,0.011089,1.000000,-0.008548
1779542831.037734,0,1,0.517245,0.238896,0.011152,1.000000,-0.008548
1779542831.047872,0,1,0.527244,0.239039,0.011407,1.000000,-0.009658
1779542831.057803,0,1,0.537243,0.239171,0.011471,1.000000,-0.009658
1779542831.067696,0,1,0.547242,0.239318,0.011726,1.000000,-0.010013
1779542831.077730,0,1,0.557241,0.239453,0.011791,1.000000,-0.010013
1779542831.088150,0,1,0.567240,0.239604,0.012046,1.000000,-0.010502
1779542831.097889,0,1,0.577239,0.239742,0.012111,1.000000,-0.010502
1779542831.107674,0,1,0.587238,0.239896,0.012367,1.000000,-0.010502
1779542831.117737,0,1,0.597237,0.240038,0.012432,1.000000,-0.011736
1779542831.127968,0,1,0.607235,0.240195,0.012687,1.000000,-0.011736
1779542831.137799,0,1,0.617235,0.240316,0.012506,1.000000,-0.012260
1779542831.147770,0,1,0.627234,0.240373,0.011809,1.000000,-0.012260
1779542831.157741,0,1,0.637234,0.240409,0.011183,1.000000,-0.013187
1779542831.168107,0,1,0.647234,0.240410,0.010322,1.000000,-0.013187
1779542831.177883,0,1,0.657234,0.240407,0.009633,1.000000,-0.013741
1779542831.187456,0,1,0.667234,0.240377,0.008745,1.000000,-0.013741
1779542831.197566,0,1,0.677234,0.240349,0.008044,1.000000,-0.013834
1779542831.207808,0,1,0.687234,0.240298,0.007150,1.000000,-0.013834
1779542831.217787,0,1,0.697234,0.240251,0.006446,1.000000,-0.013834
1779542831.227802,0,1,0.707234,0.240182,0.005551,1.000000,-0.012350
1779542831.237783,0,1,0.717233,0.240119,0.004846,1.000000,-0.012350
1779542831.247684,0,1,0.727233,0.240033,0.003950,1.000000,-0.012063
1779542831.257631,0,1,0.737233,0.239953,0.003244,1.000000,-0.012063
1779542831.267792,0,1,0.747232,0.239851,0.002348,1.000000,-0.010871
1779542831.277684,0,1,0.757232,0.239755,0.001643,1.000000,-0.010871
1779542831.287923,0,1,0.767231,0.239637,0.000747,1.000000,-0.010724
1779542831.297615,0,1,0.777230,0.239525,0.000041,1.000000,-0.010724
1779542831.307360,0,1,0.787230,0.239391,6.282331,1.000000,-0.010724
1779542831.317701,0,1,0.797229,0.239275,6.281748,1.000000,-0.008758
1779542831.328084,0,1,0.807228,0.239176,6.281328,1.000000,-0.008758
1779542831.338168,0,1,0.817228,0.239100,6.281091,1.000000,-0.007621
1779542831.347310,0,1,0.827228,0.239067,6.281229,1.000000,-0.007621
1779542831.357680,0,1,0.837228,0.239039,6.281246,1.000000,-0.007621
1779542831.368039,0,1,0.847228,0.239037,6.281480,1.000000,-0.006061
1779542831.377851,0,1,0.857228,0.239029,6.281535,1.000000,-0.006061
1779542831.387550,0,1,0.867228,0.239040,6.281784,1.000000,-0.006061
1779542831.397791,0,1,0.877228,0.239041,6.281847,1.000000,-0.006061
1779542831.407757,0,1,0.887228,0.239059,6.282100,1.000000,-0.006510
1779542831.417905,0,1,0.897228,0.239065,6.282164,1.000000,-0.006510
1779542831.427591,0,1,0.907228,0.239087,6.282419,1.000000,-0.006888
1779542831.437744,0,1,0.917228,0.239097,6.282484,1.000000,-0.006888
1779542831.447959,0,1,0.927228,0.239122,6.282739,1.000000,-0.006888
1779542831.457570,0,1,0.937228,0.239136,6.282804,1.000000,-0.006888
1779542831.467749,0,1,0.947228,0.239165,6.283059,1.000000,-0.009080
1779542831.477691,0,1,0.957228,0.239181,6.283124,1.000000,-0.009080
1779542831.487561,0,1,0.967228,0.239213,0.000194,1.000000,-0.009080
1779542831.497548,0,1,0.977228,0.239234,0.000259,1.000000,-0.010383
1779542831.507563,0,1,0.987228,0.239269,0.000514,1.000000,-0.010383
1779542831.517808,0,1,0.997228,0.239292,0.000579,1.000000,-0.010383
1779542831.527498,0,1,1.007227,0.239330,0.000835,1.000000,-0.010944
1779542831.537903,0,1,1.017227,0.239357,0.000900,1.000000,-0.010944
1779542831.547730,0,1,1.027227,0.239399,0.001155,1.000000,-0.010944
1779542831.557763,0,1,1.037227,0.239404,0.000974,1.000000,-0.012136
1779542831.568131,0,1,1.047227,0.239346,0.000277,1.000000,-0.012136
1779542831.577790,0,1,1.057227,0.239268,6.282836,1.000000,-0.012136
1779542831.587799,0,1,1.067226,0.239153,6.281975,1.000000,-0.012847
1779542831.597511,0,1,1.077225,0.239034,6.281286,1.000000,-0.012847
1779542831.608655,0,1,1.087224,0.238889,6.280398,1.000000,-0.012847
1779542831.617595,0,1,1.097223,0.238746,6.279697,1.000000,-0.013051
1779542831.627497,0,1,1.107222,0.238579,6.278804,1.000000,-0.013051
1779542831.637409,0,1,1.117221,0.238417,6.278099,1.000000,-0.013051
1779542831.647821,0,1,1.127219,0.238233,6.277204,1.000000,-0.012306
1779542831.657526,0,1,1.137217,0.238054,6.276499,1.000000,-0.012306
1779542831.667846,0,1,1.147215,0.237853,6.275603,1.000000,-0.012306
1779542831.677785,0,1,1.157213,0.237658,6.274898,1.000000,-0.010521
1779542831.687598,0,1,1.167211,0.237441,6.274002,1.000000,-0.010521
1779542831.697855,0,1,1.177209,0.237253,6.273542,1.000000,-0.010521
1779542831.707711,0,1,1.187208,0.237123,6.273599,1.000000,-0.009613
1779542831.717916,0,1,1.197208,0.237007,6.273584,1.000000,-0.009613
1779542831.727867,0,1,1.207207,0.236921,6.273804,1.000000,-0.009613
1779542831.737899,0,1,1.217207,0.236832,6.273853,1.000000,-0.007845
1779542831.747767,0,1,1.227207,0.236763,6.274100,1.000000,-0.007845
1779542831.757678,0,1,1.237206,0.236686,6.274161,1.000000,-0.007845
1779542831.767688,0,1,1.247206,0.236626,6.274413,1.000000,-0.008300
1779542831.777639,0,1,1.257206,0.236555,6.274477,1.000000,-0.008300
1779542831.787846,0,1,1.267206,0.236499,6.274731,1.000000,-0.008300
1779542831.797798,0,1,1.277206,0.236432,6.274796,1.000000,-0.008300
1779542831.807930,0,1,1.287205,0.236381,6.275051,1.000000,-0.009570
1779542831.817938,0,1,1.297205,0.236317,6.275116,1.000000,-0.009570
1779542831.827774,0,1,1.307205,0.236269,6.275371,1.000000,-0.009570
1779542831.837811,0,1,1.317205,0.236209,6.275436,1.000000,-0.010045
1779542831.849007,0,1,1.327205,0.236164,6.275691,1.000000,-0.010045
1779542831.858017,0,1,1.337205,0.236107,6.275756,1.000000,-0.010842
1779542831.867693,0,1,1.347205,0.236066,6.276012,1.000000,-0.010842
1779542831.877970,0,1,1.357204,0.235988,6.275831,1.000000,-0.010842
1779542831.887919,0,1,1.367203,0.235846,6.275134,1.000000,-0.011497
1779542831.898098,0,1,1.377202,0.235685,6.274508,1.000000,-0.011497
1779542831.907681,0,1,1.387200,0.235487,6.273647,1.000000,-0.011497
1779542831.917898,0,1,1.397198,0.235285,6.272957,1.000000,-0.011497
1779542831.928258,0,1,1.407195,0.235056,6.272070,1.000000,-0.012584
1779542831.937902,0,1,1.417193,0.234830,6.271368,1.000000,-0.012584
1779542831.947778,0,1,1.427190,0.234580,6.270475,1.000000,-0.012584
1779542831.957819,0,1,1.437187,0.234335,6.269771,1.000000,-0.011973
1779542831.968016,0,1,1.447183,0.234068,6.268875,1.000000,-0.011973
1779542831.977689,0,1,1.457180,0.233805,6.268170,1.000000,-0.010921
1779542831.987814,0,1,1.467175,0.233521,6.267275,1.000000,-0.010921
1779542831.997823,0,1,1.477172,0.233242,6.266569,1.000000,-0.010454
1779542832.007961,0,1,1.487167,0.232942,6.265673,1.000000,-0.010454
1779542832.017741,0,1,1.497163,0.232671,6.265214,1.000000,-0.008752
1779542832.027383,0,1,1.507161,0.232458,6.265270,1.000000,-0.008752
1779542832.037970,0,1,1.517159,0.232259,6.265255,1.000000,-0.008346
1779542832.048145,0,1,1.527158,0.232089,6.265476,1.000000,-0.008346
1779542832.057966,0,1,1.537156,0.231917,6.265524,1.000000,-0.008346
1779542832.067885,0,1,1.547155,0.231765,6.265771,1.000000,-0.007291
1779542832.077897,0,1,1.557154,0.231604,6.265832,1.000000,-0.007291
1779542832.087990,0,1,1.567153,0.231461,6.266085,1.000000,-0.008116
1779542832.097934,0,1,1.577151,0.231306,6.266148,1.000000,-0.008116
1779542832.107425,0,1,1.587151,0.231168,6.266403,1.000000,-0.008320
1779542832.117667,0,1,1.597149,0.231017,6.266467,1.000000,-0.008320
1779542832.128037,0,1,1.607148,0.230883,6.266722,1.000000,-0.008760
1779542832.137629,0,1,1.617147,0.230736,6.266787,1.000000,-0.008760
1779542832.147656,0,1,1.627147,0.230604,6.267042,1.000000,-0.009592
1779542832.157673,0,1,1.637145,0.230461,6.267107,1.000000,-0.009592
1779542832.167682,0,1,1.647145,0.230333,6.267363,1.000000,-0.009592
1779542832.177757,0,1,1.657144,0.230193,6.267428,1.000000,-0.009975
1779542832.187901,0,1,1.667143,0.230068,6.267683,1.000000,-0.009975
1779542832.197830,0,1,1.677142,0.229931,6.267748,1.000000,-0.011132
1779542832.207950,0,1,1.687141,0.229809,6.268003,1.000000,-0.011132
1779542832.217875,0,1,1.697140,0.229652,6.267822,1.000000,-0.011132
1779542832.227921,0,1,1.707137,0.229430,6.267125,1.000000,-0.011717
1779542832.237437,0,1,1.717135,0.229188,6.266500,1.000000,-0.011717
1779542832.247979,0,1,1.727131,0.228910,6.265638,1.000000,-0.012504
1779542832.257794,0,1,1.737127,0.228628,6.264949,1.000000,-0.012504
1779542832.267769,0,1,1.747122,0.228319,6.264061,1.000000,-0.012737
1779542832.277936,0,1,1.757117,0.228013,6.263360,1.000000,-0.012737
1779542832.287677,0,1,1.767112,0.227683,6.262467,1.000000,-0.012737
1779542832.297949,0,1,1.777106,0.227358,6.261762,1.000000,-0.011336
1779542832.307958,0,1,1.787100,0.227011,6.260867,1.000000,-0.011336
1779542832.317688,0,1,1.797095,0.226668,6.260162,1.000000,-0.011336
1779542832.327906,0,1,1.807088,0.226304,6.259266,1.000000,-0.010190
1779542832.337665,0,1,1.817081,0.225945,6.258561,1.000000,-0.010190
1779542832.347536,0,1,1.827074,0.225565,6.257665,1.000000,-0.009072
1779542832.357923,0,1,1.837068,0.225214,6.257205,1.000000,-0.009072
1779542832.367885,0,1,1.847064,0.224921,6.257262,1.000000,-0.007927
1779542832.377671,0,1,1.857060,0.224641,6.257247,1.000000,-0.007927
1779542832.387650,0,1,1.867057,0.224392,6.257467,1.000000,-0.007927
1779542832.397631,0,1,1.877054,0.224139,6.257516,1.000000,-0.006096
1779542832.407958,0,1,1.887051,0.223908,6.257763,1.000000,-0.006096
1779542832.418100,0,1,1.897048,0.223667,6.257824,1.000000,-0.005859
1779542832.427646,0,1,1.907045,0.223443,6.258076,1.000000,-0.005859
1779542832.437635,0,1,1.917043,0.223209,6.258140,1.000000,-0.006149
1779542832.447857,0,1,1.927040,0.222990,6.258394,1.000000,-0.006149
1779542832.457473,0,1,1.937038,0.222760,6.258459,1.000000,-0.006149
1779542832.467995,0,1,1.947035,0.222545,6.258714,1.000000,-0.006656
1779542832.477857,0,1,1.957033,0.222318,6.258779,1.000000,-0.006656
1779542832.488918,0,1,1.967030,0.222106,6.259034,1.000000,-0.007542
1779542832.498022,0,1,1.977028,0.221883,6.259099,1.000000,-0.007542
1779542832.507532,0,1,1.987026,0.221675,6.259354,1.000000,-0.007542
1779542832.517561,0,1,1.997023,0.221455,6.259419,1.000000,-0.009599
1779542832.527668,0,1,2.007021,0.221250,6.259675,1.000000,-0.009599
1779542832.537944,0,1,2.017019,0.221033,6.259740,1.000000,-0.009767
1779542832.547440,0,1,2.027017,0.220831,6.259995,1.000000,-0.009767
1779542832.557832,0,1,2.037015,0.220617,6.260060,1.000000,-0.010861
1779542832.567944,0,1,2.047013,0.220419,6.260315,1.000000,-0.010861
1779542832.577517,0,1,2.057010,0.220184,6.260134,1.000000,-0.010861
1779542832.587853,0,1,2.067005,0.219885,6.259437,1.000000,-0.011524
1779542832.597957,0,1,2.077000,0.219567,6.258812,1.000000,-0.011524
1779542832.607707,0,1,2.086994,0.219212,6.257950,1.000000,-0.012211
1779542832.617519,0,1,2.096988,0.218853,6.257261,1.000000,-0.012211
1779542832.627558,0,1,2.106980,0.218467,6.256373,1.000000,-0.012522
1779542832.637462,0,1,2.116973,0.218084,6.255672,1.000000,-0.012522
1779542832.648273,0,1,2.126964,0.217678,6.254779,1.000000,-0.012522
1779542832.657699,0,1,2.136956,0.217276,6.254074,1.000000,-0.011362
1779542832.667639,0,1,2.146947,0.216851,6.253179,1.000000,-0.011362
1779542832.677933,0,1,2.156939,0.216432,6.252474,1.000000,-0.010288
1779542832.688183,0,1,2.166929,0.215991,6.251578,1.000000,-0.010288
1779542832.697544,0,1,2.176920,0.215580,6.251119,1.000000,-0.010288
1779542832.707643,0,1,2.186914,0.215226,6.251175,1.000000,-0.009146
1779542832.717891,0,1,2.196908,0.214885,6.251160,1.000000,-0.009146
1779542832.728282,0,1,2.206903,0.214575,6.251381,1.000000,-0.008003
1779542832.737595,0,1,2.216899,0.214262,6.251430,1.000000,-0.008003
1779542832.747930,0,1,2.226894,0.213969,6.251677,1.000000,-0.008003
1779542832.757609,0,1,2.236890,0.213668,6.251737,1.000000,-0.007660
1779542832.769213,0,1,2.246886,0.213383,6.251990,1.000000,-0.007660
1779542832.778018,0,1,2.256881,0.213088,6.252054,1.000000,-0.007975
1779542832.787852,0,1,2.266877,0.212808,6.252308,1.000000,-0.007975
1779542832.797480,0,1,2.276873,0.212517,6.252373,1.000000,-0.007975
1779542832.808079,0,1,2.286869,0.212241,6.252628,1.000000,-0.008732
1779542832.817693,0,1,2.296865,0.211954,6.252693,1.000000,-0.008732
1779542832.827633,0,1,2.306861,0.211681,6.252948,1.000000,-0.009185
1779542832.838019,0,1,2.316857,0.211397,6.253013,1.000000,-0.009185
1779542832.848003,0,1,2.326854,0.211128,6.253268,1.000000,-0.009641
1779542832.857910,0,1,2.336850,0.210847,6.253333,1.000000,-0.009641
1779542832.867992,0,1,2.346846,0.210581,6.253588,1.000000,-0.010093
1779542832.877606,0,1,2.356842,0.210303,6.253653,1.000000,-0.010093
1779542832.888149,0,1,2.366839,0.210041,6.253909,1.000000,-0.010093
1779542832.897961,0,1,2.376835,0.209766,6.253974,1.000000,-0.010868
1779542832.908000,0,1,2.386832,0.209507,6.254229,1.000000,-0.010868
1779542832.917542,0,1,2.396827,0.209211,6.254048,1.000000,-0.011337
1779542832.927930,0,1,2.406821,0.208852,6.253351,1.000000,-0.011337
1779542832.937946,0,1,2.416814,0.208472,6.252725,1.000000,-0.011337
1779542832.947844,0,1,2.426805,0.208056,6.251864,1.000000,-0.011972
1779542832.958010,0,1,2.436796,0.207637,6.251175,1.000000,-0.011972
1779542832.968025,0,1,2.446786,0.207191,6.250287,1.000000,-0.012480
1779542832.977929,0,1,2.456776,0.206747,6.249586,1.000000,-0.012480
1779542832.987895,0,1,2.466765,0.206279,6.248692,1.000000,-0.012480
1779542832.997843,0,1,2.476755,0.205816,6.247988,1.000000,-0.011712
1779542833.008167,0,1,2.486743,0.205331,6.247093,1.000000,-0.011712
1779542833.017600,0,1,2.496731,0.204851,6.246388,1.000000,-0.010567
1779542833.027502,0,1,2.506719,0.204350,6.245492,1.000000,-0.010567
1779542833.037901,0,1,2.516707,0.203865,6.244909,1.000000,-0.010567
1779542833.048033,0,1,2.526696,0.203399,6.244490,1.000000,-0.009422
1779542833.057662,0,1,2.536686,0.202942,6.244129,1.000000,-0.009422
1779542833.067859,0,1,2.546676,0.202501,6.243915,1.000000,-0.009422
1779542833.077886,0,1,2.556668,0.202102,6.244062,1.000000,-0.007550
1779542833.087928,0,1,2.566660,0.201705,6.244083,1.000000,-0.007550
1779542833.097816,0,1,2.576653,0.201333,6.244319,1.000000,-0.007550
1779542833.107721,0,1,2.586646,0.200955,6.244375,1.000000,-0.007063
1779542833.117988,0,1,2.596640,0.200595,6.244625,1.000000,-0.007063
1779542833.127945,0,1,2.606633,0.200225,6.244688,1.000000,-0.007134
1779542833.137604,0,1,2.616626,0.199871,6.244941,1.000000,-0.007134
1779542833.147728,0,1,2.626620,0.199506,6.245006,1.000000,-0.007803
1779542833.157819,0,1,2.636614,0.199156,6.245260,1.000000,-0.007803
1779542833.168581,0,1,2.646607,0.198795,6.245325,1.000000,-0.008152
1779542833.177951,0,1,2.656601,0.198448,6.245580,1.000000,-0.008152
1779542833.187477,0,1,2.666595,0.198091,6.245645,1.000000,-0.008152
1779542833.197910,0,1,2.676589,0.197748,6.245900,1.000000,-0.008920
1779542833.207899,0,1,2.686583,0.197393,6.245965,1.000000,-0.008920
1779542833.217958,0,1,2.696577,0.197054,6.246221,1.000000,-0.008920
1779542833.227836,0,1,2.706571,0.196702,6.246286,1.000000,-0.009605
1779542833.237653,0,1,2.716565,0.196366,6.246541,1.000000,-0.009605
1779542833.248129,0,1,2.726559,0.196018,6.246606,1.000000,-0.010246
1779542833.257958,0,1,2.736553,0.195685,6.246861,1.000000,-0.010246
1779542833.267802,0,1,2.746547,0.195340,6.246926,1.000000,-0.010651
1779542833.277656,0,1,2.756542,0.195010,6.247182,1.000000,-0.010651
1779542833.287730,0,1,2.766536,0.194656,6.247124,1.000000,-0.011282
1779542833.298003,0,1,2.776528,0.194278,6.246903,1.000000,-0.011282
1779542833.307891,0,1,2.786520,0.193872,6.246499,1.000000,-0.011282
1779542833.317878,0,1,2.796510,0.193415,6.245720,1.000000,-0.011815
1779542833.327882,0,1,2.806499,0.192947,6.245063,1.000000,-0.011815
1779542833.337764,0,1,2.816486,0.192447,6.244188,1.000000,-0.012217
1779542833.347864,0,1,2.826474,0.191946,6.243493,1.000000,-0.012217
1779542833.357809,0,1,2.836460,0.191421,6.242603,1.000000,-0.011947
1779542833.369171,0,1,2.846446,0.190898,6.241900,1.000000,-0.011947
1779542833.377796,0,1,2.856431,0.190353,6.241005,1.000000,-0.011947
1779542833.387930,0,1,2.866417,0.189813,6.240301,1.000000,-0.010358
1779542833.397947,0,1,2.876401,0.189251,6.239405,1.000000,-0.010358
1779542833.408386,0,1,2.886387,0.188718,6.238946,1.000000,-0.009320
1779542833.417821,0,1,2.896375,0.188242,6.239003,1.000000,-0.009320
1779542833.427668,0,1,2.906365,0.187780,6.238988,1.000000,-0.008165
1779542833.437665,0,1,2.916355,0.187349,6.239208,1.000000,-0.008165
1779542833.447748,0,1,2.926346,0.186914,6.239257,1.000000,-0.008165
1779542833.457606,0,1,2.936337,0.186499,6.239504,1.000000,-0.007779
1779542833.467895,0,1,2.946328,0.186076,6.239565,1.000000,-0.007779
1779542833.477884,0,1,2.956320,0.185670,6.239817,1.000000,-0.007554
1779542833.488015,0,1,2.966311,0.185253,6.239881,1.000000,-0.007554
1779542833.497710,0,1,2.976303,0.184852,6.240136,1.000000,-0.007554
1779542833.507689,0,1,2.986295,0.184439,6.240200,1.000000,-0.008365
1779542833.517844,0,1,2.996287,0.184042,6.240455,1.000000,-0.008365
1779542833.527704,0,1,3.006279,0.183632,6.240520,1.000000,-0.008800
1779542833.537799,0,1,3.016271,0.183238,6.240775,1.000000,-0.008800
1779542833.547851,0,1,3.026263,0.182832,6.240840,1.000000,-0.009354
1779542833.557915,0,1,3.036255,0.182442,6.241095,1.000000,-0.009354
1779542833.567672,0,1,3.046247,0.182039,6.241160,1.000000,-0.009755
1779542833.577913,0,1,3.056239,0.181651,6.241416,1.000000,-0.009755
1779542833.587735,0,1,3.066231,0.181252,6.241481,1.000000,-0.009755
1779542833.597793,0,1,3.076224,0.180868,6.241736,1.000000,-0.010451
1779542833.609114,0,1,3.086216,0.180472,6.241801,1.000000,-0.010451
1779542833.617745,0,1,3.096209,0.180090,6.242056,1.000000,-0.010872
1779542833.627963,0,1,3.106201,0.179697,6.242121,1.000000,-0.010872
1779542833.637925,0,1,3.116194,0.179320,6.242377,1.000000,-0.010872
1779542833.648080,0,1,3.126185,0.178906,6.242196,1.000000,-0.011695
1779542833.657915,0,1,3.136174,0.178428,6.241499,1.000000,-0.011695
1779542833.667933,0,1,3.146161,0.177930,6.240873,1.000000,-0.012147
1779542833.677881,0,1,3.156147,0.177396,6.240012,1.000000,-0.012147
1779542833.689005,0,1,3.166133,0.176858,6.239322,1.000000,-0.012634
1779542833.697924,0,1,3.176117,0.176293,6.238435,1.000000,-0.012634
1779542833.707867,0,1,3.186101,0.175731,6.237733,1.000000,-0.012634
1779542833.717530,0,1,3.196084,0.175145,6.236840,1.000000,-0.011738
1779542833.727845,0,1,3.206067,0.174564,6.236136,1.000000,-0.011738
1779542833.737716,0,1,3.216049,0.173960,6.235241,1.000000,-0.011738
1779542833.747628,0,1,3.226031,0.173362,6.234535,1.000000,-0.010355
1779542833.757647,0,1,3.236011,0.172742,6.233640,1.000000,-0.010355
1779542833.768306,0,1,3.245994,0.172151,6.233180,1.000000,-0.009176
1779542833.777778,0,1,3.255980,0.171618,6.233237,1.000000,-0.009176
1779542833.788013,0,1,3.265966,0.171098,6.233222,1.000000,-0.009176
1779542833.797838,0,1,3.275954,0.170609,6.233442,1.000000,-0.008467
1779542833.808278,0,1,3.285942,0.170116,6.233491,1.000000,-0.008467
1779542833.817964,0,1,3.295931,0.169644,6.233738,1.000000,-0.008467
1779542833.827861,0,1,3.305919,0.169164,6.233799,1.000000,-0.006953
1779542833.837816,0,1,3.315909,0.168700,6.234051,1.000000,-0.006953
1779542833.848150,0,1,3.325897,0.168225,6.234115,1.000000,-0.007248
1779542833.857929,0,1,3.335887,0.167766,6.234370,1.000000,-0.007248
1779542833.867987,0,1,3.345876,0.167296,6.234434,1.000000,-0.007626
1779542833.877899,0,1,3.355865,0.166841,6.234689,1.000000,-0.007626
1779542833.888175,0,1,3.365854,0.166374,6.234754,1.000000,-0.008030
1779542833.897916,0,1,3.375844,0.165922,6.235009,1.000000,-0.008030
1779542833.907638,0,1,3.385833,0.165459,6.235074,1.000000,-0.008030
1779542833.918007,0,1,3.395823,0.165011,6.235329,1.000000,-0.008030
1779542833.927713,0,1,3.405813,0.164550,6.235394,1.000000,-0.008992
1779542833.937941,0,1,3.415803,0.164105,6.235650,1.000000,-0.008992
1779542833.947946,0,1,3.425792,0.163648,6.235715,1.000000,-0.009550
1779542833.957758,0,1,3.435783,0.163206,6.235970,1.000000,-0.009550
1779542833.967536,0,1,3.445772,0.162752,6.236035,1.000000,-0.009550
1779542833.977611,0,1,3.455763,0.162314,6.236290,1.000000,-0.010107
1779542833.988158,0,1,3.465752,0.161863,6.236355,1.000000,-0.010107
1779542833.997777,0,1,3.475743,0.161428,6.236611,1.000000,-0.010107
1779542834.007906,0,1,3.485733,0.160980,6.236676,1.000000,-0.010815
1779542834.017511,0,1,3.495724,0.160548,6.236931,1.000000,-0.010815
1779542834.028645,0,1,3.505713,0.160080,6.236750,1.000000,-0.011304
1779542834.037848,0,1,3.515698,0.159547,6.236053,1.000000,-0.011304
1779542834.048044,0,1,3.525683,0.158995,6.235427,1.000000,-0.011734
1779542834.057952,0,1,3.535666,0.158406,6.234566,1.000000,-0.011734
1779542834.067666,0,1,3.545648,0.157814,6.233877,1.000000,-0.011734
1779542834.077899,0,1,3.555629,0.157195,6.232989,1.000000,-0.012150
1779542834.087941,0,1,3.565610,0.156578,6.232288,1.000000,-0.012150
1779542834.097874,0,1,3.575590,0.155938,6.231394,1.000000,-0.012150
1779542834.107528,0,1,3.585569,0.155303,6.230690,1.000000,-0.010710
1779542834.117892,0,1,3.595548,0.154645,6.229795,1.000000,-0.010710
1779542834.128137,0,1,3.605527,0.154004,6.229213,1.000000,-0.009617
1779542834.137785,0,1,3.615508,0.153381,6.228793,1.000000,-0.009617
1779542834.147845,0,1,3.625490,0.152780,6.228556,1.000000,-0.008733
1779542834.157774,0,1,3.635474,0.152222,6.228695,1.000000,-0.008733
1779542834.168006,0,1,3.645459,0.151670,6.228711,1.000000,-0.007530
1779542834.178214,0,1,3.655445,0.151143,6.228945,1.000000,-0.007530
1779542834.187879,0,1,3.665431,0.150610,6.229000,1.000000,-0.007530
1779542834.197548,0,1,3.675417,0.150095,6.229250,1.000000,-0.006909
1779542834.208164,0,1,3.685404,0.149571,6.229312,1.000000,-0.006909
1779542834.217786,0,1,3.695391,0.149064,6.229566,1.000000,-0.007110
1779542834.227846,0,1,3.705377,0.148545,6.229630,1.000000,-0.007110
1779542834.238016,0,1,3.715365,0.148041,6.229884,1.000000,-0.007483
1779542834.247942,0,1,3.725351,0.147526,6.229949,1.000000,-0.007483
1779542834.258000,0,1,3.735339,0.147027,6.230204,1.000000,-0.007483
1779542834.267779,0,1,3.745326,0.146515,6.230269,1.000000,-0.008156
1779542834.277939,0,1,3.755313,0.146019,6.230524,1.000000,-0.008156
1779542834.288199,0,1,3.765300,0.145510,6.230590,1.000000,-0.008593
1779542834.299628,0,1,3.775288,0.145017,6.230845,1.000000,-0.008593
1779542834.307921,0,1,3.785275,0.144512,6.230910,1.000000,-0.008593
1779542834.317527,0,1,3.795263,0.144022,6.231165,1.000000,-0.009103
1779542834.327729,0,1,3.805251,0.143520,6.231230,1.000000,-0.009103
1779542834.337855,0,1,3.815239,0.143034,6.231485,1.000000,-0.009103
1779542834.348007,0,1,3.825227,0.142535,6.231550,1.000000,-0.009833
1779542834.357897,0,1,3.835215,0.142052,6.231806,1.000000,-0.009833
1779542834.368183,0,1,3.845203,0.141556,6.231871,1.000000,-0.010297
1779542834.377671,0,1,3.855191,0.141076,6.232126,1.000000,-0.010297
1779542834.387683,0,1,3.865179,0.140584,6.232191,1.000000,-0.010732
1779542834.397581,0,1,3.875167,0.140106,6.232446,1.000000,-0.010732
1779542834.408679,0,1,3.885155,0.139606,6.232388,1.000000,-0.010732
1779542834.418202,0,1,3.895141,0.139080,6.232167,1.000000,-0.011179
1779542834.427609,0,1,3.905126,0.138539,6.231887,1.000000,-0.011179
1779542834.437892,0,1,3.915110,0.137975,6.231461,1.000000,-0.011725
1779542834.448196,0,1,3.925092,0.137363,6.230673,1.000000,-0.011725
1779542834.458028,0,1,3.935072,0.136742,6.230011,1.000000,-0.011725
1779542834.467871,0,1,3.945051,0.136090,6.229135,1.000000,-0.011815
1779542834.477798,0,1,3.955030,0.135438,6.228439,1.000000,-0.011815
1779542834.488126,0,1,3.965007,0.134762,6.227548,1.000000,-0.011478
1779542834.497582,0,1,3.974984,0.134089,6.226844,1.000000,-0.011478
1779542834.507862,0,1,3.984960,0.133394,6.225950,1.000000,-0.011478
1779542834.517971,0,1,3.994936,0.132703,6.225245,1.000000,-0.010401
1779542834.527934,0,1,4.004911,0.131990,6.224350,1.000000,-0.010401
1779542834.537957,0,1,4.014887,0.131307,6.223890,1.000000,-0.010401
1779542834.547844,0,1,4.024868,0.130681,6.223947,1.000000,-0.008322
1779542834.557882,0,1,4.034849,0.130069,6.223932,1.000000,-0.008322
1779542834.568141,0,1,4.044832,0.129487,6.224152,1.000000,-0.007123
1779542834.577715,0,1,4.054815,0.128901,6.224201,1.000000,-0.007123
1779542834.587577,0,1,4.064799,0.128337,6.224448,1.000000,-0.006113
1779542834.597730,0,1,4.074782,0.127763,6.224509,1.000000,-0.006113
1779542834.607970,0,1,4.084767,0.127207,6.224762,1.000000,-0.006377
1779542834.617951,0,1,4.094751,0.126639,6.224825,1.000000,-0.006377
1779542834.627854,0,1,4.104736,0.126088,6.225080,1.000000,-0.006377
1779542834.637816,0,1,4.114720,0.125524,6.225144,1.000000,-0.006700
1779542834.648024,0,1,4.124705,0.124977,6.225399,1.000000,-0.006700
1779542834.657546,0,1,4.134689,0.124417,6.225464,1.000000,-0.007295
1779542834.667655,0,1,4.144674,0.123873,6.225720,1.000000,-0.007295
1779542834.677788,0,1,4.154659,0.123316,6.225785,1.000000,-0.007295
1779542834.687814,0,1,4.164644,0.122775,6.226040,1.000000,-0.007827
1779542834.697902,0,1,4.174629,0.122222,6.226105,1.000000,-0.007827
1779542834.707904,0,1,4.184614,0.121684,6.226360,1.000000,-0.007827
1779542834.717746,0,1,4.194599,0.121134,6.226425,1.000000,-0.008414
1779542834.727955,0,1,4.204585,0.120600,6.226680,1.000000,-0.008414
1779542834.737797,0,1,4.214570,0.120053,6.226745,1.000000,-0.008758
1779542834.747654,0,1,4.224556,0.119522,6.227001,1.000000,-0.008758
1779542834.757601,0,1,4.234541,0.118978,6.227066,1.000000,-0.009134
1779542834.768205,0,1,4.244527,0.118450,6.227321,1.000000,-0.009134
1779542834.777714,0,1,4.254512,0.117910,6.227386,1.000000,-0.009134
1779542834.787935,0,1,4.264499,0.117385,6.227641,1.000000,-0.009566
1779542834.797883,0,1,4.274484,0.116848,6.227706,1.000000,-0.009566
1779542834.807966,0,1,4.284470,0.116326,6.227962,1.000000,-0.009970
1779542834.817772,0,1,4.294456,0.115792,6.228027,1.000000,-0.009970
1779542834.827854,0,1,4.304443,0.115273,6.228282,1.000000,-0.010420
1779542834.838160,0,1,4.314429,0.114743,6.228347,1.000000,-0.010420
1779542834.848940,0,1,4.324415,0.114227,6.228602,1.000000,-0.010878
1779542834.857956,0,1,4.334401,0.113700,6.228667,1.000000,-0.010878
1779542834.867610,0,1,4.344388,0.113187,6.228923,1.000000,-0.011332
1779542834.877490,0,1,4.354373,0.112639,6.228742,1.000000,-0.011332
1779542834.888767,0,1,4.364354,0.112027,6.228045,1.000000,-0.011790
1779542834.898123,0,1,4.374334,0.111395,6.227419,1.000000,-0.011790
1779542834.907910,0,1,4.384312,0.110726,6.226558,1.000000,-0.011790
1779542834.917885,0,1,4.394289,0.110054,6.225868,1.000000,-0.012204
1779542834.929490,0,1,4.404265,0.109355,6.224981,1.000000,-0.012204
1779542834.938736,0,1,4.414241,0.108658,6.224279,1.000000,-0.011740
1779542834.947951,0,1,4.424215,0.107938,6.223386,1.000000,-0.011740
1779542834.957753,0,1,4.434189,0.107223,6.222682,1.000000,-0.011740
1779542834.968223,0,1,4.444162,0.106485,6.221787,1.000000,-0.009998
1779542834.978022,0,1,4.454135,0.105753,6.221081,1.000000,-0.009998
1779542834.988006,0,1,4.464106,0.104998,6.220186,1.000000,-0.009998
1779542834.998016,0,1,4.474080,0.104273,6.219726,1.000000,-0.008295
1779542835.007663,0,1,4.484058,0.103606,6.219783,1.000000,-0.008295
1779542835.017845,0,1,4.494036,0.102952,6.219768,1.000000,-0.007104
1779542835.027863,0,1,4.504017,0.102328,6.219988,1.000000,-0.007104
1779542835.037668,0,1,4.513997,0.101701,6.220037,1.000000,-0.005544
1779542835.048233,0,1,4.523979,0.101095,6.220284,1.000000,-0.005544
1779542835.058147,0,1,4.533960,0.100480,6.220345,1.000000,-0.005544
1779542835.067823,0,1,4.543942,0.099882,6.220597,1.000000,-0.005768
1779542835.077866,0,1,4.553923,0.099273,6.220661,1.000000,-0.005768
1779542835.088106,0,1,4.563906,0.098680,6.220916,1.000000,-0.005768
1779542835.097927,0,1,4.573888,0.098075,6.220980,1.000000,-0.006257
1779542835.107525,0,1,4.583870,0.097485,6.221235,1.000000,-0.006257
1779542835.117561,0,1,4.593852,0.096884,6.221300,1.000000,-0.006257
1779542835.127724,0,1,4.603835,0.096298,6.221555,1.000000,-0.006731
1779542835.137819,0,1,4.613817,0.095700,6.221620,1.000000,-0.006731
1779542835.147954,0,1,4.623800,0.095118,6.221875,1.000000,-0.007125
1779542835.157872,0,1,4.633782,0.094523,6.221941,1.000000,-0.007125
1779542835.168343,0,1,4.643765,0.093944,6.222196,1.000000,-0.007352
1779542835.178375,0,1,4.653748,0.093352,6.222261,1.000000,-0.007352
1779542835.187909,0,1,4.663731,0.092776,6.222516,1.000000,-0.007735
1779542835.197823,0,1,4.673714,0.092188,6.222581,1.000000,-0.007735
1779542835.208120,0,1,4.683698,0.091615,6.222836,1.000000,-0.007735
1779542835.218023,0,1,4.693680,0.091030,6.222901,1.000000,-0.008234
1779542835.227859,0,1,4.703664,0.090460,6.223157,1.000000,-0.008234
1779542835.237967,0,1,4.713647,0.089878,6.223222,1.000000,-0.008644
1779542835.248241,0,1,4.723631,0.089311,6.223477,1.000000,-0.008644
1779542835.257838,0,1,4.733614,0.088733,6.223542,1.000000,-0.008644
1779542835.267795,0,1,4.743598,0.088169,6.223797,1.000000,-0.008967
1779542835.277586,0,1,4.753582,0.087594,6.223862,1.000000,-0.008967
1779542835.287735,0,1,4.763566,0.087034,6.224118,1.000000,-0.009397
1779542835.298099,0,1,4.773550,0.086461,6.224183,1.000000,-0.009397
