time,mode,obstacle_count,chosen_offset,speed_limit,min_obstacle_clearance,candidate_count,collision_free_count
1779542583.011655,pass_through,0,0.000,1.000,inf,1,1
1779542583.061771,pass_through,0,0.000,1.000,inf,1,1
1779542583.111645,pass_through,0,0.000,1.000,inf,1,1
1779542583.161636,pass_through,0,0.000,1.000,inf,1,1
1779542583.211694,pass_through,0,0.000,1.000,inf,1,1
1779542583.261589,pass_through,0,0.000,1.000,inf,1,1
1779542583.378401,pass_through,0,0.000,1.000,inf,1,1
1779542583.411655,pass_through,0,0.000,1.000,inf,1,1
1779542583.461661,pass_through,0,0.000,1.000,inf,1,1
1779542583.511675,pass_through,0,0.000,1.000,inf,1,1
1779542583.562393,pass_through,0,0.000,1.000,inf,1,1
1779542583.611664,pass_through,0,0.000,1.000,inf,1,1
1779542583.661672,pass_through,0,0.000,1.000,inf,1,1
1779542583.711616,pass_through,0,0.000,1.000,inf,1,1
1779542583.761772,pass_through,0,0.000,1.000,inf,1,1
1779542583.885633,pass_through,0,0.000,1.000,inf,1,1
1779542583.911663,pass_through,0,0.000,1.000,inf,1,1
1779542583.961781,pass_through,0,0.000,1.000,inf,1,1
1779542584.011688,pass_through,0,0.000,1.000,inf,1,1
1779542584.061976,pass_through,0,0.000,1.000,inf,1,1
1779542584.111651,pass_through,0,0.000,1.000,inf,1,1
1779542584.161546,pass_through,0,0.000,1.000,inf,1,1
1779542584.211688,pass_through,0,0.000,1.000,inf,1,1
1779542584.261591,pass_through,0,0.000,1.000,inf,1,1
1779542584.379990,pass_through,0,0.000,1.000,inf,1,1
1779542584.411639,pass_through,0,0.000,1.000,inf,1,1
1779542584.461788,pass_through,0,0.000,1.000,inf,1,1
1779542584.511695,pass_through,0,0.000,1.000,inf,1,1
1779542584.561606,pass_through,0,0.000,1.000,inf,1,1
1779542584.611683,pass_through,0,0.000,1.000,inf,1,1
1779542584.661977,pass_through,0,0.000,1.000,inf,1,1
1779542584.711697,pass_through,0,0.000,1.000,inf,1,1
1779542584.761858,pass_through,0,0.000,1.000,inf,1,1
1779542584.896554,pass_through,0,0.000,1.000,inf,1,1
1779542584.922159,pass_through,0,0.000,1.000,inf,1,1
1779542584.961724,pass_through,0,0.000,1.000,inf,1,1
1779542585.011690,pass_through,0,0.000,1.000,inf,1,1
1779542585.061595,pass_through,0,0.000,1.000,inf,1,1
1779542585.111679,pass_through,0,0.000,1.000,inf,1,1
1779542585.161612,pass_through,0,0.000,1.000,inf,1,1
1779542585.211778,pass_through,0,0.000,1.000,inf,1,1
1779542585.261992,pass_through,0,0.000,1.000,inf,1,1
1779542585.416917,pass_through,0,0.000,1.000,inf,1,1
1779542585.461613,pass_through,0,0.000,1.000,inf,1,1
1779542585.511682,pass_through,0,0.000,1.000,inf,1,1
1779542585.561730,pass_through,0,0.000,1.000,inf,1,1
1779542585.611693,pass_through,0,0.000,1.000,inf,1,1
1779542585.661607,pass_through,0,0.000,1.000,inf,1,1
1779542585.711640,pass_through,0,0.000,1.000,inf,1,1
1779542585.761769,pass_through,0,0.000,1.000,inf,1,1
1779542585.924560,pass_through,0,0.000,1.000,inf,1,1
1779542585.961838,pass_through,0,0.000,1.000,inf,1,1
1779542586.011825,pass_through,0,0.000,1.000,inf,1,1
1779542586.061605,pass_through,0,0.000,1.000,inf,1,1
1779542586.111669,pass_through,0,0.000,1.000,inf,1,1
1779542586.161764,pass_through,0,0.000,1.000,inf,1,1
1779542586.211629,pass_through,0,0.000,1.000,inf,1,1
1779542586.261587,pass_through,0,0.000,1.000,inf,1,1
1779542586.411442,pass_through,0,0.000,1.000,inf,1,1
1779542586.424234,pass_through,0,0.000,1.000,inf,1,1
1779542586.461714,pass_through,0,0.000,1.000,inf,1,1
1779542586.511653,pass_through,0,0.000,1.000,inf,1,1
1779542586.561572,pass_through,0,0.000,1.000,inf,1,1
1779542586.611725,pass_through,0,0.000,1.000,inf,1,1
1779542586.661587,pass_through,0,0.000,1.000,inf,1,1
1779542586.711694,pass_through,0,0.000,1.000,inf,1,1
1779542586.761635,pass_through,0,0.000,1.000,inf,1,1
1779542586.899568,pass_through,0,0.000,1.000,inf,1,1
1779542586.922031,pass_through,0,0.000,1.000,inf,1,1
1779542586.961937,pass_through,0,0.000,1.000,inf,1,1
1779542587.011624,pass_through,0,0.000,1.000,inf,1,1
1779542587.062145,pass_through,0,0.000,1.000,inf,1,1
1779542587.111642,pass_through,0,0.000,1.000,inf,1,1
1779542587.161627,pass_through,0,0.000,1.000,inf,1,1
1779542587.211681,pass_through,0,0.000,1.000,inf,1,1
1779542587.261800,pass_through,0,0.000,1.000,inf,1,1
1779542587.381773,pass_through,0,0.000,1.000,inf,1,1
1779542587.411707,pass_through,0,0.000,1.000,inf,1,1
1779542587.461604,pass_through,0,0.000,1.000,inf,1,1
1779542587.511670,pass_through,0,0.000,1.000,inf,1,1
1779542587.562052,pass_through,0,0.000,1.000,inf,1,1
1779542587.611647,pass_through,0,0.000,1.000,inf,1,1
1779542587.661594,pass_through,0,0.000,1.000,inf,1,1
1779542587.711650,pass_through,0,0.000,1.000,inf,1,1
1779542587.761663,pass_through,0,0.000,1.000,inf,1,1
1779542587.880644,pass_through,0,0.000,1.000,inf,1,1
1779542587.911781,pass_through,0,0.000,1.000,inf,1,1
1779542587.961954,pass_through,0,0.000,1.000,inf,1,1
1779542588.011701,pass_through,0,0.000,1.000,inf,1,1
1779542588.061598,pass_through,0,0.000,1.000,inf,1,1
1779542588.111652,pass_through,0,0.000,1.000,inf,1,1
1779542588.161612,pass_through,0,0.000,1.000,inf,1,1
1779542588.211700,pass_through,0,0.000,1.000,inf,1,1
1779542588.261592,pass_through,0,0.000,1.000,inf,1,1
1779542588.378513,pass_through,0,0.000,1.000,inf,1,1
1779542588.411716,pass_through,0,0.000,1.000,inf,1,1
1779542588.461706,pass_through,0,0.000,1.000,inf,1,1
1779542588.511686,pass_through,0,0.000,1.000,inf,1,1
1779542588.561594,pass_through,0,0.000,1.000,inf,1,1
1779542588.611690,pass_through,0,0.000,1.000,inf,1,1
1779542588.661902,pass_through,0,0.000,1.000,inf,1,1
1779542588.711689,pass_through,0,0.000,1.000,inf,1,1
1779542588.761951,pass_through,0,0.000,1.000,inf,1,1
1779542588.918762,pass_through,0,0.000,1.000,inf,1,1
1779542588.961670,pass_through,0,0.000,1.000,inf,1,1
1779542589.011721,pass_through,0,0.000,1.000,inf,1,1
1779542589.061820,pass_through,0,0.000,1.000,inf,1,1
1779542589.111681,pass_through,0,0.000,1.000,inf,1,1
1779542589.161654,pass_through,0,0.000,1.000,inf,1,1
1779542589.211612,pass_through,0,0.000,1.000,inf,1,1
1779542589.261565,pass_through,0,0.000,1.000,inf,1,1
1779542589.399592,pass_through,0,0.000,1.000,inf,1,1
1779542589.423922,pass_through,0,0.000,1.000,inf,1,1
1779542589.461585,pass_through,0,0.000,1.000,inf,1,1
1779542589.511674,pass_through,0,0.000,1.000,inf,1,1
1779542589.561957,pass_through,0,0.000,1.000,inf,1,1
1779542589.611638,pass_through,0,0.000,1.000,inf,1,1
1779542589.661700,pass_through,0,0.000,1.000,inf,1,1
1779542589.711684,pass_through,0,0.000,1.000,inf,1,1
1779542589.761839,pass_through,0,0.000,1.000,inf,1,1
1779542589.885551,pass_through,0,0.000,1.000,inf,1,1
1779542589.911883,pass_through,0,0.000,1.000,inf,1,1
1779542589.962452,pass_through,0,0.000,1.000,inf,1,1
1779542590.011686,pass_through,0,0.000,1.000,inf,1,1
1779542590.061570,pass_through,0,0.000,1.000,inf,1,1
1779542590.111663,pass_through,0,0.000,1.000,inf,1,1
1779542590.161581,pass_through,0,0.000,1.000,inf,1,1
1779542590.211772,pass_through,0,0.000,1.000,inf,1,1
1779542590.261745,pass_through,0,0.000,1.000,inf,1,1
1779542590.401284,pass_through,0,0.000,1.000,inf,1,1
1779542590.414510,pass_through,0,0.000,1.000,inf,1,1
1779542590.461650,pass_through,0,0.000,1.000,inf,1,1
1779542590.511838,pass_through,0,0.000,1.000,inf,1,1
1779542590.561669,pass_through,0,0.000,1.000,inf,1,1
1779542590.611654,pass_through,0,0.000,1.000,inf,1,1
1779542590.661847,pass_through,0,0.000,1.000,inf,1,1
1779542590.711628,pass_through,0,0.000,1.000,inf,1,1
1779542590.762535,pass_through,0,0.000,1.000,inf,1,1
1779542590.917260,pass_through,0,0.000,1.000,inf,1,1
1779542590.961988,pass_through,0,0.000,1.000,inf,1,1
1779542591.011656,pass_through,0,0.000,1.000,inf,1,1
1779542591.061755,pass_through,0,0.000,1.000,inf,1,1
1779542591.111647,pass_through,0,0.000,1.000,inf,1,1
1779542591.161836,pass_through,0,0.000,1.000,inf,1,1
1779542591.211709,pass_through,0,0.000,1.000,inf,1,1
1779542591.261682,pass_through,0,0.000,1.000,inf,1,1
1779542591.381724,pass_through,0,0.000,1.000,inf,1,1
1779542591.411708,pass_through,0,0.000,1.000,inf,1,1
1779542591.461743,pass_through,0,0.000,1.000,inf,1,1
1779542591.511685,pass_through,0,0.000,1.000,inf,1,1
1779542591.562027,pass_through,0,0.000,1.000,inf,1,1
1779542591.611635,pass_through,0,0.000,1.000,inf,1,1
1779542591.661803,pass_through,0,0.000,1.000,inf,1,1
1779542591.711675,pass_through,0,0.000,1.000,inf,1,1
1779542591.761738,pass_through,0,0.000,1.000,inf,1,1
1779542591.876416,pass_through,0,0.000,1.000,inf,1,1
1779542591.911622,pass_through,0,0.000,1.000,inf,1,1
1779542591.961694,pass_through,0,0.000,1.000,inf,1,1
1779542592.011668,pass_through,0,0.000,1.000,inf,1,1
1779542592.061645,pass_through,0,0.000,1.000,inf,1,1
1779542592.111681,pass_through,0,0.000,1.000,inf,1,1
1779542592.161841,pass_through,0,0.000,1.000,inf,1,1
1779542592.211673,pass_through,0,0.000,1.000,inf,1,1
1779542592.262110,pass_through,0,0.000,1.000,inf,1,1
1779542592.398928,pass_through,0,0.000,1.000,inf,1,1
1779542592.411615,pass_through,0,0.000,1.000,inf,1,1
1779542592.461603,pass_through,0,0.000,1.000,inf,1,1
1779542592.511624,pass_through,0,0.000,1.000,inf,1,1
1779542592.561758,pass_through,0,0.000,1.000,inf,1,1
1779542592.611664,pass_through,0,0.000,1.000,inf,1,1
1779542592.662026,pass_through,0,0.000,1.000,inf,1,1
1779542592.711655,pass_through,0,0.000,1.000,inf,1,1
1779542592.761766,pass_through,0,0.000,1.000,inf,1,1
1779542592.872281,pass_through,0,0.000,1.000,inf,1,1
1779542592.911710,pass_through,0,0.000,1.000,inf,1,1
1779542592.961586,pass_through,0,0.000,1.000,inf,1,1
1779542593.011636,pass_through,0,0.000,1.000,inf,1,1
1779542593.061884,pass_through,0,0.000,1.000,inf,1,1
1779542593.111721,pass_through,0,0.000,1.000,inf,1,1
1779542593.161769,pass_through,0,0.000,1.000,inf,1,1
1779542593.211709,pass_through,0,0.000,1.000,inf,1,1
1779542593.261963,pass_through,0,0.000,1.000,inf,1,1
1779542593.382787,pass_through,0,0.000,1.000,inf,1,1
1779542593.411661,pass_through,0,0.000,1.000,inf,1,1
1779542593.461685,pass_through,0,0.000,1.000,inf,1,1
1779542593.511669,pass_through,0,0.000,1.000,inf,1,1
1779542593.562230,pass_through,0,0.000,1.000,inf,1,1
1779542593.611744,pass_through,0,0.000,1.000,inf,1,1
1779542593.661939,pass_through,0,0.000,1.000,inf,1,1
1779542593.711628,pass_through,0,0.000,1.000,inf,1,1
1779542593.761772,pass_through,0,0.000,1.000,inf,1,1
1779542593.872179,pass_through,0,0.000,1.000,inf,1,1
1779542593.911692,pass_through,0,0.000,1.000,inf,1,1
1779542593.961724,pass_through,0,0.000,1.000,inf,1,1
1779542594.011666,pass_through,0,0.000,1.000,inf,1,1
1779542594.061630,pass_through,0,0.000,1.000,inf,1,1
1779542594.111640,pass_through,0,0.000,1.000,inf,1,1
1779542594.161751,pass_through,0,0.000,1.000,inf,1,1
1779542594.211675,pass_through,0,0.000,1.000,inf,1,1
1779542594.261770,pass_through,0,0.000,1.000,inf,1,1
1779542594.368202,pass_through,0,0.000,1.000,inf,1,1
1779542594.411662,pass_through,0,0.000,1.000,inf,1,1
1779542594.461600,pass_through,0,0.000,1.000,inf,1,1
1779542594.511728,pass_through,0,0.000,1.000,inf,1,1
1779542594.561726,pass_through,0,0.000,1.000,inf,1,1
1779542594.611685,pass_through,0,0.000,1.000,inf,1,1
1779542594.661867,pass_through,0,0.000,1.000,inf,1,1
1779542594.711690,pass_through,0,0.000,1.000,inf,1,1
1779542594.761676,pass_through,0,0.000,1.000,inf,1,1
1779542594.912314,pass_through,0,0.000,1.000,inf,1,1
1779542594.961745,pass_through,0,0.000,1.000,inf,1,1
1779542595.011627,pass_through,0,0.000,1.000,inf,1,1
1779542595.061774,pass_through,0,0.000,1.000,inf,1,1
1779542595.111653,pass_through,0,0.000,1.000,inf,1,1
1779542595.161910,pass_through,0,0.000,1.000,inf,1,1
1779542595.211660,pass_through,0,0.000,1.000,inf,1,1
1779542595.262010,pass_through,0,0.000,1.000,inf,1,1
1779542595.420186,pass_through,0,0.000,1.000,inf,1,1
1779542595.461692,pass_through,0,0.000,1.000,inf,1,1
1779542595.511652,pass_through,0,0.000,1.000,inf,1,1
1779542595.561802,pass_through,0,0.000,1.000,inf,1,1
1779542595.611682,pass_through,0,0.000,1.000,inf,1,1
1779542595.661706,pass_through,0,0.000,1.000,inf,1,1
1779542595.711690,pass_through,0,0.000,1.000,inf,1,1
1779542595.761565,pass_through,0,0.000,1.000,inf,1,1
1779542595.886607,pass_through,0,0.000,1.000,inf,1,1
1779542595.911627,pass_through,0,0.000,1.000,inf,1,1
1779542595.961851,pass_through,0,0.000,1.000,inf,1,1
1779542596.011666,pass_through,0,0.000,1.000,inf,1,1
1779542596.062220,pass_through,0,0.000,1.000,inf,1,1
1779542596.111654,pass_through,0,0.000,1.000,inf,1,1
1779542596.161856,pass_through,0,0.000,1.000,inf,1,1
1779542596.211630,pass_through,0,0.000,1.000,inf,1,1
1779542596.261796,pass_through,0,0.000,1.000,inf,1,1
1779542596.383004,pass_through,0,0.000,1.000,inf,1,1
1779542596.411643,pass_through,0,0.000,1.000,inf,1,1
1779542596.461876,pass_through,0,0.000,1.000,inf,1,1
1779542596.511702,pass_through,0,0.000,1.000,inf,1,1
1779542596.561574,pass_through,0,0.000,1.000,inf,1,1
1779542596.611631,pass_through,0,0.000,1.000,inf,1,1
1779542596.661850,pass_through,0,0.000,1.000,inf,1,1
1779542596.711648,pass_through,0,0.000,1.000,inf,1,1
1779542596.761899,pass_through,0,0.000,1.000,inf,1,1
1779542596.913550,pass_through,0,0.000,1.000,inf,1,1
1779542596.961790,pass_through,0,0.000,1.000,inf,1,1
1779542597.011706,pass_through,0,0.000,1.000,inf,1,1
1779542597.061895,pass_through,0,0.000,1.000,inf,1,1
1779542597.111671,pass_through,0,0.000,1.000,inf,1,1
1779542597.161613,pass_through,0,0.000,1.000,inf,1,1
1779542597.211695,pass_through,0,0.000,1.000,inf,1,1
1779542597.261995,pass_through,0,0.000,1.000,inf,1,1
1779542597.421793,pass_through,0,0.000,1.000,inf,1,1
1779542597.461633,pass_through,0,0.000,1.000,inf,1,1
1779542597.511684,pass_through,0,0.000,1.000,inf,1,1
1779542597.561723,pass_through,0,0.000,1.000,inf,1,1
1779542597.611669,pass_through,0,0.000,1.000,inf,1,1
1779542597.661907,pass_through,0,0.000,1.000,inf,1,1
1779542597.711679,pass_through,0,0.000,1.000,inf,1,1
1779542597.762328,pass_through,0,0.000,1.000,inf,1,1
1779542597.925952,pass_through,0,0.000,1.000,inf,1,1
1779542597.961752,pass_through,0,0.000,1.000,inf,1,1
1779542598.011656,pass_through,0,0.000,1.000,inf,1,1
1779542598.062002,pass_through,0,0.000,1.000,inf,1,1
1779542598.111680,pass_through,0,0.000,1.000,inf,1,1
1779542598.161877,pass_through,0,0.000,1.000,inf,1,1
1779542598.211628,pass_through,0,0.000,1.000,inf,1,1
1779542598.262044,pass_through,0,0.000,1.000,inf,1,1
1779542598.394628,pass_through,0,0.000,1.000,inf,1,1
1779542598.411544,pass_through,0,0.000,1.000,inf,1,1
1779542598.461889,pass_through,0,0.000,1.000,inf,1,1
1779542598.511648,pass_through,0,0.000,1.000,inf,1,1
1779542598.561809,pass_through,0,0.000,1.000,inf,1,1
1779542598.611693,pass_through,0,0.000,1.000,inf,1,1
1779542598.661977,pass_through,0,0.000,1.000,inf,1,1
1779542598.711632,pass_through,0,0.000,1.000,inf,1,1
1779542598.761722,pass_through,0,0.000,1.000,inf,1,1
1779542598.915733,pass_through,0,0.000,1.000,inf,1,1
1779542598.961830,pass_through,0,0.000,1.000,inf,1,1
1779542599.011630,pass_through,0,0.000,1.000,inf,1,1
1779542599.061953,pass_through,0,0.000,1.000,inf,1,1
1779542599.111707,pass_through,0,0.000,1.000,inf,1,1
1779542599.161865,pass_through,0,0.000,1.000,inf,1,1
1779542599.211621,pass_through,0,0.000,1.000,inf,1,1
1779542599.261759,pass_through,0,0.000,1.000,inf,1,1
1779542599.410857,pass_through,0,0.000,1.000,inf,1,1
1779542599.429722,pass_through,0,0.000,1.000,inf,1,1
1779542599.461686,pass_through,0,0.000,1.000,inf,1,1
1779542599.511685,pass_through,0,0.000,1.000,inf,1,1
1779542599.561859,pass_through,0,0.000,1.000,inf,1,1
1779542599.611679,pass_through,0,0.000,1.000,inf,1,1
1779542599.661633,pass_through,0,0.000,1.000,inf,1,1
1779542599.711706,pass_through,0,0.000,1.000,inf,1,1
1779542599.761704,pass_through,0,0.000,1.000,inf,1,1
1779542599.920775,pass_through,0,0.000,1.000,inf,1,1
1779542599.961639,pass_through,0,0.000,1.000,inf,1,1
1779542600.011675,pass_through,0,0.000,1.000,inf,1,1
1779542600.061644,pass_through,0,0.000,1.000,inf,1,1
1779542600.111668,pass_through,0,0.000,1.000,inf,1,1
1779542600.161625,pass_through,0,0.000,1.000,inf,1,1
1779542600.211657,avoid,1,0.950,0.750,0.345,29,16
1779542600.682498,avoid,1,0.950,0.750,0.345,29,16
1779542601.112758,avoid,1,0.950,0.750,0.347,29,16
1779542601.369921,avoid,1,0.950,0.750,0.345,29,16
1779542601.680413,avoid,1,0.950,0.750,0.346,29,16
1779542601.926591,avoid,1,0.950,0.750,0.353,29,16
1779542602.278478,avoid,1,0.950,0.750,0.352,29,16
1779542602.638944,avoid,1,0.950,0.750,0.350,29,16
1779542603.003362,avoid,1,0.950,0.750,0.348,29,16
1779542603.269704,avoid,1,0.950,0.750,0.352,29,16
1779542603.527306,avoid,1,0.950,0.750,0.351,29,16
1779542604.104421,avoid,1,1.050,0.750,0.451,29,10
1779542604.458883,avoid,1,1.050,0.750,0.452,29,8
1779542604.986181,avoid,1,1.050,0.750,0.474,29,13
1779542605.342856,avoid,1,1.050,0.750,0.527,29,29
1779542605.930442,pass_through,0,0.000,1.000,inf,1,1
1779542605.961690,pass_through,0,0.000,1.000,inf,1,1
1779542606.011714,pass_through,0,0.000,1.000,inf,1,1
1779542606.061836,pass_through,0,0.000,1.000,inf,1,1
1779542606.111704,pass_through,0,0.000,1.000,inf,1,1
1779542606.161679,pass_through,0,0.000,1.000,inf,1,1
1779542606.211698,pass_through,0,0.000,1.000,inf,1,1
1779542606.261608,pass_through,0,0.000,1.000,inf,1,1
1779542606.394554,pass_through,0,0.000,1.000,inf,1,1
1779542606.419147,pass_through,0,0.000,1.000,inf,1,1
1779542606.461930,pass_through,0,0.000,1.000,inf,1,1
1779542606.511701,pass_through,0,0.000,1.000,inf,1,1
1779542606.561637,pass_through,0,0.000,1.000,inf,1,1
1779542606.611686,pass_through,0,0.000,1.000,inf,1,1
1779542606.661906,pass_through,0,0.000,1.000,inf,1,1
1779542606.711659,pass_through,0,0.000,1.000,inf,1,1
1779542606.761602,pass_through,0,0.000,1.000,inf,1,1
1779542606.916921,pass_through,0,0.000,1.000,inf,1,1
1779542606.961576,pass_through,0,0.000,1.000,inf,1,1
1779542607.011686,pass_through,0,0.000,1.000,inf,1,1
1779542607.062029,pass_through,0,0.000,1.000,inf,1,1
1779542607.111621,pass_through,0,0.000,1.000,inf,1,1
1779542607.161704,pass_through,0,0.000,1.000,inf,1,1
1779542607.211652,pass_through,0,0.000,1.000,inf,1,1
1779542607.261575,pass_through,0,0.000,1.000,inf,1,1
1779542607.371494,pass_through,0,0.000,1.000,inf,1,1
1779542607.411657,pass_through,0,0.000,1.000,inf,1,1
1779542607.461816,pass_through,0,0.000,1.000,inf,1,1
1779542607.511688,pass_through,0,0.000,1.000,inf,1,1
1779542607.562140,pass_through,0,0.000,1.000,inf,1,1
1779542607.611675,pass_through,0,0.000,1.000,inf,1,1
1779542607.661603,pass_through,0,0.000,1.000,inf,1,1
1779542607.711702,pass_through,0,0.000,1.000,inf,1,1
1779542607.761871,pass_through,0,0.000,1.000,inf,1,1
1779542607.899828,pass_through,0,0.000,1.000,inf,1,1
1779542607.913495,pass_through,0,0.000,1.000,inf,1,1
1779542607.962285,pass_through,0,0.000,1.000,inf,1,1
1779542608.011698,pass_through,0,0.000,1.000,inf,1,1
1779542608.061608,pass_through,0,0.000,1.000,inf,1,1
1779542608.111631,pass_through,0,0.000,1.000,inf,1,1
1779542608.161702,pass_through,0,0.000,1.000,inf,1,1
1779542608.211640,pass_through,0,0.000,1.000,inf,1,1
1779542608.261782,pass_through,0,0.000,1.000,inf,1,1
1779542608.371546,pass_through,0,0.000,1.000,inf,1,1
1779542608.411680,pass_through,0,0.000,1.000,inf,1,1
1779542608.461955,pass_through,0,0.000,1.000,inf,1,1
1779542608.511660,pass_through,0,0.000,1.000,inf,1,1
1779542608.561582,pass_through,0,0.000,1.000,inf,1,1
1779542608.611674,pass_through,0,0.000,1.000,inf,1,1
1779542608.661654,pass_through,0,0.000,1.000,inf,1,1
1779542608.711685,pass_through,0,0.000,1.000,inf,1,1
1779542608.761586,pass_through,0,0.000,1.000,inf,1,1
1779542608.887759,pass_through,0,0.000,1.000,inf,1,1
1779542608.911701,pass_through,0,0.000,1.000,inf,1,1
1779542608.961861,pass_through,0,0.000,1.000,inf,1,1
1779542609.011697,pass_through,0,0.000,1.000,inf,1,1
1779542609.061614,pass_through,0,0.000,1.000,inf,1,1
1779542609.111658,pass_through,0,0.000,1.000,inf,1,1
1779542609.162031,pass_through,0,0.000,1.000,inf,1,1
1779542609.211698,pass_through,0,0.000,1.000,inf,1,1
1779542609.261672,pass_through,0,0.000,1.000,inf,1,1
1779542609.373760,pass_through,0,0.000,1.000,inf,1,1
1779542609.411651,pass_through,0,0.000,1.000,inf,1,1
1779542609.461696,pass_through,0,0.000,1.000,inf,1,1
1779542609.511657,pass_through,0,0.000,1.000,inf,1,1
1779542609.561658,pass_through,0,0.000,1.000,inf,1,1
1779542609.611725,pass_through,0,0.000,1.000,inf,1,1
1779542609.661793,pass_through,0,0.000,1.000,inf,1,1
1779542609.711716,pass_through,0,0.000,1.000,inf,1,1
1779542609.761639,pass_through,0,0.000,1.000,inf,1,1
1779542609.884079,pass_through,0,0.000,1.000,inf,1,1
1779542609.911723,pass_through,0,0.000,1.000,inf,1,1
1779542609.961683,pass_through,0,0.000,1.000,inf,1,1
1779542610.011721,pass_through,0,0.000,1.000,inf,1,1
1779542610.061658,pass_through,0,0.000,1.000,inf,1,1
1779542610.111627,pass_through,0,0.000,1.000,inf,1,1
1779542610.162162,pass_through,0,0.000,1.000,inf,1,1
1779542610.211630,pass_through,0,0.000,1.000,inf,1,1
1779542610.261729,pass_through,0,0.000,1.000,inf,1,1
1779542610.398655,pass_through,0,0.000,1.000,inf,1,1
1779542610.413032,pass_through,0,0.000,1.000,inf,1,1
1779542610.461571,pass_through,0,0.000,1.000,inf,1,1
1779542610.511667,pass_through,0,0.000,1.000,inf,1,1
1779542610.561727,pass_through,0,0.000,1.000,inf,1,1
1779542610.611661,pass_through,0,0.000,1.000,inf,1,1
1779542610.661619,pass_through,0,0.000,1.000,inf,1,1
1779542610.711621,pass_through,0,0.000,1.000,inf,1,1
1779542610.761944,pass_through,0,0.000,1.000,inf,1,1
1779542610.917389,pass_through,0,0.000,1.000,inf,1,1
1779542610.961785,pass_through,0,0.000,1.000,inf,1,1
1779542611.011673,pass_through,0,0.000,1.000,inf,1,1
1779542611.061885,pass_through,0,0.000,1.000,inf,1,1
1779542611.111693,pass_through,0,0.000,1.000,inf,1,1
1779542611.161688,pass_through,0,0.000,1.000,inf,1,1
1779542611.211671,pass_through,0,0.000,1.000,inf,1,1
1779542611.261752,pass_through,0,0.000,1.000,inf,1,1
1779542611.418841,pass_through,0,0.000,1.000,inf,1,1
1779542611.461925,pass_through,0,0.000,1.000,inf,1,1
1779542611.511628,pass_through,0,0.000,1.000,inf,1,1
1779542611.562147,pass_through,0,0.000,1.000,inf,1,1
1779542611.612126,pass_through,0,0.000,1.000,inf,1,1
1779542611.661869,pass_through,0,0.000,1.000,inf,1,1
1779542611.711673,pass_through,0,0.000,1.000,inf,1,1
1779542611.761712,pass_through,0,0.000,1.000,inf,1,1
1779542611.923812,pass_through,0,0.000,1.000,inf,1,1
1779542611.961786,pass_through,0,0.000,1.000,inf,1,1
1779542612.011760,pass_through,0,0.000,1.000,inf,1,1
1779542612.062135,pass_through,0,0.000,1.000,inf,1,1
1779542612.111633,pass_through,0,0.000,1.000,inf,1,1
1779542612.162023,pass_through,0,0.000,1.000,inf,1,1
1779542612.211691,pass_through,0,0.000,1.000,inf,1,1
1779542612.261760,pass_through,0,0.000,1.000,inf,1,1
1779542612.382504,pass_through,0,0.000,1.000,inf,1,1
1779542612.411597,pass_through,0,0.000,1.000,inf,1,1
1779542612.461736,pass_through,0,0.000,1.000,inf,1,1
1779542612.511726,pass_through,0,0.000,1.000,inf,1,1
1779542612.561725,pass_through,0,0.000,1.000,inf,1,1
1779542612.611703,pass_through,0,0.000,1.000,inf,1,1
1779542612.661943,pass_through,0,0.000,1.000,inf,1,1
1779542612.711674,pass_through,0,0.000,1.000,inf,1,1
1779542612.761947,pass_through,0,0.000,1.000,inf,1,1
1779542612.906111,pass_through,0,0.000,1.000,inf,1,1
1779542612.925316,pass_through,0,0.000,1.000,inf,1,1
1779542612.962195,pass_through,0,0.000,1.000,inf,1,1
1779542613.011721,pass_through,0,0.000,1.000,inf,1,1
1779542613.062217,pass_through,0,0.000,1.000,inf,1,1
1779542613.111683,pass_through,0,0.000,1.000,inf,1,1
1779542613.162096,pass_through,0,0.000,1.000,inf,1,1
1779542613.211655,pass_through,0,0.000,1.000,inf,1,1
1779542613.261966,pass_through,0,0.000,1.000,inf,1,1
1779542613.392969,pass_through,0,0.000,1.000,inf,1,1
1779542613.413010,pass_through,0,0.000,1.000,inf,1,1
1779542613.461748,pass_through,0,0.000,1.000,inf,1,1
1779542613.511757,pass_through,0,0.000,1.000,inf,1,1
1779542613.561665,pass_through,0,0.000,1.000,inf,1,1
1779542613.612665,pass_through,0,0.000,1.000,inf,1,1
1779542613.661653,pass_through,0,0.000,1.000,inf,1,1
1779542613.711722,pass_through,0,0.000,1.000,inf,1,1
1779542613.761746,pass_through,0,0.000,1.000,inf,1,1
1779542613.923585,pass_through,0,0.000,1.000,inf,1,1
1779542613.961673,pass_through,0,0.000,1.000,inf,1,1
1779542614.011805,pass_through,0,0.000,1.000,inf,1,1
1779542614.061631,pass_through,0,0.000,1.000,inf,1,1
1779542614.111646,pass_through,0,0.000,1.000,inf,1,1
1779542614.161725,pass_through,0,0.000,1.000,inf,1,1
1779542614.211613,pass_through,0,0.000,1.000,inf,1,1
1779542614.262362,pass_through,0,0.000,1.000,inf,1,1
1779542614.387354,pass_through,0,0.000,1.000,inf,1,1
1779542614.411754,pass_through,0,0.000,1.000,inf,1,1
1779542614.461777,pass_through,0,0.000,1.000,inf,1,1
1779542614.511673,pass_through,0,0.000,1.000,inf,1,1
1779542614.562051,pass_through,0,0.000,1.000,inf,1,1
1779542614.611703,pass_through,0,0.000,1.000,inf,1,1
1779542614.662000,pass_through,0,0.000,1.000,inf,1,1
1779542614.711722,pass_through,0,0.000,1.000,inf,1,1
1779542614.761622,pass_through,0,0.000,1.000,inf,1,1
1779542614.883703,pass_through,0,0.000,1.000,inf,1,1
1779542614.912147,pass_through,0,0.000,1.000,inf,1,1
1779542614.962036,pass_through,0,0.000,1.000,inf,1,1
1779542615.011735,pass_through,0,0.000,1.000,inf,1,1
1779542615.061903,pass_through,0,0.000,1.000,inf,1,1
1779542615.111717,pass_through,0,0.000,1.000,inf,1,1
1779542615.161695,pass_through,0,0.000,1.000,inf,1,1
1779542615.211767,pass_through,0,0.000,1.000,inf,1,1
1779542615.261997,pass_through,0,0.000,1.000,inf,1,1
1779542615.436252,pass_through,0,0.000,1.000,inf,1,1
1779542615.461853,pass_through,0,0.000,1.000,inf,1,1
1779542615.511757,pass_through,0,0.000,1.000,inf,1,1
1779542615.561730,pass_through,0,0.000,1.000,inf,1,1
1779542615.611791,pass_through,0,0.000,1.000,inf,1,1
1779542615.661585,pass_through,0,0.000,1.000,inf,1,1
1779542615.711704,pass_through,0,0.000,1.000,inf,1,1
1779542615.761829,pass_through,0,0.000,1.000,inf,1,1
1779542615.930963,pass_through,0,0.000,1.000,inf,1,1
1779542615.961662,pass_through,0,0.000,1.000,inf,1,1
1779542616.011795,pass_through,0,0.000,1.000,inf,1,1
1779542616.062195,pass_through,0,0.000,1.000,inf,1,1
1779542616.111635,pass_through,0,0.000,1.000,inf,1,1
1779542616.161908,pass_through,0,0.000,1.000,inf,1,1
1779542616.211619,pass_through,0,0.000,1.000,inf,1,1
1779542616.261586,pass_through,0,0.000,1.000,inf,1,1
1779542616.389211,pass_through,0,0.000,1.000,inf,1,1
1779542616.411636,pass_through,0,0.000,1.000,inf,1,1
1779542616.461576,pass_through,0,0.000,1.000,inf,1,1
1779542616.511645,pass_through,0,0.000,1.000,inf,1,1
1779542616.561938,pass_through,0,0.000,1.000,inf,1,1
1779542616.611689,pass_through,0,0.000,1.000,inf,1,1
1779542616.661605,pass_through,0,0.000,1.000,inf,1,1
1779542616.711721,pass_through,0,0.000,1.000,inf,1,1
1779542616.761856,pass_through,0,0.000,1.000,inf,1,1
1779542616.902687,pass_through,0,0.000,1.000,inf,1,1
1779542616.927645,pass_through,0,0.000,1.000,inf,1,1
1779542616.961623,pass_through,0,0.000,1.000,inf,1,1
1779542617.011756,pass_through,0,0.000,1.000,inf,1,1
1779542617.061866,pass_through,0,0.000,1.000,inf,1,1
1779542617.111650,pass_through,0,0.000,1.000,inf,1,1
1779542617.161827,pass_through,0,0.000,1.000,inf,1,1
1779542617.211712,pass_through,0,0.000,1.000,inf,1,1
1779542617.261959,pass_through,0,0.000,1.000,inf,1,1
1779542617.385728,pass_through,0,0.000,1.000,inf,1,1
1779542617.411653,pass_through,0,0.000,1.000,inf,1,1
1779542617.462098,pass_through,0,0.000,1.000,inf,1,1
1779542617.511694,pass_through,0,0.000,1.000,inf,1,1
1779542617.561713,pass_through,0,0.000,1.000,inf,1,1
1779542617.611775,pass_through,0,0.000,1.000,inf,1,1
1779542617.661595,pass_through,0,0.000,1.000,inf,1,1
1779542617.711628,pass_through,0,0.000,1.000,inf,1,1
1779542617.761945,pass_through,0,0.000,1.000,inf,1,1
1779542617.890957,pass_through,0,0.000,1.000,inf,1,1
1779542617.911799,pass_through,0,0.000,1.000,inf,1,1
1779542617.961854,pass_through,0,0.000,1.000,inf,1,1
1779542618.011750,pass_through,0,0.000,1.000,inf,1,1
1779542618.062573,pass_through,0,0.000,1.000,inf,1,1
1779542618.111732,pass_through,0,0.000,1.000,inf,1,1
1779542618.162544,pass_through,0,0.000,1.000,inf,1,1
1779542618.211627,pass_through,0,0.000,1.000,inf,1,1
1779542618.261701,pass_through,0,0.000,1.000,inf,1,1
1779542618.411904,pass_through,0,0.000,1.000,inf,1,1
1779542618.461855,pass_through,0,0.000,1.000,inf,1,1
1779542618.511683,pass_through,0,0.000,1.000,inf,1,1
1779542618.561622,pass_through,0,0.000,1.000,inf,1,1
1779542618.611705,pass_through,0,0.000,1.000,inf,1,1
1779542618.661812,pass_through,0,0.000,1.000,inf,1,1
1779542618.711663,pass_through,0,0.000,1.000,inf,1,1
1779542618.761692,pass_through,0,0.000,1.000,inf,1,1
1779542618.897734,pass_through,0,0.000,1.000,inf,1,1
1779542618.916025,pass_through,0,0.000,1.000,inf,1,1
1779542618.961784,pass_through,0,0.000,1.000,inf,1,1
1779542619.011934,pass_through,0,0.000,1.000,inf,1,1
1779542619.061936,pass_through,0,0.000,1.000,inf,1,1
1779542619.111699,pass_through,0,0.000,1.000,inf,1,1
1779542619.161976,pass_through,0,0.000,1.000,inf,1,1
1779542619.211604,pass_through,0,0.000,1.000,inf,1,1
1779542619.262089,pass_through,0,0.000,1.000,inf,1,1
1779542619.388143,pass_through,0,0.000,1.000,inf,1,1
1779542619.411827,pass_through,0,0.000,1.000,inf,1,1
1779542619.462284,pass_through,0,0.000,1.000,inf,1,1
1779542619.511684,pass_through,0,0.000,1.000,inf,1,1
1779542619.561727,pass_through,0,0.000,1.000,inf,1,1
1779542619.611702,pass_through,0,0.000,1.000,inf,1,1
1779542619.661846,avoid,1,-0.850,0.750,0.312,29,16
1779542620.096500,avoid,1,-0.850,0.750,0.312,29,16
1779542620.472584,avoid,1,-0.850,0.750,0.312,29,16
1779542620.751535,avoid,1,-0.850,0.750,0.315,29,16
1779542621.061387,avoid,1,-0.850,0.750,0.320,29,16
1779542621.497077,avoid,1,-0.850,0.750,0.315,29,16
1779542621.772038,avoid,1,-0.850,0.750,0.318,29,16
1779542622.105871,avoid,1,-0.850,0.750,0.316,29,16
1779542622.492627,avoid,1,-0.850,0.750,0.318,29,16
1779542622.860825,avoid,1,-0.850,0.750,0.318,29,16
1779542623.219617,avoid,1,-0.850,0.750,0.318,29,16
1779542623.500043,avoid,1,-0.850,0.750,0.313,29,16
1779542623.891984,avoid,1,-0.850,0.750,0.316,29,11
1779542624.295751,avoid,1,-0.850,0.750,0.322,29,9
1779542624.568302,avoid,1,-0.850,0.750,0.333,29,10
1779542624.925519,avoid,1,-0.850,0.750,0.336,29,11
1779542625.201113,avoid,1,-0.850,0.750,0.315,29,15
1779542625.494724,avoid,1,-0.850,0.750,0.319,29,29
1779542625.840342,avoid,1,-0.750,0.750,0.386,29,29
1779542626.182430,pass_through,0,0.000,1.000,inf,1,1
1779542626.211713,pass_through,0,0.000,1.000,inf,1,1
1779542626.261827,pass_through,0,0.000,1.000,inf,1,1
1779542626.401552,pass_through,0,0.000,1.000,inf,1,1
1779542626.420659,pass_through,0,0.000,1.000,inf,1,1
1779542626.462124,pass_through,0,0.000,1.000,inf,1,1
1779542626.511634,pass_through,0,0.000,1.000,inf,1,1
1779542626.561811,pass_through,0,0.000,1.000,inf,1,1
1779542626.611651,pass_through,0,0.000,1.000,inf,1,1
1779542626.661927,pass_through,0,0.000,1.000,inf,1,1
1779542626.711695,pass_through,0,0.000,1.000,inf,1,1
1779542626.761923,pass_through,0,0.000,1.000,inf,1,1
1779542626.897902,pass_through,0,0.000,1.000,inf,1,1
1779542626.914806,pass_through,0,0.000,1.000,inf,1,1
1779542626.961777,pass_through,0,0.000,1.000,inf,1,1
1779542627.011661,pass_through,0,0.000,1.000,inf,1,1
1779542627.061741,pass_through,0,0.000,1.000,inf,1,1
1779542627.111690,pass_through,0,0.000,1.000,inf,1,1
1779542627.161628,pass_through,0,0.000,1.000,inf,1,1
1779542627.211630,pass_through,0,0.000,1.000,inf,1,1
1779542627.261654,pass_through,0,0.000,1.000,inf,1,1
1779542627.453006,pass_through,0,0.000,1.000,inf,1,1
1779542627.479530,pass_through,0,0.000,1.000,inf,1,1
1779542627.512111,pass_through,0,0.000,1.000,inf,1,1
1779542627.561706,pass_through,0,0.000,1.000,inf,1,1
1779542627.611640,pass_through,0,0.000,1.000,inf,1,1
1779542627.661635,pass_through,0,0.000,1.000,inf,1,1
1779542627.711698,pass_through,0,0.000,1.000,inf,1,1
1779542627.761895,pass_through,0,0.000,1.000,inf,1,1
1779542627.905672,pass_through,0,0.000,1.000,inf,1,1
1779542627.930775,pass_through,0,0.000,1.000,inf,1,1
1779542627.961780,pass_through,0,0.000,1.000,inf,1,1
1779542628.011683,pass_through,0,0.000,1.000,inf,1,1
1779542628.061735,pass_through,0,0.000,1.000,inf,1,1
1779542628.111714,pass_through,0,0.000,1.000,inf,1,1
1779542628.161620,pass_through,0,0.000,1.000,inf,1,1
1779542628.211714,pass_through,0,0.000,1.000,inf,1,1
1779542628.262075,pass_through,0,0.000,1.000,inf,1,1
1779542628.395451,pass_through,0,0.000,1.000,inf,1,1
1779542628.411944,pass_through,0,0.000,1.000,inf,1,1
1779542628.462021,pass_through,0,0.000,1.000,inf,1,1
1779542628.511632,pass_through,0,0.000,1.000,inf,1,1
1779542628.561952,pass_through,0,0.000,1.000,inf,1,1
1779542628.611646,pass_through,0,0.000,1.000,inf,1,1
1779542628.662148,pass_through,0,0.000,1.000,inf,1,1
1779542628.711648,pass_through,0,0.000,1.000,inf,1,1
1779542628.761654,pass_through,0,0.000,1.000,inf,1,1
1779542628.890533,pass_through,0,0.000,1.000,inf,1,1
1779542628.911792,pass_through,0,0.000,1.000,inf,1,1
1779542628.962041,pass_through,0,0.000,1.000,inf,1,1
1779542629.011707,pass_through,0,0.000,1.000,inf,1,1
1779542629.061583,pass_through,0,0.000,1.000,inf,1,1
1779542629.111649,pass_through,0,0.000,1.000,inf,1,1
1779542629.162045,pass_through,0,0.000,1.000,inf,1,1
1779542629.211708,pass_through,0,0.000,1.000,inf,1,1
1779542629.261792,pass_through,0,0.000,1.000,inf,1,1
1779542629.395602,pass_through,0,0.000,1.000,inf,1,1
1779542629.415973,pass_through,0,0.000,1.000,inf,1,1
1779542629.462117,pass_through,0,0.000,1.000,inf,1,1
1779542629.511697,pass_through,0,0.000,1.000,inf,1,1
1779542629.562174,pass_through,0,0.000,1.000,inf,1,1
1779542629.611630,pass_through,0,0.000,1.000,inf,1,1
1779542629.661834,pass_through,0,0.000,1.000,inf,1,1
1779542629.711682,pass_through,0,0.000,1.000,inf,1,1
1779542629.761703,pass_through,0,0.000,1.000,inf,1,1
1779542629.920457,pass_through,0,0.000,1.000,inf,1,1
1779542629.961849,pass_through,0,0.000,1.000,inf,1,1
1779542630.011655,pass_through,0,0.000,1.000,inf,1,1
1779542630.061644,pass_through,0,0.000,1.000,inf,1,1
1779542630.111630,pass_through,0,0.000,1.000,inf,1,1
1779542630.161642,pass_through,0,0.000,1.000,inf,1,1
1779542630.211666,pass_through,0,0.000,1.000,inf,1,1
1779542630.261742,pass_through,0,0.000,1.000,inf,1,1
1779542630.384074,pass_through,0,0.000,1.000,inf,1,1
1779542630.411755,pass_through,0,0.000,1.000,inf,1,1
1779542630.461651,pass_through,0,0.000,1.000,inf,1,1
1779542630.511678,pass_through,0,0.000,1.000,inf,1,1
1779542630.561899,pass_through,0,0.000,1.000,inf,1,1
1779542630.611712,pass_through,0,0.000,1.000,inf,1,1
1779542630.661737,pass_through,0,0.000,1.000,inf,1,1
1779542630.711727,pass_through,0,0.000,1.000,inf,1,1
1779542630.761746,pass_through,0,0.000,1.000,inf,1,1
1779542630.885971,pass_through,0,0.000,1.000,inf,1,1
1779542630.911695,pass_through,0,0.000,1.000,inf,1,1
1779542630.962002,pass_through,0,0.000,1.000,inf,1,1
1779542631.011722,pass_through,0,0.000,1.000,inf,1,1
1779542631.061610,pass_through,0,0.000,1.000,inf,1,1
1779542631.111701,pass_through,0,0.000,1.000,inf,1,1
1779542631.162239,pass_through,0,0.000,1.000,inf,1,1
1779542631.211684,pass_through,0,0.000,1.000,inf,1,1
1779542631.261598,pass_through,0,0.000,1.000,inf,1,1
1779542631.416837,pass_through,0,0.000,1.000,inf,1,1
1779542631.461777,pass_through,0,0.000,1.000,inf,1,1
1779542631.511780,pass_through,0,0.000,1.000,inf,1,1
1779542631.561933,pass_through,0,0.000,1.000,inf,1,1
1779542631.611684,pass_through,0,0.000,1.000,inf,1,1
1779542631.661721,pass_through,0,0.000,1.000,inf,1,1
1779542631.711653,pass_through,0,0.000,1.000,inf,1,1
1779542631.761621,pass_through,0,0.000,1.000,inf,1,1
1779542631.921448,pass_through,0,0.000,1.000,inf,1,1
1779542631.961915,pass_through,0,0.000,1.000,inf,1,1
1779542632.011626,pass_through,0,0.000,1.000,inf,1,1
1779542632.061681,pass_through,0,0.000,1.000,inf,1,1
1779542632.111840,pass_through,0,0.000,1.000,inf,1,1
1779542632.162599,pass_through,0,0.000,1.000,inf,1,1
1779542632.211638,pass_through,0,0.000,1.000,inf,1,1
1779542632.262019,pass_through,0,0.000,1.000,inf,1,1
1779542632.394169,pass_through,0,0.000,1.000,inf,1,1
1779542632.422104,pass_through,0,0.000,1.000,inf,1,1
1779542632.461837,pass_through,0,0.000,1.000,inf,1,1
1779542632.511639,pass_through,0,0.000,1.000,inf,1,1
1779542632.561557,pass_through,0,0.000,1.000,inf,1,1
1779542632.611645,pass_through,0,0.000,1.000,inf,1,1
1779542632.661714,pass_through,0,0.000,1.000,inf,1,1
1779542632.711720,pass_through,0,0.000,1.000,inf,1,1
1779542632.761830,pass_through,0,0.000,1.000,inf,1,1
1779542632.923317,pass_through,0,0.000,1.000,inf,1,1
1779542632.962116,pass_through,0,0.000,1.000,inf,1,1
1779542633.011672,pass_through,0,0.000,1.000,inf,1,1
1779542633.061657,pass_through,0,0.000,1.000,inf,1,1
1779542633.111659,pass_through,0,0.000,1.000,inf,1,1
1779542633.161646,pass_through,0,0.000,1.000,inf,1,1
1779542633.211692,pass_through,0,0.000,1.000,inf,1,1
1779542633.261881,pass_through,0,0.000,1.000,inf,1,1
1779542633.426597,pass_through,0,0.000,1.000,inf,1,1
1779542633.462098,pass_through,0,0.000,1.000,inf,1,1
1779542633.511650,pass_through,0,0.000,1.000,inf,1,1
1779542633.561925,pass_through,0,0.000,1.000,inf,1,1
1779542633.611771,pass_through,0,0.000,1.000,inf,1,1
1779542633.661644,pass_through,0,0.000,1.000,inf,1,1
1779542633.711676,pass_through,0,0.000,1.000,inf,1,1
1779542633.761882,pass_through,0,0.000,1.000,inf,1,1
1779542633.910292,pass_through,0,0.000,1.000,inf,1,1
1779542633.926674,pass_through,0,0.000,1.000,inf,1,1
1779542633.961675,pass_through,0,0.000,1.000,inf,1,1
1779542634.011638,pass_through,0,0.000,1.000,inf,1,1
1779542634.061693,pass_through,0,0.000,1.000,inf,1,1
1779542634.111789,pass_through,0,0.000,1.000,inf,1,1
1779542634.161647,pass_through,0,0.000,1.000,inf,1,1
1779542634.211688,pass_through,0,0.000,1.000,inf,1,1
1779542634.261752,pass_through,0,0.000,1.000,inf,1,1
1779542634.383737,pass_through,0,0.000,1.000,inf,1,1
1779542634.411640,pass_through,0,0.000,1.000,inf,1,1
1779542634.461886,pass_through,0,0.000,1.000,inf,1,1
1779542634.511633,pass_through,0,0.000,1.000,inf,1,1
1779542634.562005,pass_through,0,0.000,1.000,inf,1,1
1779542634.611631,pass_through,0,0.000,1.000,inf,1,1
1779542634.661598,pass_through,0,0.000,1.000,inf,1,1
1779542634.711755,pass_through,0,0.000,1.000,inf,1,1
1779542634.761581,pass_through,0,0.000,1.000,inf,1,1
1779542634.886516,pass_through,0,0.000,1.000,inf,1,1
1779542634.911638,pass_through,0,0.000,1.000,inf,1,1
1779542634.961688,pass_through,0,0.000,1.000,inf,1,1
1779542635.011657,pass_through,0,0.000,1.000,inf,1,1
1779542635.061743,pass_through,0,0.000,1.000,inf,1,1
1779542635.111698,pass_through,0,0.000,1.000,inf,1,1
1779542635.161857,pass_through,0,0.000,1.000,inf,1,1
1779542635.211654,pass_through,0,0.000,1.000,inf,1,1
1779542635.261739,pass_through,0,0.000,1.000,inf,1,1
1779542635.427639,pass_through,0,0.000,1.000,inf,1,1
1779542635.461941,pass_through,0,0.000,1.000,inf,1,1
1779542635.511644,pass_through,0,0.000,1.000,inf,1,1
1779542635.561862,pass_through,0,0.000,1.000,inf,1,1
1779542635.611825,pass_through,0,0.000,1.000,inf,1,1
1779542635.661908,pass_through,0,0.000,1.000,inf,1,1
1779542635.711652,pass_through,0,0.000,1.000,inf,1,1
1779542635.762550,pass_through,0,0.000,1.000,inf,1,1
1779542635.893051,pass_through,0,0.000,1.000,inf,1,1
1779542635.927089,pass_through,0,0.000,1.000,inf,1,1
1779542635.961585,pass_through,0,0.000,1.000,inf,1,1
1779542636.011786,pass_through,0,0.000,1.000,inf,1,1
1779542636.061822,pass_through,0,0.000,1.000,inf,1,1
1779542636.111707,pass_through,0,0.000,1.000,inf,1,1
1779542636.161626,pass_through,0,0.000,1.000,inf,1,1
1779542636.211951,pass_through,0,0.000,1.000,inf,1,1
1779542636.262254,pass_through,0,0.000,1.000,inf,1,1
1779542636.391650,pass_through,0,0.000,1.000,inf,1,1
1779542636.411661,pass_through,0,0.000,1.000,inf,1,1
1779542636.461567,pass_through,0,0.000,1.000,inf,1,1
1779542636.511794,pass_through,0,0.000,1.000,inf,1,1
1779542636.561725,pass_through,0,0.000,1.000,inf,1,1
1779542636.611688,pass_through,0,0.000,1.000,inf,1,1
1779542636.661676,pass_through,0,0.000,1.000,inf,1,1
1779542636.711623,pass_through,0,0.000,1.000,inf,1,1
1779542636.761973,pass_through,0,0.000,1.000,inf,1,1
1779542636.917693,pass_through,0,0.000,1.000,inf,1,1
1779542636.961701,pass_through,0,0.000,1.000,inf,1,1
1779542637.011681,pass_through,0,0.000,1.000,inf,1,1
1779542637.061646,pass_through,0,0.000,1.000,inf,1,1
1779542637.111687,pass_through,0,0.000,1.000,inf,1,1
1779542637.161596,pass_through,0,0.000,1.000,inf,1,1
1779542637.211652,pass_through,0,0.000,1.000,inf,1,1
1779542637.261708,pass_through,0,0.000,1.000,inf,1,1
1779542637.377492,pass_through,0,0.000,1.000,inf,1,1
1779542637.411719,pass_through,0,0.000,1.000,inf,1,1
1779542637.461763,pass_through,0,0.000,1.000,inf,1,1
1779542637.511732,pass_through,0,0.000,1.000,inf,1,1
1779542637.561693,pass_through,0,0.000,1.000,inf,1,1
1779542637.611702,pass_through,0,0.000,1.000,inf,1,1
1779542637.661623,pass_through,0,0.000,1.000,inf,1,1
1779542637.711665,pass_through,0,0.000,1.000,inf,1,1
1779542637.761737,pass_through,0,0.000,1.000,inf,1,1
1779542637.935047,pass_through,0,0.000,1.000,inf,1,1
1779542637.967420,pass_through,0,0.000,1.000,inf,1,1
1779542638.011595,pass_through,0,0.000,1.000,inf,1,1
1779542638.062042,pass_through,0,0.000,1.000,inf,1,1
1779542638.111716,pass_through,0,0.000,1.000,inf,1,1
1779542638.161856,pass_through,0,0.000,1.000,inf,1,1
1779542638.211663,pass_through,0,0.000,1.000,inf,1,1
1779542638.261631,pass_through,0,0.000,1.000,inf,1,1
1779542638.394322,pass_through,0,0.000,1.000,inf,1,1
1779542638.411664,pass_through,0,0.000,1.000,inf,1,1
1779542638.461582,pass_through,0,0.000,1.000,inf,1,1
1779542638.511763,pass_through,0,0.000,1.000,inf,1,1
1779542638.561755,pass_through,0,0.000,1.000,inf,1,1
1779542638.611707,pass_through,0,0.000,1.000,inf,1,1
1779542638.661874,pass_through,0,0.000,1.000,inf,1,1
1779542638.711668,pass_through,0,0.000,1.000,inf,1,1
1779542638.761596,pass_through,0,0.000,1.000,inf,1,1
1779542638.941977,pass_through,0,0.000,1.000,inf,1,1
1779542638.971371,pass_through,0,0.000,1.000,inf,1,1
1779542639.011868,pass_through,0,0.000,1.000,inf,1,1
1779542639.062186,pass_through,0,0.000,1.000,inf,1,1
1779542639.111776,pass_through,0,0.000,1.000,inf,1,1
1779542639.162294,pass_through,0,0.000,1.000,inf,1,1
1779542639.211713,pass_through,0,0.000,1.000,inf,1,1
1779542639.261798,pass_through,0,0.000,1.000,inf,1,1
1779542639.408325,pass_through,0,0.000,1.000,inf,1,1
1779542639.438170,pass_through,0,0.000,1.000,inf,1,1
1779542639.464971,pass_through,0,0.000,1.000,inf,1,1
1779542639.511639,pass_through,0,0.000,1.000,inf,1,1
1779542639.561779,pass_through,0,0.000,1.000,inf,1,1
1779542639.611744,pass_through,0,0.000,1.000,inf,1,1
1779542639.661737,pass_through,0,0.000,1.000,inf,1,1
1779542639.711686,pass_through,0,0.000,1.000,inf,1,1
1779542639.761692,pass_through,0,0.000,1.000,inf,1,1
1779542639.881982,pass_through,0,0.000,1.000,inf,1,1
1779542639.911647,pass_through,0,0.000,1.000,inf,1,1
1779542639.962088,pass_through,0,0.000,1.000,inf,1,1
1779542640.011689,pass_through,0,0.000,1.000,inf,1,1
1779542640.061576,pass_through,0,0.000,1.000,inf,1,1
1779542640.111681,pass_through,0,0.000,1.000,inf,1,1
1779542640.161852,pass_through,0,0.000,1.000,inf,1,1
1779542640.211701,pass_through,0,0.000,1.000,inf,1,1
1779542640.262042,pass_through,0,0.000,1.000,inf,1,1
1779542640.381627,pass_through,0,0.000,1.000,inf,1,1
1779542640.411609,pass_through,0,0.000,1.000,inf,1,1
1779542640.461941,pass_through,0,0.000,1.000,inf,1,1
1779542640.511907,pass_through,0,0.000,1.000,inf,1,1
1779542640.561939,pass_through,0,0.000,1.000,inf,1,1
1779542640.611694,pass_through,0,0.000,1.000,inf,1,1
1779542640.662165,pass_through,0,0.000,1.000,inf,1,1
1779542640.711675,pass_through,0,0.000,1.000,inf,1,1
1779542640.762029,pass_through,0,0.000,1.000,inf,1,1
1779542640.890024,pass_through,0,0.000,1.000,inf,1,1
1779542640.912121,pass_through,0,0.000,1.000,inf,1,1
1779542640.961931,pass_through,0,0.000,1.000,inf,1,1
1779542641.011661,pass_through,0,0.000,1.000,inf,1,1
1779542641.061570,pass_through,0,0.000,1.000,inf,1,1
1779542641.111722,pass_through,0,0.000,1.000,inf,1,1
1779542641.162130,pass_through,0,0.000,1.000,inf,1,1
1779542641.211650,pass_through,0,0.000,1.000,inf,1,1
1779542641.261724,pass_through,0,0.000,1.000,inf,1,1
1779542641.391848,pass_through,0,0.000,1.000,inf,1,1
1779542641.418361,pass_through,0,0.000,1.000,inf,1,1
1779542641.461834,pass_through,0,0.000,1.000,inf,1,1
1779542641.511630,pass_through,0,0.000,1.000,inf,1,1
1779542641.561888,pass_through,0,0.000,1.000,inf,1,1
1779542641.611719,pass_through,0,0.000,1.000,inf,1,1
1779542641.661675,pass_through,0,0.000,1.000,inf,1,1
1779542641.711654,pass_through,0,0.000,1.000,inf,1,1
1779542641.761619,pass_through,0,0.000,1.000,inf,1,1
1779542641.891812,pass_through,0,0.000,1.000,inf,1,1
1779542641.911661,pass_through,0,0.000,1.000,inf,1,1
1779542641.962107,pass_through,0,0.000,1.000,inf,1,1
1779542642.011861,pass_through,0,0.000,1.000,inf,1,1
1779542642.061691,pass_through,0,0.000,1.000,inf,1,1
1779542642.111698,pass_through,0,0.000,1.000,inf,1,1
1779542642.161548,pass_through,0,0.000,1.000,inf,1,1
1779542642.211661,pass_through,0,0.000,1.000,inf,1,1
1779542642.262223,pass_through,0,0.000,1.000,inf,1,1
1779542642.378025,pass_through,0,0.000,1.000,inf,1,1
1779542642.411625,pass_through,0,0.000,1.000,inf,1,1
1779542642.461816,pass_through,0,0.000,1.000,inf,1,1
1779542642.511680,pass_through,0,0.000,1.000,inf,1,1
1779542642.561884,pass_through,0,0.000,1.000,inf,1,1
1779542642.611779,pass_through,0,0.000,1.000,inf,1,1
1779542642.661963,pass_through,0,0.000,1.000,inf,1,1
1779542642.711653,pass_through,0,0.000,1.000,inf,1,1
1779542642.761809,pass_through,0,0.000,1.000,inf,1,1
1779542642.936946,pass_through,0,0.000,1.000,inf,1,1
1779542642.964412,pass_through,0,0.000,1.000,inf,1,1
1779542643.011622,pass_through,0,0.000,1.000,inf,1,1
1779542643.061764,pass_through,0,0.000,1.000,inf,1,1
1779542643.111661,pass_through,0,0.000,1.000,inf,1,1
1779542643.161765,pass_through,0,0.000,1.000,inf,1,1
1779542643.211654,pass_through,0,0.000,1.000,inf,1,1
1779542643.261665,pass_through,0,0.000,1.000,inf,1,1
1779542643.416363,pass_through,0,0.000,1.000,inf,1,1
1779542643.461724,pass_through,0,0.000,1.000,inf,1,1
1779542643.511660,pass_through,0,0.000,1.000,inf,1,1
1779542643.561954,pass_through,0,0.000,1.000,inf,1,1
1779542643.611671,pass_through,0,0.000,1.000,inf,1,1
1779542643.661973,pass_through,0,0.000,1.000,inf,1,1
1779542643.711686,pass_through,0,0.000,1.000,inf,1,1
1779542643.761909,pass_through,0,0.000,1.000,inf,1,1
1779542643.940535,pass_through,0,0.000,1.000,inf,1,1
1779542643.971150,pass_through,0,0.000,1.000,inf,1,1
1779542644.011633,pass_through,0,0.000,1.000,inf,1,1
1779542644.061771,pass_through,0,0.000,1.000,inf,1,1
1779542644.111776,pass_through,0,0.000,1.000,inf,1,1
1779542644.161875,pass_through,0,0.000,1.000,inf,1,1
1779542644.211667,pass_through,0,0.000,1.000,inf,1,1
1779542644.261966,pass_through,0,0.000,1.000,inf,1,1
1779542644.407501,pass_through,0,0.000,1.000,inf,1,1
1779542644.426028,pass_through,0,0.000,1.000,inf,1,1
1779542644.461817,pass_through,0,0.000,1.000,inf,1,1
1779542644.511609,pass_through,0,0.000,1.000,inf,1,1
1779542644.561726,pass_through,0,0.000,1.000,inf,1,1
1779542644.611684,pass_through,0,0.000,1.000,inf,1,1
1779542644.661725,pass_through,0,0.000,1.000,inf,1,1
1779542644.711781,pass_through,0,0.000,1.000,inf,1,1
1779542644.761724,pass_through,0,0.000,1.000,inf,1,1
1779542644.896554,pass_through,0,0.000,1.000,inf,1,1
1779542644.914933,pass_through,0,0.000,1.000,inf,1,1
1779542644.961921,pass_through,0,0.000,1.000,inf,1,1
1779542645.011683,pass_through,0,0.000,1.000,inf,1,1
1779542645.061771,pass_through,0,0.000,1.000,inf,1,1
1779542645.111643,pass_through,0,0.000,1.000,inf,1,1
1779542645.161825,pass_through,0,0.000,1.000,inf,1,1
1779542645.211753,pass_through,0,0.000,1.000,inf,1,1
1779542645.261732,pass_through,0,0.000,1.000,inf,1,1
1779542645.401691,pass_through,0,0.000,1.000,inf,1,1
1779542645.424654,pass_through,0,0.000,1.000,inf,1,1
1779542645.461886,pass_through,0,0.000,1.000,inf,1,1
1779542645.511704,pass_through,0,0.000,1.000,inf,1,1
1779542645.561779,pass_through,0,0.000,1.000,inf,1,1
1779542645.611797,pass_through,0,0.000,1.000,inf,1,1
1779542645.661610,pass_through,0,0.000,1.000,inf,1,1
1779542645.711775,pass_through,0,0.000,1.000,inf,1,1
1779542645.761901,pass_through,0,0.000,1.000,inf,1,1
1779542645.925648,pass_through,0,0.000,1.000,inf,1,1
1779542645.961961,pass_through,0,0.000,1.000,inf,1,1
1779542646.011675,pass_through,0,0.000,1.000,inf,1,1
1779542646.061573,pass_through,0,0.000,1.000,inf,1,1
1779542646.111785,pass_through,0,0.000,1.000,inf,1,1
1779542646.162104,pass_through,0,0.000,1.000,inf,1,1
1779542646.211716,pass_through,0,0.000,1.000,inf,1,1
1779542646.262265,pass_through,0,0.000,1.000,inf,1,1
1779542646.383036,pass_through,0,0.000,1.000,inf,1,1
1779542646.411714,pass_through,0,0.000,1.000,inf,1,1
1779542646.461761,pass_through,0,0.000,1.000,inf,1,1
1779542646.511706,pass_through,0,0.000,1.000,inf,1,1
1779542646.562111,pass_through,0,0.000,1.000,inf,1,1
1779542646.611629,pass_through,0,0.000,1.000,inf,1,1
1779542646.661707,pass_through,0,0.000,1.000,inf,1,1
1779542646.711666,pass_through,0,0.000,1.000,inf,1,1
1779542646.762135,pass_through,0,0.000,1.000,inf,1,1
1779542646.927149,pass_through,0,0.000,1.000,inf,1,1
1779542646.961901,pass_through,0,0.000,1.000,inf,1,1
1779542647.011624,pass_through,0,0.000,1.000,inf,1,1
1779542647.061745,pass_through,0,0.000,1.000,inf,1,1
1779542647.111684,pass_through,0,0.000,1.000,inf,1,1
1779542647.161590,pass_through,0,0.000,1.000,inf,1,1
1779542647.211693,pass_through,0,0.000,1.000,inf,1,1
1779542647.262113,pass_through,0,0.000,1.000,inf,1,1
1779542647.406025,pass_through,0,0.000,1.000,inf,1,1
1779542647.434480,pass_through,0,0.000,1.000,inf,1,1
1779542647.462349,pass_through,0,0.000,1.000,inf,1,1
1779542647.511709,pass_through,0,0.000,1.000,inf,1,1
1779542647.561864,pass_through,0,0.000,1.000,inf,1,1
1779542647.611809,pass_through,0,0.000,1.000,inf,1,1
1779542647.661755,pass_through,0,0.000,1.000,inf,1,1
1779542647.711751,pass_through,0,0.000,1.000,inf,1,1
1779542647.761714,pass_through,0,0.000,1.000,inf,1,1
1779542647.937630,pass_through,0,0.000,1.000,inf,1,1
1779542647.967187,pass_through,0,0.000,1.000,inf,1,1
1779542648.011710,pass_through,0,0.000,1.000,inf,1,1
1779542648.062078,pass_through,0,0.000,1.000,inf,1,1
1779542648.111698,pass_through,0,0.000,1.000,inf,1,1
1779542648.162360,pass_through,0,0.000,1.000,inf,1,1
1779542648.211628,pass_through,0,0.000,1.000,inf,1,1
1779542648.261672,pass_through,0,0.000,1.000,inf,1,1
1779542648.395843,pass_through,0,0.000,1.000,inf,1,1
1779542648.422807,pass_through,0,0.000,1.000,inf,1,1
1779542648.461708,pass_through,0,0.000,1.000,inf,1,1
1779542648.511631,pass_through,0,0.000,1.000,inf,1,1
1779542648.561750,pass_through,0,0.000,1.000,inf,1,1
1779542648.611687,pass_through,0,0.000,1.000,inf,1,1
1779542648.661985,pass_through,0,0.000,1.000,inf,1,1
1779542648.711722,pass_through,0,0.000,1.000,inf,1,1
1779542648.761729,pass_through,0,0.000,1.000,inf,1,1
1779542648.917560,pass_through,0,0.000,1.000,inf,1,1
1779542648.961663,pass_through,0,0.000,1.000,inf,1,1
1779542649.011692,pass_through,0,0.000,1.000,inf,1,1
1779542649.062363,pass_through,0,0.000,1.000,inf,1,1
1779542649.112279,pass_through,0,0.000,1.000,inf,1,1
1779542649.161629,pass_through,0,0.000,1.000,inf,1,1
1779542649.211715,pass_through,0,0.000,1.000,inf,1,1
1779542649.261903,pass_through,0,0.000,1.000,inf,1,1
1779542649.381644,pass_through,0,0.000,1.000,inf,1,1
1779542649.411652,pass_through,0,0.000,1.000,inf,1,1
1779542649.461705,pass_through,0,0.000,1.000,inf,1,1
1779542649.511730,pass_through,0,0.000,1.000,inf,1,1
1779542649.561654,pass_through,0,0.000,1.000,inf,1,1
1779542649.611645,pass_through,0,0.000,1.000,inf,1,1
1779542649.661942,pass_through,0,0.000,1.000,inf,1,1
1779542649.711664,pass_through,0,0.000,1.000,inf,1,1
1779542649.761769,pass_through,0,0.000,1.000,inf,1,1
1779542649.886622,pass_through,0,0.000,1.000,inf,1,1
1779542649.911653,pass_through,0,0.000,1.000,inf,1,1
1779542649.961857,pass_through,0,0.000,1.000,inf,1,1
1779542650.011729,pass_through,0,0.000,1.000,inf,1,1
1779542650.062024,pass_through,0,0.000,1.000,inf,1,1
1779542650.111630,pass_through,0,0.000,1.000,inf,1,1
1779542650.161753,pass_through,0,0.000,1.000,inf,1,1
1779542650.211626,pass_through,0,0.000,1.000,inf,1,1
1779542650.261893,pass_through,0,0.000,1.000,inf,1,1
1779542650.392828,pass_through,0,0.000,1.000,inf,1,1
1779542650.411803,pass_through,0,0.000,1.000,inf,1,1
1779542650.461684,pass_through,0,0.000,1.000,inf,1,1
1779542650.511668,pass_through,0,0.000,1.000,inf,1,1
1779542650.561864,pass_through,0,0.000,1.000,inf,1,1
1779542650.611692,pass_through,0,0.000,1.000,inf,1,1
1779542650.663131,pass_through,0,0.000,1.000,inf,1,1
1779542650.711717,pass_through,0,0.000,1.000,inf,1,1
1779542650.761913,pass_through,0,0.000,1.000,inf,1,1
1779542650.916989,pass_through,0,0.000,1.000,inf,1,1
1779542650.961589,pass_through,0,0.000,1.000,inf,1,1
1779542651.011803,pass_through,0,0.000,1.000,inf,1,1
1779542651.061836,pass_through,0,0.000,1.000,inf,1,1
1779542651.111690,pass_through,0,0.000,1.000,inf,1,1
1779542651.161946,pass_through,0,0.000,1.000,inf,1,1
1779542651.211778,pass_through,0,0.000,1.000,inf,1,1
1779542651.262109,pass_through,0,0.000,1.000,inf,1,1
1779542651.405905,pass_through,0,0.000,1.000,inf,1,1
1779542651.422172,pass_through,0,0.000,1.000,inf,1,1
1779542651.461544,pass_through,0,0.000,1.000,inf,1,1
1779542651.511647,pass_through,0,0.000,1.000,inf,1,1
1779542651.561932,pass_through,0,0.000,1.000,inf,1,1
1779542651.611672,pass_through,0,0.000,1.000,inf,1,1
1779542651.661609,pass_through,0,0.000,1.000,inf,1,1
1779542651.711703,pass_through,0,0.000,1.000,inf,1,1
1779542651.761724,pass_through,0,0.000,1.000,inf,1,1
1779542651.884978,pass_through,0,0.000,1.000,inf,1,1
1779542651.911643,pass_through,0,0.000,1.000,inf,1,1
1779542651.961631,pass_through,0,0.000,1.000,inf,1,1
1779542652.011616,pass_through,0,0.000,1.000,inf,1,1
1779542652.061702,pass_through,0,0.000,1.000,inf,1,1
1779542652.111711,pass_through,0,0.000,1.000,inf,1,1
1779542652.161757,pass_through,0,0.000,1.000,inf,1,1
1779542652.211694,pass_through,0,0.000,1.000,inf,1,1
1779542652.261712,pass_through,0,0.000,1.000,inf,1,1
1779542652.384604,pass_through,0,0.000,1.000,inf,1,1
1779542652.411617,pass_through,0,0.000,1.000,inf,1,1
1779542652.461557,pass_through,0,0.000,1.000,inf,1,1
1779542652.511833,pass_through,0,0.000,1.000,inf,1,1
1779542652.562168,pass_through,0,0.000,1.000,inf,1,1
1779542652.611622,pass_through,0,0.000,1.000,inf,1,1
1779542652.661778,pass_through,0,0.000,1.000,inf,1,1
1779542652.711694,pass_through,0,0.000,1.000,inf,1,1
1779542652.761802,pass_through,0,0.000,1.000,inf,1,1
1779542652.910254,pass_through,0,0.000,1.000,inf,1,1
1779542652.924321,pass_through,0,0.000,1.000,inf,1,1
1779542652.961719,pass_through,0,0.000,1.000,inf,1,1
1779542653.011672,pass_through,0,0.000,1.000,inf,1,1
1779542653.061872,pass_through,0,0.000,1.000,inf,1,1
1779542653.111687,pass_through,0,0.000,1.000,inf,1,1
1779542653.162280,pass_through,0,0.000,1.000,inf,1,1
1779542653.211752,pass_through,0,0.000,1.000,inf,1,1
1779542653.261731,pass_through,0,0.000,1.000,inf,1,1
1779542653.427799,pass_through,0,0.000,1.000,inf,1,1
1779542653.461598,pass_through,0,0.000,1.000,inf,1,1
1779542653.511632,pass_through,0,0.000,1.000,inf,1,1
1779542653.561733,pass_through,0,0.000,1.000,inf,1,1
1779542653.611685,pass_through,0,0.000,1.000,inf,1,1
1779542653.661606,pass_through,0,0.000,1.000,inf,1,1
1779542653.711641,pass_through,0,0.000,1.000,inf,1,1
1779542653.761677,pass_through,0,0.000,1.000,inf,1,1
1779542653.911973,pass_through,0,0.000,1.000,inf,1,1
1779542653.961685,pass_through,0,0.000,1.000,inf,1,1
1779542654.011755,pass_through,0,0.000,1.000,inf,1,1
1779542654.061609,pass_through,0,0.000,1.000,inf,1,1
1779542654.111630,pass_through,0,0.000,1.000,inf,1,1
1779542654.161983,pass_through,0,0.000,1.000,inf,1,1
1779542654.211661,pass_through,0,0.000,1.000,inf,1,1
1779542654.261948,pass_through,0,0.000,1.000,inf,1,1
1779542654.425214,pass_through,0,0.000,1.000,inf,1,1
1779542654.462041,pass_through,0,0.000,1.000,inf,1,1
1779542654.511644,pass_through,0,0.000,1.000,inf,1,1
1779542654.561866,pass_through,0,0.000,1.000,inf,1,1
1779542654.611707,pass_through,0,0.000,1.000,inf,1,1
1779542654.661921,pass_through,0,0.000,1.000,inf,1,1
1779542654.711993,pass_through,0,0.000,1.000,inf,1,1
1779542654.761985,pass_through,0,0.000,1.000,inf,1,1
1779542654.888711,pass_through,0,0.000,1.000,inf,1,1
1779542654.920725,pass_through,0,0.000,1.000,inf,1,1
1779542654.961615,pass_through,0,0.000,1.000,inf,1,1
1779542655.011669,pass_through,0,0.000,1.000,inf,1,1
1779542655.061646,pass_through,0,0.000,1.000,inf,1,1
1779542655.111611,pass_through,0,0.000,1.000,inf,1,1
1779542655.161672,pass_through,0,0.000,1.000,inf,1,1
1779542655.211645,pass_through,0,0.000,1.000,inf,1,1
1779542655.261966,pass_through,0,0.000,1.000,inf,1,1
1779542655.415392,pass_through,0,0.000,1.000,inf,1,1
1779542655.461658,pass_through,0,0.000,1.000,inf,1,1
1779542655.511641,pass_through,0,0.000,1.000,inf,1,1
1779542655.561790,pass_through,0,0.000,1.000,inf,1,1
1779542655.611628,pass_through,0,0.000,1.000,inf,1,1
1779542655.662096,pass_through,0,0.000,1.000,inf,1,1
1779542655.711744,pass_through,0,0.000,1.000,inf,1,1
1779542655.761606,pass_through,0,0.000,1.000,inf,1,1
1779542655.887470,pass_through,0,0.000,1.000,inf,1,1
1779542655.911686,pass_through,0,0.000,1.000,inf,1,1
1779542655.961942,pass_through,0,0.000,1.000,inf,1,1
1779542656.011746,pass_through,0,0.000,1.000,inf,1,1
1779542656.062042,pass_through,0,0.000,1.000,inf,1,1
1779542656.111669,pass_through,0,0.000,1.000,inf,1,1
1779542656.162081,pass_through,0,0.000,1.000,inf,1,1
1779542656.211720,pass_through,0,0.000,1.000,inf,1,1
1779542656.262131,pass_through,0,0.000,1.000,inf,1,1
1779542656.377039,pass_through,0,0.000,1.000,inf,1,1
1779542656.411763,pass_through,0,0.000,1.000,inf,1,1
1779542656.462119,pass_through,0,0.000,1.000,inf,1,1
1779542656.511750,pass_through,0,0.000,1.000,inf,1,1
1779542656.561731,pass_through,0,0.000,1.000,inf,1,1
1779542656.611708,pass_through,0,0.000,1.000,inf,1,1
1779542656.661931,pass_through,0,0.000,1.000,inf,1,1
1779542656.711694,pass_through,0,0.000,1.000,inf,1,1
1779542656.761885,pass_through,0,0.000,1.000,inf,1,1
1779542656.899210,pass_through,0,0.000,1.000,inf,1,1
1779542656.916389,pass_through,0,0.000,1.000,inf,1,1
1779542656.962008,pass_through,0,0.000,1.000,inf,1,1
1779542657.011827,pass_through,0,0.000,1.000,inf,1,1
1779542657.061881,pass_through,0,0.000,1.000,inf,1,1
1779542657.112267,pass_through,0,0.000,1.000,inf,1,1
1779542657.161641,pass_through,0,0.000,1.000,inf,1,1
1779542657.211735,pass_through,0,0.000,1.000,inf,1,1
1779542657.261670,pass_through,0,0.000,1.000,inf,1,1
1779542657.427897,pass_through,0,0.000,1.000,inf,1,1
1779542657.462007,pass_through,0,0.000,1.000,inf,1,1
1779542657.511736,pass_through,0,0.000,1.000,inf,1,1
1779542657.561803,pass_through,0,0.000,1.000,inf,1,1
1779542657.611690,pass_through,0,0.000,1.000,inf,1,1
1779542657.661720,pass_through,0,0.000,1.000,inf,1,1
1779542657.711806,pass_through,0,0.000,1.000,inf,1,1
1779542657.761675,pass_through,0,0.000,1.000,inf,1,1
1779542657.922040,pass_through,0,0.000,1.000,inf,1,1
1779542657.961695,pass_through,0,0.000,1.000,inf,1,1
1779542658.011654,pass_through,0,0.000,1.000,inf,1,1
1779542658.061666,pass_through,0,0.000,1.000,inf,1,1
1779542658.111692,pass_through,0,0.000,1.000,inf,1,1
1779542658.161628,pass_through,0,0.000,1.000,inf,1,1
1779542658.211687,pass_through,0,0.000,1.000,inf,1,1
1779542658.261692,pass_through,0,0.000,1.000,inf,1,1
1779542658.391285,pass_through,0,0.000,1.000,inf,1,1
1779542658.411727,pass_through,0,0.000,1.000,inf,1,1
1779542658.462017,pass_through,0,0.000,1.000,inf,1,1
1779542658.511644,pass_through,0,0.000,1.000,inf,1,1
1779542658.561755,pass_through,0,0.000,1.000,inf,1,1
1779542658.611710,pass_through,0,0.000,1.000,inf,1,1
1779542658.662134,pass_through,0,0.000,1.000,inf,1,1
1779542658.711657,pass_through,0,0.000,1.000,inf,1,1
1779542658.761830,pass_through,0,0.000,1.000,inf,1,1
1779542658.890962,pass_through,0,0.000,1.000,inf,1,1
1779542658.911726,pass_through,0,0.000,1.000,inf,1,1
1779542658.961600,pass_through,0,0.000,1.000,inf,1,1
1779542659.011729,pass_through,0,0.000,1.000,inf,1,1
1779542659.062104,pass_through,0,0.000,1.000,inf,1,1
1779542659.111742,pass_through,0,0.000,1.000,inf,1,1
1779542659.161996,pass_through,0,0.000,1.000,inf,1,1
1779542659.211679,pass_through,0,0.000,1.000,inf,1,1
1779542659.261807,pass_through,0,0.000,1.000,inf,1,1
1779542659.398578,pass_through,0,0.000,1.000,inf,1,1
1779542659.425349,pass_through,0,0.000,1.000,inf,1,1
1779542659.461821,pass_through,0,0.000,1.000,inf,1,1
1779542659.511631,pass_through,0,0.000,1.000,inf,1,1
1779542659.561859,pass_through,0,0.000,1.000,inf,1,1
1779542659.612341,pass_through,0,0.000,1.000,inf,1,1
1779542659.661913,pass_through,0,0.000,1.000,inf,1,1
1779542659.711705,pass_through,0,0.000,1.000,inf,1,1
1779542659.761711,pass_through,0,0.000,1.000,inf,1,1
1779542659.894630,pass_through,0,0.000,1.000,inf,1,1
1779542659.912359,pass_through,0,0.000,1.000,inf,1,1
1779542659.961805,pass_through,0,0.000,1.000,inf,1,1
1779542660.011704,pass_through,0,0.000,1.000,inf,1,1
1779542660.061807,pass_through,0,0.000,1.000,inf,1,1
1779542660.111723,pass_through,0,0.000,1.000,inf,1,1
1779542660.161594,pass_through,0,0.000,1.000,inf,1,1
1779542660.211679,pass_through,0,0.000,1.000,inf,1,1
1779542660.261680,pass_through,0,0.000,1.000,inf,1,1
1779542660.434518,pass_through,0,0.000,1.000,inf,1,1
1779542660.465765,pass_through,0,0.000,1.000,inf,1,1
1779542660.511719,pass_through,0,0.000,1.000,inf,1,1
1779542660.562018,pass_through,0,0.000,1.000,inf,1,1
1779542660.611738,pass_through,0,0.000,1.000,inf,1,1
1779542660.662001,pass_through,0,0.000,1.000,inf,1,1
1779542660.712115,pass_through,0,0.000,1.000,inf,1,1
1779542660.761908,pass_through,0,0.000,1.000,inf,1,1
1779542660.938422,pass_through,0,0.000,1.000,inf,1,1
1779542660.961832,pass_through,0,0.000,1.000,inf,1,1
1779542661.011722,pass_through,0,0.000,1.000,inf,1,1
1779542661.061773,pass_through,0,0.000,1.000,inf,1,1
1779542661.111676,pass_through,0,0.000,1.000,inf,1,1
1779542661.161723,pass_through,0,0.000,1.000,inf,1,1
1779542661.212739,pass_through,0,0.000,1.000,inf,1,1
1779542661.261899,pass_through,0,0.000,1.000,inf,1,1
1779542661.417564,pass_through,0,0.000,1.000,inf,1,1
1779542661.461807,pass_through,0,0.000,1.000,inf,1,1
1779542661.511645,pass_through,0,0.000,1.000,inf,1,1
1779542661.561746,pass_through,0,0.000,1.000,inf,1,1
1779542661.611624,pass_through,0,0.000,1.000,inf,1,1
1779542661.661819,pass_through,0,0.000,1.000,inf,1,1
1779542661.711624,pass_through,0,0.000,1.000,inf,1,1
1779542661.761964,pass_through,0,0.000,1.000,inf,1,1
1779542661.890491,pass_through,0,0.000,1.000,inf,1,1
1779542661.911631,pass_through,0,0.000,1.000,inf,1,1
1779542661.962184,pass_through,0,0.000,1.000,inf,1,1
1779542662.011656,pass_through,0,0.000,1.000,inf,1,1
1779542662.062041,pass_through,0,0.000,1.000,inf,1,1
1779542662.111642,pass_through,0,0.000,1.000,inf,1,1
1779542662.161648,pass_through,0,0.000,1.000,inf,1,1
1779542662.211588,pass_through,0,0.000,1.000,inf,1,1
1779542662.261913,pass_through,0,0.000,1.000,inf,1,1
1779542662.382709,pass_through,0,0.000,1.000,inf,1,1
1779542662.411781,pass_through,0,0.000,1.000,inf,1,1
1779542662.461699,pass_through,0,0.000,1.000,inf,1,1
1779542662.511718,pass_through,0,0.000,1.000,inf,1,1
1779542662.561675,pass_through,0,0.000,1.000,inf,1,1
1779542662.611629,pass_through,0,0.000,1.000,inf,1,1
1779542662.661869,pass_through,0,0.000,1.000,inf,1,1
1779542662.711591,pass_through,0,0.000,1.000,inf,1,1
1779542662.761619,pass_through,0,0.000,1.000,inf,1,1
1779542662.896857,pass_through,0,0.000,1.000,inf,1,1
1779542662.918726,pass_through,0,0.000,1.000,inf,1,1
1779542662.961596,pass_through,0,0.000,1.000,inf,1,1
1779542663.011641,pass_through,0,0.000,1.000,inf,1,1
1779542663.061772,pass_through,0,0.000,1.000,inf,1,1
1779542663.111683,pass_through,0,0.000,1.000,inf,1,1
1779542663.161640,pass_through,0,0.000,1.000,inf,1,1
1779542663.211593,pass_through,0,0.000,1.000,inf,1,1
1779542663.262117,pass_through,0,0.000,1.000,inf,1,1
1779542663.407223,pass_through,0,0.000,1.000,inf,1,1
1779542663.423771,pass_through,0,0.000,1.000,inf,1,1
1779542663.461775,pass_through,0,0.000,1.000,inf,1,1
1779542663.511675,pass_through,0,0.000,1.000,inf,1,1
1779542663.561715,pass_through,0,0.000,1.000,inf,1,1
1779542663.611720,pass_through,0,0.000,1.000,inf,1,1
1779542663.661672,pass_through,0,0.000,1.000,inf,1,1
1779542663.711698,pass_through,0,0.000,1.000,inf,1,1
1779542663.761687,pass_through,0,0.000,1.000,inf,1,1
1779542663.907876,pass_through,0,0.000,1.000,inf,1,1
1779542663.926028,pass_through,0,0.000,1.000,inf,1,1
1779542663.962070,pass_through,0,0.000,1.000,inf,1,1
1779542664.011844,pass_through,0,0.000,1.000,inf,1,1
1779542664.061722,pass_through,0,0.000,1.000,inf,1,1
1779542664.111653,pass_through,0,0.000,1.000,inf,1,1
1779542664.161558,pass_through,0,0.000,1.000,inf,1,1
1779542664.211638,pass_through,0,0.000,1.000,inf,1,1
1779542664.261918,pass_through,0,0.000,1.000,inf,1,1
1779542664.395718,pass_through,0,0.000,1.000,inf,1,1
1779542664.412894,pass_through,0,0.000,1.000,inf,1,1
1779542664.462244,pass_through,0,0.000,1.000,inf,1,1
1779542664.511633,pass_through,0,0.000,1.000,inf,1,1
1779542664.561983,pass_through,0,0.000,1.000,inf,1,1
1779542664.611665,pass_through,0,0.000,1.000,inf,1,1
1779542664.661547,pass_through,0,0.000,1.000,inf,1,1
1779542664.711678,pass_through,0,0.000,1.000,inf,1,1
1779542664.761882,pass_through,0,0.000,1.000,inf,1,1
1779542664.904903,pass_through,0,0.000,1.000,inf,1,1
1779542664.921275,pass_through,0,0.000,1.000,inf,1,1
1779542664.961679,pass_through,0,0.000,1.000,inf,1,1
1779542665.011649,pass_through,0,0.000,1.000,inf,1,1
1779542665.061912,pass_through,0,0.000,1.000,inf,1,1
1779542665.111734,pass_through,0,0.000,1.000,inf,1,1
1779542665.161703,pass_through,0,0.000,1.000,inf,1,1
1779542665.211774,pass_through,0,0.000,1.000,inf,1,1
1779542665.261950,pass_through,0,0.000,1.000,inf,1,1
1779542665.421843,pass_through,0,0.000,1.000,inf,1,1
1779542665.462215,pass_through,0,0.000,1.000,inf,1,1
1779542665.511686,pass_through,0,0.000,1.000,inf,1,1
1779542665.561702,pass_through,0,0.000,1.000,inf,1,1
1779542665.611707,pass_through,0,0.000,1.000,inf,1,1
1779542665.662024,pass_through,0,0.000,1.000,inf,1,1
1779542665.711687,pass_through,0,0.000,1.000,inf,1,1
1779542665.762321,pass_through,0,0.000,1.000,inf,1,1
1779542665.882182,pass_through,0,0.000,1.000,inf,1,1
1779542665.911652,pass_through,0,0.000,1.000,inf,1,1
1779542665.961715,pass_through,0,0.000,1.000,inf,1,1
1779542666.011630,pass_through,0,0.000,1.000,inf,1,1
1779542666.061631,pass_through,0,0.000,1.000,inf,1,1
1779542666.111738,pass_through,0,0.000,1.000,inf,1,1
1779542666.162418,pass_through,0,0.000,1.000,inf,1,1
1779542666.211579,pass_through,0,0.000,1.000,inf,1,1
1779542666.262131,pass_through,0,0.000,1.000,inf,1,1
1779542666.391571,pass_through,0,0.000,1.000,inf,1,1
1779542666.411628,pass_through,0,0.000,1.000,inf,1,1
1779542666.461850,pass_through,0,0.000,1.000,inf,1,1
1779542666.511684,pass_through,0,0.000,1.000,inf,1,1
1779542666.561627,pass_through,0,0.000,1.000,inf,1,1
1779542666.611650,pass_through,0,0.000,1.000,inf,1,1
1779542666.662224,pass_through,0,0.000,1.000,inf,1,1
1779542666.711695,pass_through,0,0.000,1.000,inf,1,1
1779542666.761845,pass_through,0,0.000,1.000,inf,1,1
1779542666.910678,pass_through,0,0.000,1.000,inf,1,1
1779542666.935681,pass_through,0,0.000,1.000,inf,1,1
1779542666.961722,pass_through,0,0.000,1.000,inf,1,1
1779542667.011625,pass_through,0,0.000,1.000,inf,1,1
1779542667.061661,pass_through,0,0.000,1.000,inf,1,1
1779542667.111686,pass_through,0,0.000,1.000,inf,1,1
1779542667.161969,pass_through,0,0.000,1.000,inf,1,1
1779542667.211649,pass_through,0,0.000,1.000,inf,1,1
1779542667.261777,pass_through,0,0.000,1.000,inf,1,1
1779542667.387867,pass_through,0,0.000,1.000,inf,1,1
1779542667.411680,pass_through,0,0.000,1.000,inf,1,1
1779542667.461756,pass_through,0,0.000,1.000,inf,1,1
1779542667.511610,pass_through,0,0.000,1.000,inf,1,1
1779542667.562091,pass_through,0,0.000,1.000,inf,1,1
1779542667.611665,pass_through,0,0.000,1.000,inf,1,1
1779542667.661662,pass_through,0,0.000,1.000,inf,1,1
1779542667.711627,pass_through,0,0.000,1.000,inf,1,1
1779542667.762338,pass_through,0,0.000,1.000,inf,1,1
1779542667.890684,pass_through,0,0.000,1.000,inf,1,1
1779542667.914093,pass_through,0,0.000,1.000,inf,1,1
1779542667.961924,pass_through,0,0.000,1.000,inf,1,1
1779542668.011812,pass_through,0,0.000,1.000,inf,1,1
1779542668.061672,pass_through,0,0.000,1.000,inf,1,1
1779542668.111714,pass_through,0,0.000,1.000,inf,1,1
1779542668.161902,pass_through,0,0.000,1.000,inf,1,1
1779542668.211720,pass_through,0,0.000,1.000,inf,1,1
1779542668.262070,pass_through,0,0.000,1.000,inf,1,1
1779542668.426010,pass_through,0,0.000,1.000,inf,1,1
1779542668.461819,pass_through,0,0.000,1.000,inf,1,1
1779542668.511698,pass_through,0,0.000,1.000,inf,1,1
1779542668.561788,pass_through,0,0.000,1.000,inf,1,1
1779542668.611647,pass_through,0,0.000,1.000,inf,1,1
1779542668.662013,pass_through,0,0.000,1.000,inf,1,1
1779542668.711704,pass_through,0,0.000,1.000,inf,1,1
1779542668.761587,pass_through,0,0.000,1.000,inf,1,1
1779542668.877150,pass_through,0,0.000,1.000,inf,1,1
1779542668.911695,pass_through,0,0.000,1.000,inf,1,1
1779542668.961926,pass_through,0,0.000,1.000,inf,1,1
1779542669.011707,pass_through,0,0.000,1.000,inf,1,1
1779542669.061604,pass_through,0,0.000,1.000,inf,1,1
1779542669.111680,pass_through,0,0.000,1.000,inf,1,1
1779542669.161582,pass_through,0,0.000,1.000,inf,1,1
1779542669.211702,pass_through,0,0.000,1.000,inf,1,1
1779542669.262183,pass_through,0,0.000,1.000,inf,1,1
1779542669.367746,pass_through,0,0.000,1.000,inf,1,1
1779542669.411697,pass_through,0,0.000,1.000,inf,1,1
1779542669.461988,pass_through,0,0.000,1.000,inf,1,1
1779542669.511654,pass_through,0,0.000,1.000,inf,1,1
1779542669.561852,pass_through,0,0.000,1.000,inf,1,1
1779542669.612859,pass_through,0,0.000,1.000,inf,1,1
1779542669.661664,pass_through,0,0.000,1.000,inf,1,1
1779542669.711695,pass_through,0,0.000,1.000,inf,1,1
1779542669.761650,pass_through,0,0.000,1.000,inf,1,1
1779542669.899125,pass_through,0,0.000,1.000,inf,1,1
1779542669.921114,pass_through,0,0.000,1.000,inf,1,1
1779542669.962801,pass_through,0,0.000,1.000,inf,1,1
1779542670.011659,pass_through,0,0.000,1.000,inf,1,1
1779542670.061826,pass_through,0,0.000,1.000,inf,1,1
1779542670.111657,pass_through,0,0.000,1.000,inf,1,1
1779542670.161771,pass_through,0,0.000,1.000,inf,1,1
1779542670.211626,pass_through,0,0.000,1.000,inf,1,1
1779542670.261738,pass_through,0,0.000,1.000,inf,1,1
1779542670.382704,pass_through,0,0.000,1.000,inf,1,1
1779542670.411684,pass_through,0,0.000,1.000,inf,1,1
1779542670.461979,pass_through,0,0.000,1.000,inf,1,1
1779542670.511726,pass_through,0,0.000,1.000,inf,1,1
1779542670.561904,pass_through,0,0.000,1.000,inf,1,1
1779542670.611646,pass_through,0,0.000,1.000,inf,1,1
1779542670.661762,pass_through,0,0.000,1.000,inf,1,1
1779542670.711703,pass_through,0,0.000,1.000,inf,1,1
1779542670.761807,pass_through,0,0.000,1.000,inf,1,1
1779542670.886383,pass_through,0,0.000,1.000,inf,1,1
1779542670.911670,pass_through,0,0.000,1.000,inf,1,1
1779542670.961678,pass_through,0,0.000,1.000,inf,1,1
1779542671.011731,pass_through,0,0.000,1.000,inf,1,1
1779542671.061724,pass_through,0,0.000,1.000,inf,1,1
1779542671.111658,pass_through,0,0.000,1.000,inf,1,1
1779542671.161598,pass_through,0,0.000,1.000,inf,1,1
1779542671.211669,pass_through,0,0.000,1.000,inf,1,1
1779542671.261884,pass_through,0,0.000,1.000,inf,1,1
1779542671.412240,pass_through,0,0.000,1.000,inf,1,1
1779542671.461951,pass_through,0,0.000,1.000,inf,1,1
1779542671.511702,pass_through,0,0.000,1.000,inf,1,1
1779542671.561990,pass_through,0,0.000,1.000,inf,1,1
1779542671.611664,pass_through,0,0.000,1.000,inf,1,1
1779542671.661533,pass_through,0,0.000,1.000,inf,1,1
1779542671.711676,pass_through,0,0.000,1.000,inf,1,1
1779542671.762038,pass_through,0,0.000,1.000,inf,1,1
1779542671.871879,pass_through,0,0.000,1.000,inf,1,1
1779542671.911720,pass_through,0,0.000,1.000,inf,1,1
1779542671.961676,pass_through,0,0.000,1.000,inf,1,1
1779542672.011642,pass_through,0,0.000,1.000,inf,1,1
1779542672.061584,pass_through,0,0.000,1.000,inf,1,1
1779542672.111711,pass_through,0,0.000,1.000,inf,1,1
1779542672.161947,pass_through,0,0.000,1.000,inf,1,1
1779542672.211695,pass_through,0,0.000,1.000,inf,1,1
1779542672.261582,pass_through,0,0.000,1.000,inf,1,1
1779542672.370679,pass_through,0,0.000,1.000,inf,1,1
1779542672.411687,pass_through,0,0.000,1.000,inf,1,1
1779542672.461688,pass_through,0,0.000,1.000,inf,1,1
1779542672.511634,pass_through,0,0.000,1.000,inf,1,1
1779542672.561587,pass_through,0,0.000,1.000,inf,1,1
1779542672.611720,pass_through,0,0.000,1.000,inf,1,1
1779542672.661889,pass_through,0,0.000,1.000,inf,1,1
1779542672.711682,pass_through,0,0.000,1.000,inf,1,1
1779542672.761883,pass_through,0,0.000,1.000,inf,1,1
1779542672.878851,pass_through,0,0.000,1.000,inf,1,1
1779542672.911684,pass_through,0,0.000,1.000,inf,1,1
1779542672.961888,pass_through,0,0.000,1.000,inf,1,1
1779542673.011791,pass_through,0,0.000,1.000,inf,1,1
1779542673.061620,pass_through,0,0.000,1.000,inf,1,1
1779542673.111649,pass_through,0,0.000,1.000,inf,1,1
1779542673.161637,pass_through,0,0.000,1.000,inf,1,1
1779542673.211723,pass_through,0,0.000,1.000,inf,1,1
1779542673.262266,pass_through,0,0.000,1.000,inf,1,1
1779542673.434146,pass_through,0,0.000,1.000,inf,1,1
1779542673.461693,pass_through,0,0.000,1.000,inf,1,1
1779542673.511645,pass_through,0,0.000,1.000,inf,1,1
1779542673.562015,pass_through,0,0.000,1.000,inf,1,1
1779542673.611754,pass_through,0,0.000,1.000,inf,1,1
1779542673.661601,pass_through,0,0.000,1.000,inf,1,1
1779542673.711732,pass_through,0,0.000,1.000,inf,1,1
1779542673.761679,pass_through,0,0.000,1.000,inf,1,1
1779542673.917422,pass_through,0,0.000,1.000,inf,1,1
1779542673.961604,pass_through,0,0.000,1.000,inf,1,1
1779542674.011706,pass_through,0,0.000,1.000,inf,1,1
1779542674.061838,pass_through,0,0.000,1.000,inf,1,1
1779542674.111694,pass_through,0,0.000,1.000,inf,1,1
1779542674.161925,pass_through,0,0.000,1.000,inf,1,1
1779542674.211802,pass_through,0,0.000,1.000,inf,1,1
1779542674.262214,pass_through,0,0.000,1.000,inf,1,1
1779542674.387404,pass_through,0,0.000,1.000,inf,1,1
1779542674.411744,pass_through,0,0.000,1.000,inf,1,1
1779542674.461721,pass_through,0,0.000,1.000,inf,1,1
1779542674.511670,pass_through,0,0.000,1.000,inf,1,1
1779542674.561596,pass_through,0,0.000,1.000,inf,1,1
1779542674.611698,pass_through,0,0.000,1.000,inf,1,1
1779542674.662009,pass_through,0,0.000,1.000,inf,1,1
1779542674.711711,pass_through,0,0.000,1.000,inf,1,1
1779542674.762144,pass_through,0,0.000,1.000,inf,1,1
1779542674.873355,pass_through,0,0.000,1.000,inf,1,1
1779542674.911690,pass_through,0,0.000,1.000,inf,1,1
1779542674.961996,pass_through,0,0.000,1.000,inf,1,1
1779542675.011627,pass_through,0,0.000,1.000,inf,1,1
1779542675.061988,pass_through,0,0.000,1.000,inf,1,1
1779542675.111705,pass_through,0,0.000,1.000,inf,1,1
1779542675.162175,pass_through,0,0.000,1.000,inf,1,1
1779542675.211835,pass_through,0,0.000,1.000,inf,1,1
1779542675.262073,pass_through,0,0.000,1.000,inf,1,1
1779542675.413398,pass_through,0,0.000,1.000,inf,1,1
1779542675.461991,pass_through,0,0.000,1.000,inf,1,1
1779542675.511681,pass_through,0,0.000,1.000,inf,1,1
1779542675.561663,pass_through,0,0.000,1.000,inf,1,1
1779542675.612433,pass_through,0,0.000,1.000,inf,1,1
1779542675.662001,pass_through,0,0.000,1.000,inf,1,1
1779542675.711618,pass_through,0,0.000,1.000,inf,1,1
1779542675.762100,pass_through,0,0.000,1.000,inf,1,1
1779542675.905632,pass_through,0,0.000,1.000,inf,1,1
1779542675.920592,pass_through,0,0.000,1.000,inf,1,1
1779542675.962019,pass_through,0,0.000,1.000,inf,1,1
1779542676.011683,pass_through,0,0.000,1.000,inf,1,1
1779542676.061916,pass_through,0,0.000,1.000,inf,1,1
1779542676.111632,pass_through,0,0.000,1.000,inf,1,1
1779542676.162122,pass_through,0,0.000,1.000,inf,1,1
1779542676.211644,pass_through,0,0.000,1.000,inf,1,1
1779542676.261834,pass_through,0,0.000,1.000,inf,1,1
1779542676.383366,pass_through,0,0.000,1.000,inf,1,1
1779542676.411674,pass_through,0,0.000,1.000,inf,1,1
1779542676.462243,pass_through,0,0.000,1.000,inf,1,1
1779542676.511629,pass_through,0,0.000,1.000,inf,1,1
1779542676.561899,pass_through,0,0.000,1.000,inf,1,1
1779542676.611697,pass_through,0,0.000,1.000,inf,1,1
1779542676.661765,pass_through,0,0.000,1.000,inf,1,1
1779542676.711648,pass_through,0,0.000,1.000,inf,1,1
1779542676.761616,pass_through,0,0.000,1.000,inf,1,1
1779542676.888538,pass_through,0,0.000,1.000,inf,1,1
1779542676.912116,pass_through,0,0.000,1.000,inf,1,1
1779542676.961634,pass_through,0,0.000,1.000,inf,1,1
1779542677.011812,pass_through,0,0.000,1.000,inf,1,1
1779542677.069531,pass_through,0,0.000,1.000,inf,1,1
1779542677.111677,pass_through,0,0.000,1.000,inf,1,1
1779542677.161623,pass_through,0,0.000,1.000,inf,1,1
1779542677.211685,pass_through,0,0.000,1.000,inf,1,1
1779542677.261683,pass_through,0,0.000,1.000,inf,1,1
1779542677.395990,pass_through,0,0.000,1.000,inf,1,1
1779542677.420611,pass_through,0,0.000,1.000,inf,1,1
1779542677.461574,pass_through,0,0.000,1.000,inf,1,1
1779542677.511663,pass_through,0,0.000,1.000,inf,1,1
1779542677.561706,pass_through,0,0.000,1.000,inf,1,1
1779542677.611821,pass_through,0,0.000,1.000,inf,1,1
1779542677.661700,pass_through,0,0.000,1.000,inf,1,1
1779542677.711673,pass_through,0,0.000,1.000,inf,1,1
1779542677.761673,pass_through,0,0.000,1.000,inf,1,1
1779542677.882553,pass_through,0,0.000,1.000,inf,1,1
1779542677.911861,pass_through,0,0.000,1.000,inf,1,1
1779542677.961949,pass_through,0,0.000,1.000,inf,1,1
1779542678.011689,pass_through,0,0.000,1.000,inf,1,1
1779542678.061580,pass_through,0,0.000,1.000,inf,1,1
1779542678.111747,pass_through,0,0.000,1.000,inf,1,1
1779542678.161789,pass_through,0,0.000,1.000,inf,1,1
1779542678.211734,pass_through,0,0.000,1.000,inf,1,1
1779542678.261922,pass_through,0,0.000,1.000,inf,1,1
1779542678.394195,pass_through,0,0.000,1.000,inf,1,1
1779542678.411692,pass_through,0,0.000,1.000,inf,1,1
1779542678.461758,pass_through,0,0.000,1.000,inf,1,1
1779542678.511621,pass_through,0,0.000,1.000,inf,1,1
1779542678.561784,pass_through,0,0.000,1.000,inf,1,1
1779542678.611663,pass_through,0,0.000,1.000,inf,1,1
1779542678.661578,pass_through,0,0.000,1.000,inf,1,1
1779542678.711656,pass_through,0,0.000,1.000,inf,1,1
1779542678.761660,pass_through,0,0.000,1.000,inf,1,1
1779542678.898029,pass_through,0,0.000,1.000,inf,1,1
1779542678.911843,pass_through,0,0.000,1.000,inf,1,1
1779542678.962003,pass_through,0,0.000,1.000,inf,1,1
1779542679.011645,pass_through,0,0.000,1.000,inf,1,1
1779542679.061847,pass_through,0,0.000,1.000,inf,1,1
1779542679.111631,pass_through,0,0.000,1.000,inf,1,1
1779542679.162023,pass_through,0,0.000,1.000,inf,1,1
1779542679.211689,pass_through,0,0.000,1.000,inf,1,1
1779542679.261624,pass_through,0,0.000,1.000,inf,1,1
1779542679.389837,pass_through,0,0.000,1.000,inf,1,1
1779542679.412081,pass_through,0,0.000,1.000,inf,1,1
1779542679.461697,pass_through,0,0.000,1.000,inf,1,1
1779542679.511682,pass_through,0,0.000,1.000,inf,1,1
1779542679.561844,pass_through,0,0.000,1.000,inf,1,1
1779542679.611632,pass_through,0,0.000,1.000,inf,1,1
1779542679.661795,pass_through,0,0.000,1.000,inf,1,1
1779542679.711678,pass_through,0,0.000,1.000,inf,1,1
1779542679.761716,pass_through,0,0.000,1.000,inf,1,1
1779542679.886958,pass_through,0,0.000,1.000,inf,1,1
1779542679.913309,pass_through,0,0.000,1.000,inf,1,1
1779542679.962126,pass_through,0,0.000,1.000,inf,1,1
1779542680.011710,pass_through,0,0.000,1.000,inf,1,1
1779542680.061583,pass_through,0,0.000,1.000,inf,1,1
1779542680.111675,pass_through,0,0.000,1.000,inf,1,1
1779542680.161636,pass_through,0,0.000,1.000,inf,1,1
1779542680.211651,pass_through,0,0.000,1.000,inf,1,1
1779542680.262734,pass_through,0,0.000,1.000,inf,1,1
1779542680.402681,pass_through,0,0.000,1.000,inf,1,1
1779542680.430534,pass_through,0,0.000,1.000,inf,1,1
1779542680.461780,pass_through,0,0.000,1.000,inf,1,1
1779542680.511698,pass_through,0,0.000,1.000,inf,1,1
1779542680.561815,pass_through,0,0.000,1.000,inf,1,1
1779542680.611680,pass_through,0,0.000,1.000,inf,1,1
1779542680.661975,pass_through,0,0.000,1.000,inf,1,1
1779542680.711737,pass_through,0,0.000,1.000,inf,1,1
1779542680.762046,pass_through,0,0.000,1.000,inf,1,1
1779542680.917772,pass_through,0,0.000,1.000,inf,1,1
1779542680.962099,pass_through,0,0.000,1.000,inf,1,1
1779542681.011669,pass_through,0,0.000,1.000,inf,1,1
1779542681.061704,pass_through,0,0.000,1.000,inf,1,1
1779542681.111687,pass_through,0,0.000,1.000,inf,1,1
1779542681.162098,pass_through,0,0.000,1.000,inf,1,1
1779542681.211703,pass_through,0,0.000,1.000,inf,1,1
1779542681.261867,pass_through,0,0.000,1.000,inf,1,1
1779542681.402336,pass_through,0,0.000,1.000,inf,1,1
1779542681.420048,pass_through,0,0.000,1.000,inf,1,1
1779542681.461715,pass_through,0,0.000,1.000,inf,1,1
1779542681.511682,pass_through,0,0.000,1.000,inf,1,1
1779542681.561546,pass_through,0,0.000,1.000,inf,1,1
1779542681.611641,pass_through,0,0.000,1.000,inf,1,1
1779542681.661985,pass_through,0,0.000,1.000,inf,1,1
1779542681.711667,pass_through,0,0.000,1.000,inf,1,1
1779542681.761626,pass_through,0,0.000,1.000,inf,1,1
1779542681.883188,pass_through,0,0.000,1.000,inf,1,1
1779542681.911634,pass_through,0,0.000,1.000,inf,1,1
1779542681.961884,pass_through,0,0.000,1.000,inf,1,1
1779542682.011647,pass_through,0,0.000,1.000,inf,1,1
1779542682.061668,pass_through,0,0.000,1.000,inf,1,1
1779542682.111632,pass_through,0,0.000,1.000,inf,1,1
1779542682.162079,pass_through,0,0.000,1.000,inf,1,1
1779542682.211707,pass_through,0,0.000,1.000,inf,1,1
1779542682.261656,pass_through,0,0.000,1.000,inf,1,1
1779542682.371576,pass_through,0,0.000,1.000,inf,1,1
1779542682.411632,pass_through,0,0.000,1.000,inf,1,1
1779542682.461872,pass_through,0,0.000,1.000,inf,1,1
1779542682.511712,avoid,1,0.950,0.750,0.346,29,16
1779542682.758339,avoid,1,0.950,0.750,0.346,29,16
1779542683.103105,avoid,1,0.950,0.750,0.346,29,16
1779542683.445154,avoid,1,0.950,0.750,0.346,29,16
1779542683.723512,avoid,1,0.950,0.750,0.345,29,16
1779542684.012596,avoid,1,0.950,0.750,0.347,29,16
1779542684.366756,avoid,1,0.950,0.750,0.346,29,16
1779542684.689601,avoid,1,0.950,0.750,0.346,29,16
1779542684.929818,avoid,1,0.950,0.750,0.352,29,16
1779542685.252125,avoid,1,0.950,0.750,0.352,29,16
1779542685.496350,avoid,1,0.950,0.750,0.349,29,16
1779542685.843461,avoid,1,0.950,0.750,0.352,29,16
1779542686.370389,avoid,1,1.050,0.750,0.449,29,11
1779542686.820360,avoid,1,1.050,0.750,0.449,29,9
1779542687.187535,avoid,1,1.050,0.750,0.473,29,12
1779542687.461820,avoid,1,1.050,0.750,0.484,29,29
1779542687.810294,avoid,1,1.050,0.750,0.576,29,29
1779542688.151670,pass_through,0,0.000,1.000,inf,1,1
1779542688.162475,pass_through,0,0.000,1.000,inf,1,1
1779542688.211632,pass_through,0,0.000,1.000,inf,1,1
1779542688.261611,pass_through,0,0.000,1.000,inf,1,1
1779542688.421199,pass_through,0,0.000,1.000,inf,1,1
1779542688.461838,pass_through,0,0.000,1.000,inf,1,1
1779542688.511707,pass_through,0,0.000,1.000,inf,1,1
1779542688.561867,pass_through,0,0.000,1.000,inf,1,1
1779542688.611609,pass_through,0,0.000,1.000,inf,1,1
1779542688.661695,pass_through,0,0.000,1.000,inf,1,1
1779542688.711709,pass_through,0,0.000,1.000,inf,1,1
1779542688.761922,pass_through,0,0.000,1.000,inf,1,1
1779542688.885418,pass_through,0,0.000,1.000,inf,1,1
1779542688.911683,pass_through,0,0.000,1.000,inf,1,1
1779542688.961961,pass_through,0,0.000,1.000,inf,1,1
1779542689.011632,pass_through,0,0.000,1.000,inf,1,1
1779542689.061717,pass_through,0,0.000,1.000,inf,1,1
1779542689.111666,pass_through,0,0.000,1.000,inf,1,1
1779542689.161646,pass_through,0,0.000,1.000,inf,1,1
1779542689.211656,pass_through,0,0.000,1.000,inf,1,1
1779542689.261952,pass_through,0,0.000,1.000,inf,1,1
1779542689.431113,pass_through,0,0.000,1.000,inf,1,1
1779542689.461642,pass_through,0,0.000,1.000,inf,1,1
1779542689.511676,pass_through,0,0.000,1.000,inf,1,1
1779542689.561762,pass_through,0,0.000,1.000,inf,1,1
1779542689.611630,pass_through,0,0.000,1.000,inf,1,1
1779542689.661714,pass_through,0,0.000,1.000,inf,1,1
1779542689.711669,pass_through,0,0.000,1.000,inf,1,1
1779542689.761858,pass_through,0,0.000,1.000,inf,1,1
1779542689.885009,pass_through,0,0.000,1.000,inf,1,1
1779542689.911715,pass_through,0,0.000,1.000,inf,1,1
1779542689.961731,pass_through,0,0.000,1.000,inf,1,1
1779542690.011633,pass_through,0,0.000,1.000,inf,1,1
1779542690.062220,pass_through,0,0.000,1.000,inf,1,1
1779542690.111732,pass_through,0,0.000,1.000,inf,1,1
1779542690.162007,pass_through,0,0.000,1.000,inf,1,1
1779542690.211691,pass_through,0,0.000,1.000,inf,1,1
1779542690.261791,pass_through,0,0.000,1.000,inf,1,1
1779542690.379773,pass_through,0,0.000,1.000,inf,1,1
1779542690.411686,pass_through,0,0.000,1.000,inf,1,1
1779542690.461704,pass_through,0,0.000,1.000,inf,1,1
1779542690.511682,pass_through,0,0.000,1.000,inf,1,1
1779542690.561841,pass_through,0,0.000,1.000,inf,1,1
1779542690.611735,pass_through,0,0.000,1.000,inf,1,1
1779542690.661912,pass_through,0,0.000,1.000,inf,1,1
1779542690.711720,pass_through,0,0.000,1.000,inf,1,1
1779542690.761953,pass_through,0,0.000,1.000,inf,1,1
1779542690.899984,pass_through,0,0.000,1.000,inf,1,1
1779542690.914956,pass_through,0,0.000,1.000,inf,1,1
1779542690.961713,pass_through,0,0.000,1.000,inf,1,1
1779542691.011611,pass_through,0,0.000,1.000,inf,1,1
1779542691.061774,pass_through,0,0.000,1.000,inf,1,1
1779542691.111713,pass_through,0,0.000,1.000,inf,1,1
1779542691.162034,pass_through,0,0.000,1.000,inf,1,1
1779542691.211636,pass_through,0,0.000,1.000,inf,1,1
1779542691.261777,pass_through,0,0.000,1.000,inf,1,1
1779542691.418650,pass_through,0,0.000,1.000,inf,1,1
1779542691.461882,pass_through,0,0.000,1.000,inf,1,1
1779542691.511674,pass_through,0,0.000,1.000,inf,1,1
1779542691.561607,pass_through,0,0.000,1.000,inf,1,1
1779542691.611655,pass_through,0,0.000,1.000,inf,1,1
1779542691.661584,pass_through,0,0.000,1.000,inf,1,1
1779542691.711643,pass_through,0,0.000,1.000,inf,1,1
1779542691.761854,pass_through,0,0.000,1.000,inf,1,1
1779542691.885999,pass_through,0,0.000,1.000,inf,1,1
1779542691.911675,pass_through,0,0.000,1.000,inf,1,1
1779542691.961960,pass_through,0,0.000,1.000,inf,1,1
1779542692.011666,pass_through,0,0.000,1.000,inf,1,1
1779542692.061721,pass_through,0,0.000,1.000,inf,1,1
1779542692.111836,pass_through,0,0.000,1.000,inf,1,1
1779542692.162378,pass_through,0,0.000,1.000,inf,1,1
1779542692.211667,pass_through,0,0.000,1.000,inf,1,1
1779542692.261758,pass_through,0,0.000,1.000,inf,1,1
1779542692.418427,pass_through,0,0.000,1.000,inf,1,1
1779542692.461628,pass_through,0,0.000,1.000,inf,1,1
1779542692.511703,pass_through,0,0.000,1.000,inf,1,1
1779542692.561797,pass_through,0,0.000,1.000,inf,1,1
1779542692.611602,pass_through,0,0.000,1.000,inf,1,1
1779542692.661660,pass_through,0,0.000,1.000,inf,1,1
1779542692.711690,pass_through,0,0.000,1.000,inf,1,1
1779542692.761836,pass_through,0,0.000,1.000,inf,1,1
1779542692.882201,pass_through,0,0.000,1.000,inf,1,1
1779542692.911687,pass_through,0,0.000,1.000,inf,1,1
1779542692.962168,pass_through,0,0.000,1.000,inf,1,1
1779542693.011676,pass_through,0,0.000,1.000,inf,1,1
1779542693.061807,pass_through,0,0.000,1.000,inf,1,1
1779542693.111646,pass_through,0,0.000,1.000,inf,1,1
1779542693.161739,pass_through,0,0.000,1.000,inf,1,1
1779542693.211656,pass_through,0,0.000,1.000,inf,1,1
1779542693.261664,pass_through,0,0.000,1.000,inf,1,1
1779542693.393535,pass_through,0,0.000,1.000,inf,1,1
1779542693.411689,pass_through,0,0.000,1.000,inf,1,1
1779542693.461580,pass_through,0,0.000,1.000,inf,1,1
1779542693.511702,pass_through,0,0.000,1.000,inf,1,1
1779542693.561970,pass_through,0,0.000,1.000,inf,1,1
1779542693.611707,pass_through,0,0.000,1.000,inf,1,1
1779542693.661805,pass_through,0,0.000,1.000,inf,1,1
1779542693.711649,pass_through,0,0.000,1.000,inf,1,1
1779542693.761768,pass_through,0,0.000,1.000,inf,1,1
1779542693.928205,pass_through,0,0.000,1.000,inf,1,1
1779542693.962131,pass_through,0,0.000,1.000,inf,1,1
1779542694.011688,pass_through,0,0.000,1.000,inf,1,1
1779542694.062128,pass_through,0,0.000,1.000,inf,1,1
1779542694.111782,pass_through,0,0.000,1.000,inf,1,1
1779542694.161918,pass_through,0,0.000,1.000,inf,1,1
1779542694.211728,pass_through,0,0.000,1.000,inf,1,1
1779542694.262141,pass_through,0,0.000,1.000,inf,1,1
1779542694.410758,pass_through,0,0.000,1.000,inf,1,1
1779542694.440632,pass_through,0,0.000,1.000,inf,1,1
1779542694.470031,pass_through,0,0.000,1.000,inf,1,1
1779542694.512269,pass_through,0,0.000,1.000,inf,1,1
1779542694.561548,pass_through,0,0.000,1.000,inf,1,1
1779542694.611693,pass_through,0,0.000,1.000,inf,1,1
1779542694.661660,pass_through,0,0.000,1.000,inf,1,1
1779542694.712390,pass_through,0,0.000,1.000,inf,1,1
1779542694.761770,pass_through,0,0.000,1.000,inf,1,1
1779542694.911589,pass_through,0,0.000,1.000,inf,1,1
1779542694.961798,pass_through,0,0.000,1.000,inf,1,1
1779542695.011692,pass_through,0,0.000,1.000,inf,1,1
1779542695.061590,pass_through,0,0.000,1.000,inf,1,1
1779542695.111716,pass_through,0,0.000,1.000,inf,1,1
1779542695.161770,pass_through,0,0.000,1.000,inf,1,1
1779542695.211730,pass_through,0,0.000,1.000,inf,1,1
1779542695.261979,pass_through,0,0.000,1.000,inf,1,1
1779542695.394585,pass_through,0,0.000,1.000,inf,1,1
1779542695.419423,pass_through,0,0.000,1.000,inf,1,1
1779542695.461899,pass_through,0,0.000,1.000,inf,1,1
1779542695.511711,pass_through,0,0.000,1.000,inf,1,1
1779542695.561802,pass_through,0,0.000,1.000,inf,1,1
1779542695.611654,pass_through,0,0.000,1.000,inf,1,1
1779542695.661884,pass_through,0,0.000,1.000,inf,1,1
1779542695.711687,pass_through,0,0.000,1.000,inf,1,1
1779542695.761580,pass_through,0,0.000,1.000,inf,1,1
1779542695.917922,pass_through,0,0.000,1.000,inf,1,1
1779542695.961975,pass_through,0,0.000,1.000,inf,1,1
1779542696.011632,pass_through,0,0.000,1.000,inf,1,1
1779542696.061930,pass_through,0,0.000,1.000,inf,1,1
1779542696.111655,pass_through,0,0.000,1.000,inf,1,1
1779542696.161649,pass_through,0,0.000,1.000,inf,1,1
1779542696.211662,pass_through,0,0.000,1.000,inf,1,1
1779542696.261675,pass_through,0,0.000,1.000,inf,1,1
1779542696.390011,pass_through,0,0.000,1.000,inf,1,1
1779542696.411618,pass_through,0,0.000,1.000,inf,1,1
1779542696.461817,pass_through,0,0.000,1.000,inf,1,1
1779542696.511671,pass_through,0,0.000,1.000,inf,1,1
1779542696.561862,pass_through,0,0.000,1.000,inf,1,1
1779542696.611618,pass_through,0,0.000,1.000,inf,1,1
1779542696.661582,pass_through,0,0.000,1.000,inf,1,1
1779542696.711711,pass_through,0,0.000,1.000,inf,1,1
1779542696.761539,pass_through,0,0.000,1.000,inf,1,1
1779542696.909730,pass_through,0,0.000,1.000,inf,1,1
1779542696.933826,pass_through,0,0.000,1.000,inf,1,1
1779542696.961744,pass_through,0,0.000,1.000,inf,1,1
1779542697.011631,pass_through,0,0.000,1.000,inf,1,1
1779542697.062343,pass_through,0,0.000,1.000,inf,1,1
1779542697.111629,pass_through,0,0.000,1.000,inf,1,1
1779542697.161624,pass_through,0,0.000,1.000,inf,1,1
1779542697.211636,pass_through,0,0.000,1.000,inf,1,1
1779542697.261900,pass_through,0,0.000,1.000,inf,1,1
1779542697.382022,pass_through,0,0.000,1.000,inf,1,1
1779542697.411691,pass_through,0,0.000,1.000,inf,1,1
1779542697.461556,pass_through,0,0.000,1.000,inf,1,1
1779542697.511670,pass_through,0,0.000,1.000,inf,1,1
1779542697.562018,pass_through,0,0.000,1.000,inf,1,1
1779542697.611638,pass_through,0,0.000,1.000,inf,1,1
1779542697.661874,pass_through,0,0.000,1.000,inf,1,1
1779542697.711717,pass_through,0,0.000,1.000,inf,1,1
1779542697.761610,pass_through,0,0.000,1.000,inf,1,1
1779542697.907174,pass_through,0,0.000,1.000,inf,1,1
1779542697.932109,pass_through,0,0.000,1.000,inf,1,1
1779542697.961635,pass_through,0,0.000,1.000,inf,1,1
1779542698.011687,pass_through,0,0.000,1.000,inf,1,1
1779542698.061818,pass_through,0,0.000,1.000,inf,1,1
1779542698.111699,pass_through,0,0.000,1.000,inf,1,1
1779542698.161968,pass_through,0,0.000,1.000,inf,1,1
1779542698.211635,pass_through,0,0.000,1.000,inf,1,1
1779542698.261655,pass_through,0,0.000,1.000,inf,1,1
1779542698.412409,pass_through,0,0.000,1.000,inf,1,1
1779542698.461866,pass_through,0,0.000,1.000,inf,1,1
1779542698.511647,pass_through,0,0.000,1.000,inf,1,1
1779542698.561552,pass_through,0,0.000,1.000,inf,1,1
1779542698.611629,pass_through,0,0.000,1.000,inf,1,1
1779542698.661680,pass_through,0,0.000,1.000,inf,1,1
1779542698.711608,pass_through,0,0.000,1.000,inf,1,1
1779542698.762170,pass_through,0,0.000,1.000,inf,1,1
1779542698.882501,pass_through,0,0.000,1.000,inf,1,1
1779542698.911670,pass_through,0,0.000,1.000,inf,1,1
1779542698.962122,pass_through,0,0.000,1.000,inf,1,1
1779542699.011618,pass_through,0,0.000,1.000,inf,1,1
1779542699.061761,pass_through,0,0.000,1.000,inf,1,1
1779542699.111668,pass_through,0,0.000,1.000,inf,1,1
1779542699.161640,pass_through,0,0.000,1.000,inf,1,1
1779542699.211659,pass_through,0,0.000,1.000,inf,1,1
1779542699.261734,pass_through,0,0.000,1.000,inf,1,1
1779542699.381000,pass_through,0,0.000,1.000,inf,1,1
1779542699.411680,pass_through,0,0.000,1.000,inf,1,1
1779542699.461756,pass_through,0,0.000,1.000,inf,1,1
1779542699.511635,pass_through,0,0.000,1.000,inf,1,1
1779542699.561658,pass_through,0,0.000,1.000,inf,1,1
1779542699.611672,pass_through,0,0.000,1.000,inf,1,1
1779542699.661740,pass_through,0,0.000,1.000,inf,1,1
1779542699.711640,pass_through,0,0.000,1.000,inf,1,1
1779542699.761672,pass_through,0,0.000,1.000,inf,1,1
1779542699.930091,pass_through,0,0.000,1.000,inf,1,1
1779542699.961899,pass_through,0,0.000,1.000,inf,1,1
1779542700.011632,pass_through,0,0.000,1.000,inf,1,1
1779542700.061744,pass_through,0,0.000,1.000,inf,1,1
1779542700.111673,pass_through,0,0.000,1.000,inf,1,1
1779542700.162011,pass_through,0,0.000,1.000,inf,1,1
1779542700.211626,pass_through,0,0.000,1.000,inf,1,1
1779542700.261698,pass_through,0,0.000,1.000,inf,1,1
1779542700.415422,pass_through,0,0.000,1.000,inf,1,1
1779542700.461810,pass_through,0,0.000,1.000,inf,1,1
1779542700.511657,pass_through,0,0.000,1.000,inf,1,1
1779542700.561991,pass_through,0,0.000,1.000,inf,1,1
1779542700.611642,pass_through,0,0.000,1.000,inf,1,1
1779542700.661729,pass_through,0,0.000,1.000,inf,1,1
1779542700.711624,pass_through,0,0.000,1.000,inf,1,1
1779542700.762010,pass_through,0,0.000,1.000,inf,1,1
1779542700.896340,pass_through,0,0.000,1.000,inf,1,1
1779542700.911692,pass_through,0,0.000,1.000,inf,1,1
1779542700.961583,pass_through,0,0.000,1.000,inf,1,1
1779542701.011615,pass_through,0,0.000,1.000,inf,1,1
1779542701.061986,pass_through,0,0.000,1.000,inf,1,1
1779542701.111683,pass_through,0,0.000,1.000,inf,1,1
1779542701.161590,pass_through,0,0.000,1.000,inf,1,1
1779542701.211693,pass_through,0,0.000,1.000,inf,1,1
1779542701.261937,pass_through,0,0.000,1.000,inf,1,1
1779542701.414019,pass_through,0,0.000,1.000,inf,1,1
1779542701.461827,pass_through,0,0.000,1.000,inf,1,1
1779542701.511654,pass_through,0,0.000,1.000,inf,1,1
1779542701.561659,pass_through,0,0.000,1.000,inf,1,1
1779542701.611699,pass_through,0,0.000,1.000,inf,1,1
1779542701.661873,pass_through,0,0.000,1.000,inf,1,1
1779542701.711617,pass_through,0,0.000,1.000,inf,1,1
1779542701.762017,pass_through,0,0.000,1.000,inf,1,1
1779542701.886763,pass_through,0,0.000,1.000,inf,1,1
1779542701.911664,pass_through,0,0.000,1.000,inf,1,1
1779542701.961740,avoid,1,-0.850,0.750,0.312,29,16
1779542702.230503,avoid,1,-0.850,0.750,0.312,29,16
1779542702.512583,avoid,1,-0.850,0.750,0.312,29,16
1779542702.862823,avoid,1,-0.850,0.750,0.312,29,16
1779542703.211208,avoid,1,-0.850,0.750,0.312,29,16
1779542703.468075,avoid,1,-0.850,0.750,0.317,29,16
1779542703.806983,avoid,1,-0.850,0.750,0.319,29,16
1779542704.147015,avoid,1,-0.850,0.750,0.320,29,16
1779542704.404790,avoid,1,-0.850,0.750,0.313,29,16
1779542704.727152,avoid,1,-0.850,0.750,0.312,29,16
1779542705.012461,avoid,1,-0.850,0.750,0.313,29,16
1779542705.374118,avoid,1,-0.850,0.750,0.312,29,16
1779542705.722605,avoid,1,-0.850,0.750,0.313,29,16
1779542706.006962,avoid,1,-0.850,0.750,0.316,29,16
1779542706.390064,avoid,1,-0.850,0.750,0.315,29,10
1779542706.631951,avoid,1,-0.850,0.750,0.319,29,9
1779542706.895136,avoid,1,-0.850,0.750,0.329,29,9
1779542707.230910,avoid,1,-0.850,0.750,0.329,29,11
1779542707.474993,avoid,1,-0.850,0.750,0.313,29,13
1779542707.781561,avoid,1,-0.850,0.750,0.308,29,26
1779542708.040528,avoid,1,-0.750,0.750,0.346,29,29
1779542708.436908,pass_through,0,0.000,1.000,inf,1,1
1779542708.462049,pass_through,0,0.000,1.000,inf,1,1
1779542708.511602,pass_through,0,0.000,1.000,inf,1,1
1779542708.561626,pass_through,0,0.000,1.000,inf,1,1
1779542708.611670,pass_through,0,0.000,1.000,inf,1,1
1779542708.662162,pass_through,0,0.000,1.000,inf,1,1
1779542708.711675,pass_through,0,0.000,1.000,inf,1,1
1779542708.761956,pass_through,0,0.000,1.000,inf,1,1
1779542708.923140,pass_through,0,0.000,1.000,inf,1,1
1779542708.961695,pass_through,0,0.000,1.000,inf,1,1
1779542709.011646,pass_through,0,0.000,1.000,inf,1,1
1779542709.061819,pass_through,0,0.000,1.000,inf,1,1
1779542709.111710,pass_through,0,0.000,1.000,inf,1,1
1779542709.161609,pass_through,0,0.000,1.000,inf,1,1
1779542709.211652,pass_through,0,0.000,1.000,inf,1,1
1779542709.261934,pass_through,0,0.000,1.000,inf,1,1
1779542709.396632,pass_through,0,0.000,1.000,inf,1,1
1779542709.411870,pass_through,0,0.000,1.000,inf,1,1
1779542709.462049,pass_through,0,0.000,1.000,inf,1,1
1779542709.511693,pass_through,0,0.000,1.000,inf,1,1
1779542709.561990,pass_through,0,0.000,1.000,inf,1,1
1779542709.611682,pass_through,0,0.000,1.000,inf,1,1
1779542709.661756,pass_through,0,0.000,1.000,inf,1,1
1779542709.711692,pass_through,0,0.000,1.000,inf,1,1
1779542709.762230,pass_through,0,0.000,1.000,inf,1,1
1779542709.894377,pass_through,0,0.000,1.000,inf,1,1
1779542709.911693,pass_through,0,0.000,1.000,inf,1,1
1779542709.962144,pass_through,0,0.000,1.000,inf,1,1
1779542710.011713,pass_through,0,0.000,1.000,inf,1,1
1779542710.061709,pass_through,0,0.000,1.000,inf,1,1
1779542710.111676,pass_through,0,0.000,1.000,inf,1,1
1779542710.162023,pass_through,0,0.000,1.000,inf,1,1
1779542710.211681,pass_through,0,0.000,1.000,inf,1,1
1779542710.261787,pass_through,0,0.000,1.000,inf,1,1
1779542710.422417,pass_through,0,0.000,1.000,inf,1,1
1779542710.461687,pass_through,0,0.000,1.000,inf,1,1
1779542710.511716,pass_through,0,0.000,1.000,inf,1,1
1779542710.561969,pass_through,0,0.000,1.000,inf,1,1
1779542710.611762,pass_through,0,0.000,1.000,inf,1,1
1779542710.661820,pass_through,0,0.000,1.000,inf,1,1
1779542710.711693,pass_through,0,0.000,1.000,inf,1,1
1779542710.761840,pass_through,0,0.000,1.000,inf,1,1
1779542710.932672,pass_through,0,0.000,1.000,inf,1,1
1779542710.961602,pass_through,0,0.000,1.000,inf,1,1
1779542711.011691,pass_through,0,0.000,1.000,inf,1,1
1779542711.061610,pass_through,0,0.000,1.000,inf,1,1
1779542711.111650,pass_through,0,0.000,1.000,inf,1,1
1779542711.161581,pass_through,0,0.000,1.000,inf,1,1
1779542711.211709,pass_through,0,0.000,1.000,inf,1,1
1779542711.261790,pass_through,0,0.000,1.000,inf,1,1
1779542711.376134,pass_through,0,0.000,1.000,inf,1,1
1779542711.411623,pass_through,0,0.000,1.000,inf,1,1
1779542711.462170,pass_through,0,0.000,1.000,inf,1,1
1779542711.511670,pass_through,0,0.000,1.000,inf,1,1
1779542711.561630,pass_through,0,0.000,1.000,inf,1,1
1779542711.611683,pass_through,0,0.000,1.000,inf,1,1
1779542711.661566,pass_through,0,0.000,1.000,inf,1,1
1779542711.711641,pass_through,0,0.000,1.000,inf,1,1
1779542711.761769,pass_through,0,0.000,1.000,inf,1,1
1779542711.882703,pass_through,0,0.000,1.000,inf,1,1
1779542711.911632,pass_through,0,0.000,1.000,inf,1,1
1779542711.961722,pass_through,0,0.000,1.000,inf,1,1
1779542712.011652,pass_through,0,0.000,1.000,inf,1,1
1779542712.061654,pass_through,0,0.000,1.000,inf,1,1
1779542712.111672,pass_through,0,0.000,1.000,inf,1,1
1779542712.161801,pass_through,0,0.000,1.000,inf,1,1
1779542712.211725,pass_through,0,0.000,1.000,inf,1,1
1779542712.261614,pass_through,0,0.000,1.000,inf,1,1
1779542712.417762,pass_through,0,0.000,1.000,inf,1,1
1779542712.462523,pass_through,0,0.000,1.000,inf,1,1
1779542712.511652,pass_through,0,0.000,1.000,inf,1,1
1779542712.561754,pass_through,0,0.000,1.000,inf,1,1
1779542712.611635,pass_through,0,0.000,1.000,inf,1,1
1779542712.661732,pass_through,0,0.000,1.000,inf,1,1
1779542712.711627,pass_through,0,0.000,1.000,inf,1,1
1779542712.761641,pass_through,0,0.000,1.000,inf,1,1
1779542712.915889,pass_through,0,0.000,1.000,inf,1,1
1779542712.961587,pass_through,0,0.000,1.000,inf,1,1
1779542713.011619,pass_through,0,0.000,1.000,inf,1,1
1779542713.062042,pass_through,0,0.000,1.000,inf,1,1
1779542713.111687,pass_through,0,0.000,1.000,inf,1,1
1779542713.162161,pass_through,0,0.000,1.000,inf,1,1
1779542713.211631,pass_through,0,0.000,1.000,inf,1,1
1779542713.262342,pass_through,0,0.000,1.000,inf,1,1
1779542713.413357,pass_through,0,0.000,1.000,inf,1,1
1779542713.461938,pass_through,0,0.000,1.000,inf,1,1
1779542713.511684,pass_through,0,0.000,1.000,inf,1,1
1779542713.561862,pass_through,0,0.000,1.000,inf,1,1
1779542713.611684,pass_through,0,0.000,1.000,inf,1,1
1779542713.661756,pass_through,0,0.000,1.000,inf,1,1
1779542713.711651,pass_through,0,0.000,1.000,inf,1,1
1779542713.762050,pass_through,0,0.000,1.000,inf,1,1
1779542713.917646,pass_through,0,0.000,1.000,inf,1,1
1779542713.961636,pass_through,0,0.000,1.000,inf,1,1
1779542714.011662,pass_through,0,0.000,1.000,inf,1,1
1779542714.061891,pass_through,0,0.000,1.000,inf,1,1
1779542714.111632,pass_through,0,0.000,1.000,inf,1,1
1779542714.161812,pass_through,0,0.000,1.000,inf,1,1
1779542714.211667,pass_through,0,0.000,1.000,inf,1,1
1779542714.261729,pass_through,0,0.000,1.000,inf,1,1
1779542714.372579,pass_through,0,0.000,1.000,inf,1,1
1779542714.411677,pass_through,0,0.000,1.000,inf,1,1
1779542714.461859,pass_through,0,0.000,1.000,inf,1,1
1779542714.511639,pass_through,0,0.000,1.000,inf,1,1
1779542714.561884,pass_through,0,0.000,1.000,inf,1,1
1779542714.611695,pass_through,0,0.000,1.000,inf,1,1
1779542714.661756,pass_through,0,0.000,1.000,inf,1,1
1779542714.711630,pass_through,0,0.000,1.000,inf,1,1
1779542714.761650,pass_through,0,0.000,1.000,inf,1,1
1779542714.903519,pass_through,0,0.000,1.000,inf,1,1
1779542714.918604,pass_through,0,0.000,1.000,inf,1,1
1779542714.961563,pass_through,0,0.000,1.000,inf,1,1
1779542715.011621,pass_through,0,0.000,1.000,inf,1,1
1779542715.066726,pass_through,0,0.000,1.000,inf,1,1
1779542715.111622,pass_through,0,0.000,1.000,inf,1,1
1779542715.161796,pass_through,0,0.000,1.000,inf,1,1
1779542715.211624,pass_through,0,0.000,1.000,inf,1,1
1779542715.261607,pass_through,0,0.000,1.000,inf,1,1
1779542715.375153,pass_through,0,0.000,1.000,inf,1,1
1779542715.411627,pass_through,0,0.000,1.000,inf,1,1
1779542715.461634,pass_through,0,0.000,1.000,inf,1,1
1779542715.511624,pass_through,0,0.000,1.000,inf,1,1
1779542715.561937,pass_through,0,0.000,1.000,inf,1,1
1779542715.611696,pass_through,0,0.000,1.000,inf,1,1
1779542715.661757,pass_through,0,0.000,1.000,inf,1,1
1779542715.711631,pass_through,0,0.000,1.000,inf,1,1
1779542715.761678,pass_through,0,0.000,1.000,inf,1,1
1779542715.883415,pass_through,0,0.000,1.000,inf,1,1
1779542715.911648,pass_through,0,0.000,1.000,inf,1,1
1779542715.961913,pass_through,0,0.000,1.000,inf,1,1
1779542716.011683,pass_through,0,0.000,1.000,inf,1,1
1779542716.061692,pass_through,0,0.000,1.000,inf,1,1
1779542716.111652,pass_through,0,0.000,1.000,inf,1,1
1779542716.161705,pass_through,0,0.000,1.000,inf,1,1
1779542716.211637,pass_through,0,0.000,1.000,inf,1,1
1779542716.261984,pass_through,0,0.000,1.000,inf,1,1
1779542716.391557,pass_through,0,0.000,1.000,inf,1,1
1779542716.411820,pass_through,0,0.000,1.000,inf,1,1
1779542716.461619,pass_through,0,0.000,1.000,inf,1,1
1779542716.511708,pass_through,0,0.000,1.000,inf,1,1
1779542716.562099,pass_through,0,0.000,1.000,inf,1,1
1779542716.611674,pass_through,0,0.000,1.000,inf,1,1
1779542716.661964,pass_through,0,0.000,1.000,inf,1,1
1779542716.711659,pass_through,0,0.000,1.000,inf,1,1
1779542716.761682,pass_through,0,0.000,1.000,inf,1,1
1779542716.881411,pass_through,0,0.000,1.000,inf,1,1
1779542716.911655,pass_through,0,0.000,1.000,inf,1,1
1779542716.961586,pass_through,0,0.000,1.000,inf,1,1
1779542717.011662,pass_through,0,0.000,1.000,inf,1,1
1779542717.061682,pass_through,0,0.000,1.000,inf,1,1
1779542717.111666,pass_through,0,0.000,1.000,inf,1,1
1779542717.161585,pass_through,0,0.000,1.000,inf,1,1
1779542717.211735,pass_through,0,0.000,1.000,inf,1,1
1779542717.261696,pass_through,0,0.000,1.000,inf,1,1
1779542717.383605,pass_through,0,0.000,1.000,inf,1,1
1779542717.411617,pass_through,0,0.000,1.000,inf,1,1
1779542717.461650,pass_through,0,0.000,1.000,inf,1,1
1779542717.511712,pass_through,0,0.000,1.000,inf,1,1
1779542717.561720,pass_through,0,0.000,1.000,inf,1,1
1779542717.611617,pass_through,0,0.000,1.000,inf,1,1
1779542717.661988,pass_through,0,0.000,1.000,inf,1,1
1779542717.711607,pass_through,0,0.000,1.000,inf,1,1
1779542717.761947,pass_through,0,0.000,1.000,inf,1,1
1779542717.915509,pass_through,0,0.000,1.000,inf,1,1
1779542717.961869,pass_through,0,0.000,1.000,inf,1,1
1779542718.011575,pass_through,0,0.000,1.000,inf,1,1
1779542718.061960,pass_through,0,0.000,1.000,inf,1,1
1779542718.111662,pass_through,0,0.000,1.000,inf,1,1
1779542718.161772,pass_through,0,0.000,1.000,inf,1,1
1779542718.211668,pass_through,0,0.000,1.000,inf,1,1
1779542718.262182,pass_through,0,0.000,1.000,inf,1,1
1779542718.386638,pass_through,0,0.000,1.000,inf,1,1
1779542718.411638,pass_through,0,0.000,1.000,inf,1,1
1779542718.461749,pass_through,0,0.000,1.000,inf,1,1
1779542718.511726,pass_through,0,0.000,1.000,inf,1,1
1779542718.562024,pass_through,0,0.000,1.000,inf,1,1
1779542718.611646,pass_through,0,0.000,1.000,inf,1,1
1779542718.661842,pass_through,0,0.000,1.000,inf,1,1
1779542718.711688,pass_through,0,0.000,1.000,inf,1,1
1779542718.762067,pass_through,0,0.000,1.000,inf,1,1
1779542718.900145,pass_through,0,0.000,1.000,inf,1,1
1779542718.915322,pass_through,0,0.000,1.000,inf,1,1
1779542718.962104,pass_through,0,0.000,1.000,inf,1,1
1779542719.011617,pass_through,0,0.000,1.000,inf,1,1
1779542719.061848,pass_through,0,0.000,1.000,inf,1,1
1779542719.111704,pass_through,0,0.000,1.000,inf,1,1
1779542719.161756,pass_through,0,0.000,1.000,inf,1,1
1779542719.211668,pass_through,0,0.000,1.000,inf,1,1
1779542719.261950,pass_through,0,0.000,1.000,inf,1,1
1779542719.371146,pass_through,0,0.000,1.000,inf,1,1
1779542719.411673,pass_through,0,0.000,1.000,inf,1,1
1779542719.461780,pass_through,0,0.000,1.000,inf,1,1
1779542719.511682,pass_through,0,0.000,1.000,inf,1,1
1779542719.561579,pass_through,0,0.000,1.000,inf,1,1
1779542719.611684,pass_through,0,0.000,1.000,inf,1,1
1779542719.661757,pass_through,0,0.000,1.000,inf,1,1
1779542719.711642,pass_through,0,0.000,1.000,inf,1,1
1779542719.761819,pass_through,0,0.000,1.000,inf,1,1
1779542719.920295,pass_through,0,0.000,1.000,inf,1,1
1779542719.961923,pass_through,0,0.000,1.000,inf,1,1
1779542720.011616,pass_through,0,0.000,1.000,inf,1,1
1779542720.061974,pass_through,0,0.000,1.000,inf,1,1
1779542720.111690,pass_through,0,0.000,1.000,inf,1,1
1779542720.161837,pass_through,0,0.000,1.000,inf,1,1
1779542720.211719,pass_through,0,0.000,1.000,inf,1,1
1779542720.261757,pass_through,0,0.000,1.000,inf,1,1
1779542720.385687,pass_through,0,0.000,1.000,inf,1,1
1779542720.411679,pass_through,0,0.000,1.000,inf,1,1
1779542720.461679,pass_through,0,0.000,1.000,inf,1,1
1779542720.511687,pass_through,0,0.000,1.000,inf,1,1
1779542720.561686,pass_through,0,0.000,1.000,inf,1,1
1779542720.611671,pass_through,0,0.000,1.000,inf,1,1
1779542720.662316,pass_through,0,0.000,1.000,inf,1,1
1779542720.711668,pass_through,0,0.000,1.000,inf,1,1
1779542720.762115,pass_through,0,0.000,1.000,inf,1,1
1779542720.914915,pass_through,0,0.000,1.000,inf,1,1
1779542720.961884,pass_through,0,0.000,1.000,inf,1,1
1779542721.011667,pass_through,0,0.000,1.000,inf,1,1
1779542721.061610,pass_through,0,0.000,1.000,inf,1,1
1779542721.111684,pass_through,0,0.000,1.000,inf,1,1
1779542721.161598,pass_through,0,0.000,1.000,inf,1,1
1779542721.211683,pass_through,0,0.000,1.000,inf,1,1
1779542721.261921,pass_through,0,0.000,1.000,inf,1,1
1779542721.399484,pass_through,0,0.000,1.000,inf,1,1
1779542721.412368,pass_through,0,0.000,1.000,inf,1,1
1779542721.461680,pass_through,0,0.000,1.000,inf,1,1
1779542721.511674,pass_through,0,0.000,1.000,inf,1,1
1779542721.561969,pass_through,0,0.000,1.000,inf,1,1
1779542721.611683,pass_through,0,0.000,1.000,inf,1,1
1779542721.662219,pass_through,0,0.000,1.000,inf,1,1
1779542721.711694,pass_through,0,0.000,1.000,inf,1,1
1779542721.762155,pass_through,0,0.000,1.000,inf,1,1
1779542721.889398,pass_through,0,0.000,1.000,inf,1,1
1779542721.911698,pass_through,0,0.000,1.000,inf,1,1
1779542721.961617,pass_through,0,0.000,1.000,inf,1,1
1779542722.011689,pass_through,0,0.000,1.000,inf,1,1
1779542722.061736,pass_through,0,0.000,1.000,inf,1,1
1779542722.111677,pass_through,0,0.000,1.000,inf,1,1
1779542722.161581,pass_through,0,0.000,1.000,inf,1,1
1779542722.211630,pass_through,0,0.000,1.000,inf,1,1
1779542722.261667,pass_through,0,0.000,1.000,inf,1,1
1779542722.377338,pass_through,0,0.000,1.000,inf,1,1
1779542722.411729,pass_through,0,0.000,1.000,inf,1,1
1779542722.461670,pass_through,0,0.000,1.000,inf,1,1
1779542722.511698,pass_through,0,0.000,1.000,inf,1,1
1779542722.561961,pass_through,0,0.000,1.000,inf,1,1
1779542722.611618,pass_through,0,0.000,1.000,inf,1,1
1779542722.661750,pass_through,0,0.000,1.000,inf,1,1
1779542722.711637,pass_through,0,0.000,1.000,inf,1,1
1779542722.761773,pass_through,0,0.000,1.000,inf,1,1
1779542722.874678,pass_through,0,0.000,1.000,inf,1,1
1779542722.911666,pass_through,0,0.000,1.000,inf,1,1
1779542722.961989,pass_through,0,0.000,1.000,inf,1,1
1779542723.011626,pass_through,0,0.000,1.000,inf,1,1
1779542723.061827,pass_through,0,0.000,1.000,inf,1,1
1779542723.111705,pass_through,0,0.000,1.000,inf,1,1
1779542723.161817,pass_through,0,0.000,1.000,inf,1,1
1779542723.211687,pass_through,0,0.000,1.000,inf,1,1
1779542723.262197,pass_through,0,0.000,1.000,inf,1,1
1779542723.372907,pass_through,0,0.000,1.000,inf,1,1
1779542723.411698,pass_through,0,0.000,1.000,inf,1,1
1779542723.461731,pass_through,0,0.000,1.000,inf,1,1
1779542723.511699,pass_through,0,0.000,1.000,inf,1,1
1779542723.561917,pass_through,0,0.000,1.000,inf,1,1
1779542723.611613,pass_through,0,0.000,1.000,inf,1,1
1779542723.661776,pass_through,0,0.000,1.000,inf,1,1
1779542723.711709,pass_through,0,0.000,1.000,inf,1,1
1779542723.761729,pass_through,0,0.000,1.000,inf,1,1
1779542723.910179,pass_through,0,0.000,1.000,inf,1,1
1779542723.925154,pass_through,0,0.000,1.000,inf,1,1
1779542723.961768,pass_through,0,0.000,1.000,inf,1,1
1779542724.011648,pass_through,0,0.000,1.000,inf,1,1
1779542724.061735,pass_through,0,0.000,1.000,inf,1,1
1779542724.111700,pass_through,0,0.000,1.000,inf,1,1
1779542724.161614,pass_through,0,0.000,1.000,inf,1,1
1779542724.211690,pass_through,0,0.000,1.000,inf,1,1
1779542724.261633,pass_through,0,0.000,1.000,inf,1,1
1779542724.422603,pass_through,0,0.000,1.000,inf,1,1
1779542724.461765,pass_through,0,0.000,1.000,inf,1,1
1779542724.511665,pass_through,0,0.000,1.000,inf,1,1
1779542724.561638,pass_through,0,0.000,1.000,inf,1,1
1779542724.611707,pass_through,0,0.000,1.000,inf,1,1
1779542724.661757,pass_through,0,0.000,1.000,inf,1,1
1779542724.711718,pass_through,0,0.000,1.000,inf,1,1
1779542724.761762,pass_through,0,0.000,1.000,inf,1,1
1779542724.926389,pass_through,0,0.000,1.000,inf,1,1
1779542724.962046,pass_through,0,0.000,1.000,inf,1,1
1779542725.011620,pass_through,0,0.000,1.000,inf,1,1
1779542725.061841,pass_through,0,0.000,1.000,inf,1,1
1779542725.111771,pass_through,0,0.000,1.000,inf,1,1
1779542725.161658,pass_through,0,0.000,1.000,inf,1,1
1779542725.211638,pass_through,0,0.000,1.000,inf,1,1
1779542725.261883,pass_through,0,0.000,1.000,inf,1,1
1779542725.391808,pass_through,0,0.000,1.000,inf,1,1
1779542725.411537,pass_through,0,0.000,1.000,inf,1,1
1779542725.461770,pass_through,0,0.000,1.000,inf,1,1
1779542725.511732,pass_through,0,0.000,1.000,inf,1,1
1779542725.561731,pass_through,0,0.000,1.000,inf,1,1
1779542725.611682,pass_through,0,0.000,1.000,inf,1,1
1779542725.661820,pass_through,0,0.000,1.000,inf,1,1
1779542725.711684,pass_through,0,0.000,1.000,inf,1,1
1779542725.762301,pass_through,0,0.000,1.000,inf,1,1
1779542725.937556,pass_through,0,0.000,1.000,inf,1,1
1779542725.962102,pass_through,0,0.000,1.000,inf,1,1
1779542726.011707,pass_through,0,0.000,1.000,inf,1,1
1779542726.061806,pass_through,0,0.000,1.000,inf,1,1
1779542726.111698,pass_through,0,0.000,1.000,inf,1,1
1779542726.161536,pass_through,0,0.000,1.000,inf,1,1
1779542726.211709,pass_through,0,0.000,1.000,inf,1,1
1779542726.261708,pass_through,0,0.000,1.000,inf,1,1
1779542726.401466,pass_through,0,0.000,1.000,inf,1,1
1779542726.414647,pass_through,0,0.000,1.000,inf,1,1
1779542726.461804,pass_through,0,0.000,1.000,inf,1,1
1779542726.511685,pass_through,0,0.000,1.000,inf,1,1
1779542726.561919,pass_through,0,0.000,1.000,inf,1,1
1779542726.611758,pass_through,0,0.000,1.000,inf,1,1
1779542726.661766,pass_through,0,0.000,1.000,inf,1,1
1779542726.711671,pass_through,0,0.000,1.000,inf,1,1
1779542726.762127,pass_through,0,0.000,1.000,inf,1,1
1779542726.879655,pass_through,0,0.000,1.000,inf,1,1
1779542726.911681,pass_through,0,0.000,1.000,inf,1,1
1779542726.961746,pass_through,0,0.000,1.000,inf,1,1
1779542727.011704,pass_through,0,0.000,1.000,inf,1,1
1779542727.061765,pass_through,0,0.000,1.000,inf,1,1
1779542727.111623,pass_through,0,0.000,1.000,inf,1,1
1779542727.161534,pass_through,0,0.000,1.000,inf,1,1
1779542727.211633,pass_through,0,0.000,1.000,inf,1,1
1779542727.261997,pass_through,0,0.000,1.000,inf,1,1
1779542727.379158,pass_through,0,0.000,1.000,inf,1,1
1779542727.411658,pass_through,0,0.000,1.000,inf,1,1
1779542727.461918,pass_through,0,0.000,1.000,inf,1,1
1779542727.511661,pass_through,0,0.000,1.000,inf,1,1
1779542727.561946,pass_through,0,0.000,1.000,inf,1,1
1779542727.611689,pass_through,0,0.000,1.000,inf,1,1
1779542727.661616,pass_through,0,0.000,1.000,inf,1,1
1779542727.711631,pass_through,0,0.000,1.000,inf,1,1
1779542727.761766,pass_through,0,0.000,1.000,inf,1,1
1779542727.926575,pass_through,0,0.000,1.000,inf,1,1
1779542727.961580,pass_through,0,0.000,1.000,inf,1,1
1779542728.011797,pass_through,0,0.000,1.000,inf,1,1
1779542728.061757,pass_through,0,0.000,1.000,inf,1,1
1779542728.111693,pass_through,0,0.000,1.000,inf,1,1
1779542728.161630,pass_through,0,0.000,1.000,inf,1,1
1779542728.211663,pass_through,0,0.000,1.000,inf,1,1
1779542728.261915,pass_through,0,0.000,1.000,inf,1,1
1779542728.410622,pass_through,0,0.000,1.000,inf,1,1
1779542728.429540,pass_through,0,0.000,1.000,inf,1,1
1779542728.462031,pass_through,0,0.000,1.000,inf,1,1
1779542728.511667,pass_through,0,0.000,1.000,inf,1,1
1779542728.561872,pass_through,0,0.000,1.000,inf,1,1
1779542728.611751,pass_through,0,0.000,1.000,inf,1,1
1779542728.661733,pass_through,0,0.000,1.000,inf,1,1
1779542728.711724,pass_through,0,0.000,1.000,inf,1,1
1779542728.761965,pass_through,0,0.000,1.000,inf,1,1
1779542728.892829,pass_through,0,0.000,1.000,inf,1,1
1779542728.911889,pass_through,0,0.000,1.000,inf,1,1
1779542728.961927,pass_through,0,0.000,1.000,inf,1,1
1779542729.011670,pass_through,0,0.000,1.000,inf,1,1
1779542729.061683,pass_through,0,0.000,1.000,inf,1,1
1779542729.111815,pass_through,0,0.000,1.000,inf,1,1
1779542729.161592,pass_through,0,0.000,1.000,inf,1,1
1779542729.211766,pass_through,0,0.000,1.000,inf,1,1
1779542729.261843,pass_through,0,0.000,1.000,inf,1,1
1779542729.423985,pass_through,0,0.000,1.000,inf,1,1
1779542729.461647,pass_through,0,0.000,1.000,inf,1,1
1779542729.511680,pass_through,0,0.000,1.000,inf,1,1
1779542729.561655,pass_through,0,0.000,1.000,inf,1,1
1779542729.611622,pass_through,0,0.000,1.000,inf,1,1
1779542729.661872,pass_through,0,0.000,1.000,inf,1,1
1779542729.711745,pass_through,0,0.000,1.000,inf,1,1
1779542729.761987,pass_through,0,0.000,1.000,inf,1,1
1779542729.932488,pass_through,0,0.000,1.000,inf,1,1
1779542729.961691,pass_through,0,0.000,1.000,inf,1,1
1779542730.012379,pass_through,0,0.000,1.000,inf,1,1
1779542730.061806,pass_through,0,0.000,1.000,inf,1,1
1779542730.111706,pass_through,0,0.000,1.000,inf,1,1
1779542730.161677,pass_through,0,0.000,1.000,inf,1,1
1779542730.211648,pass_through,0,0.000,1.000,inf,1,1
1779542730.261827,pass_through,0,0.000,1.000,inf,1,1
1779542730.398166,pass_through,0,0.000,1.000,inf,1,1
1779542730.415185,pass_through,0,0.000,1.000,inf,1,1
1779542730.461582,pass_through,0,0.000,1.000,inf,1,1
1779542730.511662,pass_through,0,0.000,1.000,inf,1,1
1779542730.561605,pass_through,0,0.000,1.000,inf,1,1
1779542730.611707,pass_through,0,0.000,1.000,inf,1,1
1779542730.662180,pass_through,0,0.000,1.000,inf,1,1
1779542730.711809,pass_through,0,0.000,1.000,inf,1,1
1779542730.761892,pass_through,0,0.000,1.000,inf,1,1
1779542730.876161,pass_through,0,0.000,1.000,inf,1,1
1779542730.911691,pass_through,0,0.000,1.000,inf,1,1
1779542730.961862,pass_through,0,0.000,1.000,inf,1,1
1779542731.011674,pass_through,0,0.000,1.000,inf,1,1
1779542731.061617,pass_through,0,0.000,1.000,inf,1,1
1779542731.111709,pass_through,0,0.000,1.000,inf,1,1
1779542731.161916,pass_through,0,0.000,1.000,inf,1,1
1779542731.211683,pass_through,0,0.000,1.000,inf,1,1
1779542731.261724,pass_through,0,0.000,1.000,inf,1,1
1779542731.413737,pass_through,0,0.000,1.000,inf,1,1
1779542731.461596,pass_through,0,0.000,1.000,inf,1,1
1779542731.511807,pass_through,0,0.000,1.000,inf,1,1
1779542731.562002,pass_through,0,0.000,1.000,inf,1,1
1779542731.611729,pass_through,0,0.000,1.000,inf,1,1
1779542731.661968,pass_through,0,0.000,1.000,inf,1,1
1779542731.711668,pass_through,0,0.000,1.000,inf,1,1
1779542731.761992,pass_through,0,0.000,1.000,inf,1,1
1779542731.914732,pass_through,0,0.000,1.000,inf,1,1
1779542731.961675,pass_through,0,0.000,1.000,inf,1,1
1779542732.011677,pass_through,0,0.000,1.000,inf,1,1
1779542732.061583,pass_through,0,0.000,1.000,inf,1,1
1779542732.111721,pass_through,0,0.000,1.000,inf,1,1
1779542732.162037,pass_through,0,0.000,1.000,inf,1,1
1779542732.211707,pass_through,0,0.000,1.000,inf,1,1
1779542732.261587,pass_through,0,0.000,1.000,inf,1,1
1779542732.420201,pass_through,0,0.000,1.000,inf,1,1
1779542732.461691,pass_through,0,0.000,1.000,inf,1,1
1779542732.511710,pass_through,0,0.000,1.000,inf,1,1
1779542732.561853,pass_through,0,0.000,1.000,inf,1,1
1779542732.611752,pass_through,0,0.000,1.000,inf,1,1
1779542732.662297,pass_through,0,0.000,1.000,inf,1,1
1779542732.712373,pass_through,0,0.000,1.000,inf,1,1
1779542732.761731,pass_through,0,0.000,1.000,inf,1,1
1779542732.938594,pass_through,0,0.000,1.000,inf,1,1
1779542732.970505,pass_through,0,0.000,1.000,inf,1,1
1779542733.011714,pass_through,0,0.000,1.000,inf,1,1
1779542733.061800,pass_through,0,0.000,1.000,inf,1,1
1779542733.111691,pass_through,0,0.000,1.000,inf,1,1
1779542733.161636,pass_through,0,0.000,1.000,inf,1,1
1779542733.211681,pass_through,0,0.000,1.000,inf,1,1
1779542733.261894,pass_through,0,0.000,1.000,inf,1,1
1779542733.430991,pass_through,0,0.000,1.000,inf,1,1
1779542733.461860,pass_through,0,0.000,1.000,inf,1,1
1779542733.511694,pass_through,0,0.000,1.000,inf,1,1
1779542733.561776,pass_through,0,0.000,1.000,inf,1,1
1779542733.611765,pass_through,0,0.000,1.000,inf,1,1
1779542733.661777,pass_through,0,0.000,1.000,inf,1,1
1779542733.711694,pass_through,0,0.000,1.000,inf,1,1
1779542733.761738,pass_through,0,0.000,1.000,inf,1,1
1779542733.945279,pass_through,0,0.000,1.000,inf,1,1
1779542733.975615,pass_through,0,0.000,1.000,inf,1,1
1779542734.012120,pass_through,0,0.000,1.000,inf,1,1
1779542734.062013,pass_through,0,0.000,1.000,inf,1,1
1779542734.111683,pass_through,0,0.000,1.000,inf,1,1
1779542734.161803,pass_through,0,0.000,1.000,inf,1,1
1779542734.211640,pass_through,0,0.000,1.000,inf,1,1
1779542734.261714,pass_through,0,0.000,1.000,inf,1,1
1779542734.391337,pass_through,0,0.000,1.000,inf,1,1
1779542734.412327,pass_through,0,0.000,1.000,inf,1,1
1779542734.461646,pass_through,0,0.000,1.000,inf,1,1
1779542734.511619,pass_through,0,0.000,1.000,inf,1,1
1779542734.561638,pass_through,0,0.000,1.000,inf,1,1
1779542734.611843,pass_through,0,0.000,1.000,inf,1,1
1779542734.662093,pass_through,0,0.000,1.000,inf,1,1
1779542734.711644,pass_through,0,0.000,1.000,inf,1,1
1779542734.761570,pass_through,0,0.000,1.000,inf,1,1
1779542734.891987,pass_through,0,0.000,1.000,inf,1,1
1779542734.911956,pass_through,0,0.000,1.000,inf,1,1
1779542734.961846,pass_through,0,0.000,1.000,inf,1,1
1779542735.011632,pass_through,0,0.000,1.000,inf,1,1
1779542735.061909,pass_through,0,0.000,1.000,inf,1,1
1779542735.111713,pass_through,0,0.000,1.000,inf,1,1
1779542735.161570,pass_through,0,0.000,1.000,inf,1,1
1779542735.212290,pass_through,0,0.000,1.000,inf,1,1
1779542735.261998,pass_through,0,0.000,1.000,inf,1,1
1779542735.385388,pass_through,0,0.000,1.000,inf,1,1
1779542735.411654,pass_through,0,0.000,1.000,inf,1,1
1779542735.462090,pass_through,0,0.000,1.000,inf,1,1
1779542735.511716,pass_through,0,0.000,1.000,inf,1,1
1779542735.561695,pass_through,0,0.000,1.000,inf,1,1
1779542735.611949,pass_through,0,0.000,1.000,inf,1,1
1779542735.661840,pass_through,0,0.000,1.000,inf,1,1
1779542735.711640,pass_through,0,0.000,1.000,inf,1,1
1779542735.761643,pass_through,0,0.000,1.000,inf,1,1
1779542735.886579,pass_through,0,0.000,1.000,inf,1,1
1779542735.911850,pass_through,0,0.000,1.000,inf,1,1
1779542735.961776,pass_through,0,0.000,1.000,inf,1,1
1779542736.011724,pass_through,0,0.000,1.000,inf,1,1
1779542736.061912,pass_through,0,0.000,1.000,inf,1,1
1779542736.111642,pass_through,0,0.000,1.000,inf,1,1
1779542736.161823,pass_through,0,0.000,1.000,inf,1,1
1779542736.211768,pass_through,0,0.000,1.000,inf,1,1
1779542736.261768,pass_through,0,0.000,1.000,inf,1,1
1779542736.394443,pass_through,0,0.000,1.000,inf,1,1
1779542736.411728,pass_through,0,0.000,1.000,inf,1,1
1779542736.461993,pass_through,0,0.000,1.000,inf,1,1
1779542736.511746,pass_through,0,0.000,1.000,inf,1,1
1779542736.561749,pass_through,0,0.000,1.000,inf,1,1
1779542736.611641,pass_through,0,0.000,1.000,inf,1,1
1779542736.661875,pass_through,0,0.000,1.000,inf,1,1
1779542736.711647,pass_through,0,0.000,1.000,inf,1,1
1779542736.761594,pass_through,0,0.000,1.000,inf,1,1
1779542736.940930,pass_through,0,0.000,1.000,inf,1,1
1779542736.973946,pass_through,0,0.000,1.000,inf,1,1
1779542737.011707,pass_through,0,0.000,1.000,inf,1,1
1779542737.061628,pass_through,0,0.000,1.000,inf,1,1
1779542737.111732,pass_through,0,0.000,1.000,inf,1,1
1779542737.162256,pass_through,0,0.000,1.000,inf,1,1
1779542737.211624,pass_through,0,0.000,1.000,inf,1,1
1779542737.261635,pass_through,0,0.000,1.000,inf,1,1
1779542737.394533,pass_through,0,0.000,1.000,inf,1,1
1779542737.411905,pass_through,0,0.000,1.000,inf,1,1
1779542737.462003,pass_through,0,0.000,1.000,inf,1,1
1779542737.511628,pass_through,0,0.000,1.000,inf,1,1
1779542737.561694,pass_through,0,0.000,1.000,inf,1,1
1779542737.611686,pass_through,0,0.000,1.000,inf,1,1
1779542737.661603,pass_through,0,0.000,1.000,inf,1,1
1779542737.711704,pass_through,0,0.000,1.000,inf,1,1
1779542737.761678,pass_through,0,0.000,1.000,inf,1,1
1779542737.915745,pass_through,0,0.000,1.000,inf,1,1
1779542737.961823,pass_through,0,0.000,1.000,inf,1,1
1779542738.011656,pass_through,0,0.000,1.000,inf,1,1
1779542738.062173,pass_through,0,0.000,1.000,inf,1,1
1779542738.111648,pass_through,0,0.000,1.000,inf,1,1
1779542738.161867,pass_through,0,0.000,1.000,inf,1,1
1779542738.211892,pass_through,0,0.000,1.000,inf,1,1
1779542738.262028,pass_through,0,0.000,1.000,inf,1,1
1779542738.434270,pass_through,0,0.000,1.000,inf,1,1
1779542738.464871,pass_through,0,0.000,1.000,inf,1,1
1779542738.511734,pass_through,0,0.000,1.000,inf,1,1
1779542738.561763,pass_through,0,0.000,1.000,inf,1,1
1779542738.611640,pass_through,0,0.000,1.000,inf,1,1
1779542738.661816,pass_through,0,0.000,1.000,inf,1,1
1779542738.711811,pass_through,0,0.000,1.000,inf,1,1
1779542738.761806,pass_through,0,0.000,1.000,inf,1,1
1779542738.924948,pass_through,0,0.000,1.000,inf,1,1
1779542738.962215,pass_through,0,0.000,1.000,inf,1,1
1779542739.011699,pass_through,0,0.000,1.000,inf,1,1
1779542739.062013,pass_through,0,0.000,1.000,inf,1,1
1779542739.111680,pass_through,0,0.000,1.000,inf,1,1
1779542739.161743,pass_through,0,0.000,1.000,inf,1,1
1779542739.211643,pass_through,0,0.000,1.000,inf,1,1
1779542739.262027,pass_through,0,0.000,1.000,inf,1,1
1779542739.402971,pass_through,0,0.000,1.000,inf,1,1
1779542739.431868,pass_through,0,0.000,1.000,inf,1,1
1779542739.462253,pass_through,0,0.000,1.000,inf,1,1
1779542739.511633,pass_through,0,0.000,1.000,inf,1,1
1779542739.561732,pass_through,0,0.000,1.000,inf,1,1
1779542739.612062,pass_through,0,0.000,1.000,inf,1,1
1779542739.661745,pass_through,0,0.000,1.000,inf,1,1
1779542739.711651,pass_through,0,0.000,1.000,inf,1,1
1779542739.761970,pass_through,0,0.000,1.000,inf,1,1
1779542739.876839,pass_through,0,0.000,1.000,inf,1,1
1779542739.911759,pass_through,0,0.000,1.000,inf,1,1
1779542739.961877,pass_through,0,0.000,1.000,inf,1,1
1779542740.011632,pass_through,0,0.000,1.000,inf,1,1
1779542740.061741,pass_through,0,0.000,1.000,inf,1,1
1779542740.111703,pass_through,0,0.000,1.000,inf,1,1
1779542740.161746,pass_through,0,0.000,1.000,inf,1,1
1779542740.211669,pass_through,0,0.000,1.000,inf,1,1
1779542740.261730,pass_through,0,0.000,1.000,inf,1,1
1779542740.421194,pass_through,0,0.000,1.000,inf,1,1
1779542740.461645,pass_through,0,0.000,1.000,inf,1,1
1779542740.511637,pass_through,0,0.000,1.000,inf,1,1
1779542740.562136,pass_through,0,0.000,1.000,inf,1,1
1779542740.611678,pass_through,0,0.000,1.000,inf,1,1
1779542740.661840,pass_through,0,0.000,1.000,inf,1,1
1779542740.711678,pass_through,0,0.000,1.000,inf,1,1
1779542740.761781,pass_through,0,0.000,1.000,inf,1,1
1779542740.884870,pass_through,0,0.000,1.000,inf,1,1
1779542740.911682,pass_through,0,0.000,1.000,inf,1,1
1779542740.962120,pass_through,0,0.000,1.000,inf,1,1
1779542741.011736,pass_through,0,0.000,1.000,inf,1,1
1779542741.062541,pass_through,0,0.000,1.000,inf,1,1
1779542741.111708,pass_through,0,0.000,1.000,inf,1,1
1779542741.161866,pass_through,0,0.000,1.000,inf,1,1
1779542741.211665,pass_through,0,0.000,1.000,inf,1,1
1779542741.261740,pass_through,0,0.000,1.000,inf,1,1
1779542741.416239,pass_through,0,0.000,1.000,inf,1,1
1779542741.461751,pass_through,0,0.000,1.000,inf,1,1
1779542741.511710,pass_through,0,0.000,1.000,inf,1,1
1779542741.561703,pass_through,0,0.000,1.000,inf,1,1
1779542741.611635,pass_through,0,0.000,1.000,inf,1,1
1779542741.661600,pass_through,0,0.000,1.000,inf,1,1
1779542741.712004,pass_through,0,0.000,1.000,inf,1,1
1779542741.761599,pass_through,0,0.000,1.000,inf,1,1
1779542741.811728,pass_through,0,0.000,1.000,inf,1,1
1779542741.927700,pass_through,0,0.000,1.000,inf,1,1
1779542741.961771,pass_through,0,0.000,1.000,inf,1,1
1779542742.011663,pass_through,0,0.000,1.000,inf,1,1
1779542742.061618,pass_through,0,0.000,1.000,inf,1,1
1779542742.111889,pass_through,0,0.000,1.000,inf,1,1
1779542742.162380,pass_through,0,0.000,1.000,inf,1,1
1779542742.211724,pass_through,0,0.000,1.000,inf,1,1
1779542742.262044,pass_through,0,0.000,1.000,inf,1,1
1779542742.424343,pass_through,0,0.000,1.000,inf,1,1
1779542742.461976,pass_through,0,0.000,1.000,inf,1,1
1779542742.511651,pass_through,0,0.000,1.000,inf,1,1
1779542742.561793,pass_through,0,0.000,1.000,inf,1,1
1779542742.611709,pass_through,0,0.000,1.000,inf,1,1
1779542742.661595,pass_through,0,0.000,1.000,inf,1,1
1779542742.711721,pass_through,0,0.000,1.000,inf,1,1
1779542742.761758,pass_through,0,0.000,1.000,inf,1,1
1779542742.921031,pass_through,0,0.000,1.000,inf,1,1
1779542742.961681,pass_through,0,0.000,1.000,inf,1,1
1779542743.011699,pass_through,0,0.000,1.000,inf,1,1
1779542743.061972,pass_through,0,0.000,1.000,inf,1,1
1779542743.111677,pass_through,0,0.000,1.000,inf,1,1
1779542743.162182,pass_through,0,0.000,1.000,inf,1,1
1779542743.211606,pass_through,0,0.000,1.000,inf,1,1
1779542743.262025,pass_through,0,0.000,1.000,inf,1,1
1779542743.393548,pass_through,0,0.000,1.000,inf,1,1
1779542743.411806,pass_through,0,0.000,1.000,inf,1,1
1779542743.461873,pass_through,0,0.000,1.000,inf,1,1
1779542743.511803,pass_through,0,0.000,1.000,inf,1,1
1779542743.561700,pass_through,0,0.000,1.000,inf,1,1
1779542743.611639,pass_through,0,0.000,1.000,inf,1,1
1779542743.661579,pass_through,0,0.000,1.000,inf,1,1
1779542743.711808,pass_through,0,0.000,1.000,inf,1,1
1779542743.761691,pass_through,0,0.000,1.000,inf,1,1
1779542743.882558,pass_through,0,0.000,1.000,inf,1,1
1779542743.911663,pass_through,0,0.000,1.000,inf,1,1
1779542743.961658,pass_through,0,0.000,1.000,inf,1,1
1779542744.011824,pass_through,0,0.000,1.000,inf,1,1
1779542744.061903,pass_through,0,0.000,1.000,inf,1,1
1779542744.112147,pass_through,0,0.000,1.000,inf,1,1
1779542744.161934,pass_through,0,0.000,1.000,inf,1,1
1779542744.211702,pass_through,0,0.000,1.000,inf,1,1
1779542744.261552,pass_through,0,0.000,1.000,inf,1,1
1779542744.379901,pass_through,0,0.000,1.000,inf,1,1
1779542744.411748,pass_through,0,0.000,1.000,inf,1,1
1779542744.461679,pass_through,0,0.000,1.000,inf,1,1
1779542744.511718,pass_through,0,0.000,1.000,inf,1,1
1779542744.561692,pass_through,0,0.000,1.000,inf,1,1
1779542744.611687,pass_through,0,0.000,1.000,inf,1,1
1779542744.661946,pass_through,0,0.000,1.000,inf,1,1
1779542744.711793,pass_through,0,0.000,1.000,inf,1,1
1779542744.761849,pass_through,0,0.000,1.000,inf,1,1
1779542744.936974,pass_through,0,0.000,1.000,inf,1,1
1779542744.966319,pass_through,0,0.000,1.000,inf,1,1
1779542745.011636,pass_through,0,0.000,1.000,inf,1,1
1779542745.061589,pass_through,0,0.000,1.000,inf,1,1
1779542745.111648,pass_through,0,0.000,1.000,inf,1,1
1779542745.162241,pass_through,0,0.000,1.000,inf,1,1
1779542745.211687,pass_through,0,0.000,1.000,inf,1,1
1779542745.261688,pass_through,0,0.000,1.000,inf,1,1
1779542745.424742,pass_through,0,0.000,1.000,inf,1,1
1779542745.461825,pass_through,0,0.000,1.000,inf,1,1
1779542745.511660,pass_through,0,0.000,1.000,inf,1,1
1779542745.561739,pass_through,0,0.000,1.000,inf,1,1
1779542745.611816,pass_through,0,0.000,1.000,inf,1,1
1779542745.661995,pass_through,0,0.000,1.000,inf,1,1
1779542745.711709,pass_through,0,0.000,1.000,inf,1,1
1779542745.761828,pass_through,0,0.000,1.000,inf,1,1
1779542745.935372,pass_through,0,0.000,1.000,inf,1,1
1779542745.961702,pass_through,0,0.000,1.000,inf,1,1
1779542746.011621,pass_through,0,0.000,1.000,inf,1,1
1779542746.062152,pass_through,0,0.000,1.000,inf,1,1
1779542746.111704,pass_through,0,0.000,1.000,inf,1,1
1779542746.161816,pass_through,0,0.000,1.000,inf,1,1
1779542746.211707,pass_through,0,0.000,1.000,inf,1,1
1779542746.261692,pass_through,0,0.000,1.000,inf,1,1
1779542746.415177,pass_through,0,0.000,1.000,inf,1,1
1779542746.461981,pass_through,0,0.000,1.000,inf,1,1
1779542746.511904,pass_through,0,0.000,1.000,inf,1,1
1779542746.562179,pass_through,0,0.000,1.000,inf,1,1
1779542746.611659,pass_through,0,0.000,1.000,inf,1,1
1779542746.661726,pass_through,0,0.000,1.000,inf,1,1
1779542746.711782,pass_through,0,0.000,1.000,inf,1,1
1779542746.761754,pass_through,0,0.000,1.000,inf,1,1
1779542746.948320,pass_through,0,0.000,1.000,inf,1,1
1779542746.976626,pass_through,0,0.000,1.000,inf,1,1
1779542747.011791,pass_through,0,0.000,1.000,inf,1,1
1779542747.061727,pass_through,0,0.000,1.000,inf,1,1
1779542747.111655,pass_through,0,0.000,1.000,inf,1,1
1779542747.161702,pass_through,0,0.000,1.000,inf,1,1
1779542747.211738,pass_through,0,0.000,1.000,inf,1,1
1779542747.261635,pass_through,0,0.000,1.000,inf,1,1
1779542747.392109,pass_through,0,0.000,1.000,inf,1,1
1779542747.411825,pass_through,0,0.000,1.000,inf,1,1
1779542747.461831,pass_through,0,0.000,1.000,inf,1,1
1779542747.511761,pass_through,0,0.000,1.000,inf,1,1
1779542747.561616,pass_through,0,0.000,1.000,inf,1,1
1779542747.611643,pass_through,0,0.000,1.000,inf,1,1
1779542747.661717,pass_through,0,0.000,1.000,inf,1,1
1779542747.711708,pass_through,0,0.000,1.000,inf,1,1
1779542747.761770,pass_through,0,0.000,1.000,inf,1,1
1779542747.886436,pass_through,0,0.000,1.000,inf,1,1
1779542747.911679,pass_through,0,0.000,1.000,inf,1,1
1779542747.961640,pass_through,0,0.000,1.000,inf,1,1
1779542748.011718,pass_through,0,0.000,1.000,inf,1,1
1779542748.062113,pass_through,0,0.000,1.000,inf,1,1
1779542748.111740,pass_through,0,0.000,1.000,inf,1,1
1779542748.161991,pass_through,0,0.000,1.000,inf,1,1
1779542748.211731,pass_through,0,0.000,1.000,inf,1,1
1779542748.261950,pass_through,0,0.000,1.000,inf,1,1
1779542748.380844,pass_through,0,0.000,1.000,inf,1,1
1779542748.411703,pass_through,0,0.000,1.000,inf,1,1
1779542748.462052,pass_through,0,0.000,1.000,inf,1,1
1779542748.511752,pass_through,0,0.000,1.000,inf,1,1
1779542748.562103,pass_through,0,0.000,1.000,inf,1,1
1779542748.611631,pass_through,0,0.000,1.000,inf,1,1
1779542748.661770,pass_through,0,0.000,1.000,inf,1,1
1779542748.711639,pass_through,0,0.000,1.000,inf,1,1
1779542748.761779,pass_through,0,0.000,1.000,inf,1,1
1779542748.909093,pass_through,0,0.000,1.000,inf,1,1
1779542748.935573,pass_through,0,0.000,1.000,inf,1,1
1779542748.961802,pass_through,0,0.000,1.000,inf,1,1
1779542749.011622,pass_through,0,0.000,1.000,inf,1,1
1779542749.061773,pass_through,0,0.000,1.000,inf,1,1
1779542749.111666,pass_through,0,0.000,1.000,inf,1,1
1779542749.162081,pass_through,0,0.000,1.000,inf,1,1
1779542749.211696,pass_through,0,0.000,1.000,inf,1,1
1779542749.261754,pass_through,0,0.000,1.000,inf,1,1
1779542749.393006,pass_through,0,0.000,1.000,inf,1,1
1779542749.411839,pass_through,0,0.000,1.000,inf,1,1
1779542749.461675,pass_through,0,0.000,1.000,inf,1,1
1779542749.511736,pass_through,0,0.000,1.000,inf,1,1
1779542749.561989,pass_through,0,0.000,1.000,inf,1,1
1779542749.611632,pass_through,0,0.000,1.000,inf,1,1
1779542749.662217,pass_through,0,0.000,1.000,inf,1,1
1779542749.711712,pass_through,0,0.000,1.000,inf,1,1
1779542749.762067,pass_through,0,0.000,1.000,inf,1,1
1779542749.884737,pass_through,0,0.000,1.000,inf,1,1
1779542749.911637,pass_through,0,0.000,1.000,inf,1,1
1779542749.961746,pass_through,0,0.000,1.000,inf,1,1
1779542750.011612,pass_through,0,0.000,1.000,inf,1,1
1779542750.061805,pass_through,0,0.000,1.000,inf,1,1
1779542750.111733,pass_through,0,0.000,1.000,inf,1,1
1779542750.161703,pass_through,0,0.000,1.000,inf,1,1
1779542750.212192,pass_through,0,0.000,1.000,inf,1,1
1779542750.261634,pass_through,0,0.000,1.000,inf,1,1
1779542750.392676,pass_through,0,0.000,1.000,inf,1,1
1779542750.411852,pass_through,0,0.000,1.000,inf,1,1
1779542750.462037,pass_through,0,0.000,1.000,inf,1,1
1779542750.511700,pass_through,0,0.000,1.000,inf,1,1
1779542750.561748,pass_through,0,0.000,1.000,inf,1,1
1779542750.611774,pass_through,0,0.000,1.000,inf,1,1
1779542750.661681,pass_through,0,0.000,1.000,inf,1,1
1779542750.711771,pass_through,0,0.000,1.000,inf,1,1
1779542750.761694,pass_through,0,0.000,1.000,inf,1,1
1779542750.896840,pass_through,0,0.000,1.000,inf,1,1
1779542750.912744,pass_through,0,0.000,1.000,inf,1,1
1779542750.961736,pass_through,0,0.000,1.000,inf,1,1
1779542751.011666,pass_through,0,0.000,1.000,inf,1,1
1779542751.061617,pass_through,0,0.000,1.000,inf,1,1
1779542751.111779,pass_through,0,0.000,1.000,inf,1,1
1779542751.161857,pass_through,0,0.000,1.000,inf,1,1
1779542751.211672,pass_through,0,0.000,1.000,inf,1,1
1779542751.261842,pass_through,0,0.000,1.000,inf,1,1
1779542751.393716,pass_through,0,0.000,1.000,inf,1,1
1779542751.412592,pass_through,0,0.000,1.000,inf,1,1
1779542751.461776,pass_through,0,0.000,1.000,inf,1,1
1779542751.511730,pass_through,0,0.000,1.000,inf,1,1
1779542751.562012,pass_through,0,0.000,1.000,inf,1,1
1779542751.611668,pass_through,0,0.000,1.000,inf,1,1
1779542751.661785,pass_through,0,0.000,1.000,inf,1,1
1779542751.711715,pass_through,0,0.000,1.000,inf,1,1
1779542751.761839,pass_through,0,0.000,1.000,inf,1,1
1779542751.905937,pass_through,0,0.000,1.000,inf,1,1
1779542751.922829,pass_through,0,0.000,1.000,inf,1,1
1779542751.961602,pass_through,0,0.000,1.000,inf,1,1
1779542752.011715,pass_through,0,0.000,1.000,inf,1,1
1779542752.061776,pass_through,0,0.000,1.000,inf,1,1
1779542752.111629,pass_through,0,0.000,1.000,inf,1,1
1779542752.161740,pass_through,0,0.000,1.000,inf,1,1
1779542752.211709,pass_through,0,0.000,1.000,inf,1,1
1779542752.262007,pass_through,0,0.000,1.000,inf,1,1
1779542752.396472,pass_through,0,0.000,1.000,inf,1,1
1779542752.411669,pass_through,0,0.000,1.000,inf,1,1
1779542752.461622,pass_through,0,0.000,1.000,inf,1,1
1779542752.511707,pass_through,0,0.000,1.000,inf,1,1
1779542752.561723,pass_through,0,0.000,1.000,inf,1,1
1779542752.611664,pass_through,0,0.000,1.000,inf,1,1
1779542752.661622,pass_through,0,0.000,1.000,inf,1,1
1779542752.711644,pass_through,0,0.000,1.000,inf,1,1
1779542752.761575,pass_through,0,0.000,1.000,inf,1,1
1779542752.881287,pass_through,0,0.000,1.000,inf,1,1
1779542752.911749,pass_through,0,0.000,1.000,inf,1,1
1779542752.961843,pass_through,0,0.000,1.000,inf,1,1
1779542753.011649,pass_through,0,0.000,1.000,inf,1,1
1779542753.061890,pass_through,0,0.000,1.000,inf,1,1
1779542753.111692,pass_through,0,0.000,1.000,inf,1,1
1779542753.161826,pass_through,0,0.000,1.000,inf,1,1
1779542753.211795,pass_through,0,0.000,1.000,inf,1,1
1779542753.262010,pass_through,0,0.000,1.000,inf,1,1
1779542753.394724,pass_through,0,0.000,1.000,inf,1,1
1779542753.411674,pass_through,0,0.000,1.000,inf,1,1
1779542753.462115,pass_through,0,0.000,1.000,inf,1,1
1779542753.511690,pass_through,0,0.000,1.000,inf,1,1
1779542753.561644,pass_through,0,0.000,1.000,inf,1,1
1779542753.611709,pass_through,0,0.000,1.000,inf,1,1
1779542753.661682,pass_through,0,0.000,1.000,inf,1,1
1779542753.711639,pass_through,0,0.000,1.000,inf,1,1
1779542753.761663,pass_through,0,0.000,1.000,inf,1,1
1779542753.920217,pass_through,0,0.000,1.000,inf,1,1
1779542753.961680,pass_through,0,0.000,1.000,inf,1,1
1779542754.011677,pass_through,0,0.000,1.000,inf,1,1
1779542754.061906,pass_through,0,0.000,1.000,inf,1,1
1779542754.111638,pass_through,0,0.000,1.000,inf,1,1
1779542754.161740,pass_through,0,0.000,1.000,inf,1,1
1779542754.212204,pass_through,0,0.000,1.000,inf,1,1
1779542754.261687,pass_through,0,0.000,1.000,inf,1,1
1779542754.409456,pass_through,0,0.000,1.000,inf,1,1
1779542754.425860,pass_through,0,0.000,1.000,inf,1,1
1779542754.462111,pass_through,0,0.000,1.000,inf,1,1
1779542754.511726,pass_through,0,0.000,1.000,inf,1,1
1779542754.561821,pass_through,0,0.000,1.000,inf,1,1
1779542754.611748,pass_through,0,0.000,1.000,inf,1,1
1779542754.661774,pass_through,0,0.000,1.000,inf,1,1
1779542754.711703,pass_through,0,0.000,1.000,inf,1,1
1779542754.761707,pass_through,0,0.000,1.000,inf,1,1
1779542754.934280,pass_through,0,0.000,1.000,inf,1,1
1779542754.961826,pass_through,0,0.000,1.000,inf,1,1
1779542755.011715,pass_through,0,0.000,1.000,inf,1,1
1779542755.061605,pass_through,0,0.000,1.000,inf,1,1
1779542755.111639,pass_through,0,0.000,1.000,inf,1,1
1779542755.161698,pass_through,0,0.000,1.000,inf,1,1
1779542755.211732,pass_through,0,0.000,1.000,inf,1,1
1779542755.261776,pass_through,0,0.000,1.000,inf,1,1
1779542755.416627,pass_through,0,0.000,1.000,inf,1,1
1779542755.461818,pass_through,0,0.000,1.000,inf,1,1
1779542755.511628,pass_through,0,0.000,1.000,inf,1,1
1779542755.562016,pass_through,0,0.000,1.000,inf,1,1
1779542755.611705,pass_through,0,0.000,1.000,inf,1,1
1779542755.661692,pass_through,0,0.000,1.000,inf,1,1
1779542755.711734,pass_through,0,0.000,1.000,inf,1,1
1779542755.761698,pass_through,0,0.000,1.000,inf,1,1
1779542755.939344,pass_through,0,0.000,1.000,inf,1,1
1779542755.970078,pass_through,0,0.000,1.000,inf,1,1
1779542756.011741,pass_through,0,0.000,1.000,inf,1,1
1779542756.061615,pass_through,0,0.000,1.000,inf,1,1
1779542756.111669,pass_through,0,0.000,1.000,inf,1,1
1779542756.161710,pass_through,0,0.000,1.000,inf,1,1
1779542756.211920,pass_through,0,0.000,1.000,inf,1,1
1779542756.261860,pass_through,0,0.000,1.000,inf,1,1
1779542756.389027,pass_through,0,0.000,1.000,inf,1,1
1779542756.411664,pass_through,0,0.000,1.000,inf,1,1
1779542756.461661,pass_through,0,0.000,1.000,inf,1,1
1779542756.511704,pass_through,0,0.000,1.000,inf,1,1
1779542756.561815,pass_through,0,0.000,1.000,inf,1,1
1779542756.611626,pass_through,0,0.000,1.000,inf,1,1
1779542756.661796,pass_through,0,0.000,1.000,inf,1,1
1779542756.711715,pass_through,0,0.000,1.000,inf,1,1
1779542756.761831,pass_through,0,0.000,1.000,inf,1,1
1779542756.947299,pass_through,0,0.000,1.000,inf,1,1
1779542756.975231,pass_through,0,0.000,1.000,inf,1,1
1779542757.011684,pass_through,0,0.000,1.000,inf,1,1
1779542757.061915,pass_through,0,0.000,1.000,inf,1,1
1779542757.112545,pass_through,0,0.000,1.000,inf,1,1
1779542757.161968,pass_through,0,0.000,1.000,inf,1,1
1779542757.211758,pass_through,0,0.000,1.000,inf,1,1
1779542757.261729,pass_through,0,0.000,1.000,inf,1,1
1779542757.421380,pass_through,0,0.000,1.000,inf,1,1
1779542757.461856,pass_through,0,0.000,1.000,inf,1,1
1779542757.511661,pass_through,0,0.000,1.000,inf,1,1
1779542757.561615,pass_through,0,0.000,1.000,inf,1,1
1779542757.611672,pass_through,0,0.000,1.000,inf,1,1
1779542757.661796,pass_through,0,0.000,1.000,inf,1,1
1779542757.711629,pass_through,0,0.000,1.000,inf,1,1
1779542757.761760,pass_through,0,0.000,1.000,inf,1,1
1779542757.891786,pass_through,0,0.000,1.000,inf,1,1
1779542757.911555,pass_through,0,0.000,1.000,inf,1,1
1779542757.961590,pass_through,0,0.000,1.000,inf,1,1
1779542758.011687,pass_through,0,0.000,1.000,inf,1,1
1779542758.062208,pass_through,0,0.000,1.000,inf,1,1
1779542758.111630,pass_through,0,0.000,1.000,inf,1,1
1779542758.161592,pass_through,0,0.000,1.000,inf,1,1
1779542758.211694,pass_through,0,0.000,1.000,inf,1,1
1779542758.261732,pass_through,0,0.000,1.000,inf,1,1
1779542758.395234,pass_through,0,0.000,1.000,inf,1,1
1779542758.413237,pass_through,0,0.000,1.000,inf,1,1
1779542758.461761,pass_through,0,0.000,1.000,inf,1,1
1779542758.511698,pass_through,0,0.000,1.000,inf,1,1
1779542758.561732,pass_through,0,0.000,1.000,inf,1,1
1779542758.611717,pass_through,0,0.000,1.000,inf,1,1
1779542758.662177,pass_through,0,0.000,1.000,inf,1,1
1779542758.711632,pass_through,0,0.000,1.000,inf,1,1
1779542758.762783,pass_through,0,0.000,1.000,inf,1,1
1779542758.917318,pass_through,0,0.000,1.000,inf,1,1
1779542758.961803,pass_through,0,0.000,1.000,inf,1,1
1779542759.011648,pass_through,0,0.000,1.000,inf,1,1
1779542759.061834,pass_through,0,0.000,1.000,inf,1,1
1779542759.111681,pass_through,0,0.000,1.000,inf,1,1
1779542759.162044,pass_through,0,0.000,1.000,inf,1,1
1779542759.211689,pass_through,0,0.000,1.000,inf,1,1
1779542759.261680,pass_through,0,0.000,1.000,inf,1,1
1779542759.394505,pass_through,0,0.000,1.000,inf,1,1
1779542759.411550,pass_through,0,0.000,1.000,inf,1,1
1779542759.461586,pass_through,0,0.000,1.000,inf,1,1
1779542759.511773,pass_through,0,0.000,1.000,inf,1,1
1779542759.561801,pass_through,0,0.000,1.000,inf,1,1
1779542759.611625,pass_through,0,0.000,1.000,inf,1,1
1779542759.662023,pass_through,0,0.000,1.000,inf,1,1
1779542759.711667,pass_through,0,0.000,1.000,inf,1,1
1779542759.761638,pass_through,0,0.000,1.000,inf,1,1
1779542759.888988,pass_through,0,0.000,1.000,inf,1,1
1779542759.911794,pass_through,0,0.000,1.000,inf,1,1
1779542759.961886,pass_through,0,0.000,1.000,inf,1,1
1779542760.011711,pass_through,0,0.000,1.000,inf,1,1
1779542760.061887,pass_through,0,0.000,1.000,inf,1,1
1779542760.111695,pass_through,0,0.000,1.000,inf,1,1
1779542760.162082,pass_through,0,0.000,1.000,inf,1,1
1779542760.211730,pass_through,0,0.000,1.000,inf,1,1
1779542760.261670,pass_through,0,0.000,1.000,inf,1,1
1779542760.397677,pass_through,0,0.000,1.000,inf,1,1
1779542760.415570,pass_through,0,0.000,1.000,inf,1,1
1779542760.461933,pass_through,0,0.000,1.000,inf,1,1
1779542760.511800,pass_through,0,0.000,1.000,inf,1,1
1779542760.561645,pass_through,0,0.000,1.000,inf,1,1
1779542760.611732,pass_through,0,0.000,1.000,inf,1,1
1779542760.662254,pass_through,0,0.000,1.000,inf,1,1
1779542760.711756,pass_through,0,0.000,1.000,inf,1,1
1779542760.761871,pass_through,0,0.000,1.000,inf,1,1
1779542760.919226,pass_through,0,0.000,1.000,inf,1,1
1779542760.961779,pass_through,0,0.000,1.000,inf,1,1
1779542761.011636,pass_through,0,0.000,1.000,inf,1,1
1779542761.061604,pass_through,0,0.000,1.000,inf,1,1
1779542761.111768,pass_through,0,0.000,1.000,inf,1,1
1779542761.161650,pass_through,0,0.000,1.000,inf,1,1
1779542761.211615,pass_through,0,0.000,1.000,inf,1,1
1779542761.261619,pass_through,0,0.000,1.000,inf,1,1
1779542761.384084,pass_through,0,0.000,1.000,inf,1,1
1779542761.411661,pass_through,0,0.000,1.000,inf,1,1
1779542761.462734,pass_through,0,0.000,1.000,inf,1,1
1779542761.511701,pass_through,0,0.000,1.000,inf,1,1
1779542761.561772,pass_through,0,0.000,1.000,inf,1,1
1779542761.611682,pass_through,0,0.000,1.000,inf,1,1
1779542761.661911,pass_through,0,0.000,1.000,inf,1,1
1779542761.711659,pass_through,0,0.000,1.000,inf,1,1
1779542761.761546,pass_through,0,0.000,1.000,inf,1,1
1779542761.948412,pass_through,0,0.000,1.000,inf,1,1
1779542761.975468,pass_through,0,0.000,1.000,inf,1,1
1779542762.011721,pass_through,0,0.000,1.000,inf,1,1
1779542762.061728,pass_through,0,0.000,1.000,inf,1,1
1779542762.111693,pass_through,0,0.000,1.000,inf,1,1
1779542762.161863,pass_through,0,0.000,1.000,inf,1,1
1779542762.211639,pass_through,0,0.000,1.000,inf,1,1
1779542762.261771,pass_through,0,0.000,1.000,inf,1,1
1779542762.393479,pass_through,0,0.000,1.000,inf,1,1
1779542762.417207,pass_through,0,0.000,1.000,inf,1,1
1779542762.461581,pass_through,0,0.000,1.000,inf,1,1
1779542762.511644,pass_through,0,0.000,1.000,inf,1,1
1779542762.561815,pass_through,0,0.000,1.000,inf,1,1
1779542762.611726,pass_through,0,0.000,1.000,inf,1,1
1779542762.661683,pass_through,0,0.000,1.000,inf,1,1
1779542762.711719,pass_through,0,0.000,1.000,inf,1,1
1779542762.761744,pass_through,0,0.000,1.000,inf,1,1
1779542762.912176,pass_through,0,0.000,1.000,inf,1,1
1779542762.961623,pass_through,0,0.000,1.000,inf,1,1
1779542763.011761,pass_through,0,0.000,1.000,inf,1,1
1779542763.061742,pass_through,0,0.000,1.000,inf,1,1
1779542763.111753,pass_through,0,0.000,1.000,inf,1,1
1779542763.161927,pass_through,0,0.000,1.000,inf,1,1
1779542763.211772,pass_through,0,0.000,1.000,inf,1,1
1779542763.261889,pass_through,0,0.000,1.000,inf,1,1
1779542763.394175,pass_through,0,0.000,1.000,inf,1,1
1779542763.411752,pass_through,0,0.000,1.000,inf,1,1
1779542763.462023,pass_through,0,0.000,1.000,inf,1,1
1779542763.511660,pass_through,0,0.000,1.000,inf,1,1
1779542763.561963,pass_through,0,0.000,1.000,inf,1,1
1779542763.611707,pass_through,0,0.000,1.000,inf,1,1
1779542763.661579,pass_through,0,0.000,1.000,inf,1,1
1779542763.711652,pass_through,0,0.000,1.000,inf,1,1
1779542763.761983,pass_through,0,0.000,1.000,inf,1,1
1779542763.893836,pass_through,0,0.000,1.000,inf,1,1
1779542763.912063,pass_through,0,0.000,1.000,inf,1,1
1779542763.961903,pass_through,0,0.000,1.000,inf,1,1
1779542764.011658,pass_through,0,0.000,1.000,inf,1,1
1779542764.062232,pass_through,0,0.000,1.000,inf,1,1
1779542764.111666,pass_through,0,0.000,1.000,inf,1,1
1779542764.161702,pass_through,0,0.000,1.000,inf,1,1
1779542764.211695,pass_through,0,0.000,1.000,inf,1,1
1779542764.261651,pass_through,0,0.000,1.000,inf,1,1
1779542764.395087,pass_through,0,0.000,1.000,inf,1,1
1779542764.412192,pass_through,0,0.000,1.000,inf,1,1
1779542764.461653,pass_through,0,0.000,1.000,inf,1,1
1779542764.511728,pass_through,0,0.000,1.000,inf,1,1
1779542764.561866,pass_through,0,0.000,1.000,inf,1,1
1779542764.611609,pass_through,0,0.000,1.000,inf,1,1
1779542764.661745,pass_through,0,0.000,1.000,inf,1,1
1779542764.711795,pass_through,0,0.000,1.000,inf,1,1
1779542764.761817,pass_through,0,0.000,1.000,inf,1,1
1779542764.931859,pass_through,0,0.000,1.000,inf,1,1
1779542764.961626,avoid,1,0.950,0.750,0.348,29,16
1779542765.486001,avoid,1,0.950,0.750,0.351,29,16
1779542766.150643,avoid,1,0.950,0.750,0.353,29,16
1779542766.657616,avoid,1,0.950,0.750,0.345,29,16
1779542767.030972,avoid,1,0.950,0.750,0.345,29,16
1779542767.357102,avoid,1,0.950,0.750,0.345,29,16
1779542767.706140,avoid,1,0.950,0.750,0.345,29,16
1779542768.007454,avoid,1,0.950,0.750,0.345,29,16
1779542768.614241,avoid,1,1.050,0.750,0.445,29,12
1779542769.133743,avoid,1,1.050,0.750,0.450,29,9
1779542769.793260,avoid,1,1.050,0.750,0.479,29,29
1779542770.194172,pass_through,0,0.000,1.000,inf,1,1
1779542770.293459,pass_through,0,0.000,1.000,inf,1,1
1779542770.392128,pass_through,0,0.000,1.000,inf,1,1
1779542770.411684,pass_through,0,0.000,1.000,inf,1,1
1779542770.461926,pass_through,0,0.000,1.000,inf,1,1
1779542770.511877,pass_through,0,0.000,1.000,inf,1,1
1779542770.561739,pass_through,0,0.000,1.000,inf,1,1
1779542770.611734,pass_through,0,0.000,1.000,inf,1,1
1779542770.661783,pass_through,0,0.000,1.000,inf,1,1
1779542770.711657,pass_through,0,0.000,1.000,inf,1,1
1779542770.761647,pass_through,0,0.000,1.000,inf,1,1
1779542770.900051,pass_through,0,0.000,1.000,inf,1,1
1779542770.915419,pass_through,0,0.000,1.000,inf,1,1
1779542770.961919,pass_through,0,0.000,1.000,inf,1,1
1779542771.011730,pass_through,0,0.000,1.000,inf,1,1
1779542771.061715,pass_through,0,0.000,1.000,inf,1,1
1779542771.111673,pass_through,0,0.000,1.000,inf,1,1
1779542771.161733,pass_through,0,0.000,1.000,inf,1,1
1779542771.211638,pass_through,0,0.000,1.000,inf,1,1
1779542771.261566,pass_through,0,0.000,1.000,inf,1,1
1779542771.390217,pass_through,0,0.000,1.000,inf,1,1
1779542771.411744,pass_through,0,0.000,1.000,inf,1,1
1779542771.461920,pass_through,0,0.000,1.000,inf,1,1
1779542771.511704,pass_through,0,0.000,1.000,inf,1,1
1779542771.561802,pass_through,0,0.000,1.000,inf,1,1
1779542771.611598,pass_through,0,0.000,1.000,inf,1,1
1779542771.661781,pass_through,0,0.000,1.000,inf,1,1
1779542771.711672,pass_through,0,0.000,1.000,inf,1,1
1779542771.762002,pass_through,0,0.000,1.000,inf,1,1
1779542771.918637,pass_through,0,0.000,1.000,inf,1,1
1779542771.961782,pass_through,0,0.000,1.000,inf,1,1
1779542772.011751,pass_through,0,0.000,1.000,inf,1,1
1779542772.061856,pass_through,0,0.000,1.000,inf,1,1
1779542772.111702,pass_through,0,0.000,1.000,inf,1,1
1779542772.161665,pass_through,0,0.000,1.000,inf,1,1
1779542772.211744,pass_through,0,0.000,1.000,inf,1,1
1779542772.261583,pass_through,0,0.000,1.000,inf,1,1
1779542772.422679,pass_through,0,0.000,1.000,inf,1,1
1779542772.461884,pass_through,0,0.000,1.000,inf,1,1
1779542772.511726,pass_through,0,0.000,1.000,inf,1,1
1779542772.561805,pass_through,0,0.000,1.000,inf,1,1
1779542772.612143,pass_through,0,0.000,1.000,inf,1,1
1779542772.662073,pass_through,0,0.000,1.000,inf,1,1
1779542772.711706,pass_through,0,0.000,1.000,inf,1,1
1779542772.761734,pass_through,0,0.000,1.000,inf,1,1
1779542772.920651,pass_through,0,0.000,1.000,inf,1,1
1779542772.962213,pass_through,0,0.000,1.000,inf,1,1
1779542773.011619,pass_through,0,0.000,1.000,inf,1,1
1779542773.061857,pass_through,0,0.000,1.000,inf,1,1
1779542773.111757,pass_through,0,0.000,1.000,inf,1,1
1779542773.161647,pass_through,0,0.000,1.000,inf,1,1
1779542773.211691,pass_through,0,0.000,1.000,inf,1,1
1779542773.261762,pass_through,0,0.000,1.000,inf,1,1
1779542773.391889,pass_through,0,0.000,1.000,inf,1,1
1779542773.411842,pass_through,0,0.000,1.000,inf,1,1
1779542773.461591,pass_through,0,0.000,1.000,inf,1,1
1779542773.511638,pass_through,0,0.000,1.000,inf,1,1
1779542773.561594,pass_through,0,0.000,1.000,inf,1,1
1779542773.611835,pass_through,0,0.000,1.000,inf,1,1
1779542773.662416,pass_through,0,0.000,1.000,inf,1,1
1779542773.711699,pass_through,0,0.000,1.000,inf,1,1
1779542773.761854,pass_through,0,0.000,1.000,inf,1,1
1779542773.928102,pass_through,0,0.000,1.000,inf,1,1
1779542773.961878,pass_through,0,0.000,1.000,inf,1,1
1779542774.011760,pass_through,0,0.000,1.000,inf,1,1
1779542774.061872,pass_through,0,0.000,1.000,inf,1,1
1779542774.111732,pass_through,0,0.000,1.000,inf,1,1
1779542774.161748,pass_through,0,0.000,1.000,inf,1,1
1779542774.211738,pass_through,0,0.000,1.000,inf,1,1
1779542774.261768,pass_through,0,0.000,1.000,inf,1,1
1779542774.419189,pass_through,0,0.000,1.000,inf,1,1
1779542774.461850,pass_through,0,0.000,1.000,inf,1,1
1779542774.511709,pass_through,0,0.000,1.000,inf,1,1
1779542774.561848,pass_through,0,0.000,1.000,inf,1,1
1779542774.611636,pass_through,0,0.000,1.000,inf,1,1
1779542774.661639,pass_through,0,0.000,1.000,inf,1,1
1779542774.711630,pass_through,0,0.000,1.000,inf,1,1
1779542774.761811,pass_through,0,0.000,1.000,inf,1,1
1779542774.923610,pass_through,0,0.000,1.000,inf,1,1
1779542774.962355,pass_through,0,0.000,1.000,inf,1,1
1779542775.011709,pass_through,0,0.000,1.000,inf,1,1
1779542775.061568,pass_through,0,0.000,1.000,inf,1,1
1779542775.112153,pass_through,0,0.000,1.000,inf,1,1
1779542775.162004,pass_through,0,0.000,1.000,inf,1,1
1779542775.211726,pass_through,0,0.000,1.000,inf,1,1
1779542775.261569,pass_through,0,0.000,1.000,inf,1,1
1779542775.417143,pass_through,0,0.000,1.000,inf,1,1
1779542775.462144,pass_through,0,0.000,1.000,inf,1,1
1779542775.511639,pass_through,0,0.000,1.000,inf,1,1
1779542775.561629,pass_through,0,0.000,1.000,inf,1,1
1779542775.611685,pass_through,0,0.000,1.000,inf,1,1
1779542775.661975,pass_through,0,0.000,1.000,inf,1,1
1779542775.711641,pass_through,0,0.000,1.000,inf,1,1
1779542775.761782,pass_through,0,0.000,1.000,inf,1,1
1779542775.935911,pass_through,0,0.000,1.000,inf,1,1
1779542775.961769,pass_through,0,0.000,1.000,inf,1,1
1779542776.011927,pass_through,0,0.000,1.000,inf,1,1
1779542776.061860,pass_through,0,0.000,1.000,inf,1,1
1779542776.111750,pass_through,0,0.000,1.000,inf,1,1
1779542776.161865,pass_through,0,0.000,1.000,inf,1,1
1779542776.211654,pass_through,0,0.000,1.000,inf,1,1
1779542776.261677,pass_through,0,0.000,1.000,inf,1,1
1779542776.422447,pass_through,0,0.000,1.000,inf,1,1
1779542776.461645,pass_through,0,0.000,1.000,inf,1,1
1779542776.511664,pass_through,0,0.000,1.000,inf,1,1
1779542776.561745,pass_through,0,0.000,1.000,inf,1,1
1779542776.611718,pass_through,0,0.000,1.000,inf,1,1
1779542776.661872,pass_through,0,0.000,1.000,inf,1,1
1779542776.711696,pass_through,0,0.000,1.000,inf,1,1
1779542776.761641,pass_through,0,0.000,1.000,inf,1,1
1779542776.913090,pass_through,0,0.000,1.000,inf,1,1
1779542776.961928,pass_through,0,0.000,1.000,inf,1,1
1779542777.011688,pass_through,0,0.000,1.000,inf,1,1
1779542777.061998,pass_through,0,0.000,1.000,inf,1,1
1779542777.111649,pass_through,0,0.000,1.000,inf,1,1
1779542777.161632,pass_through,0,0.000,1.000,inf,1,1
1779542777.211694,pass_through,0,0.000,1.000,inf,1,1
1779542777.261604,pass_through,0,0.000,1.000,inf,1,1
1779542777.370525,pass_through,0,0.000,1.000,inf,1,1
1779542777.411612,pass_through,0,0.000,1.000,inf,1,1
1779542777.462023,pass_through,0,0.000,1.000,inf,1,1
1779542777.511666,pass_through,0,0.000,1.000,inf,1,1
1779542777.561640,pass_through,0,0.000,1.000,inf,1,1
1779542777.611627,pass_through,0,0.000,1.000,inf,1,1
1779542777.661788,pass_through,0,0.000,1.000,inf,1,1
1779542777.711728,pass_through,0,0.000,1.000,inf,1,1
1779542777.761785,pass_through,0,0.000,1.000,inf,1,1
1779542777.885597,pass_through,0,0.000,1.000,inf,1,1
1779542777.911714,pass_through,0,0.000,1.000,inf,1,1
1779542777.961628,pass_through,0,0.000,1.000,inf,1,1
1779542778.011664,pass_through,0,0.000,1.000,inf,1,1
1779542778.061988,pass_through,0,0.000,1.000,inf,1,1
1779542778.111686,pass_through,0,0.000,1.000,inf,1,1
1779542778.161952,pass_through,0,0.000,1.000,inf,1,1
1779542778.211709,pass_through,0,0.000,1.000,inf,1,1
1779542778.262048,pass_through,0,0.000,1.000,inf,1,1
1779542778.433461,pass_through,0,0.000,1.000,inf,1,1
1779542778.462193,pass_through,0,0.000,1.000,inf,1,1
1779542778.511646,pass_through,0,0.000,1.000,inf,1,1
1779542778.562095,pass_through,0,0.000,1.000,inf,1,1
1779542778.611696,pass_through,0,0.000,1.000,inf,1,1
1779542778.662436,pass_through,0,0.000,1.000,inf,1,1
1779542778.711716,pass_through,0,0.000,1.000,inf,1,1
1779542778.761810,pass_through,0,0.000,1.000,inf,1,1
1779542778.931251,pass_through,0,0.000,1.000,inf,1,1
1779542778.962228,pass_through,0,0.000,1.000,inf,1,1
1779542779.012388,pass_through,0,0.000,1.000,inf,1,1
1779542779.061946,pass_through,0,0.000,1.000,inf,1,1
1779542779.111697,pass_through,0,0.000,1.000,inf,1,1
1779542779.161882,pass_through,0,0.000,1.000,inf,1,1
1779542779.211736,pass_through,0,0.000,1.000,inf,1,1
1779542779.261907,pass_through,0,0.000,1.000,inf,1,1
1779542779.449111,pass_through,0,0.000,1.000,inf,1,1
1779542779.476537,pass_through,0,0.000,1.000,inf,1,1
1779542779.511685,pass_through,0,0.000,1.000,inf,1,1
1779542779.562103,pass_through,0,0.000,1.000,inf,1,1
1779542779.611737,pass_through,0,0.000,1.000,inf,1,1
1779542779.661603,pass_through,0,0.000,1.000,inf,1,1
1779542779.711610,pass_through,0,0.000,1.000,inf,1,1
1779542779.762523,pass_through,0,0.000,1.000,inf,1,1
1779542779.928592,pass_through,0,0.000,1.000,inf,1,1
1779542779.961901,pass_through,0,0.000,1.000,inf,1,1
1779542780.011760,pass_through,0,0.000,1.000,inf,1,1
1779542780.061821,pass_through,0,0.000,1.000,inf,1,1
1779542780.111731,pass_through,0,0.000,1.000,inf,1,1
1779542780.161886,pass_through,0,0.000,1.000,inf,1,1
1779542780.211634,pass_through,0,0.000,1.000,inf,1,1
1779542780.261737,pass_through,0,0.000,1.000,inf,1,1
1779542780.385594,pass_through,0,0.000,1.000,inf,1,1
1779542780.411798,pass_through,0,0.000,1.000,inf,1,1
1779542780.461729,pass_through,0,0.000,1.000,inf,1,1
1779542780.511660,pass_through,0,0.000,1.000,inf,1,1
1779542780.562020,pass_through,0,0.000,1.000,inf,1,1
1779542780.611635,pass_through,0,0.000,1.000,inf,1,1
1779542780.661798,pass_through,0,0.000,1.000,inf,1,1
1779542780.711766,pass_through,0,0.000,1.000,inf,1,1
1779542780.762016,pass_through,0,0.000,1.000,inf,1,1
1779542780.898074,pass_through,0,0.000,1.000,inf,1,1
1779542780.919122,pass_through,0,0.000,1.000,inf,1,1
1779542780.961693,pass_through,0,0.000,1.000,inf,1,1
1779542781.011722,pass_through,0,0.000,1.000,inf,1,1
1779542781.062214,pass_through,0,0.000,1.000,inf,1,1
1779542781.111719,pass_through,0,0.000,1.000,inf,1,1
1779542781.161842,pass_through,0,0.000,1.000,inf,1,1
1779542781.211782,pass_through,0,0.000,1.000,inf,1,1
1779542781.261745,pass_through,0,0.000,1.000,inf,1,1
1779542781.381761,pass_through,0,0.000,1.000,inf,1,1
1779542781.411700,pass_through,0,0.000,1.000,inf,1,1
1779542781.462086,pass_through,0,0.000,1.000,inf,1,1
1779542781.511616,pass_through,0,0.000,1.000,inf,1,1
1779542781.561696,pass_through,0,0.000,1.000,inf,1,1
1779542781.611885,pass_through,0,0.000,1.000,inf,1,1
1779542781.661666,pass_through,0,0.000,1.000,inf,1,1
1779542781.711745,pass_through,0,0.000,1.000,inf,1,1
1779542781.761754,pass_through,0,0.000,1.000,inf,1,1
1779542781.918224,pass_through,0,0.000,1.000,inf,1,1
1779542781.961906,pass_through,0,0.000,1.000,inf,1,1
1779542782.011678,pass_through,0,0.000,1.000,inf,1,1
1779542782.062290,pass_through,0,0.000,1.000,inf,1,1
1779542782.111700,pass_through,0,0.000,1.000,inf,1,1
1779542782.161687,pass_through,0,0.000,1.000,inf,1,1
1779542782.211666,pass_through,0,0.000,1.000,inf,1,1
1779542782.261716,pass_through,0,0.000,1.000,inf,1,1
1779542782.395295,pass_through,0,0.000,1.000,inf,1,1
1779542782.411859,pass_through,0,0.000,1.000,inf,1,1
1779542782.462074,pass_through,0,0.000,1.000,inf,1,1
1779542782.511720,pass_through,0,0.000,1.000,inf,1,1
1779542782.561791,pass_through,0,0.000,1.000,inf,1,1
1779542782.611708,pass_through,0,0.000,1.000,inf,1,1
1779542782.661920,pass_through,0,0.000,1.000,inf,1,1
1779542782.711640,pass_through,0,0.000,1.000,inf,1,1
1779542782.761914,pass_through,0,0.000,1.000,inf,1,1
1779542782.910780,pass_through,0,0.000,1.000,inf,1,1
1779542782.927257,pass_through,0,0.000,1.000,inf,1,1
1779542782.961844,pass_through,0,0.000,1.000,inf,1,1
1779542783.011699,pass_through,0,0.000,1.000,inf,1,1
1779542783.063579,pass_through,0,0.000,1.000,inf,1,1
1779542783.111719,pass_through,0,0.000,1.000,inf,1,1
1779542783.161856,pass_through,0,0.000,1.000,inf,1,1
1779542783.211670,pass_through,0,0.000,1.000,inf,1,1
1779542783.261884,pass_through,0,0.000,1.000,inf,1,1
1779542783.395739,pass_through,0,0.000,1.000,inf,1,1
1779542783.411901,pass_through,0,0.000,1.000,inf,1,1
1779542783.461845,pass_through,0,0.000,1.000,inf,1,1
1779542783.511631,pass_through,0,0.000,1.000,inf,1,1
1779542783.561738,pass_through,0,0.000,1.000,inf,1,1
1779542783.611656,pass_through,0,0.000,1.000,inf,1,1
1779542783.661750,pass_through,0,0.000,1.000,inf,1,1
1779542783.711733,pass_through,0,0.000,1.000,inf,1,1
1779542783.762242,pass_through,0,0.000,1.000,inf,1,1
1779542783.904352,pass_through,0,0.000,1.000,inf,1,1
1779542783.921385,pass_through,0,0.000,1.000,inf,1,1
1779542783.961656,pass_through,0,0.000,1.000,inf,1,1
1779542784.011700,pass_through,0,0.000,1.000,inf,1,1
1779542784.062097,pass_through,0,0.000,1.000,inf,1,1
1779542784.112190,pass_through,0,0.000,1.000,inf,1,1
1779542784.161782,pass_through,0,0.000,1.000,inf,1,1
1779542784.211755,pass_through,0,0.000,1.000,inf,1,1
1779542784.261578,avoid,1,-0.850,0.750,0.312,29,16
1779542784.569991,avoid,1,-0.850,0.750,0.312,29,16
1779542785.026864,avoid,1,-0.850,0.750,0.317,29,16
1779542785.305142,avoid,1,-0.850,0.750,0.316,29,16
1779542785.627166,avoid,1,-0.850,0.750,0.314,29,16
1779542785.884046,avoid,1,-0.850,0.750,0.312,29,16
1779542786.198428,avoid,1,-0.850,0.750,0.313,29,16
1779542786.439917,avoid,1,-0.850,0.750,0.320,29,16
1779542786.746589,avoid,1,-0.850,0.750,0.316,29,16
1779542787.029320,avoid,1,-0.850,0.750,0.312,29,16
1779542787.424997,avoid,1,-0.850,0.750,0.313,29,16
1779542787.822367,avoid,1,-0.850,0.750,0.315,29,16
1779542788.399618,avoid,1,-0.850,0.750,0.312,29,13
1779542789.022392,avoid,1,-0.850,0.750,0.330,29,9
1779542789.494625,avoid,1,-0.850,0.750,0.347,29,11
1779542790.096184,avoid,1,-0.850,0.750,0.353,29,29
1779542790.607192,pass_through,0,0.000,1.000,inf,1,1
1779542790.750540,pass_through,0,0.000,1.000,inf,1,1
1779542790.776953,pass_through,0,0.000,1.000,inf,1,1
1779542790.927402,pass_through,0,0.000,1.000,inf,1,1
1779542790.961974,pass_through,0,0.000,1.000,inf,1,1
1779542791.012190,pass_through,0,0.000,1.000,inf,1,1
1779542791.061586,pass_through,0,0.000,1.000,inf,1,1
1779542791.111617,pass_through,0,0.000,1.000,inf,1,1
1779542791.162146,pass_through,0,0.000,1.000,inf,1,1
1779542791.211776,pass_through,0,0.000,1.000,inf,1,1
1779542791.261632,pass_through,0,0.000,1.000,inf,1,1
1779542791.402611,pass_through,0,0.000,1.000,inf,1,1
1779542791.417398,pass_through,0,0.000,1.000,inf,1,1
1779542791.461664,pass_through,0,0.000,1.000,inf,1,1
1779542791.511725,pass_through,0,0.000,1.000,inf,1,1
1779542791.561867,pass_through,0,0.000,1.000,inf,1,1
1779542791.611673,pass_through,0,0.000,1.000,inf,1,1
1779542791.661874,pass_through,0,0.000,1.000,inf,1,1
1779542791.711689,pass_through,0,0.000,1.000,inf,1,1
1779542791.761639,pass_through,0,0.000,1.000,inf,1,1
1779542791.919521,pass_through,0,0.000,1.000,inf,1,1
1779542791.961625,pass_through,0,0.000,1.000,inf,1,1
1779542792.011733,pass_through,0,0.000,1.000,inf,1,1
1779542792.061778,pass_through,0,0.000,1.000,inf,1,1
1779542792.111661,pass_through,0,0.000,1.000,inf,1,1
1779542792.161717,pass_through,0,0.000,1.000,inf,1,1
1779542792.211627,pass_through,0,0.000,1.000,inf,1,1
1779542792.261654,pass_through,0,0.000,1.000,inf,1,1
1779542792.387815,pass_through,0,0.000,1.000,inf,1,1
1779542792.411626,pass_through,0,0.000,1.000,inf,1,1
1779542792.462168,pass_through,0,0.000,1.000,inf,1,1
1779542792.511623,pass_through,0,0.000,1.000,inf,1,1
1779542792.562170,pass_through,0,0.000,1.000,inf,1,1
1779542792.611688,pass_through,0,0.000,1.000,inf,1,1
1779542792.661582,pass_through,0,0.000,1.000,inf,1,1
1779542792.711677,pass_through,0,0.000,1.000,inf,1,1
1779542792.761920,pass_through,0,0.000,1.000,inf,1,1
1779542792.892509,pass_through,0,0.000,1.000,inf,1,1
1779542792.911616,pass_through,0,0.000,1.000,inf,1,1
1779542792.961994,pass_through,0,0.000,1.000,inf,1,1
1779542793.011660,pass_through,0,0.000,1.000,inf,1,1
1779542793.061797,pass_through,0,0.000,1.000,inf,1,1
1779542793.111686,pass_through,0,0.000,1.000,inf,1,1
1779542793.161603,pass_through,0,0.000,1.000,inf,1,1
1779542793.211738,pass_through,0,0.000,1.000,inf,1,1
1779542793.262090,pass_through,0,0.000,1.000,inf,1,1
1779542793.387786,pass_through,0,0.000,1.000,inf,1,1
1779542793.411643,pass_through,0,0.000,1.000,inf,1,1
1779542793.461618,pass_through,0,0.000,1.000,inf,1,1
1779542793.511658,pass_through,0,0.000,1.000,inf,1,1
1779542793.561792,pass_through,0,0.000,1.000,inf,1,1
1779542793.611691,pass_through,0,0.000,1.000,inf,1,1
1779542793.662184,pass_through,0,0.000,1.000,inf,1,1
1779542793.711631,pass_through,0,0.000,1.000,inf,1,1
1779542793.762014,pass_through,0,0.000,1.000,inf,1,1
1779542793.878201,pass_through,0,0.000,1.000,inf,1,1
1779542793.911620,pass_through,0,0.000,1.000,inf,1,1
1779542793.961986,pass_through,0,0.000,1.000,inf,1,1
1779542794.011642,pass_through,0,0.000,1.000,inf,1,1
1779542794.061674,pass_through,0,0.000,1.000,inf,1,1
1779542794.111710,pass_through,0,0.000,1.000,inf,1,1
1779542794.162263,pass_through,0,0.000,1.000,inf,1,1
1779542794.211642,pass_through,0,0.000,1.000,inf,1,1
1779542794.262272,pass_through,0,0.000,1.000,inf,1,1
1779542794.401987,pass_through,0,0.000,1.000,inf,1,1
1779542794.416573,pass_through,0,0.000,1.000,inf,1,1
1779542794.461864,pass_through,0,0.000,1.000,inf,1,1
1779542794.511714,pass_through,0,0.000,1.000,inf,1,1
1779542794.561640,pass_through,0,0.000,1.000,inf,1,1
1779542794.611691,pass_through,0,0.000,1.000,inf,1,1
1779542794.661725,pass_through,0,0.000,1.000,inf,1,1
1779542794.711704,pass_through,0,0.000,1.000,inf,1,1
1779542794.762090,pass_through,0,0.000,1.000,inf,1,1
1779542794.899854,pass_through,0,0.000,1.000,inf,1,1
1779542794.925741,pass_through,0,0.000,1.000,inf,1,1
1779542794.962155,pass_through,0,0.000,1.000,inf,1,1
1779542795.011643,pass_through,0,0.000,1.000,inf,1,1
1779542795.062000,pass_through,0,0.000,1.000,inf,1,1
1779542795.111678,pass_through,0,0.000,1.000,inf,1,1
1779542795.161664,pass_through,0,0.000,1.000,inf,1,1
1779542795.211730,pass_through,0,0.000,1.000,inf,1,1
1779542795.261688,pass_through,0,0.000,1.000,inf,1,1
1779542795.413311,pass_through,0,0.000,1.000,inf,1,1
1779542795.461616,pass_through,0,0.000,1.000,inf,1,1
1779542795.511695,pass_through,0,0.000,1.000,inf,1,1
1779542795.561574,pass_through,0,0.000,1.000,inf,1,1
1779542795.611751,pass_through,0,0.000,1.000,inf,1,1
1779542795.662015,pass_through,0,0.000,1.000,inf,1,1
1779542795.711685,pass_through,0,0.000,1.000,inf,1,1
1779542795.761647,pass_through,0,0.000,1.000,inf,1,1
1779542795.897550,pass_through,0,0.000,1.000,inf,1,1
1779542795.911914,pass_through,0,0.000,1.000,inf,1,1
1779542795.961630,pass_through,0,0.000,1.000,inf,1,1
1779542796.011651,pass_through,0,0.000,1.000,inf,1,1
1779542796.061734,pass_through,0,0.000,1.000,inf,1,1
1779542796.111628,pass_through,0,0.000,1.000,inf,1,1
1779542796.161550,pass_through,0,0.000,1.000,inf,1,1
1779542796.211747,pass_through,0,0.000,1.000,inf,1,1
1779542796.261536,pass_through,0,0.000,1.000,inf,1,1
1779542796.386500,pass_through,0,0.000,1.000,inf,1,1
1779542796.411761,pass_through,0,0.000,1.000,inf,1,1
1779542796.462047,pass_through,0,0.000,1.000,inf,1,1
1779542796.511624,pass_through,0,0.000,1.000,inf,1,1
1779542796.561984,pass_through,0,0.000,1.000,inf,1,1
1779542796.612279,pass_through,0,0.000,1.000,inf,1,1
1779542796.661687,pass_through,0,0.000,1.000,inf,1,1
1779542796.711622,pass_through,0,0.000,1.000,inf,1,1
1779542796.761722,pass_through,0,0.000,1.000,inf,1,1
1779542796.899076,pass_through,0,0.000,1.000,inf,1,1
1779542796.913205,pass_through,0,0.000,1.000,inf,1,1
1779542796.961711,pass_through,0,0.000,1.000,inf,1,1
1779542797.011715,pass_through,0,0.000,1.000,inf,1,1
1779542797.061646,pass_through,0,0.000,1.000,inf,1,1
1779542797.111704,pass_through,0,0.000,1.000,inf,1,1
1779542797.161644,pass_through,0,0.000,1.000,inf,1,1
1779542797.211843,pass_through,0,0.000,1.000,inf,1,1
1779542797.261838,pass_through,0,0.000,1.000,inf,1,1
1779542797.405925,pass_through,0,0.000,1.000,inf,1,1
1779542797.420262,pass_through,0,0.000,1.000,inf,1,1
1779542797.461943,pass_through,0,0.000,1.000,inf,1,1
1779542797.511697,pass_through,0,0.000,1.000,inf,1,1
1779542797.562072,pass_through,0,0.000,1.000,inf,1,1
1779542797.611670,pass_through,0,0.000,1.000,inf,1,1
1779542797.661741,pass_through,0,0.000,1.000,inf,1,1
1779542797.711639,pass_through,0,0.000,1.000,inf,1,1
1779542797.762180,pass_through,0,0.000,1.000,inf,1,1
1779542797.878675,pass_through,0,0.000,1.000,inf,1,1
1779542797.911627,pass_through,0,0.000,1.000,inf,1,1
1779542797.961573,pass_through,0,0.000,1.000,inf,1,1
1779542798.011756,pass_through,0,0.000,1.000,inf,1,1
1779542798.061703,pass_through,0,0.000,1.000,inf,1,1
1779542798.111693,pass_through,0,0.000,1.000,inf,1,1
1779542798.161995,pass_through,0,0.000,1.000,inf,1,1
1779542798.211692,pass_through,0,0.000,1.000,inf,1,1
1779542798.261669,pass_through,0,0.000,1.000,inf,1,1
1779542798.401653,pass_through,0,0.000,1.000,inf,1,1
1779542798.417833,pass_through,0,0.000,1.000,inf,1,1
1779542798.461843,pass_through,0,0.000,1.000,inf,1,1
1779542798.511674,pass_through,0,0.000,1.000,inf,1,1
1779542798.562022,pass_through,0,0.000,1.000,inf,1,1
1779542798.611742,pass_through,0,0.000,1.000,inf,1,1
1779542798.661680,pass_through,0,0.000,1.000,inf,1,1
1779542798.711636,pass_through,0,0.000,1.000,inf,1,1
1779542798.761919,pass_through,0,0.000,1.000,inf,1,1
1779542798.878844,pass_through,0,0.000,1.000,inf,1,1
1779542798.911710,pass_through,0,0.000,1.000,inf,1,1
1779542798.961789,pass_through,0,0.000,1.000,inf,1,1
1779542799.011864,pass_through,0,0.000,1.000,inf,1,1
1779542799.062016,pass_through,0,0.000,1.000,inf,1,1
1779542799.111690,pass_through,0,0.000,1.000,inf,1,1
1779542799.161608,pass_through,0,0.000,1.000,inf,1,1
1779542799.211663,pass_through,0,0.000,1.000,inf,1,1
1779542799.262096,pass_through,0,0.000,1.000,inf,1,1
1779542799.378536,pass_through,0,0.000,1.000,inf,1,1
1779542799.411621,pass_through,0,0.000,1.000,inf,1,1
1779542799.461776,pass_through,0,0.000,1.000,inf,1,1
1779542799.511661,pass_through,0,0.000,1.000,inf,1,1
1779542799.561704,pass_through,0,0.000,1.000,inf,1,1
1779542799.611771,pass_through,0,0.000,1.000,inf,1,1
1779542799.662128,pass_through,0,0.000,1.000,inf,1,1
1779542799.711629,pass_through,0,0.000,1.000,inf,1,1
1779542799.761590,pass_through,0,0.000,1.000,inf,1,1
1779542799.878907,pass_through,0,0.000,1.000,inf,1,1
1779542799.911621,pass_through,0,0.000,1.000,inf,1,1
1779542799.961626,pass_through,0,0.000,1.000,inf,1,1
1779542800.011728,pass_through,0,0.000,1.000,inf,1,1
1779542800.062029,pass_through,0,0.000,1.000,inf,1,1
1779542800.111691,pass_through,0,0.000,1.000,inf,1,1
1779542800.161911,pass_through,0,0.000,1.000,inf,1,1
1779542800.211694,pass_through,0,0.000,1.000,inf,1,1
1779542800.261869,pass_through,0,0.000,1.000,inf,1,1
1779542800.376671,pass_through,0,0.000,1.000,inf,1,1
1779542800.411721,pass_through,0,0.000,1.000,inf,1,1
1779542800.461735,pass_through,0,0.000,1.000,inf,1,1
1779542800.511679,pass_through,0,0.000,1.000,inf,1,1
1779542800.561888,pass_through,0,0.000,1.000,inf,1,1
1779542800.611614,pass_through,0,0.000,1.000,inf,1,1
1779542800.661634,pass_through,0,0.000,1.000,inf,1,1
1779542800.711628,pass_through,0,0.000,1.000,inf,1,1
1779542800.762305,pass_through,0,0.000,1.000,inf,1,1
1779542800.917615,pass_through,0,0.000,1.000,inf,1,1
1779542800.961673,pass_through,0,0.000,1.000,inf,1,1
1779542801.011694,pass_through,0,0.000,1.000,inf,1,1
1779542801.061968,pass_through,0,0.000,1.000,inf,1,1
1779542801.111672,pass_through,0,0.000,1.000,inf,1,1
1779542801.161809,pass_through,0,0.000,1.000,inf,1,1
1779542801.211707,pass_through,0,0.000,1.000,inf,1,1
1779542801.262031,pass_through,0,0.000,1.000,inf,1,1
1779542801.390728,pass_through,0,0.000,1.000,inf,1,1
1779542801.411739,pass_through,0,0.000,1.000,inf,1,1
1779542801.461805,pass_through,0,0.000,1.000,inf,1,1
1779542801.511658,pass_through,0,0.000,1.000,inf,1,1
1779542801.562066,pass_through,0,0.000,1.000,inf,1,1
1779542801.611662,pass_through,0,0.000,1.000,inf,1,1
1779542801.661744,pass_through,0,0.000,1.000,inf,1,1
1779542801.711720,pass_through,0,0.000,1.000,inf,1,1
1779542801.762078,pass_through,0,0.000,1.000,inf,1,1
1779542801.936391,pass_through,0,0.000,1.000,inf,1,1
1779542801.962858,pass_through,0,0.000,1.000,inf,1,1
1779542802.011667,pass_through,0,0.000,1.000,inf,1,1
1779542802.061976,pass_through,0,0.000,1.000,inf,1,1
1779542802.111681,pass_through,0,0.000,1.000,inf,1,1
1779542802.162101,pass_through,0,0.000,1.000,inf,1,1
1779542802.211693,pass_through,0,0.000,1.000,inf,1,1
1779542802.261719,pass_through,0,0.000,1.000,inf,1,1
1779542802.399993,pass_through,0,0.000,1.000,inf,1,1
1779542802.416277,pass_through,0,0.000,1.000,inf,1,1
1779542802.461689,pass_through,0,0.000,1.000,inf,1,1
1779542802.511633,pass_through,0,0.000,1.000,inf,1,1
1779542802.561709,pass_through,0,0.000,1.000,inf,1,1
1779542802.611731,pass_through,0,0.000,1.000,inf,1,1
1779542802.661661,pass_through,0,0.000,1.000,inf,1,1
1779542802.711608,pass_through,0,0.000,1.000,inf,1,1
1779542802.761736,pass_through,0,0.000,1.000,inf,1,1
1779542802.897151,pass_through,0,0.000,1.000,inf,1,1
1779542802.911653,pass_through,0,0.000,1.000,inf,1,1
1779542802.961919,pass_through,0,0.000,1.000,inf,1,1
1779542803.011646,pass_through,0,0.000,1.000,inf,1,1
1779542803.062119,pass_through,0,0.000,1.000,inf,1,1
1779542803.111687,pass_through,0,0.000,1.000,inf,1,1
1779542803.161935,pass_through,0,0.000,1.000,inf,1,1
1779542803.211729,pass_through,0,0.000,1.000,inf,1,1
1779542803.261649,pass_through,0,0.000,1.000,inf,1,1
1779542803.413633,pass_through,0,0.000,1.000,inf,1,1
1779542803.461738,pass_through,0,0.000,1.000,inf,1,1
1779542803.511687,pass_through,0,0.000,1.000,inf,1,1
1779542803.561815,pass_through,0,0.000,1.000,inf,1,1
1779542803.611622,pass_through,0,0.000,1.000,inf,1,1
1779542803.662009,pass_through,0,0.000,1.000,inf,1,1
1779542803.711647,pass_through,0,0.000,1.000,inf,1,1
1779542803.761642,pass_through,0,0.000,1.000,inf,1,1
1779542803.908626,pass_through,0,0.000,1.000,inf,1,1
1779542803.929038,pass_through,0,0.000,1.000,inf,1,1
1779542803.962019,pass_through,0,0.000,1.000,inf,1,1
1779542804.011713,pass_through,0,0.000,1.000,inf,1,1
1779542804.061872,pass_through,0,0.000,1.000,inf,1,1
1779542804.112429,pass_through,0,0.000,1.000,inf,1,1
1779542804.161882,pass_through,0,0.000,1.000,inf,1,1
1779542804.211766,pass_through,0,0.000,1.000,inf,1,1
1779542804.261903,pass_through,0,0.000,1.000,inf,1,1
1779542804.395662,pass_through,0,0.000,1.000,inf,1,1
1779542804.411647,pass_through,0,0.000,1.000,inf,1,1
1779542804.461661,pass_through,0,0.000,1.000,inf,1,1
1779542804.511640,pass_through,0,0.000,1.000,inf,1,1
1779542804.561736,pass_through,0,0.000,1.000,inf,1,1
1779542804.611725,pass_through,0,0.000,1.000,inf,1,1
1779542804.661990,pass_through,0,0.000,1.000,inf,1,1
1779542804.711666,pass_through,0,0.000,1.000,inf,1,1
1779542804.762024,pass_through,0,0.000,1.000,inf,1,1
1779542804.874679,pass_through,0,0.000,1.000,inf,1,1
1779542804.911674,pass_through,0,0.000,1.000,inf,1,1
1779542804.962020,pass_through,0,0.000,1.000,inf,1,1
1779542805.011683,pass_through,0,0.000,1.000,inf,1,1
1779542805.062018,pass_through,0,0.000,1.000,inf,1,1
1779542805.111706,pass_through,0,0.000,1.000,inf,1,1
1779542805.161935,pass_through,0,0.000,1.000,inf,1,1
1779542805.211632,pass_through,0,0.000,1.000,inf,1,1
1779542805.261606,pass_through,0,0.000,1.000,inf,1,1
1779542805.417942,pass_through,0,0.000,1.000,inf,1,1
1779542805.461864,pass_through,0,0.000,1.000,inf,1,1
1779542805.511726,pass_through,0,0.000,1.000,inf,1,1
1779542805.561660,pass_through,0,0.000,1.000,inf,1,1
1779542805.611708,pass_through,0,0.000,1.000,inf,1,1
1779542805.661733,pass_through,0,0.000,1.000,inf,1,1
1779542805.711684,pass_through,0,0.000,1.000,inf,1,1
1779542805.761875,pass_through,0,0.000,1.000,inf,1,1
1779542805.922796,pass_through,0,0.000,1.000,inf,1,1
1779542805.961596,pass_through,0,0.000,1.000,inf,1,1
1779542806.011936,pass_through,0,0.000,1.000,inf,1,1
1779542806.062519,pass_through,0,0.000,1.000,inf,1,1
1779542806.111805,pass_through,0,0.000,1.000,inf,1,1
1779542806.162155,pass_through,0,0.000,1.000,inf,1,1
1779542806.211666,pass_through,0,0.000,1.000,inf,1,1
1779542806.261723,pass_through,0,0.000,1.000,inf,1,1
1779542806.422471,pass_through,0,0.000,1.000,inf,1,1
1779542806.461684,pass_through,0,0.000,1.000,inf,1,1
1779542806.511700,pass_through,0,0.000,1.000,inf,1,1
1779542806.561677,pass_through,0,0.000,1.000,inf,1,1
1779542806.611697,pass_through,0,0.000,1.000,inf,1,1
1779542806.661744,pass_through,0,0.000,1.000,inf,1,1
1779542806.711727,pass_through,0,0.000,1.000,inf,1,1
1779542806.761990,pass_through,0,0.000,1.000,inf,1,1
1779542806.899499,pass_through,0,0.000,1.000,inf,1,1
1779542806.914775,pass_through,0,0.000,1.000,inf,1,1
1779542806.961653,pass_through,0,0.000,1.000,inf,1,1
1779542807.011765,pass_through,0,0.000,1.000,inf,1,1
1779542807.061876,pass_through,0,0.000,1.000,inf,1,1
1779542807.111781,pass_through,0,0.000,1.000,inf,1,1
1779542807.161655,pass_through,0,0.000,1.000,inf,1,1
1779542807.211719,pass_through,0,0.000,1.000,inf,1,1
1779542807.261742,pass_through,0,0.000,1.000,inf,1,1
1779542807.411565,pass_through,0,0.000,1.000,inf,1,1
1779542807.461930,pass_through,0,0.000,1.000,inf,1,1
1779542807.511681,pass_through,0,0.000,1.000,inf,1,1
1779542807.561691,pass_through,0,0.000,1.000,inf,1,1
1779542807.611653,pass_through,0,0.000,1.000,inf,1,1
1779542807.661780,pass_through,0,0.000,1.000,inf,1,1
1779542807.711698,pass_through,0,0.000,1.000,inf,1,1
1779542807.762352,pass_through,0,0.000,1.000,inf,1,1
1779542807.884212,pass_through,0,0.000,1.000,inf,1,1
1779542807.911849,pass_through,0,0.000,1.000,inf,1,1
1779542807.961880,pass_through,0,0.000,1.000,inf,1,1
1779542808.011676,pass_through,0,0.000,1.000,inf,1,1
1779542808.061580,pass_through,0,0.000,1.000,inf,1,1
1779542808.111625,pass_through,0,0.000,1.000,inf,1,1
1779542808.161638,pass_through,0,0.000,1.000,inf,1,1
1779542808.211622,pass_through,0,0.000,1.000,inf,1,1
1779542808.261663,pass_through,0,0.000,1.000,inf,1,1
1779542808.408719,pass_through,0,0.000,1.000,inf,1,1
1779542808.428009,pass_through,0,0.000,1.000,inf,1,1
1779542808.461675,pass_through,0,0.000,1.000,inf,1,1
1779542808.511627,pass_through,0,0.000,1.000,inf,1,1
1779542808.561791,pass_through,0,0.000,1.000,inf,1,1
1779542808.611696,pass_through,0,0.000,1.000,inf,1,1
1779542808.661774,pass_through,0,0.000,1.000,inf,1,1
1779542808.711690,pass_through,0,0.000,1.000,inf,1,1
1779542808.761624,pass_through,0,0.000,1.000,inf,1,1
1779542808.916917,pass_through,0,0.000,1.000,inf,1,1
1779542808.961783,pass_through,0,0.000,1.000,inf,1,1
1779542809.011960,pass_through,0,0.000,1.000,inf,1,1
1779542809.061782,pass_through,0,0.000,1.000,inf,1,1
1779542809.111642,pass_through,0,0.000,1.000,inf,1,1
1779542809.161691,pass_through,0,0.000,1.000,inf,1,1
1779542809.211751,pass_through,0,0.000,1.000,inf,1,1
1779542809.261622,pass_through,0,0.000,1.000,inf,1,1
1779542809.387061,pass_through,0,0.000,1.000,inf,1,1
1779542809.411734,pass_through,0,0.000,1.000,inf,1,1
1779542809.461633,pass_through,0,0.000,1.000,inf,1,1
1779542809.511682,pass_through,0,0.000,1.000,inf,1,1
1779542809.562035,pass_through,0,0.000,1.000,inf,1,1
1779542809.611756,pass_through,0,0.000,1.000,inf,1,1
1779542809.661768,pass_through,0,0.000,1.000,inf,1,1
1779542809.711699,pass_through,0,0.000,1.000,inf,1,1
1779542809.761587,pass_through,0,0.000,1.000,inf,1,1
1779542809.878601,pass_through,0,0.000,1.000,inf,1,1
1779542809.911678,pass_through,0,0.000,1.000,inf,1,1
1779542809.962009,pass_through,0,0.000,1.000,inf,1,1
1779542810.011629,pass_through,0,0.000,1.000,inf,1,1
1779542810.061691,pass_through,0,0.000,1.000,inf,1,1
1779542810.111680,pass_through,0,0.000,1.000,inf,1,1
1779542810.161809,pass_through,0,0.000,1.000,inf,1,1
1779542810.211700,pass_through,0,0.000,1.000,inf,1,1
1779542810.261983,pass_through,0,0.000,1.000,inf,1,1
1779542810.374580,pass_through,0,0.000,1.000,inf,1,1
1779542810.411661,pass_through,0,0.000,1.000,inf,1,1
1779542810.461589,pass_through,0,0.000,1.000,inf,1,1
1779542810.511663,pass_through,0,0.000,1.000,inf,1,1
1779542810.561891,pass_through,0,0.000,1.000,inf,1,1
1779542810.611704,pass_through,0,0.000,1.000,inf,1,1
1779542810.662165,pass_through,0,0.000,1.000,inf,1,1
1779542810.711638,pass_through,0,0.000,1.000,inf,1,1
1779542810.762315,pass_through,0,0.000,1.000,inf,1,1
1779542810.917436,pass_through,0,0.000,1.000,inf,1,1
1779542810.962050,pass_through,0,0.000,1.000,inf,1,1
1779542811.011642,pass_through,0,0.000,1.000,inf,1,1
1779542811.061581,pass_through,0,0.000,1.000,inf,1,1
1779542811.111692,pass_through,0,0.000,1.000,inf,1,1
1779542811.162010,pass_through,0,0.000,1.000,inf,1,1
1779542811.212097,pass_through,0,0.000,1.000,inf,1,1
1779542811.261675,pass_through,0,0.000,1.000,inf,1,1
1779542811.377449,pass_through,0,0.000,1.000,inf,1,1
1779542811.411898,pass_through,0,0.000,1.000,inf,1,1
1779542811.461889,pass_through,0,0.000,1.000,inf,1,1
1779542811.511633,pass_through,0,0.000,1.000,inf,1,1
1779542811.561907,pass_through,0,0.000,1.000,inf,1,1
1779542811.611713,pass_through,0,0.000,1.000,inf,1,1
1779542811.661851,pass_through,0,0.000,1.000,inf,1,1
1779542811.711636,pass_through,0,0.000,1.000,inf,1,1
1779542811.761721,pass_through,0,0.000,1.000,inf,1,1
1779542811.927924,pass_through,0,0.000,1.000,inf,1,1
1779542811.961784,pass_through,0,0.000,1.000,inf,1,1
1779542812.011747,pass_through,0,0.000,1.000,inf,1,1
1779542812.061730,pass_through,0,0.000,1.000,inf,1,1
1779542812.111666,pass_through,0,0.000,1.000,inf,1,1
1779542812.161712,pass_through,0,0.000,1.000,inf,1,1
1779542812.211675,pass_through,0,0.000,1.000,inf,1,1
1779542812.261644,pass_through,0,0.000,1.000,inf,1,1
1779542812.399326,pass_through,0,0.000,1.000,inf,1,1
1779542812.416023,pass_through,0,0.000,1.000,inf,1,1
1779542812.461912,pass_through,0,0.000,1.000,inf,1,1
1779542812.511679,pass_through,0,0.000,1.000,inf,1,1
1779542812.562120,pass_through,0,0.000,1.000,inf,1,1
1779542812.611779,pass_through,0,0.000,1.000,inf,1,1
1779542812.662292,pass_through,0,0.000,1.000,inf,1,1
1779542812.711715,pass_through,0,0.000,1.000,inf,1,1
1779542812.762179,pass_through,0,0.000,1.000,inf,1,1
1779542812.884361,pass_through,0,0.000,1.000,inf,1,1
1779542812.911671,pass_through,0,0.000,1.000,inf,1,1
1779542812.961982,pass_through,0,0.000,1.000,inf,1,1
1779542813.011663,pass_through,0,0.000,1.000,inf,1,1
1779542813.061760,pass_through,0,0.000,1.000,inf,1,1
1779542813.111680,pass_through,0,0.000,1.000,inf,1,1
1779542813.161907,pass_through,0,0.000,1.000,inf,1,1
1779542813.211639,pass_through,0,0.000,1.000,inf,1,1
1779542813.261839,pass_through,0,0.000,1.000,inf,1,1
1779542813.418407,pass_through,0,0.000,1.000,inf,1,1
1779542813.461661,pass_through,0,0.000,1.000,inf,1,1
1779542813.511682,pass_through,0,0.000,1.000,inf,1,1
1779542813.561649,pass_through,0,0.000,1.000,inf,1,1
1779542813.612209,pass_through,0,0.000,1.000,inf,1,1
1779542813.661690,pass_through,0,0.000,1.000,inf,1,1
1779542813.711681,pass_through,0,0.000,1.000,inf,1,1
1779542813.761605,pass_through,0,0.000,1.000,inf,1,1
1779542813.892717,pass_through,0,0.000,1.000,inf,1,1
1779542813.918773,pass_through,0,0.000,1.000,inf,1,1
1779542813.961869,pass_through,0,0.000,1.000,inf,1,1
1779542814.011757,pass_through,0,0.000,1.000,inf,1,1
1779542814.061626,pass_through,0,0.000,1.000,inf,1,1
1779542814.111711,pass_through,0,0.000,1.000,inf,1,1
1779542814.161607,pass_through,0,0.000,1.000,inf,1,1
1779542814.211643,pass_through,0,0.000,1.000,inf,1,1
1779542814.262115,pass_through,0,0.000,1.000,inf,1,1
1779542814.365745,pass_through,0,0.000,1.000,inf,1,1
1779542814.411752,pass_through,0,0.000,1.000,inf,1,1
1779542814.461541,pass_through,0,0.000,1.000,inf,1,1
1779542814.511736,pass_through,0,0.000,1.000,inf,1,1
1779542814.561629,pass_through,0,0.000,1.000,inf,1,1
1779542814.611713,pass_through,0,0.000,1.000,inf,1,1
1779542814.661757,pass_through,0,0.000,1.000,inf,1,1
1779542814.711666,pass_through,0,0.000,1.000,inf,1,1
1779542814.761855,pass_through,0,0.000,1.000,inf,1,1
1779542814.879772,pass_through,0,0.000,1.000,inf,1,1
1779542814.911742,pass_through,0,0.000,1.000,inf,1,1
1779542814.961649,pass_through,0,0.000,1.000,inf,1,1
1779542815.011670,pass_through,0,0.000,1.000,inf,1,1
1779542815.061649,pass_through,0,0.000,1.000,inf,1,1
1779542815.111670,pass_through,0,0.000,1.000,inf,1,1
1779542815.161995,pass_through,0,0.000,1.000,inf,1,1
1779542815.211698,pass_through,0,0.000,1.000,inf,1,1
1779542815.261709,pass_through,0,0.000,1.000,inf,1,1
1779542815.394204,pass_through,0,0.000,1.000,inf,1,1
1779542815.411929,pass_through,0,0.000,1.000,inf,1,1
1779542815.461696,pass_through,0,0.000,1.000,inf,1,1
1779542815.511664,pass_through,0,0.000,1.000,inf,1,1
1779542815.561749,pass_through,0,0.000,1.000,inf,1,1
1779542815.611646,pass_through,0,0.000,1.000,inf,1,1
1779542815.661582,pass_through,0,0.000,1.000,inf,1,1
1779542815.711770,pass_through,0,0.000,1.000,inf,1,1
1779542815.761820,pass_through,0,0.000,1.000,inf,1,1
1779542815.908304,pass_through,0,0.000,1.000,inf,1,1
1779542815.935819,pass_through,0,0.000,1.000,inf,1,1
1779542815.962699,pass_through,0,0.000,1.000,inf,1,1
1779542816.011656,pass_through,0,0.000,1.000,inf,1,1
1779542816.061593,pass_through,0,0.000,1.000,inf,1,1
1779542816.111703,pass_through,0,0.000,1.000,inf,1,1
1779542816.161673,pass_through,0,0.000,1.000,inf,1,1
1779542816.211745,pass_through,0,0.000,1.000,inf,1,1
1779542816.261696,pass_through,0,0.000,1.000,inf,1,1
1779542816.386764,pass_through,0,0.000,1.000,inf,1,1
1779542816.411636,pass_through,0,0.000,1.000,inf,1,1
1779542816.461670,pass_through,0,0.000,1.000,inf,1,1
1779542816.511589,pass_through,0,0.000,1.000,inf,1,1
1779542816.561737,pass_through,0,0.000,1.000,inf,1,1
1779542816.611679,pass_through,0,0.000,1.000,inf,1,1
1779542816.662028,pass_through,0,0.000,1.000,inf,1,1
1779542816.711757,pass_through,0,0.000,1.000,inf,1,1
1779542816.761621,pass_through,0,0.000,1.000,inf,1,1
1779542816.895946,pass_through,0,0.000,1.000,inf,1,1
1779542816.911951,pass_through,0,0.000,1.000,inf,1,1
1779542816.961624,pass_through,0,0.000,1.000,inf,1,1
1779542817.011705,pass_through,0,0.000,1.000,inf,1,1
1779542817.061894,pass_through,0,0.000,1.000,inf,1,1
1779542817.111712,pass_through,0,0.000,1.000,inf,1,1
1779542817.162112,pass_through,0,0.000,1.000,inf,1,1
1779542817.211622,pass_through,0,0.000,1.000,inf,1,1
1779542817.261594,pass_through,0,0.000,1.000,inf,1,1
1779542817.398693,pass_through,0,0.000,1.000,inf,1,1
1779542817.425553,pass_through,0,0.000,1.000,inf,1,1
1779542817.461877,pass_through,0,0.000,1.000,inf,1,1
1779542817.511648,pass_through,0,0.000,1.000,inf,1,1
1779542817.561574,pass_through,0,0.000,1.000,inf,1,1
1779542817.611683,pass_through,0,0.000,1.000,inf,1,1
1779542817.661964,pass_through,0,0.000,1.000,inf,1,1
1779542817.711686,pass_through,0,0.000,1.000,inf,1,1
1779542817.761580,pass_through,0,0.000,1.000,inf,1,1
1779542817.930607,pass_through,0,0.000,1.000,inf,1,1
1779542817.961988,pass_through,0,0.000,1.000,inf,1,1
1779542818.011702,pass_through,0,0.000,1.000,inf,1,1
1779542818.061862,pass_through,0,0.000,1.000,inf,1,1
1779542818.111729,pass_through,0,0.000,1.000,inf,1,1
1779542818.161675,pass_through,0,0.000,1.000,inf,1,1
1779542818.211811,pass_through,0,0.000,1.000,inf,1,1
1779542818.261688,pass_through,0,0.000,1.000,inf,1,1
1779542818.434675,pass_through,0,0.000,1.000,inf,1,1
1779542818.463334,pass_through,0,0.000,1.000,inf,1,1
1779542818.515759,pass_through,0,0.000,1.000,inf,1,1
1779542818.561603,pass_through,0,0.000,1.000,inf,1,1
1779542818.611799,pass_through,0,0.000,1.000,inf,1,1
1779542818.661797,pass_through,0,0.000,1.000,inf,1,1
1779542818.711804,pass_through,0,0.000,1.000,inf,1,1
1779542818.761657,pass_through,0,0.000,1.000,inf,1,1
1779542818.910125,pass_through,0,0.000,1.000,inf,1,1
1779542818.926066,pass_through,0,0.000,1.000,inf,1,1
1779542818.962175,pass_through,0,0.000,1.000,inf,1,1
1779542819.012310,pass_through,0,0.000,1.000,inf,1,1
1779542819.061787,pass_through,0,0.000,1.000,inf,1,1
1779542819.111661,pass_through,0,0.000,1.000,inf,1,1
1779542819.162009,pass_through,0,0.000,1.000,inf,1,1
1779542819.211715,pass_through,0,0.000,1.000,inf,1,1
1779542819.261819,pass_through,0,0.000,1.000,inf,1,1
1779542819.403703,pass_through,0,0.000,1.000,inf,1,1
1779542819.430524,pass_through,0,0.000,1.000,inf,1,1
1779542819.463818,pass_through,0,0.000,1.000,inf,1,1
1779542819.511711,pass_through,0,0.000,1.000,inf,1,1
1779542819.561774,pass_through,0,0.000,1.000,inf,1,1
1779542819.611735,pass_through,0,0.000,1.000,inf,1,1
1779542819.661618,pass_through,0,0.000,1.000,inf,1,1
1779542819.711663,pass_through,0,0.000,1.000,inf,1,1
1779542819.762018,pass_through,0,0.000,1.000,inf,1,1
1779542819.889144,pass_through,0,0.000,1.000,inf,1,1
1779542819.912653,pass_through,0,0.000,1.000,inf,1,1
1779542819.961622,pass_through,0,0.000,1.000,inf,1,1
1779542820.011689,pass_through,0,0.000,1.000,inf,1,1
1779542820.061835,pass_through,0,0.000,1.000,inf,1,1
1779542820.111701,pass_through,0,0.000,1.000,inf,1,1
1779542820.162226,pass_through,0,0.000,1.000,inf,1,1
1779542820.211756,pass_through,0,0.000,1.000,inf,1,1
1779542820.261625,pass_through,0,0.000,1.000,inf,1,1
1779542820.399141,pass_through,0,0.000,1.000,inf,1,1
1779542820.418149,pass_through,0,0.000,1.000,inf,1,1
1779542820.461592,pass_through,0,0.000,1.000,inf,1,1
1779542820.511650,pass_through,0,0.000,1.000,inf,1,1
1779542820.561683,pass_through,0,0.000,1.000,inf,1,1
1779542820.611761,pass_through,0,0.000,1.000,inf,1,1
1779542820.661750,pass_through,0,0.000,1.000,inf,1,1
1779542820.711696,pass_through,0,0.000,1.000,inf,1,1
1779542820.761656,pass_through,0,0.000,1.000,inf,1,1
1779542820.913942,pass_through,0,0.000,1.000,inf,1,1
1779542820.961753,pass_through,0,0.000,1.000,inf,1,1
1779542821.011780,pass_through,0,0.000,1.000,inf,1,1
1779542821.062094,pass_through,0,0.000,1.000,inf,1,1
1779542821.111696,pass_through,0,0.000,1.000,inf,1,1
1779542821.161741,pass_through,0,0.000,1.000,inf,1,1
1779542821.211714,pass_through,0,0.000,1.000,inf,1,1
1779542821.261807,pass_through,0,0.000,1.000,inf,1,1
1779542821.384686,pass_through,0,0.000,1.000,inf,1,1
1779542821.411659,pass_through,0,0.000,1.000,inf,1,1
1779542821.461834,pass_through,0,0.000,1.000,inf,1,1
1779542821.511814,pass_through,0,0.000,1.000,inf,1,1
1779542821.561854,pass_through,0,0.000,1.000,inf,1,1
1779542821.612123,pass_through,0,0.000,1.000,inf,1,1
1779542821.661573,pass_through,0,0.000,1.000,inf,1,1
1779542821.711741,pass_through,0,0.000,1.000,inf,1,1
1779542821.761780,pass_through,0,0.000,1.000,inf,1,1
1779542821.898509,pass_through,0,0.000,1.000,inf,1,1
1779542821.917075,pass_through,0,0.000,1.000,inf,1,1
1779542821.961738,pass_through,0,0.000,1.000,inf,1,1
1779542822.011966,pass_through,0,0.000,1.000,inf,1,1
1779542822.061691,pass_through,0,0.000,1.000,inf,1,1
1779542822.111740,pass_through,0,0.000,1.000,inf,1,1
1779542822.161895,pass_through,0,0.000,1.000,inf,1,1
1779542822.211653,pass_through,0,0.000,1.000,inf,1,1
1779542822.261790,pass_through,0,0.000,1.000,inf,1,1
1779542822.405909,pass_through,0,0.000,1.000,inf,1,1
1779542822.421531,pass_through,0,0.000,1.000,inf,1,1
1779542822.461748,pass_through,0,0.000,1.000,inf,1,1
1779542822.511645,pass_through,0,0.000,1.000,inf,1,1
1779542822.563085,pass_through,0,0.000,1.000,inf,1,1
1779542822.611698,pass_through,0,0.000,1.000,inf,1,1
1779542822.662029,pass_through,0,0.000,1.000,inf,1,1
1779542822.711657,pass_through,0,0.000,1.000,inf,1,1
1779542822.761695,pass_through,0,0.000,1.000,inf,1,1
1779542822.942814,pass_through,0,0.000,1.000,inf,1,1
1779542822.973506,pass_through,0,0.000,1.000,inf,1,1
1779542823.011900,pass_through,0,0.000,1.000,inf,1,1
1779542823.061999,pass_through,0,0.000,1.000,inf,1,1
1779542823.111676,pass_through,0,0.000,1.000,inf,1,1
1779542823.161942,pass_through,0,0.000,1.000,inf,1,1
1779542823.211662,pass_through,0,0.000,1.000,inf,1,1
1779542823.261812,pass_through,0,0.000,1.000,inf,1,1
1779542823.400128,pass_through,0,0.000,1.000,inf,1,1
1779542823.416873,pass_through,0,0.000,1.000,inf,1,1
1779542823.461602,pass_through,0,0.000,1.000,inf,1,1
1779542823.511711,pass_through,0,0.000,1.000,inf,1,1
1779542823.561978,pass_through,0,0.000,1.000,inf,1,1
1779542823.611766,pass_through,0,0.000,1.000,inf,1,1
1779542823.661614,pass_through,0,0.000,1.000,inf,1,1
1779542823.711759,pass_through,0,0.000,1.000,inf,1,1
1779542823.761615,pass_through,0,0.000,1.000,inf,1,1
1779542823.812104,pass_through,0,0.000,1.000,inf,1,1
1779542823.954279,pass_through,0,0.000,1.000,inf,1,1
1779542823.972169,pass_through,0,0.000,1.000,inf,1,1
1779542824.011737,pass_through,0,0.000,1.000,inf,1,1
1779542824.061608,pass_through,0,0.000,1.000,inf,1,1
1779542824.111785,pass_through,0,0.000,1.000,inf,1,1
1779542824.161895,pass_through,0,0.000,1.000,inf,1,1
1779542824.211718,pass_through,0,0.000,1.000,inf,1,1
1779542824.261593,pass_through,0,0.000,1.000,inf,1,1
1779542824.437136,pass_through,0,0.000,1.000,inf,1,1
1779542824.468685,pass_through,0,0.000,1.000,inf,1,1
1779542824.511702,pass_through,0,0.000,1.000,inf,1,1
1779542824.561624,pass_through,0,0.000,1.000,inf,1,1
1779542824.611662,pass_through,0,0.000,1.000,inf,1,1
1779542824.661886,pass_through,0,0.000,1.000,inf,1,1
1779542824.711639,pass_through,0,0.000,1.000,inf,1,1
1779542824.761687,pass_through,0,0.000,1.000,inf,1,1
1779542824.924876,pass_through,0,0.000,1.000,inf,1,1
1779542824.961911,pass_through,0,0.000,1.000,inf,1,1
1779542825.011737,pass_through,0,0.000,1.000,inf,1,1
1779542825.061618,pass_through,0,0.000,1.000,inf,1,1
1779542825.111646,pass_through,0,0.000,1.000,inf,1,1
1779542825.161771,pass_through,0,0.000,1.000,inf,1,1
1779542825.211793,pass_through,0,0.000,1.000,inf,1,1
1779542825.261991,pass_through,0,0.000,1.000,inf,1,1
1779542825.417759,pass_through,0,0.000,1.000,inf,1,1
1779542825.461986,pass_through,0,0.000,1.000,inf,1,1
1779542825.511731,pass_through,0,0.000,1.000,inf,1,1
1779542825.561888,pass_through,0,0.000,1.000,inf,1,1
1779542825.611769,pass_through,0,0.000,1.000,inf,1,1
1779542825.661795,pass_through,0,0.000,1.000,inf,1,1
1779542825.711750,pass_through,0,0.000,1.000,inf,1,1
1779542825.762455,pass_through,0,0.000,1.000,inf,1,1
1779542825.885315,pass_through,0,0.000,1.000,inf,1,1
1779542825.911690,pass_through,0,0.000,1.000,inf,1,1
1779542825.961625,pass_through,0,0.000,1.000,inf,1,1
1779542826.011655,pass_through,0,0.000,1.000,inf,1,1
1779542826.062080,pass_through,0,0.000,1.000,inf,1,1
1779542826.111636,pass_through,0,0.000,1.000,inf,1,1
1779542826.161952,pass_through,0,0.000,1.000,inf,1,1
1779542826.211606,pass_through,0,0.000,1.000,inf,1,1
1779542826.261800,pass_through,0,0.000,1.000,inf,1,1
1779542826.393228,pass_through,0,0.000,1.000,inf,1,1
1779542826.411792,pass_through,0,0.000,1.000,inf,1,1
1779542826.461825,pass_through,0,0.000,1.000,inf,1,1
1779542826.511635,pass_through,0,0.000,1.000,inf,1,1
1779542826.561577,pass_through,0,0.000,1.000,inf,1,1
1779542826.611801,pass_through,0,0.000,1.000,inf,1,1
1779542826.661793,pass_through,0,0.000,1.000,inf,1,1
1779542826.711679,pass_through,0,0.000,1.000,inf,1,1
1779542826.761827,pass_through,0,0.000,1.000,inf,1,1
1779542826.914196,pass_through,0,0.000,1.000,inf,1,1
1779542826.961689,pass_through,0,0.000,1.000,inf,1,1
1779542827.011683,pass_through,0,0.000,1.000,inf,1,1
1779542827.062026,pass_through,0,0.000,1.000,inf,1,1
1779542827.111660,pass_through,0,0.000,1.000,inf,1,1
1779542827.161748,pass_through,0,0.000,1.000,inf,1,1
1779542827.211762,pass_through,0,0.000,1.000,inf,1,1
1779542827.262192,pass_through,0,0.000,1.000,inf,1,1
1779542827.414609,pass_through,0,0.000,1.000,inf,1,1
1779542827.461706,pass_through,0,0.000,1.000,inf,1,1
1779542827.511684,pass_through,0,0.000,1.000,inf,1,1
1779542827.561707,pass_through,0,0.000,1.000,inf,1,1
1779542827.611710,pass_through,0,0.000,1.000,inf,1,1
1779542827.661814,pass_through,0,0.000,1.000,inf,1,1
1779542827.711680,pass_through,0,0.000,1.000,inf,1,1
1779542827.761700,pass_through,0,0.000,1.000,inf,1,1
1779542827.899592,pass_through,0,0.000,1.000,inf,1,1
1779542827.916317,pass_through,0,0.000,1.000,inf,1,1
1779542827.961642,pass_through,0,0.000,1.000,inf,1,1
1779542828.012019,pass_through,0,0.000,1.000,inf,1,1
1779542828.061676,pass_through,0,0.000,1.000,inf,1,1
1779542828.111704,pass_through,0,0.000,1.000,inf,1,1
1779542828.161773,pass_through,0,0.000,1.000,inf,1,1
1779542828.211743,pass_through,0,0.000,1.000,inf,1,1
1779542828.262080,pass_through,0,0.000,1.000,inf,1,1
1779542828.411466,pass_through,0,0.000,1.000,inf,1,1
1779542828.440040,pass_through,0,0.000,1.000,inf,1,1
1779542828.461642,pass_through,0,0.000,1.000,inf,1,1
1779542828.511759,pass_through,0,0.000,1.000,inf,1,1
1779542828.562052,pass_through,0,0.000,1.000,inf,1,1
1779542828.611697,pass_through,0,0.000,1.000,inf,1,1
1779542828.662015,pass_through,0,0.000,1.000,inf,1,1
1779542828.711690,pass_through,0,0.000,1.000,inf,1,1
1779542828.761756,pass_through,0,0.000,1.000,inf,1,1
1779542828.929755,pass_through,0,0.000,1.000,inf,1,1
1779542828.961993,pass_through,0,0.000,1.000,inf,1,1
1779542829.011649,pass_through,0,0.000,1.000,inf,1,1
1779542829.061705,pass_through,0,0.000,1.000,inf,1,1
1779542829.111715,pass_through,0,0.000,1.000,inf,1,1
1779542829.161805,pass_through,0,0.000,1.000,inf,1,1
1779542829.211658,pass_through,0,0.000,1.000,inf,1,1
1779542829.261604,pass_through,0,0.000,1.000,inf,1,1
1779542829.395531,pass_through,0,0.000,1.000,inf,1,1
1779542829.411838,pass_through,0,0.000,1.000,inf,1,1
1779542829.461860,pass_through,0,0.000,1.000,inf,1,1
1779542829.511770,pass_through,0,0.000,1.000,inf,1,1
1779542829.561637,pass_through,0,0.000,1.000,inf,1,1
1779542829.611667,pass_through,0,0.000,1.000,inf,1,1
1779542829.662200,pass_through,0,0.000,1.000,inf,1,1
1779542829.711665,pass_through,0,0.000,1.000,inf,1,1
1779542829.761760,pass_through,0,0.000,1.000,inf,1,1
1779542829.909326,pass_through,0,0.000,1.000,inf,1,1
1779542829.929001,pass_through,0,0.000,1.000,inf,1,1
1779542829.961915,pass_through,0,0.000,1.000,inf,1,1
1779542830.011640,pass_through,0,0.000,1.000,inf,1,1
1779542830.061758,pass_through,0,0.000,1.000,inf,1,1
1779542830.111768,pass_through,0,0.000,1.000,inf,1,1
1779542830.161883,pass_through,0,0.000,1.000,inf,1,1
1779542830.211733,pass_through,0,0.000,1.000,inf,1,1
1779542830.261738,pass_through,0,0.000,1.000,inf,1,1
1779542830.417489,pass_through,0,0.000,1.000,inf,1,1
1779542830.461602,pass_through,0,0.000,1.000,inf,1,1
1779542830.511690,pass_through,0,0.000,1.000,inf,1,1
1779542830.562034,pass_through,0,0.000,1.000,inf,1,1
1779542830.611715,pass_through,0,0.000,1.000,inf,1,1
1779542830.661892,pass_through,0,0.000,1.000,inf,1,1
1779542830.711667,pass_through,0,0.000,1.000,inf,1,1
1779542830.761881,pass_through,0,0.000,1.000,inf,1,1
1779542830.917954,pass_through,0,0.000,1.000,inf,1,1
1779542830.961607,pass_through,0,0.000,1.000,inf,1,1
1779542831.011742,pass_through,0,0.000,1.000,inf,1,1
1779542831.062146,pass_through,0,0.000,1.000,inf,1,1
1779542831.111628,pass_through,0,0.000,1.000,inf,1,1
1779542831.161972,pass_through,0,0.000,1.000,inf,1,1
1779542831.211721,pass_through,0,0.000,1.000,inf,1,1
1779542831.261796,pass_through,0,0.000,1.000,inf,1,1
1779542831.371513,pass_through,0,0.000,1.000,inf,1,1
1779542831.411716,pass_through,0,0.000,1.000,inf,1,1
1779542831.461630,pass_through,0,0.000,1.000,inf,1,1
1779542831.511703,pass_through,0,0.000,1.000,inf,1,1
1779542831.561612,pass_through,0,0.000,1.000,inf,1,1
1779542831.611716,pass_through,0,0.000,1.000,inf,1,1
1779542831.661772,pass_through,0,0.000,1.000,inf,1,1
1779542831.711706,pass_through,0,0.000,1.000,inf,1,1
1779542831.761995,pass_through,0,0.000,1.000,inf,1,1
1779542831.877436,pass_through,0,0.000,1.000,inf,1,1
1779542831.911688,pass_through,0,0.000,1.000,inf,1,1
1779542831.961618,pass_through,0,0.000,1.000,inf,1,1
1779542832.011701,pass_through,0,0.000,1.000,inf,1,1
1779542832.062198,pass_through,0,0.000,1.000,inf,1,1
1779542832.111648,pass_through,0,0.000,1.000,inf,1,1
1779542832.161706,pass_through,0,0.000,1.000,inf,1,1
1779542832.211682,pass_through,0,0.000,1.000,inf,1,1
1779542832.262189,pass_through,0,0.000,1.000,inf,1,1
1779542832.435439,pass_through,0,0.000,1.000,inf,1,1
1779542832.461818,pass_through,0,0.000,1.000,inf,1,1
1779542832.511683,pass_through,0,0.000,1.000,inf,1,1
1779542832.561668,pass_through,0,0.000,1.000,inf,1,1
1779542832.611681,pass_through,0,0.000,1.000,inf,1,1
1779542832.661752,pass_through,0,0.000,1.000,inf,1,1
1779542832.711659,pass_through,0,0.000,1.000,inf,1,1
1779542832.761573,pass_through,0,0.000,1.000,inf,1,1
1779542832.922977,pass_through,0,0.000,1.000,inf,1,1
1779542832.961778,pass_through,0,0.000,1.000,inf,1,1
1779542833.011687,pass_through,0,0.000,1.000,inf,1,1
1779542833.061645,pass_through,0,0.000,1.000,inf,1,1
1779542833.111712,pass_through,0,0.000,1.000,inf,1,1
1779542833.161586,pass_through,0,0.000,1.000,inf,1,1
1779542833.211820,pass_through,0,0.000,1.000,inf,1,1
1779542833.261713,pass_through,0,0.000,1.000,inf,1,1
1779542833.376465,pass_through,0,0.000,1.000,inf,1,1
1779542833.411916,pass_through,0,0.000,1.000,inf,1,1
1779542833.462119,pass_through,0,0.000,1.000,inf,1,1
1779542833.511660,pass_through,0,0.000,1.000,inf,1,1
1779542833.562106,pass_through,0,0.000,1.000,inf,1,1
1779542833.611696,pass_through,0,0.000,1.000,inf,1,1
1779542833.662037,pass_through,0,0.000,1.000,inf,1,1
1779542833.711660,pass_through,0,0.000,1.000,inf,1,1
1779542833.761599,pass_through,0,0.000,1.000,inf,1,1
1779542833.885017,pass_through,0,0.000,1.000,inf,1,1
1779542833.911608,pass_through,0,0.000,1.000,inf,1,1
1779542833.961648,pass_through,0,0.000,1.000,inf,1,1
1779542834.011716,pass_through,0,0.000,1.000,inf,1,1
1779542834.061776,pass_through,0,0.000,1.000,inf,1,1
1779542834.111671,pass_through,0,0.000,1.000,inf,1,1
1779542834.161691,pass_through,0,0.000,1.000,inf,1,1
1779542834.211725,pass_through,0,0.000,1.000,inf,1,1
1779542834.262044,pass_through,0,0.000,1.000,inf,1,1
1779542834.401028,pass_through,0,0.000,1.000,inf,1,1
1779542834.426477,pass_through,0,0.000,1.000,inf,1,1
1779542834.461940,pass_through,0,0.000,1.000,inf,1,1
1779542834.511642,pass_through,0,0.000,1.000,inf,1,1
1779542834.561626,pass_through,0,0.000,1.000,inf,1,1
1779542834.611665,pass_through,0,0.000,1.000,inf,1,1
1779542834.662076,pass_through,0,0.000,1.000,inf,1,1
1779542834.711662,pass_through,0,0.000,1.000,inf,1,1
1779542834.761827,pass_through,0,0.000,1.000,inf,1,1
1779542834.875865,pass_through,0,0.000,1.000,inf,1,1
1779542834.911636,pass_through,0,0.000,1.000,inf,1,1
1779542834.962173,pass_through,0,0.000,1.000,inf,1,1
1779542835.011654,pass_through,0,0.000,1.000,inf,1,1
1779542835.062206,pass_through,0,0.000,1.000,inf,1,1
1779542835.111710,pass_through,0,0.000,1.000,inf,1,1
1779542835.161722,pass_through,0,0.000,1.000,inf,1,1
1779542835.211696,pass_through,0,0.000,1.000,inf,1,1
1779542835.262019,pass_through,0,0.000,1.000,inf,1,1
