left_border_x,left_border_y,right_border_x,right_border_y,pos_x,pos_y,Lapdist
0.0151196,2.2208920,0.1470032,-1.7769332,0.0810614,0.2219794,0.0000000
0.1020014,2.2236400,0.2230378,-1.7745284,0.1625196,0.2245558,0.0814990
0.1887360,2.2261491,0.2990494,-1.7723295,0.2438927,0.2269098,0.1629061
0.2753237,2.2284229,0.3750395,-1.7703340,0.3251816,0.2290445,0.2442230
0.3617651,2.2304650,0.4510098,-1.7685393,0.4063875,0.2309629,0.3254515
0.4480607,2.2322790,0.5269619,-1.7669427,0.4875113,0.2326681,0.4065933
0.5342110,2.2338684,0.6028973,-1.7655418,0.5685542,0.2341633,0.4876500
0.6202166,2.2352368,0.6788177,-1.7643339,0.6495171,0.2354515,0.5686232
0.7060780,2.2363878,0.7547246,-1.7633164,0.7304013,0.2365357,0.6495146
0.7917957,2.2373248,0.8306195,-1.7624867,0.8112076,0.2374191,0.7303258
0.8773704,2.2380516,0.9065041,-1.7618423,0.8919373,0.2381046,0.8110583
0.9628026,2.2385716,0.9823799,-1.7613805,0.9725913,0.2385955,0.8917138
1.0480929,2.2388884,1.0582483,-1.7610987,1.0531706,0.2388948,0.9722937
1.1332419,2.2390055,1.1341109,-1.7609944,1.1336764,0.2390055,1.0527996
1.2182503,2.2389265,1.2099693,-1.7610649,1.2141098,0.2389308,1.1332330
1.3031185,2.2386550,1.2858248,-1.7613076,1.2944717,0.2386737,1.2135953
1.3878474,2.2381944,1.3616790,-1.7617200,1.3747632,0.2382372,1.2938880
1.4724375,2.2375484,1.4375334,-1.7622993,1.4549855,0.2376246,1.3741126
1.5568895,2.2367205,1.5133894,-1.7630430,1.5351394,0.2368388,1.4542704
1.6412040,2.2357142,1.5892484,-1.7639484,1.6152262,0.2358829,1.5343629
1.7253817,2.2345330,1.6651120,-1.7650129,1.6952469,0.2347600,1.6143914
1.8094234,2.2331804,1.7409815,-1.7662340,1.7752024,0.2334732,1.6943574
1.8933296,2.2316601,1.8168584,-1.7676089,1.8550940,0.2320256,1.7742620
1.9771012,2.2299754,1.8927440,-1.7691350,1.9349226,0.2304202,1.8541068
2.0607387,2.2281299,1.9686399,-1.7708097,2.0146893,0.2286601,1.9338929
2.1442431,2.2261271,2.0445473,-1.7726303,2.0943952,0.2267484,2.0136217
2.2276149,2.2239706,2.1204676,-1.7745941,2.1740412,0.2246882,2.0932944
2.3108549,2.2216637,2.1964023,-1.7766985,2.2536286,0.2224826,2.1729123
2.3939639,2.2192100,2.2723527,-1.7789409,2.3331583,0.2201346,2.2524767
2.4769426,2.2166130,2.3483202,-1.7813185,2.4126314,0.2176473,2.3319887
2.5597918,2.2138761,2.4243061,-1.7838287,2.4920489,0.2150237,2.4114496
2.6425122,2.2110029,2.5003118,-1.7864687,2.5714120,0.2122671,2.4908605
2.7251048,2.2079967,2.5763385,-1.7892359,2.6507216,0.2093804,2.5702226
2.8075701,2.2048610,2.6523876,-1.7921276,2.7299789,0.2063667,2.6495372
2.8899092,2.2015993,2.7284605,-1.7951411,2.8091848,0.2032291,2.7288052
2.9721226,2.1982151,2.8045584,-1.7982737,2.8883405,0.1999707,2.8080280
3.0542114,2.1947117,2.8806827,-1.8015225,2.9674471,0.1965946,2.8872065
3.1361762,2.1910925,2.9568346,-1.8048850,3.0465054,0.1931037,2.9663419
3.2180180,2.1873611,3.0330154,-1.8083584,3.1255167,0.1895013,3.0454353
3.2997375,2.1835207,3.1092265,-1.8119399,3.2044820,0.1857904,3.1244877
3.3813357,2.1795749,3.1854690,-1.8156267,3.2834023,0.1819741,3.2035002
3.4628133,2.1755270,3.2617442,-1.8194162,3.3622788,0.1780554,3.2824740
3.5441713,2.1713804,3.3380534,-1.8233055,3.4411123,0.1740375,3.3614099
3.6254104,2.1671385,3.4143979,-1.8272919,3.5199041,0.1699233,3.4403090
3.7065316,2.1628046,3.4907789,-1.8313725,3.5986552,0.1657160,3.5191724
3.7875357,2.1583821,3.5671976,-1.8355447,3.6773666,0.1614187,3.5980010
3.8684237,2.1538744,3.6436552,-1.8398055,3.7560395,0.1570345,3.6767959
3.9491964,2.1492848,3.7201531,-1.8441522,3.8346747,0.1525663,3.7555580
4.0298547,2.1446167,3.7966923,-1.8485820,3.9132735,0.1480174,3.8342883
4.1103995,2.1398733,3.8732742,-1.8530919,3.9918369,0.1433907,3.9129878
4.1908318,2.1350581,3.9498999,-1.8576793,4.0703658,0.1386894,3.9916574
4.2711524,2.1301742,4.0265707,-1.8623413,4.1488615,0.1339165,4.0702980
4.3513622,2.1252251,4.1032876,-1.8670749,4.2273249,0.1290751,4.1489107
4.4314623,2.1202139,4.1800520,-1.8718773,4.3057572,0.1241683,4.2274962
4.5114535,2.1151441,4.2568650,-1.8767458,4.3841593,0.1191992,4.3060556
4.5913368,2.1100188,4.3337277,-1.8816773,4.4625323,0.1141708,4.3845898
4.6711131,2.1048414,4.4106415,-1.8866689,4.5408773,0.1090862,4.4630996
4.7507833,2.0996150,4.4876073,-1.8917179,4.6191953,0.1039486,4.5415860
4.8303485,2.0943430,4.5646264,-1.8968212,4.6974875,0.0987609,4.6200498
4.9098096,2.0890285,4.6417000,-1.9019760,4.7757548,0.0935263,4.6984920
4.9891674,2.0836749,4.7188292,-1.9071793,4.8539983,0.0882478,4.7769134
5.0684231,2.0782852,4.7960151,-1.9124282,4.9322191,0.0829285,4.8553148
5.1475776,2.0728628,4.8732589,-1.9177198,5.0104182,0.0775715,4.9336972
5.2266318,2.0674108,4.9505617,-1.9230510,5.0885968,0.0721799,5.0120615
5.3055868,2.0619324,5.0279248,-1.9284189,5.1667558,0.0667568,5.0904084
5.3844435,2.0564308,5.1053491,-1.9338206,5.2448963,0.0613051,5.1687388
5.4632029,2.0509092,5.1828358,-1.9392530,5.3230193,0.0558281,5.2470536
5.5418660,2.0453707,5.2603861,-1.9447132,5.4011260,0.0503288,5.3253537
5.6204339,2.0398184,5.3380010,-1.9501981,5.4792174,0.0448102,5.4036399
5.6989075,2.0342556,5.4156817,-1.9557047,5.5572946,0.0392754,5.4819129
5.7772878,2.0286853,5.4934293,-1.9612301,5.6353585,0.0337276,5.5601738
5.8555758,2.0231106,5.5712448,-1.9667711,5.7134103,0.0281698,5.6384232
5.9337727,2.0175348,5.6491295,-1.9723247,5.7914511,0.0226050,5.7166621
6.0118793,2.0119607,5.7270843,-1.9778879,5.8694818,0.0170364,5.7948913
6.0898968,2.0063917,5.8051103,-1.9834575,5.9475036,0.0114671,5.8731115
6.1678261,2.0008307,5.8832088,-1.9890306,6.0255174,0.0059000,5.9513238
6.2456683,1.9952807,5.9613806,-1.9946040,6.1035244,0.0003384,6.0295288
6.3234245,1.9897450,6.0396269,-2.0001747,6.1815257,-0.0052148,6.1077275
6.4010956,1.9842265,6.1179488,-2.0057395,6.2595222,-0.0107565,6.1859206
6.4786827,1.9787282,6.1963474,-2.0112952,6.3375151,-0.0162835,6.2641091
6.5561870,1.9732532,6.2748237,-2.0168389,6.4155053,-0.0217929,6.3422937
6.6336094,1.9678045,6.3533787,-2.0223673,6.4934940,-0.0272814,6.4204753
6.7109510,1.9623851,6.4320135,-2.0278773,6.5714822,-0.0327461,6.4986547
6.7882129,1.9569980,6.5107292,-2.0333657,6.6494710,-0.0381839,6.5768329
6.8653961,1.9516462,6.5895268,-2.0388294,6.7274615,-0.0435916,6.6550105
6.9425018,1.9463327,6.6684073,-2.0442653,6.8054546,-0.0489663,6.7331886
7.0195310,1.9410605,6.7473718,-2.0496700,6.8834514,-0.0543047,6.8113680
7.0964848,1.9358324,6.8264214,-2.0550404,6.9614531,-0.0596040,6.8895494
7.1733643,1.9306515,6.9055569,-2.0603733,7.0394606,-0.0648609,6.9677339
7.2501706,1.9255207,6.9847795,-2.0656655,7.1174751,-0.0700724,7.0459222
7.3269048,1.9204430,7.0640902,-2.0709138,7.1954975,-0.0752354,7.1241153
7.4035680,1.9154211,7.1434900,-2.0761148,7.2735290,-0.0803468,7.2023140
7.4801614,1.9104582,7.2229798,-2.0812655,7.3515706,-0.0854037,7.2805193
7.5566859,1.9055569,7.3025607,-2.0863624,7.4296233,-0.0904028,7.3587319
7.6331429,1.9007204,7.3822337,-2.0914025,7.5076883,-0.0953410,7.4369529
7.7095333,1.8959513,7.4619997,-2.0963822,7.5857665,-0.1002155,7.5151832
7.7858584,1.8912526,7.5418598,-2.1012985,7.6638591,-0.1050229,7.5934236
7.8621192,1.8866272,7.6218149,-2.1061480,7.7419671,-0.1097604,7.6716751
7.9383169,1.8820779,7.7018660,-2.1109273,7.8200915,-0.1144247,7.7499386
8.0144528,1.8776076,7.7820141,-2.1156332,7.8982334,-0.1190128,7.8282151
8.0905278,1.8732190,7.8622601,-2.1202624,7.9763939,-0.1235217,7.9065056
8.1665432,1.8689150,7.9426049,-2.1248115,8.0545741,-0.1279482,7.9848109
8.2425003,1.8646985,8.0230495,-2.1292772,8.1327749,-0.1322893,8.0631322
8.3184000,1.8605721,8.1035949,-2.1336560,8.2109975,-0.1365419,8.1414703
8.3942437,1.8565388,8.1842420,-2.1379448,8.2892428,-0.1407030,8.2198262
8.4700325,1.8526013,8.2649917,-2.1421400,8.3675121,-0.1447693,8.2982010
8.5457676,1.8487624,8.3458449,-2.1462383,8.4458063,-0.1487380,8.3765957
8.6214503,1.8450248,8.4268025,-2.1502364,8.5241264,-0.1526058,8.4550113
8.6970817,1.8413914,8.5078655,-2.1541308,8.6024736,-0.1563697,8.5334488
8.7726631,1.8378648,8.5890348,-2.1579181,8.6808489,-0.1600266,8.6119094
8.8481956,1.8344478,8.6703111,-2.1615949,8.7592534,-0.1635736,8.6903941
8.9236806,1.8311431,8.7516955,-2.1651578,8.8376880,-0.1670073,8.7689039
8.9991192,1.8279536,8.8331888,-2.1686033,8.9161540,-0.1703249,8.8474399
9.0745128,1.8248818,8.9147918,-2.1719281,8.9946523,-0.1735232,8.9260033
9.1498625,1.8219305,8.9965054,-2.1751287,9.0731840,-0.1765991,9.0045952
9.2251696,1.8191024,9.0783305,-2.1782015,9.1517501,-0.1795496,9.0832167
9.3004355,1.8164001,9.1602680,-2.1811432,9.2303517,-0.1823716,9.1618690
9.3756614,1.8138265,9.2423185,-2.1839503,9.3089900,-0.1850619,9.2405533
9.4508486,1.8113841,9.3244830,-2.1866193,9.3876658,-0.1876176,9.3192706
9.5259984,1.8090757,9.4067623,-2.1891468,9.4663804,-0.1900355,9.3980223
9.6011122,1.8069038,9.4891571,-2.1915291,9.5451346,-0.1923127,9.4768095
9.6761911,1.8048712,9.5716684,-2.1937629,9.6239297,-0.1944458,9.5556334
9.7512366,1.8029805,9.6542968,-2.1958446,9.7027667,-0.1964321,9.6344954
9.8262500,1.8012344,9.7370431,-2.1977708,9.7816466,-0.1982682,9.7133967
9.9012327,1.7996354,9.8199082,-2.1995378,9.8605705,-0.1999512,9.7923385
9.9761860,1.7981863,9.9028927,-2.2011422,9.9395394,-0.2014780,9.8713222
10.0511113,1.7968896,9.9859974,-2.2025804,10.0185544,-0.2028454,9.9503490
10.1260100,1.7957479,10.0692231,-2.2038490,10.0976165,-0.2040505,10.0294203
10.2008834,1.7947639,10.1525704,-2.2049443,10.1767269,-0.2050902,10.1085376
10.2757330,1.7939403,10.2360402,-2.2058628,10.2558866,-0.2059613,10.1877020
10.3505602,1.7932795,10.3196330,-2.2066010,10.3350966,-0.2066608,10.2669151
10.4253664,1.7927842,10.4033496,-2.2071552,10.4143580,-0.2071855,10.3461782
10.5001530,1.7924569,10.4871907,-2.2075221,10.4936718,-0.2075326,10.4254929
10.5749215,1.7923004,10.5711569,-2.2076978,10.5730392,-0.2076987,10.5048604
10.6496733,1.7923171,10.6552490,-2.2076790,10.6524611,-0.2076810,10.5842823
10.7244100,1.7925096,10.7394674,-2.2074620,10.7319387,-0.2074762,10.6637602
10.7991329,1.7928806,10.8238130,-2.2070433,10.8114730,-0.2070814,10.7432954
10.8738437,1.7934325,10.9082862,-2.2064192,10.8910650,-0.2064934,10.8228896
10.9485437,1.7941680,10.9928878,-2.2055862,10.9707158,-0.2057091,10.9025442
11.0232346,1.7950896,11.0776183,-2.2045407,11.0504264,-0.2047255,10.9822610
11.0979178,1.7961999,11.1624783,-2.2032791,11.1301980,-0.2035396,11.0620414
11.1725949,1.7975014,11.2474683,-2.2017977,11.2100316,-0.2021481,11.1418871
11.2472674,1.7989968,11.3325891,-2.2000931,11.2899282,-0.2005482,11.2217997
11.3219369,1.8006885,11.4178410,-2.1981616,11.3698889,-0.1987365,11.3017810
11.3966051,1.8025792,11.5032246,-2.1959996,11.4499148,-0.1967102,11.3818325
11.4712734,1.8046713,11.5887405,-2.1936035,11.5300069,-0.1944661,11.4619560
11.5459435,1.8069675,11.6743891,-2.1909697,11.6101663,-0.1920011,11.5421533
11.6206170,1.8094703,11.7601710,-2.1880946,11.6903940,-0.1893121,11.6224260
11.6952956,1.8121822,11.8460866,-2.1849746,11.7706911,-0.1863962,11.7027761
11.7699809,1.8151058,11.9321365,-2.1816060,11.8510587,-0.1832501,11.7832052
11.8446745,1.8182437,12.0183210,-2.1779854,11.9314978,-0.1798709,11.8637152
11.9193781,1.8215983,12.1046407,-2.1741091,12.0120094,-0.1762554,11.9443080
11.9940935,1.8251724,12.1910959,-2.1699735,12.0925947,-0.1724006,12.0249854
12.0688222,1.8289683,12.2776870,-2.1655749,12.1732546,-0.1683033,12.1057494
12.1435661,1.8329887,12.3644146,-2.1609099,12.2539903,-0.1639606,12.1866018
12.2183268,1.8372362,12.4512789,-2.1559747,12.3348029,-0.1593693,12.2675446
12.2931061,1.8417133,12.5382804,-2.1507659,12.4156932,-0.1545263,12.3485799
12.3679058,1.8464225,12.6254193,-2.1452797,12.4966625,-0.1494286,12.4297095
12.4427275,1.8513665,12.7126962,-2.1395127,12.5777118,-0.1440731,12.5109355
12.5175731,1.8565478,12.8001112,-2.1334613,12.6588422,-0.1384567,12.5922600
12.5924444,1.8619690,12.8876648,-2.1271218,12.7400546,-0.1325764,12.6736851
12.6673431,1.8676326,12.9753572,-2.1204907,12.8213502,-0.1264290,12.7552127
12.7422712,1.8735413,13.0631888,-2.1135644,12.9027300,-0.1200115,12.8368452
12.8172304,1.8796977,13.1511598,-2.1063393,12.9841951,-0.1133208,12.9185846
12.8922225,1.8861043,13.2392705,-2.0988120,13.0657465,-0.1063538,13.0004330
12.9672495,1.8927637,13.3275211,-2.0909788,13.1473853,-0.0991075,13.0823928
13.0423131,1.8996786,13.4159120,-2.0828361,13.2291126,-0.0915788,13.1644661
13.1174154,1.9068516,13.5044433,-2.0743806,13.3109294,-0.0837645,13.2466552
13.1925581,1.9142852,13.5931154,-2.0656085,13.3928367,-0.0756616,13.3289624
13.2677431,1.9219822,13.6819282,-2.0565164,13.4748357,-0.0672671,13.4113900
13.3429725,1.9299451,13.7708822,-2.0471007,13.5569274,-0.0585778,13.4939402
13.4182481,1.9381765,13.8599775,-2.0373580,13.6391128,-0.0495908,13.5766156
13.4935718,1.9466793,13.9492142,-2.0272848,13.7213930,-0.0403028,13.6594183
13.5689457,1.9554559,14.0385925,-2.0168774,13.8037691,-0.0307108,13.7423510
13.6443716,1.9645090,14.1281126,-2.0061326,13.8862421,-0.0208118,13.8254160
13.7198516,1.9738415,14.2177746,-1.9950466,13.9688131,-0.0106026,13.9086157
13.7952547,1.9834405,14.3077066,-1.9835979,14.0514807,-0.0000787,13.9919505
13.8704352,1.9932970,14.3980314,-1.9717556,14.1342333,0.0107707,14.0754113
13.9453780,2.0034196,14.4887360,-1.9595038,14.2170570,0.0219579,14.1589871
14.0200675,2.0138166,14.5798078,-1.9468261,14.2999377,0.0334952,14.2426669
14.0944883,2.0244961,14.6712343,-1.9337060,14.3828613,0.0453951,14.3264400
14.1686247,2.0354661,14.7630029,-1.9201267,14.4658138,0.0576697,14.4102958
14.2424608,2.0467342,14.8551015,-1.9060713,14.5487812,0.0703314,14.4942237
14.3159807,2.0583079,14.9475179,-1.8915226,14.6317493,0.0833927,14.5782137
14.3891684,2.0701945,15.0402400,-1.8764631,14.7147042,0.0968657,14.6622555
14.4620078,2.0824009,15.1332558,-1.8608752,14.7976318,0.1107628,14.7463395
14.5344826,2.0949338,15.2265535,-1.8447410,14.8805180,0.1250964,14.8304560
14.6065765,2.1077999,15.3201213,-1.8280423,14.9633489,0.1398788,14.9145956
14.6782731,2.1210052,15.4139474,-1.8107607,15.0461103,0.1551223,14.9987491
14.7495562,2.1345558,15.5080202,-1.7928775,15.1287882,0.1708392,15.0829076
14.8204092,2.1484574,15.6023279,-1.7743736,15.2113686,0.1870419,15.1670625
14.8908158,2.1627153,15.6968588,-1.7552299,15.2938373,0.2037427,15.2512053
14.9607595,2.1773346,15.7916014,-1.7354268,15.3761805,0.2209539,15.3353279
15.0302239,2.1923201,15.8865439,-1.7149444,15.4583839,0.2386878,15.4194225
15.0991925,2.2076763,15.9816747,-1.6937625,15.5404336,0.2569569,15.5034815
15.1676492,2.2234074,16.0769819,-1.6718607,15.6223155,0.2757734,15.5874976
15.2355775,2.2395173,16.1724537,-1.6492181,15.7040156,0.2951496,15.6714640
15.3029615,2.2560094,16.2680781,-1.6258136,15.7855198,0.3150979,15.7553739
15.3697851,2.2728869,16.3638431,-1.6016258,15.8668141,0.3356306,15.8392210
15.4360324,2.2901527,16.4597364,-1.5766328,15.9478844,0.3567600,15.9229996
15.5016878,2.3078094,16.5557457,-1.5508124,16.0287167,0.3784985,16.0067040
15.5667356,2.3258589,16.6518582,-1.5241422,16.1092969,0.4008584,16.0903289
15.6311608,2.3443033,16.7480612,-1.4965994,16.1896110,0.4238519,16.1738697
15.6949483,2.3631439,16.8443415,-1.4681607,16.2696449,0.4474916,16.2573218
15.7580834,2.3823819,16.9406858,-1.4388027,16.3493846,0.4717896,16.3406814
15.8205519,2.4020181,17.0370802,-1.4085014,16.4288160,0.4967584,16.4239447
15.8823396,2.4220529,17.1335107,-1.3772327,16.5079251,0.5224101,16.5071088
15.9434330,2.4424865,17.2299628,-1.3449719,16.5866979,0.5487573,16.5901709
16.0038191,2.4633186,17.3264214,-1.3116944,16.6651202,0.5758121,16.6731289
16.0634851,2.4845488,17.4228711,-1.2773749,16.7431781,0.6035870,16.7559811
16.1224190,2.5061763,17.5192960,-1.2419879,16.8208575,0.6320942,16.8387261
16.1806092,2.5282000,17.6156793,-1.2055078,16.8981443,0.6613461,16.9213634
16.2380449,2.5506186,17.7120041,-1.1679086,16.9750245,0.6913550,17.0038928
16.2947158,2.5734306,17.8082523,-1.1291641,17.0514840,0.7221332,17.0863147
16.3506124,2.5966342,17.9044054,-1.0892479,17.1275089,0.7536932,17.1686300
16.4057259,2.6202277,18.0004441,-1.0481335,17.2030850,0.7860471,17.2508402
16.4600483,2.6442089,18.0963483,-1.0057942,17.2781983,0.8192073,17.3329475
16.5135726,2.6685758,18.1920969,-0.9622033,17.3528348,0.8531863,17.4149546
16.5662926,2.6933262,18.2876681,-0.9173339,17.4269803,0.8879962,17.4968649
16.6182029,2.7184581,18.3830390,-0.8711594,17.5006209,0.9236494,17.5786824
16.6692994,2.7439695,18.4781858,-0.8236530,17.5737426,0.9601583,17.6604116
16.7195787,2.7698584,18.5730836,-0.7747882,17.6463311,0.9975351,17.7420580
16.7690388,2.7961233,18.6677065,-0.7245387,17.7183726,1.0357923,17.8236275
16.8176785,2.8227626,18.7620275,-0.6728785,17.7898530,1.0749420,17.9051269
16.8654979,2.8497754,18.8560185,-0.6197818,17.8607582,1.1149968,17.9865636
16.9124982,2.8771612,18.9496501,-0.5652235,17.9310741,1.1559689,18.0679456
16.9586818,2.9049198,19.0428918,-0.5091787,18.0007868,1.1978705,18.1492820
17.0040524,2.9330519,19.1357119,-0.4516236,18.0698821,1.2407142,18.2305823
17.0486146,2.9615586,19.2280776,-0.3925345,18.1383461,1.2845121,18.3118570
17.0923745,2.9904423,19.3199548,-0.3318891,18.2061646,1.3292766,18.3931171
17.1353392,3.0197058,19.4113082,-0.2696657,18.2733237,1.3750200,18.4743748
17.1775170,3.0493533,19.5021014,-0.2058437,18.3398092,1.4217548,18.5556426
17.2189175,3.0793898,19.5922969,-0.1404036,18.4056072,1.4694931,18.6369342
17.2595511,3.1098220,19.6818560,-0.0733272,18.4707035,1.5182474,18.7182638
17.2994294,3.1406573,19.7707390,-0.0045976,18.5350842,1.5680299,18.7996467
17.3385650,3.1719052,19.8589053,0.0658008,18.5987352,1.6188530,18.8810987
17.3769714,3.2035762,19.9463134,0.1378818,18.6616424,1.6707290,18.9626367
17.4146628,3.2356826,20.0329207,0.2116579,18.7237917,1.7236703,19.0442781
17.4516542,3.2682385,20.1186844,0.2871397,18.7851693,1.7776891,19.1260414
17.4879612,3.3012596,20.2035606,0.3643361,18.8457609,1.8327979,19.2079457
17.5235999,3.3347636,20.2875052,0.4432540,18.9055525,1.8890088,19.2900110
17.5585868,3.3687700,20.3704736,0.5238988,18.9645302,1.9463344,19.3722581
17.5929384,3.4033001,20.4524212,0.6062735,19.0226798,2.0047868,19.4547085
17.6267747,3.4384845,20.5331996,0.6902680,19.0799871,2.0643763,19.5373828
17.6604084,3.4746590,20.6124644,0.7755174,19.1364364,2.1250882,19.6202830
17.6938226,3.5118201,20.6901986,0.8619651,19.1920106,2.1868926,19.7033991
17.7269769,3.5499374,20.7664089,0.9495810,19.2466929,2.2497592,19.7867199
17.7598317,3.5889793,20.8411010,1.0383363,19.3004663,2.3136578,19.8702341
17.7923485,3.6289127,20.9142795,1.1282035,19.3533140,2.3785581,19.9539295
17.8244897,3.6697033,20.9859481,1.2191563,19.4052189,2.4444298,20.0377937
17.8562190,3.7113158,21.0561095,1.3111697,19.4561643,2.5112428,20.1218139
17.8875010,3.7537135,21.1247651,1.4042197,19.5061331,2.5789666,20.2059769
17.9183013,3.7968591,21.1919155,1.4982834,19.5551084,2.6475712,20.2902691
17.9485867,3.8407139,21.2575600,1.5933386,19.6030734,2.7170262,20.3746766
17.9783250,3.8852386,21.3216970,1.6893643,19.6500110,2.7873014,20.4591855
18.0074852,3.9303929,21.3843236,1.7863402,19.6959044,2.8583666,20.5437813
18.0360374,3.9761359,21.4454361,1.8842468,19.7407367,2.9301914,20.6284497
18.0639526,4.0224257,21.5050294,1.9830655,19.7844910,3.0027456,20.7131760
18.0912031,4.0692198,21.5630974,2.0827782,19.8271502,3.0759990,20.7979456
18.1177623,4.1164749,21.6196328,2.1833677,19.8686976,3.1499213,20.8827435
18.1436049,4.1641472,21.6746273,2.2848173,19.9091161,3.2244823,20.9675550
18.1687064,4.2121922,21.7280713,2.3871111,19.9483889,3.2996516,21.0523653
18.1930437,4.2605648,21.7799542,2.4902335,19.9864990,3.3753992,21.1371596
18.2165949,4.3092195,21.8302641,2.5941698,20.0234295,3.4516946,21.2219232
18.2393393,4.3581099,21.8789878,2.6989055,20.0591635,3.5285077,21.3066413
18.2612573,4.4071895,21.9261109,2.8044269,20.0936841,3.6058082,21.3912997
18.2823307,4.4564111,21.9716180,2.9107205,20.1269744,3.6835658,21.4758839
18.3025426,4.5057271,22.0154921,3.0177735,20.1590173,3.7617503,21.5603799
18.3218773,4.5550896,22.0577150,3.1255733,20.1897961,3.8403314,21.6447738
18.3403206,4.6044502,22.0982670,3.2341077,20.2192938,3.9192790,21.7290520
18.3578596,4.6537602,22.1371273,3.3433650,20.2474935,3.9985626,21.8132014
18.3744830,4.7029708,22.1742733,3.4533335,20.2743782,4.0781521,21.8972090
18.3901808,4.7520326,22.2096812,3.5640019,20.2999310,4.1580172,21.9810623
18.4049447,4.8008964,22.2433254,3.6753591,20.3241350,4.2381277,22.0647494
18.4187680,4.8495127,22.2751787,3.7873940,20.3469734,4.3184533,22.1482586
18.4316455,4.8978320,22.3052126,3.9000956,20.3684291,4.3989638,22.2315790
18.4435739,4.9458048,22.3333965,4.0134529,20.3884852,4.4796289,22.3147000
18.4545516,4.9933819,22.3596982,4.1274547,20.4071249,4.5604183,22.3976118
18.4645787,5.0405140,22.3840836,4.2420896,20.4243312,4.6413018,22.4803052
18.4736575,5.0871525,22.4065168,4.3573458,20.4400871,4.7222491,22.5627717
18.4817919,5.1332491,22.4269598,4.4732110,20.4543759,4.8032301,22.6450036
18.4889880,5.1787562,22.4453728,4.5896725,20.4671804,4.8842143,22.7269939
18.4952540,5.2236268,22.4617139,4.7067166,20.4784839,4.9651717,22.8087365
18.5005999,5.2678151,22.4759389,4.8243287,20.4882694,5.0460719,22.8902264
18.5050382,5.3112762,22.4880018,4.9424931,20.4965200,5.1268846,22.9714592
18.5085832,5.3539668,22.4978543,5.0611926,20.5032187,5.2075797,23.0524318
18.5112516,5.3958450,22.5054458,5.1804087,20.5083487,5.2881268,23.1331422
18.5130622,5.4368708,22.5107239,5.3001208,20.5118930,5.3684958,23.2135892
18.5140357,5.4770063,22.5136338,5.4203064,20.5138347,5.4486563,23.2937733
18.5141951,5.5162159,22.5141187,5.5409403,20.5141569,5.5285781,23.3736957
18.5135654,5.5544670,22.5121199,5.6619950,20.5128427,5.6082310,23.4533594
18.5121734,5.5917297,22.5075767,5.7834396,20.5098751,5.6875846,23.5327686
18.5100476,5.6279775,22.5004267,5.9052402,20.5052372,5.7666088,23.6119288
18.5072181,5.6631877,22.4906060,6.0273590,20.4989121,5.8452733,23.6908471
18.5037163,5.6973417,22.4780494,6.1497541,20.4908828,5.9235479,23.7695324
18.4995747,5.7304251,22.4626904,6.2723792,20.4811326,6.0014022,23.8479949
18.4948197,5.7624723,22.4444693,6.3951399,20.4696445,6.0788061,23.9262467
18.4893468,5.7942968,22.4234851,6.5171767,20.4564160,6.1557368,24.0043064
18.4831017,5.8262368,22.3998383,6.6381323,20.4414700,6.2321846,24.0822015
18.4760717,5.8583274,22.3735927,6.7579552,20.4248322,6.3081413,24.1599591
18.4682427,5.8905992,22.3448141,6.8765982,20.4065284,6.3835987,24.2376048
18.4595990,5.9230790,22.3135695,6.9940184,20.3865842,6.4585487,24.3151629
18.4501240,5.9557891,22.2799268,7.1101768,20.3650254,6.5329829,24.3926564
18.4398009,5.9887477,22.2439544,7.2250389,20.3418776,6.6068933,24.4701068
18.4286122,6.0219690,22.2057210,7.3385741,20.3171666,6.6802715,24.5475342
18.4165408,6.0554631,22.1652951,7.4507558,20.2909179,6.7531095,24.6249574
18.4035701,6.0892365,22.1227448,7.5615612,20.2631575,6.8253989,24.7023939
18.3896840,6.1232921,22.0781376,7.6709711,20.2339108,6.8971316,24.7798596
18.3748674,6.1576291,22.0315400,7.7789696,20.2032037,6.9682993,24.8573694
18.3591062,6.1922437,21.9830175,7.8855441,20.1710618,7.0388939,24.9349368
18.3423876,6.2271292,21.9326342,7.9906851,20.1375109,7.1089072,25.0125739
18.3247004,6.2622761,21.8804528,8.0943856,20.1025766,7.1783309,25.0902917
18.3060349,6.2976723,21.8265344,8.1966413,20.0662846,7.2471568,25.1680999
18.2863829,6.3333035,21.7709385,8.2974500,20.0286607,7.3153767,25.2460071
18.2657380,6.3691532,21.7137230,8.3968118,19.9897305,7.3829825,25.3240205
18.2440957,6.4052033,21.6549437,8.4947286,19.9495197,7.4499659,25.4021466
18.2214532,6.4414338,21.5946549,8.5912036,19.9080541,7.5163187,25.4803904
18.1978095,6.4778236,21.5329090,8.6862418,19.8653593,7.5820327,25.5587560
18.1731654,6.5143501,21.4697566,8.7798493,19.8214610,7.6470997,25.6372466
18.1475236,6.5509897,21.4052463,8.8720332,19.7763849,7.7115115,25.7158642
18.1208885,6.5877180,21.3394251,8.9628016,19.7301568,7.7752598,25.7946100
18.0932662,6.6245099,21.2723384,9.0521631,19.6828023,7.8383365,25.8734841
18.0646647,6.6613397,21.2040296,9.1401272,19.6343472,7.9007334,25.9524858
18.0350933,6.6981810,21.1345407,9.2267035,19.5848170,7.9624423,26.0316136
18.0045633,6.7350076,21.0639119,9.3119021,19.5342376,8.0234549,26.1108652
17.9730871,6.7717926,20.9921821,9.3957334,19.4826346,8.0837630,26.1902374
17.9406791,6.8085092,20.9193885,9.4782077,19.4300338,8.1433585,26.2697262
17.9073545,6.8451306,20.8455669,9.5593355,19.3764607,8.2022331,26.3493270
17.8731305,6.8816301,20.7707520,9.6391271,19.3219412,8.2603786,26.4290345
17.8380250,6.9179810,20.6949769,9.7175927,19.2665009,8.3177868,26.5088425
17.8020575,6.9541568,20.6182736,9.7947424,19.2101656,8.3744496,26.5887446
17.7652486,6.9901313,20.5406730,9.8705860,19.1529608,8.4303586,26.6687334
17.7276200,7.0258786,20.4622048,9.9451330,19.0949124,8.4855058,26.7488010
17.6891945,7.0613731,20.3828976,10.0183925,19.0360460,8.5398828,26.8289391
17.6499957,7.0965896,20.3027790,10.0903734,18.9763873,8.5934815,26.9091387
17.6100485,7.1315034,20.2218757,10.1610840,18.9159621,8.6462937,26.9893904
17.5693784,7.1660900,20.1402135,10.2305323,18.8547960,8.6983111,27.0696843
17.5280120,7.2003254,20.0578173,10.2987258,18.7929146,8.7495256,27.1500101
17.4859766,7.2341863,19.9747111,10.3656717,18.7303438,8.7999290,27.2303568
17.4433004,7.2676496,19.8909182,10.4313764,18.6671093,8.8495130,27.3107134
17.4000121,7.3006928,19.8064611,10.4958460,18.6032366,8.8982694,27.3910683
17.3561416,7.3332940,19.7213615,10.5590861,18.5387516,8.9461901,27.4714095
17.3117190,7.3654317,19.6356407,10.6211018,18.4736798,8.9932668,27.5517248
17.2667753,7.3970849,19.5493189,10.6818976,18.4080471,9.0394913,27.6320016
17.2213422,7.4282332,19.4624160,10.7414775,18.3418791,9.0848554,27.7122269
17.1754519,7.4588567,19.3749511,10.7998451,18.2752015,9.1293509,27.7923877
17.1291374,7.4889360,19.2869427,10.8570032,18.2080401,9.1729696,27.8724705
17.0824321,7.5184523,19.1984087,10.9129542,18.1404204,9.2157033,27.9524617
17.0353701,7.5473874,19.1093664,10.9677002,18.0723683,9.2575438,28.0323473
16.9879861,7.5757234,19.0198326,11.0212422,18.0039093,9.2984828,28.1121134
16.9403137,7.6034441,18.9298240,11.0735809,17.9350689,9.3385125,28.1917462
16.8923646,7.6305468,18.8393594,11.1247150,17.8658620,9.3776309,28.2712437
16.8441343,7.6570378,18.7484536,11.1746461,17.7962939,9.4158419,28.3506149
16.7956183,7.6829233,18.6571208,11.2233764,17.7263696,9.4531498,28.4298696
16.7468123,7.7082089,18.5653751,11.2709086,17.6560937,9.4895588,28.5090170
16.6977117,7.7329002,18.4732307,11.3172457,17.5854712,9.5250730,28.5880663
16.6483123,7.7570022,18.3807015,11.3623909,17.5145069,9.5596965,28.6670265
16.5986098,7.7805195,18.2878015,11.4063479,17.4432056,9.5934337,28.7459066
16.5486001,7.8034566,18.1945444,11.4491208,17.3715723,9.6262887,28.8247152
16.4982792,7.8258175,18.1009440,11.4907139,17.2996116,9.6582657,28.9034608
16.4476432,7.8476059,18.0070137,11.5311318,17.2273285,9.6893689,28.9821517
16.3966884,7.8688251,17.9127671,11.5703796,17.1547277,9.7196024,29.0607960
16.3454113,7.8894784,17.8182171,11.6084625,17.0818142,9.7489705,29.1394018
16.2938086,7.9095684,17.7233770,11.6453862,17.0085928,9.7774773,29.2179767
16.2418770,7.9290978,17.6282596,11.6811564,16.9350683,9.8051271,29.2965283
16.1896137,7.9480687,17.5328774,11.7157793,16.8612455,9.8319240,29.3750642
16.1370158,7.9664832,17.4372429,11.7492612,16.7871294,9.8578722,29.4535913
16.0840809,7.9843430,17.3413683,11.7816089,16.7127246,9.8829760,29.5321169
16.0308067,8.0016496,17.2452656,11.8128292,16.6380361,9.9072394,29.6106477
15.9771911,8.0184044,17.1489465,11.8429291,16.5630688,9.9306668,29.6891903
15.9232322,8.0346084,17.0524225,11.8719160,16.4878274,9.9532622,29.7677513
15.8689286,8.0502625,16.9557049,11.8997972,16.4123167,9.9750299,29.8463368
15.8142789,8.0653675,16.8588046,11.9265805,16.3365417,9.9959740,29.9249530
15.7592819,8.0799239,16.7617325,11.9522737,16.2605072,10.0160988,30.0036058
15.7039370,8.0939322,16.6644989,11.9768848,16.1842180,10.0354085,30.0823008
15.6482435,8.1073926,16.5671142,12.0004218,16.1076789,10.0539072,30.1610436
15.5922012,8.1203052,16.4695884,12.0228930,16.0308948,10.0715991,30.2398396
15.5358099,8.1326701,16.3719311,12.0443068,15.9538705,10.0884884,30.3186938
15.4790700,8.1444872,16.2741519,12.0646715,15.8766109,10.1045794,30.3976113
15.4219817,8.1557564,16.1762599,12.0839958,15.7991208,10.1198761,30.4765968
15.3645459,8.1664775,16.0782641,12.1022882,15.7214050,10.1343828,30.5556549
15.3067636,8.1766500,15.9801734,12.1195575,15.6434685,10.1481037,30.6347900
15.2486358,8.1862737,15.8819960,12.1358123,15.5653159,10.1610430,30.7140065
15.1901641,8.1953482,15.7837403,12.1510614,15.4869522,10.1732048,30.7933083
15.1313501,8.2038730,15.6854143,12.1653138,15.4083822,10.1845934,30.8726994
15.0721958,8.2118477,15.5870257,12.1785781,15.3296108,10.1952129,30.9521835
15.0127032,8.2192718,15.4885821,12.1908633,15.2506427,10.2050675,31.0317641
14.9528748,8.2261448,15.3900908,12.2021782,15.1714828,10.2141615,31.1114446
14.8927131,8.2324662,15.2915589,12.2125317,15.0921360,10.2224990,31.1912282
14.8322209,8.2382355,15.1929933,12.2219327,15.0126071,10.2300841,31.2711180
14.7714013,8.2434524,15.0944006,12.2303900,14.9329009,10.2369212,31.3511169
14.7102573,8.2481163,14.9957874,12.2379123,14.8530224,10.2430143,31.4312275
14.6487924,8.2522268,14.8971599,12.2445086,14.7729762,10.2483677,31.5114525
14.5870102,8.2557837,14.7985243,12.2501875,14.6927673,10.2529856,31.5917942
14.5249144,8.2587865,14.6998864,12.2549577,14.6124004,10.2568721,31.6722550
14.4625090,8.2612349,14.6012521,12.2588280,14.5318805,10.2600315,31.7528368
14.3997979,8.2631288,14.5026269,12.2618069,14.4512124,10.2624678,31.8335417
14.3367856,8.2644680,14.4040163,12.2639029,14.3704009,10.2641855,31.9143715
14.2734764,8.2652523,14.3054254,12.2651247,14.2894509,10.2651885,31.9953278
14.2098747,8.2654817,14.2068595,12.2654805,14.2083671,10.2654811,32.0764120
14.1459855,8.2651562,14.1083235,12.2649789,14.1271545,10.2650675,32.1576257
14.0818134,8.2642759,14.0098223,12.2636280,14.0458178,10.2639519,32.2389700
14.0173634,8.2628409,13.9113606,12.2614361,13.9643620,10.2621385,32.3204461
13.9526407,8.2608516,13.8129429,12.2584114,13.8827918,10.2596315,32.4020548
13.8876503,8.2583081,13.7145738,12.2545619,13.8011121,10.2564350,32.4837970
13.8223977,8.2552108,13.6162577,12.2498956,13.7193277,10.2525532,32.5656734
13.7568882,8.2515604,13.5179988,12.2444205,13.6374435,10.2479904,32.6476847
13.6911274,8.2473571,13.4198012,12.2381443,13.5554643,10.2427507,32.7298312
13.6251208,8.2426018,13.3216691,12.2310749,13.4733949,10.2368383,32.8121132
13.5588741,8.2372951,13.2236065,12.2232198,13.3912403,10.2302575,32.8945310
13.4923931,8.2314378,13.1256171,12.2145868,13.3090051,10.2230123,32.9770847
13.4256837,8.2250308,13.0277050,12.2051832,13.2266944,10.2151070,33.0597742
13.3587518,8.2180751,12.9298737,12.1950166,13.1443128,10.2065458,33.1425995
13.2916034,8.2105716,12.8321271,12.1840942,13.0618653,10.1973329,33.2255601
13.2242446,8.2025215,12.7344686,12.1724232,12.9793566,10.1874724,33.3086559
13.1566814,8.1939261,12.6369020,12.1600110,12.8967917,10.1769686,33.3918863
13.0889201,8.1847866,12.5394306,12.1468645,12.8141753,10.1658256,33.4752507
13.0209668,8.1751044,12.4420579,12.1329908,12.7315124,10.1540476,33.5587485
12.9528279,8.1648810,12.3447874,12.1183967,12.6488077,10.1416389,33.6423789
12.8845097,8.1541179,12.2476224,12.1030892,12.5660660,10.1286035,33.7261411
12.8160185,8.1428167,12.1505662,12.0870749,12.4832923,10.1149458,33.8100340
12.7473607,8.1309791,12.0536220,12.0703606,12.4004914,10.1006699,33.8940566
12.6785427,8.1186070,11.9567933,12.0529529,12.3176680,10.0857799,33.9782078
12.6095711,8.1057021,11.8600831,12.0348582,12.2348271,10.0702801,34.0624863
12.5404523,8.0922664,11.7634946,12.0160830,12.1519734,10.0541747,34.1468907
12.4711928,8.0783019,11.6670311,11.9966337,12.0691119,10.0374678,34.2314197
12.4017991,8.0638108,11.5706956,11.9765166,11.9862474,10.0201637,34.3160718
12.3322778,8.0487951,11.4744914,11.9557379,11.9033846,10.0022665,34.4008453
12.2626355,8.0332571,11.3784214,11.9343038,11.8205285,9.9837804,34.4857386
12.1928788,8.0171991,11.2824888,11.9122203,11.7376838,9.9647097,34.5707499
12.1230142,8.0006234,11.1866967,11.8894934,11.6548555,9.9450584,34.6558775
12.0530484,7.9835326,11.0910481,11.8661291,11.5720483,9.9248309,34.7411194
11.9829880,7.9659291,10.9955461,11.8421333,11.4892671,9.9040312,34.8264737
11.9128396,7.9478155,10.9001938,11.8175117,11.4065167,9.8826636,34.9119383
11.8426099,7.9291944,10.8049942,11.7922701,11.3238020,9.8607322,34.9975111
11.7723055,7.9100686,10.7099502,11.7664142,11.2411279,9.8382414,35.0831899
11.7019330,7.8904407,10.6150651,11.7399496,11.1584990,9.8151951,35.1689725
11.6314990,7.8703137,10.5203418,11.7128818,11.0759204,9.7915977,35.2548565
11.5610103,7.8496904,10.4257833,11.6852164,10.9933968,9.7674534,35.3408396
11.4904734,7.8285737,10.3313927,11.6569587,10.9109331,9.7427662,35.4269194
11.4198951,7.8069667,10.2371730,11.6281142,10.8285340,9.7175405,35.5130933
11.3492818,7.7848724,10.1431273,11.5986883,10.7462046,9.6917803,35.5993587
11.2786403,7.7622939,10.0492586,11.5686860,10.6639495,9.6654900,35.6857131
11.2079771,7.7392344,9.9555701,11.5381128,10.5817736,9.6386736,35.7721538
11.1372990,7.7156971,9.8620646,11.5069736,10.4996818,9.6113354,35.8586780
11.0666124,7.6916853,9.7687454,11.4752737,10.4176789,9.5834795,35.9452830
10.9959241,7.6672023,9.6756155,11.4430182,10.3357698,9.5551102,36.0319659
10.9252405,7.6422515,9.5826780,11.4102119,10.2539592,9.5262317,36.1187238
10.8545683,7.6168362,9.4899359,11.3768599,10.1722521,9.4968480,36.2055538
10.7839140,7.5909599,9.3973924,11.3429671,10.0906532,9.4669635,36.2924530
10.7132843,7.5646263,9.3050507,11.3085384,10.0091675,9.4365823,36.3794182
10.6426856,7.5378387,9.2129137,11.2735786,9.9277996,9.4057087,36.4664464
10.5721245,7.5106009,9.1209847,11.2380924,9.8465546,9.3743466,36.5535345
10.5016075,7.4829164,9.0292668,11.2020847,9.7654372,9.3425005,36.6406792
10.4311412,7.4547889,8.9377632,11.1655600,9.6844522,9.3101745,36.7278775
10.3607321,7.4262222,8.8464771,11.1285231,9.6036046,9.2773727,36.8151260
10.2903866,7.3972201,8.7554116,11.0909786,9.5228991,9.2440994,36.9024214
10.2201112,7.3677863,8.6645699,11.0529310,9.4423405,9.2103587,36.9897605
10.1499124,7.3379248,8.5739552,11.0143849,9.3619338,9.1761548,37.0771398
10.0797967,7.3076393,8.4835708,10.9753447,9.2816837,9.1414920,37.1645559
10.0097705,7.2769338,8.3934199,10.9358149,9.2015952,9.1063744,37.2520055
9.9398402,7.2458124,8.3035057,10.8958000,9.1216730,9.0708062,37.3394850
9.8700123,7.2142789,8.2138316,10.8553042,9.0419219,9.0347916,37.4269909
9.8002931,7.1823374,8.1244007,10.8143320,8.9623469,8.9983347,37.5145196
9.7306890,7.1499921,8.0352164,10.7728877,8.8829527,8.9614399,37.6020677
9.6612065,7.1172469,7.9462820,10.7309755,8.8037442,8.9241112,37.6896315
9.5918518,7.0841061,7.8576008,10.6885996,8.7247263,8.8863529,37.7772073
9.5226314,7.0505738,7.7691761,10.6457643,8.6459037,8.8481691,37.8647916
9.4535515,7.0166543,7.6810112,10.6024737,8.5672814,8.8095640,37.9523805
9.3846185,6.9823518,7.5931096,10.5587321,8.4888641,8.7705419,38.0399705
9.3158387,6.9476705,7.5054746,10.5145433,8.4106566,8.7311069,38.1275577
9.2472184,6.9126148,7.4181095,10.4699116,8.3326640,8.6912632,38.2151384
9.1787639,6.8771891,7.3310178,10.4248410,8.2548909,8.6510150,38.3027087
9.1104815,6.8413976,7.2442028,10.3793355,8.1773422,8.6103665,38.3902650
9.0423773,6.8052449,7.1576681,10.3333990,8.1000227,8.5693219,38.4778033
8.9744577,6.7687353,7.0714170,10.2870354,8.0229374,8.5278854,38.5653199
8.9067289,6.7318734,6.9854529,10.2402488,7.9460909,8.4860611,38.6528107
8.8391972,6.6946635,6.8997794,10.1930430,7.8694883,8.4438532,38.7402719
8.7718686,6.6571104,6.8143998,10.1454217,7.7931342,8.4012661,38.8276997
8.7047494,6.6192185,6.7293178,10.0973889,7.7170336,8.3583037,38.9150900
8.6378459,6.5809924,6.6445367,10.0489483,7.6411913,8.3149703,39.0024389
8.5711641,6.5424367,6.5600601,10.0001037,7.5656121,8.2712702,39.0897425
8.5047103,6.5035562,6.4758915,9.9508587,7.4903009,8.2272075,39.1769968
8.4384905,6.4643556,6.3920344,9.9012171,7.4152624,8.1827863,39.2641977
8.3725110,6.4248394,6.3084924,9.8511826,7.3405017,8.1380110,39.3513413
8.3067778,6.3850126,6.2252690,9.8007587,7.2660234,8.0928856,39.4384235
8.2412970,6.3448798,6.1423678,9.7499490,7.1918324,8.0474144,39.5254404
8.1760749,6.3044460,6.0597923,9.6987571,7.1179336,8.0016015,39.6123878
8.1111173,6.2637158,5.9775462,9.6471866,7.0443318,7.9554512,39.6992617
8.0464306,6.2226944,5.8956331,9.5952409,6.9710318,7.9089676,39.7860580
7.9820206,6.1813864,5.8140565,9.5429235,6.8980386,7.8621550,39.8727728
7.9178935,6.1397970,5.7328201,9.4902379,6.8253568,7.8150174,39.9594018
7.8542795,6.0980745,5.6517143,9.4370423,6.7529969,7.7675584,40.0459368
7.7914502,6.0563826,5.5705348,9.3831731,6.6809925,7.7197779,40.1323522
7.7294518,6.0147361,5.4893146,9.3286138,6.6093832,7.6716749,40.2186180
7.6683310,5.9731506,5.4080863,9.2733467,6.5382087,7.6232487,40.3047047
7.6081350,5.9316436,5.3268822,9.2173528,6.4675086,7.5744982,40.3905831
7.5489113,5.8902335,5.2457340,9.1606119,6.3973227,7.5254227,40.4762246
7.4907076,5.8489405,5.1646735,9.1031018,6.3276905,7.4760212,40.5616011
7.4335719,5.8077864,5.0837318,9.0447991,6.2586519,7.4262928,40.6466849
7.3775527,5.7667945,5.0029399,8.9856786,6.1902463,7.3762366,40.7314489
7.3226982,5.7259902,4.9223289,8.9257132,6.1225135,7.3258517,40.8158667
7.2690572,5.6854006,4.8419293,8.8648739,6.0554933,7.2751373,40.8999124
7.2166781,5.6450549,4.7617721,8.8031298,5.9892251,7.2240923,40.9835608
7.1656093,5.6049845,4.6818882,8.7404477,5.9237488,7.1727161,41.0667874
7.1158992,5.5652230,4.6023085,8.6767921,5.8591039,7.1210075,41.1495687
7.0675956,5.5258065,4.5230647,8.6121251,5.7953301,7.0689658,41.2318816
7.0207459,5.4867737,4.4441885,8.5464064,5.7324672,7.0165901,41.3137044
6.9753967,5.4481659,4.3657127,8.4795928,5.6705547,6.9638794,41.3950160
6.9315941,5.4100273,4.2876707,8.4116384,5.6096324,6.9108328,41.4757964
6.8893825,5.3724049,4.2100972,8.3424941,5.5497399,6.8574495,41.5560266
6.8488055,5.3353490,4.1330282,8.2721081,5.4909168,6.8037286,41.6356890
6.8099044,5.2989131,4.0565014,8.2004251,5.4332029,6.7496691,41.7147669
6.7727190,5.2631537,3.9805567,8.1273866,5.3766379,6.6952702,41.7932452
6.7372863,5.2281311,3.9052363,8.0529307,5.3212613,6.6405309,41.8711102
6.7036404,5.1939087,3.8305852,7.9769922,5.2671128,6.5854505,41.9483495
6.6718122,5.1605534,3.7566521,7.8995024,5.2142322,6.5300279,42.0249526
6.6418286,5.1281354,3.6834895,7.8203891,5.1626590,6.4742622,42.1009104
6.6137117,5.0967283,3.6111544,7.7395771,5.1124331,6.4181527,42.1762160
6.5874786,5.0664087,3.5397092,7.6569881,5.0635939,6.3616984,42.2508642
6.5631403,5.0372558,3.4692221,7.5725408,5.0161812,6.3048983,42.3248521
6.5407011,5.0093514,3.3997683,7.4861519,4.9702347,6.2477517,42.3981789
6.5201577,4.9827789,3.3314303,7.3977361,4.9257940,6.1902575,42.4708463
6.5014981,4.9576230,3.2642995,7.3072069,4.8828988,6.1324149,42.5428585
6.4847014,4.9339684,3.1984761,7.2144778,4.8415888,6.0742231,42.6142225
6.4697361,4.9118990,3.1340710,7.1194631,4.8019036,6.0156810,42.6849479
6.4565596,4.8914967,3.0712061,7.0220791,4.7638828,5.9567879,42.7550477
6.4451177,4.8728393,3.0100149,6.9222463,4.7275663,5.8975428,42.8245378
6.4353435,4.8559993,2.9506437,6.8198903,4.6929936,5.8379448,42.8934377
6.4271570,4.8410414,2.8932518,6.7149447,4.6602044,5.7779930,42.9617703
6.4204652,4.8280202,2.8380115,6.6073530,4.6292383,5.7176866,43.0295623
6.4151617,4.8169778,2.7851086,6.4970713,4.6001352,5.6570246,43.0968444
6.4111275,4.8079410,2.7347415,6.3840711,4.5729345,5.5960061,43.1636511
6.4082315,4.8009183,2.6871204,6.2683422,4.5476759,5.5346302,43.2300211
6.4063323,4.7958969,2.6424662,6.1498953,4.5243993,5.4728961,43.2959977
6.4052803,4.7928402,2.6010079,6.0287655,4.5031441,5.4108029,43.3616281
6.4049198,4.7916849,2.5629805,5.9050143,4.4839501,5.3483496,43.4269644
6.4050926,4.7923388,2.5286214,5.7787319,4.4668570,5.2855353,43.4920628
6.4056417,4.7946792,2.4981670,5.6500393,4.4519044,5.2223592,43.5569843
6.4064160,4.7985520,2.4718478,5.5190888,4.4391319,5.1588204,43.6217942
6.4072743,4.8037717,2.4498843,5.3860641,4.4285793,5.0949179,43.6865621
6.4080909,4.8101222,2.4324817,5.2511796,4.4202863,5.0306509,43.7513620
6.4087598,4.8173594,2.4198249,5.1146776,4.4142924,4.9660185,43.8162717
6.4092002,4.8252137,2.4120745,4.9768257,4.4106374,4.9010197,43.8813732
6.4093596,4.8333952,2.4093621,4.8379122,4.4093608,4.8356537,43.9467516
6.4092392,4.8407842,2.4117506,4.6990619,4.4104949,4.7699230,44.0124921
6.4089854,4.8456847,2.4190561,4.5620220,4.4140207,4.7038534,44.0786557
6.4087877,4.8480026,2.4310093,4.4269572,4.4198985,4.6374799,44.1452890
6.4088307,4.8477126,2.4473460,4.2939629,4.4280883,4.5708378,44.2124325
6.4092903,4.8448201,2.4678105,4.1631042,4.4385504,4.5039622,44.2801215
6.4103312,4.8393566,2.4921586,4.0344199,4.4512449,4.4368883,44.3483860
6.4121046,4.8313765,2.5201592,3.9079262,4.4661319,4.3696514,44.4172513
6.4147476,4.8209525,2.5515957,3.7836206,4.4831716,4.3022866,44.4867378
6.4183820,4.8081725,2.5862664,3.6614856,4.5023242,4.2348291,44.5568615
6.4231146,4.7931362,2.6239849,3.5414919,4.5235498,4.1673141,44.6276344
6.4290376,4.7759524,2.6645794,3.4236011,4.5468085,4.0997768,44.6990645
6.4362286,4.7567366,2.7078925,3.3077681,4.5720605,4.0322523,44.7711562
6.4447517,4.7356084,2.7537804,3.1939436,4.5992660,3.9647760,44.8439105
6.4546583,4.7126905,2.8021120,3.0820754,4.6283851,3.8973829,44.9173254
6.4659879,4.6881064,2.8527681,2.9721103,4.6593780,3.8301083,44.9913958
6.4787692,4.6619800,2.9056404,2.8639948,4.6922048,3.7629874,45.0661141
6.4930209,4.6344339,2.9606304,2.7576767,4.7268256,3.6960553,45.1414700
6.5087526,4.6055892,3.0176487,2.6531052,4.7632007,3.6293472,45.2174510
6.5259660,4.5755648,3.0766143,2.5502320,4.8012901,3.5628984,45.2940425
6.5446550,4.5444767,3.1374531,2.4490112,4.8410541,3.4967440,45.3712278
6.5648072,4.5124382,3.2000982,2.3494001,4.8824527,3.4309191,45.4489887
6.5864041,4.4795591,3.2644882,2.2513592,4.9254461,3.3654591,45.5273050
6.6094219,4.4459461,3.3305672,2.1548521,4.9699945,3.3003991,45.6061553
6.6338321,4.4117025,3.3982840,2.0598461,5.0160581,3.2357743,45.6855166
6.6596019,4.3769282,3.4675920,1.9663115,5.0635969,3.1716198,45.7653648
6.6866944,4.3417197,3.5384479,1.8742222,5.1125712,3.1079710,45.8456746
6.7150697,4.3061704,3.6108124,1.7835553,5.1629410,3.0448628,45.9264196
6.7446843,4.2703702,3.6846489,1.6942911,5.2146666,2.9823307,46.0075726
6.7754922,4.2344063,3.7599240,1.6064130,5.2677081,2.9204096,46.0891054
6.8074446,4.1983625,3.8366065,1.5199074,5.3220256,2.8591350,46.1709894
6.8404905,4.1623199,3.9146680,1.4347637,5.3775792,2.7985418,46.2531949
6.8745766,4.1263569,3.9940820,1.3509738,5.4343293,2.7386653,46.3356919
6.9096475,4.0905490,4.0748241,1.2685326,5.4922358,2.6795408,46.4184498
6.9456460,4.0549693,4.1568719,1.1874374,5.5512590,2.6212034,46.5014377
6.9825131,4.0196883,4.2402048,1.1076881,5.6113589,2.5636882,46.5846242
7.0201879,3.9847742,4.3248039,1.0292870,5.6724959,2.5070306,46.6679778
7.0586078,3.9502928,4.4106519,0.9522385,5.7346299,2.4512656,46.7514665
7.0977088,3.9163075,4.4977335,0.8765495,5.7977212,2.3964285,46.8350585
7.1374250,3.8828797,4.5860347,0.8022292,5.8617298,2.3425545,46.9187216
7.1776889,3.8500686,4.6755433,0.7292887,5.9266161,2.2896787,47.0024239
7.2184315,3.8179312,4.7662485,0.6577415,5.9923400,2.2378363,47.0861333
7.2595821,3.7865221,4.8581416,0.5876030,6.0588618,2.1870626,47.1698180
7.3010683,3.7558943,4.9512150,0.5188911,6.1261416,2.1373927,47.2534461
7.3428160,3.7260981,5.0454632,0.4516256,6.1941396,2.0888618,47.3369864
7.3847494,3.6971818,5.1408823,0.3858285,6.2628159,2.0415052,47.4204075
7.4267910,3.6691914,5.2374702,0.3215244,6.3321306,1.9953579,47.5036788
7.4688614,3.6421705,5.3352266,0.2587399,6.4020440,1.9504552,47.5867699
7.5108792,3.6161603,5.4341531,0.1975043,6.4725162,1.9068323,47.6696510
7.5527614,3.5911993,5.5342531,0.1378496,6.5435072,1.8645244,47.7522929
7.5946857,3.5671708,5.6352808,0.0799466,6.6149832,1.8235587,47.8346763
7.6368870,3.5439279,5.7369781,0.0239355,6.6869326,1.7839317,47.9168164
7.6793881,3.5214504,5.8393100,-0.0301847,6.7593491,1.7456328,47.9987368
7.7222118,3.4997197,5.9422410,-0.0824170,6.8322264,1.7086513,48.0804603
7.7653810,3.4787188,6.0457358,-0.1327657,6.9055584,1.6729765,48.1620095
7.8089184,3.4584322,6.1497591,-0.1812368,6.9793388,1.6385977,48.2434064
7.8528467,3.4388462,6.2542760,-0.2278378,7.0535613,1.6055042,48.3246724
7.8971880,3.4199486,6.3592516,-0.2725779,7.1282198,1.5736853,48.4058287
7.9419642,3.4017285,6.4646519,-0.3154678,7.2033080,1.5431303,48.4868956
7.9871964,3.3841768,6.5704430,-0.3565197,7.2788197,1.5138286,48.5678931
8.0329051,3.3672856,6.6765920,-0.3957470,7.3547486,1.4857693,48.6488408
8.0791102,3.3510486,6.7830667,-0.4331648,7.4310885,1.4589419,48.7297573
8.1258306,3.3354605,6.8898356,-0.4687893,7.5078331,1.4333356,48.8106611
8.1730842,3.3205173,6.9968683,-0.5026379,7.5849763,1.4089397,48.8915699
8.2208881,3.3062164,7.1041353,-0.5347292,7.6625117,1.3857436,48.9725007
8.2692583,3.2925559,7.2116082,-0.5650828,7.7404332,1.3637365,49.0534703
8.3182095,3.2795350,7.3192596,-0.5937194,7.8187346,1.3429078,49.1344946
8.3677556,3.2671537,7.4270633,-0.6206603,7.8974095,1.3232467,49.2155890
8.4179091,3.2554131,7.5349943,-0.6459279,7.9764517,1.3047426,49.2967683
8.4686815,3.2443146,7.6430287,-0.6695451,8.0558551,1.2873848,49.3780467
8.5200829,3.2338604,7.7511437,-0.6915354,8.1356133,1.2711625,49.4594380
8.5721224,3.2240533,7.8593180,-0.7119231,8.2157202,1.2560651,49.5409552
8.6248079,3.2148963,7.9675311,-0.7307326,8.2961695,1.2420819,49.6226106
8.6781459,3.2063931,8.0757639,-0.7479888,8.3769549,1.2292021,49.7044164
8.7321422,3.1985473,8.1839984,-0.7637170,8.4580703,1.2174152,49.7863837
8.7868009,3.1913632,8.2922178,-0.7779425,8.5395094,1.2067103,49.8685233
8.8421255,3.1848447,8.4004063,-0.7906910,8.6212659,1.1970769,49.9508454
8.8981182,3.1789963,8.5085493,-0.8019880,8.7033337,1.1885041,50.0333597
8.9547800,3.1738221,8.6166329,-0.8118594,8.7857065,1.1809814,50.1160753
9.0121113,3.1693264,8.7246447,-0.8203306,8.8683780,1.1744979,50.1990007
9.0701111,3.1655135,8.8325730,-0.8274272,8.9513420,1.1690431,50.2821438
9.1287779,3.1623873,8.9404068,-0.8331748,9.0345924,1.1646062,50.3655123
9.1881091,3.1599517,9.0481364,-0.8375985,9.1181228,1.1611766,50.4491131
9.2481012,3.1582104,9.1557527,-0.8407235,9.2019269,1.1587434,50.5329526
9.3087502,3.1571667,9.2632473,-0.8425744,9.2859987,1.1572962,50.6170368
9.3700511,3.1568240,9.3706126,-0.8431760,9.3703318,1.1568240,50.7013713
9.4319983,3.1571849,9.4778418,-0.8425523,9.4549201,1.1573163,50.7859609
9.4945857,3.1582522,9.5849286,-0.8407275,9.5397572,1.1587624,50.8708103
9.5578064,3.1600279,9.6918674,-0.8377250,9.6248369,1.1611515,50.9559236
9.6216530,3.1625139,9.7986531,-0.8335680,9.7101531,1.1644729,51.0413044
9.6861177,3.1657118,9.9052810,-0.8282796,9.7956994,1.1687161,51.1269559
9.7511921,3.1696226,10.0117471,-0.8218823,9.8814696,1.1738702,51.2128808
9.8168675,3.1742472,10.1180476,-0.8143980,9.9674575,1.1799246,51.2990816
9.8831346,3.1795858,10.2241793,-0.8058487,10.0536569,1.1868685,51.3855603
9.9499839,3.1856385,10.3301392,-0.7962558,10.1400616,1.1946914,51.4723183
10.0174056,3.1924049,10.4359247,-0.7856401,10.2266652,1.2033824,51.5593569
10.0853896,3.1998842,10.5415335,-0.7740223,10.3134615,1.2129310,51.6466769
10.1539254,3.2080753,10.6469634,-0.7614226,10.4004444,1.2233263,51.7342788
10.2230025,3.2169765,10.7522127,-0.7478610,10.4876076,1.2345578,51.8221626
10.2926100,3.2265861,10.8572796,-0.7333569,10.5749448,1.2466146,51.9103281
10.3627369,3.2369017,10.9621628,-0.7179293,10.6624498,1.2594862,51.9987748
10.4333721,3.2479208,11.0668608,-0.7015972,10.7501165,1.2731618,52.0875016
10.5045043,3.2596403,11.1713725,-0.6843789,10.8379384,1.2876307,52.1765075
10.5761221,3.2720569,11.2756968,-0.6662924,10.9259095,1.3028822,52.2657908
10.6482141,3.2851671,11.3798326,-0.6473556,11.0140234,1.3189057,52.3553498
10.7207688,3.2989668,11.4837791,-0.6275858,11.1022740,1.3356905,52.4451824
10.7937746,3.3134517,11.5875353,-0.6070003,11.1906549,1.3532257,52.5352861
10.8672198,3.3286174,11.6911003,-0.5856157,11.2791601,1.3715008,52.6256584
10.9410928,3.3444589,11.7944734,-0.5634487,11.3677831,1.3905051,52.7162961
11.0153821,3.3609711,11.8976537,-0.5405154,11.4565179,1.4102279,52.8071963
11.0900758,3.3781485,12.0006403,-0.5168319,11.5453581,1.4306583,52.8983555
11.1651626,3.3959856,12.1034325,-0.4924138,11.6342975,1.4517859,52.9897699
11.2406307,3.4144763,12.2060292,-0.4672766,11.7233299,1.4735999,53.0814357
11.3164685,3.4336145,12.3084297,-0.4414356,11.8124491,1.4960895,53.1733488
11.3926647,3.4533938,12.4106329,-0.4149056,11.9016488,1.5192441,53.2655047
11.4692077,3.4738076,12.5126379,-0.3877016,11.9909228,1.5430530,53.3578990
11.5460860,3.4948490,12.6144436,-0.3598381,12.0802648,1.5675055,53.4505269
11.6232884,3.5165110,12.7160489,-0.3313293,12.1696687,1.5925908,53.5433834
11.7008036,3.5387863,12.8174525,-0.3021895,12.2591281,1.6182984,53.6364632
11.7786204,3.5616677,12.9186532,-0.2724326,12.3486368,1.6446175,53.7297612
11.8567276,3.5851474,13.0196497,-0.2420725,12.4381887,1.6715374,53.8232717
11.9351142,3.6092177,13.1204406,-0.2111228,12.5277774,1.6990474,53.9169891
12.0137692,3.6338707,13.2210243,-0.1795969,12.6173968,1.7271369,54.0109074
12.0926818,3.6590983,13.3213993,-0.1475082,12.7070405,1.7557951,54.1050206
12.1718411,3.6848924,13.4215638,-0.1148698,12.7967024,1.7850113,54.1993225
12.2512364,3.7112445,13.5215162,-0.0816949,12.8863763,1.8147748,54.2938067
12.3308572,3.7381462,13.6212545,-0.0479962,12.9760558,1.8450750,54.3884667
12.4106928,3.7655889,13.7207768,-0.0137867,13.0657348,1.8759011,54.4832959
12.4907208,3.7935597,13.8200932,0.0209254,13.1554070,1.9072426,54.5782874
12.5705892,3.8219349,13.9195190,0.0562493,13.2450541,1.9390921,54.6734241
12.6500985,3.8506555,14.0191675,0.0922449,13.3346330,1.9714502,54.7686682
12.7291925,3.8797131,14.1190027,0.1289229,13.4240976,2.0043180,54.8639793
12.8078144,3.9090992,14.2189889,0.1662946,13.5134016,2.0376969,54.9593174
12.8859068,3.9388041,14.3190910,0.2043720,13.6024989,2.0715880,55.0546428
12.9634118,3.9688175,14.4192744,0.2431681,13.6913431,2.1059928,55.1499160
13.0402710,3.9991284,14.5195051,0.2826964,13.7798881,2.1409124,55.2450978
13.1164254,4.0297245,14.6197497,0.3229718,13.8680876,2.1763482,55.3401497
13.1918155,4.0605929,14.7199753,0.3640097,13.9558954,2.2123013,55.4350330
13.2663810,4.0917193,14.8201498,0.4058269,14.0432654,2.2487731,55.5297098
13.3400612,4.1230883,14.9202413,0.4484413,14.1301512,2.2857648,55.6241425
13.4127945,4.1546834,15.0202190,0.4918722,14.2165068,2.3232778,55.7182940
13.4845189,4.1864865,15.1200526,0.5361400,14.3022857,2.3613132,55.8121275
13.5551717,4.2184780,15.2197122,0.5812669,14.3874419,2.3998724,55.9056069
13.6246894,4.2506368,15.3191689,0.6272765,14.4719291,2.4389567,55.9986964
13.6930081,4.2829398,15.4183942,0.6741945,14.5557012,2.4785672,56.0913611
13.7600630,4.3153623,15.5173604,0.7220483,14.6387117,2.5187053,56.1835665
13.8257889,4.3478772,15.6160404,0.7708673,14.7209147,2.5593722,56.2752786
13.8901199,4.3804551,15.7144077,0.8206835,14.8022638,2.6005693,56.3664645
13.9529894,4.4130644,15.8124361,0.8715311,14.8827128,2.6422977,56.4570918
14.0143305,4.4456705,15.9101004,0.9234472,14.9622155,2.6845588,56.5471289
14.0740759,4.4782360,16.0073754,0.9764717,15.0407256,2.7273539,56.6365452
14.1321578,4.5107205,16.1042364,1.0306478,15.1181971,2.7706841,56.7253108
14.1885082,4.5430798,16.2006590,1.0860219,15.1945836,2.8145509,56.8133970
14.2430591,4.5752663,16.2966187,1.1426444,15.2698389,2.8589553,56.9007762
14.2957426,4.6072281,16.3920910,1.2005695,15.3439168,2.9038988,56.9874217
14.3464911,4.6389094,16.4870510,1.2598558,15.4167711,2.9493826,57.0733084
14.3952377,4.6702492,16.5814734,1.3205666,15.4883555,2.9954079,57.1584123
14.4419163,4.7011820,16.6753315,1.3827702,15.5586239,3.0419761,57.2427108
14.4864624,4.7316366,16.7685977,1.4465402,15.6275301,3.0890884,57.3261831
14.5288132,4.7615364,16.8612422,1.5119557,15.6950277,3.1367460,57.4088099
14.5689082,4.7907986,16.9532331,1.5791021,15.7610706,3.1849504,57.4905737
14.6066901,4.8193343,17.0445352,1.6480709,15.8256126,3.2337026,57.5714591
14.6421056,4.8470478,17.1351094,1.7189602,15.8886075,3.2830040,57.6514528
14.6751060,4.8738369,17.2249120,1.7918750,15.9500090,3.3328559,57.7305436
14.7056485,4.8995922,17.3138933,1.8669269,16.0097709,3.3832596,57.8087229
14.7336975,4.9241978,17.4019965,1.9442346,16.0678470,3.4342162,57.8859849
14.7592257,4.9475307,17.4891564,2.0239236,16.1241910,3.4857271,57.9623264
14.7822159,4.9694616,17.5752979,2.1061256,16.1787569,3.5377936,58.0377476
14.8026625,4.9898556,17.6603339,2.1909783,16.2314982,3.5904169,58.1122517
14.8205737,5.0085726,17.7441641,2.2786240,16.2823689,3.6435983,58.1858458
14.8359731,5.0254692,17.8266723,2.3692089,16.3313227,3.6973391,58.2585406
14.8489021,5.0404000,17.9077246,2.4628810,16.3783134,3.7516405,58.3303512
14.8594218,5.0532201,17.9871676,2.5597875,16.4232947,3.8065038,58.4012970
14.8676152,5.0637878,18.0648257,2.6600729,16.4662204,3.8619303,58.4714021
14.8735894,5.0719684,18.1404995,2.7638743,16.5070444,3.9179213,58.5406956
14.8774765,5.0776380,18.2139644,2.8713180,16.5457204,3.9744780,58.6092119
14.8794352,5.0806892,18.2849692,2.9825142,16.5822022,4.0316017,58.6769913
14.8796512,5.0810357,18.3532359,3.0975516,16.6164436,4.0892937,58.7440795
14.8783363,5.0786195,18.4184602,3.2164909,16.6483983,4.1475552,58.8105288
14.8757270,5.0734167,18.4803131,3.3393583,16.6780201,4.2063875,58.8763976
14.8720810,5.0654447,18.5384446,3.4661392,16.7052628,4.2657920,58.9417509
14.8676728,5.0547680,18.5924877,3.5967715,16.7300802,4.3257697,59.0066603
14.8627870,5.0415047,18.6420652,3.7311396,16.7524261,4.3863221,59.0712044
14.8577108,5.0258303,18.6867977,3.8690706,16.7722543,4.4474505,59.1354681
14.8527237,5.0079806,18.7263132,4.0103313,16.7895184,4.5091560,59.1995432
14.8480877,4.9882521,18.7602572,4.1546277,16.8041724,4.5714399,59.2635278
14.8440358,4.9669996,18.7883042,4.3016075,16.8161700,4.6343036,59.3275261
14.8407740,4.9447312,18.8101565,4.4507649,16.8254652,4.6977481,59.3916479
14.8386261,4.9239151,18.8254567,4.5995988,16.8320414,4.7617569,59.4559937
14.8375115,4.9056141,18.8343633,4.7469467,16.8359374,4.8262804,59.5206347
14.8371988,4.8899902,18.8371980,4.8925397,16.8371984,4.8912650,59.5856315
14.8374503,4.8771513,18.8342884,5.0361629,16.8358693,4.9566571,59.6510371
14.8380300,4.8671555,18.8259609,5.1776511,16.8319954,5.0224033,59.7168973
14.8387100,4.8600167,18.8125335,5.3168833,16.8256217,5.0884500,59.7832509
14.8392750,4.8557102,18.7943117,5.4537774,16.8167934,5.1547438,59.8501299
14.8395258,4.8541781,18.7715849,5.5882840,16.8055554,5.2212311,59.9175603
14.8392819,4.8553356,18.7446239,5.7203811,16.7919529,5.2878583,59.9855619
14.8383821,4.8590757,18.7136799,5.8500685,16.7760310,5.3545721,60.0541493
14.8366855,4.8652743,18.6789840,5.9773634,16.7578348,5.4213188,60.1233319
14.8340713,4.8737940,18.6407474,6.1022961,16.7374094,5.4880450,60.1931143
14.8304379,4.8844880,18.5991617,6.2249064,16.7147998,5.5546972,60.2634968
14.8257023,4.8972031,18.5544001,6.3452404,16.6900512,5.6212218,60.3344758
14.8197986,4.9117823,18.5066188,6.4633483,16.6632087,5.6875653,60.4060438
14.8126773,4.9280667,18.4559573,6.5792816,16.6343173,5.7536742,60.4781902
14.8043036,4.9458976,18.4025407,6.6930924,16.6034222,5.8194950,60.5509011
14.7946564,4.9651173,18.3464803,6.8048310,16.5705684,5.8849742,60.6241602
14.7837269,4.9855706,18.2878751,6.9145458,16.5358010,5.9500582,60.6979485
14.7715176,5.0071055,18.2268128,7.0222816,16.4991652,6.0146936,60.7722446
14.7580411,5.0295736,18.1633709,7.1280800,16.4607060,6.0788268,60.8470255
14.7433194,5.0528307,18.0976177,7.2319780,16.4204685,6.1424044,60.9222662
14.7273826,5.0767370,18.0296131,7.3340084,16.3784979,6.2053727,60.9979401
14.7102688,5.1011574,17.9594095,7.4341994,16.3348391,6.2676784,61.0740196
14.6920224,5.1259615,17.8870523,7.5325741,16.2895373,6.3292678,61.1504755
14.6726946,5.1510239,17.8125808,7.6291512,16.2426377,6.3900875,61.2272780
14.6523421,5.1762238,17.7360283,7.7239442,16.1941852,6.4500840,61.3043962
14.6310269,5.2014455,17.6574231,7.8169619,16.1442250,6.5092037,61.3817988
14.6088161,5.2265780,17.5767883,7.9082083,16.0928022,6.5673931,61.4594539
14.5857811,5.2515153,17.4941426,7.9976823,16.0399618,6.6245988,61.5373293
14.5619977,5.2761561,17.4095004,8.0853782,15.9857491,6.6807671,61.6153928
14.5375458,5.3004042,17.3228721,8.1712852,15.9302089,6.7358447,61.6936120
14.5125090,5.3241680,17.2342641,8.2553877,15.8733866,6.7897779,61.7719547
14.4869745,5.3473612,17.1436796,8.3376652,15.8153270,6.8425132,61.8503889
14.4610330,5.3699024,17.0511179,8.4180921,15.7560755,6.8939972,61.9288832
14.4347785,5.3917154,16.9565754,8.4966374,15.6956769,6.9441764,62.0074066
14.4083079,5.4127294,16.8600450,8.5732649,15.6341765,6.9929971,62.0859290
14.3817214,5.4328790,16.7615172,8.6479330,15.5716193,7.0404060,62.1644211
14.3551216,5.4521050,16.6609792,8.7205940,15.5080504,7.0863495,62.2428545
14.3286137,5.4703538,16.5584162,8.7911942,15.4435149,7.1307740,62.3212023
14.3023053,5.4875786,16.4538106,8.8596736,15.3780580,7.1736261,62.3994385
14.2763058,5.5037392,16.3471434,8.9259653,15.3117246,7.2148522,62.4775392
14.2507262,5.5188026,16.2383937,8.9899952,15.2445599,7.2543989,62.5554817
14.2256786,5.5327436,16.1275394,9.0516817,15.1766090,7.2922126,62.6332454
14.2012510,5.5455575,16.0145830,9.1109224,15.1079170,7.3282399,62.7108119
14.1765843,5.5577162,15.9004565,9.1671850,15.0385204,7.3624506,62.7881828
14.1511392,5.5694845,15.7857338,9.2202516,14.9684365,7.3948680,62.8654010
14.1248235,5.5808840,15.6705357,9.2701623,14.8976796,7.4255231,62.9425131
14.0975505,5.5919281,15.5549778,9.3169657,14.8262641,7.4544469,63.0195634
14.0692388,5.6026221,15.4391703,9.3607183,14.7542045,7.4816702,63.0965939
14.0398135,5.6129645,15.3232168,9.4014835,14.6815152,7.5072240,63.1736441
14.0092067,5.6229478,15.2072142,9.4393307,14.6082105,7.5311393,63.2507513
13.9773574,5.6325592,15.0912522,9.4743346,14.5343048,7.5534469,63.3279503
13.9442122,5.6417813,14.9754131,9.5065743,14.4598126,7.5741778,63.4052733
13.9097248,5.6505937,14.8597719,9.5361323,14.3847484,7.5933630,63.4827505
13.8738566,5.6589729,14.7443961,9.5630939,14.3091263,7.6110334,63.5604096
13.8365758,5.6668937,14.6293463,9.5875461,14.2329610,7.6272199,63.6382759
13.7978577,5.6743298,14.5146758,9.6095771,14.1562668,7.6419534,63.7163725
13.7576843,5.6812541,14.4004317,9.6292759,14.0790580,7.6552650,63.7947204
13.7160437,5.6876399,14.2866546,9.6467311,14.0013492,7.6671855,63.8733382
13.6729297,5.6934607,14.1733796,9.6620310,13.9231546,7.6777459,63.9522427
13.6283415,5.6986912,14.0606361,9.6752628,13.8444888,7.6869770,64.0314482
13.5822834,5.7033074,13.9484488,9.6865125,13.7653661,7.6949099,64.1109676
13.5347637,5.7072867,13.8368381,9.6958643,13.6858009,7.7015755,64.1908115
13.4857952,5.7106087,13.7258201,9.7034008,13.6058077,7.7070048,64.2709888
13.4353938,5.7132549,13.6154077,9.7092022,13.5254007,7.7112285,64.3515066
13.3835787,5.7152087,13.5056104,9.7133468,13.4445946,7.7142778,64.4323703
13.3303718,5.7164563,13.3964352,9.7159107,13.3634035,7.7161835,64.5135837
13.2757973,5.7169857,13.2878868,9.7169674,13.2818420,7.7169765,64.5951490
13.2198813,5.7167875,13.1799678,9.7165883,13.1999245,7.7166879,64.6770671
13.1626515,5.7158545,13.0726792,9.7148425,13.1176653,7.7153485,64.7593372
13.1041370,5.7141819,12.9660208,9.7117967,13.0350789,7.7129893,64.8419572
13.0443681,5.7117670,12.8599913,9.7075154,12.9521797,7.7096412,64.9249241
12.9833757,5.7086093,12.7545885,9.7020610,12.8689821,7.7053351,65.0082331
12.9211912,5.7047104,12.6498096,9.6954937,12.7855004,7.7001021,65.0918786
12.8578467,5.7000738,12.5456515,9.6878720,12.7017491,7.6939729,65.1758538
12.7933743,5.6947052,12.4421110,9.6792521,12.6177426,7.6869786,65.2601510
12.7278061,5.6886117,12.3391846,9.6696886,12.5334954,7.6791502,65.3447612
12.6611743,5.6818024,12.2368690,9.6592344,12.4490217,7.6705184,65.4296747
12.5935108,5.6742880,12.1351613,9.6479407,12.3643360,7.6611143,65.5148810
12.5248470,5.6660806,12.0340585,9.6358572,12.2794528,7.6509689,65.6003684
12.4552143,5.6571937,11.9335584,9.6230322,12.1943863,7.6401130,65.6861247
12.3846433,5.6476424,11.8336590,9.6095127,12.1091511,7.6285775,65.7721369
12.3131641,5.6374427,11.7343590,9.5953443,12.0237616,7.6163935,65.8583914
12.2408063,5.6266122,11.6356578,9.5805716,11.9382320,7.6035919,65.9448736
12.1675988,5.6151690,11.5375551,9.5652380,11.8525770,7.5902035,66.0315688
12.0935698,5.6031328,11.4400517,9.5493860,11.7668107,7.5762594,66.1184611
12.0187467,5.5905239,11.3431488,9.5330570,11.6809477,7.5617904,66.2055347
11.9431562,5.5773634,11.2468486,9.5162917,11.5950024,7.5468276,66.2927728
11.8668243,5.5636736,11.1511540,9.4991299,11.5089892,7.5314018,66.3801583
11.7897761,5.5494772,11.0560687,9.4816106,11.4229224,7.5155439,66.4676738
11.7120358,5.5347977,10.9615971,9.4637723,11.3368165,7.4992850,66.5553013
11.6336270,5.5196592,10.8677447,9.4456526,11.2506858,7.4826559,66.6430225
11.5545722,5.5040866,10.7745176,9.4272887,11.1645449,7.4656877,66.7308188
11.4748932,5.4881051,10.6819229,9.4087171,11.0784081,7.4484111,66.8186712
11.3946108,5.4717407,10.5899686,9.3899738,10.9922897,7.4308572,66.9065603
11.3137450,5.4550195,10.4986635,9.3710944,10.9062043,7.4130569,66.9944668
11.2323149,5.4379685,10.4080174,9.3521139,10.8201661,7.3950412,67.0823709
11.1503387,5.4206150,10.3180407,9.3330669,10.7341897,7.3768409,67.1702526
11.0678337,5.4029865,10.2287452,9.3139877,10.6482894,7.3584871,67.2580918
10.9848161,5.3851111,10.1401432,9.2949100,10.5624796,7.3400105,67.3458682
10.9013015,5.3670173,10.0522481,9.2758673,10.4767748,7.3214423,67.4335615
10.8173042,5.3487340,9.9650744,9.2568927,10.3911893,7.3028133,67.5211509
10.7328378,5.3302903,9.8786373,9.2380187,10.3057375,7.2841545,67.6086161
10.6479148,5.3117157,9.7929531,9.2192777,10.2204339,7.2654967,67.6959363
10.5625466,5.2930403,9.7080391,9.2007017,10.1352929,7.2468710,67.7830909
10.4767438,5.2742944,9.6239137,9.1823221,10.0503288,7.2283082,67.8700591
10.3905159,5.2555086,9.5405961,9.1641703,9.9655560,7.2098394,67.9568204
10.3038713,5.2367139,9.4581068,9.1462769,9.8809891,7.1914954,68.0433540
10.2168173,5.2179420,9.3764673,9.1286724,9.7966423,7.1733072,68.1296395
10.1293601,5.1992247,9.2957001,9.1113867,9.7125301,7.1553057,68.2156565
10.0415048,5.1805945,9.2158289,9.0944492,9.6286669,7.1375218,68.3013846
9.9532555,5.1620841,9.1368786,9.0778891,9.5450670,7.1199866,68.3868037
9.8646240,5.1437289,9.0588660,9.0617328,9.4617450,7.1027308,68.4718938
9.7761183,5.1256564,8.9813011,9.0458944,9.3787097,7.0857754,68.5566425
9.6880261,5.1079212,8.9038864,9.0303089,9.2959563,7.0691150,68.6410563
9.6003439,5.0905137,8.8266112,9.0149675,9.2134776,7.0527406,68.7251447
9.5130683,5.0734241,8.7494648,8.9998614,9.1312666,7.0366427,68.8089170
9.4261955,5.0566427,8.6724367,8.9849818,9.0493161,7.0208123,68.8923824
9.3397219,5.0401599,8.5955163,8.9703199,8.9676191,7.0052399,68.9755503
9.2536439,5.0239658,8.5186932,8.9558670,8.8861685,6.9899164,69.0584298
9.1679576,5.0080507,8.4419568,8.9416143,8.8049572,6.9748325,69.1410300
9.0826592,4.9924048,8.3652970,8.9275531,8.7239781,6.9599790,69.2233601
8.9977447,4.9770185,8.2887035,8.9136745,8.6432241,6.9453465,69.3054291
8.9132101,4.9618819,8.2121661,8.8999699,8.5626881,6.9309259,69.3872460
8.8290513,4.9469853,8.1356746,8.8864306,8.4823630,6.9167079,69.4688197
8.7452640,4.9323190,8.0592193,8.8730476,8.4022417,6.9026833,69.5501592
8.6618442,4.9178731,7.9827900,8.8598124,8.3223171,6.8888427,69.6312734
8.5787872,4.9036380,7.9063770,8.8467161,8.2425821,6.8751770,69.7121709
8.4960887,4.8896040,7.8299707,8.8337499,8.1630297,6.8616769,69.7928607
8.4137441,4.8757613,7.7535613,8.8209050,8.0836527,6.8483331,69.8733515
8.3317486,4.8621002,7.6771394,8.8081726,8.0044440,6.8351364,69.9536519
8.2500976,4.8486112,7.6006956,8.7955438,7.9253966,6.8220775,70.0337708
8.1687861,4.8352845,7.5242207,8.7830099,7.8465034,6.8091472,70.1137166
8.0878090,4.8221106,7.4477053,8.7705618,7.7677572,6.7963362,70.1934981
8.0071613,4.8090798,7.3711406,8.7581908,7.6891509,6.7836353,70.2731238
7.9268377,4.7961826,7.2945175,8.7458878,7.6106776,6.7710352,70.3526023
7.8468328,4.7834094,7.2178272,8.7336439,7.5323300,6.7585266,70.4319422
7.7671411,4.7707508,7.1410610,8.7214500,7.4541010,6.7461004,70.5111518
7.6877570,4.7581973,7.0642104,8.7092971,7.3759837,6.7337472,70.5902399
7.6086747,4.7457395,6.9872670,8.6971762,7.2979709,6.7214579,70.6692148
7.5298885,4.7333679,6.9102224,8.6850782,7.2200554,6.7092231,70.7480850
7.4513922,4.7210733,6.8330684,8.6729938,7.1422303,6.6970335,70.8268589
7.3731797,4.7088462,6.7557970,8.6609139,7.0644883,6.6848801,70.9055451
7.2952447,4.6966775,6.6784003,8.6488292,6.9868225,6.6727534,70.9841520
7.2175808,4.6845579,6.6008706,8.6367306,6.9092257,6.6606443,71.0626879
7.1401815,4.6724783,6.5232001,8.6246086,6.8316908,6.6485434,71.1411614
7.0630401,4.6604293,6.4453814,8.6124538,6.7542108,6.6364416,71.2195809
6.9861497,4.6484021,6.3674072,8.6002570,6.6767784,6.6243296,71.2979548
6.9095034,4.6363874,6.2892701,8.5880087,6.5993868,6.6121981,71.3762915
6.8330940,4.6243763,6.2109633,8.5756993,6.5220286,6.6000378,71.4545996
6.7569143,4.6123599,6.1324796,8.5633194,6.4446969,6.5878396,71.5328874
6.6809569,4.6003290,6.0538123,8.5508594,6.3673846,6.5755942,71.6111635
6.6052142,4.5882750,5.9749549,8.5383096,6.2900845,6.5632923,71.6894364
6.5296786,4.5761889,5.8959007,8.5256604,6.2127896,6.5509246,71.7677144
6.4543422,4.5640618,5.8166434,8.5129022,6.1354928,6.5384820,71.8460063
6.3791970,4.5518851,5.7371769,8.5000252,6.0581870,6.5259551,71.9243205
6.3042350,4.5396499,5.6574949,8.4870196,5.9808650,6.5133348,72.0026657
6.2294479,4.5273476,5.5775917,8.4738757,5.9035198,6.5006117,72.0810503
6.1548273,4.5149695,5.4974614,8.4605836,5.8261443,6.4877765,72.1594831
6.0803646,4.5025070,5.4170983,8.4471334,5.7487315,6.4748202,72.2379728
6.0060512,4.4899513,5.3364970,8.4335153,5.6712741,6.4617333,72.3165279
5.9318782,4.4772940,5.2556520,8.4197194,5.5937651,6.4485067,72.3951573
5.8578368,4.4645264,5.1745582,8.4057357,5.5161975,6.4351311,72.4738697
5.7839177,4.4516401,5.0932104,8.3915542,5.4385641,6.4215972,72.5526740
5.7101118,4.4386264,5.0116037,8.3771650,5.3608578,6.4078957,72.6315790
5.6364098,4.4254770,4.9297332,8.3625582,5.2830715,6.3940176,72.7105936
5.5628021,4.4121832,4.8475943,8.3477235,5.2051982,6.3799534,72.7897268
5.4892791,4.3987366,4.7651823,8.3326512,5.1272307,6.3656939,72.8689875
5.4158311,4.3851287,4.6824928,8.3173310,5.0491620,6.3512299,72.9483848
5.3424483,4.3713511,4.5995215,8.3017531,4.9709849,6.3365521,73.0279278
5.2691206,4.3573952,4.5162642,8.2859073,4.8926924,6.3216513,73.1076257
5.1958380,4.3432527,4.4327167,8.2697837,4.8142774,6.3065182,73.1874876
5.1225903,4.3289149,4.3488751,8.2533722,4.7357327,6.2911435,73.2675229
5.0493671,4.3143734,4.2647355,8.2366627,4.6570513,6.2755181,73.3477408
4.9761581,4.2996198,4.1802941,8.2196454,4.5782261,6.2596326,73.4281508
4.9029526,4.2846455,4.0955473,8.2023102,4.4992500,6.2434778,73.5087622
4.8297402,4.2694419,4.0104915,8.1846471,4.4201158,6.2270445,73.5895846
4.7565101,4.2540006,3.9251231,8.1666462,4.3408166,6.2103234,73.6706276
4.6832515,4.2383129,3.8394389,8.1482976,4.2613452,6.1933052,73.7519008
4.6099534,4.2223702,3.7534355,8.1295913,4.1816945,6.1759807,73.8334138
4.5366051,4.2061638,3.6671097,8.1105175,4.1018574,6.1583407,73.9151764
4.4631953,4.1896852,3.5804584,8.0910664,4.0218268,6.1403758,73.9971986
4.3895677,4.1728936,3.4936252,8.0712634,3.9415965,6.1220785,74.0794889
4.3152659,4.1556923,3.4070714,8.0512260,3.8611687,6.1034591,74.1620438
4.2402725,4.1380924,3.3208302,8.0309867,3.7805514,6.0845396,74.2448514
4.1646033,4.1201133,3.2349018,8.0105703,3.6997525,6.0653418,74.3278997
4.0882734,4.1017747,3.1492867,7.9900010,3.6187801,6.0458878,74.4111763
4.0112978,4.0830964,3.0639861,7.9693029,3.5376420,6.0261996,74.4946689
3.9336904,4.0640988,2.9790020,7.9484996,3.4563462,6.0062992,74.5783649
3.8554650,4.0448024,2.8943364,7.9276148,3.3749007,5.9862086,74.6622518
3.7766346,4.0252280,2.8099924,7.9066714,3.2933135,5.9659497,74.7463166
3.6972117,4.0053967,2.7259734,7.8856926,3.2115925,5.9455447,74.8305466
3.6172083,3.9853298,2.6422831,7.8647010,3.1297457,5.9250154,74.9149287
3.5366360,3.9650487,2.5589262,7.8437190,3.0477811,5.9043839,74.9994501
3.4555056,3.9445752,2.4759075,7.8227690,2.9657065,5.8836721,75.0840976
3.3738277,3.9239312,2.3932325,7.8018731,2.8835301,5.8629022,75.1688582
3.2916122,3.9031389,2.3109072,7.7810530,2.8012597,5.8420960,75.2537188
3.2088686,3.8822206,2.2289381,7.7603305,2.7189033,5.8212755,75.3386662
3.1256058,3.8611988,2.1473320,7.7397269,2.6364689,5.8004629,75.4236874
3.0418324,3.8400963,2.0660966,7.7192637,2.5539645,5.7796800,75.5087692
2.9575563,3.8189359,1.9852396,7.6989617,2.4713979,5.7589488,75.5938986
2.8727850,3.7977409,1.9047695,7.6788420,2.3887772,5.7382915,75.6790625
2.7875257,3.7765345,1.8246951,7.6589252,2.3061104,5.7177299,75.7642481
2.7017848,3.7553403,1.7450259,7.6392317,2.2234054,5.6972860,75.8494425
2.6155686,3.7341821,1.6657716,7.6197818,2.1406701,5.6769819,75.9346327
2.5288826,3.7130837,1.5869424,7.6005955,2.0579125,5.6568396,76.0198062
2.4417322,3.6920694,1.5085492,7.5816927,1.9751407,5.6368810,76.1049504
2.3541219,3.6711636,1.4306031,7.5630928,1.8923625,5.6171282,76.1900527
2.2660561,3.6503910,1.3531158,7.5448152,1.8095860,5.5976031,76.2751008
2.1775388,3.6297766,1.2760992,7.5268790,1.7268190,5.5783278,76.3600826
2.0885731,3.6093456,1.1995660,7.5093028,1.6440696,5.5593242,76.4449861
1.9991623,3.5891235,1.1235291,7.4921053,1.5613457,5.5406144,76.5297994
1.9093087,3.5691361,1.0480019,7.4753044,1.4786553,5.5222203,76.6145110
1.8190144,3.5494097,0.9729982,7.4589182,1.3960063,5.5041639,76.6991093
1.7282813,3.5299707,0.8985323,7.4429640,1.3134068,5.4864673,76.7835833
1.6371105,3.5108460,0.8246187,7.4274589,1.2308646,5.4691525,76.8679220
1.5455030,3.4920629,0.7512727,7.4124198,1.1483878,5.4522413,76.9521147
1.4534591,3.4736491,0.6785095,7.3978628,1.0659843,5.4357559,77.0361510
1.3609791,3.4556328,0.6063450,7.3838038,0.9836621,5.4197183,77.1200209
1.2680626,3.4380425,0.5347955,7.3702581,0.9014291,5.4041503,77.2037146
1.1747090,3.4209076,0.4638775,7.3572407,0.8192933,5.3890741,77.2872225
1.0809174,3.4042575,0.3936078,7.3447658,0.7372626,5.3745117,77.3705357
0.9866866,3.3881227,0.3240037,7.3328472,0.6553451,5.3604849,77.4536455
0.8920148,3.3725339,0.2550826,7.3214979,0.5735487,5.3470159,77.5365434
0.7969005,3.3575226,0.1868624,7.3107306,0.4918814,5.3341266,77.6192216
0.7013414,3.3431211,0.1193608,7.3005570,0.4103511,5.3218390,77.7016727
0.6053353,3.3293622,0.0525962,7.2909881,0.3289658,5.3101752,77.7838895
0.5088799,3.3162797,-0.0134131,7.2820344,0.2477334,5.2991570,77.8658657
0.4119727,3.3039080,-0.0786488,7.2737053,0.1666620,5.2888066,77.9475952
0.3146111,3.2922823,-0.1430922,7.2660095,0.0857594,5.2791459,78.0290725
0.2167924,3.2814390,-0.2067250,7.2589549,0.0050337,5.2701969,78.1102928
0.1185143,3.2714150,-0.2695286,7.2525483,-0.0755072,5.2619816,78.1912515
0.0197743,3.2622484,-0.3314848,7.2467957,-0.1558553,5.2545221,78.2719452
-0.0794298,3.2539784,-0.3925755,7.2417020,-0.2360026,5.2478402,78.3523706
-0.1790998,3.2466449,-0.4527828,7.2372712,-0.3159413,5.2419580,78.4325254
-0.2792373,3.2402892,-0.5120893,7.2335060,-0.3956633,5.2368976,78.5124078
-0.3798432,3.2349535,-0.5704780,7.2304082,-0.4751606,5.2326808,78.5920169
-0.4809180,3.2306811,-0.6279327,7.2279785,-0.5544254,5.2293298,78.6713524
-0.5824615,3.2275165,-0.6844376,7.2262164,-0.6334495,5.2268665,78.7504150
-0.6844723,3.2255054,-0.7399780,7.2251202,-0.7122252,5.2253128,78.8292060
-0.7869485,3.2246945,-0.7945401,7.2246872,-0.7907443,5.2246909,78.9077276
-0.8898868,3.2251317,-0.8481111,7.2249135,-0.8689990,5.2250226,78.9859829
-0.9932827,3.2268661,-0.9006798,7.2257940,-0.9469812,5.2263300,79.0639761
-1.0971301,3.2299477,-0.9522361,7.2273226,-1.0246831,5.2286352,79.1417122
-1.2014215,3.2344278,-1.0027717,7.2294921,-1.1020966,5.2319600,79.2191970
-1.3061474,3.2403586,-1.0522801,7.2322944,-1.1792138,5.2363265,79.2964377
-1.4112966,3.2477930,-1.1007567,7.2357204,-1.2560266,5.2417567,79.3734423
-1.5168554,3.2567849,-1.1481992,7.2397602,-1.3325273,5.2482725,79.4502200
-1.6228079,3.2673888,-1.1946075,7.2444033,-1.4087077,5.2558961,79.5267809
-1.7291357,3.2796600,-1.2399842,7.2496387,-1.4845599,5.2646493,79.6031365
-1.8358177,3.2936538,-1.2843343,7.2554547,-1.5600760,5.2745542,79.6792994
-1.9428298,3.3094260,-1.3276662,7.2618397,-1.6352480,5.2856328,79.7552834
-2.0501450,3.3270323,-1.3699909,7.2687819,-1.7100679,5.2979071,79.8311034
-2.1577328,3.3465281,-1.4113228,7.2762700,-1.7845278,5.3113990,79.9067758
-2.2655598,3.3679683,-1.4516795,7.2842930,-1.8586197,5.3261307,79.9823180
-2.3735888,3.3914073,-1.4910823,7.2928406,-1.9323356,5.3421240,80.0577488
-2.4817793,3.4168980,-1.5295558,7.3019038,-2.0056675,5.3594009,80.1330885
-2.5900871,3.4444922,-1.5671280,7.3114749,-2.0786076,5.3779835,80.2083585
-2.6984646,3.4742399,-1.6038309,7.3215477,-2.1511478,5.3978938,80.2835815
-2.8068607,3.5061891,-1.6396996,7.3321184,-2.2232802,5.4191538,80.3587817
-2.9152205,3.5403853,-1.6747729,7.3431855,-2.2949967,5.4417854,80.4339844
-3.0234862,3.5768711,-1.7090928,7.3547502,-2.3662895,5.4658107,80.5092166
-3.1315967,3.6156865,-1.7427045,7.3668167,-2.4371506,5.4912516,80.5845063
-3.2394880,3.6568674,-1.7756561,7.3793930,-2.5075720,5.5181302,80.6598829
-3.3463223,3.7001145,-1.8087760,7.3928034,-2.5775491,5.5464589,80.7353767
-3.4511592,3.7449563,-1.8430261,7.4074565,-2.6470926,5.5762064,80.8110153
-3.5540167,3.7912635,-1.8784185,7.4233938,-2.7162176,5.6073287,80.8868234
-3.6549221,3.8389125,-1.9149564,7.4406509,-2.7849392,5.6397817,80.9628225
-3.7539082,3.8877849,-1.9526370,7.4592583,-2.8532726,5.6735216,81.0390316
-3.8510133,3.9377675,-1.9914525,7.4792409,-2.9212329,5.7085042,81.1154671
-3.9462796,3.9887527,-2.0313908,7.5006185,-2.9888352,5.7446856,81.1921428
-4.0397527,4.0406382,-2.0724367,7.5234055,-3.0560947,5.7820218,81.2690702
-4.1314808,4.0933268,-2.1145720,7.5476109,-3.1230264,5.8204689,81.3462585
-4.2215140,4.1467264,-2.1577770,7.5732391,-3.1896455,5.8599827,81.4237146
-4.3099038,4.2007495,-2.2020305,7.6002893,-3.2559672,5.9005194,81.5014436
-4.3967022,4.2553135,-2.2473107,7.6287563,-3.3220065,5.9420349,81.5794482
-4.4819616,4.3103397,-2.2935955,7.6586308,-3.3877786,5.9844852,81.6577297
-4.5657341,4.3657533,-2.3408629,7.6898995,-3.4532985,6.0278264,81.7362875
-4.6480714,4.4214834,-2.3890917,7.7225455,-3.5185816,6.0720144,81.8151193
-4.7290242,4.4774623,-2.4382613,7.7565483,-3.5836427,6.1170053,81.8942214
-4.8086421,4.5336253,-2.4883523,7.7918848,-3.6484972,6.1627551,81.9735885
-4.8869733,4.5899104,-2.5393468,7.8285289,-3.7131600,6.2092197,82.0532142
-4.9640647,4.6462583,-2.5912282,7.8664520,-3.7776465,6.2563551,82.1330906
-5.0399612,4.7026117,-2.6439818,7.9056232,-3.8419715,6.3041175,82.2132090
-5.1147062,4.7589154,-2.6975946,7.9460100,-3.9061504,6.3524627,82.2935594
-5.1883410,4.8151161,-2.7520553,7.9875776,-3.9701981,6.4013468,82.3741310
-5.2609051,4.8711618,-2.8073548,8.0302899,-4.0341300,6.4507259,82.4549119
-5.3324360,4.9270020,-2.8634859,8.0741095,-4.0979609,6.5005558,82.5358898
-5.4029689,4.9825876,-2.9204435,8.1189976,-4.1617062,6.5507926,82.6170514
-5.4725374,5.0378704,-2.9782245,8.1649143,-4.2253809,6.6013923,82.6983828
-5.5411725,5.0928032,-3.0368279,8.2118188,-4.2890002,6.6523110,82.7798697
-5.6089035,5.1473398,-3.0962547,8.2596694,-4.3525791,6.7035046,82.8614973
-5.6757574,5.2014344,-3.1565082,8.3084238,-4.4161328,6.7549291,82.9432503
-5.7417593,5.2550423,-3.2175937,8.3580389,-4.4796765,6.8065406,83.0251133
-5.8069319,5.3081191,-3.2795185,8.4084709,-4.5432252,6.8582950,83.1070703
-5.8712961,5.3606211,-3.3422920,8.4596755,-4.6067941,6.9101483,83.1891055
-5.9348707,5.4125053,-3.4059258,8.5116080,-4.6703983,6.9620566,83.2712028
-5.9976724,5.4637289,-3.4704334,8.5642229,-4.7340529,7.0139759,83.3533461
-6.0597158,5.5142499,-3.5358304,8.6174744,-4.7977731,7.0658622,83.4355193
-6.1210135,5.5640266,-3.6021344,8.6713161,-4.8615739,7.1176714,83.5177066
-6.1815762,5.6130181,-3.6693650,8.7257010,-4.9254706,7.1693596,83.5998921
-6.2414126,5.6611840,-3.7375439,8.7805816,-4.9894782,7.2208828,83.6820603
-6.3005293,5.7084843,-3.8066946,8.8359096,-5.0536119,7.2721969,83.7641960
-6.3589310,5.7548802,-3.8768427,8.8916361,-5.1178868,7.3232581,83.8462844
-6.4166205,5.8003332,-3.9480155,8.9477114,-5.1823180,7.3740223,83.9283111
-6.4735988,5.8448061,-4.0202425,9.0040849,-5.2469206,7.4244455,84.0102623
-6.5298650,5.8882624,-4.0935547,9.0607050,-5.3117099,7.4744837,84.0921248
-6.5854164,5.9306669,-4.1679851,9.1175190,-5.3767008,7.5240930,84.1738860
-6.6402485,5.9719856,-4.2435685,9.1744729,-5.4419085,7.5732292,84.2555342
-6.6943553,6.0121858,-4.3203411,9.2315113,-5.5073482,7.6218485,84.3370583
-6.7477290,6.0512365,-4.3983409,9.2885773,-5.5730349,7.6699069,84.4184485
-6.8003606,6.0891084,-4.4776072,9.3456122,-5.6389839,7.7173603,84.4996956
-6.8522396,6.1257742,-4.5581808,9.4025553,-5.7052102,7.7641648,84.5807917
-6.9033542,6.1612086,-4.6401037,9.4593440,-5.7717289,7.8102763,84.6617300
-6.9536918,6.1953887,-4.7234187,9.5159130,-5.8385553,7.8556509,84.7425051
-7.0032389,6.2282942,-4.8081697,9.5721948,-5.9057043,7.9002445,84.8231127
-7.0519814,6.2599077,-4.8944009,9.6281188,-5.9731912,7.9440132,84.9035501
-7.0999049,6.2902145,-4.9821571,9.6836116,-6.0410310,7.9869131,84.9838162
-7.1469950,6.3192034,-5.0714829,9.7385966,-6.1092389,8.0289000,85.0639113
-7.1932376,6.3468666,-5.1624225,9.7929934,-6.1778301,8.0699300,85.1438375
-7.2386196,6.3731999,-5.2550195,9.8467183,-6.2468196,8.1099591,85.2235989
-7.2831289,6.3982029,-5.3493161,9.8996838,-6.3162225,8.1489433,85.3032013
-7.3267551,6.4218793,-5.4453530,9.9517980,-6.3860540,8.1868387,85.3826525
-7.3694902,6.4442369,-5.5431684,10.0029654,-6.4563293,8.2236011,85.4619626
-7.4113289,6.4652875,-5.6427979,10.0530859,-6.5270634,8.2591867,85.5411437
-7.4522696,6.4850473,-5.7442734,10.1020556,-6.5982715,8.2935514,85.6202103
-7.4923145,6.5035366,-5.8476228,10.1497660,-6.6699687,8.3266513,85.6991792
-7.5314708,6.5207796,-5.9528693,10.1961051,-6.7421701,8.3584423,85.7780697
-7.5697513,6.5368044,-6.0600304,10.2409565,-6.8148908,8.3888805,85.8569036
-7.6071748,6.5516427,-6.1691173,10.2842009,-6.8881461,8.4179218,85.9357055
-7.6437673,6.5653291,-6.2801345,10.3257155,-6.9619509,8.4455223,86.0145023
-7.6795622,6.5779009,-6.3930787,10.3653750,-7.0363205,8.4716380,86.0933240
-7.7146011,6.5893972,-6.5079387,10.4030524,-7.1112699,8.4962248,86.1722032
-7.7489344,6.5998585,-6.6246942,10.4386192,-7.1868143,8.5192388,86.2511754
-7.7826217,6.6093254,-6.7433160,10.4719467,-7.2629688,8.5406360,86.3302788
-7.8157318,6.6178380,-6.8637654,10.5029069,-7.3397486,8.5603724,86.4095546
-7.8483468,6.6254357,-6.9859906,10.5313724,-7.4171687,8.5784040,86.4890469
-7.8814886,6.6323514,-7.1089839,10.5570471,-7.4952363,8.5946993,86.5687970
-7.9159252,6.6387244,-7.2319381,10.5798108,-7.5739317,8.6092676,86.6488295
-7.9516647,6.6445181,-7.3547949,10.5997358,-7.6532298,8.6221270,86.7291635
-7.9887093,6.6496959,-7.4775020,10.6168948,-7.7331057,8.6332953,86.8098164
-8.0270558,6.6542211,-7.6000125,10.6313601,-7.8135341,8.6427906,86.8908034
-8.0666957,6.6580582,-7.7222844,10.6432033,-7.8944901,8.6506308,86.9721381
-8.1076160,6.6611725,-7.8442808,10.6524950,-7.9759484,8.6568337,87.0538323
-8.1497994,6.6635307,-7.9659689,10.6593043,-8.0578841,8.6614175,87.1358961
-8.1932244,6.6651011,-8.0873197,10.6636989,-8.1402721,8.6644000,87.2183380
-8.2378663,6.6658538,-8.2083081,10.6657446,-8.2230872,8.6657992,87.3011650
-8.2836969,6.6657608,-8.3289118,10.6655052,-8.3063044,8.6656330,87.3843823
-8.3306855,6.6647961,-8.4491116,10.6630426,-8.3898986,8.6639194,87.4679941
-8.3787985,6.6629360,-8.5688907,10.6584166,-8.4738446,8.6606763,87.5520028
-8.4280005,6.6601587,-8.6882345,10.6516846,-8.5581175,8.6559217,87.6364097
-8.4782540,6.6564449,-8.8071303,10.6429020,-8.6426922,8.6496734,87.7212148
-8.5295200,6.6517770,-8.9255669,10.6321221,-8.7275434,8.6419496,87.8064169
-8.5817580,6.6461401,-9.0435345,10.6193960,-8.8126463,8.6327680,87.8920136
-8.6349265,6.6395209,-9.1610247,10.6047726,-8.8979756,8.6221468,87.9780014
-8.6889828,6.6319086,-9.2780297,10.5882988,-8.9835063,8.6101037,88.0643758
-8.7438839,6.6232940,-9.3945427,10.5700196,-9.0692133,8.5966568,88.1511312
-8.7995856,6.6136701,-9.5105574,10.5499779,-9.1550715,8.5818240,88.2382613
-8.8560438,6.6030316,-9.6260679,10.5282148,-9.2410559,8.5656232,88.3257586
-8.9132138,6.5913753,-9.7410687,10.5047697,-9.3271413,8.5480725,88.4136148
-8.9710508,6.5786992,-9.8555545,10.4796802,-9.4133026,8.5291897,88.5018211
-9.0295096,6.5650033,-9.9695201,10.4529823,-9.4995148,8.5089928,88.5903675
-9.0885455,6.5502892,-10.0829602,10.4247103,-9.5857529,8.4874998,88.6792435
-9.1481133,6.5345597,-10.1958698,10.3948973,-9.6719916,8.4647285,88.7684379
-9.2081684,6.5178193,-10.3082434,10.3635747,-9.7582059,8.4406970,88.8579389
-9.2686660,6.5000736,-10.4200755,10.3307728,-9.8443708,8.4154232,88.9477339
-9.3295617,6.4813297,-10.5313604,10.2965203,-9.9304611,8.3889250,89.0378100
-9.3908114,6.4615957,-10.6420920,10.2608452,-10.0164517,8.3612204,89.1281534
-9.4523711,6.4408810,-10.7522642,10.2237737,-10.1023176,8.3323274,89.2187501
-9.5141971,6.4191960,-10.8618704,10.1853316,-10.1880338,8.3022638,89.3095855
-9.5762463,6.3965523,-10.9709036,10.1455430,-10.2735750,8.2710477,89.4006445
-9.6384758,6.3729623,-11.0793566,10.1044315,-10.3589162,8.2386969,89.4919117
-9.7008428,6.3484394,-11.1872219,10.0620196,-10.4440323,8.2052295,89.5833711
-9.7633053,6.3229980,-11.2944914,10.0183287,-10.5288983,8.1706633,89.6750066
-9.8258213,6.2966531,-11.4011568,9.9733797,-10.6134891,8.1350164,89.7668015
-9.8883495,6.2694210,-11.5072096,9.9271924,-10.6977795,8.0983067,89.8587388
-9.9508485,6.2413182,-11.6126405,9.8797859,-10.7817445,8.0605521,89.9508015
-10.0132777,6.2123625,-11.7174403,9.8311786,-10.8653590,8.0217705,90.0429719
-10.0755967,6.1825720,-11.8215991,9.7813879,-10.9485979,7.9819800,90.1352324
-10.1377655,6.1519660,-11.9251068,9.7304309,-11.0314361,7.9411984,90.2275650
-10.1997443,6.1205640,-12.0279530,9.6783235,-11.1138486,7.8994438,90.3199515
-10.2614937,6.0883865,-12.1301267,9.6250814,-11.1958102,7.8567340,90.4123736
-10.3229749,6.0554547,-12.2316170,9.5707193,-11.2772959,7.8130870,90.5048126
-10.3841490,6.0217902,-12.3324122,9.5152513,-11.3582806,7.7685208,90.5972500
-10.4449778,5.9874155,-12.4325005,9.4586910,-11.4387392,7.7230533,90.6896668
-10.5054232,5.9523537,-12.5318699,9.4010511,-11.5186465,7.6767024,90.7820443
-10.5654475,5.9166285,-12.6305078,9.3423438,-11.5979777,7.6294862,90.8743633
-10.6250132,5.8802643,-12.7284016,9.2825807,-11.6767074,7.5814225,90.9666048
-10.6840833,5.8432860,-12.8255381,9.2217726,-11.7548107,7.5325293,91.0587496
-10.7426209,5.8057195,-12.9219040,9.1599296,-11.8322624,7.4828245,91.1507786
-10.8005895,5.7675911,-13.0174856,9.0970613,-11.9090376,7.4323262,91.2426726
-10.8579530,5.7289278,-13.1122690,9.0331766,-11.9851110,7.3810522,91.3344124
-10.9146754,5.6897575,-13.2062399,8.9682835,-12.0604576,7.3290205,91.4259788
-10.9707211,5.6501086,-13.2993837,8.9023894,-12.1350524,7.2762490,91.5173528
-11.0260548,5.6100104,-13.3916856,8.8355011,-12.2088702,7.2227558,91.6085153
-11.0806414,5.5694927,-13.4831304,8.7676245,-12.2818859,7.1685586,91.6994473
-11.1344464,5.5285865,-13.5737026,8.6987646,-12.3540745,7.1136756,91.7901299
-11.1874354,5.4873233,-13.6633864,8.6289258,-12.4254109,7.0581246,91.8805445
-11.2395744,5.4457354,-13.7521656,8.5581116,-12.4958700,7.0019235,91.9706724
-11.2908298,5.4038563,-13.8400236,8.4863246,-12.5654267,6.9450904,92.0604952
-11.3411683,5.3617200,-13.9269435,8.4135664,-12.6340559,6.8876432,92.1499946
-11.3905571,5.3193618,-14.0129079,8.3398379,-12.7017325,6.8295998,92.2391527
-11.4389638,5.2768177,-14.0978992,8.2651387,-12.7684315,6.7709782,92.3279516
-11.4863565,5.2341249,-14.1818989,8.1894677,-12.8341277,6.7117963,92.4163738
-11.5327039,5.1913216,-14.2648883,8.1128226,-12.8987961,6.6520721,92.5044022
-11.5779751,5.1484470,-14.3468482,8.0351999,-12.9624116,6.5918235,92.5920197
-11.6221400,5.1055418,-14.4277583,7.9565952,-13.0249492,6.5310685,92.6792098
-11.6651689,5.0626473,-14.5075983,7.8770025,-13.0863836,6.4698249,92.7659563
-11.7070331,5.0198067,-14.5863466,7.7964151,-13.1466899,6.4081109,92.8522434
-11.7477048,4.9770640,-14.6639810,7.7148246,-13.2058429,6.3459443,92.9380558
-11.7871567,4.9344646,-14.7404784,7.6322213,-13.2638175,6.2833430,93.0233786
-11.8253629,4.8920556,-14.8158146,7.5485945,-13.3205888,6.2203250,93.1081975
-11.8622986,4.8498850,-14.8899644,7.4639316,-13.3761315,6.1569083,93.1924986
-11.8979399,4.8080027,-14.9629013,7.3782189,-13.4304206,6.0931108,93.2762687
-11.9322647,4.7664598,-15.0345975,7.2914412,-13.4834311,6.0289505,93.3594952
-11.9652520,4.7253089,-15.1050235,7.2035816,-13.5351378,5.9644452,93.4421663
-11.9968829,4.6846043,-15.1741482,7.1146219,-13.5855156,5.8996131,93.5242707
-12.0271401,4.6444015,-15.2419388,7.0245422,-13.6345395,5.8344719,93.6057981
-12.0560085,4.6047578,-15.3083602,6.9333214,-13.6821843,5.7690396,93.6867389
-12.0834750,4.5657318,-15.3733751,6.8409367,-13.7284250,5.7033343,93.7670844
-12.1095293,4.5273836,-15.4369438,6.7473640,-13.7732366,5.6373738,93.8468268
-12.1341639,4.4897744,-15.4990238,6.6525777,-13.8165938,5.5711761,93.9259596
-12.1573740,4.4529670,-15.5595694,6.5565512,-13.8584717,5.5047591,94.0044769
-12.1791584,4.4170249,-15.6185318,6.4592567,-13.8988451,5.4381408,94.0823743
-12.1995194,4.3820129,-15.6758586,6.3606655,-13.9376890,5.3713392,94.1596485
-12.2184633,4.3479961,-15.7314932,6.2607481,-13.9749783,5.3043721,94.2362976
-12.2360005,4.3150402,-15.7853751,6.1594750,-14.0106878,5.2372576,94.3123208
-12.2521461,4.2832110,-15.8374390,6.0568161,-14.0447925,5.1700135,94.3877190
-12.2669201,4.2525738,-15.8876146,5.9527420,-14.0772674,5.1026579,94.4624947
-12.2803479,4.2231933,-15.9358265,5.8472241,-14.1080872,5.0352087,94.5366517
-12.2924603,4.1951325,-15.9819938,5.7402351,-14.1372270,4.9676838,94.6101959
-12.3032939,4.1684525,-16.0260296,5.6317498,-14.1646617,4.9001011,94.6831347
-12.3128915,4.1432117,-16.0678408,5.5217458,-14.1903661,4.8324787,94.7554777
-12.3213024,4.1194647,-16.1073282,5.4102043,-14.2143153,4.7648345,94.8272363
-12.3285819,4.0972616,-16.1443860,5.2971111,-14.2364840,4.6971863,94.8984243
-12.3347921,4.0766469,-16.1789023,5.1824576,-14.2568472,4.6295523,94.9690573
-12.3400014,4.0576583,-16.2107583,5.0662421,-14.2753798,4.5619502,95.0391536
-12.3442842,4.0403256,-16.2398294,4.9484707,-14.2920568,4.4943982,95.1087338
-12.3477208,4.0246692,-16.2659853,4.8291587,-14.3068531,4.4269140,95.1778210
-12.3503966,4.0106991,-16.2890903,4.7083323,-14.3197435,4.3595157,95.2464410
-12.3524014,3.9984132,-16.3090045,4.5860291,-14.3307029,4.2922212,95.3146221
-12.3538284,3.9877963,-16.3255844,4.4623005,-14.3397064,4.2250484,95.3823955
-12.3547729,3.9788187,-16.3386848,4.3372121,-14.3467288,4.1580154,95.4497954
-12.3553306,3.9714351,-16.3481595,4.2108449,-14.3517450,4.0911400,95.5168586
-12.3555962,3.9655835,-16.3538638,4.0832969,-14.3547300,4.0244402,95.5836252
-12.3556612,3.9611850,-16.3556559,3.9546830,-14.3556586,3.9579340,95.6501379
-12.3556117,3.9581427,-16.3533998,3.8251358,-14.3545057,3.8916393,95.7164426
-12.3555260,3.9563424,-16.3469667,3.6948055,-14.3512464,3.8255740,95.7825883
-12.3554724,3.9556525,-16.3362384,3.5638596,-14.3458554,3.7597561,95.8486266
-12.3555063,3.9559252,-16.3211092,3.4324818,-14.3383078,3.6942035,95.9146122
-12.3556682,3.9569977,-16.3014884,3.3008708,-14.3285783,3.6289342,95.9806027
-12.3559815,3.9586943,-16.2773026,3.1692381,-14.3166420,3.5639662,96.0466581
-12.3564090,3.9606508,-16.2485402,3.0379838,-14.3024746,3.4993173,96.1128412
-12.3565423,3.9611948,-16.2156204,2.9088088,-14.2860813,3.4350018,96.1792130
-12.3561569,3.9598871,-16.1788508,2.7821726,-14.2675039,3.3710299,96.2458278
-12.3551018,3.9566647,-16.1384707,2.6581579,-14.2467863,3.3074113,96.3127348
-12.3532304,3.9514920,-16.0947144,2.5368197,-14.2239724,3.2441558,96.3799785
-12.3504036,3.9443580,-16.0478091,2.4181888,-14.1991064,3.1812734,96.4475990
-12.3464916,3.9352734,-15.9979725,2.3022740,-14.1722321,3.1187737,96.5156316
-12.3413758,3.9242681,-15.9454111,2.1890651,-14.1433935,3.0566666,96.5841075
-12.3349497,3.9113878,-15.8903195,2.0785361,-14.1126346,2.9949619,96.6530537
-12.3271195,3.8966918,-15.8328793,1.9706472,-14.0799994,2.9336695,96.7224931
-12.3178042,3.8802499,-15.7732595,1.8653482,-14.0455318,2.8727990,96.7924447
-12.3069358,3.8621404,-15.7116161,1.7625804,-14.0092759,2.8123604,96.8629239
-12.2944585,3.8424480,-15.6480927,1.6622789,-13.9712756,2.7523634,96.9339426
-12.2803285,3.8212617,-15.5828213,1.5643741,-13.9315749,2.6928179,97.0055095
-12.2645132,3.7986735,-15.5159223,1.4687938,-13.8902177,2.6337337,97.0776299
-12.2469903,3.7747766,-15.4475059,1.3754643,-13.8472481,2.5751205,97.1503066
-12.2277471,3.7496649,-15.3776729,1.2843115,-13.8027100,2.5169882,97.2235391
-12.2067798,3.7234314,-15.3065150,1.1952617,-13.7566474,2.4593466,97.2973247
-12.1840925,3.6961680,-15.2341161,1.1082430,-13.7091043,2.4022055,97.3716581
-12.1596963,3.6679645,-15.1605530,1.0231849,-13.6601246,2.3455747,97.4465317
-12.1336088,3.6389085,-15.0858959,0.9400196,-13.6097524,2.2894640,97.5219358
-12.1058534,3.6090847,-15.0102096,0.8586819,-13.5580315,2.2338833,97.5978585
-12.0764584,3.5785751,-14.9335536,0.7791096,-13.5050060,2.1788423,97.6742863
-12.0454566,3.5474585,-14.8559832,0.7012434,-13.4507199,2.1243509,97.7512038
-12.0128846,3.5158105,-14.7775496,0.6250273,-13.3952171,2.0704189,97.8285939
-11.9787825,3.4837036,-14.6983008,0.5504084,-13.3385416,2.0170560,97.9064380
-11.9431934,3.4512071,-14.6182816,0.4773371,-13.2807375,1.9642721,97.9847161
-11.9061627,3.4183873,-14.5375344,0.4057667,-13.2218485,1.9120770,98.0634069
-11.8677383,3.3853073,-14.4560995,0.3356538,-13.1619189,1.8604805,98.1424876
-11.8279698,3.3520272,-14.3740150,0.2669577,-13.1009924,1.8094925,98.2219345
-11.7869086,3.3186046,-14.2913176,0.1996407,-13.0391131,1.7591226,98.3017228
-11.7446075,3.2850940,-14.2080425,0.1336676,-12.9763250,1.7093808,98.3818264
-11.7011204,3.2515476,-14.1242237,0.0690061,-12.9126721,1.6602769,98.4622186
-11.6565023,3.2180151,-14.0398942,0.0056261,-12.8481982,1.6118206,98.5428714
-11.6108090,3.1845437,-13.9550860,-0.0565002,-12.7829475,1.5640218,98.6237564
-11.5640972,3.1511786,-13.8698306,-0.1173981,-12.7169639,1.5168902,98.7048442
-11.5164242,3.1179628,-13.7841584,-0.1770913,-12.6502913,1.4704358,98.7861046
-11.4678478,3.0849375,-13.6980997,-0.2356011,-12.5829738,1.4246682,98.8675068
-11.4184265,3.0521420,-13.6116840,-0.2929472,-12.5150552,1.3795974,98.9490194
-11.3682190,3.0196137,-13.5249403,-0.3491476,-12.4465797,1.3352331,99.0306104
-11.3172846,2.9873887,-13.4378976,-0.4042186,-12.3775911,1.2915851,99.1122473
-11.2656829,2.9555015,-13.3505839,-0.4581751,-12.3081334,1.2486632,99.1938968
-11.2134740,2.9239850,-13.2630274,-0.5110304,-12.2382507,1.2064773,99.2755255
-11.1607181,2.8928710,-13.1752556,-0.5627966,-12.1679869,1.1650372,99.3570994
-11.1074762,2.8621900,-13.0872956,-0.6134847,-12.0973859,1.1243526,99.4385839
-11.0538091,2.8319713,-12.9991744,-0.6631044,-12.0264918,1.0844335,99.5199443
-10.9997887,2.8022487,-12.9109073,-0.7116702,-11.9553480,1.0452893,99.6011460
-10.9455388,2.7730846,-12.8224211,-0.7592394,-11.8839800,1.0069226,99.6821731
-10.8910770,2.7444837,-12.7337054,-0.8058291,-11.8123912,0.9693273,99.7630332
-10.8363979,2.7164384,-12.6447694,-0.8514450,-11.7405837,0.9324967,99.8437352
-10.7814964,2.6889416,-12.5556226,-0.8960934,-11.6685595,0.8964241,99.9242878
-10.7263672,2.6619861,-12.4662743,-0.9397806,-11.5963207,0.8611027,100.0046995
-10.6710051,2.6355651,-12.3767337,-0.9825131,-11.5238694,0.8265260,100.0849786
-10.6154053,2.6096722,-12.2870100,-1.0242978,-11.4512076,0.7926872,100.1651335
-10.5595626,2.5843009,-12.1971123,-1.0651417,-11.3783374,0.7595796,100.2451721
-10.5034723,2.5594452,-12.1070494,-1.1050521,-11.3052609,0.7271965,100.3251023
-10.4471297,2.5350992,-12.0168304,-1.1440365,-11.2319800,0.6955313,100.4049319
-10.3905301,2.5112572,-11.9264638,-1.1821027,-11.1584969,0.6645773,100.4846685
-10.3336690,2.4879139,-11.8359583,-1.2192585,-11.0848137,0.6343277,100.5643194
-10.2765422,2.4650638,-11.7453224,-1.2555120,-11.0109323,0.6047759,100.6438918
-10.2191454,2.4427020,-11.6545643,-1.2908717,-10.9368549,0.5759152,100.7233928
-10.1614746,2.4208236,-11.5636922,-1.3253459,-10.8625834,0.5477388,100.8028292
-10.1035260,2.3994238,-11.4727141,-1.3589434,-10.7881201,0.5202402,100.8822078
-10.0452959,2.3784981,-11.3816378,-1.3916730,-10.7134668,0.4934126,100.9615352
-9.9867806,2.3580422,-11.2904710,-1.4235436,-10.6386258,0.4672493,101.0408176
-9.9279769,2.3380518,-11.1992211,-1.4545645,-10.5635990,0.4417436,101.1200612
-9.8688816,2.3185227,-11.1078954,-1.4847449,-10.4883885,0.4168889,101.1992722
-9.8094917,2.2994511,-11.0165011,-1.5140943,-10.4129964,0.3926784,101.2784563
-9.7498044,2.2808331,-10.9250450,-1.5426220,-10.3374247,0.3691055,101.3576191
-9.6898171,2.2626650,-10.8335340,-1.5703380,-10.2616755,0.3461635,101.4367663
-9.6295273,2.2449431,-10.7419746,-1.5972517,-10.1857509,0.3238457,101.5159031
-9.5689327,2.2276639,-10.6503731,-1.6233733,-10.1096529,0.3021453,101.5950348
-9.5080314,2.2108239,-10.5587357,-1.6487124,-10.0333835,0.2810557,101.6741662
-9.4468215,2.1944198,-10.4670684,-1.6732792,-9.9569449,0.2605703,101.7533022
-9.3853012,2.1784484,-10.3753770,-1.6970838,-9.8803391,0.2406823,101.8324476
-9.3234691,2.1629063,-10.2836672,-1.7201363,-9.8035682,0.2213850,101.9116067
-9.2613238,2.1477903,-10.1919444,-1.7424469,-9.7266341,0.2026717,101.9907839
-9.1988643,2.1330974,-10.1002137,-1.7640258,-9.6495390,0.1845358,102.0699834
-9.1360896,2.1188245,-10.0084804,-1.7848833,-9.5722850,0.1669706,102.1492092
-9.0729989,2.1049684,-9.9167493,-1.8050298,-9.4948741,0.1499693,102.2284651
-9.0095916,2.0915261,-9.8250250,-1.8244755,-9.4173083,0.1335253,102.3077548
-8.9458672,2.0784946,-9.7333122,-1.8432308,-9.3395897,0.1176319,102.3870818
-8.8818256,2.0658709,-9.6416153,-1.8613061,-9.2617205,0.1022824,102.4664495
-8.8174666,2.0536520,-9.5499384,-1.8787118,-9.1837025,0.0874701,102.5458611
-8.7527903,2.0418348,-9.4582857,-1.8954582,-9.1055380,0.0731883,102.6253196
-8.6877969,2.0304164,-9.3666610,-1.9115557,-9.0272289,0.0594303,102.7048281
-8.6224867,2.0193936,-9.2750680,-1.9270146,-8.9487774,0.0461895,102.7843892
-8.5568603,2.0087635,-9.1835105,-1.9418452,-8.8701854,0.0334592,102.8640055
-8.4909183,1.9985230,-9.0919918,-1.9560579,-8.7914551,0.0212325,102.9436795
-8.4246616,1.9886690,-9.0005154,-1.9696630,-8.7125885,0.0095030,103.0234136
-8.3580909,1.9791983,-8.9090843,-1.9826707,-8.6335876,-0.0017362,103.1032100
-8.2912074,1.9701079,-8.8177018,-1.9950912,-8.5544546,-0.0124917,103.1830706
-8.2240123,1.9613944,-8.7263706,-2.0069347,-8.4751915,-0.0227701,103.2629974
-8.1565068,1.9530547,-8.6350938,-2.0182114,-8.3958003,-0.0325783,103.3429921
-8.0886923,1.9450855,-8.5438739,-2.0289313,-8.3162831,-0.0419229,103.4230565
-8.0205703,1.9374835,-8.4527136,-2.0391045,-8.2366420,-0.0508105,103.5031920
-7.9521425,1.9302452,-8.3616155,-2.0487411,-8.1568790,-0.0592479,103.5834000
-7.8834104,1.9233673,-8.2705819,-2.0578509,-8.0769962,-0.0672418,103.6636818
-7.8143761,1.9168463,-8.1796152,-2.0664439,-7.9969956,-0.0747988,103.7440385
-7.7450412,1.9106786,-8.0887176,-2.0745299,-7.9168794,-0.0819257,103.8244711
-7.6754078,1.9048607,-7.9978912,-2.0821187,-7.8366495,-0.0886290,103.9049805
-7.6054779,1.8993888,-7.9071382,-2.0892201,-7.7563081,-0.0949156,103.9855675
-7.5352537,1.8942594,-7.8164605,-2.0958437,-7.6758571,-0.1007921,104.0662328
-7.4647373,1.8894687,-7.7258601,-2.1019991,-7.5952987,-0.1062652,104.1469769
-7.3939310,1.8850127,-7.6353389,-2.1076959,-7.5146350,-0.1113416,104.2278002
-7.3228371,1.8808877,-7.5448986,-2.1129436,-7.4338679,-0.1160279,104.3087032
-7.2514580,1.8770897,-7.4545409,-2.1177516,-7.3529995,-0.1203310,104.3896860
-7.1797961,1.8736147,-7.3642677,-2.1221293,-7.2720319,-0.1242573,104.4707487
-7.1078539,1.8704585,-7.2740805,-2.1260861,-7.1909672,-0.1278138,104.5518914
-7.0356338,1.8676172,-7.1839810,-2.1296310,-7.1098074,-0.1310069,104.6331140
-6.9631385,1.8650864,-7.0939706,-2.1327734,-7.0285546,-0.1338435,104.7144163
-6.8903706,1.8628619,-7.0040510,-2.1355224,-6.9472108,-0.1363303,104.7957981
-6.8173327,1.8609394,-6.9142235,-2.1378870,-6.8657781,-0.1384738,104.8772590
-6.7440274,1.8593145,-6.8244898,-2.1398761,-6.7842586,-0.1402808,104.9587985
-6.6704575,1.8579828,-6.7348511,-2.1414988,-6.7026543,-0.1417580,105.0404162
-6.5966257,1.8569398,-6.6453088,-2.1427640,-6.6209672,-0.1429121,105.1221114
-6.5225346,1.8561808,-6.5558645,-2.1436803,-6.5391996,-0.1437498,105.2038833
-6.4481872,1.8557013,-6.4665194,-2.1442567,-6.4573533,-0.1442777,105.2857313
-6.3735861,1.8554966,-6.3772748,-2.1445017,-6.3754305,-0.1445026,105.3676544
-6.2987342,1.8555619,-6.2881322,-2.1444241,-6.2934332,-0.1444311,105.4496518
-6.2236342,1.8558924,-6.1990927,-2.1440323,-6.2113634,-0.1440699,105.5317223
-6.1482889,1.8564833,-6.1101578,-2.1433349,-6.1292234,-0.1434258,105.6138649
-6.0727013,1.8573296,-6.0213287,-2.1423404,-6.0470150,-0.1425054,105.6960784
-5.9968741,1.8584265,-5.9326068,-2.1410572,-5.9647404,-0.1413154,105.7783616
-5.9208101,1.8597687,-5.8439932,-2.1394936,-5.8824016,-0.1398625,105.8607132
-5.8445121,1.8613513,-5.7554894,-2.1376579,-5.8000008,-0.1381533,105.9431318
-5.7679830,1.8631691,-5.6670966,-2.1355584,-5.7175398,-0.1361947,106.0256160
-5.6912257,1.8652169,-5.5788161,-2.1332033,-5.6350209,-0.1339932,106.1081643
-5.6142428,1.8674896,-5.4906492,-2.1306006,-5.5524460,-0.1315555,106.1907751
-5.5370373,1.8699817,-5.4025973,-2.1277584,-5.4698173,-0.1288884,106.2734469
-5.4596119,1.8726879,-5.3146616,-2.1246849,-5.3871367,-0.1259985,106.3561779
-5.3819694,1.8756029,-5.2268435,-2.1213880,-5.3044064,-0.1228926,106.4389665
-5.3041125,1.8787211,-5.1391444,-2.1178756,-5.2216285,-0.1195772,106.5218108
-5.2260442,1.8820372,-5.0515655,-2.1141556,-5.1388049,-0.1160592,106.6047091
-5.1477670,1.8855455,-4.9641083,-2.1102359,-5.0559377,-0.1123452,106.6876595
-5.0692838,1.8892406,-4.8767742,-2.1061242,-4.9730290,-0.1084418,106.7706600
-4.9905972,1.8931167,-4.7895645,-2.1018284,-4.8900809,-0.1043559,106.8537087
-4.9117100,1.8971681,-4.7024807,-2.0973560,-4.8070953,-0.1000940,106.9368036
-4.8326248,1.9013892,-4.6155242,-2.0927148,-4.7240745,-0.0956628,107.0199426
-4.7533443,1.9057742,-4.5286965,-2.0879124,-4.6410204,-0.0910691,107.1031237
-4.6738711,1.9103173,-4.4419991,-2.0829564,-4.5579351,-0.0863195,107.1863446
-4.5942079,1.9150127,-4.3554334,-2.0778543,-4.4748206,-0.0814208,107.2696033
-4.5143572,1.9198544,-4.2690010,-2.0726135,-4.3916791,-0.0763796,107.3528976
-4.4343216,1.9248365,-4.1827034,-2.0672417,-4.3085125,-0.0712026,107.4362251
-4.3541037,1.9299531,-4.0965423,-2.0617460,-4.2253230,-0.0658964,107.5195837
-4.2737060,1.9351982,-4.0105192,-2.0561340,-4.1421126,-0.0604679,107.6029710
-4.1931310,1.9405656,-3.9246357,-2.0504130,-4.0588833,-0.0549237,107.6863847
-4.1123811,1.9460494,-3.8388935,-2.0445902,-3.9756373,-0.0492704,107.7698225
-4.0314588,1.9516434,-3.7532942,-2.0386729,-3.8923765,-0.0435147,107.8532819
-3.9503665,1.9573414,-3.6678397,-2.0326684,-3.8091031,-0.0376635,107.9367607
-3.8691067,1.9631373,-3.5825315,-2.0265838,-3.7258191,-0.0317232,108.0202563
-3.7876816,1.9690248,-3.4973715,-2.0204263,-3.6425265,-0.0257007,108.1037663
-3.7060935,1.9749977,-3.4123615,-2.0142029,-3.5592275,-0.0196026,108.1872882
-3.6243449,1.9810495,-3.3275032,-2.0079209,-3.4759241,-0.0134357,108.2708196
-3.5424380,1.9871741,-3.2427985,-2.0015871,-3.3926183,-0.0072065,108.3543580
-3.4603749,1.9933650,-3.1582494,-1.9952087,-3.3093122,-0.0009218,108.4379008
-3.3781580,1.9996159,-3.0738576,-1.9887925,-3.2260078,0.0054117,108.5214456
-3.2957894,2.0059202,-2.9896252,-1.9823455,-3.1427073,0.0117873,108.6049897
-3.2132713,2.0122715,-2.9055541,-1.9758747,-3.0594127,0.0181984,108.6885307
-3.1306057,2.0186633,-2.8216463,-1.9693869,-2.9761260,0.0246382,108.7720659
-3.0477949,2.0250890,-2.7379039,-1.9628888,-2.8928494,0.0311001,108.8555929
-2.9648407,2.0315421,-2.6543289,-1.9563874,-2.8095848,0.0375774,108.9391091
-2.8817453,2.0380160,-2.5709234,-1.9498894,-2.7263343,0.0440633,109.0226118
-2.7985107,2.0445039,-2.4876895,-1.9434016,-2.6431001,0.0505512,109.1060986
-2.7151387,2.0509993,-2.4046293,-1.9369305,-2.5598840,0.0570344,109.1895667
-2.6316315,2.0574953,-2.3217452,-1.9304829,-2.4766883,0.0635062,109.2730138
-2.5479907,2.0639853,-2.2390392,-1.9240654,-2.3935150,0.0699599,109.3564371
-2.4642184,2.0704625,-2.1565137,-1.9176847,-2.3103661,0.0763889,109.4398342
-2.3803164,2.0769200,-2.0741710,-1.9113472,-2.2272437,0.0827864,109.5232024
-2.2962864,2.0833510,-1.9920132,-1.9050595,-2.1441498,0.0891457,109.6065393
-2.2121302,2.0897485,-1.9100429,-1.8988281,-2.0610866,0.0954602,109.6898422
-2.1278497,2.0961058,-1.8282624,-1.8926594,-1.9780560,0.1017232,109.7731086
-2.0434464,2.1024157,-1.7466740,-1.8865599,-1.8950602,0.1079279,109.8563361
-1.9589221,2.1086714,-1.6652802,-1.8805359,-1.8121011,0.1140677,109.9395220
-1.8742784,2.1148657,-1.5840836,-1.8745938,-1.7291810,0.1201360,110.0226639
-1.7895169,2.1209916,-1.5030865,-1.8687399,-1.6463017,0.1261259,110.1057594
-1.7046393,2.1270421,-1.4222916,-1.8629805,-1.5634654,0.1320308,110.1888058
-1.6196470,2.1330099,-1.3417014,-1.8573217,-1.4806742,0.1378441,110.2718009
-1.5345416,2.1388878,-1.2613185,-1.8517699,-1.3979300,0.1435590,110.3547422
-1.4493247,2.1446687,-1.1811454,-1.8463311,-1.3152351,0.1491688,110.4376272
-1.3639976,2.1503453,-1.1011850,-1.8410115,-1.2325913,0.1546669,110.5204537
-1.2785618,2.1559103,-1.0214398,-1.8358172,-1.1500008,0.1600465,110.6032192
-1.1930188,2.1613563,-0.9419126,-1.8307542,-1.0674657,0.1653010,110.6859214
-1.1073698,2.1666759,-0.8626061,-1.8258284,-0.9849880,0.1704237,110.7685581
-1.0216163,2.1718618,-0.7835230,-1.8210459,-0.9025697,0.1754079,110.8511269
-0.9357597,2.1769064,-0.7046662,-1.8164125,-0.8202129,0.1802469,110.9336257
-0.8498011,2.1818022,-0.6260385,-1.8119341,-0.7379198,0.1849340,111.0160522
-0.7637418,2.1865418,-0.5476427,-1.8076166,-0.6556923,0.1894626,111.0984044
-0.6775832,2.1911174,-0.4694816,-1.8034657,-0.5735324,0.1938258,111.1806799
-0.5913265,2.1955214,-0.3915583,-1.7994871,-0.4914424,0.1980171,111.2628769
-0.5049729,2.1997461,-0.3138755,-1.7956865,-0.4094242,0.2020298,111.3449932
-0.4185234,2.2037838,-0.2364362,-1.7920696,-0.3274798,0.2058571,111.4270269
-0.3319795,2.2076266,-0.1592435,-1.7886419,-0.2456115,0.2094924,111.5089760
-0.2453420,2.2112668,-0.0823001,-1.7854090,-0.1638211,0.2129289,111.5908385
-0.1586123,2.2146964,-0.0056092,-1.7823763,-0.0821108,0.2161601,111.6726127
-0.0717914,2.2179075,0.0708262,-1.7795492,-0.0004826,0.2191791,111.7542966
