time,mode,obstacle_count,chosen_offset,speed_limit,min_obstacle_clearance,candidate_count,collision_free_count
1779542840.914086,pass_through,0,0.000,1.500,inf,1,1
1779542840.963728,pass_through,0,0.000,1.500,inf,1,1
1779542841.013848,pass_through,0,0.000,1.500,inf,1,1
1779542841.063776,pass_through,0,0.000,1.500,inf,1,1
1779542841.113798,pass_through,0,0.000,1.500,inf,1,1
1779542841.251697,pass_through,0,0.000,1.500,inf,1,1
1779542841.266203,pass_through,0,0.000,1.500,inf,1,1
1779542841.313738,pass_through,0,0.000,1.500,inf,1,1
1779542841.363775,pass_through,0,0.000,1.500,inf,1,1
1779542841.413724,pass_through,0,0.000,1.500,inf,1,1
1779542841.463806,pass_through,0,0.000,1.500,inf,1,1
1779542841.513778,pass_through,0,0.000,1.500,inf,1,1
1779542841.563726,pass_through,0,0.000,1.500,inf,1,1
1779542841.613770,pass_through,0,0.000,1.500,inf,1,1
1779542841.729185,pass_through,0,0.000,1.500,inf,1,1
1779542841.763770,pass_through,0,0.000,1.500,inf,1,1
1779542841.813777,pass_through,0,0.000,1.500,inf,1,1
1779542841.863778,pass_through,0,0.000,1.500,inf,1,1
1779542841.913703,pass_through,0,0.000,1.500,inf,1,1
1779542841.963768,pass_through,0,0.000,1.500,inf,1,1
1779542842.013747,pass_through,0,0.000,1.500,inf,1,1
1779542842.063778,pass_through,0,0.000,1.500,inf,1,1
1779542842.113708,pass_through,0,0.000,1.500,inf,1,1
1779542842.211018,pass_through,0,0.000,1.500,inf,1,1
1779542842.227640,pass_through,0,0.000,1.500,inf,1,1
1779542842.263813,pass_through,0,0.000,1.500,inf,1,1
1779542842.313741,pass_through,0,0.000,1.500,inf,1,1
1779542842.363780,pass_through,0,0.000,1.500,inf,1,1
1779542842.413736,pass_through,0,0.000,1.500,inf,1,1
1779542842.463713,pass_through,0,0.000,1.500,inf,1,1
1779542842.513666,pass_through,0,0.000,1.500,inf,1,1
1779542842.563697,pass_through,0,0.000,1.500,inf,1,1
1779542842.613681,pass_through,0,0.000,1.500,inf,1,1
1779542842.710863,pass_through,0,0.000,1.500,inf,1,1
1779542842.725881,pass_through,0,0.000,1.500,inf,1,1
1779542842.763808,pass_through,0,0.000,1.500,inf,1,1
1779542842.813797,pass_through,0,0.000,1.500,inf,1,1
1779542842.863707,pass_through,0,0.000,1.500,inf,1,1
1779542842.913750,pass_through,0,0.000,1.500,inf,1,1
1779542842.963736,pass_through,0,0.000,1.500,inf,1,1
1779542843.013785,pass_through,0,0.000,1.500,inf,1,1
1779542843.063772,pass_through,0,0.000,1.500,inf,1,1
1779542843.113766,pass_through,0,0.000,1.500,inf,1,1
1779542843.256800,pass_through,0,0.000,1.500,inf,1,1
1779542843.280044,pass_through,0,0.000,1.500,inf,1,1
1779542843.313735,pass_through,0,0.000,1.500,inf,1,1
1779542843.363721,pass_through,0,0.000,1.500,inf,1,1
1779542843.413806,pass_through,0,0.000,1.500,inf,1,1
1779542843.463684,pass_through,0,0.000,1.500,inf,1,1
1779542843.513705,pass_through,0,0.000,1.500,inf,1,1
1779542843.563712,pass_through,0,0.000,1.500,inf,1,1
1779542843.613669,pass_through,0,0.000,1.500,inf,1,1
1779542843.723176,pass_through,0,0.000,1.500,inf,1,1
1779542843.763777,pass_through,0,0.000,1.500,inf,1,1
1779542843.813710,pass_through,0,0.000,1.500,inf,1,1
1779542843.863783,pass_through,0,0.000,1.500,inf,1,1
1779542843.913777,pass_through,0,0.000,1.500,inf,1,1
1779542843.963930,pass_through,0,0.000,1.500,inf,1,1
1779542844.013679,pass_through,0,0.000,1.500,inf,1,1
1779542844.063780,pass_through,0,0.000,1.500,inf,1,1
1779542844.113783,pass_through,0,0.000,1.500,inf,1,1
1779542844.226283,pass_through,0,0.000,1.500,inf,1,1
1779542844.263772,pass_through,0,0.000,1.500,inf,1,1
1779542844.313728,pass_through,0,0.000,1.500,inf,1,1
1779542844.363749,pass_through,0,0.000,1.500,inf,1,1
1779542844.413770,pass_through,0,0.000,1.500,inf,1,1
1779542844.463739,pass_through,0,0.000,1.500,inf,1,1
1779542844.513797,pass_through,0,0.000,1.500,inf,1,1
1779542844.563852,pass_through,0,0.000,1.500,inf,1,1
1779542844.613718,pass_through,0,0.000,1.500,inf,1,1
1779542844.755819,pass_through,0,0.000,1.500,inf,1,1
1779542844.780600,pass_through,0,0.000,1.500,inf,1,1
1779542844.813761,pass_through,0,0.000,1.500,inf,1,1
1779542844.863811,pass_through,0,0.000,1.500,inf,1,1
1779542844.913759,pass_through,0,0.000,1.500,inf,1,1
1779542844.963763,pass_through,0,0.000,1.500,inf,1,1
1779542845.013711,pass_through,0,0.000,1.500,inf,1,1
1779542845.063745,pass_through,0,0.000,1.500,inf,1,1
1779542845.113761,pass_through,0,0.000,1.500,inf,1,1
1779542845.220514,pass_through,0,0.000,1.500,inf,1,1
1779542845.263779,pass_through,0,0.000,1.500,inf,1,1
1779542845.313806,pass_through,0,0.000,1.500,inf,1,1
1779542845.363746,pass_through,0,0.000,1.500,inf,1,1
1779542845.413773,pass_through,0,0.000,1.500,inf,1,1
1779542845.463789,pass_through,0,0.000,1.500,inf,1,1
1779542845.513740,pass_through,0,0.000,1.500,inf,1,1
1779542845.563761,pass_through,0,0.000,1.500,inf,1,1
1779542845.613771,pass_through,0,0.000,1.500,inf,1,1
1779542845.751015,pass_through,0,0.000,1.500,inf,1,1
1779542845.764440,pass_through,0,0.000,1.500,inf,1,1
1779542845.813764,pass_through,0,0.000,1.500,inf,1,1
1779542845.863725,pass_through,0,0.000,1.500,inf,1,1
1779542845.913724,pass_through,0,0.000,1.500,inf,1,1
1779542845.963788,pass_through,0,0.000,1.500,inf,1,1
1779542846.013769,pass_through,0,0.000,1.500,inf,1,1
1779542846.063894,pass_through,0,0.000,1.500,inf,1,1
1779542846.113737,pass_through,0,0.000,1.500,inf,1,1
1779542846.253558,pass_through,0,0.000,1.500,inf,1,1
1779542846.278437,pass_through,0,0.000,1.500,inf,1,1
1779542846.313761,pass_through,0,0.000,1.500,inf,1,1
1779542846.363698,pass_through,0,0.000,1.500,inf,1,1
1779542846.413695,pass_through,0,0.000,1.500,inf,1,1
1779542846.463782,pass_through,0,0.000,1.500,inf,1,1
1779542846.513763,pass_through,0,0.000,1.500,inf,1,1
1779542846.563758,pass_through,0,0.000,1.500,inf,1,1
1779542846.613740,pass_through,0,0.000,1.500,inf,1,1
1779542846.717886,pass_through,0,0.000,1.500,inf,1,1
1779542846.763764,pass_through,0,0.000,1.500,inf,1,1
1779542846.813756,pass_through,0,0.000,1.500,inf,1,1
1779542846.863918,pass_through,0,0.000,1.500,inf,1,1
1779542846.913735,pass_through,0,0.000,1.500,inf,1,1
1779542846.963706,pass_through,0,0.000,1.500,inf,1,1
1779542847.013734,pass_through,0,0.000,1.500,inf,1,1
1779542847.064314,pass_through,0,0.000,1.500,inf,1,1
1779542847.113725,pass_through,0,0.000,1.500,inf,1,1
1779542847.231601,pass_through,0,0.000,1.500,inf,1,1
1779542847.263799,pass_through,0,0.000,1.500,inf,1,1
1779542847.313689,pass_through,0,0.000,1.500,inf,1,1
1779542847.363747,pass_through,0,0.000,1.500,inf,1,1
1779542847.413768,pass_through,0,0.000,1.500,inf,1,1
1779542847.464163,pass_through,0,0.000,1.500,inf,1,1
1779542847.513749,pass_through,0,0.000,1.500,inf,1,1
1779542847.563744,pass_through,0,0.000,1.500,inf,1,1
1779542847.613661,pass_through,0,0.000,1.500,inf,1,1
1779542847.711076,pass_through,0,0.000,1.500,inf,1,1
1779542847.722564,pass_through,0,0.000,1.500,inf,1,1
1779542847.763724,pass_through,0,0.000,1.500,inf,1,1
1779542847.813689,pass_through,0,0.000,1.500,inf,1,1
1779542847.863730,pass_through,0,0.000,1.500,inf,1,1
1779542847.913671,pass_through,0,0.000,1.500,inf,1,1
1779542847.963784,pass_through,0,0.000,1.500,inf,1,1
1779542848.013688,pass_through,0,0.000,1.500,inf,1,1
1779542848.063807,pass_through,0,0.000,1.500,inf,1,1
1779542848.113685,pass_through,0,0.000,1.500,inf,1,1
1779542848.221905,pass_through,0,0.000,1.500,inf,1,1
1779542848.263787,pass_through,0,0.000,1.500,inf,1,1
1779542848.313737,pass_through,0,0.000,1.500,inf,1,1
1779542848.363771,pass_through,0,0.000,1.500,inf,1,1
1779542848.413693,pass_through,0,0.000,1.500,inf,1,1
1779542848.463797,pass_through,0,0.000,1.500,inf,1,1
1779542848.513720,pass_through,0,0.000,1.500,inf,1,1
1779542848.563681,pass_through,0,0.000,1.500,inf,1,1
1779542848.613749,pass_through,0,0.000,1.500,inf,1,1
1779542848.751799,pass_through,0,0.000,1.500,inf,1,1
1779542848.775707,pass_through,0,0.000,1.500,inf,1,1
1779542848.813777,pass_through,0,0.000,1.500,inf,1,1
1779542848.863765,pass_through,0,0.000,1.500,inf,1,1
1779542848.913778,pass_through,0,0.000,1.500,inf,1,1
1779542848.963733,pass_through,0,0.000,1.500,inf,1,1
1779542849.013723,pass_through,0,0.000,1.500,inf,1,1
1779542849.063806,pass_through,0,0.000,1.500,inf,1,1
1779542849.113705,pass_through,0,0.000,1.500,inf,1,1
1779542849.205101,pass_through,0,0.000,1.500,inf,1,1
1779542849.215384,pass_through,0,0.000,1.500,inf,1,1
1779542849.263821,pass_through,0,0.000,1.500,inf,1,1
1779542849.313760,pass_through,0,0.000,1.500,inf,1,1
1779542849.363699,pass_through,0,0.000,1.500,inf,1,1
1779542849.413769,pass_through,0,0.000,1.500,inf,1,1
1779542849.463744,pass_through,0,0.000,1.500,inf,1,1
1779542849.513764,pass_through,0,0.000,1.500,inf,1,1
1779542849.563762,pass_through,0,0.000,1.500,inf,1,1
1779542849.613780,pass_through,0,0.000,1.500,inf,1,1
1779542849.731943,pass_through,0,0.000,1.500,inf,1,1
1779542849.763729,pass_through,0,0.000,1.500,inf,1,1
1779542849.813772,pass_through,0,0.000,1.500,inf,1,1
1779542849.863792,pass_through,0,0.000,1.500,inf,1,1
1779542849.913767,pass_through,0,0.000,1.500,inf,1,1
1779542849.964608,pass_through,0,0.000,1.500,inf,1,1
1779542850.013711,pass_through,0,0.000,1.500,inf,1,1
1779542850.063694,pass_through,0,0.000,1.500,inf,1,1
1779542850.113690,pass_through,0,0.000,1.500,inf,1,1
1779542850.217845,pass_through,0,0.000,1.500,inf,1,1
1779542850.263792,pass_through,0,0.000,1.500,inf,1,1
1779542850.313697,pass_through,0,0.000,1.500,inf,1,1
1779542850.363760,pass_through,0,0.000,1.500,inf,1,1
1779542850.413717,pass_through,0,0.000,1.500,inf,1,1
1779542850.463759,pass_through,0,0.000,1.500,inf,1,1
1779542850.513757,pass_through,0,0.000,1.500,inf,1,1
1779542850.563811,pass_through,0,0.000,1.500,inf,1,1
1779542850.613766,pass_through,0,0.000,1.500,inf,1,1
1779542850.729284,pass_through,0,0.000,1.500,inf,1,1
1779542850.763749,pass_through,0,0.000,1.500,inf,1,1
1779542850.813734,pass_through,0,0.000,1.500,inf,1,1
1779542850.863752,pass_through,0,0.000,1.500,inf,1,1
1779542850.913738,pass_through,0,0.000,1.500,inf,1,1
1779542850.963690,pass_through,0,0.000,1.500,inf,1,1
1779542851.013717,pass_through,0,0.000,1.500,inf,1,1
1779542851.063781,pass_through,0,0.000,1.500,inf,1,1
1779542851.113735,pass_through,0,0.000,1.500,inf,1,1
1779542851.249112,pass_through,0,0.000,1.500,inf,1,1
1779542851.264264,pass_through,0,0.000,1.500,inf,1,1
1779542851.313724,pass_through,0,0.000,1.500,inf,1,1
1779542851.363704,pass_through,0,0.000,1.500,inf,1,1
1779542851.413750,pass_through,0,0.000,1.500,inf,1,1
1779542851.463753,pass_through,0,0.000,1.500,inf,1,1
1779542851.515281,pass_through,0,0.000,1.500,inf,1,1
1779542851.563768,pass_through,0,0.000,1.500,inf,1,1
1779542851.613799,pass_through,0,0.000,1.500,inf,1,1
1779542851.727049,pass_through,0,0.000,1.500,inf,1,1
1779542851.763805,pass_through,0,0.000,1.500,inf,1,1
1779542851.813781,pass_through,0,0.000,1.500,inf,1,1
1779542851.863717,pass_through,0,0.000,1.500,inf,1,1
1779542851.913800,pass_through,0,0.000,1.500,inf,1,1
1779542851.963771,pass_through,0,0.000,1.500,inf,1,1
1779542852.013742,pass_through,0,0.000,1.500,inf,1,1
1779542852.063704,pass_through,0,0.000,1.500,inf,1,1
1779542852.113780,pass_through,0,0.000,1.500,inf,1,1
1779542852.248303,pass_through,0,0.000,1.500,inf,1,1
1779542852.271706,pass_through,0,0.000,1.500,inf,1,1
1779542852.313688,pass_through,0,0.000,1.500,inf,1,1
1779542852.363751,pass_through,0,0.000,1.500,inf,1,1
1779542852.413756,pass_through,0,0.000,1.500,inf,1,1
1779542852.463801,pass_through,0,0.000,1.500,inf,1,1
1779542852.513677,pass_through,0,0.000,1.500,inf,1,1
1779542852.563771,pass_through,0,0.000,1.500,inf,1,1
1779542852.613696,pass_through,0,0.000,1.500,inf,1,1
1779542852.725982,pass_through,0,0.000,1.500,inf,1,1
1779542852.763777,pass_through,0,0.000,1.500,inf,1,1
1779542852.813735,pass_through,0,0.000,1.500,inf,1,1
1779542852.863946,pass_through,0,0.000,1.500,inf,1,1
1779542852.913771,pass_through,0,0.000,1.500,inf,1,1
1779542852.963781,pass_through,0,0.000,1.500,inf,1,1
1779542853.013693,pass_through,0,0.000,1.500,inf,1,1
1779542853.063787,pass_through,0,0.000,1.500,inf,1,1
1779542853.113736,pass_through,0,0.000,1.500,inf,1,1
1779542853.217336,pass_through,0,0.000,1.500,inf,1,1
1779542853.265682,pass_through,0,0.000,1.500,inf,1,1
1779542853.313761,pass_through,0,0.000,1.500,inf,1,1
1779542853.363680,pass_through,0,0.000,1.500,inf,1,1
1779542853.413736,pass_through,0,0.000,1.500,inf,1,1
1779542853.463799,pass_through,0,0.000,1.500,inf,1,1
1779542853.513720,pass_through,0,0.000,1.500,inf,1,1
1779542853.563721,pass_through,0,0.000,1.500,inf,1,1
1779542853.613725,pass_through,0,0.000,1.500,inf,1,1
1779542853.712275,pass_through,0,0.000,1.500,inf,1,1
1779542853.723325,pass_through,0,0.000,1.500,inf,1,1
1779542853.763746,pass_through,0,0.000,1.500,inf,1,1
1779542853.813699,pass_through,0,0.000,1.500,inf,1,1
1779542853.863776,pass_through,0,0.000,1.500,inf,1,1
1779542853.913751,pass_through,0,0.000,1.500,inf,1,1
1779542853.963765,pass_through,0,0.000,1.500,inf,1,1
1779542854.013695,pass_through,0,0.000,1.500,inf,1,1
1779542854.063792,pass_through,0,0.000,1.500,inf,1,1
1779542854.113731,pass_through,0,0.000,1.500,inf,1,1
1779542854.244984,pass_through,0,0.000,1.500,inf,1,1
1779542854.268552,pass_through,0,0.000,1.500,inf,1,1
1779542854.313784,pass_through,0,0.000,1.500,inf,1,1
1779542854.363778,pass_through,0,0.000,1.500,inf,1,1
1779542854.413761,pass_through,0,0.000,1.500,inf,1,1
1779542854.463871,pass_through,0,0.000,1.500,inf,1,1
1779542854.513707,pass_through,0,0.000,1.500,inf,1,1
1779542854.563698,pass_through,0,0.000,1.500,inf,1,1
1779542854.613730,pass_through,0,0.000,1.500,inf,1,1
1779542854.743196,pass_through,0,0.000,1.500,inf,1,1
1779542854.764175,pass_through,0,0.000,1.500,inf,1,1
1779542854.813751,pass_through,0,0.000,1.500,inf,1,1
1779542854.863763,pass_through,0,0.000,1.500,inf,1,1
1779542854.913743,pass_through,0,0.000,1.500,inf,1,1
1779542854.963783,pass_through,0,0.000,1.500,inf,1,1
1779542855.013772,pass_through,0,0.000,1.500,inf,1,1
1779542855.063983,pass_through,0,0.000,1.500,inf,1,1
1779542855.113693,pass_through,0,0.000,1.500,inf,1,1
1779542855.257887,pass_through,0,0.000,1.500,inf,1,1
1779542855.284272,pass_through,0,0.000,1.500,inf,1,1
1779542855.314093,pass_through,0,0.000,1.500,inf,1,1
1779542855.363745,pass_through,0,0.000,1.500,inf,1,1
1779542855.413846,pass_through,0,0.000,1.500,inf,1,1
1779542855.463691,pass_through,0,0.000,1.500,inf,1,1
1779542855.513736,pass_through,0,0.000,1.500,inf,1,1
1779542855.563777,pass_through,0,0.000,1.500,inf,1,1
1779542855.613865,pass_through,0,0.000,1.500,inf,1,1
1779542855.738945,pass_through,0,0.000,1.500,inf,1,1
1779542855.763809,pass_through,0,0.000,1.500,inf,1,1
1779542855.813729,pass_through,0,0.000,1.500,inf,1,1
1779542855.863785,pass_through,0,0.000,1.500,inf,1,1
1779542855.913742,pass_through,0,0.000,1.500,inf,1,1
1779542855.963857,pass_through,0,0.000,1.500,inf,1,1
1779542856.013875,pass_through,0,0.000,1.500,inf,1,1
1779542856.064899,pass_through,0,0.000,1.500,inf,1,1
1779542856.113757,pass_through,0,0.000,1.500,inf,1,1
1779542856.252265,pass_through,0,0.000,1.500,inf,1,1
1779542856.266547,pass_through,0,0.000,1.500,inf,1,1
1779542856.313715,pass_through,0,0.000,1.500,inf,1,1
1779542856.363763,pass_through,0,0.000,1.500,inf,1,1
1779542856.413673,pass_through,0,0.000,1.500,inf,1,1
1779542856.463704,pass_through,0,0.000,1.500,inf,1,1
1779542856.513743,pass_through,0,0.000,1.500,inf,1,1
1779542856.563759,pass_through,0,0.000,1.500,inf,1,1
1779542856.613848,pass_through,0,0.000,1.500,inf,1,1
1779542856.723952,pass_through,0,0.000,1.500,inf,1,1
1779542856.763767,pass_through,0,0.000,1.500,inf,1,1
1779542856.813689,pass_through,0,0.000,1.500,inf,1,1
1779542856.863771,pass_through,0,0.000,1.500,inf,1,1
1779542856.913757,pass_through,0,0.000,1.500,inf,1,1
1779542856.963810,pass_through,0,0.000,1.500,inf,1,1
1779542857.013720,pass_through,0,0.000,1.500,inf,1,1
1779542857.063808,pass_through,0,0.000,1.500,inf,1,1
1779542857.113756,pass_through,0,0.000,1.500,inf,1,1
1779542857.220838,pass_through,0,0.000,1.500,inf,1,1
1779542857.263752,pass_through,0,0.000,1.500,inf,1,1
1779542857.313689,pass_through,0,0.000,1.500,inf,1,1
1779542857.363761,pass_through,0,0.000,1.500,inf,1,1
1779542857.413696,pass_through,0,0.000,1.500,inf,1,1
1779542857.463753,pass_through,0,0.000,1.500,inf,1,1
1779542857.513745,pass_through,0,0.000,1.500,inf,1,1
1779542857.563764,pass_through,0,0.000,1.500,inf,1,1
1779542857.613665,pass_through,0,0.000,1.500,inf,1,1
1779542857.760354,pass_through,0,0.000,1.500,inf,1,1
1779542857.785929,pass_through,0,0.000,1.500,inf,1,1
1779542857.813771,pass_through,0,0.000,1.500,inf,1,1
1779542857.863898,pass_through,0,0.000,1.500,inf,1,1
1779542857.913883,pass_through,0,0.000,1.500,inf,1,1
1779542857.963845,pass_through,0,0.000,1.500,inf,1,1
1779542858.013757,pass_through,0,0.000,1.500,inf,1,1
1779542858.063823,pass_through,0,0.000,1.500,inf,1,1
1779542858.113714,pass_through,0,0.000,1.500,inf,1,1
1779542858.237777,pass_through,0,0.000,1.500,inf,1,1
1779542858.264199,pass_through,0,0.000,1.500,inf,1,1
1779542858.313808,pass_through,0,0.000,1.500,inf,1,1
1779542858.363770,pass_through,0,0.000,1.500,inf,1,1
1779542858.413739,pass_through,0,0.000,1.500,inf,1,1
1779542858.463811,pass_through,0,0.000,1.500,inf,1,1
1779542858.513722,pass_through,0,0.000,1.500,inf,1,1
1779542858.563777,pass_through,0,0.000,1.500,inf,1,1
1779542858.613742,pass_through,0,0.000,1.500,inf,1,1
1779542858.725563,pass_through,0,0.000,1.500,inf,1,1
1779542858.763879,pass_through,0,0.000,1.500,inf,1,1
1779542858.813690,pass_through,0,0.000,1.500,inf,1,1
1779542858.863793,pass_through,0,0.000,1.500,inf,1,1
1779542858.913805,pass_through,0,0.000,1.500,inf,1,1
1779542858.963728,pass_through,0,0.000,1.500,inf,1,1
1779542859.013680,pass_through,0,0.000,1.500,inf,1,1
1779542859.063739,pass_through,0,0.000,1.500,inf,1,1
1779542859.113723,pass_through,0,0.000,1.500,inf,1,1
1779542859.221742,pass_through,0,0.000,1.500,inf,1,1
1779542859.263730,pass_through,0,0.000,1.500,inf,1,1
1779542859.313784,pass_through,0,0.000,1.500,inf,1,1
1779542859.363757,pass_through,0,0.000,1.500,inf,1,1
1779542859.413783,pass_through,0,0.000,1.500,inf,1,1
1779542859.463715,pass_through,0,0.000,1.500,inf,1,1
1779542859.513662,pass_through,0,0.000,1.500,inf,1,1
1779542859.563762,pass_through,0,0.000,1.500,inf,1,1
1779542859.613992,pass_through,0,0.000,1.500,inf,1,1
1779542859.724757,pass_through,0,0.000,1.500,inf,1,1
1779542859.763815,pass_through,0,0.000,1.500,inf,1,1
1779542859.813690,pass_through,0,0.000,1.500,inf,1,1
1779542859.863770,pass_through,0,0.000,1.500,inf,1,1
1779542859.913752,pass_through,0,0.000,1.500,inf,1,1
1779542859.963745,pass_through,0,0.000,1.500,inf,1,1
1779542860.013693,pass_through,0,0.000,1.500,inf,1,1
1779542860.063836,pass_through,0,0.000,1.500,inf,1,1
1779542860.113743,pass_through,0,0.000,1.500,inf,1,1
1779542860.236690,pass_through,0,0.000,1.500,inf,1,1
1779542860.264777,pass_through,0,0.000,1.500,inf,1,1
1779542860.313678,pass_through,0,0.000,1.500,inf,1,1
1779542860.363769,pass_through,0,0.000,1.500,inf,1,1
1779542860.413742,pass_through,0,0.000,1.500,inf,1,1
1779542860.463801,pass_through,0,0.000,1.500,inf,1,1
1779542860.513782,pass_through,0,0.000,1.500,inf,1,1
1779542860.563724,pass_through,0,0.000,1.500,inf,1,1
1779542860.613651,pass_through,0,0.000,1.500,inf,1,1
1779542860.734395,pass_through,0,0.000,1.500,inf,1,1
1779542860.763834,pass_through,0,0.000,1.500,inf,1,1
1779542860.813833,pass_through,0,0.000,1.500,inf,1,1
1779542860.864035,pass_through,0,0.000,1.500,inf,1,1
1779542860.913749,pass_through,0,0.000,1.500,inf,1,1
1779542860.965598,pass_through,0,0.000,1.500,inf,1,1
1779542861.013671,pass_through,0,0.000,1.500,inf,1,1
1779542861.063774,pass_through,0,0.000,1.500,inf,1,1
1779542861.114303,pass_through,0,0.000,1.500,inf,1,1
1779542861.259604,pass_through,0,0.000,1.500,inf,1,1
1779542861.278017,pass_through,0,0.000,1.500,inf,1,1
1779542861.314173,pass_through,0,0.000,1.500,inf,1,1
1779542861.363800,pass_through,0,0.000,1.500,inf,1,1
1779542861.413680,pass_through,0,0.000,1.500,inf,1,1
1779542861.463771,pass_through,0,0.000,1.500,inf,1,1
1779542861.513692,pass_through,0,0.000,1.500,inf,1,1
1779542861.563730,pass_through,0,0.000,1.500,inf,1,1
1779542861.613763,pass_through,0,0.000,1.500,inf,1,1
1779542861.725816,pass_through,0,0.000,1.500,inf,1,1
1779542861.763804,pass_through,0,0.000,1.500,inf,1,1
1779542861.813731,pass_through,0,0.000,1.500,inf,1,1
1779542861.863925,pass_through,0,0.000,1.500,inf,1,1
1779542861.913746,pass_through,0,0.000,1.500,inf,1,1
1779542861.963819,pass_through,0,0.000,1.500,inf,1,1
1779542862.013930,pass_through,0,0.000,1.500,inf,1,1
1779542862.063814,pass_through,0,0.000,1.500,inf,1,1
1779542862.113780,pass_through,0,0.000,1.500,inf,1,1
1779542862.233270,pass_through,0,0.000,1.500,inf,1,1
1779542862.263775,pass_through,0,0.000,1.500,inf,1,1
1779542862.313739,pass_through,0,0.000,1.500,inf,1,1
1779542862.363815,pass_through,0,0.000,1.500,inf,1,1
1779542862.413661,pass_through,0,0.000,1.500,inf,1,1
1779542862.463760,pass_through,0,0.000,1.500,inf,1,1
1779542862.513751,pass_through,0,0.000,1.500,inf,1,1
1779542862.563718,pass_through,0,0.000,1.500,inf,1,1
1779542862.613728,pass_through,0,0.000,1.500,inf,1,1
1779542862.725850,pass_through,0,0.000,1.500,inf,1,1
1779542862.763840,pass_through,0,0.000,1.500,inf,1,1
1779542862.813775,pass_through,0,0.000,1.500,inf,1,1
1779542862.863801,pass_through,0,0.000,1.500,inf,1,1
1779542862.913721,pass_through,0,0.000,1.500,inf,1,1
1779542862.963699,pass_through,0,0.000,1.500,inf,1,1
1779542863.013734,pass_through,0,0.000,1.500,inf,1,1
1779542863.063814,pass_through,0,0.000,1.500,inf,1,1
1779542863.113824,pass_through,0,0.000,1.500,inf,1,1
1779542863.223027,pass_through,0,0.000,1.500,inf,1,1
1779542863.263745,pass_through,0,0.000,1.500,inf,1,1
1779542863.313789,pass_through,0,0.000,1.500,inf,1,1
1779542863.363770,pass_through,0,0.000,1.500,inf,1,1
1779542863.413634,pass_through,0,0.000,1.500,inf,1,1
1779542863.463739,pass_through,0,0.000,1.500,inf,1,1
1779542863.514565,pass_through,0,0.000,1.500,inf,1,1
1779542863.563800,pass_through,0,0.000,1.500,inf,1,1
1779542863.613754,pass_through,0,0.000,1.500,inf,1,1
1779542863.772874,pass_through,0,0.000,1.500,inf,1,1
1779542863.814200,pass_through,0,0.000,1.500,inf,1,1
1779542863.863788,pass_through,0,0.000,1.500,inf,1,1
1779542863.913919,pass_through,0,0.000,1.500,inf,1,1
1779542863.963819,pass_through,0,0.000,1.500,inf,1,1
1779542864.013661,pass_through,0,0.000,1.500,inf,1,1
1779542864.063773,pass_through,0,0.000,1.500,inf,1,1
1779542864.113775,pass_through,0,0.000,1.500,inf,1,1
1779542864.236229,pass_through,0,0.000,1.500,inf,1,1
1779542864.264291,pass_through,0,0.000,1.500,inf,1,1
1779542864.313760,pass_through,0,0.000,1.500,inf,1,1
1779542864.364932,pass_through,0,0.000,1.500,inf,1,1
1779542864.413684,pass_through,0,0.000,1.500,inf,1,1
1779542864.463784,pass_through,0,0.000,1.500,inf,1,1
1779542864.513721,pass_through,0,0.000,1.500,inf,1,1
1779542864.563825,pass_through,0,0.000,1.500,inf,1,1
1779542864.613685,avoid,1,0.950,0.750,0.345,29,16
1779542865.060110,avoid,1,0.950,0.750,0.345,29,16
1779542865.417680,avoid,1,0.950,0.750,0.353,29,16
1779542865.686731,avoid,1,0.950,0.750,0.348,29,16
1779542866.038489,avoid,1,0.950,0.750,0.347,29,16
1779542866.347748,avoid,1,0.950,0.750,0.345,29,16
1779542866.758839,avoid,1,0.950,0.750,0.346,29,16
1779542867.063313,avoid,1,0.950,0.750,0.345,29,16
1779542867.352405,avoid,1,0.950,0.750,0.346,29,16
1779542867.752062,avoid,1,0.950,0.750,0.345,29,16
1779542868.037907,pass_through,0,0.000,1.500,inf,1,1
1779542868.063746,pass_through,0,0.000,1.500,inf,1,1
1779542868.113732,pass_through,0,0.000,1.500,inf,1,1
1779542868.227524,pass_through,0,0.000,1.500,inf,1,1
1779542868.263773,pass_through,0,0.000,1.500,inf,1,1
1779542868.313762,pass_through,0,0.000,1.500,inf,1,1
1779542868.363850,pass_through,0,0.000,1.500,inf,1,1
1779542868.413910,pass_through,0,0.000,1.500,inf,1,1
1779542868.463772,pass_through,0,0.000,1.500,inf,1,1
1779542868.513727,pass_through,0,0.000,1.500,inf,1,1
1779542868.563817,pass_through,0,0.000,1.500,inf,1,1
1779542868.613763,pass_through,0,0.000,1.500,inf,1,1
1779542868.770731,pass_through,0,0.000,1.500,inf,1,1
1779542868.814423,pass_through,0,0.000,1.500,inf,1,1
1779542868.863751,pass_through,0,0.000,1.500,inf,1,1
1779542868.913765,pass_through,0,0.000,1.500,inf,1,1
1779542868.963779,pass_through,0,0.000,1.500,inf,1,1
1779542869.013783,pass_through,0,0.000,1.500,inf,1,1
1779542869.063809,pass_through,0,0.000,1.500,inf,1,1
1779542869.113803,pass_through,0,0.000,1.500,inf,1,1
1779542869.240878,pass_through,0,0.000,1.500,inf,1,1
1779542869.263916,pass_through,0,0.000,1.500,inf,1,1
1779542869.313801,pass_through,0,0.000,1.500,inf,1,1
1779542869.363826,pass_through,0,0.000,1.500,inf,1,1
1779542869.413772,pass_through,0,0.000,1.500,inf,1,1
1779542869.463788,pass_through,0,0.000,1.500,inf,1,1
1779542869.513760,pass_through,0,0.000,1.500,inf,1,1
1779542869.563824,pass_through,0,0.000,1.500,inf,1,1
1779542869.613707,pass_through,0,0.000,1.500,inf,1,1
1779542869.763499,pass_through,0,0.000,1.500,inf,1,1
1779542869.788286,pass_through,0,0.000,1.500,inf,1,1
1779542869.814258,pass_through,0,0.000,1.500,inf,1,1
1779542869.863782,pass_through,0,0.000,1.500,inf,1,1
1779542869.913795,pass_through,0,0.000,1.500,inf,1,1
1779542869.964589,pass_through,0,0.000,1.500,inf,1,1
1779542870.013790,pass_through,0,0.000,1.500,inf,1,1
1779542870.063759,pass_through,0,0.000,1.500,inf,1,1
1779542870.113827,pass_through,0,0.000,1.500,inf,1,1
1779542870.269515,pass_through,0,0.000,1.500,inf,1,1
1779542870.313674,pass_through,0,0.000,1.500,inf,1,1
1779542870.363786,pass_through,0,0.000,1.500,inf,1,1
1779542870.413693,pass_through,0,0.000,1.500,inf,1,1
1779542870.463708,pass_through,0,0.000,1.500,inf,1,1
1779542870.513785,pass_through,0,0.000,1.500,inf,1,1
1779542870.563885,pass_through,0,0.000,1.500,inf,1,1
1779542870.613757,pass_through,0,0.000,1.500,inf,1,1
1779542870.724972,pass_through,0,0.000,1.500,inf,1,1
1779542870.763853,pass_through,0,0.000,1.500,inf,1,1
1779542870.813705,pass_through,0,0.000,1.500,inf,1,1
1779542870.863800,pass_through,0,0.000,1.500,inf,1,1
1779542870.913809,pass_through,0,0.000,1.500,inf,1,1
1779542870.964654,pass_through,0,0.000,1.500,inf,1,1
1779542871.013719,pass_through,0,0.000,1.500,inf,1,1
1779542871.063741,pass_through,0,0.000,1.500,inf,1,1
1779542871.113706,pass_through,0,0.000,1.500,inf,1,1
1779542871.220414,pass_through,0,0.000,1.500,inf,1,1
1779542871.263792,pass_through,0,0.000,1.500,inf,1,1
1779542871.313866,pass_through,0,0.000,1.500,inf,1,1
1779542871.363793,pass_through,0,0.000,1.500,inf,1,1
1779542871.413779,pass_through,0,0.000,1.500,inf,1,1
1779542871.463811,pass_through,0,0.000,1.500,inf,1,1
1779542871.513710,pass_through,0,0.000,1.500,inf,1,1
1779542871.563775,pass_through,0,0.000,1.500,inf,1,1
1779542871.613697,pass_through,0,0.000,1.500,inf,1,1
1779542871.773819,pass_through,0,0.000,1.500,inf,1,1
1779542871.813807,pass_through,0,0.000,1.500,inf,1,1
1779542871.863781,pass_through,0,0.000,1.500,inf,1,1
1779542871.913765,pass_through,0,0.000,1.500,inf,1,1
1779542871.963851,pass_through,0,0.000,1.500,inf,1,1
1779542872.013832,pass_through,0,0.000,1.500,inf,1,1
1779542872.063802,pass_through,0,0.000,1.500,inf,1,1
1779542872.113701,pass_through,0,0.000,1.500,inf,1,1
1779542872.242939,pass_through,0,0.000,1.500,inf,1,1
1779542872.264004,pass_through,0,0.000,1.500,inf,1,1
1779542872.313901,pass_through,0,0.000,1.500,inf,1,1
1779542872.363839,pass_through,0,0.000,1.500,inf,1,1
1779542872.413856,pass_through,0,0.000,1.500,inf,1,1
1779542872.463800,pass_through,0,0.000,1.500,inf,1,1
1779542872.513795,pass_through,0,0.000,1.500,inf,1,1
1779542872.563805,pass_through,0,0.000,1.500,inf,1,1
1779542872.613881,pass_through,0,0.000,1.500,inf,1,1
1779542872.775715,pass_through,0,0.000,1.500,inf,1,1
1779542872.813671,pass_through,0,0.000,1.500,inf,1,1
1779542872.863789,pass_through,0,0.000,1.500,inf,1,1
1779542872.913839,pass_through,0,0.000,1.500,inf,1,1
1779542872.963806,pass_through,0,0.000,1.500,inf,1,1
1779542873.013768,pass_through,0,0.000,1.500,inf,1,1
1779542873.063778,pass_through,0,0.000,1.500,inf,1,1
1779542873.113789,pass_through,0,0.000,1.500,inf,1,1
1779542873.260732,pass_through,0,0.000,1.500,inf,1,1
1779542873.286033,pass_through,0,0.000,1.500,inf,1,1
1779542873.314244,pass_through,0,0.000,1.500,inf,1,1
1779542873.363771,pass_through,0,0.000,1.500,inf,1,1
1779542873.413724,pass_through,0,0.000,1.500,inf,1,1
1779542873.463744,pass_through,0,0.000,1.500,inf,1,1
1779542873.513712,pass_through,0,0.000,1.500,inf,1,1
1779542873.563768,pass_through,0,0.000,1.500,inf,1,1
1779542873.614245,pass_through,0,0.000,1.500,inf,1,1
1779542873.765650,pass_through,0,0.000,1.500,inf,1,1
1779542873.813730,pass_through,0,0.000,1.500,inf,1,1
1779542873.863741,pass_through,0,0.000,1.500,inf,1,1
1779542873.914096,pass_through,0,0.000,1.500,inf,1,1
1779542873.963794,pass_through,0,0.000,1.500,inf,1,1
1779542874.013770,pass_through,0,0.000,1.500,inf,1,1
1779542874.063800,pass_through,0,0.000,1.500,inf,1,1
1779542874.113766,pass_through,0,0.000,1.500,inf,1,1
1779542874.267540,pass_through,0,0.000,1.500,inf,1,1
1779542874.314318,pass_through,0,0.000,1.500,inf,1,1
1779542874.363875,pass_through,0,0.000,1.500,inf,1,1
1779542874.413764,pass_through,0,0.000,1.500,inf,1,1
1779542874.463802,pass_through,0,0.000,1.500,inf,1,1
1779542874.513654,pass_through,0,0.000,1.500,inf,1,1
1779542874.563715,pass_through,0,0.000,1.500,inf,1,1
1779542874.614668,pass_through,0,0.000,1.500,inf,1,1
1779542874.730329,pass_through,0,0.000,1.500,inf,1,1
1779542874.763815,pass_through,0,0.000,1.500,inf,1,1
1779542874.813697,pass_through,0,0.000,1.500,inf,1,1
1779542874.863744,pass_through,0,0.000,1.500,inf,1,1
1779542874.914639,pass_through,0,0.000,1.500,inf,1,1
1779542874.963788,pass_through,0,0.000,1.500,inf,1,1
1779542875.013868,pass_through,0,0.000,1.500,inf,1,1
1779542875.063863,pass_through,0,0.000,1.500,inf,1,1
1779542875.113782,pass_through,0,0.000,1.500,inf,1,1
1779542875.224445,pass_through,0,0.000,1.500,inf,1,1
1779542875.263781,pass_through,0,0.000,1.500,inf,1,1
1779542875.313739,pass_through,0,0.000,1.500,inf,1,1
1779542875.363994,pass_through,0,0.000,1.500,inf,1,1
1779542875.414763,pass_through,0,0.000,1.500,inf,1,1
1779542875.463767,pass_through,0,0.000,1.500,inf,1,1
1779542875.513781,pass_through,0,0.000,1.500,inf,1,1
1779542875.563841,pass_through,0,0.000,1.500,inf,1,1
1779542875.613831,pass_through,0,0.000,1.500,inf,1,1
1779542875.754328,pass_through,0,0.000,1.500,inf,1,1
1779542875.767230,pass_through,0,0.000,1.500,inf,1,1
1779542875.813756,pass_through,0,0.000,1.500,inf,1,1
1779542875.863873,pass_through,0,0.000,1.500,inf,1,1
1779542875.913712,pass_through,0,0.000,1.500,inf,1,1
1779542875.963762,pass_through,0,0.000,1.500,inf,1,1
1779542876.013725,pass_through,0,0.000,1.500,inf,1,1
1779542876.063777,pass_through,0,0.000,1.500,inf,1,1
1779542876.113790,pass_through,0,0.000,1.500,inf,1,1
1779542876.256480,pass_through,0,0.000,1.500,inf,1,1
1779542876.270077,pass_through,0,0.000,1.500,inf,1,1
1779542876.313694,pass_through,0,0.000,1.500,inf,1,1
1779542876.363757,pass_through,0,0.000,1.500,inf,1,1
1779542876.413770,pass_through,0,0.000,1.500,inf,1,1
1779542876.463825,pass_through,0,0.000,1.500,inf,1,1
1779542876.513698,pass_through,0,0.000,1.500,inf,1,1
1779542876.563747,pass_through,0,0.000,1.500,inf,1,1
1779542876.613708,pass_through,0,0.000,1.500,inf,1,1
1779542876.775532,pass_through,0,0.000,1.500,inf,1,1
1779542876.813688,pass_through,0,0.000,1.500,inf,1,1
1779542876.863815,pass_through,0,0.000,1.500,inf,1,1
1779542876.913709,pass_through,0,0.000,1.500,inf,1,1
1779542876.963812,pass_through,0,0.000,1.500,inf,1,1
1779542877.013875,pass_through,0,0.000,1.500,inf,1,1
1779542877.064024,pass_through,0,0.000,1.500,inf,1,1
1779542877.113751,pass_through,0,0.000,1.500,inf,1,1
1779542877.234354,pass_through,0,0.000,1.500,inf,1,1
1779542877.263824,pass_through,0,0.000,1.500,inf,1,1
1779542877.313762,pass_through,0,0.000,1.500,inf,1,1
1779542877.363799,pass_through,0,0.000,1.500,inf,1,1
1779542877.413706,pass_through,0,0.000,1.500,inf,1,1
1779542877.464615,pass_through,0,0.000,1.500,inf,1,1
1779542877.513798,pass_through,0,0.000,1.500,inf,1,1
1779542877.563838,pass_through,0,0.000,1.500,inf,1,1
1779542877.613850,pass_through,0,0.000,1.500,inf,1,1
1779542877.745610,pass_through,0,0.000,1.500,inf,1,1
1779542877.764165,pass_through,0,0.000,1.500,inf,1,1
1779542877.813810,pass_through,0,0.000,1.500,inf,1,1
1779542877.863741,pass_through,0,0.000,1.500,inf,1,1
1779542877.914644,pass_through,0,0.000,1.500,inf,1,1
1779542877.963699,pass_through,0,0.000,1.500,inf,1,1
1779542878.013699,pass_through,0,0.000,1.500,inf,1,1
1779542878.064333,pass_through,0,0.000,1.500,inf,1,1
1779542878.113782,pass_through,0,0.000,1.500,inf,1,1
1779542878.251620,pass_through,0,0.000,1.500,inf,1,1
1779542878.279191,pass_through,0,0.000,1.500,inf,1,1
1779542878.313917,pass_through,0,0.000,1.500,inf,1,1
1779542878.363848,pass_through,0,0.000,1.500,inf,1,1
1779542878.413721,pass_through,0,0.000,1.500,inf,1,1
1779542878.463801,pass_through,0,0.000,1.500,inf,1,1
1779542878.513732,pass_through,0,0.000,1.500,inf,1,1
1779542878.563830,pass_through,0,0.000,1.500,inf,1,1
1779542878.613908,pass_through,0,0.000,1.500,inf,1,1
1779542878.722012,pass_through,0,0.000,1.500,inf,1,1
1779542878.763857,pass_through,0,0.000,1.500,inf,1,1
1779542878.813743,pass_through,0,0.000,1.500,inf,1,1
1779542878.863807,pass_through,0,0.000,1.500,inf,1,1
1779542878.913764,pass_through,0,0.000,1.500,inf,1,1
1779542878.963985,pass_through,0,0.000,1.500,inf,1,1
1779542879.013783,pass_through,0,0.000,1.500,inf,1,1
1779542879.063815,pass_through,0,0.000,1.500,inf,1,1
1779542879.113786,pass_through,0,0.000,1.500,inf,1,1
1779542879.261211,pass_through,0,0.000,1.500,inf,1,1
1779542879.284220,pass_through,0,0.000,1.500,inf,1,1
1779542879.313718,pass_through,0,0.000,1.500,inf,1,1
1779542879.363765,pass_through,0,0.000,1.500,inf,1,1
1779542879.413815,pass_through,0,0.000,1.500,inf,1,1
1779542879.463786,pass_through,0,0.000,1.500,inf,1,1
1779542879.513705,pass_through,0,0.000,1.500,inf,1,1
1779542879.564288,pass_through,0,0.000,1.500,inf,1,1
1779542879.613691,pass_through,0,0.000,1.500,inf,1,1
1779542879.729690,pass_through,0,0.000,1.500,inf,1,1
1779542879.763826,pass_through,0,0.000,1.500,inf,1,1
1779542879.813709,pass_through,0,0.000,1.500,inf,1,1
1779542879.863831,pass_through,0,0.000,1.500,inf,1,1
1779542879.913723,pass_through,0,0.000,1.500,inf,1,1
1779542879.963748,pass_through,0,0.000,1.500,inf,1,1
1779542880.013821,pass_through,0,0.000,1.500,inf,1,1
1779542880.063812,pass_through,0,0.000,1.500,inf,1,1
1779542880.113778,pass_through,0,0.000,1.500,inf,1,1
1779542880.231130,pass_through,0,0.000,1.500,inf,1,1
1779542880.263785,pass_through,0,0.000,1.500,inf,1,1
1779542880.313749,pass_through,0,0.000,1.500,inf,1,1
1779542880.363767,pass_through,0,0.000,1.500,inf,1,1
1779542880.413739,pass_through,0,0.000,1.500,inf,1,1
1779542880.463692,pass_through,0,0.000,1.500,inf,1,1
1779542880.513830,pass_through,0,0.000,1.500,inf,1,1
1779542880.563738,pass_through,0,0.000,1.500,inf,1,1
1779542880.613750,pass_through,0,0.000,1.500,inf,1,1
1779542880.755610,pass_through,0,0.000,1.500,inf,1,1
1779542880.780009,pass_through,0,0.000,1.500,inf,1,1
1779542880.813736,pass_through,0,0.000,1.500,inf,1,1
1779542880.863763,pass_through,0,0.000,1.500,inf,1,1
1779542880.913690,pass_through,0,0.000,1.500,inf,1,1
1779542880.963804,pass_through,0,0.000,1.500,inf,1,1
1779542881.013701,pass_through,0,0.000,1.500,inf,1,1
1779542881.063802,pass_through,0,0.000,1.500,inf,1,1
1779542881.113798,pass_through,0,0.000,1.500,inf,1,1
1779542881.233333,pass_through,0,0.000,1.500,inf,1,1
1779542881.263757,pass_through,0,0.000,1.500,inf,1,1
1779542881.313780,pass_through,0,0.000,1.500,inf,1,1
1779542881.363820,pass_through,0,0.000,1.500,inf,1,1
1779542881.413789,pass_through,0,0.000,1.500,inf,1,1
1779542881.463733,pass_through,0,0.000,1.500,inf,1,1
1779542881.513769,pass_through,0,0.000,1.500,inf,1,1
1779542881.563741,pass_through,0,0.000,1.500,inf,1,1
1779542881.613692,pass_through,0,0.000,1.500,inf,1,1
1779542881.759417,pass_through,0,0.000,1.500,inf,1,1
1779542881.778702,pass_through,0,0.000,1.500,inf,1,1
1779542881.813803,pass_through,0,0.000,1.500,inf,1,1
1779542881.863817,pass_through,0,0.000,1.500,inf,1,1
1779542881.913841,pass_through,0,0.000,1.500,inf,1,1
1779542881.963809,pass_through,0,0.000,1.500,inf,1,1
1779542882.013857,pass_through,0,0.000,1.500,inf,1,1
1779542882.063732,pass_through,0,0.000,1.500,inf,1,1
1779542882.113791,pass_through,0,0.000,1.500,inf,1,1
1779542882.229492,pass_through,0,0.000,1.500,inf,1,1
1779542882.263785,pass_through,0,0.000,1.500,inf,1,1
1779542882.313773,pass_through,0,0.000,1.500,inf,1,1
1779542882.363738,pass_through,0,0.000,1.500,inf,1,1
1779542882.413796,pass_through,0,0.000,1.500,inf,1,1
1779542882.463950,pass_through,0,0.000,1.500,inf,1,1
1779542882.514184,pass_through,0,0.000,1.500,inf,1,1
1779542882.563680,pass_through,0,0.000,1.500,inf,1,1
1779542882.613707,pass_through,0,0.000,1.500,inf,1,1
1779542882.747317,pass_through,0,0.000,1.500,inf,1,1
1779542882.763885,pass_through,0,0.000,1.500,inf,1,1
1779542882.814552,pass_through,0,0.000,1.500,inf,1,1
1779542882.863733,pass_through,0,0.000,1.500,inf,1,1
1779542882.913779,pass_through,0,0.000,1.500,inf,1,1
1779542882.964360,pass_through,0,0.000,1.500,inf,1,1
1779542883.013719,pass_through,0,0.000,1.500,inf,1,1
1779542883.063727,pass_through,0,0.000,1.500,inf,1,1
1779542883.113749,pass_through,0,0.000,1.500,inf,1,1
1779542883.225048,pass_through,0,0.000,1.500,inf,1,1
1779542883.263760,pass_through,0,0.000,1.500,inf,1,1
1779542883.313696,pass_through,0,0.000,1.500,inf,1,1
1779542883.363772,pass_through,0,0.000,1.500,inf,1,1
1779542883.413894,pass_through,0,0.000,1.500,inf,1,1
1779542883.463719,pass_through,0,0.000,1.500,inf,1,1
1779542883.513737,pass_through,0,0.000,1.500,inf,1,1
1779542883.563834,pass_through,0,0.000,1.500,inf,1,1
1779542883.613710,pass_through,0,0.000,1.500,inf,1,1
1779542883.744531,pass_through,0,0.000,1.500,inf,1,1
1779542883.763841,pass_through,0,0.000,1.500,inf,1,1
1779542883.813736,pass_through,0,0.000,1.500,inf,1,1
1779542883.864287,pass_through,0,0.000,1.500,inf,1,1
1779542883.914139,pass_through,0,0.000,1.500,inf,1,1
1779542883.963721,pass_through,0,0.000,1.500,inf,1,1
1779542884.013714,pass_through,0,0.000,1.500,inf,1,1
1779542884.063740,pass_through,0,0.000,1.500,inf,1,1
1779542884.113952,pass_through,0,0.000,1.500,inf,1,1
1779542884.260654,pass_through,0,0.000,1.500,inf,1,1
1779542884.283280,pass_through,0,0.000,1.500,inf,1,1
1779542884.313785,pass_through,0,0.000,1.500,inf,1,1
1779542884.363796,pass_through,0,0.000,1.500,inf,1,1
1779542884.413822,pass_through,0,0.000,1.500,inf,1,1
1779542884.463827,pass_through,0,0.000,1.500,inf,1,1
1779542884.513704,pass_through,0,0.000,1.500,inf,1,1
1779542884.563775,pass_through,0,0.000,1.500,inf,1,1
1779542884.613731,pass_through,0,0.000,1.500,inf,1,1
1779542884.751905,pass_through,0,0.000,1.500,inf,1,1
1779542884.774586,pass_through,0,0.000,1.500,inf,1,1
1779542884.813704,pass_through,0,0.000,1.500,inf,1,1
1779542884.863772,pass_through,0,0.000,1.500,inf,1,1
1779542884.913799,pass_through,0,0.000,1.500,inf,1,1
1779542884.963811,pass_through,0,0.000,1.500,inf,1,1
1779542885.013818,pass_through,0,0.000,1.500,inf,1,1
1779542885.063978,pass_through,0,0.000,1.500,inf,1,1
1779542885.113818,pass_through,0,0.000,1.500,inf,1,1
1779542885.272385,pass_through,0,0.000,1.500,inf,1,1
1779542885.313699,pass_through,0,0.000,1.500,inf,1,1
1779542885.363807,pass_through,0,0.000,1.500,inf,1,1
1779542885.413834,pass_through,0,0.000,1.500,inf,1,1
1779542885.463712,pass_through,0,0.000,1.500,inf,1,1
1779542885.513671,pass_through,0,0.000,1.500,inf,1,1
1779542885.563787,pass_through,0,0.000,1.500,inf,1,1
1779542885.614004,pass_through,0,0.000,1.500,inf,1,1
1779542885.764045,pass_through,0,0.000,1.500,inf,1,1
1779542885.813810,pass_through,0,0.000,1.500,inf,1,1
1779542885.863785,pass_through,0,0.000,1.500,inf,1,1
1779542885.913737,pass_through,0,0.000,1.500,inf,1,1
1779542885.963775,pass_through,0,0.000,1.500,inf,1,1
1779542886.013695,pass_through,0,0.000,1.500,inf,1,1
1779542886.063739,pass_through,0,0.000,1.500,inf,1,1
1779542886.113715,pass_through,0,0.000,1.500,inf,1,1
1779542886.249682,pass_through,0,0.000,1.500,inf,1,1
1779542886.275110,pass_through,0,0.000,1.500,inf,1,1
1779542886.313758,pass_through,0,0.000,1.500,inf,1,1
1779542886.363728,pass_through,0,0.000,1.500,inf,1,1
1779542886.413740,pass_through,0,0.000,1.500,inf,1,1
1779542886.463910,pass_through,0,0.000,1.500,inf,1,1
1779542886.513764,pass_through,0,0.000,1.500,inf,1,1
1779542886.563831,pass_through,0,0.000,1.500,inf,1,1
1779542886.613874,pass_through,0,0.000,1.500,inf,1,1
1779542886.729412,pass_through,0,0.000,1.500,inf,1,1
1779542886.763731,pass_through,0,0.000,1.500,inf,1,1
1779542886.813714,pass_through,0,0.000,1.500,inf,1,1
1779542886.863754,pass_through,0,0.000,1.500,inf,1,1
1779542886.913867,pass_through,0,0.000,1.500,inf,1,1
1779542886.963826,pass_through,0,0.000,1.500,inf,1,1
1779542887.013647,pass_through,0,0.000,1.500,inf,1,1
1779542887.063792,pass_through,0,0.000,1.500,inf,1,1
1779542887.113793,pass_through,0,0.000,1.500,inf,1,1
1779542887.260321,pass_through,0,0.000,1.500,inf,1,1
1779542887.275039,pass_through,0,0.000,1.500,inf,1,1
1779542887.313754,pass_through,0,0.000,1.500,inf,1,1
1779542887.363803,pass_through,0,0.000,1.500,inf,1,1
1779542887.413895,pass_through,0,0.000,1.500,inf,1,1
1779542887.463913,pass_through,0,0.000,1.500,inf,1,1
1779542887.513698,pass_through,0,0.000,1.500,inf,1,1
1779542887.565899,pass_through,0,0.000,1.500,inf,1,1
1779542887.613678,pass_through,0,0.000,1.500,inf,1,1
1779542887.752572,pass_through,0,0.000,1.500,inf,1,1
1779542887.773523,pass_through,0,0.000,1.500,inf,1,1
1779542887.814158,pass_through,0,0.000,1.500,inf,1,1
1779542887.863709,pass_through,0,0.000,1.500,inf,1,1
1779542887.913932,pass_through,0,0.000,1.500,inf,1,1
1779542887.963890,pass_through,0,0.000,1.500,inf,1,1
1779542888.013672,pass_through,0,0.000,1.500,inf,1,1
1779542888.063766,pass_through,0,0.000,1.500,inf,1,1
1779542888.113690,pass_through,0,0.000,1.500,inf,1,1
1779542888.274704,pass_through,0,0.000,1.500,inf,1,1
1779542888.313872,pass_through,0,0.000,1.500,inf,1,1
1779542888.363779,pass_through,0,0.000,1.500,inf,1,1
1779542888.413692,pass_through,0,0.000,1.500,inf,1,1
1779542888.463769,pass_through,0,0.000,1.500,inf,1,1
1779542888.513932,pass_through,0,0.000,1.500,inf,1,1
1779542888.564312,pass_through,0,0.000,1.500,inf,1,1
1779542888.613863,pass_through,0,0.000,1.500,inf,1,1
1779542888.735385,pass_through,0,0.000,1.500,inf,1,1
1779542888.763855,pass_through,0,0.000,1.500,inf,1,1
1779542888.814155,pass_through,0,0.000,1.500,inf,1,1
1779542888.863854,pass_through,0,0.000,1.500,inf,1,1
1779542888.913996,pass_through,0,0.000,1.500,inf,1,1
1779542888.963789,pass_through,0,0.000,1.500,inf,1,1
1779542889.013716,pass_through,0,0.000,1.500,inf,1,1
1779542889.063816,pass_through,0,0.000,1.500,inf,1,1
1779542889.113887,pass_through,0,0.000,1.500,inf,1,1
1779542889.246867,pass_through,0,0.000,1.500,inf,1,1
1779542889.263672,pass_through,0,0.000,1.500,inf,1,1
1779542889.313796,pass_through,0,0.000,1.500,inf,1,1
1779542889.363858,pass_through,0,0.000,1.500,inf,1,1
1779542889.413769,pass_through,0,0.000,1.500,inf,1,1
1779542889.464352,pass_through,0,0.000,1.500,inf,1,1
1779542889.513764,pass_through,0,0.000,1.500,inf,1,1
1779542889.563848,pass_through,0,0.000,1.500,inf,1,1
1779542889.613700,pass_through,0,0.000,1.500,inf,1,1
1779542889.763975,pass_through,0,0.000,1.500,inf,1,1
1779542889.813719,pass_through,0,0.000,1.500,inf,1,1
1779542889.863815,pass_through,0,0.000,1.500,inf,1,1
1779542889.913657,pass_through,0,0.000,1.500,inf,1,1
1779542889.963759,pass_through,0,0.000,1.500,inf,1,1
1779542890.013742,pass_through,0,0.000,1.500,inf,1,1
1779542890.063770,pass_through,0,0.000,1.500,inf,1,1
1779542890.113737,pass_through,0,0.000,1.500,inf,1,1
1779542890.220258,pass_through,0,0.000,1.500,inf,1,1
1779542890.263814,pass_through,0,0.000,1.500,inf,1,1
1779542890.313660,pass_through,0,0.000,1.500,inf,1,1
1779542890.363779,pass_through,0,0.000,1.500,inf,1,1
1779542890.413825,pass_through,0,0.000,1.500,inf,1,1
1779542890.463782,pass_through,0,0.000,1.500,inf,1,1
1779542890.513778,pass_through,0,0.000,1.500,inf,1,1
1779542890.563795,pass_through,0,0.000,1.500,inf,1,1
1779542890.613685,pass_through,0,0.000,1.500,inf,1,1
1779542890.728807,pass_through,0,0.000,1.500,inf,1,1
1779542890.763785,pass_through,0,0.000,1.500,inf,1,1
1779542890.813824,pass_through,0,0.000,1.500,inf,1,1
1779542890.863807,pass_through,0,0.000,1.500,inf,1,1
1779542890.913665,pass_through,0,0.000,1.500,inf,1,1
1779542890.963740,pass_through,0,0.000,1.500,inf,1,1
1779542891.014208,pass_through,0,0.000,1.500,inf,1,1
1779542891.063828,pass_through,0,0.000,1.500,inf,1,1
1779542891.113756,pass_through,0,0.000,1.500,inf,1,1
1779542891.234392,pass_through,0,0.000,1.500,inf,1,1
1779542891.263773,pass_through,0,0.000,1.500,inf,1,1
1779542891.313816,pass_through,0,0.000,1.500,inf,1,1
1779542891.363938,pass_through,0,0.000,1.500,inf,1,1
1779542891.413671,pass_through,0,0.000,1.500,inf,1,1
1779542891.463821,pass_through,0,0.000,1.500,inf,1,1
1779542891.513747,pass_through,0,0.000,1.500,inf,1,1
1779542891.564097,pass_through,0,0.000,1.500,inf,1,1
1779542891.613776,pass_through,0,0.000,1.500,inf,1,1
1779542891.730624,pass_through,0,0.000,1.500,inf,1,1
1779542891.763785,pass_through,0,0.000,1.500,inf,1,1
1779542891.813737,pass_through,0,0.000,1.500,inf,1,1
1779542891.863906,pass_through,0,0.000,1.500,inf,1,1
1779542891.914374,pass_through,0,0.000,1.500,inf,1,1
1779542891.963791,pass_through,0,0.000,1.500,inf,1,1
1779542892.013767,pass_through,0,0.000,1.500,inf,1,1
1779542892.063770,pass_through,0,0.000,1.500,inf,1,1
1779542892.113671,pass_through,0,0.000,1.500,inf,1,1
1779542892.265382,pass_through,0,0.000,1.500,inf,1,1
1779542892.313710,pass_through,0,0.000,1.500,inf,1,1
1779542892.363729,pass_through,0,0.000,1.500,inf,1,1
1779542892.413720,pass_through,0,0.000,1.500,inf,1,1
1779542892.463778,pass_through,0,0.000,1.500,inf,1,1
1779542892.513698,pass_through,0,0.000,1.500,inf,1,1
1779542892.563793,pass_through,0,0.000,1.500,inf,1,1
1779542892.613688,pass_through,0,0.000,1.500,inf,1,1
1779542892.723842,pass_through,0,0.000,1.500,inf,1,1
1779542892.763768,pass_through,0,0.000,1.500,inf,1,1
1779542892.814013,pass_through,0,0.000,1.500,inf,1,1
1779542892.863764,pass_through,0,0.000,1.500,inf,1,1
1779542892.913780,pass_through,0,0.000,1.500,inf,1,1
1779542892.963713,pass_through,0,0.000,1.500,inf,1,1
1779542893.013709,pass_through,0,0.000,1.500,inf,1,1
1779542893.063802,pass_through,0,0.000,1.500,inf,1,1
1779542893.113711,pass_through,0,0.000,1.500,inf,1,1
1779542893.235242,pass_through,0,0.000,1.500,inf,1,1
1779542893.263750,pass_through,0,0.000,1.500,inf,1,1
1779542893.313733,pass_through,0,0.000,1.500,inf,1,1
1779542893.363720,pass_through,0,0.000,1.500,inf,1,1
1779542893.413884,pass_through,0,0.000,1.500,inf,1,1
1779542893.463774,pass_through,0,0.000,1.500,inf,1,1
1779542893.513683,pass_through,0,0.000,1.500,inf,1,1
1779542893.563757,pass_through,0,0.000,1.500,inf,1,1
1779542893.613740,pass_through,0,0.000,1.500,inf,1,1
1779542893.763234,pass_through,0,0.000,1.500,inf,1,1
1779542893.780833,pass_through,0,0.000,1.500,inf,1,1
1779542893.813693,pass_through,0,0.000,1.500,inf,1,1
1779542893.863749,pass_through,0,0.000,1.500,inf,1,1
1779542893.913715,pass_through,0,0.000,1.500,inf,1,1
1779542893.963811,pass_through,0,0.000,1.500,inf,1,1
1779542894.013761,pass_through,0,0.000,1.500,inf,1,1
1779542894.063883,pass_through,0,0.000,1.500,inf,1,1
1779542894.113869,pass_through,0,0.000,1.500,inf,1,1
1779542894.272462,pass_through,0,0.000,1.500,inf,1,1
1779542894.313832,pass_through,0,0.000,1.500,inf,1,1
1779542894.363785,pass_through,0,0.000,1.500,inf,1,1
1779542894.413948,pass_through,0,0.000,1.500,inf,1,1
1779542894.463816,pass_through,0,0.000,1.500,inf,1,1
1779542894.513699,pass_through,0,0.000,1.500,inf,1,1
1779542894.563787,pass_through,0,0.000,1.500,inf,1,1
1779542894.613698,pass_through,0,0.000,1.500,inf,1,1
1779542894.759965,pass_through,0,0.000,1.500,inf,1,1
1779542894.779228,pass_through,0,0.000,1.500,inf,1,1
1779542894.813701,pass_through,0,0.000,1.500,inf,1,1
1779542894.863767,pass_through,0,0.000,1.500,inf,1,1
1779542894.914619,pass_through,0,0.000,1.500,inf,1,1
1779542894.963762,pass_through,0,0.000,1.500,inf,1,1
1779542895.013695,pass_through,0,0.000,1.500,inf,1,1
1779542895.063754,pass_through,0,0.000,1.500,inf,1,1
1779542895.113645,pass_through,0,0.000,1.500,inf,1,1
1779542895.238810,pass_through,0,0.000,1.500,inf,1,1
1779542895.263698,pass_through,0,0.000,1.500,inf,1,1
1779542895.313708,pass_through,0,0.000,1.500,inf,1,1
1779542895.363800,avoid,1,-0.950,0.750,0.345,29,16
1779542895.645069,avoid,1,-0.950,0.750,0.345,29,16
1779542896.036604,avoid,1,-0.950,0.750,0.350,29,16
1779542896.301326,avoid,1,-0.950,0.750,0.349,29,16
1779542896.695654,avoid,1,-0.950,0.750,0.352,29,16
1779542897.102479,avoid,1,-0.950,0.750,0.348,29,16
1779542897.488302,avoid,1,-0.950,0.750,0.346,29,16
1779542897.917786,avoid,1,-0.950,0.750,0.349,29,16
1779542898.409441,avoid,1,-0.950,0.750,0.345,29,16
1779542898.841408,avoid,1,-1.050,0.750,0.452,29,10
1779542899.120757,avoid,1,-1.050,0.750,0.451,29,9
1779542899.398363,avoid,1,-1.050,0.750,0.448,29,9
1779542899.802818,avoid,1,-1.050,0.750,0.452,29,12
1779542900.102732,avoid,1,-1.050,0.750,0.459,29,29
1779542900.415331,avoid,1,-1.050,0.750,0.512,29,29
1779542900.873703,pass_through,0,0.000,1.500,inf,1,1
1779542900.913729,pass_through,0,0.000,1.500,inf,1,1
1779542900.963850,pass_through,0,0.000,1.500,inf,1,1
1779542901.013839,pass_through,0,0.000,1.500,inf,1,1
1779542901.063779,pass_through,0,0.000,1.500,inf,1,1
1779542901.113805,pass_through,0,0.000,1.500,inf,1,1
1779542901.268807,pass_through,0,0.000,1.500,inf,1,1
1779542901.313884,pass_through,0,0.000,1.500,inf,1,1
1779542901.363762,pass_through,0,0.000,1.500,inf,1,1
1779542901.413732,pass_through,0,0.000,1.500,inf,1,1
1779542901.463794,pass_through,0,0.000,1.500,inf,1,1
1779542901.513813,pass_through,0,0.000,1.500,inf,1,1
1779542901.563836,pass_through,0,0.000,1.500,inf,1,1
1779542901.613680,pass_through,0,0.000,1.500,inf,1,1
1779542901.760809,pass_through,0,0.000,1.500,inf,1,1
1779542901.788677,pass_through,0,0.000,1.500,inf,1,1
1779542901.815862,pass_through,0,0.000,1.500,inf,1,1
1779542901.863756,pass_through,0,0.000,1.500,inf,1,1
1779542901.913793,pass_through,0,0.000,1.500,inf,1,1
1779542901.963795,pass_through,0,0.000,1.500,inf,1,1
1779542902.013745,pass_through,0,0.000,1.500,inf,1,1
1779542902.063853,pass_through,0,0.000,1.500,inf,1,1
1779542902.113778,pass_through,0,0.000,1.500,inf,1,1
1779542902.223498,pass_through,0,0.000,1.500,inf,1,1
1779542902.263826,pass_through,0,0.000,1.500,inf,1,1
1779542902.313795,pass_through,0,0.000,1.500,inf,1,1
1779542902.363775,pass_through,0,0.000,1.500,inf,1,1
1779542902.413707,pass_through,0,0.000,1.500,inf,1,1
1779542902.464249,pass_through,0,0.000,1.500,inf,1,1
1779542902.513705,pass_through,0,0.000,1.500,inf,1,1
1779542902.563747,pass_through,0,0.000,1.500,inf,1,1
1779542902.613806,pass_through,0,0.000,1.500,inf,1,1
1779542902.741662,pass_through,0,0.000,1.500,inf,1,1
1779542902.767680,pass_through,0,0.000,1.500,inf,1,1
1779542902.813769,pass_through,0,0.000,1.500,inf,1,1
1779542902.863793,pass_through,0,0.000,1.500,inf,1,1
1779542902.914421,pass_through,0,0.000,1.500,inf,1,1
1779542902.964099,pass_through,0,0.000,1.500,inf,1,1
1779542903.014117,pass_through,0,0.000,1.500,inf,1,1
1779542903.063776,pass_through,0,0.000,1.500,inf,1,1
1779542903.114974,pass_through,0,0.000,1.500,inf,1,1
1779542903.231339,pass_through,0,0.000,1.500,inf,1,1
1779542903.263817,pass_through,0,0.000,1.500,inf,1,1
1779542903.313843,pass_through,0,0.000,1.500,inf,1,1
1779542903.363720,pass_through,0,0.000,1.500,inf,1,1
1779542903.413716,pass_through,0,0.000,1.500,inf,1,1
1779542903.463780,pass_through,0,0.000,1.500,inf,1,1
1779542903.513780,pass_through,0,0.000,1.500,inf,1,1
1779542903.563696,pass_through,0,0.000,1.500,inf,1,1
1779542903.613781,pass_through,0,0.000,1.500,inf,1,1
1779542903.769196,pass_through,0,0.000,1.500,inf,1,1
1779542903.813788,pass_through,0,0.000,1.500,inf,1,1
1779542903.863796,pass_through,0,0.000,1.500,inf,1,1
1779542903.913685,pass_through,0,0.000,1.500,inf,1,1
1779542903.963829,pass_through,0,0.000,1.500,inf,1,1
1779542904.013703,pass_through,0,0.000,1.500,inf,1,1
1779542904.063776,pass_through,0,0.000,1.500,inf,1,1
1779542904.114402,pass_through,0,0.000,1.500,inf,1,1
1779542904.244083,pass_through,0,0.000,1.500,inf,1,1
1779542904.263944,pass_through,0,0.000,1.500,inf,1,1
1779542904.314588,pass_through,0,0.000,1.500,inf,1,1
1779542904.363796,pass_through,0,0.000,1.500,inf,1,1
1779542904.413864,pass_through,0,0.000,1.500,inf,1,1
1779542904.463812,pass_through,0,0.000,1.500,inf,1,1
1779542904.513768,pass_through,0,0.000,1.500,inf,1,1
1779542904.563924,pass_through,0,0.000,1.500,inf,1,1
1779542904.613750,pass_through,0,0.000,1.500,inf,1,1
1779542904.743332,pass_through,0,0.000,1.500,inf,1,1
1779542904.764416,pass_through,0,0.000,1.500,inf,1,1
1779542904.813851,pass_through,0,0.000,1.500,inf,1,1
1779542904.863931,pass_through,0,0.000,1.500,inf,1,1
1779542904.914994,pass_through,0,0.000,1.500,inf,1,1
1779542904.963818,pass_through,0,0.000,1.500,inf,1,1
1779542905.013855,pass_through,0,0.000,1.500,inf,1,1
1779542905.063787,pass_through,0,0.000,1.500,inf,1,1
1779542905.113678,pass_through,0,0.000,1.500,inf,1,1
1779542905.254721,pass_through,0,0.000,1.500,inf,1,1
1779542905.270300,pass_through,0,0.000,1.500,inf,1,1
1779542905.313735,pass_through,0,0.000,1.500,inf,1,1
1779542905.364024,pass_through,0,0.000,1.500,inf,1,1
1779542905.413707,pass_through,0,0.000,1.500,inf,1,1
1779542905.463796,pass_through,0,0.000,1.500,inf,1,1
1779542905.513791,pass_through,0,0.000,1.500,inf,1,1
1779542905.563843,pass_through,0,0.000,1.500,inf,1,1
1779542905.613771,pass_through,0,0.000,1.500,inf,1,1
1779542905.730784,pass_through,0,0.000,1.500,inf,1,1
1779542905.764279,pass_through,0,0.000,1.500,inf,1,1
1779542905.813727,pass_through,0,0.000,1.500,inf,1,1
1779542905.863765,pass_through,0,0.000,1.500,inf,1,1
1779542905.913744,pass_through,0,0.000,1.500,inf,1,1
1779542905.963793,pass_through,0,0.000,1.500,inf,1,1
1779542906.013709,pass_through,0,0.000,1.500,inf,1,1
1779542906.063766,pass_through,0,0.000,1.500,inf,1,1
1779542906.113832,pass_through,0,0.000,1.500,inf,1,1
1779542906.255136,pass_through,0,0.000,1.500,inf,1,1
1779542906.275648,pass_through,0,0.000,1.500,inf,1,1
1779542906.313911,pass_through,0,0.000,1.500,inf,1,1
1779542906.364277,pass_through,0,0.000,1.500,inf,1,1
1779542906.413806,pass_through,0,0.000,1.500,inf,1,1
1779542906.463742,pass_through,0,0.000,1.500,inf,1,1
1779542906.513822,pass_through,0,0.000,1.500,inf,1,1
1779542906.563811,pass_through,0,0.000,1.500,inf,1,1
1779542906.614402,pass_through,0,0.000,1.500,inf,1,1
1779542906.732449,pass_through,0,0.000,1.500,inf,1,1
1779542906.763754,pass_through,0,0.000,1.500,inf,1,1
1779542906.813728,pass_through,0,0.000,1.500,inf,1,1
1779542906.863794,pass_through,0,0.000,1.500,inf,1,1
1779542906.914033,pass_through,0,0.000,1.500,inf,1,1
1779542906.963813,pass_through,0,0.000,1.500,inf,1,1
1779542907.013859,pass_through,0,0.000,1.500,inf,1,1
1779542907.063709,pass_through,0,0.000,1.500,inf,1,1
1779542907.113867,pass_through,0,0.000,1.500,inf,1,1
1779542907.226377,pass_through,0,0.000,1.500,inf,1,1
1779542907.263786,pass_through,0,0.000,1.500,inf,1,1
1779542907.313885,pass_through,0,0.000,1.500,inf,1,1
1779542907.363776,pass_through,0,0.000,1.500,inf,1,1
1779542907.413708,pass_through,0,0.000,1.500,inf,1,1
1779542907.464235,pass_through,0,0.000,1.500,inf,1,1
1779542907.513705,pass_through,0,0.000,1.500,inf,1,1
1779542907.564532,pass_through,0,0.000,1.500,inf,1,1
1779542907.613825,pass_through,0,0.000,1.500,inf,1,1
1779542907.726147,pass_through,0,0.000,1.500,inf,1,1
1779542907.763841,pass_through,0,0.000,1.500,inf,1,1
1779542907.813735,pass_through,0,0.000,1.500,inf,1,1
1779542907.863755,pass_through,0,0.000,1.500,inf,1,1
1779542907.913687,pass_through,0,0.000,1.500,inf,1,1
1779542907.963789,pass_through,0,0.000,1.500,inf,1,1
1779542908.013654,pass_through,0,0.000,1.500,inf,1,1
1779542908.063763,pass_through,0,0.000,1.500,inf,1,1
1779542908.113872,pass_through,0,0.000,1.500,inf,1,1
1779542908.258300,pass_through,0,0.000,1.500,inf,1,1
1779542908.274599,pass_through,0,0.000,1.500,inf,1,1
1779542908.313788,pass_through,0,0.000,1.500,inf,1,1
1779542908.363933,pass_through,0,0.000,1.500,inf,1,1
1779542908.413696,pass_through,0,0.000,1.500,inf,1,1
1779542908.463825,pass_through,0,0.000,1.500,inf,1,1
1779542908.513715,pass_through,0,0.000,1.500,inf,1,1
1779542908.563757,pass_through,0,0.000,1.500,inf,1,1
1779542908.613778,pass_through,0,0.000,1.500,inf,1,1
1779542908.756185,pass_through,0,0.000,1.500,inf,1,1
1779542908.782765,pass_through,0,0.000,1.500,inf,1,1
1779542908.813791,pass_through,0,0.000,1.500,inf,1,1
1779542908.863783,pass_through,0,0.000,1.500,inf,1,1
1779542908.913753,pass_through,0,0.000,1.500,inf,1,1
1779542908.963761,pass_through,0,0.000,1.500,inf,1,1
1779542909.013802,pass_through,0,0.000,1.500,inf,1,1
1779542909.063784,pass_through,0,0.000,1.500,inf,1,1
1779542909.113704,pass_through,0,0.000,1.500,inf,1,1
1779542909.229570,pass_through,0,0.000,1.500,inf,1,1
1779542909.263790,pass_through,0,0.000,1.500,inf,1,1
1779542909.313885,pass_through,0,0.000,1.500,inf,1,1
1779542909.363823,pass_through,0,0.000,1.500,inf,1,1
1779542909.413678,pass_through,0,0.000,1.500,inf,1,1
1779542909.463805,pass_through,0,0.000,1.500,inf,1,1
1779542909.513811,pass_through,0,0.000,1.500,inf,1,1
1779542909.563782,pass_through,0,0.000,1.500,inf,1,1
1779542909.613789,pass_through,0,0.000,1.500,inf,1,1
1779542909.762944,pass_through,0,0.000,1.500,inf,1,1
1779542909.791302,pass_through,0,0.000,1.500,inf,1,1
1779542909.819047,pass_through,0,0.000,1.500,inf,1,1
1779542909.863780,pass_through,0,0.000,1.500,inf,1,1
1779542909.914050,pass_through,0,0.000,1.500,inf,1,1
1779542909.963808,pass_through,0,0.000,1.500,inf,1,1
1779542910.013784,pass_through,0,0.000,1.500,inf,1,1
1779542910.063811,pass_through,0,0.000,1.500,inf,1,1
1779542910.113789,pass_through,0,0.000,1.500,inf,1,1
1779542910.257798,pass_through,0,0.000,1.500,inf,1,1
1779542910.273732,pass_through,0,0.000,1.500,inf,1,1
1779542910.313805,pass_through,0,0.000,1.500,inf,1,1
1779542910.363804,pass_through,0,0.000,1.500,inf,1,1
1779542910.413779,pass_through,0,0.000,1.500,inf,1,1
1779542910.463743,pass_through,0,0.000,1.500,inf,1,1
1779542910.513683,pass_through,0,0.000,1.500,inf,1,1
1779542910.563761,pass_through,0,0.000,1.500,inf,1,1
1779542910.613713,pass_through,0,0.000,1.500,inf,1,1
1779542910.724015,pass_through,0,0.000,1.500,inf,1,1
1779542910.763733,pass_through,0,0.000,1.500,inf,1,1
1779542910.813847,pass_through,0,0.000,1.500,inf,1,1
1779542910.863723,pass_through,0,0.000,1.500,inf,1,1
1779542910.913710,pass_through,0,0.000,1.500,inf,1,1
1779542910.963775,pass_through,0,0.000,1.500,inf,1,1
1779542911.013685,pass_through,0,0.000,1.500,inf,1,1
1779542911.063804,pass_through,0,0.000,1.500,inf,1,1
1779542911.113767,pass_through,0,0.000,1.500,inf,1,1
1779542911.261908,pass_through,0,0.000,1.500,inf,1,1
1779542911.290407,pass_through,0,0.000,1.500,inf,1,1
1779542911.316721,pass_through,0,0.000,1.500,inf,1,1
1779542911.363780,pass_through,0,0.000,1.500,inf,1,1
1779542911.413793,pass_through,0,0.000,1.500,inf,1,1
1779542911.463762,pass_through,0,0.000,1.500,inf,1,1
1779542911.513849,pass_through,0,0.000,1.500,inf,1,1
1779542911.563736,pass_through,0,0.000,1.500,inf,1,1
1779542911.613722,pass_through,0,0.000,1.500,inf,1,1
1779542911.727954,pass_through,0,0.000,1.500,inf,1,1
1779542911.763870,pass_through,0,0.000,1.500,inf,1,1
1779542911.813673,pass_through,0,0.000,1.500,inf,1,1
1779542911.863774,pass_through,0,0.000,1.500,inf,1,1
1779542911.913946,pass_through,0,0.000,1.500,inf,1,1
1779542911.963840,pass_through,0,0.000,1.500,inf,1,1
1779542912.013661,pass_through,0,0.000,1.500,inf,1,1
1779542912.063765,pass_through,0,0.000,1.500,inf,1,1
1779542912.113802,pass_through,0,0.000,1.500,inf,1,1
1779542912.264803,pass_through,0,0.000,1.500,inf,1,1
1779542912.313743,pass_through,0,0.000,1.500,inf,1,1
1779542912.363735,pass_through,0,0.000,1.500,inf,1,1
1779542912.413734,pass_through,0,0.000,1.500,inf,1,1
1779542912.463817,pass_through,0,0.000,1.500,inf,1,1
1779542912.513735,pass_through,0,0.000,1.500,inf,1,1
1779542912.563781,pass_through,0,0.000,1.500,inf,1,1
1779542912.613932,pass_through,0,0.000,1.500,inf,1,1
1779542912.741941,pass_through,0,0.000,1.500,inf,1,1
1779542912.764104,pass_through,0,0.000,1.500,inf,1,1
1779542912.813735,pass_through,0,0.000,1.500,inf,1,1
1779542912.863754,pass_through,0,0.000,1.500,inf,1,1
1779542912.914080,pass_through,0,0.000,1.500,inf,1,1
1779542912.963753,pass_through,0,0.000,1.500,inf,1,1
1779542913.013690,pass_through,0,0.000,1.500,inf,1,1
1779542913.063777,pass_through,0,0.000,1.500,inf,1,1
1779542913.113747,pass_through,0,0.000,1.500,inf,1,1
1779542913.225878,pass_through,0,0.000,1.500,inf,1,1
1779542913.263798,pass_through,0,0.000,1.500,inf,1,1
1779542913.313712,pass_through,0,0.000,1.500,inf,1,1
1779542913.363747,pass_through,0,0.000,1.500,inf,1,1
1779542913.413690,pass_through,0,0.000,1.500,inf,1,1
1779542913.463814,pass_through,0,0.000,1.500,inf,1,1
1779542913.513777,pass_through,0,0.000,1.500,inf,1,1
1779542913.563814,pass_through,0,0.000,1.500,inf,1,1
1779542913.613926,pass_through,0,0.000,1.500,inf,1,1
1779542913.766939,pass_through,0,0.000,1.500,inf,1,1
1779542913.813752,pass_through,0,0.000,1.500,inf,1,1
1779542913.863796,pass_through,0,0.000,1.500,inf,1,1
1779542913.913886,pass_through,0,0.000,1.500,inf,1,1
1779542913.963770,pass_through,0,0.000,1.500,inf,1,1
1779542914.013701,pass_through,0,0.000,1.500,inf,1,1
1779542914.063738,pass_through,0,0.000,1.500,inf,1,1
1779542914.113825,pass_through,0,0.000,1.500,inf,1,1
1779542914.265620,pass_through,0,0.000,1.500,inf,1,1
1779542914.313683,pass_through,0,0.000,1.500,inf,1,1
1779542914.363813,pass_through,0,0.000,1.500,inf,1,1
1779542914.413735,pass_through,0,0.000,1.500,inf,1,1
1779542914.463775,pass_through,0,0.000,1.500,inf,1,1
1779542914.513661,pass_through,0,0.000,1.500,inf,1,1
1779542914.563843,pass_through,0,0.000,1.500,inf,1,1
1779542914.613907,pass_through,0,0.000,1.500,inf,1,1
1779542914.774038,pass_through,0,0.000,1.500,inf,1,1
1779542914.813744,pass_through,0,0.000,1.500,inf,1,1
1779542914.863785,pass_through,0,0.000,1.500,inf,1,1
1779542914.914349,pass_through,0,0.000,1.500,inf,1,1
1779542914.963768,pass_through,0,0.000,1.500,inf,1,1
1779542915.013787,pass_through,0,0.000,1.500,inf,1,1
1779542915.063825,pass_through,0,0.000,1.500,inf,1,1
1779542915.113812,pass_through,0,0.000,1.500,inf,1,1
1779542915.230658,pass_through,0,0.000,1.500,inf,1,1
1779542915.263744,pass_through,0,0.000,1.500,inf,1,1
1779542915.313764,pass_through,0,0.000,1.500,inf,1,1
1779542915.363803,pass_through,0,0.000,1.500,inf,1,1
1779542915.414878,pass_through,0,0.000,1.500,inf,1,1
1779542915.463713,pass_through,0,0.000,1.500,inf,1,1
1779542915.513717,pass_through,0,0.000,1.500,inf,1,1
1779542915.563776,pass_through,0,0.000,1.500,inf,1,1
1779542915.613727,pass_through,0,0.000,1.500,inf,1,1
1779542915.757925,pass_through,0,0.000,1.500,inf,1,1
1779542915.785491,pass_through,0,0.000,1.500,inf,1,1
1779542915.813839,pass_through,0,0.000,1.500,inf,1,1
1779542915.863852,pass_through,0,0.000,1.500,inf,1,1
1779542915.913712,pass_through,0,0.000,1.500,inf,1,1
1779542915.963826,pass_through,0,0.000,1.500,inf,1,1
1779542916.013725,pass_through,0,0.000,1.500,inf,1,1
1779542916.063761,pass_through,0,0.000,1.500,inf,1,1
1779542916.113880,pass_through,0,0.000,1.500,inf,1,1
1779542916.250922,pass_through,0,0.000,1.500,inf,1,1
1779542916.277764,pass_through,0,0.000,1.500,inf,1,1
1779542916.313846,pass_through,0,0.000,1.500,inf,1,1
1779542916.363781,pass_through,0,0.000,1.500,inf,1,1
1779542916.413763,pass_through,0,0.000,1.500,inf,1,1
1779542916.463850,pass_through,0,0.000,1.500,inf,1,1
1779542916.513829,pass_through,0,0.000,1.500,inf,1,1
1779542916.563850,pass_through,0,0.000,1.500,inf,1,1
1779542916.613780,pass_through,0,0.000,1.500,inf,1,1
1779542916.763730,pass_through,0,0.000,1.500,inf,1,1
1779542916.813723,pass_through,0,0.000,1.500,inf,1,1
1779542916.863782,pass_through,0,0.000,1.500,inf,1,1
1779542916.913690,pass_through,0,0.000,1.500,inf,1,1
1779542916.963825,pass_through,0,0.000,1.500,inf,1,1
1779542917.013718,pass_through,0,0.000,1.500,inf,1,1
1779542917.063797,pass_through,0,0.000,1.500,inf,1,1
1779542917.113725,pass_through,0,0.000,1.500,inf,1,1
1779542917.222945,pass_through,0,0.000,1.500,inf,1,1
1779542917.263720,pass_through,0,0.000,1.500,inf,1,1
1779542917.313674,pass_through,0,0.000,1.500,inf,1,1
1779542917.363825,pass_through,0,0.000,1.500,inf,1,1
1779542917.413613,pass_through,0,0.000,1.500,inf,1,1
1779542917.463764,pass_through,0,0.000,1.500,inf,1,1
1779542917.513710,pass_through,0,0.000,1.500,inf,1,1
1779542917.563818,pass_through,0,0.000,1.500,inf,1,1
1779542917.613720,pass_through,0,0.000,1.500,inf,1,1
1779542917.734758,pass_through,0,0.000,1.500,inf,1,1
1779542917.765482,pass_through,0,0.000,1.500,inf,1,1
1779542917.813825,pass_through,0,0.000,1.500,inf,1,1
1779542917.863754,pass_through,0,0.000,1.500,inf,1,1
1779542917.913789,pass_through,0,0.000,1.500,inf,1,1
1779542917.963825,pass_through,0,0.000,1.500,inf,1,1
1779542918.013748,pass_through,0,0.000,1.500,inf,1,1
1779542918.063799,pass_through,0,0.000,1.500,inf,1,1
1779542918.113851,pass_through,0,0.000,1.500,inf,1,1
1779542918.227596,pass_through,0,0.000,1.500,inf,1,1
1779542918.263797,pass_through,0,0.000,1.500,inf,1,1
1779542918.313696,pass_through,0,0.000,1.500,inf,1,1
1779542918.363827,pass_through,0,0.000,1.500,inf,1,1
1779542918.414267,pass_through,0,0.000,1.500,inf,1,1
1779542918.463760,pass_through,0,0.000,1.500,inf,1,1
1779542918.513684,pass_through,0,0.000,1.500,inf,1,1
1779542918.563741,pass_through,0,0.000,1.500,inf,1,1
1779542918.613732,pass_through,0,0.000,1.500,inf,1,1
1779542918.738768,pass_through,0,0.000,1.500,inf,1,1
1779542918.763790,pass_through,0,0.000,1.500,inf,1,1
1779542918.813800,pass_through,0,0.000,1.500,inf,1,1
1779542918.863794,pass_through,0,0.000,1.500,inf,1,1
1779542918.913820,pass_through,0,0.000,1.500,inf,1,1
1779542918.963747,pass_through,0,0.000,1.500,inf,1,1
1779542919.013701,pass_through,0,0.000,1.500,inf,1,1
1779542919.063838,pass_through,0,0.000,1.500,inf,1,1
1779542919.114338,pass_through,0,0.000,1.500,inf,1,1
1779542919.237447,pass_through,0,0.000,1.500,inf,1,1
1779542919.263731,pass_through,0,0.000,1.500,inf,1,1
1779542919.313698,pass_through,0,0.000,1.500,inf,1,1
1779542919.363772,pass_through,0,0.000,1.500,inf,1,1
1779542919.413758,pass_through,0,0.000,1.500,inf,1,1
1779542919.463778,pass_through,0,0.000,1.500,inf,1,1
1779542919.513783,pass_through,0,0.000,1.500,inf,1,1
1779542919.563819,pass_through,0,0.000,1.500,inf,1,1
1779542919.613747,pass_through,0,0.000,1.500,inf,1,1
1779542919.728951,pass_through,0,0.000,1.500,inf,1,1
1779542919.763743,pass_through,0,0.000,1.500,inf,1,1
1779542919.813805,pass_through,0,0.000,1.500,inf,1,1
1779542919.863745,pass_through,0,0.000,1.500,inf,1,1
1779542919.913736,pass_through,0,0.000,1.500,inf,1,1
1779542919.963684,pass_through,0,0.000,1.500,inf,1,1
1779542920.013767,pass_through,0,0.000,1.500,inf,1,1
1779542920.063849,pass_through,0,0.000,1.500,inf,1,1
1779542920.113946,pass_through,0,0.000,1.500,inf,1,1
1779542920.237569,pass_through,0,0.000,1.500,inf,1,1
1779542920.263777,pass_through,0,0.000,1.500,inf,1,1
1779542920.313915,pass_through,0,0.000,1.500,inf,1,1
1779542920.363761,pass_through,0,0.000,1.500,inf,1,1
1779542920.413728,pass_through,0,0.000,1.500,inf,1,1
1779542920.463874,pass_through,0,0.000,1.500,inf,1,1
1779542920.513757,pass_through,0,0.000,1.500,inf,1,1
1779542920.563840,pass_through,0,0.000,1.500,inf,1,1
1779542920.613676,pass_through,0,0.000,1.500,inf,1,1
1779542920.789532,pass_through,0,0.000,1.500,inf,1,1
1779542920.817719,pass_through,0,0.000,1.500,inf,1,1
1779542920.863788,pass_through,0,0.000,1.500,inf,1,1
1779542920.913870,pass_through,0,0.000,1.500,inf,1,1
1779542920.963851,pass_through,0,0.000,1.500,inf,1,1
1779542921.013667,pass_through,0,0.000,1.500,inf,1,1
1779542921.063834,pass_through,0,0.000,1.500,inf,1,1
1779542921.113928,pass_through,0,0.000,1.500,inf,1,1
1779542921.237639,pass_through,0,0.000,1.500,inf,1,1
1779542921.263752,pass_through,0,0.000,1.500,inf,1,1
1779542921.313716,pass_through,0,0.000,1.500,inf,1,1
1779542921.363723,pass_through,0,0.000,1.500,inf,1,1
1779542921.413719,pass_through,0,0.000,1.500,inf,1,1
1779542921.463783,pass_through,0,0.000,1.500,inf,1,1
1779542921.513986,pass_through,0,0.000,1.500,inf,1,1
1779542921.563775,pass_through,0,0.000,1.500,inf,1,1
1779542921.613709,pass_through,0,0.000,1.500,inf,1,1
1779542921.731401,pass_through,0,0.000,1.500,inf,1,1
1779542921.764529,pass_through,0,0.000,1.500,inf,1,1
1779542921.813714,pass_through,0,0.000,1.500,inf,1,1
1779542921.863884,pass_through,0,0.000,1.500,inf,1,1
1779542921.913720,pass_through,0,0.000,1.500,inf,1,1
1779542921.963784,pass_through,0,0.000,1.500,inf,1,1
1779542922.013829,pass_through,0,0.000,1.500,inf,1,1
1779542922.063831,pass_through,0,0.000,1.500,inf,1,1
1779542922.113730,pass_through,0,0.000,1.500,inf,1,1
1779542922.252726,pass_through,0,0.000,1.500,inf,1,1
1779542922.266889,pass_through,0,0.000,1.500,inf,1,1
1779542922.313700,pass_through,0,0.000,1.500,inf,1,1
1779542922.363793,pass_through,0,0.000,1.500,inf,1,1
1779542922.413678,pass_through,0,0.000,1.500,inf,1,1
1779542922.463747,pass_through,0,0.000,1.500,inf,1,1
1779542922.513714,pass_through,0,0.000,1.500,inf,1,1
1779542922.563807,pass_through,0,0.000,1.500,inf,1,1
1779542922.613743,pass_through,0,0.000,1.500,inf,1,1
1779542922.729759,pass_through,0,0.000,1.500,inf,1,1
1779542922.763797,pass_through,0,0.000,1.500,inf,1,1
1779542922.813676,pass_through,0,0.000,1.500,inf,1,1
1779542922.863822,pass_through,0,0.000,1.500,inf,1,1
1779542922.913710,pass_through,0,0.000,1.500,inf,1,1
1779542922.963750,pass_through,0,0.000,1.500,inf,1,1
1779542923.013780,pass_through,0,0.000,1.500,inf,1,1
1779542923.063767,pass_through,0,0.000,1.500,inf,1,1
1779542923.113740,pass_through,0,0.000,1.500,inf,1,1
1779542923.256959,pass_through,0,0.000,1.500,inf,1,1
1779542923.281420,pass_through,0,0.000,1.500,inf,1,1
1779542923.313706,pass_through,0,0.000,1.500,inf,1,1
1779542923.363783,pass_through,0,0.000,1.500,inf,1,1
1779542923.413667,pass_through,0,0.000,1.500,inf,1,1
1779542923.463732,pass_through,0,0.000,1.500,inf,1,1
1779542923.513744,pass_through,0,0.000,1.500,inf,1,1
1779542923.563783,pass_through,0,0.000,1.500,inf,1,1
1779542923.613745,pass_through,0,0.000,1.500,inf,1,1
1779542923.741502,pass_through,0,0.000,1.500,inf,1,1
1779542923.763745,pass_through,0,0.000,1.500,inf,1,1
1779542923.813836,pass_through,0,0.000,1.500,inf,1,1
1779542923.863764,pass_through,0,0.000,1.500,inf,1,1
1779542923.913718,pass_through,0,0.000,1.500,inf,1,1
1779542923.963787,pass_through,0,0.000,1.500,inf,1,1
1779542924.013723,pass_through,0,0.000,1.500,inf,1,1
1779542924.063733,pass_through,0,0.000,1.500,inf,1,1
1779542924.113655,pass_through,0,0.000,1.500,inf,1,1
1779542924.254792,pass_through,0,0.000,1.500,inf,1,1
1779542924.280164,pass_through,0,0.000,1.500,inf,1,1
1779542924.314127,pass_through,0,0.000,1.500,inf,1,1
1779542924.363779,pass_through,0,0.000,1.500,inf,1,1
1779542924.413746,pass_through,0,0.000,1.500,inf,1,1
1779542924.463748,pass_through,0,0.000,1.500,inf,1,1
1779542924.513827,pass_through,0,0.000,1.500,inf,1,1
1779542924.563799,pass_through,0,0.000,1.500,inf,1,1
1779542924.613733,pass_through,0,0.000,1.500,inf,1,1
1779542924.751557,pass_through,0,0.000,1.500,inf,1,1
1779542924.768157,pass_through,0,0.000,1.500,inf,1,1
1779542924.813738,pass_through,0,0.000,1.500,inf,1,1
1779542924.863797,pass_through,0,0.000,1.500,inf,1,1
1779542924.913710,pass_through,0,0.000,1.500,inf,1,1
1779542924.963770,pass_through,0,0.000,1.500,inf,1,1
1779542925.013938,pass_through,0,0.000,1.500,inf,1,1
1779542925.063810,pass_through,0,0.000,1.500,inf,1,1
1779542925.113683,pass_through,0,0.000,1.500,inf,1,1
1779542925.237677,pass_through,0,0.000,1.500,inf,1,1
1779542925.264295,pass_through,0,0.000,1.500,inf,1,1
1779542925.313705,pass_through,0,0.000,1.500,inf,1,1
1779542925.363715,pass_through,0,0.000,1.500,inf,1,1
1779542925.413766,pass_through,0,0.000,1.500,inf,1,1
1779542925.463850,pass_through,0,0.000,1.500,inf,1,1
1779542925.513728,pass_through,0,0.000,1.500,inf,1,1
1779542925.563827,pass_through,0,0.000,1.500,inf,1,1
1779542925.613775,pass_through,0,0.000,1.500,inf,1,1
1779542925.757461,pass_through,0,0.000,1.500,inf,1,1
1779542925.773953,pass_through,0,0.000,1.500,inf,1,1
1779542925.813785,pass_through,0,0.000,1.500,inf,1,1
1779542925.863756,pass_through,0,0.000,1.500,inf,1,1
1779542925.913664,pass_through,0,0.000,1.500,inf,1,1
1779542925.963725,pass_through,0,0.000,1.500,inf,1,1
1779542926.013735,pass_through,0,0.000,1.500,inf,1,1
1779542926.063869,pass_through,0,0.000,1.500,inf,1,1
1779542926.113744,pass_through,0,0.000,1.500,inf,1,1
1779542926.261814,pass_through,0,0.000,1.500,inf,1,1
1779542926.287294,pass_through,0,0.000,1.500,inf,1,1
1779542926.313835,pass_through,0,0.000,1.500,inf,1,1
1779542926.364613,pass_through,0,0.000,1.500,inf,1,1
1779542926.413707,pass_through,0,0.000,1.500,inf,1,1
1779542926.463771,pass_through,0,0.000,1.500,inf,1,1
1779542926.513737,pass_through,0,0.000,1.500,inf,1,1
1779542926.563935,pass_through,0,0.000,1.500,inf,1,1
1779542926.613803,pass_through,0,0.000,1.500,inf,1,1
1779542926.764879,pass_through,0,0.000,1.500,inf,1,1
1779542926.813784,pass_through,0,0.000,1.500,inf,1,1
1779542926.863733,pass_through,0,0.000,1.500,inf,1,1
1779542926.913814,pass_through,0,0.000,1.500,inf,1,1
1779542926.963923,pass_through,0,0.000,1.500,inf,1,1
1779542927.013814,pass_through,0,0.000,1.500,inf,1,1
1779542927.063775,pass_through,0,0.000,1.500,inf,1,1
1779542927.113732,pass_through,0,0.000,1.500,inf,1,1
1779542927.224847,pass_through,0,0.000,1.500,inf,1,1
1779542927.264132,pass_through,0,0.000,1.500,inf,1,1
1779542927.313835,pass_through,0,0.000,1.500,inf,1,1
1779542927.363937,pass_through,0,0.000,1.500,inf,1,1
1779542927.413796,pass_through,0,0.000,1.500,inf,1,1
1779542927.463806,pass_through,0,0.000,1.500,inf,1,1
1779542927.513772,pass_through,0,0.000,1.500,inf,1,1
1779542927.563748,pass_through,0,0.000,1.500,inf,1,1
1779542927.613749,pass_through,0,0.000,1.500,inf,1,1
1779542927.765085,pass_through,0,0.000,1.500,inf,1,1
1779542927.813763,pass_through,0,0.000,1.500,inf,1,1
1779542927.863994,pass_through,0,0.000,1.500,inf,1,1
1779542927.913691,pass_through,0,0.000,1.500,inf,1,1
1779542927.963768,pass_through,0,0.000,1.500,inf,1,1
1779542928.013973,pass_through,0,0.000,1.500,inf,1,1
1779542928.063897,pass_through,0,0.000,1.500,inf,1,1
1779542928.113739,pass_through,0,0.000,1.500,inf,1,1
1779542928.245927,pass_through,0,0.000,1.500,inf,1,1
1779542928.263728,pass_through,0,0.000,1.500,inf,1,1
1779542928.313735,pass_through,0,0.000,1.500,inf,1,1
1779542928.363725,pass_through,0,0.000,1.500,inf,1,1
1779542928.413857,pass_through,0,0.000,1.500,inf,1,1
1779542928.463818,pass_through,0,0.000,1.500,inf,1,1
1779542928.513793,pass_through,0,0.000,1.500,inf,1,1
1779542928.563788,pass_through,0,0.000,1.500,inf,1,1
1779542928.613749,pass_through,0,0.000,1.500,inf,1,1
1779542928.749067,pass_through,0,0.000,1.500,inf,1,1
1779542928.764990,pass_through,0,0.000,1.500,inf,1,1
1779542928.813770,pass_through,0,0.000,1.500,inf,1,1
1779542928.864290,pass_through,0,0.000,1.500,inf,1,1
1779542928.913932,pass_through,0,0.000,1.500,inf,1,1
1779542928.963811,pass_through,0,0.000,1.500,inf,1,1
1779542929.013703,pass_through,0,0.000,1.500,inf,1,1
1779542929.063772,pass_through,0,0.000,1.500,inf,1,1
1779542929.113721,pass_through,0,0.000,1.500,inf,1,1
1779542929.244966,pass_through,0,0.000,1.500,inf,1,1
1779542929.268596,pass_through,0,0.000,1.500,inf,1,1
1779542929.313653,pass_through,0,0.000,1.500,inf,1,1
1779542929.363781,pass_through,0,0.000,1.500,inf,1,1
1779542929.413776,pass_through,0,0.000,1.500,inf,1,1
1779542929.463761,pass_through,0,0.000,1.500,inf,1,1
1779542929.513752,pass_through,0,0.000,1.500,inf,1,1
1779542929.563768,pass_through,0,0.000,1.500,inf,1,1
1779542929.613794,pass_through,0,0.000,1.500,inf,1,1
1779542929.763296,pass_through,0,0.000,1.500,inf,1,1
1779542929.787643,pass_through,0,0.000,1.500,inf,1,1
1779542929.814417,pass_through,0,0.000,1.500,inf,1,1
1779542929.863753,pass_through,0,0.000,1.500,inf,1,1
1779542929.914499,pass_through,0,0.000,1.500,inf,1,1
1779542929.963791,pass_through,0,0.000,1.500,inf,1,1
1779542930.013751,pass_through,0,0.000,1.500,inf,1,1
1779542930.063799,pass_through,0,0.000,1.500,inf,1,1
1779542930.113743,pass_through,0,0.000,1.500,inf,1,1
1779542930.264140,pass_through,0,0.000,1.500,inf,1,1
1779542930.313864,pass_through,0,0.000,1.500,inf,1,1
1779542930.363782,pass_through,0,0.000,1.500,inf,1,1
1779542930.413714,pass_through,0,0.000,1.500,inf,1,1
1779542930.463751,pass_through,0,0.000,1.500,inf,1,1
1779542930.513783,pass_through,0,0.000,1.500,inf,1,1
1779542930.563851,pass_through,0,0.000,1.500,inf,1,1
1779542930.613802,pass_through,0,0.000,1.500,inf,1,1
1779542930.778322,pass_through,0,0.000,1.500,inf,1,1
1779542930.813799,pass_through,0,0.000,1.500,inf,1,1
1779542930.863791,pass_through,0,0.000,1.500,inf,1,1
1779542930.913883,pass_through,0,0.000,1.500,inf,1,1
1779542930.963818,pass_through,0,0.000,1.500,inf,1,1
1779542931.013866,pass_through,0,0.000,1.500,inf,1,1
1779542931.063789,pass_through,0,0.000,1.500,inf,1,1
1779542931.113947,pass_through,0,0.000,1.500,inf,1,1
1779542931.235714,pass_through,0,0.000,1.500,inf,1,1
1779542931.263819,pass_through,0,0.000,1.500,inf,1,1
1779542931.313680,pass_through,0,0.000,1.500,inf,1,1
1779542931.363816,pass_through,0,0.000,1.500,inf,1,1
1779542931.413933,pass_through,0,0.000,1.500,inf,1,1
1779542931.463801,pass_through,0,0.000,1.500,inf,1,1
1779542931.513757,pass_through,0,0.000,1.500,inf,1,1
1779542931.563839,pass_through,0,0.000,1.500,inf,1,1
1779542931.614017,pass_through,0,0.000,1.500,inf,1,1
1779542931.774874,pass_through,0,0.000,1.500,inf,1,1
1779542931.813727,pass_through,0,0.000,1.500,inf,1,1
1779542931.863762,pass_through,0,0.000,1.500,inf,1,1
1779542931.914010,pass_through,0,0.000,1.500,inf,1,1
1779542931.963765,pass_through,0,0.000,1.500,inf,1,1
1779542932.013738,pass_through,0,0.000,1.500,inf,1,1
1779542932.063844,pass_through,0,0.000,1.500,inf,1,1
1779542932.113760,pass_through,0,0.000,1.500,inf,1,1
1779542932.229317,pass_through,0,0.000,1.500,inf,1,1
1779542932.264384,pass_through,0,0.000,1.500,inf,1,1
1779542932.313748,pass_through,0,0.000,1.500,inf,1,1
1779542932.363798,pass_through,0,0.000,1.500,inf,1,1
1779542932.413805,pass_through,0,0.000,1.500,inf,1,1
1779542932.463997,pass_through,0,0.000,1.500,inf,1,1
1779542932.513901,pass_through,0,0.000,1.500,inf,1,1
1779542932.563818,pass_through,0,0.000,1.500,inf,1,1
1779542932.613673,pass_through,0,0.000,1.500,inf,1,1
1779542932.719598,pass_through,0,0.000,1.500,inf,1,1
1779542932.763755,pass_through,0,0.000,1.500,inf,1,1
1779542932.813789,pass_through,0,0.000,1.500,inf,1,1
1779542932.863844,pass_through,0,0.000,1.500,inf,1,1
1779542932.913693,pass_through,0,0.000,1.500,inf,1,1
1779542932.965120,pass_through,0,0.000,1.500,inf,1,1
1779542933.013716,pass_through,0,0.000,1.500,inf,1,1
1779542933.063810,pass_through,0,0.000,1.500,inf,1,1
1779542933.113732,pass_through,0,0.000,1.500,inf,1,1
1779542933.227535,pass_through,0,0.000,1.500,inf,1,1
1779542933.263724,pass_through,0,0.000,1.500,inf,1,1
1779542933.313668,pass_through,0,0.000,1.500,inf,1,1
1779542933.363990,pass_through,0,0.000,1.500,inf,1,1
1779542933.413791,pass_through,0,0.000,1.500,inf,1,1
1779542933.463817,pass_through,0,0.000,1.500,inf,1,1
1779542933.513833,pass_through,0,0.000,1.500,inf,1,1
1779542933.563777,pass_through,0,0.000,1.500,inf,1,1
1779542933.613715,pass_through,0,0.000,1.500,inf,1,1
1779542933.770905,pass_through,0,0.000,1.500,inf,1,1
1779542933.813705,pass_through,0,0.000,1.500,inf,1,1
1779542933.863755,pass_through,0,0.000,1.500,inf,1,1
1779542933.913728,pass_through,0,0.000,1.500,inf,1,1
1779542933.963708,pass_through,0,0.000,1.500,inf,1,1
1779542934.013821,pass_through,0,0.000,1.500,inf,1,1
1779542934.063876,pass_through,0,0.000,1.500,inf,1,1
1779542934.113791,pass_through,0,0.000,1.500,inf,1,1
1779542934.224751,pass_through,0,0.000,1.500,inf,1,1
1779542934.263797,pass_through,0,0.000,1.500,inf,1,1
1779542934.313777,pass_through,0,0.000,1.500,inf,1,1
1779542934.363789,pass_through,0,0.000,1.500,inf,1,1
1779542934.413811,pass_through,0,0.000,1.500,inf,1,1
1779542934.463859,pass_through,0,0.000,1.500,inf,1,1
1779542934.513820,pass_through,0,0.000,1.500,inf,1,1
1779542934.563790,pass_through,0,0.000,1.500,inf,1,1
1779542934.613641,pass_through,0,0.000,1.500,inf,1,1
1779542934.749430,pass_through,0,0.000,1.500,inf,1,1
1779542934.765572,pass_through,0,0.000,1.500,inf,1,1
1779542934.813797,pass_through,0,0.000,1.500,inf,1,1
1779542934.863755,pass_through,0,0.000,1.500,inf,1,1
1779542934.913819,pass_through,0,0.000,1.500,inf,1,1
1779542934.963939,pass_through,0,0.000,1.500,inf,1,1
1779542935.013834,pass_through,0,0.000,1.500,inf,1,1
1779542935.063761,pass_through,0,0.000,1.500,inf,1,1
1779542935.113712,pass_through,0,0.000,1.500,inf,1,1
1779542935.266611,pass_through,0,0.000,1.500,inf,1,1
1779542935.313857,pass_through,0,0.000,1.500,inf,1,1
1779542935.363823,pass_through,0,0.000,1.500,inf,1,1
1779542935.413731,pass_through,0,0.000,1.500,inf,1,1
1779542935.463748,pass_through,0,0.000,1.500,inf,1,1
1779542935.513657,pass_through,0,0.000,1.500,inf,1,1
1779542935.563784,pass_through,0,0.000,1.500,inf,1,1
1779542935.613746,pass_through,0,0.000,1.500,inf,1,1
1779542935.727556,pass_through,0,0.000,1.500,inf,1,1
1779542935.763800,pass_through,0,0.000,1.500,inf,1,1
1779542935.813722,pass_through,0,0.000,1.500,inf,1,1
1779542935.863727,pass_through,0,0.000,1.500,inf,1,1
1779542935.913783,pass_through,0,0.000,1.500,inf,1,1
1779542935.963754,pass_through,0,0.000,1.500,inf,1,1
1779542936.013810,pass_through,0,0.000,1.500,inf,1,1
1779542936.063725,pass_through,0,0.000,1.500,inf,1,1
1779542936.114169,pass_through,0,0.000,1.500,inf,1,1
1779542936.247707,pass_through,0,0.000,1.500,inf,1,1
1779542936.263883,pass_through,0,0.000,1.500,inf,1,1
1779542936.313725,pass_through,0,0.000,1.500,inf,1,1
1779542936.363746,pass_through,0,0.000,1.500,inf,1,1
1779542936.413802,pass_through,0,0.000,1.500,inf,1,1
1779542936.463753,pass_through,0,0.000,1.500,inf,1,1
1779542936.513689,pass_through,0,0.000,1.500,inf,1,1
1779542936.563778,pass_through,0,0.000,1.500,inf,1,1
1779542936.613795,pass_through,0,0.000,1.500,inf,1,1
1779542936.722462,pass_through,0,0.000,1.500,inf,1,1
1779542936.763807,pass_through,0,0.000,1.500,inf,1,1
1779542936.813782,pass_through,0,0.000,1.500,inf,1,1
1779542936.863701,pass_through,0,0.000,1.500,inf,1,1
1779542936.913806,pass_through,0,0.000,1.500,inf,1,1
1779542936.963836,pass_through,0,0.000,1.500,inf,1,1
1779542937.013717,pass_through,0,0.000,1.500,inf,1,1
1779542937.063767,pass_through,0,0.000,1.500,inf,1,1
1779542937.113809,pass_through,0,0.000,1.500,inf,1,1
1779542937.237257,pass_through,0,0.000,1.500,inf,1,1
1779542937.263831,pass_through,0,0.000,1.500,inf,1,1
1779542937.314875,pass_through,0,0.000,1.500,inf,1,1
1779542937.363837,pass_through,0,0.000,1.500,inf,1,1
1779542937.413727,pass_through,0,0.000,1.500,inf,1,1
1779542937.463756,pass_through,0,0.000,1.500,inf,1,1
1779542937.513781,pass_through,0,0.000,1.500,inf,1,1
1779542937.563770,pass_through,0,0.000,1.500,inf,1,1
1779542937.613772,pass_through,0,0.000,1.500,inf,1,1
1779542937.771955,pass_through,0,0.000,1.500,inf,1,1
1779542937.813712,pass_through,0,0.000,1.500,inf,1,1
1779542937.863798,pass_through,0,0.000,1.500,inf,1,1
1779542937.913743,pass_through,0,0.000,1.500,inf,1,1
1779542937.963811,pass_through,0,0.000,1.500,inf,1,1
1779542938.013793,pass_through,0,0.000,1.500,inf,1,1
1779542938.063789,pass_through,0,0.000,1.500,inf,1,1
1779542938.114122,pass_through,0,0.000,1.500,inf,1,1
1779542938.165907,pass_through,0,0.000,1.500,inf,1,1
1779542938.319360,pass_through,0,0.000,1.500,inf,1,1
1779542938.363816,pass_through,0,0.000,1.500,inf,1,1
1779542938.413796,pass_through,0,0.000,1.500,inf,1,1
1779542938.463780,pass_through,0,0.000,1.500,inf,1,1
1779542938.513747,pass_through,0,0.000,1.500,inf,1,1
1779542938.563884,pass_through,0,0.000,1.500,inf,1,1
1779542938.613812,pass_through,0,0.000,1.500,inf,1,1
1779542938.770329,pass_through,0,0.000,1.500,inf,1,1
1779542938.814030,pass_through,0,0.000,1.500,inf,1,1
1779542938.865211,pass_through,0,0.000,1.500,inf,1,1
1779542938.913821,pass_through,0,0.000,1.500,inf,1,1
1779542938.964991,pass_through,0,0.000,1.500,inf,1,1
1779542939.013740,pass_through,0,0.000,1.500,inf,1,1
1779542939.063824,pass_through,0,0.000,1.500,inf,1,1
1779542939.113748,pass_through,0,0.000,1.500,inf,1,1
1779542939.264258,pass_through,0,0.000,1.500,inf,1,1
1779542939.313740,pass_through,0,0.000,1.500,inf,1,1
1779542939.363768,pass_through,0,0.000,1.500,inf,1,1
1779542939.414132,pass_through,0,0.000,1.500,inf,1,1
1779542939.463817,pass_through,0,0.000,1.500,inf,1,1
1779542939.514749,pass_through,0,0.000,1.500,inf,1,1
1779542939.563727,pass_through,0,0.000,1.500,inf,1,1
1779542939.613716,pass_through,0,0.000,1.500,inf,1,1
1779542939.728395,pass_through,0,0.000,1.500,inf,1,1
1779542939.763832,pass_through,0,0.000,1.500,inf,1,1
1779542939.813717,pass_through,0,0.000,1.500,inf,1,1
1779542939.863858,pass_through,0,0.000,1.500,inf,1,1
1779542939.913761,pass_through,0,0.000,1.500,inf,1,1
1779542939.963767,pass_through,0,0.000,1.500,inf,1,1
1779542940.013720,pass_through,0,0.000,1.500,inf,1,1
1779542940.063784,pass_through,0,0.000,1.500,inf,1,1
1779542940.113892,pass_through,0,0.000,1.500,inf,1,1
1779542940.230369,pass_through,0,0.000,1.500,inf,1,1
1779542940.263689,pass_through,0,0.000,1.500,inf,1,1
1779542940.313712,pass_through,0,0.000,1.500,inf,1,1
1779542940.363757,pass_through,0,0.000,1.500,inf,1,1
1779542940.413724,pass_through,0,0.000,1.500,inf,1,1
1779542940.463766,pass_through,0,0.000,1.500,inf,1,1
1779542940.513721,pass_through,0,0.000,1.500,inf,1,1
1779542940.563760,pass_through,0,0.000,1.500,inf,1,1
1779542940.613749,pass_through,0,0.000,1.500,inf,1,1
1779542940.764671,pass_through,0,0.000,1.500,inf,1,1
1779542940.813729,pass_through,0,0.000,1.500,inf,1,1
1779542940.863784,pass_through,0,0.000,1.500,inf,1,1
1779542940.913686,pass_through,0,0.000,1.500,inf,1,1
1779542940.963714,pass_through,0,0.000,1.500,inf,1,1
1779542941.013661,pass_through,0,0.000,1.500,inf,1,1
1779542941.064218,pass_through,0,0.000,1.500,inf,1,1
1779542941.113662,pass_through,0,0.000,1.500,inf,1,1
1779542941.256582,pass_through,0,0.000,1.500,inf,1,1
1779542941.274930,pass_through,0,0.000,1.500,inf,1,1
1779542941.313996,pass_through,0,0.000,1.500,inf,1,1
1779542941.363717,pass_through,0,0.000,1.500,inf,1,1
1779542941.413795,pass_through,0,0.000,1.500,inf,1,1
1779542941.463824,pass_through,0,0.000,1.500,inf,1,1
1779542941.513753,pass_through,0,0.000,1.500,inf,1,1
1779542941.563764,pass_through,0,0.000,1.500,inf,1,1
1779542941.613799,pass_through,0,0.000,1.500,inf,1,1
1779542941.777814,pass_through,0,0.000,1.500,inf,1,1
1779542941.813753,pass_through,0,0.000,1.500,inf,1,1
1779542941.863776,pass_through,0,0.000,1.500,inf,1,1
1779542941.913835,pass_through,0,0.000,1.500,inf,1,1
1779542941.963836,pass_through,0,0.000,1.500,inf,1,1
1779542942.013829,pass_through,0,0.000,1.500,inf,1,1
1779542942.063820,pass_through,0,0.000,1.500,inf,1,1
1779542942.113722,pass_through,0,0.000,1.500,inf,1,1
1779542942.273198,pass_through,0,0.000,1.500,inf,1,1
1779542942.313798,pass_through,0,0.000,1.500,inf,1,1
1779542942.363756,pass_through,0,0.000,1.500,inf,1,1
1779542942.413727,pass_through,0,0.000,1.500,inf,1,1
1779542942.464068,pass_through,0,0.000,1.500,inf,1,1
1779542942.513808,pass_through,0,0.000,1.500,inf,1,1
1779542942.563708,pass_through,0,0.000,1.500,inf,1,1
1779542942.613690,pass_through,0,0.000,1.500,inf,1,1
1779542942.775286,pass_through,0,0.000,1.500,inf,1,1
1779542942.813736,pass_through,0,0.000,1.500,inf,1,1
1779542942.863800,pass_through,0,0.000,1.500,inf,1,1
1779542942.913730,pass_through,0,0.000,1.500,inf,1,1
1779542942.963803,avoid,1,0.950,0.750,0.347,29,16
1779542943.320482,avoid,1,0.950,0.750,0.347,29,16
1779542943.682264,avoid,1,0.950,0.750,0.345,29,16
1779542944.045374,avoid,1,0.950,0.750,0.346,29,16
1779542944.309155,avoid,1,0.950,0.750,0.346,29,16
1779542944.676986,avoid,1,0.950,0.750,0.346,29,16
1779542945.047799,avoid,1,0.950,0.750,0.345,29,16
1779542945.365189,avoid,1,0.950,0.750,0.346,29,16
1779542945.762436,avoid,1,0.950,0.750,0.345,29,16
1779542946.078890,avoid,1,0.950,0.750,0.346,29,16
1779542946.381622,pass_through,0,0.000,1.500,inf,1,1
1779542946.483074,pass_through,0,0.000,1.500,inf,1,1
1779542946.513687,pass_through,0,0.000,1.500,inf,1,1
1779542946.564028,pass_through,0,0.000,1.500,inf,1,1
1779542946.613823,pass_through,0,0.000,1.500,inf,1,1
1779542946.773366,pass_through,0,0.000,1.500,inf,1,1
1779542946.813703,pass_through,0,0.000,1.500,inf,1,1
1779542946.863874,pass_through,0,0.000,1.500,inf,1,1
1779542946.913719,pass_through,0,0.000,1.500,inf,1,1
1779542946.963894,pass_through,0,0.000,1.500,inf,1,1
1779542947.013756,pass_through,0,0.000,1.500,inf,1,1
1779542947.063762,pass_through,0,0.000,1.500,inf,1,1
1779542947.113728,pass_through,0,0.000,1.500,inf,1,1
1779542947.217142,pass_through,0,0.000,1.500,inf,1,1
1779542947.263728,pass_through,0,0.000,1.500,inf,1,1
1779542947.313834,pass_through,0,0.000,1.500,inf,1,1
1779542947.363774,pass_through,0,0.000,1.500,inf,1,1
1779542947.413656,pass_through,0,0.000,1.500,inf,1,1
1779542947.463773,pass_through,0,0.000,1.500,inf,1,1
1779542947.513698,pass_through,0,0.000,1.500,inf,1,1
1779542947.563856,pass_through,0,0.000,1.500,inf,1,1
1779542947.613737,pass_through,0,0.000,1.500,inf,1,1
1779542947.708535,pass_through,0,0.000,1.500,inf,1,1
1779542947.719995,pass_through,0,0.000,1.500,inf,1,1
1779542947.763837,pass_through,0,0.000,1.500,inf,1,1
1779542947.813735,pass_through,0,0.000,1.500,inf,1,1
1779542947.863685,pass_through,0,0.000,1.500,inf,1,1
1779542947.913715,pass_through,0,0.000,1.500,inf,1,1
1779542947.964257,pass_through,0,0.000,1.500,inf,1,1
1779542948.013738,pass_through,0,0.000,1.500,inf,1,1
1779542948.063752,pass_through,0,0.000,1.500,inf,1,1
1779542948.113701,pass_through,0,0.000,1.500,inf,1,1
1779542948.253078,pass_through,0,0.000,1.500,inf,1,1
1779542948.264537,pass_through,0,0.000,1.500,inf,1,1
1779542948.313703,pass_through,0,0.000,1.500,inf,1,1
1779542948.363751,pass_through,0,0.000,1.500,inf,1,1
1779542948.413769,pass_through,0,0.000,1.500,inf,1,1
1779542948.463794,pass_through,0,0.000,1.500,inf,1,1
1779542948.513657,pass_through,0,0.000,1.500,inf,1,1
1779542948.563783,pass_through,0,0.000,1.500,inf,1,1
1779542948.613764,pass_through,0,0.000,1.500,inf,1,1
1779542948.764691,pass_through,0,0.000,1.500,inf,1,1
1779542948.813736,pass_through,0,0.000,1.500,inf,1,1
1779542948.863807,pass_through,0,0.000,1.500,inf,1,1
1779542948.913747,pass_through,0,0.000,1.500,inf,1,1
1779542948.967606,pass_through,0,0.000,1.500,inf,1,1
1779542949.014625,pass_through,0,0.000,1.500,inf,1,1
1779542949.063802,pass_through,0,0.000,1.500,inf,1,1
1779542949.113673,pass_through,0,0.000,1.500,inf,1,1
1779542949.232533,pass_through,0,0.000,1.500,inf,1,1
1779542949.263790,pass_through,0,0.000,1.500,inf,1,1
1779542949.313700,pass_through,0,0.000,1.500,inf,1,1
1779542949.363784,pass_through,0,0.000,1.500,inf,1,1
1779542949.413769,pass_through,0,0.000,1.500,inf,1,1
1779542949.463733,pass_through,0,0.000,1.500,inf,1,1
1779542949.513672,pass_through,0,0.000,1.500,inf,1,1
1779542949.563741,pass_through,0,0.000,1.500,inf,1,1
1779542949.613767,pass_through,0,0.000,1.500,inf,1,1
1779542949.757800,pass_through,0,0.000,1.500,inf,1,1
1779542949.774576,pass_through,0,0.000,1.500,inf,1,1
1779542949.813778,pass_through,0,0.000,1.500,inf,1,1
1779542949.863710,pass_through,0,0.000,1.500,inf,1,1
1779542949.913726,pass_through,0,0.000,1.500,inf,1,1
1779542949.963776,pass_through,0,0.000,1.500,inf,1,1
1779542950.013714,pass_through,0,0.000,1.500,inf,1,1
1779542950.063752,pass_through,0,0.000,1.500,inf,1,1
1779542950.113719,pass_through,0,0.000,1.500,inf,1,1
1779542950.231319,pass_through,0,0.000,1.500,inf,1,1
1779542950.263748,pass_through,0,0.000,1.500,inf,1,1
1779542950.313708,pass_through,0,0.000,1.500,inf,1,1
1779542950.363764,pass_through,0,0.000,1.500,inf,1,1
1779542950.413768,pass_through,0,0.000,1.500,inf,1,1
1779542950.463782,pass_through,0,0.000,1.500,inf,1,1
1779542950.513689,pass_through,0,0.000,1.500,inf,1,1
1779542950.563756,pass_through,0,0.000,1.500,inf,1,1
1779542950.613690,pass_through,0,0.000,1.500,inf,1,1
1779542950.719035,pass_through,0,0.000,1.500,inf,1,1
1779542950.763771,pass_through,0,0.000,1.500,inf,1,1
1779542950.813696,pass_through,0,0.000,1.500,inf,1,1
1779542950.863718,pass_through,0,0.000,1.500,inf,1,1
1779542950.913676,pass_through,0,0.000,1.500,inf,1,1
1779542950.963765,pass_through,0,0.000,1.500,inf,1,1
1779542951.013765,pass_through,0,0.000,1.500,inf,1,1
1779542951.063753,pass_through,0,0.000,1.500,inf,1,1
1779542951.113719,pass_through,0,0.000,1.500,inf,1,1
1779542951.251582,pass_through,0,0.000,1.500,inf,1,1
1779542951.273067,pass_through,0,0.000,1.500,inf,1,1
1779542951.313694,pass_through,0,0.000,1.500,inf,1,1
1779542951.363717,pass_through,0,0.000,1.500,inf,1,1
1779542951.413730,pass_through,0,0.000,1.500,inf,1,1
1779542951.463812,pass_through,0,0.000,1.500,inf,1,1
1779542951.513710,pass_through,0,0.000,1.500,inf,1,1
1779542951.563766,pass_through,0,0.000,1.500,inf,1,1
1779542951.613751,pass_through,0,0.000,1.500,inf,1,1
1779542951.762682,pass_through,0,0.000,1.500,inf,1,1
1779542951.782336,pass_through,0,0.000,1.500,inf,1,1
1779542951.813874,pass_through,0,0.000,1.500,inf,1,1
1779542951.863883,pass_through,0,0.000,1.500,inf,1,1
1779542951.913784,pass_through,0,0.000,1.500,inf,1,1
1779542951.963743,pass_through,0,0.000,1.500,inf,1,1
1779542952.013696,pass_through,0,0.000,1.500,inf,1,1
1779542952.063719,pass_through,0,0.000,1.500,inf,1,1
1779542952.113748,pass_through,0,0.000,1.500,inf,1,1
1779542952.259585,pass_through,0,0.000,1.500,inf,1,1
1779542952.281758,pass_through,0,0.000,1.500,inf,1,1
1779542952.313783,pass_through,0,0.000,1.500,inf,1,1
1779542952.363781,pass_through,0,0.000,1.500,inf,1,1
1779542952.413739,pass_through,0,0.000,1.500,inf,1,1
1779542952.463727,pass_through,0,0.000,1.500,inf,1,1
1779542952.513836,pass_through,0,0.000,1.500,inf,1,1
1779542952.563772,pass_through,0,0.000,1.500,inf,1,1
1779542952.613741,pass_through,0,0.000,1.500,inf,1,1
1779542952.759822,pass_through,0,0.000,1.500,inf,1,1
1779542952.784447,pass_through,0,0.000,1.500,inf,1,1
1779542952.814157,pass_through,0,0.000,1.500,inf,1,1
1779542952.863811,pass_through,0,0.000,1.500,inf,1,1
1779542952.913703,pass_through,0,0.000,1.500,inf,1,1
1779542952.963802,pass_through,0,0.000,1.500,inf,1,1
1779542953.013681,pass_through,0,0.000,1.500,inf,1,1
1779542953.063792,pass_through,0,0.000,1.500,inf,1,1
1779542953.113779,pass_through,0,0.000,1.500,inf,1,1
1779542953.235526,pass_through,0,0.000,1.500,inf,1,1
1779542953.263843,pass_through,0,0.000,1.500,inf,1,1
1779542953.314032,pass_through,0,0.000,1.500,inf,1,1
1779542953.363821,pass_through,0,0.000,1.500,inf,1,1
1779542953.413669,pass_through,0,0.000,1.500,inf,1,1
1779542953.463826,pass_through,0,0.000,1.500,inf,1,1
1779542953.513789,pass_through,0,0.000,1.500,inf,1,1
1779542953.563802,pass_through,0,0.000,1.500,inf,1,1
1779542953.613682,pass_through,0,0.000,1.500,inf,1,1
1779542953.752077,pass_through,0,0.000,1.500,inf,1,1
1779542953.777163,pass_through,0,0.000,1.500,inf,1,1
1779542953.813702,pass_through,0,0.000,1.500,inf,1,1
1779542953.863784,pass_through,0,0.000,1.500,inf,1,1
1779542953.913698,pass_through,0,0.000,1.500,inf,1,1
1779542953.963788,pass_through,0,0.000,1.500,inf,1,1
1779542954.013739,pass_through,0,0.000,1.500,inf,1,1
1779542954.063769,pass_through,0,0.000,1.500,inf,1,1
1779542954.113760,pass_through,0,0.000,1.500,inf,1,1
1779542954.232922,pass_through,0,0.000,1.500,inf,1,1
1779542954.263762,pass_through,0,0.000,1.500,inf,1,1
1779542954.314081,pass_through,0,0.000,1.500,inf,1,1
1779542954.363778,pass_through,0,0.000,1.500,inf,1,1
1779542954.413742,pass_through,0,0.000,1.500,inf,1,1
1779542954.463728,pass_through,0,0.000,1.500,inf,1,1
1779542954.513805,pass_through,0,0.000,1.500,inf,1,1
1779542954.563760,pass_through,0,0.000,1.500,inf,1,1
1779542954.613755,pass_through,0,0.000,1.500,inf,1,1
1779542954.741777,pass_through,0,0.000,1.500,inf,1,1
1779542954.766651,pass_through,0,0.000,1.500,inf,1,1
1779542954.813743,pass_through,0,0.000,1.500,inf,1,1
1779542954.863775,pass_through,0,0.000,1.500,inf,1,1
1779542954.913744,pass_through,0,0.000,1.500,inf,1,1
1779542954.963807,pass_through,0,0.000,1.500,inf,1,1
1779542955.013685,pass_through,0,0.000,1.500,inf,1,1
1779542955.063821,pass_through,0,0.000,1.500,inf,1,1
1779542955.113756,pass_through,0,0.000,1.500,inf,1,1
1779542955.248047,pass_through,0,0.000,1.500,inf,1,1
1779542955.271690,pass_through,0,0.000,1.500,inf,1,1
1779542955.313657,pass_through,0,0.000,1.500,inf,1,1
1779542955.363787,pass_through,0,0.000,1.500,inf,1,1
1779542955.413752,pass_through,0,0.000,1.500,inf,1,1
1779542955.463776,pass_through,0,0.000,1.500,inf,1,1
1779542955.513679,pass_through,0,0.000,1.500,inf,1,1
1779542955.563782,pass_through,0,0.000,1.500,inf,1,1
1779542955.613736,pass_through,0,0.000,1.500,inf,1,1
1779542955.759426,pass_through,0,0.000,1.500,inf,1,1
1779542955.784085,pass_through,0,0.000,1.500,inf,1,1
1779542955.813817,pass_through,0,0.000,1.500,inf,1,1
1779542955.863746,pass_through,0,0.000,1.500,inf,1,1
1779542955.913678,pass_through,0,0.000,1.500,inf,1,1
1779542955.963748,pass_through,0,0.000,1.500,inf,1,1
1779542956.013726,pass_through,0,0.000,1.500,inf,1,1
1779542956.063783,pass_through,0,0.000,1.500,inf,1,1
1779542956.113706,pass_through,0,0.000,1.500,inf,1,1
1779542956.251115,pass_through,0,0.000,1.500,inf,1,1
1779542956.275105,pass_through,0,0.000,1.500,inf,1,1
1779542956.313724,pass_through,0,0.000,1.500,inf,1,1
1779542956.363731,pass_through,0,0.000,1.500,inf,1,1
1779542956.413700,pass_through,0,0.000,1.500,inf,1,1
1779542956.463715,pass_through,0,0.000,1.500,inf,1,1
1779542956.513702,pass_through,0,0.000,1.500,inf,1,1
1779542956.563766,pass_through,0,0.000,1.500,inf,1,1
1779542956.613785,pass_through,0,0.000,1.500,inf,1,1
1779542956.722903,pass_through,0,0.000,1.500,inf,1,1
1779542956.763750,pass_through,0,0.000,1.500,inf,1,1
1779542956.813787,pass_through,0,0.000,1.500,inf,1,1
1779542956.863721,pass_through,0,0.000,1.500,inf,1,1
1779542956.913704,pass_through,0,0.000,1.500,inf,1,1
1779542956.963836,pass_through,0,0.000,1.500,inf,1,1
1779542957.013752,pass_through,0,0.000,1.500,inf,1,1
1779542957.063794,pass_through,0,0.000,1.500,inf,1,1
1779542957.113666,pass_through,0,0.000,1.500,inf,1,1
1779542957.256890,pass_through,0,0.000,1.500,inf,1,1
1779542957.268087,pass_through,0,0.000,1.500,inf,1,1
1779542957.313716,pass_through,0,0.000,1.500,inf,1,1
1779542957.363732,pass_through,0,0.000,1.500,inf,1,1
1779542957.413741,pass_through,0,0.000,1.500,inf,1,1
1779542957.463794,pass_through,0,0.000,1.500,inf,1,1
1779542957.513705,pass_through,0,0.000,1.500,inf,1,1
1779542957.563758,pass_through,0,0.000,1.500,inf,1,1
1779542957.613780,pass_through,0,0.000,1.500,inf,1,1
1779542957.724312,pass_through,0,0.000,1.500,inf,1,1
1779542957.763772,pass_through,0,0.000,1.500,inf,1,1
1779542957.813685,pass_through,0,0.000,1.500,inf,1,1
1779542957.863756,pass_through,0,0.000,1.500,inf,1,1
1779542957.913785,pass_through,0,0.000,1.500,inf,1,1
1779542957.963723,pass_through,0,0.000,1.500,inf,1,1
1779542958.013777,pass_through,0,0.000,1.500,inf,1,1
1779542958.063784,pass_through,0,0.000,1.500,inf,1,1
1779542958.114018,pass_through,0,0.000,1.500,inf,1,1
1779542958.226810,pass_through,0,0.000,1.500,inf,1,1
1779542958.263789,pass_through,0,0.000,1.500,inf,1,1
1779542958.313814,pass_through,0,0.000,1.500,inf,1,1
1779542958.363758,pass_through,0,0.000,1.500,inf,1,1
1779542958.413738,pass_through,0,0.000,1.500,inf,1,1
1779542958.463829,pass_through,0,0.000,1.500,inf,1,1
1779542958.513775,pass_through,0,0.000,1.500,inf,1,1
1779542958.563752,pass_through,0,0.000,1.500,inf,1,1
1779542958.613657,pass_through,0,0.000,1.500,inf,1,1
1779542958.742686,pass_through,0,0.000,1.500,inf,1,1
1779542958.763766,pass_through,0,0.000,1.500,inf,1,1
1779542958.813754,pass_through,0,0.000,1.500,inf,1,1
1779542958.863829,pass_through,0,0.000,1.500,inf,1,1
1779542958.913732,pass_through,0,0.000,1.500,inf,1,1
1779542958.963767,pass_through,0,0.000,1.500,inf,1,1
1779542959.013690,pass_through,0,0.000,1.500,inf,1,1
1779542959.063777,pass_through,0,0.000,1.500,inf,1,1
1779542959.113747,pass_through,0,0.000,1.500,inf,1,1
1779542959.228176,pass_through,0,0.000,1.500,inf,1,1
1779542959.263756,pass_through,0,0.000,1.500,inf,1,1
1779542959.313691,pass_through,0,0.000,1.500,inf,1,1
1779542959.363774,pass_through,0,0.000,1.500,inf,1,1
1779542959.413755,pass_through,0,0.000,1.500,inf,1,1
1779542959.463799,pass_through,0,0.000,1.500,inf,1,1
1779542959.513700,pass_through,0,0.000,1.500,inf,1,1
1779542959.563756,pass_through,0,0.000,1.500,inf,1,1
1779542959.613695,pass_through,0,0.000,1.500,inf,1,1
1779542959.716989,pass_through,0,0.000,1.500,inf,1,1
1779542959.763782,pass_through,0,0.000,1.500,inf,1,1
1779542959.813778,pass_through,0,0.000,1.500,inf,1,1
1779542959.863819,pass_through,0,0.000,1.500,inf,1,1
1779542959.913695,pass_through,0,0.000,1.500,inf,1,1
1779542959.963860,pass_through,0,0.000,1.500,inf,1,1
1779542960.013666,pass_through,0,0.000,1.500,inf,1,1
1779542960.063736,pass_through,0,0.000,1.500,inf,1,1
1779542960.113691,pass_through,0,0.000,1.500,inf,1,1
1779542960.216004,pass_through,0,0.000,1.500,inf,1,1
1779542960.263746,pass_through,0,0.000,1.500,inf,1,1
1779542960.313776,pass_through,0,0.000,1.500,inf,1,1
1779542960.363769,pass_through,0,0.000,1.500,inf,1,1
1779542960.413738,pass_through,0,0.000,1.500,inf,1,1
1779542960.463725,pass_through,0,0.000,1.500,inf,1,1
1779542960.513799,pass_through,0,0.000,1.500,inf,1,1
1779542960.563780,pass_through,0,0.000,1.500,inf,1,1
1779542960.613691,pass_through,0,0.000,1.500,inf,1,1
1779542960.728932,pass_through,0,0.000,1.500,inf,1,1
1779542960.763773,pass_through,0,0.000,1.500,inf,1,1
1779542960.813738,pass_through,0,0.000,1.500,inf,1,1
1779542960.863790,pass_through,0,0.000,1.500,inf,1,1
1779542960.913758,pass_through,0,0.000,1.500,inf,1,1
1779542960.963782,pass_through,0,0.000,1.500,inf,1,1
1779542961.013724,pass_through,0,0.000,1.500,inf,1,1
1779542961.063769,pass_through,0,0.000,1.500,inf,1,1
1779542961.113696,pass_through,0,0.000,1.500,inf,1,1
1779542961.234070,pass_through,0,0.000,1.500,inf,1,1
1779542961.263829,pass_through,0,0.000,1.500,inf,1,1
1779542961.313678,pass_through,0,0.000,1.500,inf,1,1
1779542961.363769,pass_through,0,0.000,1.500,inf,1,1
1779542961.413738,pass_through,0,0.000,1.500,inf,1,1
1779542961.463773,pass_through,0,0.000,1.500,inf,1,1
1779542961.513786,pass_through,0,0.000,1.500,inf,1,1
1779542961.563735,pass_through,0,0.000,1.500,inf,1,1
1779542961.613754,pass_through,0,0.000,1.500,inf,1,1
1779542961.719476,pass_through,0,0.000,1.500,inf,1,1
1779542961.763806,pass_through,0,0.000,1.500,inf,1,1
1779542961.813688,pass_through,0,0.000,1.500,inf,1,1
1779542961.863816,pass_through,0,0.000,1.500,inf,1,1
1779542961.913775,pass_through,0,0.000,1.500,inf,1,1
1779542961.963786,pass_through,0,0.000,1.500,inf,1,1
1779542962.013747,pass_through,0,0.000,1.500,inf,1,1
1779542962.063705,pass_through,0,0.000,1.500,inf,1,1
1779542962.113758,pass_through,0,0.000,1.500,inf,1,1
1779542962.218802,pass_through,0,0.000,1.500,inf,1,1
1779542962.263745,pass_through,0,0.000,1.500,inf,1,1
1779542962.313746,pass_through,0,0.000,1.500,inf,1,1
1779542962.363748,pass_through,0,0.000,1.500,inf,1,1
1779542962.413773,pass_through,0,0.000,1.500,inf,1,1
1779542962.463845,pass_through,0,0.000,1.500,inf,1,1
1779542962.513665,pass_through,0,0.000,1.500,inf,1,1
1779542962.563759,pass_through,0,0.000,1.500,inf,1,1
1779542962.613712,pass_through,0,0.000,1.500,inf,1,1
1779542962.757192,pass_through,0,0.000,1.500,inf,1,1
1779542962.777209,pass_through,0,0.000,1.500,inf,1,1
1779542962.813700,pass_through,0,0.000,1.500,inf,1,1
1779542962.863831,pass_through,0,0.000,1.500,inf,1,1
1779542962.914006,pass_through,0,0.000,1.500,inf,1,1
1779542962.963781,pass_through,0,0.000,1.500,inf,1,1
1779542963.013752,pass_through,0,0.000,1.500,inf,1,1
1779542963.063767,pass_through,0,0.000,1.500,inf,1,1
1779542963.113761,pass_through,0,0.000,1.500,inf,1,1
1779542963.229277,pass_through,0,0.000,1.500,inf,1,1
1779542963.263795,pass_through,0,0.000,1.500,inf,1,1
1779542963.313730,pass_through,0,0.000,1.500,inf,1,1
1779542963.363750,pass_through,0,0.000,1.500,inf,1,1
1779542963.413690,pass_through,0,0.000,1.500,inf,1,1
1779542963.463717,pass_through,0,0.000,1.500,inf,1,1
1779542963.513765,pass_through,0,0.000,1.500,inf,1,1
1779542963.563794,pass_through,0,0.000,1.500,inf,1,1
1779542963.613727,pass_through,0,0.000,1.500,inf,1,1
1779542963.728717,pass_through,0,0.000,1.500,inf,1,1
1779542963.763786,pass_through,0,0.000,1.500,inf,1,1
1779542963.813696,pass_through,0,0.000,1.500,inf,1,1
1779542963.863756,pass_through,0,0.000,1.500,inf,1,1
1779542963.913681,pass_through,0,0.000,1.500,inf,1,1
1779542963.963775,pass_through,0,0.000,1.500,inf,1,1
1779542964.013703,pass_through,0,0.000,1.500,inf,1,1
1779542964.063780,pass_through,0,0.000,1.500,inf,1,1
1779542964.113736,pass_through,0,0.000,1.500,inf,1,1
1779542964.226646,pass_through,0,0.000,1.500,inf,1,1
1779542964.263824,pass_through,0,0.000,1.500,inf,1,1
1779542964.313654,pass_through,0,0.000,1.500,inf,1,1
1779542964.363771,pass_through,0,0.000,1.500,inf,1,1
1779542964.413976,pass_through,0,0.000,1.500,inf,1,1
1779542964.463779,pass_through,0,0.000,1.500,inf,1,1
1779542964.513810,pass_through,0,0.000,1.500,inf,1,1
1779542964.563801,pass_through,0,0.000,1.500,inf,1,1
1779542964.613708,pass_through,0,0.000,1.500,inf,1,1
1779542964.726257,pass_through,0,0.000,1.500,inf,1,1
1779542964.763807,pass_through,0,0.000,1.500,inf,1,1
1779542964.813947,pass_through,0,0.000,1.500,inf,1,1
1779542964.863779,pass_through,0,0.000,1.500,inf,1,1
1779542964.913727,pass_through,0,0.000,1.500,inf,1,1
1779542964.963797,pass_through,0,0.000,1.500,inf,1,1
1779542965.013754,pass_through,0,0.000,1.500,inf,1,1
1779542965.063787,pass_through,0,0.000,1.500,inf,1,1
1779542965.113778,pass_through,0,0.000,1.500,inf,1,1
1779542965.253648,pass_through,0,0.000,1.500,inf,1,1
1779542965.278621,pass_through,0,0.000,1.500,inf,1,1
1779542965.313703,pass_through,0,0.000,1.500,inf,1,1
1779542965.363795,pass_through,0,0.000,1.500,inf,1,1
1779542965.413766,pass_through,0,0.000,1.500,inf,1,1
1779542965.463757,pass_through,0,0.000,1.500,inf,1,1
1779542965.513727,pass_through,0,0.000,1.500,inf,1,1
1779542965.563728,pass_through,0,0.000,1.500,inf,1,1
1779542965.613680,pass_through,0,0.000,1.500,inf,1,1
1779542965.739765,pass_through,0,0.000,1.500,inf,1,1
1779542965.763766,pass_through,0,0.000,1.500,inf,1,1
1779542965.813749,pass_through,0,0.000,1.500,inf,1,1
1779542965.863761,pass_through,0,0.000,1.500,inf,1,1
1779542965.913687,pass_through,0,0.000,1.500,inf,1,1
1779542965.963780,pass_through,0,0.000,1.500,inf,1,1
1779542966.013719,pass_through,0,0.000,1.500,inf,1,1
1779542966.063754,pass_through,0,0.000,1.500,inf,1,1
1779542966.113789,pass_through,0,0.000,1.500,inf,1,1
1779542966.236677,pass_through,0,0.000,1.500,inf,1,1
1779542966.263897,pass_through,0,0.000,1.500,inf,1,1
1779542966.313794,pass_through,0,0.000,1.500,inf,1,1
1779542966.363735,pass_through,0,0.000,1.500,inf,1,1
1779542966.413666,pass_through,0,0.000,1.500,inf,1,1
1779542966.464243,pass_through,0,0.000,1.500,inf,1,1
1779542966.513727,pass_through,0,0.000,1.500,inf,1,1
1779542966.563749,pass_through,0,0.000,1.500,inf,1,1
1779542966.613695,pass_through,0,0.000,1.500,inf,1,1
1779542966.732592,pass_through,0,0.000,1.500,inf,1,1
1779542966.763718,pass_through,0,0.000,1.500,inf,1,1
1779542966.813687,pass_through,0,0.000,1.500,inf,1,1
1779542966.864588,pass_through,0,0.000,1.500,inf,1,1
1779542966.913707,pass_through,0,0.000,1.500,inf,1,1
1779542966.963729,pass_through,0,0.000,1.500,inf,1,1
1779542967.013736,pass_through,0,0.000,1.500,inf,1,1
1779542967.063879,pass_through,0,0.000,1.500,inf,1,1
1779542967.113758,pass_through,0,0.000,1.500,inf,1,1
1779542967.249451,pass_through,0,0.000,1.500,inf,1,1
1779542967.263735,pass_through,0,0.000,1.500,inf,1,1
1779542967.313727,pass_through,0,0.000,1.500,inf,1,1
1779542967.363754,pass_through,0,0.000,1.500,inf,1,1
1779542967.413746,pass_through,0,0.000,1.500,inf,1,1
1779542967.463790,pass_through,0,0.000,1.500,inf,1,1
1779542967.513729,pass_through,0,0.000,1.500,inf,1,1
1779542967.563736,pass_through,0,0.000,1.500,inf,1,1
1779542967.613716,pass_through,0,0.000,1.500,inf,1,1
1779542967.738014,pass_through,0,0.000,1.500,inf,1,1
1779542967.763732,pass_through,0,0.000,1.500,inf,1,1
1779542967.813700,pass_through,0,0.000,1.500,inf,1,1
1779542967.863822,pass_through,0,0.000,1.500,inf,1,1
1779542967.913677,pass_through,0,0.000,1.500,inf,1,1
1779542967.963778,pass_through,0,0.000,1.500,inf,1,1
1779542968.013739,pass_through,0,0.000,1.500,inf,1,1
1779542968.063886,pass_through,0,0.000,1.500,inf,1,1
1779542968.113725,pass_through,0,0.000,1.500,inf,1,1
1779542968.216821,pass_through,0,0.000,1.500,inf,1,1
1779542968.263777,pass_through,0,0.000,1.500,inf,1,1
1779542968.313716,pass_through,0,0.000,1.500,inf,1,1
1779542968.363753,pass_through,0,0.000,1.500,inf,1,1
1779542968.413774,pass_through,0,0.000,1.500,inf,1,1
1779542968.464453,pass_through,0,0.000,1.500,inf,1,1
1779542968.513774,pass_through,0,0.000,1.500,inf,1,1
1779542968.563757,pass_through,0,0.000,1.500,inf,1,1
1779542968.613748,pass_through,0,0.000,1.500,inf,1,1
1779542968.751296,pass_through,0,0.000,1.500,inf,1,1
1779542968.765152,pass_through,0,0.000,1.500,inf,1,1
1779542968.813709,pass_through,0,0.000,1.500,inf,1,1
1779542968.863789,pass_through,0,0.000,1.500,inf,1,1
1779542968.913702,pass_through,0,0.000,1.500,inf,1,1
1779542968.963739,pass_through,0,0.000,1.500,inf,1,1
1779542969.013688,pass_through,0,0.000,1.500,inf,1,1
1779542969.063742,pass_through,0,0.000,1.500,inf,1,1
1779542969.113745,pass_through,0,0.000,1.500,inf,1,1
1779542969.254975,pass_through,0,0.000,1.500,inf,1,1
1779542969.279854,pass_through,0,0.000,1.500,inf,1,1
1779542969.313741,pass_through,0,0.000,1.500,inf,1,1
1779542969.363769,pass_through,0,0.000,1.500,inf,1,1
1779542969.413753,pass_through,0,0.000,1.500,inf,1,1
1779542969.463998,pass_through,0,0.000,1.500,inf,1,1
1779542969.513773,pass_through,0,0.000,1.500,inf,1,1
1779542969.563760,pass_through,0,0.000,1.500,inf,1,1
1779542969.613884,pass_through,0,0.000,1.500,inf,1,1
1779542969.743368,pass_through,0,0.000,1.500,inf,1,1
1779542969.763844,pass_through,0,0.000,1.500,inf,1,1
1779542969.813721,pass_through,0,0.000,1.500,inf,1,1
1779542969.863772,pass_through,0,0.000,1.500,inf,1,1
1779542969.913704,pass_through,0,0.000,1.500,inf,1,1
1779542969.963748,pass_through,0,0.000,1.500,inf,1,1
1779542970.013779,pass_through,0,0.000,1.500,inf,1,1
1779542970.063753,pass_through,0,0.000,1.500,inf,1,1
1779542970.113760,pass_through,0,0.000,1.500,inf,1,1
1779542970.255728,pass_through,0,0.000,1.500,inf,1,1
1779542970.274696,pass_through,0,0.000,1.500,inf,1,1
1779542970.313930,pass_through,0,0.000,1.500,inf,1,1
1779542970.363742,pass_through,0,0.000,1.500,inf,1,1
1779542970.413800,pass_through,0,0.000,1.500,inf,1,1
1779542970.463750,pass_through,0,0.000,1.500,inf,1,1
1779542970.513674,pass_through,0,0.000,1.500,inf,1,1
1779542970.563756,pass_through,0,0.000,1.500,inf,1,1
1779542970.613780,pass_through,0,0.000,1.500,inf,1,1
1779542970.785444,pass_through,0,0.000,1.500,inf,1,1
1779542970.813740,pass_through,0,0.000,1.500,inf,1,1
1779542970.863813,pass_through,0,0.000,1.500,inf,1,1
1779542970.913690,pass_through,0,0.000,1.500,inf,1,1
1779542970.963748,pass_through,0,0.000,1.500,inf,1,1
1779542971.013760,pass_through,0,0.000,1.500,inf,1,1
1779542971.063781,pass_through,0,0.000,1.500,inf,1,1
1779542971.113846,pass_through,0,0.000,1.500,inf,1,1
1779542971.223845,pass_through,0,0.000,1.500,inf,1,1
1779542971.263845,pass_through,0,0.000,1.500,inf,1,1
1779542971.313803,pass_through,0,0.000,1.500,inf,1,1
1779542971.363795,pass_through,0,0.000,1.500,inf,1,1
1779542971.413758,pass_through,0,0.000,1.500,inf,1,1
1779542971.463785,pass_through,0,0.000,1.500,inf,1,1
1779542971.513768,pass_through,0,0.000,1.500,inf,1,1
1779542971.563787,pass_through,0,0.000,1.500,inf,1,1
1779542971.613733,pass_through,0,0.000,1.500,inf,1,1
1779542971.759746,pass_through,0,0.000,1.500,inf,1,1
1779542971.787390,pass_through,0,0.000,1.500,inf,1,1
1779542971.816957,pass_through,0,0.000,1.500,inf,1,1
1779542971.863789,pass_through,0,0.000,1.500,inf,1,1
1779542971.913692,pass_through,0,0.000,1.500,inf,1,1
1779542971.963777,pass_through,0,0.000,1.500,inf,1,1
1779542972.013734,pass_through,0,0.000,1.500,inf,1,1
1779542972.063880,pass_through,0,0.000,1.500,inf,1,1
1779542972.113806,pass_through,0,0.000,1.500,inf,1,1
1779542972.275150,pass_through,0,0.000,1.500,inf,1,1
1779542972.313794,pass_through,0,0.000,1.500,inf,1,1
1779542972.363769,pass_through,0,0.000,1.500,inf,1,1
1779542972.413777,pass_through,0,0.000,1.500,inf,1,1
1779542972.463767,pass_through,0,0.000,1.500,inf,1,1
1779542972.513678,pass_through,0,0.000,1.500,inf,1,1
1779542972.563761,pass_through,0,0.000,1.500,inf,1,1
1779542972.613735,pass_through,0,0.000,1.500,inf,1,1
1779542972.719456,pass_through,0,0.000,1.500,inf,1,1
1779542972.763792,pass_through,0,0.000,1.500,inf,1,1
1779542972.813709,pass_through,0,0.000,1.500,inf,1,1
1779542972.863731,pass_through,0,0.000,1.500,inf,1,1
1779542972.913701,pass_through,0,0.000,1.500,inf,1,1
1779542972.963746,pass_through,0,0.000,1.500,inf,1,1
1779542973.013792,pass_through,0,0.000,1.500,inf,1,1
1779542973.063709,pass_through,0,0.000,1.500,inf,1,1
1779542973.113694,pass_through,0,0.000,1.500,inf,1,1
1779542973.214075,pass_through,0,0.000,1.500,inf,1,1
1779542973.263798,pass_through,0,0.000,1.500,inf,1,1
1779542973.313658,pass_through,0,0.000,1.500,inf,1,1
1779542973.363760,pass_through,0,0.000,1.500,inf,1,1
1779542973.413729,pass_through,0,0.000,1.500,inf,1,1
1779542973.463753,pass_through,0,0.000,1.500,inf,1,1
1779542973.513752,pass_through,0,0.000,1.500,inf,1,1
1779542973.563748,avoid,1,-0.950,0.750,0.345,29,16
1779542973.856835,avoid,1,-0.950,0.750,0.345,29,16
1779542974.187287,avoid,1,-0.950,0.750,0.351,29,16
1779542974.520394,avoid,1,-0.950,0.750,0.350,29,16
1779542974.776154,avoid,1,-0.950,0.750,0.345,29,16
1779542975.130360,avoid,1,-0.950,0.750,0.346,29,16
1779542975.393888,avoid,1,-0.950,0.750,0.345,29,16
1779542975.749652,avoid,1,-0.950,0.750,0.345,29,16
1779542976.090542,avoid,1,-0.950,0.750,0.347,29,16
1779542976.333781,avoid,1,-0.950,0.750,0.345,29,16
1779542976.646916,avoid,1,-0.950,0.750,0.346,29,16
1779542977.006062,avoid,1,-1.050,0.750,0.450,29,11
1779542977.312387,avoid,1,-1.050,0.750,0.451,29,9
1779542977.635646,avoid,1,-1.050,0.750,0.450,29,9
1779542978.032739,avoid,1,-1.050,0.750,0.445,29,13
1779542978.408310,avoid,1,-1.050,0.750,0.467,29,29
1779542978.674418,avoid,1,-1.050,0.750,0.524,29,29
1779542979.061964,pass_through,0,0.000,1.500,inf,1,1
1779542979.076390,pass_through,0,0.000,1.500,inf,1,1
1779542979.113709,pass_through,0,0.000,1.500,inf,1,1
1779542979.250580,pass_through,0,0.000,1.500,inf,1,1
1779542979.264075,pass_through,0,0.000,1.500,inf,1,1
1779542979.313745,pass_through,0,0.000,1.500,inf,1,1
1779542979.363763,pass_through,0,0.000,1.500,inf,1,1
1779542979.413871,pass_through,0,0.000,1.500,inf,1,1
1779542979.463757,pass_through,0,0.000,1.500,inf,1,1
1779542979.513697,pass_through,0,0.000,1.500,inf,1,1
1779542979.563740,pass_through,0,0.000,1.500,inf,1,1
1779542979.613732,pass_through,0,0.000,1.500,inf,1,1
1779542979.733346,pass_through,0,0.000,1.500,inf,1,1
1779542979.763823,pass_through,0,0.000,1.500,inf,1,1
1779542979.813727,pass_through,0,0.000,1.500,inf,1,1
1779542979.863756,pass_through,0,0.000,1.500,inf,1,1
1779542979.913644,pass_through,0,0.000,1.500,inf,1,1
1779542979.963767,pass_through,0,0.000,1.500,inf,1,1
1779542980.013755,pass_through,0,0.000,1.500,inf,1,1
1779542980.063816,pass_through,0,0.000,1.500,inf,1,1
1779542980.113698,pass_through,0,0.000,1.500,inf,1,1
1779542980.233364,pass_through,0,0.000,1.500,inf,1,1
1779542980.263776,pass_through,0,0.000,1.500,inf,1,1
1779542980.313785,pass_through,0,0.000,1.500,inf,1,1
1779542980.363778,pass_through,0,0.000,1.500,inf,1,1
1779542980.413827,pass_through,0,0.000,1.500,inf,1,1
1779542980.463814,pass_through,0,0.000,1.500,inf,1,1
1779542980.513723,pass_through,0,0.000,1.500,inf,1,1
1779542980.563725,pass_through,0,0.000,1.500,inf,1,1
1779542980.613767,pass_through,0,0.000,1.500,inf,1,1
1779542980.755869,pass_through,0,0.000,1.500,inf,1,1
1779542980.781637,pass_through,0,0.000,1.500,inf,1,1
1779542980.814031,pass_through,0,0.000,1.500,inf,1,1
1779542980.863894,pass_through,0,0.000,1.500,inf,1,1
1779542980.913708,pass_through,0,0.000,1.500,inf,1,1
1779542980.963808,pass_through,0,0.000,1.500,inf,1,1
1779542981.013749,pass_through,0,0.000,1.500,inf,1,1
1779542981.063939,pass_through,0,0.000,1.500,inf,1,1
1779542981.113828,pass_through,0,0.000,1.500,inf,1,1
1779542981.221707,pass_through,0,0.000,1.500,inf,1,1
1779542981.263758,pass_through,0,0.000,1.500,inf,1,1
1779542981.313761,pass_through,0,0.000,1.500,inf,1,1
1779542981.363742,pass_through,0,0.000,1.500,inf,1,1
1779542981.413708,pass_through,0,0.000,1.500,inf,1,1
1779542981.463791,pass_through,0,0.000,1.500,inf,1,1
1779542981.513704,pass_through,0,0.000,1.500,inf,1,1
1779542981.563712,pass_through,0,0.000,1.500,inf,1,1
1779542981.613728,pass_through,0,0.000,1.500,inf,1,1
1779542981.710005,pass_through,0,0.000,1.500,inf,1,1
1779542981.722782,pass_through,0,0.000,1.500,inf,1,1
1779542981.763741,pass_through,0,0.000,1.500,inf,1,1
1779542981.813767,pass_through,0,0.000,1.500,inf,1,1
1779542981.863969,pass_through,0,0.000,1.500,inf,1,1
1779542981.913747,pass_through,0,0.000,1.500,inf,1,1
1779542981.963763,pass_through,0,0.000,1.500,inf,1,1
1779542982.013729,pass_through,0,0.000,1.500,inf,1,1
1779542982.064583,pass_through,0,0.000,1.500,inf,1,1
1779542982.113758,pass_through,0,0.000,1.500,inf,1,1
1779542982.228610,pass_through,0,0.000,1.500,inf,1,1
1779542982.263759,pass_through,0,0.000,1.500,inf,1,1
1779542982.313814,pass_through,0,0.000,1.500,inf,1,1
1779542982.363768,pass_through,0,0.000,1.500,inf,1,1
1779542982.413709,pass_through,0,0.000,1.500,inf,1,1
1779542982.463810,pass_through,0,0.000,1.500,inf,1,1
1779542982.513788,pass_through,0,0.000,1.500,inf,1,1
1779542982.563759,pass_through,0,0.000,1.500,inf,1,1
1779542982.613697,pass_through,0,0.000,1.500,inf,1,1
1779542982.748099,pass_through,0,0.000,1.500,inf,1,1
1779542982.775156,pass_through,0,0.000,1.500,inf,1,1
1779542982.813749,pass_through,0,0.000,1.500,inf,1,1
1779542982.863842,pass_through,0,0.000,1.500,inf,1,1
1779542982.913791,pass_through,0,0.000,1.500,inf,1,1
1779542982.963708,pass_through,0,0.000,1.500,inf,1,1
1779542983.013706,pass_through,0,0.000,1.500,inf,1,1
1779542983.063838,pass_through,0,0.000,1.500,inf,1,1
1779542983.113705,pass_through,0,0.000,1.500,inf,1,1
1779542983.242977,pass_through,0,0.000,1.500,inf,1,1
1779542983.263761,pass_through,0,0.000,1.500,inf,1,1
1779542983.313737,pass_through,0,0.000,1.500,inf,1,1
1779542983.363766,pass_through,0,0.000,1.500,inf,1,1
1779542983.413725,pass_through,0,0.000,1.500,inf,1,1
1779542983.463907,pass_through,0,0.000,1.500,inf,1,1
1779542983.513739,pass_through,0,0.000,1.500,inf,1,1
1779542983.563776,pass_through,0,0.000,1.500,inf,1,1
1779542983.613723,pass_through,0,0.000,1.500,inf,1,1
1779542983.776336,pass_through,0,0.000,1.500,inf,1,1
1779542983.813754,pass_through,0,0.000,1.500,inf,1,1
1779542983.863775,pass_through,0,0.000,1.500,inf,1,1
1779542983.913692,pass_through,0,0.000,1.500,inf,1,1
1779542983.963789,pass_through,0,0.000,1.500,inf,1,1
1779542984.013768,pass_through,0,0.000,1.500,inf,1,1
1779542984.063885,pass_through,0,0.000,1.500,inf,1,1
1779542984.113718,pass_through,0,0.000,1.500,inf,1,1
1779542984.225313,pass_through,0,0.000,1.500,inf,1,1
1779542984.263959,pass_through,0,0.000,1.500,inf,1,1
1779542984.313741,pass_through,0,0.000,1.500,inf,1,1
1779542984.363756,pass_through,0,0.000,1.500,inf,1,1
1779542984.413760,pass_through,0,0.000,1.500,inf,1,1
1779542984.463908,pass_through,0,0.000,1.500,inf,1,1
1779542984.513712,pass_through,0,0.000,1.500,inf,1,1
1779542984.563749,pass_through,0,0.000,1.500,inf,1,1
1779542984.613782,pass_through,0,0.000,1.500,inf,1,1
1779542984.757635,pass_through,0,0.000,1.500,inf,1,1
1779542984.783663,pass_through,0,0.000,1.500,inf,1,1
1779542984.814187,pass_through,0,0.000,1.500,inf,1,1
1779542984.863816,pass_through,0,0.000,1.500,inf,1,1
1779542984.913756,pass_through,0,0.000,1.500,inf,1,1
1779542984.963722,pass_through,0,0.000,1.500,inf,1,1
1779542985.013728,pass_through,0,0.000,1.500,inf,1,1
1779542985.063893,pass_through,0,0.000,1.500,inf,1,1
1779542985.113731,pass_through,0,0.000,1.500,inf,1,1
1779542985.212533,pass_through,0,0.000,1.500,inf,1,1
1779542985.224643,pass_through,0,0.000,1.500,inf,1,1
1779542985.263844,pass_through,0,0.000,1.500,inf,1,1
1779542985.313690,pass_through,0,0.000,1.500,inf,1,1
1779542985.363755,pass_through,0,0.000,1.500,inf,1,1
1779542985.413779,pass_through,0,0.000,1.500,inf,1,1
1779542985.463970,pass_through,0,0.000,1.500,inf,1,1
1779542985.513675,pass_through,0,0.000,1.500,inf,1,1
1779542985.563769,pass_through,0,0.000,1.500,inf,1,1
1779542985.613735,pass_through,0,0.000,1.500,inf,1,1
1779542985.764022,pass_through,0,0.000,1.500,inf,1,1
1779542985.813780,pass_through,0,0.000,1.500,inf,1,1
1779542985.863793,pass_through,0,0.000,1.500,inf,1,1
1779542985.913841,pass_through,0,0.000,1.500,inf,1,1
1779542985.963763,pass_through,0,0.000,1.500,inf,1,1
1779542986.013764,pass_through,0,0.000,1.500,inf,1,1
1779542986.063859,pass_through,0,0.000,1.500,inf,1,1
1779542986.114084,pass_through,0,0.000,1.500,inf,1,1
1779542986.239706,pass_through,0,0.000,1.500,inf,1,1
1779542986.270016,pass_through,0,0.000,1.500,inf,1,1
1779542986.314013,pass_through,0,0.000,1.500,inf,1,1
1779542986.363793,pass_through,0,0.000,1.500,inf,1,1
1779542986.413723,pass_through,0,0.000,1.500,inf,1,1
1779542986.463850,pass_through,0,0.000,1.500,inf,1,1
1779542986.513746,pass_through,0,0.000,1.500,inf,1,1
1779542986.563765,pass_through,0,0.000,1.500,inf,1,1
1779542986.613693,pass_through,0,0.000,1.500,inf,1,1
1779542986.753615,pass_through,0,0.000,1.500,inf,1,1
1779542986.779212,pass_through,0,0.000,1.500,inf,1,1
1779542986.813760,pass_through,0,0.000,1.500,inf,1,1
1779542986.863837,pass_through,0,0.000,1.500,inf,1,1
1779542986.913801,pass_through,0,0.000,1.500,inf,1,1
1779542986.963782,pass_through,0,0.000,1.500,inf,1,1
1779542987.013741,pass_through,0,0.000,1.500,inf,1,1
1779542987.063916,pass_through,0,0.000,1.500,inf,1,1
1779542987.113714,pass_through,0,0.000,1.500,inf,1,1
1779542987.251668,pass_through,0,0.000,1.500,inf,1,1
1779542987.277792,pass_through,0,0.000,1.500,inf,1,1
1779542987.313884,pass_through,0,0.000,1.500,inf,1,1
1779542987.363765,pass_through,0,0.000,1.500,inf,1,1
1779542987.413753,pass_through,0,0.000,1.500,inf,1,1
1779542987.463794,pass_through,0,0.000,1.500,inf,1,1
1779542987.513765,pass_through,0,0.000,1.500,inf,1,1
1779542987.563773,pass_through,0,0.000,1.500,inf,1,1
1779542987.613729,pass_through,0,0.000,1.500,inf,1,1
1779542987.749957,pass_through,0,0.000,1.500,inf,1,1
1779542987.775751,pass_through,0,0.000,1.500,inf,1,1
1779542987.813765,pass_through,0,0.000,1.500,inf,1,1
1779542987.863769,pass_through,0,0.000,1.500,inf,1,1
1779542987.913762,pass_through,0,0.000,1.500,inf,1,1
1779542987.963855,pass_through,0,0.000,1.500,inf,1,1
1779542988.013754,pass_through,0,0.000,1.500,inf,1,1
1779542988.064294,pass_through,0,0.000,1.500,inf,1,1
1779542988.113724,pass_through,0,0.000,1.500,inf,1,1
1779542988.257019,pass_through,0,0.000,1.500,inf,1,1
1779542988.283715,pass_through,0,0.000,1.500,inf,1,1
1779542988.314214,pass_through,0,0.000,1.500,inf,1,1
1779542988.363732,pass_through,0,0.000,1.500,inf,1,1
1779542988.414166,pass_through,0,0.000,1.500,inf,1,1
1779542988.463862,pass_through,0,0.000,1.500,inf,1,1
1779542988.513740,pass_through,0,0.000,1.500,inf,1,1
1779542988.563745,pass_through,0,0.000,1.500,inf,1,1
1779542988.613722,pass_through,0,0.000,1.500,inf,1,1
1779542988.763380,pass_through,0,0.000,1.500,inf,1,1
1779542988.786886,pass_through,0,0.000,1.500,inf,1,1
1779542988.813742,pass_through,0,0.000,1.500,inf,1,1
1779542988.863782,pass_through,0,0.000,1.500,inf,1,1
1779542988.913701,pass_through,0,0.000,1.500,inf,1,1
1779542988.963808,pass_through,0,0.000,1.500,inf,1,1
1779542989.013749,pass_through,0,0.000,1.500,inf,1,1
1779542989.063959,pass_through,0,0.000,1.500,inf,1,1
1779542989.113706,pass_through,0,0.000,1.500,inf,1,1
1779542989.251313,pass_through,0,0.000,1.500,inf,1,1
1779542989.278082,pass_through,0,0.000,1.500,inf,1,1
1779542989.313755,pass_through,0,0.000,1.500,inf,1,1
1779542989.363754,pass_through,0,0.000,1.500,inf,1,1
1779542989.413712,pass_through,0,0.000,1.500,inf,1,1
1779542989.463861,pass_through,0,0.000,1.500,inf,1,1
1779542989.513772,pass_through,0,0.000,1.500,inf,1,1
1779542989.563768,pass_through,0,0.000,1.500,inf,1,1
1779542989.613699,pass_through,0,0.000,1.500,inf,1,1
1779542989.724776,pass_through,0,0.000,1.500,inf,1,1
1779542989.763793,pass_through,0,0.000,1.500,inf,1,1
1779542989.813831,pass_through,0,0.000,1.500,inf,1,1
1779542989.863785,pass_through,0,0.000,1.500,inf,1,1
1779542989.913771,pass_through,0,0.000,1.500,inf,1,1
1779542989.963785,pass_through,0,0.000,1.500,inf,1,1
1779542990.013697,pass_through,0,0.000,1.500,inf,1,1
1779542990.063765,pass_through,0,0.000,1.500,inf,1,1
1779542990.113683,pass_through,0,0.000,1.500,inf,1,1
1779542990.228819,pass_through,0,0.000,1.500,inf,1,1
1779542990.263748,pass_through,0,0.000,1.500,inf,1,1
1779542990.314655,pass_through,0,0.000,1.500,inf,1,1
1779542990.363750,pass_through,0,0.000,1.500,inf,1,1
1779542990.413688,pass_through,0,0.000,1.500,inf,1,1
1779542990.463796,pass_through,0,0.000,1.500,inf,1,1
1779542990.513789,pass_through,0,0.000,1.500,inf,1,1
1779542990.563774,pass_through,0,0.000,1.500,inf,1,1
1779542990.613756,pass_through,0,0.000,1.500,inf,1,1
1779542990.721547,pass_through,0,0.000,1.500,inf,1,1
1779542990.763761,pass_through,0,0.000,1.500,inf,1,1
1779542990.813791,pass_through,0,0.000,1.500,inf,1,1
1779542990.863798,pass_through,0,0.000,1.500,inf,1,1
1779542990.913702,pass_through,0,0.000,1.500,inf,1,1
1779542990.963754,pass_through,0,0.000,1.500,inf,1,1
1779542991.013741,pass_through,0,0.000,1.500,inf,1,1
1779542991.063949,pass_through,0,0.000,1.500,inf,1,1
1779542991.113860,pass_through,0,0.000,1.500,inf,1,1
1779542991.223440,pass_through,0,0.000,1.500,inf,1,1
1779542991.263756,pass_through,0,0.000,1.500,inf,1,1
1779542991.313672,pass_through,0,0.000,1.500,inf,1,1
1779542991.363725,pass_through,0,0.000,1.500,inf,1,1
1779542991.413726,pass_through,0,0.000,1.500,inf,1,1
1779542991.463738,pass_through,0,0.000,1.500,inf,1,1
1779542991.513761,pass_through,0,0.000,1.500,inf,1,1
1779542991.563758,pass_through,0,0.000,1.500,inf,1,1
1779542991.613791,pass_through,0,0.000,1.500,inf,1,1
1779542991.715780,pass_through,0,0.000,1.500,inf,1,1
1779542991.763761,pass_through,0,0.000,1.500,inf,1,1
1779542991.813932,pass_through,0,0.000,1.500,inf,1,1
1779542991.863766,pass_through,0,0.000,1.500,inf,1,1
1779542991.913648,pass_through,0,0.000,1.500,inf,1,1
1779542991.963775,pass_through,0,0.000,1.500,inf,1,1
1779542992.013728,pass_through,0,0.000,1.500,inf,1,1
1779542992.063740,pass_through,0,0.000,1.500,inf,1,1
1779542992.113721,pass_through,0,0.000,1.500,inf,1,1
1779542992.229231,pass_through,0,0.000,1.500,inf,1,1
1779542992.263746,pass_through,0,0.000,1.500,inf,1,1
1779542992.313855,pass_through,0,0.000,1.500,inf,1,1
1779542992.363747,pass_through,0,0.000,1.500,inf,1,1
1779542992.413709,pass_through,0,0.000,1.500,inf,1,1
1779542992.463775,pass_through,0,0.000,1.500,inf,1,1
1779542992.513666,pass_through,0,0.000,1.500,inf,1,1
1779542992.563749,pass_through,0,0.000,1.500,inf,1,1
1779542992.613695,pass_through,0,0.000,1.500,inf,1,1
1779542992.736951,pass_through,0,0.000,1.500,inf,1,1
1779542992.764179,pass_through,0,0.000,1.500,inf,1,1
1779542992.813753,pass_through,0,0.000,1.500,inf,1,1
1779542992.863751,pass_through,0,0.000,1.500,inf,1,1
1779542992.913770,pass_through,0,0.000,1.500,inf,1,1
1779542992.963797,pass_through,0,0.000,1.500,inf,1,1
1779542993.013757,pass_through,0,0.000,1.500,inf,1,1
1779542993.063748,pass_through,0,0.000,1.500,inf,1,1
1779542993.114216,pass_through,0,0.000,1.500,inf,1,1
1779542993.217156,pass_through,0,0.000,1.500,inf,1,1
1779542993.263696,pass_through,0,0.000,1.500,inf,1,1
1779542993.313651,pass_through,0,0.000,1.500,inf,1,1
1779542993.363761,pass_through,0,0.000,1.500,inf,1,1
1779542993.413761,pass_through,0,0.000,1.500,inf,1,1
1779542993.463779,pass_through,0,0.000,1.500,inf,1,1
1779542993.513731,pass_through,0,0.000,1.500,inf,1,1
1779542993.563752,pass_through,0,0.000,1.500,inf,1,1
1779542993.613725,pass_through,0,0.000,1.500,inf,1,1
1779542993.771050,pass_through,0,0.000,1.500,inf,1,1
1779542993.813978,pass_through,0,0.000,1.500,inf,1,1
1779542993.863742,pass_through,0,0.000,1.500,inf,1,1
1779542993.914127,pass_through,0,0.000,1.500,inf,1,1
1779542993.963738,pass_through,0,0.000,1.500,inf,1,1
1779542994.013777,pass_through,0,0.000,1.500,inf,1,1
1779542994.063694,pass_through,0,0.000,1.500,inf,1,1
1779542994.113675,pass_through,0,0.000,1.500,inf,1,1
1779542994.256769,pass_through,0,0.000,1.500,inf,1,1
1779542994.282753,pass_through,0,0.000,1.500,inf,1,1
1779542994.313730,pass_through,0,0.000,1.500,inf,1,1
1779542994.363764,pass_through,0,0.000,1.500,inf,1,1
1779542994.413740,pass_through,0,0.000,1.500,inf,1,1
1779542994.463771,pass_through,0,0.000,1.500,inf,1,1
1779542994.513729,pass_through,0,0.000,1.500,inf,1,1
1779542994.563754,pass_through,0,0.000,1.500,inf,1,1
1779542994.613782,pass_through,0,0.000,1.500,inf,1,1
1779542994.732132,pass_through,0,0.000,1.500,inf,1,1
1779542994.763739,pass_through,0,0.000,1.500,inf,1,1
1779542994.813786,pass_through,0,0.000,1.500,inf,1,1
1779542994.863775,pass_through,0,0.000,1.500,inf,1,1
1779542994.914254,pass_through,0,0.000,1.500,inf,1,1
1779542994.963737,pass_through,0,0.000,1.500,inf,1,1
1779542995.013790,pass_through,0,0.000,1.500,inf,1,1
1779542995.063781,pass_through,0,0.000,1.500,inf,1,1
1779542995.113753,pass_through,0,0.000,1.500,inf,1,1
1779542995.218206,pass_through,0,0.000,1.500,inf,1,1
1779542995.263833,pass_through,0,0.000,1.500,inf,1,1
1779542995.313845,pass_through,0,0.000,1.500,inf,1,1
1779542995.363779,pass_through,0,0.000,1.500,inf,1,1
1779542995.413759,pass_through,0,0.000,1.500,inf,1,1
1779542995.463762,pass_through,0,0.000,1.500,inf,1,1
1779542995.513767,pass_through,0,0.000,1.500,inf,1,1
1779542995.563818,pass_through,0,0.000,1.500,inf,1,1
1779542995.613776,pass_through,0,0.000,1.500,inf,1,1
1779542995.761672,pass_through,0,0.000,1.500,inf,1,1
1779542995.787772,pass_through,0,0.000,1.500,inf,1,1
1779542995.813866,pass_through,0,0.000,1.500,inf,1,1
1779542995.863791,pass_through,0,0.000,1.500,inf,1,1
1779542995.913694,pass_through,0,0.000,1.500,inf,1,1
1779542995.963790,pass_through,0,0.000,1.500,inf,1,1
1779542996.013733,pass_through,0,0.000,1.500,inf,1,1
1779542996.063786,pass_through,0,0.000,1.500,inf,1,1
1779542996.113761,pass_through,0,0.000,1.500,inf,1,1
1779542996.220800,pass_through,0,0.000,1.500,inf,1,1
1779542996.263718,pass_through,0,0.000,1.500,inf,1,1
1779542996.314152,pass_through,0,0.000,1.500,inf,1,1
1779542996.363780,pass_through,0,0.000,1.500,inf,1,1
1779542996.413714,pass_through,0,0.000,1.500,inf,1,1
1779542996.463721,pass_through,0,0.000,1.500,inf,1,1
1779542996.513854,pass_through,0,0.000,1.500,inf,1,1
1779542996.563735,pass_through,0,0.000,1.500,inf,1,1
1779542996.613794,pass_through,0,0.000,1.500,inf,1,1
1779542996.751906,pass_through,0,0.000,1.500,inf,1,1
1779542996.777164,pass_through,0,0.000,1.500,inf,1,1
1779542996.813727,pass_through,0,0.000,1.500,inf,1,1
1779542996.863766,pass_through,0,0.000,1.500,inf,1,1
1779542996.913780,pass_through,0,0.000,1.500,inf,1,1
1779542996.963696,pass_through,0,0.000,1.500,inf,1,1
1779542997.013757,pass_through,0,0.000,1.500,inf,1,1
1779542997.063740,pass_through,0,0.000,1.500,inf,1,1
1779542997.113672,pass_through,0,0.000,1.500,inf,1,1
1779542997.213048,pass_through,0,0.000,1.500,inf,1,1
1779542997.224775,pass_through,0,0.000,1.500,inf,1,1
1779542997.263764,pass_through,0,0.000,1.500,inf,1,1
1779542997.313760,pass_through,0,0.000,1.500,inf,1,1
1779542997.363741,pass_through,0,0.000,1.500,inf,1,1
1779542997.413713,pass_through,0,0.000,1.500,inf,1,1
1779542997.463765,pass_through,0,0.000,1.500,inf,1,1
1779542997.514009,pass_through,0,0.000,1.500,inf,1,1
1779542997.563769,pass_through,0,0.000,1.500,inf,1,1
1779542997.613719,pass_through,0,0.000,1.500,inf,1,1
1779542997.731814,pass_through,0,0.000,1.500,inf,1,1
1779542997.763736,pass_through,0,0.000,1.500,inf,1,1
1779542997.813732,pass_through,0,0.000,1.500,inf,1,1
1779542997.863734,pass_through,0,0.000,1.500,inf,1,1
1779542997.914180,pass_through,0,0.000,1.500,inf,1,1
1779542997.963759,pass_through,0,0.000,1.500,inf,1,1
1779542998.013759,pass_through,0,0.000,1.500,inf,1,1
1779542998.063786,pass_through,0,0.000,1.500,inf,1,1
1779542998.113708,pass_through,0,0.000,1.500,inf,1,1
1779542998.220204,pass_through,0,0.000,1.500,inf,1,1
1779542998.263792,pass_through,0,0.000,1.500,inf,1,1
1779542998.313697,pass_through,0,0.000,1.500,inf,1,1
1779542998.363893,pass_through,0,0.000,1.500,inf,1,1
1779542998.413754,pass_through,0,0.000,1.500,inf,1,1
1779542998.463739,pass_through,0,0.000,1.500,inf,1,1
1779542998.513747,pass_through,0,0.000,1.500,inf,1,1
1779542998.563751,pass_through,0,0.000,1.500,inf,1,1
1779542998.613695,pass_through,0,0.000,1.500,inf,1,1
1779542998.772319,pass_through,0,0.000,1.500,inf,1,1
1779542998.813690,pass_through,0,0.000,1.500,inf,1,1
1779542998.863780,pass_through,0,0.000,1.500,inf,1,1
1779542998.914634,pass_through,0,0.000,1.500,inf,1,1
1779542998.963778,pass_through,0,0.000,1.500,inf,1,1
1779542999.013699,pass_through,0,0.000,1.500,inf,1,1
1779542999.063777,pass_through,0,0.000,1.500,inf,1,1
1779542999.113766,pass_through,0,0.000,1.500,inf,1,1
1779542999.234854,pass_through,0,0.000,1.500,inf,1,1
1779542999.263808,pass_through,0,0.000,1.500,inf,1,1
1779542999.314183,pass_through,0,0.000,1.500,inf,1,1
1779542999.363780,pass_through,0,0.000,1.500,inf,1,1
1779542999.413681,pass_through,0,0.000,1.500,inf,1,1
1779542999.463728,pass_through,0,0.000,1.500,inf,1,1
1779542999.513811,pass_through,0,0.000,1.500,inf,1,1
1779542999.563796,pass_through,0,0.000,1.500,inf,1,1
1779542999.613691,pass_through,0,0.000,1.500,inf,1,1
1779542999.720958,pass_through,0,0.000,1.500,inf,1,1
1779542999.763783,pass_through,0,0.000,1.500,inf,1,1
1779542999.813731,pass_through,0,0.000,1.500,inf,1,1
1779542999.863718,pass_through,0,0.000,1.500,inf,1,1
1779542999.913719,pass_through,0,0.000,1.500,inf,1,1
1779542999.963773,pass_through,0,0.000,1.500,inf,1,1
1779543000.013738,pass_through,0,0.000,1.500,inf,1,1
1779543000.063730,pass_through,0,0.000,1.500,inf,1,1
1779543000.113698,pass_through,0,0.000,1.500,inf,1,1
1779543000.213419,pass_through,0,0.000,1.500,inf,1,1
1779543000.227180,pass_through,0,0.000,1.500,inf,1,1
1779543000.263744,pass_through,0,0.000,1.500,inf,1,1
1779543000.313727,pass_through,0,0.000,1.500,inf,1,1
1779543000.363782,pass_through,0,0.000,1.500,inf,1,1
1779543000.413702,pass_through,0,0.000,1.500,inf,1,1
1779543000.463706,pass_through,0,0.000,1.500,inf,1,1
1779543000.513721,pass_through,0,0.000,1.500,inf,1,1
1779543000.563750,pass_through,0,0.000,1.500,inf,1,1
1779543000.613738,pass_through,0,0.000,1.500,inf,1,1
1779543000.740225,pass_through,0,0.000,1.500,inf,1,1
1779543000.763728,pass_through,0,0.000,1.500,inf,1,1
1779543000.813714,pass_through,0,0.000,1.500,inf,1,1
1779543000.863765,pass_through,0,0.000,1.500,inf,1,1
1779543000.913686,pass_through,0,0.000,1.500,inf,1,1
1779543000.963773,pass_through,0,0.000,1.500,inf,1,1
1779543001.013722,pass_through,0,0.000,1.500,inf,1,1
1779543001.063759,pass_through,0,0.000,1.500,inf,1,1
1779543001.113670,pass_through,0,0.000,1.500,inf,1,1
1779543001.255771,pass_through,0,0.000,1.500,inf,1,1
1779543001.279679,pass_through,0,0.000,1.500,inf,1,1
1779543001.313763,pass_through,0,0.000,1.500,inf,1,1
1779543001.364147,pass_through,0,0.000,1.500,inf,1,1
1779543001.413740,pass_through,0,0.000,1.500,inf,1,1
1779543001.463741,pass_through,0,0.000,1.500,inf,1,1
1779543001.513724,pass_through,0,0.000,1.500,inf,1,1
1779543001.563762,pass_through,0,0.000,1.500,inf,1,1
1779543001.613677,pass_through,0,0.000,1.500,inf,1,1
1779543001.735323,pass_through,0,0.000,1.500,inf,1,1
1779543001.763752,pass_through,0,0.000,1.500,inf,1,1
1779543001.813733,pass_through,0,0.000,1.500,inf,1,1
1779543001.863779,pass_through,0,0.000,1.500,inf,1,1
1779543001.914973,pass_through,0,0.000,1.500,inf,1,1
1779543001.963795,pass_through,0,0.000,1.500,inf,1,1
1779543002.013723,pass_through,0,0.000,1.500,inf,1,1
1779543002.063738,pass_through,0,0.000,1.500,inf,1,1
1779543002.113710,pass_through,0,0.000,1.500,inf,1,1
1779543002.277430,pass_through,0,0.000,1.500,inf,1,1
1779543002.314240,pass_through,0,0.000,1.500,inf,1,1
1779543002.363789,pass_through,0,0.000,1.500,inf,1,1
1779543002.413704,pass_through,0,0.000,1.500,inf,1,1
1779543002.463790,pass_through,0,0.000,1.500,inf,1,1
1779543002.513767,pass_through,0,0.000,1.500,inf,1,1
1779543002.563744,pass_through,0,0.000,1.500,inf,1,1
1779543002.613737,pass_through,0,0.000,1.500,inf,1,1
1779543002.760744,pass_through,0,0.000,1.500,inf,1,1
1779543002.785722,pass_through,0,0.000,1.500,inf,1,1
1779543002.814143,pass_through,0,0.000,1.500,inf,1,1
1779543002.863749,pass_through,0,0.000,1.500,inf,1,1
1779543002.913822,pass_through,0,0.000,1.500,inf,1,1
1779543002.963809,pass_through,0,0.000,1.500,inf,1,1
1779543003.013722,pass_through,0,0.000,1.500,inf,1,1
1779543003.063748,pass_through,0,0.000,1.500,inf,1,1
1779543003.113764,pass_through,0,0.000,1.500,inf,1,1
1779543003.213682,pass_through,0,0.000,1.500,inf,1,1
1779543003.263748,pass_through,0,0.000,1.500,inf,1,1
1779543003.313719,pass_through,0,0.000,1.500,inf,1,1
1779543003.363800,pass_through,0,0.000,1.500,inf,1,1
1779543003.413781,pass_through,0,0.000,1.500,inf,1,1
1779543003.463756,pass_through,0,0.000,1.500,inf,1,1
1779543003.514427,pass_through,0,0.000,1.500,inf,1,1
1779543003.563778,pass_through,0,0.000,1.500,inf,1,1
1779543003.613787,pass_through,0,0.000,1.500,inf,1,1
1779543003.732378,pass_through,0,0.000,1.500,inf,1,1
1779543003.763869,pass_through,0,0.000,1.500,inf,1,1
1779543003.813767,pass_through,0,0.000,1.500,inf,1,1
1779543003.863811,pass_through,0,0.000,1.500,inf,1,1
1779543003.913740,pass_through,0,0.000,1.500,inf,1,1
1779543003.963785,pass_through,0,0.000,1.500,inf,1,1
1779543004.013696,pass_through,0,0.000,1.500,inf,1,1
1779543004.063737,pass_through,0,0.000,1.500,inf,1,1
1779543004.113766,pass_through,0,0.000,1.500,inf,1,1
1779543004.226154,pass_through,0,0.000,1.500,inf,1,1
1779543004.263704,pass_through,0,0.000,1.500,inf,1,1
1779543004.313741,pass_through,0,0.000,1.500,inf,1,1
1779543004.363844,pass_through,0,0.000,1.500,inf,1,1
1779543004.413688,pass_through,0,0.000,1.500,inf,1,1
1779543004.463794,pass_through,0,0.000,1.500,inf,1,1
1779543004.513767,pass_through,0,0.000,1.500,inf,1,1
1779543004.563766,pass_through,0,0.000,1.500,inf,1,1
1779543004.613767,pass_through,0,0.000,1.500,inf,1,1
1779543004.743001,pass_through,0,0.000,1.500,inf,1,1
1779543004.764139,pass_through,0,0.000,1.500,inf,1,1
1779543004.813805,pass_through,0,0.000,1.500,inf,1,1
1779543004.863767,pass_through,0,0.000,1.500,inf,1,1
1779543004.913833,pass_through,0,0.000,1.500,inf,1,1
1779543004.963752,pass_through,0,0.000,1.500,inf,1,1
1779543005.013740,pass_through,0,0.000,1.500,inf,1,1
1779543005.063748,pass_through,0,0.000,1.500,inf,1,1
1779543005.113846,pass_through,0,0.000,1.500,inf,1,1
1779543005.233970,pass_through,0,0.000,1.500,inf,1,1
1779543005.263885,pass_through,0,0.000,1.500,inf,1,1
1779543005.313720,pass_through,0,0.000,1.500,inf,1,1
1779543005.363754,pass_through,0,0.000,1.500,inf,1,1
1779543005.413729,pass_through,0,0.000,1.500,inf,1,1
1779543005.463767,pass_through,0,0.000,1.500,inf,1,1
1779543005.513740,pass_through,0,0.000,1.500,inf,1,1
1779543005.563762,pass_through,0,0.000,1.500,inf,1,1
1779543005.613731,pass_through,0,0.000,1.500,inf,1,1
1779543005.719484,pass_through,0,0.000,1.500,inf,1,1
1779543005.763794,pass_through,0,0.000,1.500,inf,1,1
1779543005.813693,pass_through,0,0.000,1.500,inf,1,1
1779543005.863814,pass_through,0,0.000,1.500,inf,1,1
1779543005.913748,pass_through,0,0.000,1.500,inf,1,1
1779543005.963758,pass_through,0,0.000,1.500,inf,1,1
1779543006.013754,pass_through,0,0.000,1.500,inf,1,1
1779543006.063767,pass_through,0,0.000,1.500,inf,1,1
1779543006.113774,pass_through,0,0.000,1.500,inf,1,1
1779543006.255024,pass_through,0,0.000,1.500,inf,1,1
1779543006.279072,pass_through,0,0.000,1.500,inf,1,1
1779543006.314204,pass_through,0,0.000,1.500,inf,1,1
1779543006.363787,pass_through,0,0.000,1.500,inf,1,1
1779543006.413762,pass_through,0,0.000,1.500,inf,1,1
1779543006.463783,pass_through,0,0.000,1.500,inf,1,1
1779543006.513748,pass_through,0,0.000,1.500,inf,1,1
1779543006.563805,pass_through,0,0.000,1.500,inf,1,1
1779543006.613717,pass_through,0,0.000,1.500,inf,1,1
1779543006.753773,pass_through,0,0.000,1.500,inf,1,1
1779543006.777217,pass_through,0,0.000,1.500,inf,1,1
1779543006.813694,pass_through,0,0.000,1.500,inf,1,1
1779543006.863783,pass_through,0,0.000,1.500,inf,1,1
1779543006.913780,pass_through,0,0.000,1.500,inf,1,1
1779543006.963781,pass_through,0,0.000,1.500,inf,1,1
1779543007.013766,pass_through,0,0.000,1.500,inf,1,1
1779543007.063698,pass_through,0,0.000,1.500,inf,1,1
1779543007.113797,pass_through,0,0.000,1.500,inf,1,1
1779543007.249401,pass_through,0,0.000,1.500,inf,1,1
1779543007.264168,pass_through,0,0.000,1.500,inf,1,1
1779543007.313719,pass_through,0,0.000,1.500,inf,1,1
1779543007.363779,pass_through,0,0.000,1.500,inf,1,1
1779543007.413688,pass_through,0,0.000,1.500,inf,1,1
1779543007.463761,pass_through,0,0.000,1.500,inf,1,1
1779543007.513695,pass_through,0,0.000,1.500,inf,1,1
1779543007.563735,pass_through,0,0.000,1.500,inf,1,1
1779543007.613738,pass_through,0,0.000,1.500,inf,1,1
1779543007.719451,pass_through,0,0.000,1.500,inf,1,1
1779543007.763738,pass_through,0,0.000,1.500,inf,1,1
1779543007.813832,pass_through,0,0.000,1.500,inf,1,1
1779543007.864026,pass_through,0,0.000,1.500,inf,1,1
1779543007.913687,pass_through,0,0.000,1.500,inf,1,1
1779543007.963851,pass_through,0,0.000,1.500,inf,1,1
1779543008.013683,pass_through,0,0.000,1.500,inf,1,1
1779543008.063776,pass_through,0,0.000,1.500,inf,1,1
1779543008.113801,pass_through,0,0.000,1.500,inf,1,1
1779543008.242077,pass_through,0,0.000,1.500,inf,1,1
1779543008.263724,pass_through,0,0.000,1.500,inf,1,1
1779543008.313745,pass_through,0,0.000,1.500,inf,1,1
1779543008.363829,pass_through,0,0.000,1.500,inf,1,1
1779543008.413754,pass_through,0,0.000,1.500,inf,1,1
1779543008.463766,pass_through,0,0.000,1.500,inf,1,1
1779543008.513699,pass_through,0,0.000,1.500,inf,1,1
1779543008.563719,pass_through,0,0.000,1.500,inf,1,1
1779543008.613752,pass_through,0,0.000,1.500,inf,1,1
1779543008.721850,pass_through,0,0.000,1.500,inf,1,1
1779543008.763812,pass_through,0,0.000,1.500,inf,1,1
1779543008.813694,pass_through,0,0.000,1.500,inf,1,1
1779543008.863736,pass_through,0,0.000,1.500,inf,1,1
1779543008.913738,pass_through,0,0.000,1.500,inf,1,1
1779543008.963728,pass_through,0,0.000,1.500,inf,1,1
1779543009.013681,pass_through,0,0.000,1.500,inf,1,1
1779543009.063759,pass_through,0,0.000,1.500,inf,1,1
1779543009.113770,pass_through,0,0.000,1.500,inf,1,1
1779543009.271015,pass_through,0,0.000,1.500,inf,1,1
1779543009.313713,pass_through,0,0.000,1.500,inf,1,1
1779543009.363734,pass_through,0,0.000,1.500,inf,1,1
1779543009.413735,pass_through,0,0.000,1.500,inf,1,1
1779543009.463672,pass_through,0,0.000,1.500,inf,1,1
1779543009.513733,pass_through,0,0.000,1.500,inf,1,1
1779543009.563755,pass_through,0,0.000,1.500,inf,1,1
1779543009.613676,pass_through,0,0.000,1.500,inf,1,1
1779543009.715049,pass_through,0,0.000,1.500,inf,1,1
1779543009.763786,pass_through,0,0.000,1.500,inf,1,1
1779543009.813685,pass_through,0,0.000,1.500,inf,1,1
1779543009.863807,pass_through,0,0.000,1.500,inf,1,1
1779543009.913749,pass_through,0,0.000,1.500,inf,1,1
1779543009.963775,pass_through,0,0.000,1.500,inf,1,1
1779543010.013795,pass_through,0,0.000,1.500,inf,1,1
1779543010.063734,pass_through,0,0.000,1.500,inf,1,1
1779543010.113756,pass_through,0,0.000,1.500,inf,1,1
1779543010.246940,pass_through,0,0.000,1.500,inf,1,1
1779543010.270925,pass_through,0,0.000,1.500,inf,1,1
1779543010.313654,pass_through,0,0.000,1.500,inf,1,1
1779543010.364114,pass_through,0,0.000,1.500,inf,1,1
1779543010.413695,pass_through,0,0.000,1.500,inf,1,1
1779543010.463732,pass_through,0,0.000,1.500,inf,1,1
1779543010.513683,pass_through,0,0.000,1.500,inf,1,1
1779543010.563785,pass_through,0,0.000,1.500,inf,1,1
1779543010.613765,pass_through,0,0.000,1.500,inf,1,1
1779543010.760051,pass_through,0,0.000,1.500,inf,1,1
1779543010.778772,pass_through,0,0.000,1.500,inf,1,1
1779543010.813685,pass_through,0,0.000,1.500,inf,1,1
1779543010.863782,pass_through,0,0.000,1.500,inf,1,1
1779543010.913715,pass_through,0,0.000,1.500,inf,1,1
1779543010.963778,pass_through,0,0.000,1.500,inf,1,1
1779543011.013696,pass_through,0,0.000,1.500,inf,1,1
1779543011.063770,pass_through,0,0.000,1.500,inf,1,1
1779543011.113738,pass_through,0,0.000,1.500,inf,1,1
1779543011.221161,pass_through,0,0.000,1.500,inf,1,1
1779543011.263752,pass_through,0,0.000,1.500,inf,1,1
1779543011.313815,pass_through,0,0.000,1.500,inf,1,1
1779543011.363774,pass_through,0,0.000,1.500,inf,1,1
1779543011.413739,pass_through,0,0.000,1.500,inf,1,1
1779543011.463773,pass_through,0,0.000,1.500,inf,1,1
1779543011.513783,pass_through,0,0.000,1.500,inf,1,1
1779543011.563856,pass_through,0,0.000,1.500,inf,1,1
1779543011.613706,pass_through,0,0.000,1.500,inf,1,1
1779543011.758655,pass_through,0,0.000,1.500,inf,1,1
1779543011.773257,pass_through,0,0.000,1.500,inf,1,1
1779543011.813709,pass_through,0,0.000,1.500,inf,1,1
1779543011.863779,pass_through,0,0.000,1.500,inf,1,1
1779543011.913762,pass_through,0,0.000,1.500,inf,1,1
1779543011.963878,pass_through,0,0.000,1.500,inf,1,1
1779543012.013737,pass_through,0,0.000,1.500,inf,1,1
1779543012.063796,pass_through,0,0.000,1.500,inf,1,1
1779543012.113707,pass_through,0,0.000,1.500,inf,1,1
1779543012.239131,pass_through,0,0.000,1.500,inf,1,1
1779543012.263781,pass_through,0,0.000,1.500,inf,1,1
1779543012.313757,pass_through,0,0.000,1.500,inf,1,1
1779543012.363778,pass_through,0,0.000,1.500,inf,1,1
1779543012.413755,pass_through,0,0.000,1.500,inf,1,1
1779543012.463818,pass_through,0,0.000,1.500,inf,1,1
1779543012.513721,pass_through,0,0.000,1.500,inf,1,1
1779543012.563752,pass_through,0,0.000,1.500,inf,1,1
1779543012.613701,pass_through,0,0.000,1.500,inf,1,1
1779543012.712880,pass_through,0,0.000,1.500,inf,1,1
1779543012.726102,pass_through,0,0.000,1.500,inf,1,1
1779543012.763834,pass_through,0,0.000,1.500,inf,1,1
1779543012.813733,pass_through,0,0.000,1.500,inf,1,1
1779543012.863742,pass_through,0,0.000,1.500,inf,1,1
1779543012.913799,pass_through,0,0.000,1.500,inf,1,1
1779543012.963810,pass_through,0,0.000,1.500,inf,1,1
1779543013.013695,pass_through,0,0.000,1.500,inf,1,1
1779543013.063771,pass_through,0,0.000,1.500,inf,1,1
1779543013.113711,pass_through,0,0.000,1.500,inf,1,1
1779543013.240197,pass_through,0,0.000,1.500,inf,1,1
1779543013.263708,pass_through,0,0.000,1.500,inf,1,1
1779543013.313684,pass_through,0,0.000,1.500,inf,1,1
1779543013.363739,pass_through,0,0.000,1.500,inf,1,1
1779543013.413714,pass_through,0,0.000,1.500,inf,1,1
1779543013.463759,pass_through,0,0.000,1.500,inf,1,1
1779543013.513699,pass_through,0,0.000,1.500,inf,1,1
1779543013.563735,pass_through,0,0.000,1.500,inf,1,1
1779543013.613760,pass_through,0,0.000,1.500,inf,1,1
1779543013.723252,pass_through,0,0.000,1.500,inf,1,1
1779543013.763788,pass_through,0,0.000,1.500,inf,1,1
1779543013.813693,pass_through,0,0.000,1.500,inf,1,1
1779543013.863777,pass_through,0,0.000,1.500,inf,1,1
1779543013.913731,pass_through,0,0.000,1.500,inf,1,1
1779543013.963748,pass_through,0,0.000,1.500,inf,1,1
1779543014.013791,pass_through,0,0.000,1.500,inf,1,1
1779543014.063775,pass_through,0,0.000,1.500,inf,1,1
1779543014.113697,pass_through,0,0.000,1.500,inf,1,1
1779543014.270931,pass_through,0,0.000,1.500,inf,1,1
1779543014.313733,pass_through,0,0.000,1.500,inf,1,1
1779543014.363738,pass_through,0,0.000,1.500,inf,1,1
1779543014.413922,pass_through,0,0.000,1.500,inf,1,1
1779543014.463726,pass_through,0,0.000,1.500,inf,1,1
1779543014.513725,pass_through,0,0.000,1.500,inf,1,1
1779543014.563717,pass_through,0,0.000,1.500,inf,1,1
1779543014.613757,pass_through,0,0.000,1.500,inf,1,1
1779543014.722294,pass_through,0,0.000,1.500,inf,1,1
1779543014.763767,pass_through,0,0.000,1.500,inf,1,1
1779543014.813771,pass_through,0,0.000,1.500,inf,1,1
1779543014.863760,pass_through,0,0.000,1.500,inf,1,1
1779543014.913693,pass_through,0,0.000,1.500,inf,1,1
1779543014.963808,pass_through,0,0.000,1.500,inf,1,1
1779543015.013708,pass_through,0,0.000,1.500,inf,1,1
1779543015.063761,pass_through,0,0.000,1.500,inf,1,1
1779543015.113711,pass_through,0,0.000,1.500,inf,1,1
1779543015.227850,pass_through,0,0.000,1.500,inf,1,1
1779543015.263709,pass_through,0,0.000,1.500,inf,1,1
1779543015.313751,pass_through,0,0.000,1.500,inf,1,1
1779543015.363727,pass_through,0,0.000,1.500,inf,1,1
1779543015.413751,pass_through,0,0.000,1.500,inf,1,1
1779543015.463726,pass_through,0,0.000,1.500,inf,1,1
1779543015.513750,pass_through,0,0.000,1.500,inf,1,1
1779543015.563773,pass_through,0,0.000,1.500,inf,1,1
1779543015.613723,pass_through,0,0.000,1.500,inf,1,1
1779543015.755593,pass_through,0,0.000,1.500,inf,1,1
1779543015.780485,pass_through,0,0.000,1.500,inf,1,1
1779543015.813704,pass_through,0,0.000,1.500,inf,1,1
1779543015.863765,pass_through,0,0.000,1.500,inf,1,1
1779543015.913723,pass_through,0,0.000,1.500,inf,1,1
1779543015.963763,pass_through,0,0.000,1.500,inf,1,1
1779543016.013708,pass_through,0,0.000,1.500,inf,1,1
1779543016.063755,pass_through,0,0.000,1.500,inf,1,1
1779543016.113855,pass_through,0,0.000,1.500,inf,1,1
1779543016.238381,pass_through,0,0.000,1.500,inf,1,1
1779543016.263742,pass_through,0,0.000,1.500,inf,1,1
1779543016.315928,pass_through,0,0.000,1.500,inf,1,1
1779543016.363765,pass_through,0,0.000,1.500,inf,1,1
1779543016.413761,pass_through,0,0.000,1.500,inf,1,1
1779543016.463759,pass_through,0,0.000,1.500,inf,1,1
1779543016.513735,pass_through,0,0.000,1.500,inf,1,1
1779543016.563890,pass_through,0,0.000,1.500,inf,1,1
1779543016.613742,pass_through,0,0.000,1.500,inf,1,1
1779543016.714011,pass_through,0,0.000,1.500,inf,1,1
1779543016.763771,pass_through,0,0.000,1.500,inf,1,1
1779543016.813749,pass_through,0,0.000,1.500,inf,1,1
1779543016.863728,pass_through,0,0.000,1.500,inf,1,1
1779543016.913816,pass_through,0,0.000,1.500,inf,1,1
1779543016.963776,pass_through,0,0.000,1.500,inf,1,1
1779543017.013733,pass_through,0,0.000,1.500,inf,1,1
1779543017.063764,pass_through,0,0.000,1.500,inf,1,1
1779543017.113686,pass_through,0,0.000,1.500,inf,1,1
1779543017.212902,pass_through,0,0.000,1.500,inf,1,1
1779543017.224925,pass_through,0,0.000,1.500,inf,1,1
1779543017.263751,pass_through,0,0.000,1.500,inf,1,1
1779543017.313663,pass_through,0,0.000,1.500,inf,1,1
1779543017.363838,pass_through,0,0.000,1.500,inf,1,1
1779543017.413746,pass_through,0,0.000,1.500,inf,1,1
1779543017.463760,pass_through,0,0.000,1.500,inf,1,1
1779543017.513806,pass_through,0,0.000,1.500,inf,1,1
1779543017.563791,pass_through,0,0.000,1.500,inf,1,1
1779543017.613719,pass_through,0,0.000,1.500,inf,1,1
1779543017.757649,pass_through,0,0.000,1.500,inf,1,1
1779543017.777133,pass_through,0,0.000,1.500,inf,1,1
1779543017.813758,pass_through,0,0.000,1.500,inf,1,1
1779543017.863748,pass_through,0,0.000,1.500,inf,1,1
1779543017.914886,pass_through,0,0.000,1.500,inf,1,1
1779543017.963789,pass_through,0,0.000,1.500,inf,1,1
1779543018.013818,pass_through,0,0.000,1.500,inf,1,1
1779543018.063881,pass_through,0,0.000,1.500,inf,1,1
1779543018.113711,pass_through,0,0.000,1.500,inf,1,1
1779543018.253212,pass_through,0,0.000,1.500,inf,1,1
1779543018.277649,pass_through,0,0.000,1.500,inf,1,1
1779543018.313851,pass_through,0,0.000,1.500,inf,1,1
1779543018.363788,pass_through,0,0.000,1.500,inf,1,1
1779543018.413685,pass_through,0,0.000,1.500,inf,1,1
1779543018.463805,pass_through,0,0.000,1.500,inf,1,1
1779543018.516454,pass_through,0,0.000,1.500,inf,1,1
1779543018.563798,pass_through,0,0.000,1.500,inf,1,1
1779543018.613716,pass_through,0,0.000,1.500,inf,1,1
1779543018.734151,pass_through,0,0.000,1.500,inf,1,1
1779543018.763812,pass_through,0,0.000,1.500,inf,1,1
1779543018.813669,pass_through,0,0.000,1.500,inf,1,1
1779543018.863796,pass_through,0,0.000,1.500,inf,1,1
1779543018.913709,pass_through,0,0.000,1.500,inf,1,1
1779543018.963758,pass_through,0,0.000,1.500,inf,1,1
1779543019.013790,pass_through,0,0.000,1.500,inf,1,1
1779543019.063811,pass_through,0,0.000,1.500,inf,1,1
1779543019.113793,pass_through,0,0.000,1.500,inf,1,1
1779543019.270478,pass_through,0,0.000,1.500,inf,1,1
1779543019.313783,pass_through,0,0.000,1.500,inf,1,1
1779543019.363729,pass_through,0,0.000,1.500,inf,1,1
1779543019.413711,pass_through,0,0.000,1.500,inf,1,1
1779543019.463763,pass_through,0,0.000,1.500,inf,1,1
1779543019.513900,pass_through,0,0.000,1.500,inf,1,1
1779543019.563699,pass_through,0,0.000,1.500,inf,1,1
1779543019.613723,pass_through,0,0.000,1.500,inf,1,1
1779543019.725254,pass_through,0,0.000,1.500,inf,1,1
1779543019.763820,pass_through,0,0.000,1.500,inf,1,1
1779543019.813699,pass_through,0,0.000,1.500,inf,1,1
1779543019.863864,pass_through,0,0.000,1.500,inf,1,1
1779543019.913743,pass_through,0,0.000,1.500,inf,1,1
1779543019.963833,pass_through,0,0.000,1.500,inf,1,1
1779543020.013735,pass_through,0,0.000,1.500,inf,1,1
1779543020.063762,pass_through,0,0.000,1.500,inf,1,1
1779543020.113684,pass_through,0,0.000,1.500,inf,1,1
1779543020.239448,pass_through,0,0.000,1.500,inf,1,1
1779543020.265376,pass_through,0,0.000,1.500,inf,1,1
1779543020.313826,pass_through,0,0.000,1.500,inf,1,1
1779543020.363801,pass_through,0,0.000,1.500,inf,1,1
1779543020.413711,pass_through,0,0.000,1.500,inf,1,1
1779543020.463766,pass_through,0,0.000,1.500,inf,1,1
1779543020.513771,pass_through,0,0.000,1.500,inf,1,1
1779543020.563874,pass_through,0,0.000,1.500,inf,1,1
1779543020.613813,pass_through,0,0.000,1.500,inf,1,1
1779543020.731596,pass_through,0,0.000,1.500,inf,1,1
1779543020.763771,pass_through,0,0.000,1.500,inf,1,1
1779543020.813740,pass_through,0,0.000,1.500,inf,1,1
1779543020.863796,pass_through,0,0.000,1.500,inf,1,1
1779543020.913809,pass_through,0,0.000,1.500,inf,1,1
1779543020.963770,pass_through,0,0.000,1.500,inf,1,1
1779543021.014405,pass_through,0,0.000,1.500,inf,1,1
1779543021.063810,pass_through,0,0.000,1.500,inf,1,1
1779543021.113703,avoid,1,0.950,0.750,0.345,29,16
1779543021.379476,avoid,1,0.950,0.750,0.345,29,16
1779543021.762728,avoid,1,0.950,0.750,0.350,29,16
1779543022.040595,avoid,1,0.950,0.750,0.346,29,16
1779543022.317960,avoid,1,0.950,0.750,0.345,29,16
1779543022.678118,avoid,1,0.950,0.750,0.345,29,16
1779543023.061084,avoid,1,0.950,0.750,0.345,29,16
1779543023.374921,avoid,1,0.950,0.750,0.345,29,16
1779543023.785430,avoid,1,0.950,0.750,0.346,29,16
1779543024.291417,avoid,1,0.950,0.750,0.350,29,16
1779543024.967313,pass_through,0,0.000,1.500,inf,1,1
1779543025.013709,pass_through,0,0.000,1.500,inf,1,1
1779543025.063789,pass_through,0,0.000,1.500,inf,1,1
1779543025.114334,pass_through,0,0.000,1.500,inf,1,1
1779543025.270228,pass_through,0,0.000,1.500,inf,1,1
1779543025.313805,pass_through,0,0.000,1.500,inf,1,1
1779543025.363705,pass_through,0,0.000,1.500,inf,1,1
1779543025.413715,pass_through,0,0.000,1.500,inf,1,1
1779543025.463813,pass_through,0,0.000,1.500,inf,1,1
1779543025.513740,pass_through,0,0.000,1.500,inf,1,1
1779543025.563812,pass_through,0,0.000,1.500,inf,1,1
1779543025.613815,pass_through,0,0.000,1.500,inf,1,1
1779543025.756038,pass_through,0,0.000,1.500,inf,1,1
1779543025.781454,pass_through,0,0.000,1.500,inf,1,1
1779543025.813650,pass_through,0,0.000,1.500,inf,1,1
1779543025.863749,pass_through,0,0.000,1.500,inf,1,1
1779543025.913746,pass_through,0,0.000,1.500,inf,1,1
1779543025.963864,pass_through,0,0.000,1.500,inf,1,1
1779543026.013696,pass_through,0,0.000,1.500,inf,1,1
1779543026.063801,pass_through,0,0.000,1.500,inf,1,1
1779543026.113617,pass_through,0,0.000,1.500,inf,1,1
1779543026.246001,pass_through,0,0.000,1.500,inf,1,1
1779543026.264938,pass_through,0,0.000,1.500,inf,1,1
1779543026.314173,pass_through,0,0.000,1.500,inf,1,1
1779543026.363818,pass_through,0,0.000,1.500,inf,1,1
1779543026.413751,pass_through,0,0.000,1.500,inf,1,1
1779543026.463785,pass_through,0,0.000,1.500,inf,1,1
1779543026.513722,pass_through,0,0.000,1.500,inf,1,1
1779543026.563841,pass_through,0,0.000,1.500,inf,1,1
1779543026.613686,pass_through,0,0.000,1.500,inf,1,1
1779543026.766288,pass_through,0,0.000,1.500,inf,1,1
1779543026.813801,pass_through,0,0.000,1.500,inf,1,1
1779543026.866317,pass_through,0,0.000,1.500,inf,1,1
1779543026.913743,pass_through,0,0.000,1.500,inf,1,1
1779543026.963972,pass_through,0,0.000,1.500,inf,1,1
1779543027.013734,pass_through,0,0.000,1.500,inf,1,1
1779543027.063739,pass_through,0,0.000,1.500,inf,1,1
1779543027.113789,pass_through,0,0.000,1.500,inf,1,1
1779543027.266177,pass_through,0,0.000,1.500,inf,1,1
1779543027.313836,pass_through,0,0.000,1.500,inf,1,1
1779543027.364156,pass_through,0,0.000,1.500,inf,1,1
1779543027.413723,pass_through,0,0.000,1.500,inf,1,1
1779543027.463714,pass_through,0,0.000,1.500,inf,1,1
1779543027.513758,pass_through,0,0.000,1.500,inf,1,1
1779543027.563833,pass_through,0,0.000,1.500,inf,1,1
1779543027.613750,pass_through,0,0.000,1.500,inf,1,1
1779543027.760321,pass_through,0,0.000,1.500,inf,1,1
1779543027.786703,pass_through,0,0.000,1.500,inf,1,1
1779543027.814043,pass_through,0,0.000,1.500,inf,1,1
1779543027.863767,pass_through,0,0.000,1.500,inf,1,1
1779543027.913817,pass_through,0,0.000,1.500,inf,1,1
1779543027.964009,pass_through,0,0.000,1.500,inf,1,1
1779543028.013982,pass_through,0,0.000,1.500,inf,1,1
1779543028.063806,pass_through,0,0.000,1.500,inf,1,1
1779543028.113780,pass_through,0,0.000,1.500,inf,1,1
1779543028.271072,pass_through,0,0.000,1.500,inf,1,1
1779543028.314005,pass_through,0,0.000,1.500,inf,1,1
1779543028.363785,pass_through,0,0.000,1.500,inf,1,1
1779543028.413736,pass_through,0,0.000,1.500,inf,1,1
1779543028.463810,pass_through,0,0.000,1.500,inf,1,1
1779543028.513771,pass_through,0,0.000,1.500,inf,1,1
1779543028.563868,pass_through,0,0.000,1.500,inf,1,1
1779543028.613818,pass_through,0,0.000,1.500,inf,1,1
1779543028.768275,pass_through,0,0.000,1.500,inf,1,1
1779543028.813769,pass_through,0,0.000,1.500,inf,1,1
1779543028.863824,pass_through,0,0.000,1.500,inf,1,1
1779543028.913651,pass_through,0,0.000,1.500,inf,1,1
1779543028.963741,pass_through,0,0.000,1.500,inf,1,1
1779543029.013772,pass_through,0,0.000,1.500,inf,1,1
1779543029.063739,pass_through,0,0.000,1.500,inf,1,1
1779543029.113716,pass_through,0,0.000,1.500,inf,1,1
1779543029.233332,pass_through,0,0.000,1.500,inf,1,1
1779543029.263837,pass_through,0,0.000,1.500,inf,1,1
1779543029.313763,pass_through,0,0.000,1.500,inf,1,1
1779543029.364132,pass_through,0,0.000,1.500,inf,1,1
1779543029.413767,pass_through,0,0.000,1.500,inf,1,1
1779543029.463748,pass_through,0,0.000,1.500,inf,1,1
1779543029.514907,pass_through,0,0.000,1.500,inf,1,1
1779543029.563785,pass_through,0,0.000,1.500,inf,1,1
1779543029.613824,pass_through,0,0.000,1.500,inf,1,1
1779543029.765412,pass_through,0,0.000,1.500,inf,1,1
1779543029.813967,pass_through,0,0.000,1.500,inf,1,1
1779543029.863847,pass_through,0,0.000,1.500,inf,1,1
1779543029.913746,pass_through,0,0.000,1.500,inf,1,1
1779543029.963910,pass_through,0,0.000,1.500,inf,1,1
1779543030.014043,pass_through,0,0.000,1.500,inf,1,1
1779543030.063838,pass_through,0,0.000,1.500,inf,1,1
1779543030.113776,pass_through,0,0.000,1.500,inf,1,1
1779543030.257192,pass_through,0,0.000,1.500,inf,1,1
1779543030.274976,pass_through,0,0.000,1.500,inf,1,1
1779543030.313807,pass_through,0,0.000,1.500,inf,1,1
1779543030.363801,pass_through,0,0.000,1.500,inf,1,1
1779543030.413690,pass_through,0,0.000,1.500,inf,1,1
1779543030.463786,pass_through,0,0.000,1.500,inf,1,1
1779543030.514122,pass_through,0,0.000,1.500,inf,1,1
1779543030.564348,pass_through,0,0.000,1.500,inf,1,1
1779543030.614102,pass_through,0,0.000,1.500,inf,1,1
1779543030.728750,pass_through,0,0.000,1.500,inf,1,1
1779543030.763838,pass_through,0,0.000,1.500,inf,1,1
1779543030.813717,pass_through,0,0.000,1.500,inf,1,1
1779543030.863769,pass_through,0,0.000,1.500,inf,1,1
1779543030.913717,pass_through,0,0.000,1.500,inf,1,1
1779543030.963773,pass_through,0,0.000,1.500,inf,1,1
1779543031.014550,pass_through,0,0.000,1.500,inf,1,1
1779543031.063707,pass_through,0,0.000,1.500,inf,1,1
1779543031.113745,pass_through,0,0.000,1.500,inf,1,1
1779543031.267168,pass_through,0,0.000,1.500,inf,1,1
1779543031.313666,pass_through,0,0.000,1.500,inf,1,1
1779543031.363842,pass_through,0,0.000,1.500,inf,1,1
1779543031.413702,pass_through,0,0.000,1.500,inf,1,1
1779543031.463743,pass_through,0,0.000,1.500,inf,1,1
1779543031.514109,pass_through,0,0.000,1.500,inf,1,1
1779543031.563833,pass_through,0,0.000,1.500,inf,1,1
1779543031.613741,pass_through,0,0.000,1.500,inf,1,1
1779543031.726568,pass_through,0,0.000,1.500,inf,1,1
1779543031.763765,pass_through,0,0.000,1.500,inf,1,1
1779543031.813779,pass_through,0,0.000,1.500,inf,1,1
1779543031.863889,pass_through,0,0.000,1.500,inf,1,1
1779543031.913700,pass_through,0,0.000,1.500,inf,1,1
1779543031.963808,pass_through,0,0.000,1.500,inf,1,1
1779543032.013843,pass_through,0,0.000,1.500,inf,1,1
1779543032.063843,pass_through,0,0.000,1.500,inf,1,1
1779543032.113855,pass_through,0,0.000,1.500,inf,1,1
1779543032.255737,pass_through,0,0.000,1.500,inf,1,1
1779543032.281823,pass_through,0,0.000,1.500,inf,1,1
1779543032.314366,pass_through,0,0.000,1.500,inf,1,1
1779543032.363792,pass_through,0,0.000,1.500,inf,1,1
1779543032.413688,pass_through,0,0.000,1.500,inf,1,1
1779543032.463779,pass_through,0,0.000,1.500,inf,1,1
1779543032.513722,pass_through,0,0.000,1.500,inf,1,1
1779543032.569300,pass_through,0,0.000,1.500,inf,1,1
1779543032.613736,pass_through,0,0.000,1.500,inf,1,1
1779543032.778631,pass_through,0,0.000,1.500,inf,1,1
1779543032.814358,pass_through,0,0.000,1.500,inf,1,1
1779543032.863839,pass_through,0,0.000,1.500,inf,1,1
1779543032.913734,pass_through,0,0.000,1.500,inf,1,1
1779543032.963821,pass_through,0,0.000,1.500,inf,1,1
1779543033.013778,pass_through,0,0.000,1.500,inf,1,1
1779543033.063891,pass_through,0,0.000,1.500,inf,1,1
1779543033.113765,pass_through,0,0.000,1.500,inf,1,1
1779543033.240344,pass_through,0,0.000,1.500,inf,1,1
1779543033.263885,pass_through,0,0.000,1.500,inf,1,1
1779543033.313723,pass_through,0,0.000,1.500,inf,1,1
1779543033.363736,pass_through,0,0.000,1.500,inf,1,1
1779543033.413822,pass_through,0,0.000,1.500,inf,1,1
1779543033.463777,pass_through,0,0.000,1.500,inf,1,1
1779543033.513738,pass_through,0,0.000,1.500,inf,1,1
1779543033.563829,pass_through,0,0.000,1.500,inf,1,1
1779543033.613803,pass_through,0,0.000,1.500,inf,1,1
1779543033.733210,pass_through,0,0.000,1.500,inf,1,1
1779543033.763758,pass_through,0,0.000,1.500,inf,1,1
1779543033.813715,pass_through,0,0.000,1.500,inf,1,1
1779543033.863786,pass_through,0,0.000,1.500,inf,1,1
1779543033.913743,pass_through,0,0.000,1.500,inf,1,1
1779543033.963793,pass_through,0,0.000,1.500,inf,1,1
1779543034.013766,pass_through,0,0.000,1.500,inf,1,1
1779543034.063790,pass_through,0,0.000,1.500,inf,1,1
1779543034.113740,pass_through,0,0.000,1.500,inf,1,1
1779543034.282022,pass_through,0,0.000,1.500,inf,1,1
1779543034.314220,pass_through,0,0.000,1.500,inf,1,1
1779543034.364411,pass_through,0,0.000,1.500,inf,1,1
1779543034.413783,pass_through,0,0.000,1.500,inf,1,1
1779543034.463872,pass_through,0,0.000,1.500,inf,1,1
1779543034.513695,pass_through,0,0.000,1.500,inf,1,1
1779543034.563763,pass_through,0,0.000,1.500,inf,1,1
1779543034.613765,pass_through,0,0.000,1.500,inf,1,1
1779543034.741509,pass_through,0,0.000,1.500,inf,1,1
1779543034.763793,pass_through,0,0.000,1.500,inf,1,1
1779543034.814248,pass_through,0,0.000,1.500,inf,1,1
1779543034.863819,pass_through,0,0.000,1.500,inf,1,1
1779543034.913753,pass_through,0,0.000,1.500,inf,1,1
1779543034.963876,pass_through,0,0.000,1.500,inf,1,1
1779543035.013697,pass_through,0,0.000,1.500,inf,1,1
1779543035.063808,pass_through,0,0.000,1.500,inf,1,1
1779543035.113845,pass_through,0,0.000,1.500,inf,1,1
1779543035.245137,pass_through,0,0.000,1.500,inf,1,1
1779543035.263791,pass_through,0,0.000,1.500,inf,1,1
1779543035.313795,pass_through,0,0.000,1.500,inf,1,1
1779543035.363732,pass_through,0,0.000,1.500,inf,1,1
1779543035.413686,pass_through,0,0.000,1.500,inf,1,1
1779543035.463796,pass_through,0,0.000,1.500,inf,1,1
1779543035.513673,pass_through,0,0.000,1.500,inf,1,1
1779543035.563854,pass_through,0,0.000,1.500,inf,1,1
1779543035.613758,pass_through,0,0.000,1.500,inf,1,1
1779543035.745715,pass_through,0,0.000,1.500,inf,1,1
1779543035.763788,pass_through,0,0.000,1.500,inf,1,1
1779543035.813777,pass_through,0,0.000,1.500,inf,1,1
1779543035.863794,pass_through,0,0.000,1.500,inf,1,1
1779543035.913861,pass_through,0,0.000,1.500,inf,1,1
1779543035.963779,pass_through,0,0.000,1.500,inf,1,1
1779543036.013755,pass_through,0,0.000,1.500,inf,1,1
1779543036.063753,pass_through,0,0.000,1.500,inf,1,1
1779543036.113747,pass_through,0,0.000,1.500,inf,1,1
1779543036.234858,pass_through,0,0.000,1.500,inf,1,1
1779543036.263703,pass_through,0,0.000,1.500,inf,1,1
1779543036.313668,pass_through,0,0.000,1.500,inf,1,1
1779543036.363724,pass_through,0,0.000,1.500,inf,1,1
1779543036.413813,pass_through,0,0.000,1.500,inf,1,1
1779543036.463808,pass_through,0,0.000,1.500,inf,1,1
1779543036.513726,pass_through,0,0.000,1.500,inf,1,1
1779543036.563716,pass_through,0,0.000,1.500,inf,1,1
1779543036.613728,pass_through,0,0.000,1.500,inf,1,1
1779543036.733906,pass_through,0,0.000,1.500,inf,1,1
1779543036.763754,pass_through,0,0.000,1.500,inf,1,1
1779543036.813763,pass_through,0,0.000,1.500,inf,1,1
1779543036.863806,pass_through,0,0.000,1.500,inf,1,1
1779543036.913672,pass_through,0,0.000,1.500,inf,1,1
1779543036.963797,pass_through,0,0.000,1.500,inf,1,1
1779543037.013896,pass_through,0,0.000,1.500,inf,1,1
1779543037.063786,pass_through,0,0.000,1.500,inf,1,1
1779543037.113690,pass_through,0,0.000,1.500,inf,1,1
1779543037.246415,pass_through,0,0.000,1.500,inf,1,1
1779543037.268408,pass_through,0,0.000,1.500,inf,1,1
1779543037.314116,pass_through,0,0.000,1.500,inf,1,1
1779543037.363771,pass_through,0,0.000,1.500,inf,1,1
1779543037.413704,pass_through,0,0.000,1.500,inf,1,1
1779543037.463753,pass_through,0,0.000,1.500,inf,1,1
1779543037.513707,pass_through,0,0.000,1.500,inf,1,1
1779543037.563765,pass_through,0,0.000,1.500,inf,1,1
1779543037.613802,pass_through,0,0.000,1.500,inf,1,1
1779543037.769356,pass_through,0,0.000,1.500,inf,1,1
1779543037.814068,pass_through,0,0.000,1.500,inf,1,1
1779543037.863767,pass_through,0,0.000,1.500,inf,1,1
1779543037.913772,pass_through,0,0.000,1.500,inf,1,1
1779543037.963798,pass_through,0,0.000,1.500,inf,1,1
1779543038.013799,pass_through,0,0.000,1.500,inf,1,1
1779543038.064963,pass_through,0,0.000,1.500,inf,1,1
1779543038.113744,pass_through,0,0.000,1.500,inf,1,1
1779543038.266220,pass_through,0,0.000,1.500,inf,1,1
1779543038.313794,pass_through,0,0.000,1.500,inf,1,1
1779543038.363770,pass_through,0,0.000,1.500,inf,1,1
1779543038.413701,pass_through,0,0.000,1.500,inf,1,1
1779543038.463787,pass_through,0,0.000,1.500,inf,1,1
1779543038.514184,pass_through,0,0.000,1.500,inf,1,1
1779543038.564178,pass_through,0,0.000,1.500,inf,1,1
1779543038.613845,pass_through,0,0.000,1.500,inf,1,1
1779543038.770089,pass_through,0,0.000,1.500,inf,1,1
1779543038.813793,pass_through,0,0.000,1.500,inf,1,1
1779543038.863729,pass_through,0,0.000,1.500,inf,1,1
1779543038.913761,pass_through,0,0.000,1.500,inf,1,1
1779543038.963760,pass_through,0,0.000,1.500,inf,1,1
1779543039.013709,pass_through,0,0.000,1.500,inf,1,1
1779543039.063763,pass_through,0,0.000,1.500,inf,1,1
1779543039.113847,pass_through,0,0.000,1.500,inf,1,1
1779543039.233477,pass_through,0,0.000,1.500,inf,1,1
1779543039.263762,pass_through,0,0.000,1.500,inf,1,1
1779543039.313783,pass_through,0,0.000,1.500,inf,1,1
1779543039.363882,pass_through,0,0.000,1.500,inf,1,1
1779543039.413795,pass_through,0,0.000,1.500,inf,1,1
1779543039.463838,pass_through,0,0.000,1.500,inf,1,1
1779543039.513747,pass_through,0,0.000,1.500,inf,1,1
1779543039.563803,pass_through,0,0.000,1.500,inf,1,1
1779543039.613745,pass_through,0,0.000,1.500,inf,1,1
1779543039.724339,pass_through,0,0.000,1.500,inf,1,1
1779543039.763705,pass_through,0,0.000,1.500,inf,1,1
1779543039.813720,pass_through,0,0.000,1.500,inf,1,1
1779543039.863858,pass_through,0,0.000,1.500,inf,1,1
1779543039.913778,pass_through,0,0.000,1.500,inf,1,1
1779543039.963849,pass_through,0,0.000,1.500,inf,1,1
1779543040.013798,pass_through,0,0.000,1.500,inf,1,1
1779543040.063835,pass_through,0,0.000,1.500,inf,1,1
1779543040.113694,pass_through,0,0.000,1.500,inf,1,1
1779543040.223520,pass_through,0,0.000,1.500,inf,1,1
1779543040.263816,pass_through,0,0.000,1.500,inf,1,1
1779543040.313973,pass_through,0,0.000,1.500,inf,1,1
1779543040.363781,pass_through,0,0.000,1.500,inf,1,1
1779543040.413805,pass_through,0,0.000,1.500,inf,1,1
1779543040.463748,pass_through,0,0.000,1.500,inf,1,1
1779543040.513691,pass_through,0,0.000,1.500,inf,1,1
1779543040.563722,pass_through,0,0.000,1.500,inf,1,1
1779543040.613774,pass_through,0,0.000,1.500,inf,1,1
1779543040.759940,pass_through,0,0.000,1.500,inf,1,1
1779543040.781561,pass_through,0,0.000,1.500,inf,1,1
1779543040.813779,pass_through,0,0.000,1.500,inf,1,1
1779543040.863850,pass_through,0,0.000,1.500,inf,1,1
1779543040.913649,pass_through,0,0.000,1.500,inf,1,1
1779543040.963775,pass_through,0,0.000,1.500,inf,1,1
1779543041.014466,pass_through,0,0.000,1.500,inf,1,1
1779543041.063804,pass_through,0,0.000,1.500,inf,1,1
1779543041.113775,pass_through,0,0.000,1.500,inf,1,1
1779543041.234617,pass_through,0,0.000,1.500,inf,1,1
1779543041.263745,pass_through,0,0.000,1.500,inf,1,1
1779543041.313700,pass_through,0,0.000,1.500,inf,1,1
1779543041.363739,pass_through,0,0.000,1.500,inf,1,1
1779543041.414641,pass_through,0,0.000,1.500,inf,1,1
1779543041.463798,pass_through,0,0.000,1.500,inf,1,1
1779543041.513834,pass_through,0,0.000,1.500,inf,1,1
1779543041.563759,pass_through,0,0.000,1.500,inf,1,1
1779543041.613771,pass_through,0,0.000,1.500,inf,1,1
1779543041.761766,pass_through,0,0.000,1.500,inf,1,1
1779543041.784936,pass_through,0,0.000,1.500,inf,1,1
1779543041.814131,pass_through,0,0.000,1.500,inf,1,1
1779543041.863920,pass_through,0,0.000,1.500,inf,1,1
1779543041.913727,pass_through,0,0.000,1.500,inf,1,1
1779543041.963710,pass_through,0,0.000,1.500,inf,1,1
1779543042.013705,pass_through,0,0.000,1.500,inf,1,1
1779543042.063924,pass_through,0,0.000,1.500,inf,1,1
1779543042.113723,pass_through,0,0.000,1.500,inf,1,1
1779543042.239765,pass_through,0,0.000,1.500,inf,1,1
1779543042.263808,pass_through,0,0.000,1.500,inf,1,1
1779543042.313748,pass_through,0,0.000,1.500,inf,1,1
1779543042.363816,pass_through,0,0.000,1.500,inf,1,1
1779543042.413776,pass_through,0,0.000,1.500,inf,1,1
1779543042.463866,pass_through,0,0.000,1.500,inf,1,1
1779543042.514252,pass_through,0,0.000,1.500,inf,1,1
1779543042.563750,pass_through,0,0.000,1.500,inf,1,1
1779543042.613814,pass_through,0,0.000,1.500,inf,1,1
1779543042.742676,pass_through,0,0.000,1.500,inf,1,1
1779543042.763803,pass_through,0,0.000,1.500,inf,1,1
1779543042.814187,pass_through,0,0.000,1.500,inf,1,1
1779543042.863829,pass_through,0,0.000,1.500,inf,1,1
1779543042.913768,pass_through,0,0.000,1.500,inf,1,1
1779543042.963814,pass_through,0,0.000,1.500,inf,1,1
1779543043.013801,pass_through,0,0.000,1.500,inf,1,1
1779543043.063770,pass_through,0,0.000,1.500,inf,1,1
1779543043.113715,pass_through,0,0.000,1.500,inf,1,1
1779543043.267549,pass_through,0,0.000,1.500,inf,1,1
1779543043.313669,pass_through,0,0.000,1.500,inf,1,1
1779543043.363768,pass_through,0,0.000,1.500,inf,1,1
1779543043.413732,pass_through,0,0.000,1.500,inf,1,1
1779543043.463809,pass_through,0,0.000,1.500,inf,1,1
1779543043.513835,pass_through,0,0.000,1.500,inf,1,1
1779543043.563714,pass_through,0,0.000,1.500,inf,1,1
1779543043.613679,pass_through,0,0.000,1.500,inf,1,1
1779543043.727858,pass_through,0,0.000,1.500,inf,1,1
1779543043.763981,pass_through,0,0.000,1.500,inf,1,1
1779543043.813745,pass_through,0,0.000,1.500,inf,1,1
1779543043.863810,pass_through,0,0.000,1.500,inf,1,1
1779543043.913711,pass_through,0,0.000,1.500,inf,1,1
1779543043.963846,pass_through,0,0.000,1.500,inf,1,1
1779543044.013792,pass_through,0,0.000,1.500,inf,1,1
1779543044.063796,pass_through,0,0.000,1.500,inf,1,1
1779543044.113733,pass_through,0,0.000,1.500,inf,1,1
1779543044.235981,pass_through,0,0.000,1.500,inf,1,1
1779543044.263788,pass_through,0,0.000,1.500,inf,1,1
1779543044.313667,pass_through,0,0.000,1.500,inf,1,1
1779543044.363842,pass_through,0,0.000,1.500,inf,1,1
1779543044.415339,pass_through,0,0.000,1.500,inf,1,1
1779543044.463784,pass_through,0,0.000,1.500,inf,1,1
1779543044.513836,pass_through,0,0.000,1.500,inf,1,1
1779543044.563761,pass_through,0,0.000,1.500,inf,1,1
1779543044.613698,pass_through,0,0.000,1.500,inf,1,1
1779543044.764810,pass_through,0,0.000,1.500,inf,1,1
1779543044.814941,pass_through,0,0.000,1.500,inf,1,1
1779543044.863753,pass_through,0,0.000,1.500,inf,1,1
1779543044.913764,pass_through,0,0.000,1.500,inf,1,1
1779543044.963804,pass_through,0,0.000,1.500,inf,1,1
1779543045.013678,pass_through,0,0.000,1.500,inf,1,1
1779543045.063758,pass_through,0,0.000,1.500,inf,1,1
1779543045.113884,pass_through,0,0.000,1.500,inf,1,1
1779543045.226437,pass_through,0,0.000,1.500,inf,1,1
1779543045.263747,pass_through,0,0.000,1.500,inf,1,1
1779543045.313769,pass_through,0,0.000,1.500,inf,1,1
1779543045.363755,pass_through,0,0.000,1.500,inf,1,1
1779543045.413743,pass_through,0,0.000,1.500,inf,1,1
1779543045.463818,pass_through,0,0.000,1.500,inf,1,1
1779543045.513687,pass_through,0,0.000,1.500,inf,1,1
1779543045.563756,pass_through,0,0.000,1.500,inf,1,1
1779543045.613823,pass_through,0,0.000,1.500,inf,1,1
1779543045.741369,pass_through,0,0.000,1.500,inf,1,1
1779543045.763739,pass_through,0,0.000,1.500,inf,1,1
1779543045.813885,pass_through,0,0.000,1.500,inf,1,1
1779543045.863713,pass_through,0,0.000,1.500,inf,1,1
1779543045.913797,pass_through,0,0.000,1.500,inf,1,1
1779543045.963842,pass_through,0,0.000,1.500,inf,1,1
1779543046.013696,pass_through,0,0.000,1.500,inf,1,1
1779543046.063757,pass_through,0,0.000,1.500,inf,1,1
1779543046.113674,pass_through,0,0.000,1.500,inf,1,1
1779543046.239144,pass_through,0,0.000,1.500,inf,1,1
1779543046.263813,pass_through,0,0.000,1.500,inf,1,1
1779543046.313714,pass_through,0,0.000,1.500,inf,1,1
1779543046.363822,pass_through,0,0.000,1.500,inf,1,1
1779543046.413704,pass_through,0,0.000,1.500,inf,1,1
1779543046.464378,pass_through,0,0.000,1.500,inf,1,1
1779543046.513724,pass_through,0,0.000,1.500,inf,1,1
1779543046.563752,pass_through,0,0.000,1.500,inf,1,1
1779543046.613793,pass_through,0,0.000,1.500,inf,1,1
1779543046.731910,pass_through,0,0.000,1.500,inf,1,1
1779543046.763889,pass_through,0,0.000,1.500,inf,1,1
1779543046.814576,pass_through,0,0.000,1.500,inf,1,1
1779543046.863758,pass_through,0,0.000,1.500,inf,1,1
1779543046.913718,pass_through,0,0.000,1.500,inf,1,1
1779543046.963732,pass_through,0,0.000,1.500,inf,1,1
1779543047.013836,pass_through,0,0.000,1.500,inf,1,1
1779543047.063785,pass_through,0,0.000,1.500,inf,1,1
1779543047.113709,pass_through,0,0.000,1.500,inf,1,1
1779543047.230322,pass_through,0,0.000,1.500,inf,1,1
1779543047.263795,pass_through,0,0.000,1.500,inf,1,1
1779543047.313699,pass_through,0,0.000,1.500,inf,1,1
1779543047.363808,pass_through,0,0.000,1.500,inf,1,1
1779543047.413795,pass_through,0,0.000,1.500,inf,1,1
1779543047.464898,pass_through,0,0.000,1.500,inf,1,1
1779543047.513758,pass_through,0,0.000,1.500,inf,1,1
1779543047.563798,pass_through,0,0.000,1.500,inf,1,1
1779543047.613711,pass_through,0,0.000,1.500,inf,1,1
1779543047.735309,pass_through,0,0.000,1.500,inf,1,1
1779543047.763736,pass_through,0,0.000,1.500,inf,1,1
1779543047.813723,pass_through,0,0.000,1.500,inf,1,1
1779543047.863854,pass_through,0,0.000,1.500,inf,1,1
1779543047.913829,pass_through,0,0.000,1.500,inf,1,1
1779543047.963838,pass_through,0,0.000,1.500,inf,1,1
1779543048.013711,pass_through,0,0.000,1.500,inf,1,1
1779543048.063771,pass_through,0,0.000,1.500,inf,1,1
1779543048.113710,pass_through,0,0.000,1.500,inf,1,1
1779543048.229106,pass_through,0,0.000,1.500,inf,1,1
1779543048.263791,pass_through,0,0.000,1.500,inf,1,1
1779543048.313779,pass_through,0,0.000,1.500,inf,1,1
1779543048.363755,pass_through,0,0.000,1.500,inf,1,1
1779543048.413677,pass_through,0,0.000,1.500,inf,1,1
1779543048.463752,pass_through,0,0.000,1.500,inf,1,1
1779543048.513817,pass_through,0,0.000,1.500,inf,1,1
1779543048.563735,pass_through,0,0.000,1.500,inf,1,1
1779543048.613745,pass_through,0,0.000,1.500,inf,1,1
1779543048.736021,pass_through,0,0.000,1.500,inf,1,1
1779543048.763978,pass_through,0,0.000,1.500,inf,1,1
1779543048.813868,pass_through,0,0.000,1.500,inf,1,1
1779543048.863772,pass_through,0,0.000,1.500,inf,1,1
1779543048.914746,pass_through,0,0.000,1.500,inf,1,1
1779543048.963731,pass_through,0,0.000,1.500,inf,1,1
1779543049.013788,pass_through,0,0.000,1.500,inf,1,1
1779543049.064786,pass_through,0,0.000,1.500,inf,1,1
1779543049.113697,pass_through,0,0.000,1.500,inf,1,1
1779543049.237800,pass_through,0,0.000,1.500,inf,1,1
1779543049.263778,pass_through,0,0.000,1.500,inf,1,1
1779543049.313709,pass_through,0,0.000,1.500,inf,1,1
1779543049.363757,pass_through,0,0.000,1.500,inf,1,1
1779543049.413757,pass_through,0,0.000,1.500,inf,1,1
1779543049.463760,pass_through,0,0.000,1.500,inf,1,1
1779543049.513931,pass_through,0,0.000,1.500,inf,1,1
1779543049.563788,pass_through,0,0.000,1.500,inf,1,1
1779543049.613694,pass_through,0,0.000,1.500,inf,1,1
1779543049.724460,pass_through,0,0.000,1.500,inf,1,1
1779543049.763820,pass_through,0,0.000,1.500,inf,1,1
1779543049.813884,pass_through,0,0.000,1.500,inf,1,1
1779543049.863774,pass_through,0,0.000,1.500,inf,1,1
1779543049.913710,pass_through,0,0.000,1.500,inf,1,1
1779543049.963775,pass_through,0,0.000,1.500,inf,1,1
1779543050.013715,pass_through,0,0.000,1.500,inf,1,1
1779543050.063817,pass_through,0,0.000,1.500,inf,1,1
1779543050.113664,pass_through,0,0.000,1.500,inf,1,1
1779543050.246978,pass_through,0,0.000,1.500,inf,1,1
1779543050.264118,pass_through,0,0.000,1.500,inf,1,1
1779543050.313799,pass_through,0,0.000,1.500,inf,1,1
1779543050.363909,pass_through,0,0.000,1.500,inf,1,1
1779543050.413726,pass_through,0,0.000,1.500,inf,1,1
1779543050.463787,pass_through,0,0.000,1.500,inf,1,1
1779543050.513796,pass_through,0,0.000,1.500,inf,1,1
1779543050.563787,pass_through,0,0.000,1.500,inf,1,1
1779543050.614639,pass_through,0,0.000,1.500,inf,1,1
1779543050.730807,pass_through,0,0.000,1.500,inf,1,1
1779543050.763771,pass_through,0,0.000,1.500,inf,1,1
1779543050.813794,pass_through,0,0.000,1.500,inf,1,1
1779543050.863821,pass_through,0,0.000,1.500,inf,1,1
1779543050.913732,pass_through,0,0.000,1.500,inf,1,1
1779543050.963837,pass_through,0,0.000,1.500,inf,1,1
1779543051.014159,pass_through,0,0.000,1.500,inf,1,1
1779543051.063875,pass_through,0,0.000,1.500,inf,1,1
1779543051.113796,pass_through,0,0.000,1.500,inf,1,1
1779543051.256573,pass_through,0,0.000,1.500,inf,1,1
1779543051.281848,pass_through,0,0.000,1.500,inf,1,1
1779543051.313760,pass_through,0,0.000,1.500,inf,1,1
1779543051.363756,pass_through,0,0.000,1.500,inf,1,1
1779543051.413804,pass_through,0,0.000,1.500,inf,1,1
1779543051.463722,pass_through,0,0.000,1.500,inf,1,1
1779543051.513795,pass_through,0,0.000,1.500,inf,1,1
1779543051.563831,pass_through,0,0.000,1.500,inf,1,1
1779543051.613809,pass_through,0,0.000,1.500,inf,1,1
1779543051.742563,pass_through,0,0.000,1.500,inf,1,1
1779543051.763832,pass_through,0,0.000,1.500,inf,1,1
1779543051.813684,pass_through,0,0.000,1.500,inf,1,1
1779543051.863752,pass_through,0,0.000,1.500,inf,1,1
1779543051.913697,pass_through,0,0.000,1.500,inf,1,1
1779543051.963762,pass_through,0,0.000,1.500,inf,1,1
1779543052.013720,avoid,1,-0.950,0.750,0.347,29,16
1779543052.338567,avoid,1,-0.950,0.750,0.347,29,16
1779543052.760958,avoid,1,-0.950,0.750,0.346,29,16
1779543053.105747,avoid,1,-0.950,0.750,0.345,29,16
1779543053.419466,avoid,1,-0.950,0.750,0.345,29,16
1779543053.821389,avoid,1,-0.950,0.750,0.346,29,16
1779543054.148069,avoid,1,-0.950,0.750,0.346,29,16
1779543054.757990,avoid,1,-0.950,0.750,0.347,29,16
1779543055.253756,avoid,1,-1.050,0.750,0.445,29,13
1779543055.521947,avoid,1,-1.050,0.750,0.446,29,9
1779543055.799129,avoid,1,-1.050,0.750,0.451,29,8
1779543056.159016,avoid,1,-1.050,0.750,0.460,29,10
1779543056.477361,avoid,1,-1.050,0.750,0.464,29,14
1779543056.736912,avoid,1,-1.050,0.750,0.472,29,29
1779543057.089183,avoid,1,-1.050,0.750,0.534,29,29
1779543057.347967,pass_through,0,0.000,1.500,inf,1,1
1779543057.443266,pass_through,0,0.000,1.500,inf,1,1
1779543057.463673,pass_through,0,0.000,1.500,inf,1,1
1779543057.513763,pass_through,0,0.000,1.500,inf,1,1
1779543057.563827,pass_through,0,0.000,1.500,inf,1,1
1779543057.613766,pass_through,0,0.000,1.500,inf,1,1
1779543057.725558,pass_through,0,0.000,1.500,inf,1,1
1779543057.765042,pass_through,0,0.000,1.500,inf,1,1
1779543057.813750,pass_through,0,0.000,1.500,inf,1,1
1779543057.863805,pass_through,0,0.000,1.500,inf,1,1
1779543057.913793,pass_through,0,0.000,1.500,inf,1,1
1779543057.963759,pass_through,0,0.000,1.500,inf,1,1
1779543058.013909,pass_through,0,0.000,1.500,inf,1,1
1779543058.063805,pass_through,0,0.000,1.500,inf,1,1
1779543058.113703,pass_through,0,0.000,1.500,inf,1,1
1779543058.275270,pass_through,0,0.000,1.500,inf,1,1
1779543058.314082,pass_through,0,0.000,1.500,inf,1,1
1779543058.363820,pass_through,0,0.000,1.500,inf,1,1
1779543058.414724,pass_through,0,0.000,1.500,inf,1,1
1779543058.463759,pass_through,0,0.000,1.500,inf,1,1
1779543058.513783,pass_through,0,0.000,1.500,inf,1,1
1779543058.563750,pass_through,0,0.000,1.500,inf,1,1
1779543058.613695,pass_through,0,0.000,1.500,inf,1,1
1779543058.755984,pass_through,0,0.000,1.500,inf,1,1
1779543058.782900,pass_through,0,0.000,1.500,inf,1,1
1779543058.813919,pass_through,0,0.000,1.500,inf,1,1
1779543058.863791,pass_through,0,0.000,1.500,inf,1,1
1779543058.913757,pass_through,0,0.000,1.500,inf,1,1
1779543058.963829,pass_through,0,0.000,1.500,inf,1,1
1779543059.013738,pass_through,0,0.000,1.500,inf,1,1
1779543059.063764,pass_through,0,0.000,1.500,inf,1,1
1779543059.113701,pass_through,0,0.000,1.500,inf,1,1
1779543059.220769,pass_through,0,0.000,1.500,inf,1,1
1779543059.263792,pass_through,0,0.000,1.500,inf,1,1
1779543059.313741,pass_through,0,0.000,1.500,inf,1,1
1779543059.363850,pass_through,0,0.000,1.500,inf,1,1
1779543059.413735,pass_through,0,0.000,1.500,inf,1,1
1779543059.463696,pass_through,0,0.000,1.500,inf,1,1
1779543059.513694,pass_through,0,0.000,1.500,inf,1,1
1779543059.564010,pass_through,0,0.000,1.500,inf,1,1
1779543059.613764,pass_through,0,0.000,1.500,inf,1,1
1779543059.749419,pass_through,0,0.000,1.500,inf,1,1
1779543059.775798,pass_through,0,0.000,1.500,inf,1,1
1779543059.813830,pass_through,0,0.000,1.500,inf,1,1
1779543059.863767,pass_through,0,0.000,1.500,inf,1,1
1779543059.913739,pass_through,0,0.000,1.500,inf,1,1
1779543059.963955,pass_through,0,0.000,1.500,inf,1,1
1779543060.013704,pass_through,0,0.000,1.500,inf,1,1
1779543060.063774,pass_through,0,0.000,1.500,inf,1,1
1779543060.113751,pass_through,0,0.000,1.500,inf,1,1
1779543060.214430,pass_through,0,0.000,1.500,inf,1,1
1779543060.263715,pass_through,0,0.000,1.500,inf,1,1
1779543060.313742,pass_through,0,0.000,1.500,inf,1,1
1779543060.363837,pass_through,0,0.000,1.500,inf,1,1
1779543060.413751,pass_through,0,0.000,1.500,inf,1,1
1779543060.463788,pass_through,0,0.000,1.500,inf,1,1
1779543060.513698,pass_through,0,0.000,1.500,inf,1,1
1779543060.563933,pass_through,0,0.000,1.500,inf,1,1
1779543060.613756,pass_through,0,0.000,1.500,inf,1,1
1779543060.742208,pass_through,0,0.000,1.500,inf,1,1
1779543060.763877,pass_through,0,0.000,1.500,inf,1,1
1779543060.813794,pass_through,0,0.000,1.500,inf,1,1
1779543060.863784,pass_through,0,0.000,1.500,inf,1,1
1779543060.913757,pass_through,0,0.000,1.500,inf,1,1
1779543060.963848,pass_through,0,0.000,1.500,inf,1,1
1779543061.013799,pass_through,0,0.000,1.500,inf,1,1
1779543061.063768,pass_through,0,0.000,1.500,inf,1,1
1779543061.113748,pass_through,0,0.000,1.500,inf,1,1
1779543061.256243,pass_through,0,0.000,1.500,inf,1,1
1779543061.283333,pass_through,0,0.000,1.500,inf,1,1
1779543061.313647,pass_through,0,0.000,1.500,inf,1,1
1779543061.364082,pass_through,0,0.000,1.500,inf,1,1
1779543061.413818,pass_through,0,0.000,1.500,inf,1,1
1779543061.463755,pass_through,0,0.000,1.500,inf,1,1
1779543061.513685,pass_through,0,0.000,1.500,inf,1,1
1779543061.563805,pass_through,0,0.000,1.500,inf,1,1
1779543061.613689,pass_through,0,0.000,1.500,inf,1,1
1779543061.759823,pass_through,0,0.000,1.500,inf,1,1
1779543061.787288,pass_through,0,0.000,1.500,inf,1,1
1779543061.815331,pass_through,0,0.000,1.500,inf,1,1
1779543061.863767,pass_through,0,0.000,1.500,inf,1,1
1779543061.913728,pass_through,0,0.000,1.500,inf,1,1
1779543061.963870,pass_through,0,0.000,1.500,inf,1,1
1779543062.013696,pass_through,0,0.000,1.500,inf,1,1
1779543062.063746,pass_through,0,0.000,1.500,inf,1,1
1779543062.113748,pass_through,0,0.000,1.500,inf,1,1
1779543062.227779,pass_through,0,0.000,1.500,inf,1,1
1779543062.263757,pass_through,0,0.000,1.500,inf,1,1
1779543062.313760,pass_through,0,0.000,1.500,inf,1,1
1779543062.363804,pass_through,0,0.000,1.500,inf,1,1
1779543062.413685,pass_through,0,0.000,1.500,inf,1,1
1779543062.463758,pass_through,0,0.000,1.500,inf,1,1
1779543062.513796,pass_through,0,0.000,1.500,inf,1,1
1779543062.563802,pass_through,0,0.000,1.500,inf,1,1
1779543062.613991,pass_through,0,0.000,1.500,inf,1,1
1779543062.728893,pass_through,0,0.000,1.500,inf,1,1
1779543062.763827,pass_through,0,0.000,1.500,inf,1,1
1779543062.813699,pass_through,0,0.000,1.500,inf,1,1
1779543062.863879,pass_through,0,0.000,1.500,inf,1,1
1779543062.913702,pass_through,0,0.000,1.500,inf,1,1
1779543062.963874,pass_through,0,0.000,1.500,inf,1,1
1779543063.013692,pass_through,0,0.000,1.500,inf,1,1
1779543063.063751,pass_through,0,0.000,1.500,inf,1,1
1779543063.113706,pass_through,0,0.000,1.500,inf,1,1
1779543063.239248,pass_through,0,0.000,1.500,inf,1,1
1779543063.263707,pass_through,0,0.000,1.500,inf,1,1
1779543063.313723,pass_through,0,0.000,1.500,inf,1,1
1779543063.363891,pass_through,0,0.000,1.500,inf,1,1
1779543063.413763,pass_through,0,0.000,1.500,inf,1,1
1779543063.463784,pass_through,0,0.000,1.500,inf,1,1
1779543063.513767,pass_through,0,0.000,1.500,inf,1,1
1779543063.563807,pass_through,0,0.000,1.500,inf,1,1
1779543063.613730,pass_through,0,0.000,1.500,inf,1,1
1779543063.723771,pass_through,0,0.000,1.500,inf,1,1
1779543063.763796,pass_through,0,0.000,1.500,inf,1,1
1779543063.813739,pass_through,0,0.000,1.500,inf,1,1
1779543063.863841,pass_through,0,0.000,1.500,inf,1,1
1779543063.913719,pass_through,0,0.000,1.500,inf,1,1
1779543063.963777,pass_through,0,0.000,1.500,inf,1,1
1779543064.013783,pass_through,0,0.000,1.500,inf,1,1
1779543064.063754,pass_through,0,0.000,1.500,inf,1,1
1779543064.113724,pass_through,0,0.000,1.500,inf,1,1
1779543064.253418,pass_through,0,0.000,1.500,inf,1,1
1779543064.278239,pass_through,0,0.000,1.500,inf,1,1
1779543064.313758,pass_through,0,0.000,1.500,inf,1,1
1779543064.363824,pass_through,0,0.000,1.500,inf,1,1
1779543064.413759,pass_through,0,0.000,1.500,inf,1,1
1779543064.463768,pass_through,0,0.000,1.500,inf,1,1
1779543064.513738,pass_through,0,0.000,1.500,inf,1,1
1779543064.563818,pass_through,0,0.000,1.500,inf,1,1
1779543064.613686,pass_through,0,0.000,1.500,inf,1,1
1779543064.717440,pass_through,0,0.000,1.500,inf,1,1
1779543064.764082,pass_through,0,0.000,1.500,inf,1,1
1779543064.813744,pass_through,0,0.000,1.500,inf,1,1
1779543064.863733,pass_through,0,0.000,1.500,inf,1,1
1779543064.913780,pass_through,0,0.000,1.500,inf,1,1
1779543064.963778,pass_through,0,0.000,1.500,inf,1,1
1779543065.013764,pass_through,0,0.000,1.500,inf,1,1
1779543065.063746,pass_through,0,0.000,1.500,inf,1,1
1779543065.113703,pass_through,0,0.000,1.500,inf,1,1
1779543065.241808,pass_through,0,0.000,1.500,inf,1,1
1779543065.263724,pass_through,0,0.000,1.500,inf,1,1
1779543065.313754,pass_through,0,0.000,1.500,inf,1,1
1779543065.363784,pass_through,0,0.000,1.500,inf,1,1
1779543065.413789,pass_through,0,0.000,1.500,inf,1,1
1779543065.463768,pass_through,0,0.000,1.500,inf,1,1
1779543065.513688,pass_through,0,0.000,1.500,inf,1,1
1779543065.563797,pass_through,0,0.000,1.500,inf,1,1
1779543065.613736,pass_through,0,0.000,1.500,inf,1,1
1779543065.720895,pass_through,0,0.000,1.500,inf,1,1
1779543065.763951,pass_through,0,0.000,1.500,inf,1,1
1779543065.813701,pass_through,0,0.000,1.500,inf,1,1
1779543065.863734,pass_through,0,0.000,1.500,inf,1,1
1779543065.913764,pass_through,0,0.000,1.500,inf,1,1
1779543065.963825,pass_through,0,0.000,1.500,inf,1,1
1779543066.013790,pass_through,0,0.000,1.500,inf,1,1
1779543066.063928,pass_through,0,0.000,1.500,inf,1,1
1779543066.113752,pass_through,0,0.000,1.500,inf,1,1
1779543066.224221,pass_through,0,0.000,1.500,inf,1,1
1779543066.263796,pass_through,0,0.000,1.500,inf,1,1
1779543066.313870,pass_through,0,0.000,1.500,inf,1,1
1779543066.363776,pass_through,0,0.000,1.500,inf,1,1
1779543066.413821,pass_through,0,0.000,1.500,inf,1,1
1779543066.463815,pass_through,0,0.000,1.500,inf,1,1
1779543066.513720,pass_through,0,0.000,1.500,inf,1,1
1779543066.563701,pass_through,0,0.000,1.500,inf,1,1
1779543066.613663,pass_through,0,0.000,1.500,inf,1,1
1779543066.743771,pass_through,0,0.000,1.500,inf,1,1
1779543066.763960,pass_through,0,0.000,1.500,inf,1,1
1779543066.813893,pass_through,0,0.000,1.500,inf,1,1
1779543066.863721,pass_through,0,0.000,1.500,inf,1,1
1779543066.913751,pass_through,0,0.000,1.500,inf,1,1
1779543066.963738,pass_through,0,0.000,1.500,inf,1,1
1779543067.014125,pass_through,0,0.000,1.500,inf,1,1
1779543067.063776,pass_through,0,0.000,1.500,inf,1,1
1779543067.113800,pass_through,0,0.000,1.500,inf,1,1
1779543067.235934,pass_through,0,0.000,1.500,inf,1,1
1779543067.263753,pass_through,0,0.000,1.500,inf,1,1
1779543067.313745,pass_through,0,0.000,1.500,inf,1,1
1779543067.363762,pass_through,0,0.000,1.500,inf,1,1
1779543067.413685,pass_through,0,0.000,1.500,inf,1,1
1779543067.463837,pass_through,0,0.000,1.500,inf,1,1
1779543067.513836,pass_through,0,0.000,1.500,inf,1,1
1779543067.563725,pass_through,0,0.000,1.500,inf,1,1
1779543067.613729,pass_through,0,0.000,1.500,inf,1,1
1779543067.751001,pass_through,0,0.000,1.500,inf,1,1
1779543067.780364,pass_through,0,0.000,1.500,inf,1,1
1779543067.814300,pass_through,0,0.000,1.500,inf,1,1
1779543067.863763,pass_through,0,0.000,1.500,inf,1,1
1779543067.913717,pass_through,0,0.000,1.500,inf,1,1
1779543067.963850,pass_through,0,0.000,1.500,inf,1,1
1779543068.014496,pass_through,0,0.000,1.500,inf,1,1
1779543068.063790,pass_through,0,0.000,1.500,inf,1,1
1779543068.113677,pass_through,0,0.000,1.500,inf,1,1
1779543068.232885,pass_through,0,0.000,1.500,inf,1,1
1779543068.263725,pass_through,0,0.000,1.500,inf,1,1
1779543068.313743,pass_through,0,0.000,1.500,inf,1,1
1779543068.363786,pass_through,0,0.000,1.500,inf,1,1
1779543068.414050,pass_through,0,0.000,1.500,inf,1,1
1779543068.463754,pass_through,0,0.000,1.500,inf,1,1
1779543068.513737,pass_through,0,0.000,1.500,inf,1,1
1779543068.563770,pass_through,0,0.000,1.500,inf,1,1
1779543068.613802,pass_through,0,0.000,1.500,inf,1,1
1779543068.753044,pass_through,0,0.000,1.500,inf,1,1
1779543068.780829,pass_through,0,0.000,1.500,inf,1,1
1779543068.813821,pass_through,0,0.000,1.500,inf,1,1
1779543068.863773,pass_through,0,0.000,1.500,inf,1,1
1779543068.913758,pass_through,0,0.000,1.500,inf,1,1
1779543068.963822,pass_through,0,0.000,1.500,inf,1,1
1779543069.013740,pass_through,0,0.000,1.500,inf,1,1
1779543069.063756,pass_through,0,0.000,1.500,inf,1,1
1779543069.113733,pass_through,0,0.000,1.500,inf,1,1
1779543069.234823,pass_through,0,0.000,1.500,inf,1,1
1779543069.263705,pass_through,0,0.000,1.500,inf,1,1
1779543069.313755,pass_through,0,0.000,1.500,inf,1,1
1779543069.363761,pass_through,0,0.000,1.500,inf,1,1
1779543069.413810,pass_through,0,0.000,1.500,inf,1,1
1779543069.463750,pass_through,0,0.000,1.500,inf,1,1
1779543069.513763,pass_through,0,0.000,1.500,inf,1,1
1779543069.563766,pass_through,0,0.000,1.500,inf,1,1
1779543069.613718,pass_through,0,0.000,1.500,inf,1,1
1779543069.716136,pass_through,0,0.000,1.500,inf,1,1
1779543069.763731,pass_through,0,0.000,1.500,inf,1,1
1779543069.813649,pass_through,0,0.000,1.500,inf,1,1
1779543069.863693,pass_through,0,0.000,1.500,inf,1,1
1779543069.913757,pass_through,0,0.000,1.500,inf,1,1
1779543069.963752,pass_through,0,0.000,1.500,inf,1,1
1779543070.013701,pass_through,0,0.000,1.500,inf,1,1
1779543070.063751,pass_through,0,0.000,1.500,inf,1,1
1779543070.113736,pass_through,0,0.000,1.500,inf,1,1
1779543070.215325,pass_through,0,0.000,1.500,inf,1,1
1779543070.263838,pass_through,0,0.000,1.500,inf,1,1
1779543070.313762,pass_through,0,0.000,1.500,inf,1,1
1779543070.363740,pass_through,0,0.000,1.500,inf,1,1
1779543070.413806,pass_through,0,0.000,1.500,inf,1,1
1779543070.463729,pass_through,0,0.000,1.500,inf,1,1
1779543070.513721,pass_through,0,0.000,1.500,inf,1,1
1779543070.563736,pass_through,0,0.000,1.500,inf,1,1
1779543070.613799,pass_through,0,0.000,1.500,inf,1,1
1779543070.730615,pass_through,0,0.000,1.500,inf,1,1
1779543070.763779,pass_through,0,0.000,1.500,inf,1,1
1779543070.813798,pass_through,0,0.000,1.500,inf,1,1
1779543070.863841,pass_through,0,0.000,1.500,inf,1,1
1779543070.913762,pass_through,0,0.000,1.500,inf,1,1
1779543070.963762,pass_through,0,0.000,1.500,inf,1,1
1779543071.013861,pass_through,0,0.000,1.500,inf,1,1
1779543071.063771,pass_through,0,0.000,1.500,inf,1,1
1779543071.113714,pass_through,0,0.000,1.500,inf,1,1
1779543071.218714,pass_through,0,0.000,1.500,inf,1,1
1779543071.263768,pass_through,0,0.000,1.500,inf,1,1
1779543071.313762,pass_through,0,0.000,1.500,inf,1,1
1779543071.363776,pass_through,0,0.000,1.500,inf,1,1
1779543071.413850,pass_through,0,0.000,1.500,inf,1,1
1779543071.463737,pass_through,0,0.000,1.500,inf,1,1
1779543071.513747,pass_through,0,0.000,1.500,inf,1,1
1779543071.563762,pass_through,0,0.000,1.500,inf,1,1
1779543071.613812,pass_through,0,0.000,1.500,inf,1,1
1779543071.736987,pass_through,0,0.000,1.500,inf,1,1
1779543071.763752,pass_through,0,0.000,1.500,inf,1,1
1779543071.814068,pass_through,0,0.000,1.500,inf,1,1
1779543071.863807,pass_through,0,0.000,1.500,inf,1,1
1779543071.913755,pass_through,0,0.000,1.500,inf,1,1
1779543071.963772,pass_through,0,0.000,1.500,inf,1,1
1779543072.013892,pass_through,0,0.000,1.500,inf,1,1
1779543072.063742,pass_through,0,0.000,1.500,inf,1,1
1779543072.113952,pass_through,0,0.000,1.500,inf,1,1
1779543072.222085,pass_through,0,0.000,1.500,inf,1,1
1779543072.263875,pass_through,0,0.000,1.500,inf,1,1
1779543072.313821,pass_through,0,0.000,1.500,inf,1,1
1779543072.363793,pass_through,0,0.000,1.500,inf,1,1
1779543072.413871,pass_through,0,0.000,1.500,inf,1,1
1779543072.463775,pass_through,0,0.000,1.500,inf,1,1
1779543072.513644,pass_through,0,0.000,1.500,inf,1,1
1779543072.563763,pass_through,0,0.000,1.500,inf,1,1
1779543072.614788,pass_through,0,0.000,1.500,inf,1,1
1779543072.769288,pass_through,0,0.000,1.500,inf,1,1
1779543072.813798,pass_through,0,0.000,1.500,inf,1,1
1779543072.863718,pass_through,0,0.000,1.500,inf,1,1
1779543072.913710,pass_through,0,0.000,1.500,inf,1,1
1779543072.963773,pass_through,0,0.000,1.500,inf,1,1
1779543073.013661,pass_through,0,0.000,1.500,inf,1,1
1779543073.063767,pass_through,0,0.000,1.500,inf,1,1
1779543073.113704,pass_through,0,0.000,1.500,inf,1,1
1779543073.262993,pass_through,0,0.000,1.500,inf,1,1
1779543073.289994,pass_through,0,0.000,1.500,inf,1,1
1779543073.316451,pass_through,0,0.000,1.500,inf,1,1
1779543073.363693,pass_through,0,0.000,1.500,inf,1,1
1779543073.414539,pass_through,0,0.000,1.500,inf,1,1
1779543073.463735,pass_through,0,0.000,1.500,inf,1,1
1779543073.513705,pass_through,0,0.000,1.500,inf,1,1
1779543073.563725,pass_through,0,0.000,1.500,inf,1,1
1779543073.613743,pass_through,0,0.000,1.500,inf,1,1
1779543073.772190,pass_through,0,0.000,1.500,inf,1,1
1779543073.813691,pass_through,0,0.000,1.500,inf,1,1
1779543073.863806,pass_through,0,0.000,1.500,inf,1,1
1779543073.913747,pass_through,0,0.000,1.500,inf,1,1
1779543073.963992,pass_through,0,0.000,1.500,inf,1,1
1779543074.013876,pass_through,0,0.000,1.500,inf,1,1
1779543074.063792,pass_through,0,0.000,1.500,inf,1,1
1779543074.114965,pass_through,0,0.000,1.500,inf,1,1
1779543074.238403,pass_through,0,0.000,1.500,inf,1,1
1779543074.263773,pass_through,0,0.000,1.500,inf,1,1
1779543074.313710,pass_through,0,0.000,1.500,inf,1,1
1779543074.363705,pass_through,0,0.000,1.500,inf,1,1
1779543074.413713,pass_through,0,0.000,1.500,inf,1,1
1779543074.463706,pass_through,0,0.000,1.500,inf,1,1
1779543074.513718,pass_through,0,0.000,1.500,inf,1,1
1779543074.563732,pass_through,0,0.000,1.500,inf,1,1
1779543074.614415,pass_through,0,0.000,1.500,inf,1,1
1779543074.740810,pass_through,0,0.000,1.500,inf,1,1
1779543074.763803,pass_through,0,0.000,1.500,inf,1,1
1779543074.813750,pass_through,0,0.000,1.500,inf,1,1
1779543074.863786,pass_through,0,0.000,1.500,inf,1,1
1779543074.913716,pass_through,0,0.000,1.500,inf,1,1
1779543074.963718,pass_through,0,0.000,1.500,inf,1,1
1779543075.013663,pass_through,0,0.000,1.500,inf,1,1
1779543075.063789,pass_through,0,0.000,1.500,inf,1,1
1779543075.113758,pass_through,0,0.000,1.500,inf,1,1
1779543075.251502,pass_through,0,0.000,1.500,inf,1,1
1779543075.276726,pass_through,0,0.000,1.500,inf,1,1
1779543075.313750,pass_through,0,0.000,1.500,inf,1,1
1779543075.363758,pass_through,0,0.000,1.500,inf,1,1
1779543075.413797,pass_through,0,0.000,1.500,inf,1,1
1779543075.463732,pass_through,0,0.000,1.500,inf,1,1
1779543075.513720,pass_through,0,0.000,1.500,inf,1,1
1779543075.563690,pass_through,0,0.000,1.500,inf,1,1
1779543075.613709,pass_through,0,0.000,1.500,inf,1,1
1779543075.729855,pass_through,0,0.000,1.500,inf,1,1
1779543075.763759,pass_through,0,0.000,1.500,inf,1,1
1779543075.813782,pass_through,0,0.000,1.500,inf,1,1
1779543075.863817,pass_through,0,0.000,1.500,inf,1,1
1779543075.913722,pass_through,0,0.000,1.500,inf,1,1
1779543075.963712,pass_through,0,0.000,1.500,inf,1,1
1779543076.014594,pass_through,0,0.000,1.500,inf,1,1
1779543076.063928,pass_through,0,0.000,1.500,inf,1,1
1779543076.113792,pass_through,0,0.000,1.500,inf,1,1
1779543076.261749,pass_through,0,0.000,1.500,inf,1,1
1779543076.287291,pass_through,0,0.000,1.500,inf,1,1
1779543076.314428,pass_through,0,0.000,1.500,inf,1,1
1779543076.363767,pass_through,0,0.000,1.500,inf,1,1
1779543076.413719,pass_through,0,0.000,1.500,inf,1,1
1779543076.463787,pass_through,0,0.000,1.500,inf,1,1
1779543076.513765,pass_through,0,0.000,1.500,inf,1,1
1779543076.563772,pass_through,0,0.000,1.500,inf,1,1
1779543076.613730,pass_through,0,0.000,1.500,inf,1,1
1779543076.727413,pass_through,0,0.000,1.500,inf,1,1
1779543076.763773,pass_through,0,0.000,1.500,inf,1,1
1779543076.813882,pass_through,0,0.000,1.500,inf,1,1
1779543076.863780,pass_through,0,0.000,1.500,inf,1,1
1779543076.913735,pass_through,0,0.000,1.500,inf,1,1
1779543076.963764,pass_through,0,0.000,1.500,inf,1,1
1779543077.013736,pass_through,0,0.000,1.500,inf,1,1
1779543077.063787,pass_through,0,0.000,1.500,inf,1,1
1779543077.113714,pass_through,0,0.000,1.500,inf,1,1
1779543077.224283,pass_through,0,0.000,1.500,inf,1,1
1779543077.263764,pass_through,0,0.000,1.500,inf,1,1
1779543077.313724,pass_through,0,0.000,1.500,inf,1,1
1779543077.363783,pass_through,0,0.000,1.500,inf,1,1
1779543077.413674,pass_through,0,0.000,1.500,inf,1,1
1779543077.463763,pass_through,0,0.000,1.500,inf,1,1
1779543077.513730,pass_through,0,0.000,1.500,inf,1,1
1779543077.563749,pass_through,0,0.000,1.500,inf,1,1
1779543077.613787,pass_through,0,0.000,1.500,inf,1,1
1779543077.722420,pass_through,0,0.000,1.500,inf,1,1
1779543077.763777,pass_through,0,0.000,1.500,inf,1,1
1779543077.813812,pass_through,0,0.000,1.500,inf,1,1
1779543077.863835,pass_through,0,0.000,1.500,inf,1,1
1779543077.913695,pass_through,0,0.000,1.500,inf,1,1
1779543077.963728,pass_through,0,0.000,1.500,inf,1,1
1779543078.014408,pass_through,0,0.000,1.500,inf,1,1
1779543078.063774,pass_through,0,0.000,1.500,inf,1,1
1779543078.113702,pass_through,0,0.000,1.500,inf,1,1
1779543078.248160,pass_through,0,0.000,1.500,inf,1,1
1779543078.269909,pass_through,0,0.000,1.500,inf,1,1
1779543078.313724,pass_through,0,0.000,1.500,inf,1,1
1779543078.363756,pass_through,0,0.000,1.500,inf,1,1
1779543078.413800,pass_through,0,0.000,1.500,inf,1,1
1779543078.463804,pass_through,0,0.000,1.500,inf,1,1
1779543078.513735,pass_through,0,0.000,1.500,inf,1,1
1779543078.563773,pass_through,0,0.000,1.500,inf,1,1
1779543078.613638,pass_through,0,0.000,1.500,inf,1,1
1779543078.763087,pass_through,0,0.000,1.500,inf,1,1
1779543078.786228,pass_through,0,0.000,1.500,inf,1,1
1779543078.814073,pass_through,0,0.000,1.500,inf,1,1
1779543078.863777,pass_through,0,0.000,1.500,inf,1,1
1779543078.913715,pass_through,0,0.000,1.500,inf,1,1
1779543078.963766,pass_through,0,0.000,1.500,inf,1,1
1779543079.013716,pass_through,0,0.000,1.500,inf,1,1
1779543079.063689,pass_through,0,0.000,1.500,inf,1,1
1779543079.113744,pass_through,0,0.000,1.500,inf,1,1
1779543079.217005,pass_through,0,0.000,1.500,inf,1,1
1779543079.263747,pass_through,0,0.000,1.500,inf,1,1
1779543079.313723,pass_through,0,0.000,1.500,inf,1,1
1779543079.363731,pass_through,0,0.000,1.500,inf,1,1
1779543079.413616,pass_through,0,0.000,1.500,inf,1,1
1779543079.463783,pass_through,0,0.000,1.500,inf,1,1
1779543079.513708,pass_through,0,0.000,1.500,inf,1,1
1779543079.563752,pass_through,0,0.000,1.500,inf,1,1
1779543079.613688,pass_through,0,0.000,1.500,inf,1,1
1779543079.742977,pass_through,0,0.000,1.500,inf,1,1
1779543079.766356,pass_through,0,0.000,1.500,inf,1,1
1779543079.813677,pass_through,0,0.000,1.500,inf,1,1
1779543079.863808,pass_through,0,0.000,1.500,inf,1,1
1779543079.913799,pass_through,0,0.000,1.500,inf,1,1
1779543079.963777,pass_through,0,0.000,1.500,inf,1,1
1779543080.013750,pass_through,0,0.000,1.500,inf,1,1
1779543080.063767,pass_through,0,0.000,1.500,inf,1,1
1779543080.113787,pass_through,0,0.000,1.500,inf,1,1
1779543080.241925,pass_through,0,0.000,1.500,inf,1,1
1779543080.263746,pass_through,0,0.000,1.500,inf,1,1
1779543080.313781,pass_through,0,0.000,1.500,inf,1,1
1779543080.363779,pass_through,0,0.000,1.500,inf,1,1
1779543080.413748,pass_through,0,0.000,1.500,inf,1,1
1779543080.463808,pass_through,0,0.000,1.500,inf,1,1
1779543080.513732,pass_through,0,0.000,1.500,inf,1,1
1779543080.563769,pass_through,0,0.000,1.500,inf,1,1
1779543080.613740,pass_through,0,0.000,1.500,inf,1,1
1779543080.756983,pass_through,0,0.000,1.500,inf,1,1
1779543080.782810,pass_through,0,0.000,1.500,inf,1,1
1779543080.813801,pass_through,0,0.000,1.500,inf,1,1
1779543080.863791,pass_through,0,0.000,1.500,inf,1,1
1779543080.913766,pass_through,0,0.000,1.500,inf,1,1
1779543080.963760,pass_through,0,0.000,1.500,inf,1,1
1779543081.013735,pass_through,0,0.000,1.500,inf,1,1
1779543081.063740,pass_through,0,0.000,1.500,inf,1,1
1779543081.113720,pass_through,0,0.000,1.500,inf,1,1
1779543081.241839,pass_through,0,0.000,1.500,inf,1,1
1779543081.263726,pass_through,0,0.000,1.500,inf,1,1
1779543081.313732,pass_through,0,0.000,1.500,inf,1,1
1779543081.363752,pass_through,0,0.000,1.500,inf,1,1
1779543081.413727,pass_through,0,0.000,1.500,inf,1,1
1779543081.463761,pass_through,0,0.000,1.500,inf,1,1
1779543081.513727,pass_through,0,0.000,1.500,inf,1,1
1779543081.563708,pass_through,0,0.000,1.500,inf,1,1
1779543081.613732,pass_through,0,0.000,1.500,inf,1,1
1779543081.721928,pass_through,0,0.000,1.500,inf,1,1
1779543081.763774,pass_through,0,0.000,1.500,inf,1,1
1779543081.813632,pass_through,0,0.000,1.500,inf,1,1
1779543081.863785,pass_through,0,0.000,1.500,inf,1,1
1779543081.913771,pass_through,0,0.000,1.500,inf,1,1
1779543081.963788,pass_through,0,0.000,1.500,inf,1,1
1779543082.013757,pass_through,0,0.000,1.500,inf,1,1
1779543082.063703,pass_through,0,0.000,1.500,inf,1,1
1779543082.113773,pass_through,0,0.000,1.500,inf,1,1
1779543082.258628,pass_through,0,0.000,1.500,inf,1,1
1779543082.274854,pass_through,0,0.000,1.500,inf,1,1
1779543082.314127,pass_through,0,0.000,1.500,inf,1,1
1779543082.363761,pass_through,0,0.000,1.500,inf,1,1
1779543082.413771,pass_through,0,0.000,1.500,inf,1,1
1779543082.463816,pass_through,0,0.000,1.500,inf,1,1
1779543082.513741,pass_through,0,0.000,1.500,inf,1,1
1779543082.563755,pass_through,0,0.000,1.500,inf,1,1
1779543082.614538,pass_through,0,0.000,1.500,inf,1,1
1779543082.760661,pass_through,0,0.000,1.500,inf,1,1
1779543082.790112,pass_through,0,0.000,1.500,inf,1,1
1779543082.816234,pass_through,0,0.000,1.500,inf,1,1
1779543082.863770,pass_through,0,0.000,1.500,inf,1,1
1779543082.914320,pass_through,0,0.000,1.500,inf,1,1
1779543082.963804,pass_through,0,0.000,1.500,inf,1,1
1779543083.013800,pass_through,0,0.000,1.500,inf,1,1
1779543083.063779,pass_through,0,0.000,1.500,inf,1,1
1779543083.113784,pass_through,0,0.000,1.500,inf,1,1
1779543083.250316,pass_through,0,0.000,1.500,inf,1,1
1779543083.276432,pass_through,0,0.000,1.500,inf,1,1
1779543083.313847,pass_through,0,0.000,1.500,inf,1,1
1779543083.363799,pass_through,0,0.000,1.500,inf,1,1
1779543083.413774,pass_through,0,0.000,1.500,inf,1,1
1779543083.463743,pass_through,0,0.000,1.500,inf,1,1
1779543083.514169,pass_through,0,0.000,1.500,inf,1,1
1779543083.563812,pass_through,0,0.000,1.500,inf,1,1
