time,ego_collision,done,x,y,theta,requested_speed,steering_angle
1779542998.244504,0,1,-0.210001,0.227484,0.028561,1.500000,-0.008299
1779542998.254670,0,1,-0.195005,0.227789,0.027699,1.500000,-0.007157
1779542998.265041,0,1,-0.180007,0.228066,0.026660,1.500000,-0.007157
1779542998.274704,0,1,-0.165010,0.228341,0.025798,1.500000,-0.005834
1779542998.284492,0,1,-0.150012,0.228589,0.024759,1.500000,-0.005834
1779542998.294312,0,1,-0.135014,0.228836,0.023896,1.500000,-0.005834
1779542998.304653,0,1,-0.120015,0.229055,0.022857,1.500000,-0.007466
1779542998.314913,0,1,-0.105017,0.229273,0.021994,1.500000,-0.007466
1779542998.324832,0,1,-0.090018,0.229464,0.020955,1.500000,-0.006167
1779542998.334600,0,1,-0.075019,0.229653,0.020092,1.500000,-0.006167
1779542998.344425,0,1,-0.060020,0.229815,0.019053,1.500000,-0.006167
1779542998.354734,0,1,-0.045021,0.229977,0.018190,1.500000,-0.005597
1779542998.364687,0,1,-0.030022,0.230110,0.017151,1.500000,-0.005597
1779542998.374888,0,1,-0.015022,0.230243,0.016288,1.500000,-0.004258
1779542998.384764,0,1,-0.000023,0.230347,0.015249,1.500000,-0.004258
1779542998.394885,0,1,0.014977,0.230476,0.014663,1.500000,-0.002891
1779542998.404412,0,1,0.029976,0.230666,0.014739,1.500000,-0.002891
1779542998.414414,0,1,0.044974,0.230876,0.014879,1.500000,-0.002891
1779542998.424786,0,1,0.059972,0.231126,0.015313,1.500000,-0.002379
1779542998.434917,0,1,0.074970,0.231382,0.015631,1.500000,-0.002379
1779542998.444838,0,1,0.089967,0.231668,0.016156,1.500000,-0.001180
1779542998.454529,0,1,0.104964,0.231953,0.016521,1.500000,-0.001180
1779542998.465006,0,1,0.119961,0.232264,0.017071,1.500000,-0.001180
1779542998.474231,0,1,0.134958,0.232571,0.017450,1.500000,-0.003334
1779542998.484742,0,1,0.149954,0.232901,0.018008,1.500000,-0.003334
1779542998.494318,0,1,0.164951,0.233226,0.018393,1.500000,-0.003334
1779542998.504781,0,1,0.179947,0.233573,0.018954,1.500000,-0.003334
1779542998.514545,0,1,0.194943,0.233914,0.019340,1.500000,-0.006214
1779542998.524765,0,1,0.209939,0.234277,0.019902,1.500000,-0.006214
1779542998.534374,0,1,0.224935,0.234608,0.020012,1.500000,-0.006214
1779542998.544578,0,1,0.239933,0.234872,0.019459,1.500000,-0.007211
1779542998.554623,0,1,0.254931,0.235108,0.018844,1.500000,-0.007211
1779542998.564304,0,1,0.269929,0.235298,0.017934,1.500000,-0.007211
1779542998.574328,0,1,0.284928,0.235474,0.017140,1.500000,-0.010223
1779542998.584479,0,1,0.299928,0.235614,0.016140,1.500000,-0.010223
1779542998.594460,0,1,0.314927,0.235746,0.015299,1.500000,-0.010223
1779542998.604743,0,1,0.329927,0.235847,0.014274,1.500000,-0.010729
1779542998.614596,0,1,0.344927,0.235944,0.013419,1.500000,-0.010729
1779542998.624732,0,1,0.359926,0.236011,0.012385,1.500000,-0.009718
1779542998.635421,0,1,0.374926,0.236075,0.011525,1.500000,-0.009718
1779542998.644792,0,1,0.389926,0.236111,0.010489,1.500000,-0.009718
1779542998.654641,0,1,0.404926,0.236146,0.009627,1.500000,-0.008953
1779542998.664593,0,1,0.419926,0.236152,0.008589,1.500000,-0.008953
1779542998.674880,0,1,0.434926,0.236157,0.007727,1.500000,-0.007722
1779542998.684592,0,1,0.449926,0.236134,0.006688,1.500000,-0.007722
1779542998.694629,0,1,0.464926,0.236110,0.005825,1.500000,-0.006444
1779542998.704618,0,1,0.479926,0.236058,0.004787,1.500000,-0.006444
1779542998.714696,0,1,0.494926,0.236006,0.003924,1.500000,-0.005132
1779542998.724726,0,1,0.509926,0.235925,0.002885,1.500000,-0.005132
1779542998.734738,0,1,0.524926,0.235869,0.002299,1.500000,-0.003803
1779542998.744457,0,1,0.539926,0.235873,0.002376,1.500000,-0.003803
1779542998.754408,0,1,0.554926,0.235898,0.002515,1.500000,-0.003803
1779542998.764408,0,1,0.569925,0.235962,0.002949,1.500000,-0.001792
1779542998.774728,0,1,0.584925,0.236033,0.003267,1.500000,-0.001792
1779542998.784495,0,1,0.599925,0.236133,0.003792,1.500000,-0.000554
1779542998.796157,0,1,0.614925,0.236233,0.004157,1.500000,-0.000554
1779542998.804371,0,1,0.629924,0.236358,0.004707,1.500000,-0.000554
1779542998.814791,0,1,0.644924,0.236480,0.005087,1.500000,-0.001962
1779542998.824662,0,1,0.659923,0.236625,0.005645,1.500000,-0.001962
1779542998.834431,0,1,0.674922,0.236765,0.006029,1.500000,-0.002729
1779542998.844786,0,1,0.689921,0.236926,0.006590,1.500000,-0.002729
1779542998.854673,0,1,0.704920,0.237082,0.006976,1.500000,-0.002729
1779542998.864411,0,1,0.719919,0.237258,0.007538,1.500000,-0.008112
1779542998.874383,0,1,0.734918,0.237429,0.007925,1.500000,-0.008112
1779542998.884576,0,1,0.749917,0.237621,0.008488,1.500000,-0.009161
1779542998.894597,0,1,0.764916,0.237782,0.008599,1.500000,-0.009161
1779542998.904762,0,1,0.779916,0.237875,0.008046,1.500000,-0.009161
1779542998.915247,0,1,0.794916,0.237940,0.007431,1.500000,-0.011553
1779542998.924805,0,1,0.809916,0.237959,0.006521,1.500000,-0.011553
1779542998.934689,0,1,0.824916,0.237964,0.005727,1.500000,-0.012703
1779542998.944841,0,1,0.839916,0.237932,0.004727,1.500000,-0.012703
1779542998.955641,0,1,0.854916,0.237894,0.003886,1.500000,-0.013322
1779542998.964868,0,1,0.869916,0.237823,0.002861,1.500000,-0.013322
1779542998.974500,0,1,0.884915,0.237749,0.002006,1.500000,-0.013322
1779542998.984710,0,1,0.899915,0.237645,0.000972,1.500000,-0.012525
1779542998.995300,0,1,0.914915,0.237538,0.000113,1.500000,-0.012525
1779542999.004744,0,1,0.929914,0.237403,6.282261,1.500000,-0.012391
1779542999.014502,0,1,0.944913,0.237266,6.281400,1.500000,-0.012391
1779542999.024400,0,1,0.959913,0.237101,6.280362,1.500000,-0.011091
1779542999.034916,0,1,0.974912,0.236935,6.279499,1.500000,-0.011091
1779542999.044768,0,1,0.989910,0.236741,6.278461,1.500000,-0.011091
1779542999.054591,0,1,1.004909,0.236546,6.277598,1.500000,-0.009572
1779542999.064570,0,1,1.019907,0.236323,6.276560,1.500000,-0.009572
1779542999.074753,0,1,1.034906,0.236099,6.275697,1.500000,-0.008329
1779542999.084505,0,1,1.049904,0.235847,6.274658,1.500000,-0.008329
1779542999.094243,0,1,1.064902,0.235595,6.273795,1.500000,-0.007053
1779542999.104404,0,1,1.079899,0.235315,6.272756,1.500000,-0.007053
1779542999.114563,0,1,1.094896,0.235034,6.271893,1.500000,-0.006746
1779542999.124419,0,1,1.109893,0.234725,6.270854,1.500000,-0.006746
1779542999.134537,0,1,1.124890,0.234415,6.269991,1.500000,-0.006746
1779542999.144666,0,1,1.139886,0.234078,6.268952,1.500000,-0.004830
1779542999.154624,0,1,1.154882,0.233740,6.268089,1.500000,-0.004830
1779542999.164577,0,1,1.169878,0.233374,6.267050,1.500000,-0.004830
1779542999.174460,0,1,1.184874,0.233032,6.266463,1.500000,-0.003803
1779542999.184670,0,1,1.199871,0.232751,6.266540,1.500000,-0.002388
1779542999.194638,0,1,1.214869,0.232490,6.266680,1.500000,-0.002388
1779542999.204593,0,1,1.229867,0.232269,6.267114,1.500000,-0.002388
1779542999.214555,0,1,1.244866,0.232055,6.267432,1.500000,-0.000964
1779542999.224898,0,1,1.259865,0.231870,6.267956,1.500000,-0.000964
1779542999.234862,0,1,1.274863,0.231684,6.268322,1.500000,-0.000632
1779542999.244437,0,1,1.289863,0.231524,6.268872,1.500000,-0.000632
1779542999.254807,0,1,1.304862,0.231361,6.269251,1.500000,-0.001175
1779542999.264740,0,1,1.319861,0.231220,6.269809,1.500000,-0.001175
1779542999.275103,0,1,1.334860,0.231074,6.270193,1.500000,-0.001175
1779542999.284848,0,1,1.349860,0.230951,6.270754,1.500000,-0.004471
1779542999.294714,0,1,1.364859,0.230821,6.271140,1.500000,-0.004471
1779542999.304528,0,1,1.379859,0.230713,6.271703,1.500000,-0.004471
1779542999.314641,0,1,1.394858,0.230598,6.272090,1.500000,-0.006863
1779542999.324961,0,1,1.409858,0.230504,6.272653,1.500000,-0.006863
1779542999.334859,0,1,1.424858,0.230380,6.272763,1.500000,-0.007878
1779542999.344705,0,1,1.439856,0.230188,6.272210,1.500000,-0.007878
1779542999.355157,0,1,1.454855,0.229967,6.271595,1.500000,-0.007878
1779542999.364805,0,1,1.469852,0.229701,6.270685,1.500000,-0.009983
1779542999.374716,0,1,1.484850,0.229421,6.269892,1.500000,-0.009983
1779542999.384732,0,1,1.499846,0.229104,6.268892,1.500000,-0.010865
1779542999.394942,0,1,1.514843,0.228780,6.268051,1.500000,-0.010865
1779542999.404461,0,1,1.529839,0.228424,6.267025,1.500000,-0.010865
1779542999.414371,0,1,1.544834,0.228065,6.266170,1.500000,-0.010191
1779542999.424609,0,1,1.559829,0.227675,6.265137,1.500000,-0.010191
1779542999.435022,0,1,1.574824,0.227284,6.264277,1.500000,-0.010191
1779542999.444687,0,1,1.589818,0.226863,6.263240,1.500000,-0.010054
1779542999.454810,0,1,1.604812,0.226441,6.262379,1.500000,-0.010054
1779542999.464687,0,1,1.619806,0.225991,6.261341,1.500000,-0.008014
1779542999.474774,0,1,1.634799,0.225539,6.260478,1.500000,-0.008014
1779542999.484769,0,1,1.649791,0.225060,6.259440,1.500000,-0.007304
1779542999.494648,0,1,1.664783,0.224580,6.258577,1.500000,-0.007304
1779542999.504405,0,1,1.679775,0.224071,6.257539,1.500000,-0.007304
1779542999.514916,0,1,1.694766,0.223562,6.256676,1.500000,-0.005561
1779542999.524793,0,1,1.709757,0.223025,6.255637,1.500000,-0.005561
1779542999.534679,0,1,1.724747,0.222488,6.254774,1.500000,-0.004188
1779542999.544443,0,1,1.739736,0.221922,6.253735,1.500000,-0.004188
1779542999.554734,0,1,1.754726,0.221381,6.253149,1.500000,-0.004188
1779542999.564760,0,1,1.769719,0.220900,6.253225,1.500000,-0.003777
1779542999.574802,0,1,1.784712,0.220440,6.253365,1.500000,-0.003777
1779542999.584671,0,1,1.799706,0.220019,6.253799,1.500000,-0.001749
1779542999.594956,0,1,1.814700,0.219605,6.254117,1.500000,-0.001749
1779542999.604832,0,1,1.829695,0.219220,6.254642,1.500000,-0.001749
1779542999.614324,0,1,1.844690,0.218835,6.255007,1.500000,-0.001749
1779542999.624562,0,1,1.859686,0.218476,6.255557,1.500000,-0.001655
1779542999.634738,0,1,1.874681,0.218112,6.255936,1.500000,-0.001655
1779542999.644454,0,1,1.889678,0.217772,6.256494,1.500000,-0.001655
1779542999.654687,0,1,1.904674,0.217427,6.256879,1.500000,-0.003757
1779542999.664528,0,1,1.919670,0.217103,6.257440,1.500000,-0.003757
1779542999.674607,0,1,1.934666,0.216774,6.257826,1.500000,-0.003757
1779542999.684534,0,1,1.949663,0.216466,6.258388,1.500000,-0.005042
1779542999.694834,0,1,1.964660,0.216151,6.258775,1.500000,-0.005042
1779542999.704306,0,1,1.979657,0.215858,6.259338,1.500000,-0.005042
1779542999.714820,0,1,1.994654,0.215559,6.259725,1.500000,-0.006555
1779542999.724791,0,1,2.009652,0.215280,6.260288,1.500000,-0.006555
1779542999.734664,0,1,2.024648,0.214970,6.260399,1.500000,-0.007542
1779542999.744747,0,1,2.039644,0.214592,6.259847,1.500000,-0.007542
1779542999.754892,0,1,2.054638,0.214187,6.259231,1.500000,-0.007542
1779542999.764705,0,1,2.069631,0.213735,6.258322,1.500000,-0.008966
1779542999.774323,0,1,2.084624,0.213270,6.257528,1.500000,-0.008966
1779542999.785079,0,1,2.099616,0.212768,6.256528,1.500000,-0.010251
1779542999.795307,0,1,2.114607,0.212259,6.255687,1.500000,-0.010251
1779542999.804425,0,1,2.129597,0.211717,6.254662,1.500000,-0.010251
1779542999.814764,0,1,2.144587,0.211172,6.253807,1.500000,-0.010119
1779542999.824606,0,1,2.159576,0.210597,6.252773,1.500000,-0.010119
1779542999.834656,0,1,2.174565,0.210020,6.251913,1.500000,-0.008987
1779542999.844836,0,1,2.189553,0.209414,6.250877,1.500000,-0.008987
1779542999.854749,0,1,2.204541,0.208807,6.250015,1.500000,-0.008359
1779542999.864754,0,1,2.219527,0.208172,6.248977,1.500000,-0.008359
1779542999.874838,0,1,2.234514,0.207535,6.248115,1.500000,-0.008359
1779542999.886039,0,1,2.249499,0.206870,6.247076,1.500000,-0.007081
1779542999.894967,0,1,2.264484,0.206204,6.246214,1.500000,-0.007081
1779542999.904942,0,1,2.279468,0.205511,6.245175,1.500000,-0.005887
1779542999.915111,0,1,2.294452,0.204817,6.244312,1.500000,-0.005887
1779542999.924590,0,1,2.309435,0.204094,6.243273,1.500000,-0.005887
1779542999.934916,0,1,2.324417,0.203371,6.242410,1.500000,-0.003777
1779542999.944879,0,1,2.339398,0.202621,6.241371,1.500000,-0.003777
1779542999.954385,0,1,2.354381,0.201894,6.240785,1.500000,-0.003195
1779542999.964678,0,1,2.369366,0.201228,6.240862,1.500000,-0.003195
1779542999.974381,0,1,2.384352,0.200582,6.241001,1.500000,-0.003195
1779542999.984550,0,1,2.399340,0.199976,6.241435,1.500000,-0.001116
1779542999.994642,0,1,2.414328,0.199377,6.241753,1.500000,-0.001116
1779543000.004562,0,1,2.429317,0.198807,6.242278,1.500000,-0.000774
1779543000.014776,0,1,2.444306,0.198237,6.242643,1.500000,-0.000774
1779543000.025016,0,1,2.459296,0.197691,6.243193,1.500000,-0.000980
1779543000.034743,0,1,2.474286,0.197143,6.243573,1.500000,-0.000980
1779543000.044416,0,1,2.489277,0.196617,6.244131,1.500000,-0.000980
1779543000.054608,0,1,2.504268,0.196086,6.244515,1.500000,-0.002805
1779543000.064543,0,1,2.519259,0.195577,6.245076,1.500000,-0.002805
1779543000.074685,0,1,2.534250,0.195063,6.245462,1.500000,-0.003671
1779543000.084798,0,1,2.549242,0.194569,6.246024,1.500000,-0.003671
1779543000.094572,0,1,2.564234,0.194070,6.246411,1.500000,-0.005077
1779543000.104789,0,1,2.579226,0.193591,6.246974,1.500000,-0.005077
1779543000.114648,0,1,2.594218,0.193106,6.247362,1.500000,-0.005927
1779543000.125269,0,1,2.609211,0.192642,6.247925,1.500000,-0.005927
1779543000.134375,0,1,2.624203,0.192147,6.248035,1.500000,-0.005927
1779543000.144509,0,1,2.639192,0.191584,6.247483,1.500000,-0.007381
1779543000.154882,0,1,2.654181,0.190993,6.246868,1.500000,-0.007381
1779543000.164906,0,1,2.669167,0.190356,6.245958,1.500000,-0.008637
1779543000.174701,0,1,2.684153,0.189705,6.245164,1.500000,-0.008637
1779543000.184937,0,1,2.699137,0.189018,6.244164,1.500000,-0.009463
1779543000.194441,0,1,2.714121,0.188323,6.243323,1.500000,-0.009463
1779543000.205153,0,1,2.729103,0.187597,6.242298,1.500000,-0.009463
1779543000.214789,0,1,2.744086,0.186866,6.241443,1.500000,-0.008220
1779543000.224268,0,1,2.759066,0.186106,6.240409,1.500000,-0.008220
1779543000.234975,0,1,2.774047,0.185344,6.239550,1.500000,-0.007010
1779543000.244852,0,1,2.789026,0.184553,6.238513,1.500000,-0.007010
1779543000.254565,0,1,2.804005,0.183760,6.237651,1.500000,-0.006343
1779543000.264699,0,1,2.818983,0.182939,6.236614,1.500000,-0.006343
1779543000.274940,0,1,2.833960,0.182117,6.235751,1.500000,-0.004997
1779543000.284570,0,1,2.848936,0.181267,6.234713,1.500000,-0.004997
1779543000.294626,0,1,2.863913,0.180441,6.234127,1.500000,-0.003614
1779543000.304615,0,1,2.878894,0.179676,6.234204,1.500000,-0.003614
1779543000.314722,0,1,2.893875,0.178931,6.234344,1.500000,-0.003097
1779543000.324722,0,1,2.908858,0.178225,6.234778,1.500000,-0.003097
1779543000.334516,0,1,2.923842,0.177526,6.235096,1.500000,-0.003097
1779543000.344553,0,1,2.938827,0.176856,6.235621,1.500000,-0.002551
1779543000.354920,0,1,2.953812,0.176186,6.235986,1.500000,-0.002551
1779543000.364518,0,1,2.968798,0.175541,6.236536,1.500000,-0.002010
1779543000.374563,0,1,2.983784,0.174893,6.236915,1.500000,-0.002010
1779543000.384470,0,1,2.998771,0.174267,6.237473,1.500000,-0.002858
1779543000.394491,0,1,3.013758,0.173637,6.237858,1.500000,-0.002858
1779543000.404931,0,1,3.028746,0.173028,6.238419,1.500000,-0.004116
1779543000.414653,0,1,3.043733,0.172413,6.238805,1.500000,-0.004116
1779543000.424670,0,1,3.058721,0.171820,6.239367,1.500000,-0.005026
1779543000.434999,0,1,3.073709,0.171221,6.239754,1.500000,-0.005026
1779543000.444671,0,1,3.088698,0.170642,6.240317,1.500000,-0.006755
1779543000.454696,0,1,3.103687,0.170058,6.240704,1.500000,-0.006755
1779543000.464761,0,1,3.118676,0.169494,6.241267,1.500000,-0.006755
1779543000.475007,0,1,3.133664,0.168899,6.241378,1.500000,-0.007752
1779543000.484724,0,1,3.148650,0.168236,6.240826,1.500000,-0.007752
1779543000.494340,0,1,3.163634,0.167545,6.240210,1.500000,-0.008954
1779543000.504739,0,1,3.178616,0.166808,6.239301,1.500000,-0.008954
1779543000.514772,0,1,3.193597,0.166058,6.238507,1.500000,-0.009901
1779543000.524719,0,1,3.208576,0.165271,6.237507,1.500000,-0.009901
1779543000.534742,0,1,3.223555,0.164477,6.236666,1.500000,-0.009901
1779543000.544606,0,1,3.238532,0.163650,6.235641,1.500000,-0.009901
1779543000.554908,0,1,3.253509,0.162820,6.234786,1.500000,-0.009074
1779543000.564706,0,1,3.268485,0.161961,6.233752,1.500000,-0.009074
1779543000.574757,0,1,3.283460,0.161098,6.232892,1.500000,-0.007911
1779543000.585026,0,1,3.298433,0.160208,6.231856,1.500000,-0.007911
1779543000.597581,0,1,3.313407,0.159315,6.230994,1.500000,-0.007911
1779543000.604940,0,1,3.328379,0.158395,6.229956,1.500000,-0.007911
1779543000.616483,0,1,3.343350,0.157473,6.229094,1.500000,-0.006420
1779543000.624837,0,1,3.358320,0.156523,6.228055,1.500000,-0.006420
1779543000.634824,0,1,3.373290,0.155573,6.227193,1.500000,-0.004317
1779543000.644786,0,1,3.388258,0.154595,6.226154,1.500000,-0.004317
1779543000.654761,0,1,3.403228,0.153640,6.225568,1.500000,-0.004317
1779543000.664515,0,1,3.418201,0.152746,6.225645,1.500000,-0.004317
1779543000.674868,0,1,3.433176,0.151873,6.225785,1.500000,-0.002017
1779543000.684780,0,1,3.448152,0.151039,6.226218,1.500000,-0.002017
1779543000.694550,0,1,3.463129,0.150211,6.226537,1.500000,-0.000530
1779543000.704664,0,1,3.478108,0.149413,6.227061,1.500000,-0.000530
1779543000.715017,0,1,3.493087,0.148615,6.227427,1.500000,-0.000125
1779543000.724890,0,1,3.508067,0.147842,6.227976,1.500000,-0.000125
1779543000.734725,0,1,3.523047,0.147065,6.228356,1.500000,-0.000620
1779543000.744820,0,1,3.538028,0.146311,6.228914,1.500000,-0.000620
1779543000.755336,0,1,3.553009,0.145553,6.229298,1.500000,-0.000620
1779543000.764931,0,1,3.567991,0.144816,6.229859,1.500000,-0.000620
1779543000.774856,0,1,3.582972,0.144073,6.230245,1.500000,-0.003160
1779543000.784423,0,1,3.597955,0.143351,6.230808,1.500000,-0.003160
1779543000.794873,0,1,3.612937,0.142624,6.231195,1.500000,-0.003160
1779543000.804659,0,1,3.627921,0.141917,6.231757,1.500000,-0.004662
1779543000.814661,0,1,3.642904,0.141204,6.232145,1.500000,-0.004662
1779543000.824386,0,1,3.657888,0.140512,6.232708,1.500000,-0.004662
1779543000.834723,0,1,3.672871,0.139813,6.233095,1.500000,-0.004662
1779543000.844872,0,1,3.687856,0.139136,6.233659,1.500000,-0.006304
1779543000.854661,0,1,3.702840,0.138451,6.234046,1.500000,-0.006304
1779543000.864358,0,1,3.717826,0.137788,6.234610,1.500000,-0.007573
1779543000.874907,0,1,3.732810,0.137093,6.234720,1.500000,-0.007573
1779543000.884910,0,1,3.747790,0.136331,6.234168,1.500000,-0.008581
1779543000.894683,0,1,3.762769,0.135541,6.233553,1.500000,-0.008581
1779543000.904866,0,1,3.777746,0.134704,6.232643,1.500000,-0.008581
1779543000.914988,0,1,3.792722,0.133854,6.231850,1.500000,-0.010107
1779543000.924630,0,1,3.807696,0.132967,6.230850,1.500000,-0.010107
1779543000.934806,0,1,3.822669,0.132073,6.230009,1.500000,-0.010107
1779543000.944287,0,1,3.837640,0.131147,6.228983,1.500000,-0.009749
1779543000.954882,0,1,3.852612,0.130218,6.228128,1.500000,-0.009749
1779543000.964822,0,1,3.867581,0.129258,6.227095,1.500000,-0.009749
1779543000.974416,0,1,3.882550,0.128296,6.226235,1.500000,-0.007929
1779543000.984316,0,1,3.897517,0.127306,6.225198,1.500000,-0.007929
1779543000.994967,0,1,3.912484,0.126314,6.224337,1.500000,-0.007929
1779543001.004398,0,1,3.927450,0.125294,6.223299,1.500000,-0.006266
1779543001.014672,0,1,3.942415,0.124272,6.222437,1.500000,-0.006266
1779543001.024796,0,1,3.957378,0.123223,6.221398,1.500000,-0.006266
1779543001.034985,0,1,3.972341,0.122173,6.220535,1.500000,-0.004142
1779543001.044396,0,1,3.987302,0.121095,6.219497,1.500000,-0.004142
1779543001.054661,0,1,4.002265,0.120041,6.218911,1.500000,-0.004142
1779543001.064263,0,1,4.017232,0.119047,6.218987,1.500000,-0.002450
1779543001.074770,0,1,4.032201,0.118074,6.219127,1.500000,-0.002450
1779543001.084610,0,1,4.047172,0.117141,6.219561,1.500000,-0.001637
1779543001.094804,0,1,4.062143,0.116213,6.219879,1.500000,-0.001637
1779543001.104597,0,1,4.077116,0.115316,6.220404,1.500000,-0.000169
1779543001.114947,0,1,4.092089,0.114418,6.220769,1.500000,-0.000169
1779543001.124809,0,1,4.107064,0.113545,6.221319,1.500000,-0.000334
1779543001.134365,0,1,4.122038,0.112669,6.221699,1.500000,-0.000334
1779543001.144819,0,1,4.137014,0.111815,6.222257,1.500000,-0.000967
1779543001.155114,0,1,4.151989,0.110957,6.222641,1.500000,-0.000967
1779543001.164739,0,1,4.166966,0.110120,6.223202,1.500000,-0.001983
1779543001.174719,0,1,4.181942,0.109277,6.223588,1.500000,-0.001983
1779543001.184787,0,1,4.196920,0.108456,6.224150,1.500000,-0.003313
1779543001.194789,0,1,4.211897,0.107629,6.224537,1.500000,-0.003313
1779543001.204610,0,1,4.226875,0.106822,6.225100,1.500000,-0.003313
1779543001.214349,0,1,4.241853,0.106009,6.225487,1.500000,-0.004191
1779543001.224725,0,1,4.256832,0.105218,6.226051,1.500000,-0.004191
1779543001.234694,0,1,4.271811,0.104419,6.226438,1.500000,-0.005089
1779543001.244797,0,1,4.286791,0.103642,6.227001,1.500000,-0.005089
1779543001.254727,0,1,4.301770,0.102858,6.227389,1.500000,-0.006002
1779543001.264683,0,1,4.316751,0.102095,6.227952,1.500000,-0.006002
1779543001.274841,0,1,4.331730,0.101300,6.228063,1.500000,-0.006941
1779543001.284662,0,1,4.346705,0.100438,6.227511,1.500000,-0.006941
1779543001.294677,0,1,4.361679,0.099548,6.226895,1.500000,-0.007926
1779543001.304723,0,1,4.376649,0.098612,6.225986,1.500000,-0.007926
1779543001.314428,0,1,4.391619,0.097662,6.225192,1.500000,-0.007926
1779543001.324826,0,1,4.406587,0.096676,6.224192,1.500000,-0.009066
1779543001.334605,0,1,4.421554,0.095682,6.223351,1.500000,-0.009066
1779543001.344487,0,1,4.436519,0.094657,6.222326,1.500000,-0.008390
1779543001.354340,0,1,4.451483,0.093627,6.221471,1.500000,-0.008390
1779543001.364743,0,1,4.466446,0.092568,6.220437,1.500000,-0.007061
1779543001.374783,0,1,4.481408,0.091507,6.219578,1.500000,-0.007061
1779543001.384680,0,1,4.496369,0.090417,6.218541,1.500000,-0.005752
1779543001.394965,0,1,4.511329,0.089325,6.217679,1.500000,-0.005752
1779543001.405019,0,1,4.526287,0.088205,6.216642,1.500000,-0.004529
1779543001.414562,0,1,4.541245,0.087084,6.215779,1.500000,-0.004529
1779543001.424349,0,1,4.556201,0.085935,6.214741,1.500000,-0.004529
1779543001.434873,0,1,4.571159,0.084810,6.214155,1.500000,-0.002311
1779543001.444757,0,1,4.586121,0.083746,6.214232,1.500000,-0.002311
1779543001.454862,0,1,4.601084,0.082702,6.214372,1.500000,-0.001133
1779543001.464694,0,1,4.616051,0.081697,6.214806,1.500000,-0.001133
1779543001.475120,0,1,4.631018,0.080698,6.215124,1.500000,0.000394
1779543001.484906,0,1,4.645986,0.079730,6.215649,1.500000,0.000394
1779543001.494801,0,1,4.660955,0.078761,6.216014,1.500000,0.000394
1779543001.504873,0,1,4.675925,0.077816,6.216564,1.500000,0.000494
1779543001.514843,0,1,4.690895,0.076869,6.216943,1.500000,0.000494
1779543001.524480,0,1,4.705867,0.075944,6.217501,1.500000,-0.000174
1779543001.534882,0,1,4.720838,0.075015,6.217886,1.500000,-0.000174
1779543001.544828,0,1,4.735810,0.074107,6.218447,1.500000,-0.000174
1779543001.555022,0,1,4.750782,0.073193,6.218833,1.500000,-0.001412
1779543001.564824,0,1,4.765756,0.072300,6.219395,1.500000,-0.001412
1779543001.574593,0,1,4.780729,0.071402,6.219782,1.500000,-0.002227
1779543001.584811,0,1,4.795703,0.070524,6.220345,1.500000,-0.002227
1779543001.595044,0,1,4.810677,0.069640,6.220732,1.500000,-0.003068
1779543001.604584,0,1,4.825652,0.068777,6.221295,1.500000,-0.003068
1779543001.614339,0,1,4.840627,0.067908,6.221683,1.500000,-0.003068
1779543001.625030,0,1,4.855603,0.067059,6.222246,1.500000,-0.004215
1779543001.636161,0,1,4.870579,0.066204,6.222634,1.500000,-0.004215
1779543001.644775,0,1,4.885555,0.065369,6.223197,1.500000,-0.004930
1779543001.654436,0,1,4.900532,0.064529,6.223585,1.500000,-0.004930
1779543001.664852,0,1,4.915509,0.063708,6.224148,1.500000,-0.004930
1779543001.674909,0,1,4.930487,0.062882,6.224536,1.500000,-0.006351
1779543001.684842,0,1,4.945465,0.062076,6.225099,1.500000,-0.006351
1779543001.694727,0,1,4.960441,0.061239,6.225210,1.500000,-0.007303
1779543001.704678,0,1,4.975414,0.060334,6.224657,1.500000,-0.007303
1779543001.714818,0,1,4.990385,0.059401,6.224042,1.500000,-0.008256
1779543001.724700,0,1,5.005353,0.058423,6.223133,1.500000,-0.008256
1779543001.734593,0,1,5.020320,0.057430,6.222339,1.500000,-0.008256
1779543001.744792,0,1,5.035285,0.056401,6.221339,1.500000,-0.009440
1779543001.754642,0,1,5.050249,0.055365,6.220498,1.500000,-0.009440
1779543001.764633,0,1,5.065211,0.054296,6.219473,1.500000,-0.008596
1779543001.774822,0,1,5.080173,0.053224,6.218618,1.500000,-0.008596
1779543001.784809,0,1,5.095132,0.052122,6.217584,1.500000,-0.007405
1779543001.794919,0,1,5.110091,0.051018,6.216725,1.500000,-0.007405
1779543001.804643,0,1,5.125049,0.049886,6.215688,1.500000,-0.007405
1779543001.814829,0,1,5.140006,0.048751,6.214826,1.500000,-0.004763
1779543001.824757,0,1,5.154961,0.047589,6.213789,1.500000,-0.004763
1779543001.834848,0,1,5.169917,0.046450,6.213203,1.500000,-0.004763
1779543001.845848,0,1,5.184878,0.045371,6.213280,1.500000,-0.002679
1779543001.854944,0,1,5.199841,0.044313,6.213420,1.500000,-0.002679
1779543001.864597,0,1,5.214806,0.043294,6.213854,1.500000,-0.002679
1779543001.875683,0,1,5.229772,0.042282,6.214173,1.500000,-0.000471
1779543001.884643,0,1,5.244740,0.041299,6.214697,1.500000,-0.000471
1779543001.894621,0,1,5.259708,0.040316,6.215063,1.500000,-0.000471
1779543001.904923,0,1,5.274677,0.039357,6.215613,1.500000,-0.000257
1779543001.914876,0,1,5.289646,0.038396,6.215992,1.500000,-0.000257
1779543001.924699,0,1,5.304617,0.037457,6.216550,1.500000,-0.000857
1779543001.934677,0,1,5.319587,0.036513,6.216935,1.500000,-0.000857
1779543001.944697,0,1,5.334559,0.035591,6.217496,1.500000,-0.000857
1779543001.955390,0,1,5.349530,0.034663,6.217882,1.500000,-0.001918
1779543001.964598,0,1,5.364502,0.033756,6.218444,1.500000,-0.001918
1779543001.974640,0,1,5.379475,0.032843,6.218831,1.500000,-0.002731
1779543001.984592,0,1,5.394448,0.031951,6.219394,1.500000,-0.002731
1779543001.995113,0,1,5.409421,0.031053,6.219781,1.500000,-0.002731
1779543002.004738,0,1,5.424395,0.030176,6.220344,1.500000,-0.003665
1779543002.014769,0,1,5.439369,0.029292,6.220732,1.500000,-0.003665
1779543002.024508,0,1,5.454345,0.028429,6.221295,1.500000,-0.004538
1779543002.034976,0,1,5.469319,0.027560,6.221683,1.500000,-0.004538
1779543002.044423,0,1,5.484295,0.026711,6.222246,1.500000,-0.004538
1779543002.054555,0,1,5.499271,0.025856,6.222634,1.500000,-0.005564
1779543002.064839,0,1,5.514248,0.025022,6.223197,1.500000,-0.005564
1779543002.075175,0,1,5.529223,0.024156,6.223308,1.500000,-0.006512
1779543002.084630,0,1,5.544194,0.023223,6.222755,1.500000,-0.006512
1779543002.094431,0,1,5.559163,0.022262,6.222140,1.500000,-0.007412
1779543002.104789,0,1,5.574129,0.021254,6.221231,1.500000,-0.007412
1779543002.115096,0,1,5.589094,0.020233,6.220437,1.500000,-0.007412
1779543002.124937,0,1,5.604057,0.019175,6.219437,1.500000,-0.008088
1779543002.134947,0,1,5.619019,0.018111,6.218596,1.500000,-0.008088
1779543002.144932,0,1,5.633979,0.017014,6.217571,1.500000,-0.008088
1779543002.155156,0,1,5.648938,0.015914,6.216716,1.500000,-0.008088
1779543002.164967,0,1,5.663896,0.014783,6.215682,1.500000,-0.005759
1779543002.174734,0,1,5.678853,0.013651,6.214822,1.500000,-0.005759
1779543002.186224,0,1,5.693808,0.012489,6.213786,1.500000,-0.005759
1779543002.194902,0,1,5.708763,0.011327,6.212924,1.500000,-0.003645
1779543002.204786,0,1,5.723715,0.010136,6.211886,1.500000,-0.003645
1779543002.214715,0,1,5.738670,0.008969,6.211301,1.500000,-0.002193
1779543002.224781,0,1,5.753629,0.007862,6.211378,1.500000,-0.002193
1779543002.235098,0,1,5.768590,0.006775,6.211518,1.500000,-0.002193
1779543002.244801,0,1,5.783553,0.005728,6.211952,1.500000,0.000003
1779543002.254904,0,1,5.798517,0.004687,6.212271,1.500000,0.000003
1779543002.264792,0,1,5.813483,0.003675,6.212795,1.500000,0.000003
1779543002.274810,0,1,5.828448,0.002664,6.213161,1.500000,0.001315
1779543002.284650,0,1,5.843416,0.001677,6.213711,1.500000,0.001315
1779543002.295421,0,1,5.858383,0.000687,6.214090,1.500000,0.001315
1779543002.304775,0,1,5.873352,-0.000281,6.214648,1.500000,0.000903
1779543002.314655,0,1,5.888320,-0.001253,6.215032,1.500000,0.000903
1779543002.324914,0,1,5.903290,-0.002204,6.215593,1.500000,0.000903
1779543002.334846,0,1,5.918260,-0.003160,6.215980,1.500000,-0.000369
1779543002.344909,0,1,5.933231,-0.004095,6.216542,1.500000,-0.000369
1779543002.354523,0,1,5.948201,-0.005037,6.216929,1.500000,-0.000369
1779543002.364917,0,1,5.963173,-0.005957,6.217492,1.500000,-0.000751
1779543002.374478,0,1,5.978144,-0.006884,6.217879,1.500000,-0.000751
1779543002.384645,0,1,5.993117,-0.007790,6.218442,1.500000,-0.001869
1779543002.394760,0,1,6.008089,-0.008702,6.218830,1.500000,-0.001869
1779543002.404909,0,1,6.023062,-0.009593,6.219393,1.500000,-0.001869
1779543002.414730,0,1,6.038036,-0.010491,6.219781,1.500000,-0.001869
1779543002.424515,0,1,6.053010,-0.011368,6.220344,1.500000,-0.002758
1779543002.434990,0,1,6.067984,-0.012252,6.220731,1.500000,-0.002758
1779543002.444737,0,1,6.082959,-0.013115,6.221295,1.500000,-0.002758
1779543002.454518,0,1,6.097934,-0.013984,6.221682,1.500000,-0.003964
1779543002.464377,0,1,6.112910,-0.014833,6.222246,1.500000,-0.003964
1779543002.474939,0,1,6.127885,-0.015688,6.222633,1.500000,-0.003964
1779543002.484833,0,1,6.142862,-0.016522,6.223197,1.500000,-0.005214
1779543002.494801,0,1,6.157839,-0.017363,6.223585,1.500000,-0.005214
1779543002.504780,0,1,6.172816,-0.018183,6.224148,1.500000,-0.005214
1779543002.514862,0,1,6.187793,-0.019010,6.224536,1.500000,-0.006066
1779543002.524710,0,1,6.202772,-0.019815,6.225099,1.500000,-0.006066
1779543002.534388,0,1,6.217748,-0.020653,6.225210,1.500000,-0.006997
1779543002.544539,0,1,6.232721,-0.021557,6.224657,1.500000,-0.006997
1779543002.555045,0,1,6.247692,-0.022490,6.224042,1.500000,-0.006997
1779543002.564913,0,1,6.262660,-0.023469,6.223133,1.500000,-0.007269
1779543002.574505,0,1,6.277627,-0.024461,6.222339,1.500000,-0.007269
1779543002.584665,0,1,6.292592,-0.025491,6.221339,1.500000,-0.007269
1779543002.595237,0,1,6.307556,-0.026527,6.220498,1.500000,-0.007375
1779543002.604650,0,1,6.322518,-0.027595,6.219473,1.500000,-0.007375
1779543002.614532,0,1,6.337479,-0.028667,6.218618,1.500000,-0.006377
1779543002.624545,0,1,6.352439,-0.029769,6.217584,1.500000,-0.006377
1779543002.635361,0,1,6.367398,-0.030873,6.216725,1.500000,-0.006377
1779543002.644509,0,1,6.382355,-0.032006,6.215688,1.500000,-0.004444
1779543002.654775,0,1,6.397312,-0.033140,6.214826,1.500000,-0.004444
1779543002.664662,0,1,6.412267,-0.034303,6.213789,1.500000,-0.004444
1779543002.674943,0,1,6.427224,-0.035441,6.213203,1.500000,-0.001840
1779543002.684682,0,1,6.442185,-0.036520,6.213280,1.500000,-0.001840
1779543002.694818,0,1,6.457148,-0.037578,6.213420,1.500000,-0.001840
1779543002.704689,0,1,6.472113,-0.038597,6.213854,1.500000,0.000389
1779543002.715089,0,1,6.487079,-0.039609,6.214173,1.500000,0.000389
1779543002.724353,0,1,6.502047,-0.040592,6.214697,1.500000,0.000389
1779543002.734438,0,1,6.517014,-0.041576,6.215063,1.500000,0.001730
1779543002.744693,0,1,6.531984,-0.042534,6.215613,1.500000,0.001730
1779543002.754796,0,1,6.546953,-0.043496,6.215992,1.500000,0.001730
1779543002.764547,0,1,6.561923,-0.044435,6.216550,1.500000,0.001112
1779543002.774899,0,1,6.576894,-0.045379,6.216935,1.500000,0.001112
1779543002.784764,0,1,6.591865,-0.046301,6.217496,1.500000,0.001112
1779543002.794522,0,1,6.606837,-0.047229,6.217882,1.500000,-0.000007
1779543002.804837,0,1,6.621809,-0.048135,6.218444,1.500000,-0.000007
1779543002.814668,0,1,6.636781,-0.049048,6.218831,1.500000,-0.000618
1779543002.824764,0,1,6.651755,-0.049940,6.219394,1.500000,-0.000618
1779543002.834849,0,1,6.666728,-0.050838,6.219781,1.500000,-0.000618
1779543002.844801,0,1,6.681702,-0.051716,6.220344,1.500000,-0.001061
1779543002.854674,0,1,6.696676,-0.052599,6.220732,1.500000,-0.001061
1779543002.864538,0,1,6.711651,-0.053462,6.221295,1.500000,-0.001667
1779543002.874760,0,1,6.726626,-0.054332,6.221683,1.500000,-0.001667
1779543002.884831,0,1,6.741602,-0.055180,6.222246,1.500000,-0.001667
1779543002.894771,0,1,6.756578,-0.056035,6.222634,1.500000,-0.002485
1779543002.904765,0,1,6.771554,-0.056870,6.223197,1.500000,-0.002485
1779543002.914802,0,1,6.786531,-0.057711,6.223585,1.500000,-0.002693
1779543002.924893,0,1,6.801508,-0.058531,6.224148,1.500000,-0.002693
1779543002.934731,0,1,6.816486,-0.059357,6.224536,1.500000,-0.002693
1779543002.944537,0,1,6.831464,-0.060163,6.225099,1.500000,-0.003868
1779543002.954689,0,1,6.846442,-0.060976,6.225487,1.500000,-0.003868
1779543002.964825,0,1,6.861421,-0.061767,6.226050,1.500000,-0.003868
1779543002.974839,0,1,6.876400,-0.062565,6.226438,1.500000,-0.004503
1779543002.984783,0,1,6.891380,-0.063343,6.227001,1.500000,-0.004503
1779543002.994492,0,1,6.906359,-0.064126,6.227389,1.500000,-0.005391
1779543003.004713,0,1,6.921340,-0.064890,6.227952,1.500000,-0.005391
1779543003.014635,0,1,6.936319,-0.065672,6.228201,1.500000,-0.005391
1779543003.024542,0,1,6.951298,-0.066477,6.228207,1.500000,-0.005507
1779543003.034480,0,1,6.966275,-0.067300,6.228093,1.500000,-0.005507
1779543003.044539,0,1,6.981251,-0.068148,6.227782,1.500000,-0.006410
1779543003.054767,0,1,6.996224,-0.069050,6.227021,1.500000,-0.006410
1779543003.064287,0,1,7.011196,-0.069970,6.226301,1.500000,-0.006733
1779543003.074587,0,1,7.026165,-0.070931,6.225338,1.500000,-0.006733
1779543003.084610,0,1,7.041133,-0.071902,6.224516,1.500000,-0.006815
1779543003.094632,0,1,7.056100,-0.072906,6.223501,1.500000,-0.006815
1779543003.104696,0,1,7.071066,-0.073914,6.222652,1.500000,-0.006815
1779543003.114762,0,1,7.086030,-0.074954,6.221621,1.500000,-0.004788
1779543003.124889,0,1,7.100993,-0.075996,6.220763,1.500000,-0.004788
1779543003.134254,0,1,7.115955,-0.077068,6.219728,1.500000,-0.004788
1779543003.144731,0,1,7.130918,-0.078116,6.219144,1.500000,-0.002106
1779543003.155215,0,1,7.145886,-0.079105,6.219222,1.500000,-0.002106
1779543003.164380,0,1,7.160854,-0.080073,6.219363,1.500000,-0.002106
1779543003.174368,0,1,7.175826,-0.081003,6.219797,1.500000,0.000042
1779543003.184866,0,1,7.190797,-0.081926,6.220116,1.500000,0.000042
1779543003.195438,0,1,7.205771,-0.082820,6.220641,1.500000,0.000042
1779543003.204460,0,1,7.220744,-0.083714,6.221006,1.500000,0.001395
1779543003.214653,0,1,7.235719,-0.084583,6.221557,1.500000,0.001395
1779543003.224714,0,1,7.250693,-0.085455,6.221936,1.500000,0.001395
1779543003.234694,0,1,7.265669,-0.086305,6.222494,1.500000,0.000791
1779543003.244796,0,1,7.280645,-0.087160,6.222878,1.500000,0.000791
1779543003.254354,0,1,7.295622,-0.087993,6.223440,1.500000,0.000791
1779543003.264601,0,1,7.310598,-0.088832,6.223826,1.500000,-0.000074
1779543003.274945,0,1,7.325576,-0.089650,6.224388,1.500000,-0.000074
1779543003.284716,0,1,7.340553,-0.090474,6.224775,1.500000,-0.000835
1779543003.294500,0,1,7.355532,-0.091277,6.225338,1.500000,-0.000835
1779543003.304377,0,1,7.370510,-0.092086,6.225725,1.500000,-0.000835
1779543003.314709,0,1,7.385489,-0.092874,6.226288,1.500000,-0.000443
1779543003.324822,0,1,7.400468,-0.093669,6.226676,1.500000,-0.000443
1779543003.334329,0,1,7.415448,-0.094443,6.227239,1.500000,-0.001219
1779543003.344710,0,1,7.430428,-0.095223,6.227627,1.500000,-0.001219
1779543003.354776,0,1,7.445409,-0.095983,6.228190,1.500000,-0.001239
1779543003.364642,0,1,7.460389,-0.096749,6.228578,1.500000,-0.001239
1779543003.374358,0,1,7.475370,-0.097494,6.229141,1.500000,-0.002010
1779543003.384503,0,1,7.490352,-0.098246,6.229529,1.500000,-0.002010
1779543003.395313,0,1,7.505334,-0.098977,6.230092,1.500000,-0.002010
1779543003.404521,0,1,7.520316,-0.099714,6.230480,1.500000,-0.002440
1779543003.414744,0,1,7.535298,-0.100431,6.231043,1.500000,-0.002440
1779543003.424609,0,1,7.550281,-0.101155,6.231431,1.500000,-0.002440
1779543003.434954,0,1,7.565265,-0.101857,6.231994,1.500000,-0.003588
1779543003.444595,0,1,7.580248,-0.102566,6.232382,1.500000,-0.003588
1779543003.454306,0,1,7.595232,-0.103255,6.232945,1.500000,-0.003538
1779543003.464571,0,1,7.610216,-0.103949,6.233333,1.500000,-0.003538
1779543003.474755,0,1,7.625201,-0.104623,6.233896,1.500000,-0.004378
1779543003.484710,0,1,7.640185,-0.105304,6.234284,1.500000,-0.004378
1779543003.494566,0,1,7.655171,-0.105964,6.234847,1.500000,-0.004378
1779543003.504733,0,1,7.670156,-0.106630,6.235235,1.500000,-0.004170
1779543003.514638,0,1,7.685142,-0.107276,6.235798,1.500000,-0.004170
1779543003.524810,0,1,7.700128,-0.107928,6.236186,1.500000,-0.005565
1779543003.534478,0,1,7.715115,-0.108559,6.236749,1.500000,-0.005565
1779543003.544522,0,1,7.730100,-0.109221,6.236860,1.500000,-0.005565
1779543003.555785,0,1,7.745082,-0.109952,6.236308,1.500000,-0.005823
1779543003.564459,0,1,7.760063,-0.110710,6.235693,1.500000,-0.005823
1779543003.574667,0,1,7.775041,-0.111514,6.234783,1.500000,-0.006744
1779543003.584748,0,1,7.790019,-0.112332,6.233989,1.500000,-0.006744
1779543003.595449,0,1,7.804995,-0.113187,6.232989,1.500000,-0.006300
1779543003.604669,0,1,7.819970,-0.114049,6.232149,1.500000,-0.006300
1779543003.614325,0,1,7.834943,-0.114943,6.231123,1.500000,-0.006300
1779543003.624562,0,1,7.849916,-0.115841,6.230268,1.500000,-0.004890
1779543003.634684,0,1,7.864888,-0.116768,6.229235,1.500000,-0.004890
1779543003.644750,0,1,7.879860,-0.117673,6.228652,1.500000,-0.003511
1779543003.654430,0,1,7.894836,-0.118518,6.228731,1.500000,-0.003511
1779543003.664755,0,1,7.909814,-0.119344,6.228872,1.500000,-0.003511
1779543003.674666,0,1,7.924793,-0.120130,6.229307,1.500000,-0.000572
1779543003.684694,0,1,7.939773,-0.120911,6.229626,1.500000,-0.000572
1779543003.694408,0,1,7.954754,-0.121662,6.230151,1.500000,-0.000572
1779543003.704496,0,1,7.969735,-0.122414,6.230517,1.500000,0.000776
1779543003.714601,0,1,7.984717,-0.123140,6.231067,1.500000,0.000776
1779543003.724739,0,1,7.999700,-0.123870,6.231446,1.500000,0.000776
1779543003.734402,0,1,8.014683,-0.124578,6.232005,1.500000,0.000173
1779543003.744828,0,1,8.029666,-0.125290,6.232389,1.500000,0.000173
1779543003.754653,0,1,8.044650,-0.125981,6.232950,1.500000,0.000173
1779543003.764717,0,1,8.059634,-0.126677,6.233336,1.500000,0.000184
1779543003.774436,0,1,8.074619,-0.127352,6.233898,1.500000,0.000184
1779543003.784613,0,1,8.089603,-0.128034,6.234285,1.500000,-0.000825
1779543003.794631,0,1,8.104589,-0.128694,6.234848,1.500000,-0.000825
1779543003.804761,0,1,8.119574,-0.129361,6.235236,1.500000,-0.000825
1779543003.814458,0,1,8.134560,-0.130006,6.235799,1.500000,-0.000355
1779543003.824671,0,1,8.149546,-0.130659,6.236186,1.500000,-0.000355
1779543003.834585,0,1,8.164532,-0.131290,6.236750,1.500000,-0.000355
1779543003.844333,0,1,8.179519,-0.131928,6.237137,1.500000,-0.001526
1779543003.854748,0,1,8.194506,-0.132545,6.237700,1.500000,-0.001526
1779543003.864588,0,1,8.209493,-0.133169,6.238088,1.500000,-0.001526
1779543003.874952,0,1,8.224481,-0.133772,6.238651,1.500000,-0.001629
1779543003.884675,0,1,8.239469,-0.134381,6.239039,1.500000,-0.001629
1779543003.894425,0,1,8.254457,-0.134969,6.239602,1.500000,-0.002436
1779543003.904477,0,1,8.269445,-0.135564,6.239990,1.500000,-0.002436
1779543003.914855,0,1,8.284434,-0.136139,6.240553,1.500000,-0.002166
1779543003.924796,0,1,8.299423,-0.136719,6.240941,1.500000,-0.002166
1779543003.934696,0,1,8.314413,-0.137279,6.241505,1.500000,-0.002166
1779543003.944168,0,1,8.329402,-0.137846,6.241892,1.500000,-0.002256
1779543003.954349,0,1,8.344392,-0.138392,6.242456,1.500000,-0.002256
1779543003.964760,0,1,8.359382,-0.138944,6.242843,1.500000,-0.003186
1779543003.974719,0,1,8.374372,-0.139476,6.243407,1.500000,-0.003186
1779543003.984557,0,1,8.389363,-0.140013,6.243794,1.500000,-0.003952
1779543003.994498,0,1,8.404354,-0.140531,6.244358,1.500000,-0.003952
1779543004.004725,0,1,8.419345,-0.141054,6.244745,1.500000,-0.003952
1779543004.014579,0,1,8.434336,-0.141558,6.245309,1.500000,-0.003968
1779543004.024802,0,1,8.449328,-0.142067,6.245696,1.500000,-0.003968
1779543004.034582,0,1,8.464320,-0.142556,6.246260,1.500000,-0.004819
1779543004.044707,0,1,8.479311,-0.143051,6.246647,1.500000,-0.004819
1779543004.054597,0,1,8.494304,-0.143525,6.247211,1.500000,-0.004457
1779543004.064591,0,1,8.509296,-0.144006,6.247599,1.500000,-0.004457
1779543004.074672,0,1,8.524289,-0.144467,6.248162,1.500000,-0.005282
1779543004.084797,0,1,8.539282,-0.144933,6.248550,1.500000,-0.005282
1779543004.094512,0,1,8.554275,-0.145379,6.249113,1.500000,-0.005282
1779543004.104433,0,1,8.569268,-0.145844,6.249362,1.500000,-0.005386
1779543004.114391,0,1,8.584260,-0.146332,6.249368,1.500000,-0.005787
1779543004.124525,0,1,8.599252,-0.146838,6.249254,1.500000,-0.005787
1779543004.134509,0,1,8.614242,-0.147369,6.248942,1.500000,-0.005787
1779543004.144551,0,1,8.629231,-0.147954,6.248182,1.500000,-0.006625
1779543004.154857,0,1,8.644219,-0.148558,6.247462,1.500000,-0.006625
1779543004.164602,0,1,8.659205,-0.149202,6.246499,1.500000,-0.006124
1779543004.174790,0,1,8.674190,-0.149855,6.245677,1.500000,-0.006124
1779543004.184422,0,1,8.689175,-0.150542,6.244662,1.500000,-0.005906
1779543004.194633,0,1,8.704159,-0.151234,6.243812,1.500000,-0.005906
1779543004.204531,0,1,8.719141,-0.151957,6.242782,1.500000,-0.004796
1779543004.214447,0,1,8.734124,-0.152682,6.241924,1.500000,-0.004796
1779543004.224339,0,1,8.749105,-0.153437,6.240889,1.500000,-0.003397
1779543004.234450,0,1,8.764087,-0.154168,6.240305,1.500000,-0.003397
1779543004.244609,0,1,8.779072,-0.154840,6.240383,1.500000,-0.002604
1779543004.254647,0,1,8.794058,-0.155491,6.240524,1.500000,-0.002604
1779543004.264606,0,1,8.809045,-0.156104,6.240958,1.500000,0.000429
1779543004.274461,0,1,8.824033,-0.156710,6.241277,1.500000,0.000429
1779543004.284379,0,1,8.839022,-0.157287,6.241802,1.500000,0.001279
1779543004.294284,0,1,8.854011,-0.157864,6.242167,1.500000,0.001279
1779543004.304700,0,1,8.869001,-0.158416,6.242717,1.500000,0.003870
1779543004.314502,0,1,8.883990,-0.158972,6.243097,1.500000,0.003600
1779543004.324276,0,1,8.898981,-0.159504,6.243655,1.500000,0.003600
1779543004.334512,0,1,8.913971,-0.160042,6.244039,1.500000,0.003086
1779543004.344378,0,1,8.928962,-0.160558,6.244600,1.500000,0.003086
1779543004.354638,0,1,8.943953,-0.161080,6.244987,1.500000,0.003441
1779543004.364780,0,1,8.958945,-0.161581,6.245549,1.500000,0.003441
1779543004.375000,0,1,8.973936,-0.162087,6.245936,1.500000,0.003441
1779543004.384795,0,1,8.988928,-0.162573,6.246499,1.500000,0.002825
1779543004.394838,0,1,9.003920,-0.163065,6.246886,1.500000,0.002825
1779543004.404588,0,1,9.018913,-0.163536,6.247449,1.500000,0.002974
1779543004.414595,0,1,9.033905,-0.164014,6.247837,1.500000,0.002974
1779543004.424391,0,1,9.048898,-0.164471,6.248400,1.500000,0.002305
1779543004.434975,0,1,9.063891,-0.164934,6.248788,1.500000,0.002305
1779543004.444761,0,1,9.078885,-0.165376,6.249351,1.500000,0.002305
1779543004.454556,0,1,9.093878,-0.165825,6.249738,1.500000,0.002360
1779543004.464627,0,1,9.108872,-0.166254,6.250302,1.500000,0.002360
1779543004.474241,0,1,9.123865,-0.166688,6.250689,1.500000,0.001681
1779543004.484360,0,1,9.138860,-0.167102,6.251253,1.500000,0.001681
1779543004.494606,0,1,9.153854,-0.167522,6.251640,1.500000,0.002247
1779543004.504382,0,1,9.168849,-0.167922,6.252204,1.500000,0.002247
1779543004.514895,0,1,9.183843,-0.168328,6.252592,1.500000,0.001459
1779543004.524625,0,1,9.198838,-0.168714,6.253155,1.500000,0.001459
1779543004.534228,0,1,9.213833,-0.169105,6.253543,1.500000,0.000781
1779543004.544461,0,1,9.228828,-0.169477,6.254106,1.500000,0.000781
1779543004.554272,0,1,9.243824,-0.169854,6.254494,1.500000,0.001271
1779543004.564662,0,1,9.258819,-0.170211,6.255057,1.500000,0.001271
1779543004.574356,0,1,9.273815,-0.170574,6.255445,1.500000,0.000583
1779543004.584609,0,1,9.288811,-0.170917,6.256008,1.500000,0.000583
1779543004.594752,0,1,9.303807,-0.171266,6.256396,1.500000,0.000583
1779543004.604359,0,1,9.318803,-0.171594,6.256959,1.500000,0.000850
1779543004.614326,0,1,9.333800,-0.171929,6.257347,1.500000,0.000850
1779543004.624398,0,1,9.348796,-0.172243,6.257910,1.500000,0.000104
1779543004.634255,0,1,9.363793,-0.172564,6.258298,1.500000,0.000104
1779543004.644641,0,1,9.378790,-0.172863,6.258861,1.500000,0.000801
1779543004.654760,0,1,9.393787,-0.173170,6.259249,1.500000,0.000801
1779543004.664350,0,1,9.408784,-0.173455,6.259812,1.500000,-0.000040
1779543004.674259,0,1,9.423781,-0.173747,6.260200,1.500000,-0.000040
1779543004.684551,0,1,9.438779,-0.174018,6.260763,1.500000,-0.000040
1779543004.694551,0,1,9.453776,-0.174296,6.261151,1.500000,-0.001139
1779543004.704190,0,1,9.468774,-0.174553,6.261714,1.500000,-0.001139
1779543004.714271,0,1,9.483772,-0.174817,6.262102,1.500000,-0.001139
1779543004.724438,0,1,9.498770,-0.175059,6.262665,1.500000,-0.002171
1779543004.734231,0,1,9.513768,-0.175309,6.263053,1.500000,-0.002171
1779543004.744221,0,1,9.528766,-0.175537,6.263616,1.500000,-0.002171
1779543004.755465,0,1,9.543764,-0.175772,6.264004,1.500000,-0.002953
1779543004.764396,0,1,9.558762,-0.175986,6.264567,1.500000,-0.002953
1779543004.774581,0,1,9.573761,-0.176207,6.264955,1.500000,-0.002953
1779543004.784741,0,1,9.588760,-0.176407,6.265518,1.500000,-0.003612
1779543004.794721,0,1,9.603758,-0.176613,6.265906,1.500000,-0.003612
1779543004.804366,0,1,9.618757,-0.176799,6.266470,1.500000,-0.003612
1779543004.814502,0,1,9.633756,-0.176991,6.266857,1.500000,-0.001102
1779543004.824466,0,1,9.648755,-0.177163,6.267421,1.500000,-0.001102
1779543004.834352,0,1,9.663754,-0.177340,6.267808,1.500000,-0.002262
1779543004.844549,0,1,9.678753,-0.177498,6.268372,1.500000,-0.002262
1779543004.854623,0,1,9.693752,-0.177661,6.268759,1.500000,-0.001617
1779543004.864446,0,1,9.708751,-0.177804,6.269323,1.500000,-0.002357
1779543004.874403,0,1,9.723751,-0.177953,6.269710,1.500000,-0.002357
1779543004.884760,0,1,9.738750,-0.178082,6.270274,1.500000,-0.002357
1779543004.894710,0,1,9.753749,-0.178217,6.270661,1.500000,-0.003111
1779543004.904755,0,1,9.768749,-0.178332,6.271225,1.500000,-0.003111
1779543004.915115,0,1,9.783748,-0.178452,6.271613,1.500000,-0.002378
1779543004.924468,0,1,9.798748,-0.178552,6.272176,1.500000,-0.002378
1779543004.934710,0,1,9.813748,-0.178659,6.272564,1.500000,-0.002378
1779543004.944612,0,1,9.828747,-0.178745,6.273127,1.500000,-0.001905
1779543004.954905,0,1,9.843747,-0.178837,6.273515,1.500000,-0.001905
1779543004.964843,0,1,9.858747,-0.178909,6.274078,1.500000,-0.002825
1779543004.974304,0,1,9.873747,-0.178987,6.274466,1.500000,-0.002825
1779543004.984609,0,1,9.888747,-0.179044,6.275029,1.500000,-0.003593
1779543004.994855,0,1,9.903747,-0.179108,6.275417,1.500000,-0.003593
1779543005.004655,0,1,9.918746,-0.179151,6.275980,1.500000,-0.002821
1779543005.014617,0,1,9.933746,-0.179200,6.276368,1.500000,-0.002821
1779543005.024460,0,1,9.948746,-0.179229,6.276931,1.500000,-0.003610
1779543005.034640,0,1,9.963746,-0.179264,6.277319,1.500000,-0.003610
1779543005.044628,0,1,9.978746,-0.179279,6.277882,1.500000,-0.004393
1779543005.054660,0,1,9.993746,-0.179300,6.278270,1.500000,-0.004393
1779543005.064350,0,1,10.008746,-0.179300,6.278833,1.500000,-0.003600
1779543005.074449,0,1,10.023746,-0.179307,6.279221,1.500000,-0.003600
1779543005.084563,0,1,10.038746,-0.179293,6.279784,1.500000,-0.003600
1779543005.094639,0,1,10.053746,-0.179285,6.280172,1.500000,-0.003069
1779543005.104193,0,1,10.068746,-0.179257,6.280735,1.500000,-0.003069
1779543005.114774,0,1,10.083746,-0.179235,6.281123,1.500000,-0.004033
1779543005.124337,0,1,10.098746,-0.179192,6.281686,1.500000,-0.004033
1779543005.134222,0,1,10.113746,-0.179156,6.282074,1.500000,-0.004389
1779543005.144650,0,1,10.128746,-0.179100,6.282637,1.500000,-0.004389
1779543005.154399,0,1,10.143746,-0.179049,6.283025,1.500000,-0.003927
1779543005.164844,0,1,10.158746,-0.178978,0.000403,1.500000,-0.003927
1779543005.174446,0,1,10.173746,-0.178913,0.000791,1.500000,-0.004736
1779543005.184572,0,1,10.188745,-0.178828,0.001354,1.500000,-0.004736
1779543005.194701,0,1,10.203745,-0.178749,0.001742,1.500000,-0.005602
1779543005.204737,0,1,10.218745,-0.178650,0.002305,1.500000,-0.005602
1779543005.214296,0,1,10.233745,-0.178581,0.002416,1.500000,-0.006414
1779543005.224600,0,1,10.248745,-0.178581,0.001864,1.500000,-0.006414
1779543005.234663,0,1,10.263745,-0.178608,0.001248,1.500000,-0.007204
1779543005.244402,0,1,10.278744,-0.178682,0.000339,1.500000,-0.007204
1779543005.254527,0,1,10.293744,-0.178769,6.282731,1.500000,-0.008085
1779543005.264580,0,1,10.308744,-0.178893,6.281731,1.500000,-0.008085
1779543005.274472,0,1,10.323743,-0.179025,6.280890,1.500000,-0.006737
1779543005.284708,0,1,10.338742,-0.179188,6.279864,1.500000,-0.006737
1779543005.294302,0,1,10.353741,-0.179355,6.279009,1.500000,-0.006737
1779543005.304612,0,1,10.368740,-0.179552,6.277976,1.500000,-0.001431
1779543005.314678,0,1,10.383739,-0.179751,6.277116,1.500000,-0.001431
1779543005.324751,0,1,10.398737,-0.179979,6.276080,1.500000,-0.000109
1779543005.334717,0,1,10.413735,-0.180184,6.275495,1.500000,-0.000109
1779543005.344508,0,1,10.428735,-0.180328,6.275573,1.500000,0.003610
1779543005.354796,0,1,10.443734,-0.180452,6.275713,1.500000,0.003610
1779543005.364763,0,1,10.458734,-0.180537,6.276148,1.500000,0.005143
1779543005.374618,0,1,10.473734,-0.180616,6.276466,1.500000,0.005143
1779543005.384525,0,1,10.488734,-0.180665,6.276991,1.500000,0.006715
1779543005.394799,0,1,10.503734,-0.180714,6.277356,1.500000,0.006715
1779543005.404745,0,1,10.518734,-0.180739,6.277906,1.500000,0.007888
1779543005.414491,0,1,10.533734,-0.180767,6.278286,1.500000,0.007888
1779543005.424531,0,1,10.548734,-0.180772,6.278844,1.500000,0.007575
1779543005.434672,0,1,10.563734,-0.180782,6.279228,1.500000,0.007575
1779543005.444741,0,1,10.578734,-0.180770,6.279789,1.500000,0.007140
1779543005.454541,0,1,10.593734,-0.180764,6.280175,1.500000,0.007140
1779543005.464550,0,1,10.608733,-0.180737,6.280738,1.500000,0.007908
1779543005.474622,0,1,10.623733,-0.180716,6.281125,1.500000,0.007908
1779543005.484630,0,1,10.638733,-0.180674,6.281687,1.500000,0.007423
1779543005.494351,0,1,10.653733,-0.180639,6.282075,1.500000,0.007423
1779543005.504650,0,1,10.668733,-0.180582,6.282638,1.500000,0.008208
1779543005.514857,0,1,10.683733,-0.180532,6.283025,1.500000,0.008208
1779543005.524680,0,1,10.698733,-0.180461,0.000403,1.500000,0.007725
1779543005.534231,0,1,10.713733,-0.180396,0.000791,1.500000,0.007725
1779543005.544436,0,1,10.728733,-0.180311,0.001354,1.500000,0.007224
1779543005.554618,0,1,10.743732,-0.180232,0.001742,1.500000,0.007224
1779543005.564684,0,1,10.758732,-0.180133,0.002305,1.500000,0.008070
1779543005.574636,0,1,10.773732,-0.180040,0.002693,1.500000,0.008070
1779543005.584691,0,1,10.788731,-0.179926,0.003256,1.500000,0.007589
1779543005.594663,0,1,10.803731,-0.179818,0.003644,1.500000,0.007589
1779543005.604375,0,1,10.818730,-0.179690,0.004207,1.500000,0.008403
1779543005.614412,0,1,10.833730,-0.179568,0.004595,1.500000,0.008403
1779543005.624545,0,1,10.848729,-0.179426,0.005158,1.500000,0.007925
1779543005.635490,0,1,10.863729,-0.179290,0.005546,1.500000,0.007925
1779543005.644717,0,1,10.878728,-0.179133,0.006109,1.500000,0.007925
1779543005.654667,0,1,10.893727,-0.178983,0.006497,1.500000,0.008397
1779543005.664333,0,1,10.908726,-0.178812,0.007060,1.500000,0.008397
1779543005.674848,0,1,10.923725,-0.178648,0.007448,1.500000,0.007911
1779543005.684697,0,1,10.938724,-0.178463,0.008012,1.500000,0.007911
1779543005.694609,0,1,10.953723,-0.178284,0.008399,1.500000,0.007412
1779543005.704505,0,1,10.968722,-0.178084,0.008963,1.500000,0.007412
1779543005.714802,0,1,10.983720,-0.177891,0.009350,1.500000,0.006908
1779543005.724664,0,1,10.998719,-0.177678,0.009914,1.500000,0.006908
1779543005.734500,0,1,11.013717,-0.177470,0.010301,1.500000,0.006384
1779543005.744528,0,1,11.028716,-0.177242,0.010865,1.500000,0.006384
1779543005.754264,0,1,11.043714,-0.177021,0.011252,1.500000,0.006782
1779543005.764433,0,1,11.058712,-0.176779,0.011816,1.500000,0.006782
1779543005.774424,0,1,11.073710,-0.176543,0.012203,1.500000,0.006253
1779543005.784576,0,1,11.088708,-0.176286,0.012767,1.500000,0.006253
1779543005.794669,0,1,11.103706,-0.176036,0.013154,1.500000,0.009335
1779543005.804673,0,1,11.118703,-0.175765,0.013718,1.500000,0.009335
1779543005.814577,0,1,11.133701,-0.175501,0.014106,1.500000,0.008693
1779543005.824763,0,1,11.148698,-0.175216,0.014669,1.500000,0.008693
1779543005.834449,0,1,11.163696,-0.174937,0.015057,1.500000,0.009963
1779543005.844647,0,1,11.178693,-0.174638,0.015620,1.500000,0.009963
1779543005.854550,0,1,11.193690,-0.174345,0.016008,1.500000,0.009132
1779543005.864663,0,1,11.208687,-0.174032,0.016571,1.500000,0.009132
1779543005.874406,0,1,11.223684,-0.173724,0.016959,1.500000,0.008680
1779543005.884466,0,1,11.238680,-0.173397,0.017522,1.500000,0.008680
1779543005.894309,0,1,11.253677,-0.173075,0.017910,1.500000,0.008680
1779543005.904680,0,1,11.268673,-0.172733,0.018473,1.500000,0.009442
1779543005.914782,0,1,11.283669,-0.172397,0.018861,1.500000,0.009442
1779543005.924473,0,1,11.298665,-0.172041,0.019424,1.500000,0.009442
1779543005.934473,0,1,11.313661,-0.171691,0.019812,1.500000,0.008711
1779543005.944555,0,1,11.328656,-0.171321,0.020375,1.500000,0.008711
1779543005.954632,0,1,11.343652,-0.170956,0.020763,1.500000,0.009641
1779543005.964723,0,1,11.358647,-0.170571,0.021326,1.500000,0.009641
1779543005.974715,0,1,11.373642,-0.170193,0.021714,1.500000,0.009207
1779543005.984529,0,1,11.388636,-0.169794,0.022277,1.500000,0.009207
1779543005.994253,0,1,11.403631,-0.169401,0.022665,1.500000,0.009207
1779543006.004467,0,1,11.418626,-0.168988,0.023228,1.500000,0.010002
1779543006.014407,0,1,11.433620,-0.168581,0.023616,1.500000,0.010002
1779543006.024403,0,1,11.448614,-0.168153,0.024179,1.500000,0.009575
1779543006.034460,0,1,11.463608,-0.167732,0.024567,1.500000,0.009575
1779543006.044604,0,1,11.478602,-0.167290,0.025130,1.500000,0.009124
1779543006.054599,0,1,11.493595,-0.166854,0.025518,1.500000,0.009124
1779543006.064545,0,1,11.508588,-0.166398,0.026081,1.500000,0.009124
1779543006.074594,0,1,11.523582,-0.165949,0.026469,1.500000,0.009839
1779543006.084718,0,1,11.538574,-0.165478,0.027032,1.500000,0.009839
1779543006.094689,0,1,11.553567,-0.165014,0.027420,1.500000,0.009396
1779543006.104605,0,1,11.568559,-0.164529,0.027984,1.500000,0.009396
1779543006.114549,0,1,11.583552,-0.164051,0.028371,1.500000,0.010400
1779543006.124645,0,1,11.598543,-0.163552,0.028935,1.500000,0.010400
1779543006.134519,0,1,11.613535,-0.163060,0.029322,1.500000,0.009974
1779543006.144714,0,1,11.628526,-0.162546,0.029886,1.500000,0.009974
1779543006.154808,0,1,11.643518,-0.162040,0.030273,1.500000,0.009974
1779543006.164546,0,1,11.658508,-0.161512,0.030837,1.500000,0.010849
1779543006.174823,0,1,11.673499,-0.160991,0.031224,1.500000,0.010849
1779543006.184670,0,1,11.688490,-0.160449,0.031788,1.500000,0.010849
1779543006.194571,0,1,11.703480,-0.159914,0.032175,1.500000,0.010163
1779543006.205105,0,1,11.718470,-0.159358,0.032739,1.500000,0.010163
1779543006.214898,0,1,11.733460,-0.158809,0.033127,1.500000,0.009726
1779543006.224355,0,1,11.748449,-0.158238,0.033690,1.500000,0.009726
1779543006.234739,0,1,11.763438,-0.157675,0.034078,1.500000,0.009271
1779543006.244630,0,1,11.778427,-0.157090,0.034641,1.500000,0.009271
1779543006.254349,0,1,11.793416,-0.156512,0.035029,1.500000,0.009271
1779543006.264359,0,1,11.808404,-0.155913,0.035592,1.500000,0.008815
1779543006.274670,0,1,11.823392,-0.155321,0.035980,1.500000,0.008320
1779543006.284885,0,1,11.838380,-0.154708,0.036543,1.500000,0.008320
1779543006.294610,0,1,11.853367,-0.154101,0.036931,1.500000,0.008320
1779543006.304615,0,1,11.868354,-0.153474,0.037494,1.500000,0.011187
1779543006.315665,0,1,11.883341,-0.152853,0.037882,1.500000,0.011187
1779543006.324654,0,1,11.898328,-0.152212,0.038445,1.500000,0.011187
1779543006.334624,0,1,11.913314,-0.151577,0.038833,1.500000,0.011080
1779543006.344274,0,1,11.928300,-0.150921,0.039396,1.500000,0.011080
1779543006.354736,0,1,11.943286,-0.150272,0.039784,1.500000,0.012670
1779543006.364568,0,1,11.958271,-0.149602,0.040347,1.500000,0.012670
1779543006.374360,0,1,11.973256,-0.148938,0.040735,1.500000,0.012316
1779543006.384438,0,1,11.988240,-0.148254,0.041298,1.500000,0.012316
1779543006.394827,0,1,12.003225,-0.147576,0.041686,1.500000,0.013571
1779543006.404936,0,1,12.018209,-0.146877,0.042249,1.500000,0.013571
1779543006.414484,0,1,12.033193,-0.146185,0.042637,1.500000,0.013017
1779543006.424213,0,1,12.048176,-0.145472,0.043200,1.500000,0.013017
1779543006.434375,0,1,12.063159,-0.144766,0.043588,1.500000,0.013017
1779543006.444519,0,1,12.078142,-0.144039,0.044151,1.500000,0.014182
1779543006.454563,0,1,12.093124,-0.143319,0.044539,1.500000,0.014182
1779543006.464783,0,1,12.108106,-0.142577,0.045102,1.500000,0.013732
1779543006.474416,0,1,12.123088,-0.141842,0.045490,1.500000,0.013732
1779543006.484335,0,1,12.138069,-0.141087,0.046053,1.500000,0.013407
1779543006.494434,0,1,12.153050,-0.140338,0.046441,1.500000,0.013407
1779543006.504413,0,1,12.168030,-0.139568,0.047005,1.500000,0.014370
1779543006.514711,0,1,12.183011,-0.138805,0.047392,1.500000,0.014370
1779543006.524467,0,1,12.197990,-0.138021,0.047956,1.500000,0.014061
1779543006.534241,0,1,12.212970,-0.137243,0.048343,1.500000,0.014061
1779543006.544579,0,1,12.227949,-0.136445,0.048907,1.500000,0.014061
1779543006.555231,0,1,12.242928,-0.135653,0.049294,1.500000,0.014904
1779543006.564955,0,1,12.257906,-0.134841,0.049858,1.500000,0.014904
1779543006.574647,0,1,12.272884,-0.134034,0.050245,1.500000,0.014904
1779543006.584670,0,1,12.287862,-0.133208,0.050809,1.500000,0.014613
1779543006.594690,0,1,12.302839,-0.132387,0.051196,1.500000,0.014613
1779543006.604554,0,1,12.317816,-0.131546,0.051760,1.500000,0.015604
1779543006.614134,0,1,12.332792,-0.130712,0.052147,1.500000,0.015604
1779543006.624334,0,1,12.347768,-0.129857,0.052711,1.500000,0.015329
1779543006.634573,0,1,12.362744,-0.129008,0.053099,1.500000,0.015329
1779543006.644770,0,1,12.377719,-0.128138,0.053662,1.500000,0.016626
1779543006.654688,0,1,12.392694,-0.127275,0.054050,1.500000,0.016626
1779543006.664630,0,1,12.407668,-0.126392,0.054613,1.500000,0.016144
1779543006.674479,0,1,12.422642,-0.125514,0.055001,1.500000,0.016144
1779543006.684322,0,1,12.437615,-0.124616,0.055564,1.500000,0.016144
1779543006.694500,0,1,12.452589,-0.123725,0.055952,1.500000,0.015662
1779543006.704280,0,1,12.467561,-0.122813,0.056515,1.500000,0.015662
1779543006.714287,0,1,12.482533,-0.121907,0.056903,1.500000,0.015371
1779543006.724603,0,1,12.497505,-0.120980,0.057466,1.500000,0.015371
1779543006.734417,0,1,12.512477,-0.120060,0.057854,1.500000,0.015059
1779543006.744514,0,1,12.527447,-0.119120,0.058417,1.500000,0.015059
1779543006.754270,0,1,12.542418,-0.118186,0.058805,1.500000,0.014731
1779543006.764394,0,1,12.557388,-0.117231,0.059368,1.500000,0.014731
1779543006.774326,0,1,12.572357,-0.116282,0.059756,1.500000,0.014731
1779543006.784515,0,1,12.587326,-0.115313,0.060319,1.500000,0.014387
1779543006.794906,0,1,12.602295,-0.114350,0.060707,1.500000,0.014387
1779543006.804535,0,1,12.617263,-0.113367,0.061270,1.500000,0.014387
1779543006.814658,0,1,12.632231,-0.112390,0.061658,1.500000,0.014761
1779543006.824555,0,1,12.647198,-0.111392,0.062221,1.500000,0.014761
1779543006.834546,0,1,12.662165,-0.110401,0.062609,1.500000,0.017445
1779543006.844308,0,1,12.677131,-0.109389,0.063172,1.500000,0.017445
1779543006.854612,0,1,12.692097,-0.108384,0.063560,1.500000,0.017445
1779543006.864728,0,1,12.707062,-0.107358,0.064123,1.500000,0.019120
1779543006.874475,0,1,12.722027,-0.106338,0.064511,1.500000,0.019120
1779543006.884513,0,1,12.736991,-0.105298,0.065074,1.500000,0.018944
1779543006.894232,0,1,12.751956,-0.104264,0.065462,1.500000,0.018944
1779543006.904707,0,1,12.766918,-0.103209,0.066026,1.500000,0.018944
1779543006.914425,0,1,12.781882,-0.102161,0.066413,1.500000,0.019870
1779543006.924623,0,1,12.796844,-0.101093,0.066977,1.500000,0.019870
1779543006.934664,0,1,12.811806,-0.100030,0.067364,1.500000,0.019714
1779543006.944712,0,1,12.826767,-0.098947,0.067928,1.500000,0.019714
1779543006.954891,0,1,12.841728,-0.097871,0.068315,1.500000,0.020837
1779543006.964307,0,1,12.856688,-0.096773,0.068879,1.500000,0.020837
1779543006.974240,0,1,12.871648,-0.095683,0.069266,1.500000,0.020837
1779543006.984434,0,1,12.886607,-0.094571,0.069830,1.500000,0.020707
1779543006.994450,0,1,12.901566,-0.093466,0.070217,1.500000,0.020707
1779543007.004692,0,1,12.916524,-0.092340,0.070781,1.500000,0.021796
1779543007.014638,0,1,12.931482,-0.091221,0.071168,1.500000,0.021796
1779543007.024780,0,1,12.946439,-0.090081,0.071732,1.500000,0.021691
1779543007.034698,0,1,12.961396,-0.088948,0.072120,1.500000,0.021691
1779543007.044521,0,1,12.976351,-0.087794,0.072683,1.500000,0.022898
1779543007.054541,0,1,12.991307,-0.086646,0.073071,1.500000,0.022898
1779543007.064529,0,1,13.006262,-0.085478,0.073634,1.500000,0.022570
1779543007.074936,0,1,13.021217,-0.084316,0.074022,1.500000,0.022570
1779543007.084833,0,1,13.036170,-0.083133,0.074585,1.500000,0.022462
1779543007.094603,0,1,13.051124,-0.081957,0.074973,1.500000,0.022462
1779543007.104369,0,1,13.066076,-0.080760,0.075536,1.500000,0.023433
1779543007.114478,0,1,13.081029,-0.079570,0.075924,1.500000,0.023433
1779543007.124640,0,1,13.095980,-0.078359,0.076487,1.500000,0.023433
1779543007.134653,0,1,13.110931,-0.077154,0.076875,1.500000,0.023369
1779543007.144637,0,1,13.125881,-0.075929,0.077438,1.500000,0.023369
1779543007.154314,0,1,13.140832,-0.074710,0.077826,1.500000,0.024463
1779543007.164610,0,1,13.155780,-0.073471,0.078389,1.500000,0.024463
1779543007.174237,0,1,13.170729,-0.072237,0.078777,1.500000,0.024423
1779543007.184603,0,1,13.185677,-0.070984,0.079340,1.500000,0.024423
1779543007.194194,0,1,13.200625,-0.069737,0.079728,1.500000,0.024368
1779543007.204750,0,1,13.215571,-0.068469,0.080291,1.500000,0.024368
1779543007.214401,0,1,13.230518,-0.067207,0.080679,1.500000,0.024240
1779543007.224599,0,1,13.245463,-0.065925,0.081242,1.500000,0.024240
1779543007.234537,0,1,13.260409,-0.064649,0.081630,1.500000,0.024170
1779543007.244731,0,1,13.275353,-0.063353,0.082193,1.500000,0.024170
1779543007.254181,0,1,13.290297,-0.062063,0.082581,1.500000,0.024073
1779543007.264410,0,1,13.305240,-0.060753,0.083144,1.500000,0.024073
1779543007.274250,0,1,13.320183,-0.059449,0.083532,1.500000,0.026513
1779543007.284624,0,1,13.335125,-0.058124,0.084095,1.500000,0.026513
1779543007.294606,0,1,13.350066,-0.056805,0.084483,1.500000,0.026513
1779543007.304602,0,1,13.365007,-0.055467,0.085046,1.500000,0.027269
1779543007.314817,0,1,13.379947,-0.054134,0.085434,1.500000,0.027269
1779543007.324695,0,1,13.394884,-0.052756,0.086275,1.500000,0.027293
1779543007.334419,0,1,13.409813,-0.051297,0.087778,1.500000,0.027293
1779543007.344686,0,1,13.424737,-0.049795,0.089344,1.500000,0.028674
1779543007.354450,0,1,13.439656,-0.048233,0.091205,1.500000,0.028674
1779543007.364551,0,1,13.454571,-0.046644,0.092949,1.500000,0.028861
1779543007.374634,0,1,13.469481,-0.045003,0.094900,1.500000,0.028861
1779543007.384637,0,1,13.484389,-0.043342,0.096692,1.500000,0.028861
1779543007.394732,0,1,13.499291,-0.041634,0.098669,1.500000,0.028343
1779543007.404332,0,1,13.514192,-0.039909,0.100475,1.500000,0.028343
1779543007.414600,0,1,13.529087,-0.038139,0.102459,1.500000,0.025986
1779543007.424575,0,1,13.543980,-0.036353,0.104270,1.500000,0.025986
1779543007.434578,0,1,13.558869,-0.034525,0.106258,1.500000,0.023708
1779543007.444709,0,1,13.573758,-0.032705,0.107793,1.500000,0.023708
1779543007.454222,0,1,13.588653,-0.030931,0.108667,1.500000,0.022882
1779543007.464264,0,1,13.603548,-0.029164,0.109477,1.500000,0.022882
1779543007.474222,0,1,13.618446,-0.027420,0.109994,1.500000,0.022882
1779543007.484503,0,1,13.633344,-0.025669,0.110627,1.500000,0.020481
1779543007.494401,0,1,13.648243,-0.023933,0.111053,1.500000,0.020481
1779543007.504438,0,1,13.663141,-0.022183,0.111638,1.500000,0.020481
1779543007.514781,0,1,13.678039,-0.020443,0.112039,1.500000,0.019198
1779543007.524528,0,1,13.692936,-0.018686,0.112611,1.500000,0.019198
1779543007.534160,0,1,13.707834,-0.016937,0.113004,1.500000,0.018849
1779543007.544204,0,1,13.722729,-0.015169,0.113571,1.500000,0.018849
1779543007.554330,0,1,13.737625,-0.013408,0.113961,1.500000,0.020299
1779543007.564437,0,1,13.752519,-0.011628,0.114526,1.500000,0.020299
1779543007.574328,0,1,13.767414,-0.009854,0.114914,1.500000,0.020140
1779543007.584673,0,1,13.782307,-0.008061,0.115478,1.500000,0.020140
1779543007.594235,0,1,13.797200,-0.006274,0.115867,1.500000,0.021893
1779543007.604484,0,1,13.812090,-0.004466,0.116430,1.500000,0.021893
1779543007.614173,0,1,13.826982,-0.002665,0.116818,1.500000,0.021893
1779543007.624642,0,1,13.841871,-0.000844,0.117382,1.500000,0.021519
1779543007.634967,0,1,13.856761,0.000971,0.117770,1.500000,0.021403
1779543007.644308,0,1,13.871648,0.002807,0.118333,1.500000,0.021403
1779543007.654576,0,1,13.886536,0.004636,0.118721,1.500000,0.021403
1779543007.664614,0,1,13.901422,0.006486,0.119284,1.500000,0.023019
1779543007.674622,0,1,13.916308,0.008329,0.119672,1.500000,0.023019
1779543007.684436,0,1,13.931192,0.010193,0.120235,1.500000,0.022955
1779543007.694262,0,1,13.946076,0.012050,0.120623,1.500000,0.022955
1779543007.704489,0,1,13.960958,0.013928,0.121186,1.500000,0.022853
1779543007.714689,0,1,13.975841,0.015799,0.121574,1.500000,0.022853
1779543007.724492,0,1,13.990721,0.017691,0.122137,1.500000,0.022756
1779543007.734573,0,1,14.005602,0.019577,0.122525,1.500000,0.022756
1779543007.744590,0,1,14.020480,0.021483,0.123088,1.500000,0.022756
1779543007.754201,0,1,14.035360,0.023383,0.123476,1.500000,0.023552
1779543007.764633,0,1,14.050236,0.025303,0.124039,1.500000,0.023552
1779543007.774764,0,1,14.065114,0.027217,0.124427,1.500000,0.023455
1779543007.784642,0,1,14.079988,0.029152,0.124991,1.500000,0.023455
1779543007.794668,0,1,14.094864,0.031080,0.125378,1.500000,0.023455
1779543007.804707,0,1,14.109737,0.033029,0.125942,1.500000,0.027653
1779543007.814567,0,1,14.124611,0.034971,0.126329,1.500000,0.027653
1779543007.824611,0,1,14.139478,0.036958,0.127170,1.500000,0.027725
1779543007.834691,0,1,14.154335,0.039027,0.128673,1.500000,0.027725
1779543007.844962,0,1,14.169186,0.041137,0.130239,1.500000,0.027725
1779543007.854406,0,1,14.184028,0.043308,0.132100,1.500000,0.029371
1779543007.865171,0,1,14.198866,0.045506,0.133844,1.500000,0.029371
1779543007.874423,0,1,14.213696,0.047755,0.135795,1.500000,0.029371
1779543007.884631,0,1,14.228524,0.050024,0.137587,1.500000,0.029247
1779543007.894446,0,1,14.243344,0.052340,0.139564,1.500000,0.029247
1779543007.904805,0,1,14.258161,0.054673,0.141370,1.500000,0.029247
1779543007.914692,0,1,14.272972,0.057050,0.143354,1.500000,0.027352
1779543007.924751,0,1,14.287780,0.059443,0.145165,1.500000,0.027352
1779543007.934428,0,1,14.302581,0.061879,0.147153,1.500000,0.025164
1779543007.944186,0,1,14.317379,0.064330,0.148966,1.500000,0.025164
1779543007.954448,0,1,14.332170,0.066823,0.150954,1.500000,0.025164
1779543007.964615,0,1,14.346963,0.069307,0.152491,1.500000,0.023764
1779543007.974244,0,1,14.361764,0.071745,0.153365,1.500000,0.023764
1779543007.984714,0,1,14.376565,0.074177,0.154176,1.500000,0.023764
1779543007.994437,0,1,14.391371,0.076585,0.154693,1.500000,0.023764
1779543008.004648,0,1,14.406175,0.079000,0.155325,1.500000,0.022964
1779543008.014402,0,1,14.420982,0.081400,0.155752,1.500000,0.022964
1779543008.024334,0,1,14.435786,0.083815,0.156337,1.500000,0.022964
1779543008.034780,0,1,14.450592,0.086218,0.156739,1.500000,0.019724
1779543008.044391,0,1,14.465396,0.088640,0.157310,1.500000,0.019724
1779543008.054345,0,1,14.480200,0.091053,0.157703,1.500000,0.021738
1779543008.064260,0,1,14.495002,0.093484,0.158270,1.500000,0.021738
1779543008.074226,0,1,14.509805,0.095909,0.158660,1.500000,0.021738
1779543008.084441,0,1,14.524604,0.098353,0.159225,1.500000,0.021622
1779543008.094391,0,1,14.539405,0.100790,0.159614,1.500000,0.021622
1779543008.104336,0,1,14.554202,0.103248,0.160178,1.500000,0.023730
1779543008.114309,0,1,14.569000,0.105699,0.160566,1.500000,0.023730
1779543008.124424,0,1,14.583796,0.108170,0.161130,1.500000,0.023713
1779543008.134495,0,1,14.598592,0.110634,0.161518,1.500000,0.023713
1779543008.144676,0,1,14.613384,0.113119,0.162081,1.500000,0.023713
1779543008.154327,0,1,14.628178,0.115598,0.162469,1.500000,0.025765
1779543008.164372,0,1,14.642969,0.118097,0.163032,1.500000,0.025765
1779543008.174575,0,1,14.657760,0.120589,0.163420,1.500000,0.025800
1779543008.184555,0,1,14.672548,0.123102,0.163983,1.500000,0.025800
1779543008.194592,0,1,14.687337,0.125609,0.164371,1.500000,0.025846
1779543008.204780,0,1,14.702123,0.128136,0.164935,1.500000,0.025846
1779543008.214583,0,1,14.716909,0.130656,0.165322,1.500000,0.025846
1779543008.224249,0,1,14.731693,0.133197,0.165886,1.500000,0.025846
1779543008.234817,0,1,14.746477,0.135732,0.166273,1.500000,0.025827
1779543008.244604,0,1,14.761258,0.138287,0.166837,1.500000,0.025827
1779543008.254642,0,1,14.776040,0.140836,0.167224,1.500000,0.025827
1779543008.264498,0,1,14.790818,0.143405,0.167788,1.500000,0.025851
1779543008.274591,0,1,14.805597,0.145968,0.168175,1.500000,0.025851
1779543008.284519,0,1,14.820373,0.148551,0.168739,1.500000,0.025851
1779543008.294802,0,1,14.835150,0.151128,0.169127,1.500000,0.033037
1779543008.304828,0,1,14.849924,0.153725,0.169690,1.500000,0.033037
1779543008.314687,0,1,14.864698,0.156316,0.170078,1.500000,0.032927
1779543008.325118,0,1,14.879465,0.158951,0.170918,1.500000,0.032927
1779543008.334654,0,1,14.894217,0.161668,0.172421,1.500000,0.033142
1779543008.344667,0,1,14.908961,0.164426,0.173987,1.500000,0.033142
1779543008.354873,0,1,14.923694,0.167243,0.175848,1.500000,0.033142
1779543008.364859,0,1,14.938422,0.170088,0.177593,1.500000,0.035396
1779543008.374895,0,1,14.953140,0.172983,0.179544,1.500000,0.035396
1779543008.384687,0,1,14.967854,0.175899,0.181336,1.500000,0.035396
1779543008.394587,0,1,14.982558,0.178861,0.183312,1.500000,0.036578
1779543008.404885,0,1,14.997260,0.181840,0.185118,1.500000,0.036578
1779543008.414782,0,1,15.011952,0.184862,0.187103,1.500000,0.036578
1779543008.424213,0,1,15.026641,0.187900,0.188913,1.500000,0.033343
1779543008.434291,0,1,15.041321,0.190981,0.190901,1.500000,0.033343
1779543008.444650,0,1,15.055998,0.194077,0.192714,1.500000,0.033343
1779543008.454284,0,1,15.070666,0.197215,0.194703,1.500000,0.032574
1779543008.464183,0,1,15.085331,0.200368,0.196516,1.500000,0.032574
1779543008.474221,0,1,15.099987,0.203562,0.198506,1.500000,0.030538
1779543008.484303,0,1,15.114640,0.206771,0.200320,1.500000,0.030538
1779543008.494378,0,1,15.129284,0.210021,0.202309,1.500000,0.031433
1779543008.504419,0,1,15.143924,0.213285,0.204123,1.500000,0.031433
1779543008.514193,0,1,15.158555,0.216591,0.206113,1.500000,0.028882
1779543008.524224,0,1,15.173183,0.219912,0.207927,1.500000,0.028882
1779543008.534475,0,1,15.187802,0.223274,0.209917,1.500000,0.026672
1779543008.544512,0,1,15.202417,0.226650,0.211731,1.500000,0.026672
1779543008.554718,0,1,15.217022,0.230067,0.213721,1.500000,0.027337
1779543008.564546,0,1,15.231627,0.233487,0.215397,1.500000,0.027337
1779543008.574538,0,1,15.246230,0.236917,0.216968,1.500000,0.025099
1779543008.584327,0,1,15.260821,0.240394,0.218838,1.500000,0.025099
1779543008.594636,0,1,15.275414,0.243865,0.220316,1.500000,0.026314
1779543008.604345,0,1,15.290017,0.247294,0.221161,1.500000,0.026314
1779543008.614289,0,1,15.304621,0.250719,0.221957,1.500000,0.023725
1779543008.624435,0,1,15.319230,0.254121,0.222466,1.500000,0.023725
1779543008.634426,0,1,15.333837,0.257531,0.223094,1.500000,0.021698
1779543008.644663,0,1,15.348447,0.260927,0.223518,1.500000,0.021698
1779543008.654706,0,1,15.363055,0.264337,0.224102,1.500000,0.021698
1779543008.664580,0,1,15.377664,0.267737,0.224502,1.500000,0.023723
1779543008.674480,0,1,15.392270,0.271155,0.225073,1.500000,0.023429
1779543008.684627,0,1,15.406877,0.274564,0.225466,1.500000,0.023429
1779543008.694434,0,1,15.421480,0.277992,0.226033,1.500000,0.023339
1779543008.704317,0,1,15.436085,0.281413,0.226423,1.500000,0.023339
1779543008.714664,0,1,15.450685,0.284854,0.226987,1.500000,0.023297
1779543008.724622,0,1,15.465286,0.288288,0.227376,1.500000,0.023297
1779543008.734301,0,1,15.479883,0.291741,0.227940,1.500000,0.023260
1779543008.744168,0,1,15.494482,0.295189,0.228328,1.500000,0.023260
1779543008.754548,0,1,15.509076,0.298656,0.228892,1.500000,0.025331
1779543008.764357,0,1,15.523671,0.302117,0.229280,1.500000,0.025331
1779543008.774381,0,1,15.538262,0.305597,0.229843,1.500000,0.025346
1779543008.784776,0,1,15.552854,0.309072,0.230231,1.500000,0.025346
1779543008.794742,0,1,15.567441,0.312567,0.230795,1.500000,0.025346
1779543008.804426,0,1,15.582030,0.316055,0.231182,1.500000,0.032733
1779543008.814659,0,1,15.596614,0.319563,0.231746,1.500000,0.032733
1779543008.824685,0,1,15.611199,0.323066,0.232133,1.500000,0.033211
1779543008.834530,0,1,15.625774,0.326612,0.232974,1.500000,0.033211
1779543008.844694,0,1,15.640329,0.330238,0.234477,1.500000,0.033211
1779543008.854255,0,1,15.654874,0.333905,0.236043,1.500000,0.036289
1779543008.864544,0,1,15.669404,0.337631,0.237904,1.500000,0.036289
1779543008.874740,0,1,15.683926,0.341384,0.239649,1.500000,0.036672
1779543008.884590,0,1,15.698437,0.345186,0.241600,1.500000,0.036672
1779543008.894122,0,1,15.712941,0.349009,0.243392,1.500000,0.039199
1779543008.904359,0,1,15.727434,0.352876,0.245368,1.500000,0.039199
1779543008.914824,0,1,15.741922,0.356761,0.247174,1.500000,0.037161
1779543008.924634,0,1,15.756399,0.360689,0.249159,1.500000,0.037161
1779543008.934186,0,1,15.770871,0.364633,0.250969,1.500000,0.035293
1779543008.944466,0,1,15.785332,0.368618,0.252957,1.500000,0.035293
1779543008.954594,0,1,15.799789,0.372618,0.254770,1.500000,0.036497
1779543008.964287,0,1,15.814234,0.376659,0.256759,1.500000,0.036497
1779543008.974594,0,1,15.828675,0.380716,0.258572,1.500000,0.034546
1779543008.984702,0,1,15.843105,0.384812,0.260562,1.500000,0.034546
1779543008.994404,0,1,15.857531,0.388924,0.262375,1.500000,0.034546
1779543009.004397,0,1,15.871944,0.393076,0.264365,1.500000,0.034932
1779543009.014326,0,1,15.886354,0.397242,0.266179,1.500000,0.034932
1779543009.024555,0,1,15.900752,0.401449,0.268169,1.500000,0.032947
1779543009.034427,0,1,15.915146,0.405671,0.269983,1.500000,0.032947
1779543009.044234,0,1,15.929528,0.409932,0.271973,1.500000,0.034925
1779543009.054111,0,1,15.943905,0.414208,0.273787,1.500000,0.034925
1779543009.064107,0,1,15.958271,0.418525,0.275777,1.500000,0.032395
1779543009.074719,0,1,15.972632,0.422856,0.277592,1.500000,0.032395
1779543009.084656,0,1,15.986981,0.427227,0.279581,1.500000,0.030330
1779543009.094388,0,1,16.001326,0.431612,0.281396,1.500000,0.030330
1779543009.104218,0,1,16.015658,0.436038,0.283386,1.500000,0.030330
1779543009.114599,0,1,16.029986,0.440478,0.285200,1.500000,0.030930
1779543009.124650,0,1,16.044301,0.444958,0.287190,1.500000,0.030930
1779543009.134576,0,1,16.058612,0.449452,0.289004,1.500000,0.028832
1779543009.144535,0,1,16.072910,0.453987,0.290994,1.500000,0.028832
1779543009.154411,0,1,16.087204,0.458536,0.292808,1.500000,0.028832
1779543009.164530,0,1,16.101484,0.463125,0.294798,1.500000,0.030319
1779543009.174540,0,1,16.115761,0.467728,0.296612,1.500000,0.030319
1779543009.184553,0,1,16.130024,0.472371,0.298602,1.500000,0.027244
1779543009.194659,0,1,16.144283,0.477029,0.300417,1.500000,0.027244
1779543009.204617,0,1,16.158528,0.481726,0.302407,1.500000,0.025021
1779543009.214694,0,1,16.172769,0.486438,0.304221,1.500000,0.025021
1779543009.224499,0,1,16.186996,0.491189,0.306211,1.500000,0.022760
1779543009.234174,0,1,16.201227,0.495932,0.307748,1.500000,0.022760
1779543009.244261,0,1,16.215472,0.500630,0.308622,1.500000,0.020426
1779543009.254379,0,1,16.229719,0.505322,0.309434,1.500000,0.020426
1779543009.264193,0,1,16.243975,0.509990,0.309951,1.500000,0.018028
1779543009.274448,0,1,16.258227,0.514666,0.310584,1.500000,0.018028
1779543009.284673,0,1,16.272485,0.519327,0.311010,1.500000,0.015731
1779543009.294597,0,1,16.286738,0.524002,0.311596,1.500000,0.015731
1779543009.304539,0,1,16.300994,0.528666,0.311997,1.500000,0.015731
1779543009.314785,0,1,16.315245,0.533347,0.312569,1.500000,0.026175
1779543009.324621,0,1,16.329498,0.538021,0.312962,1.500000,0.026175
1779543009.334615,0,1,16.343746,0.542712,0.313529,1.500000,0.026175
1779543009.344601,0,1,16.357995,0.547396,0.313919,1.500000,0.026150
1779543009.354221,0,1,16.372239,0.552100,0.314484,1.500000,0.026150
1779543009.364584,0,1,16.386485,0.556797,0.314872,1.500000,0.026150
1779543009.374400,0,1,16.400724,0.561513,0.315436,1.500000,0.033124
1779543009.384120,0,1,16.414965,0.566222,0.315825,1.500000,0.033124
1779543009.394363,0,1,16.429193,0.570975,0.316665,1.500000,0.033124
1779543009.404333,0,1,16.443393,0.575805,0.318169,1.500000,0.037395
1779543009.414155,0,1,16.457581,0.580676,0.319735,1.500000,0.037395
1779543009.424326,0,1,16.471748,0.585603,0.321596,1.500000,0.037858
1779543009.434777,0,1,16.485907,0.590557,0.323341,1.500000,0.037858
1779543009.444298,0,1,16.500048,0.595559,0.325292,1.500000,0.037858
1779543009.454176,0,1,16.514183,0.600581,0.327084,1.500000,0.037858
1779543009.464246,0,1,16.528301,0.605646,0.329060,1.500000,0.041297
1779543009.474720,0,1,16.542414,0.610729,0.330866,1.500000,0.041297
1779543009.484630,0,1,16.556512,0.615853,0.332851,1.500000,0.041297
1779543009.494579,0,1,16.570604,0.620993,0.334662,1.500000,0.042794
1779543009.504389,0,1,16.584681,0.626173,0.336649,1.500000,0.042794
1779543009.514593,0,1,16.598752,0.631368,0.338462,1.500000,0.040479
1779543009.524676,0,1,16.612809,0.636602,0.340451,1.500000,0.040479
1779543009.534430,0,1,16.626861,0.641852,0.342264,1.500000,0.038684
1779543009.544607,0,1,16.640898,0.647140,0.344254,1.500000,0.038684
1779543009.554508,0,1,16.654929,0.652443,0.346068,1.500000,0.041111
1779543009.564675,0,1,16.668945,0.657786,0.348057,1.500000,0.041111
1779543009.574266,0,1,16.682956,0.663142,0.349872,1.500000,0.039339
1779543009.584576,0,1,16.696952,0.668538,0.351861,1.500000,0.039339
1779543009.594607,0,1,16.710943,0.673948,0.353676,1.500000,0.037496
1779543009.604582,0,1,16.724918,0.679397,0.355665,1.500000,0.037496
1779543009.614491,0,1,16.738888,0.684860,0.357480,1.500000,0.040091
1779543009.624306,0,1,16.752842,0.690362,0.359470,1.500000,0.038286
1779543009.634634,0,1,16.766791,0.695878,0.361284,1.500000,0.038286
1779543009.644537,0,1,16.780725,0.701433,0.363274,1.500000,0.038286
1779543009.654521,0,1,16.794652,0.707003,0.365088,1.500000,0.040952
1779543009.664590,0,1,16.808564,0.712611,0.367078,1.500000,0.040952
1779543009.674554,0,1,16.822471,0.718233,0.368892,1.500000,0.039183
1779543009.684660,0,1,16.836362,0.723894,0.370882,1.500000,0.039183
1779543009.694614,0,1,16.850247,0.729569,0.372696,1.500000,0.037365
1779543009.704572,0,1,16.864116,0.735283,0.374686,1.500000,0.037365
1779543009.714688,0,1,16.877979,0.741011,0.376501,1.500000,0.035455
1779543009.724678,0,1,16.891826,0.746778,0.378490,1.500000,0.035455
1779543009.734571,0,1,16.905668,0.752558,0.380305,1.500000,0.033467
1779543009.744559,0,1,16.919493,0.758377,0.382295,1.500000,0.033467
1779543009.754767,0,1,16.933312,0.764210,0.384109,1.500000,0.034407
1779543009.764667,0,1,16.947115,0.770082,0.386099,1.500000,0.034407
1779543009.774628,0,1,16.960912,0.775968,0.387913,1.500000,0.032362
1779543009.784672,0,1,16.974693,0.781892,0.389903,1.500000,0.032362
1779543009.794491,0,1,16.988467,0.787830,0.391717,1.500000,0.032362
1779543009.804721,0,1,17.002225,0.793807,0.393707,1.500000,0.041843
1779543009.814659,0,1,17.015977,0.799798,0.395522,1.500000,0.041843
1779543009.824564,0,1,17.029712,0.805827,0.397511,1.500000,0.039180
1779543009.834388,0,1,17.043441,0.811869,0.399326,1.500000,0.039180
1779543009.844763,0,1,17.057153,0.817950,0.401316,1.500000,0.039180
1779543009.854403,0,1,17.070859,0.824045,0.403130,1.500000,0.042263
1779543009.864682,0,1,17.084548,0.830179,0.405120,1.500000,0.042263
1779543009.874326,0,1,17.098230,0.836326,0.406934,1.500000,0.040568
1779543009.884699,0,1,17.111896,0.842511,0.408924,1.500000,0.040568
1779543009.894511,0,1,17.125555,0.848710,0.410738,1.500000,0.040568
1779543009.904454,0,1,17.139197,0.854947,0.412728,1.500000,0.042695
1779543009.914569,0,1,17.152832,0.861198,0.414543,1.500000,0.042695
1779543009.924557,0,1,17.166450,0.867487,0.416532,1.500000,0.040999
1779543009.934238,0,1,17.180062,0.873790,0.418347,1.500000,0.040999
1779543009.944246,0,1,17.193655,0.880131,0.420337,1.500000,0.040999
1779543009.954906,0,1,17.207243,0.886485,0.422151,1.500000,0.043483
1779543009.964748,0,1,17.220813,0.892878,0.424141,1.500000,0.043483
1779543009.974324,0,1,17.234376,0.899284,0.425955,1.500000,0.043483
1779543009.984338,0,1,17.247921,0.905728,0.427945,1.500000,0.041823
1779543009.994740,0,1,17.261460,0.912186,0.429759,1.500000,0.041823
1779543010.004372,0,1,17.274980,0.918682,0.431749,1.500000,0.044531
1779543010.014608,0,1,17.288494,0.925191,0.433564,1.500000,0.044531
1779543010.024402,0,1,17.301990,0.931738,0.435553,1.500000,0.042899
1779543010.034385,0,1,17.315479,0.938298,0.437368,1.500000,0.042899
1779543010.044256,0,1,17.328950,0.944897,0.439358,1.500000,0.042899
1779543010.054564,0,1,17.342414,0.951508,0.441172,1.500000,0.045605
1779543010.064653,0,1,17.355860,0.958158,0.443162,1.500000,0.045605
1779543010.074216,0,1,17.369299,0.964821,0.444976,1.500000,0.044013
1779543010.084549,0,1,17.382719,0.971521,0.446966,1.500000,0.044013
1779543010.094305,0,1,17.396133,0.978235,0.448780,1.500000,0.048463
1779543010.104677,0,1,17.409527,0.984987,0.450770,1.500000,0.048463
1779543010.114778,0,1,17.422915,0.991752,0.452584,1.500000,0.048463
1779543010.124639,0,1,17.436284,0.998554,0.454574,1.500000,0.046137
1779543010.134504,0,1,17.449646,1.005370,0.456389,1.500000,0.046137
1779543010.145208,0,1,17.462989,1.012224,0.458379,1.500000,0.049994
1779543010.154909,0,1,17.476325,1.019090,0.460193,1.500000,0.049994
1779543010.164729,0,1,17.489642,1.025994,0.462183,1.500000,0.049994
1779543010.174662,0,1,17.502951,1.032912,0.463997,1.500000,0.046884
1779543010.184552,0,1,17.516242,1.039866,0.465987,1.500000,0.046884
1779543010.194768,0,1,17.529525,1.046834,0.467801,1.500000,0.046884
1779543010.204709,0,1,17.542789,1.053839,0.469791,1.500000,0.045312
1779543010.214581,0,1,17.556046,1.060858,0.471605,1.500000,0.045312
1779543010.224337,0,1,17.569283,1.067913,0.473595,1.500000,0.042907
1779543010.234692,0,1,17.582513,1.074982,0.475410,1.500000,0.042907
1779543010.244598,0,1,17.595723,1.082088,0.477400,1.500000,0.041147
1779543010.254654,0,1,17.608926,1.089207,0.479214,1.500000,0.041147
1779543010.266088,0,1,17.622109,1.096363,0.481204,1.500000,0.039372
1779543010.274550,0,1,17.635284,1.103532,0.483018,1.500000,0.039372
1779543010.284447,0,1,17.648440,1.110739,0.485008,1.500000,0.039372
1779543010.294748,0,1,17.661589,1.117958,0.486822,1.500000,0.040537
1779543010.304565,0,1,17.674717,1.125214,0.488812,1.500000,0.040537
1779543010.314536,0,1,17.687838,1.132483,0.490626,1.500000,0.049624
1779543010.325736,0,1,17.700938,1.139789,0.492616,1.500000,0.049624
1779543010.334569,0,1,17.714031,1.147108,0.494431,1.500000,0.048093
1779543010.344665,0,1,17.727104,1.154464,0.496421,1.500000,0.048093
1779543010.354411,0,1,17.740169,1.161833,0.498235,1.500000,0.048093
1779543010.365067,0,1,17.753213,1.169239,0.500225,1.500000,0.055375
1779543010.375770,0,1,17.766250,1.176657,0.502039,1.500000,0.055375
1779543010.384942,0,1,17.779267,1.184112,0.504029,1.500000,0.053312
1779543010.394643,0,1,17.792275,1.191580,0.505843,1.500000,0.053312
1779543010.404721,0,1,17.805263,1.199085,0.507833,1.500000,0.053312
1779543010.414796,0,1,17.818243,1.206602,0.509647,1.500000,0.057663
1779543010.424582,0,1,17.831202,1.214156,0.511637,1.500000,0.057663
1779543010.434651,0,1,17.844154,1.221723,0.513452,1.500000,0.056411
1779543010.444928,0,1,17.857084,1.229326,0.515442,1.500000,0.056411
1779543010.454475,0,1,17.870007,1.236942,0.517256,1.500000,0.056411
1779543010.464622,0,1,17.882908,1.244595,0.519246,1.500000,0.060261
1779543010.474628,0,1,17.895802,1.252260,0.521060,1.500000,0.060261
1779543010.484830,0,1,17.908661,1.259982,0.523327,1.500000,0.060261
1779543010.494451,0,1,17.921467,1.267794,0.526257,1.500000,0.064887
1779543010.504452,0,1,17.934239,1.275659,0.529250,1.500000,0.064887
1779543010.514802,0,1,17.946969,1.283594,0.532537,1.500000,0.062922
1779543010.524646,0,1,17.959672,1.291571,0.535708,1.500000,0.062922
1779543010.534360,0,1,17.972336,1.299609,0.539086,1.500000,0.061599
1779543010.544597,0,1,17.984978,1.307683,0.542304,1.500000,0.061599
1779543010.554558,0,1,17.997583,1.315814,0.545707,1.500000,0.064519
1779543010.564717,0,1,18.010166,1.323978,0.548940,1.500000,0.064519
1779543010.574644,0,1,18.022714,1.332198,0.552351,1.500000,0.064519
1779543010.584714,0,1,18.035241,1.340448,0.555588,1.500000,0.059574
1779543010.594739,0,1,18.047732,1.348753,0.559002,1.500000,0.059574
1779543010.604698,0,1,18.060203,1.357089,0.562242,1.500000,0.062399
1779543010.614647,0,1,18.072638,1.365477,0.565657,1.500000,0.062399
1779543010.624659,0,1,18.085052,1.373896,0.568897,1.500000,0.058992
1779543010.634621,0,1,18.097431,1.382368,0.572313,1.500000,0.058992
1779543010.644947,0,1,18.109789,1.390870,0.575554,1.500000,0.058992
1779543010.654408,0,1,18.122110,1.399424,0.578970,1.500000,0.059899
1779543010.664236,0,1,18.134411,1.408008,0.582211,1.500000,0.059899
1779543010.674716,0,1,18.146676,1.416644,0.585627,1.500000,0.059899
1779543010.684805,0,1,18.158919,1.425310,0.588868,1.500000,0.056411
1779543010.694487,0,1,18.171126,1.434028,0.592284,1.500000,0.056411
1779543010.704185,0,1,18.183326,1.442755,0.595248,1.500000,0.050922
1779543010.714623,0,1,18.195540,1.451462,0.597549,1.500000,0.050922
1779543010.724339,0,1,18.207746,1.460181,0.599787,1.500000,0.047086
1779543010.734473,0,1,18.219954,1.468897,0.601731,1.500000,0.047086
1779543010.744384,0,1,18.232145,1.477636,0.603790,1.500000,0.047086
1779543010.754339,0,1,18.244332,1.486381,0.605643,1.500000,0.041523
1779543010.764713,0,1,18.256499,1.495155,0.607655,1.500000,0.041523
1779543010.774657,0,1,18.268659,1.503937,0.609483,1.500000,0.039132
1779543010.784787,0,1,18.280796,1.512751,0.611481,1.500000,0.039132
1779543010.794593,0,1,18.292926,1.521575,0.613301,1.500000,0.039132
1779543010.804598,0,1,18.305032,1.530432,0.615294,1.500000,0.041311
1779543010.814489,0,1,18.317129,1.539301,0.617111,1.500000,0.041311
1779543010.824275,0,1,18.329202,1.548202,0.619102,1.500000,0.041311
1779543010.834782,0,1,18.341267,1.557116,0.620918,1.500000,0.054449
1779543010.844776,0,1,18.353307,1.566063,0.622908,1.500000,0.054449
1779543010.854157,0,1,18.365337,1.575021,0.624723,1.500000,0.062194
1779543010.864710,0,1,18.377343,1.584013,0.626713,1.500000,0.062194
1779543010.874338,0,1,18.389340,1.593018,0.628528,1.500000,0.062194
1779543010.884823,0,1,18.401297,1.602075,0.630795,1.500000,0.060674
1779543010.894516,0,1,18.413191,1.611215,0.633725,1.500000,0.060674
1779543010.904437,0,1,18.425046,1.620405,0.636718,1.500000,0.060674
1779543010.914250,0,1,18.436850,1.629660,0.640005,1.500000,0.065306
1779543010.924878,0,1,18.448625,1.638953,0.643176,1.500000,0.065306
1779543010.935013,0,1,18.460354,1.648303,0.646554,1.500000,0.064112
1779543010.944437,0,1,18.472056,1.657687,0.649773,1.500000,0.064112
1779543010.954762,0,1,18.483716,1.667123,0.653176,1.500000,0.064112
1779543010.964654,0,1,18.495352,1.676590,0.656408,1.500000,0.066199
1779543010.974377,0,1,18.506945,1.686107,0.659819,1.500000,0.066199
1779543010.984640,0,1,18.518515,1.695654,0.663057,1.500000,0.066199
1779543010.994275,0,1,18.530043,1.705251,0.666471,1.500000,0.069150
1779543011.004553,0,1,18.541548,1.714876,0.669710,1.500000,0.069150
1779543011.014642,0,1,18.553012,1.724550,0.673126,1.500000,0.064888
1779543011.024541,0,1,18.564451,1.734252,0.676366,1.500000,0.064888
1779543011.034541,0,1,18.575850,1.744003,0.679782,1.500000,0.061566
1779543011.044389,0,1,18.587224,1.753781,0.683022,1.500000,0.061566
1779543011.054556,0,1,18.598558,1.763608,0.686439,1.500000,0.061566
1779543011.064706,0,1,18.609867,1.773462,0.689679,1.500000,0.063440
1779543011.074753,0,1,18.621134,1.783364,0.693096,1.500000,0.063440
1779543011.084838,0,1,18.632377,1.793293,0.696336,1.500000,0.063440
1779543011.094796,0,1,18.643579,1.803269,0.699753,1.500000,0.058462
1779543011.104764,0,1,18.654755,1.813273,0.702994,1.500000,0.058462
1779543011.114712,0,1,18.665890,1.823324,0.706410,1.500000,0.062176
1779543011.124804,0,1,18.677017,1.833384,0.709374,1.500000,0.062176
1779543011.134566,0,1,18.688160,1.843425,0.711675,1.500000,0.062176
1779543011.144678,0,1,18.699277,1.853496,0.714190,1.500000,0.058805
1779543011.154759,0,1,18.710336,1.863629,0.717249,1.500000,0.058805
1779543011.164405,0,1,18.721362,1.873799,0.720311,1.500000,0.058805
1779543011.174643,0,1,18.732338,1.884024,0.723637,1.500000,0.059484
1779543011.184373,0,1,18.743284,1.894279,0.726831,1.500000,0.059484
1779543011.194899,0,1,18.754183,1.904585,0.730222,1.500000,0.059484
1779543011.204629,0,1,18.765056,1.914919,0.733449,1.500000,0.057491
1779543011.214509,0,1,18.775883,1.925300,0.736857,1.500000,0.057491
1779543011.224652,0,1,18.786701,1.935691,0.739816,1.500000,0.052637
1779543011.234725,0,1,18.797535,1.946065,0.742114,1.500000,0.052637
1779543011.244662,0,1,18.808359,1.956450,0.744350,1.500000,0.052637
1779543011.254610,0,1,18.819185,1.966833,0.746293,1.500000,0.051736
1779543011.264661,0,1,18.829990,1.977237,0.748351,1.500000,0.051736
1779543011.274482,0,1,18.840791,1.987645,0.750204,1.500000,0.048097
1779543011.284783,0,1,18.851567,1.998080,0.752216,1.500000,0.048097
1779543011.294657,0,1,18.862335,2.008522,0.754043,1.500000,0.048097
1779543011.304521,0,1,18.873076,2.018992,0.756041,1.500000,0.064248
1779543011.314994,0,1,18.883809,2.029472,0.757861,1.500000,0.064248
1779543011.325126,0,1,18.894495,2.039998,0.760131,1.500000,0.062618
1779543011.334576,0,1,18.905109,2.050597,0.763063,1.500000,0.062618
1779543011.344610,0,1,18.915679,2.061241,0.766057,1.500000,0.062618
1779543011.354757,0,1,18.926190,2.071941,0.769346,1.500000,0.068551
1779543011.364772,0,1,18.936667,2.082676,0.772517,1.500000,0.068551
1779543011.374363,0,1,18.947092,2.093462,0.775896,1.500000,0.067501
1779543011.384422,0,1,18.957486,2.104276,0.779115,1.500000,0.067501
1779543011.394869,0,1,18.967831,2.115138,0.782518,1.500000,0.064888
1779543011.404521,0,1,18.978148,2.126027,0.785751,1.500000,0.064888
1779543011.414415,0,1,18.988417,2.136960,0.789162,1.500000,0.064888
1779543011.424452,0,1,18.998659,2.147920,0.792399,1.500000,0.067290
1779543011.434839,0,1,19.008853,2.158923,0.795814,1.500000,0.067290
1779543011.444642,0,1,19.019020,2.169952,0.799053,1.500000,0.067290
1779543011.457351,0,1,19.029140,2.181024,0.802468,1.500000,0.069938
1779543011.466846,0,1,19.039233,2.192120,0.805708,1.500000,0.069938
1779543011.475689,0,1,19.049279,2.203260,0.809124,1.500000,0.069938
1779543011.485350,0,1,19.059297,2.214424,0.812365,1.500000,0.069938
1779543011.494747,0,1,19.069268,2.225630,0.815781,1.500000,0.066851
1779543011.504784,0,1,19.079212,2.236860,0.819022,1.500000,0.066851
1779543011.515575,0,1,19.089108,2.248133,0.822438,1.500000,0.067366
1779543011.524883,0,1,19.098976,2.259429,0.825679,1.500000,0.067366
1779543011.534489,0,1,19.108797,2.270767,0.829095,1.500000,0.067366
1779543011.544345,0,1,19.118590,2.282129,0.832336,1.500000,0.064118
1779543011.554247,0,1,19.128335,2.293532,0.835753,1.500000,0.064118
1779543011.564466,0,1,19.138053,2.304959,0.838994,1.500000,0.066116
1779543011.574236,0,1,19.147722,2.316427,0.842410,1.500000,0.066116
1779543011.584429,0,1,19.157363,2.327918,0.845651,1.500000,0.069880
1779543011.594723,0,1,19.166955,2.339450,0.849067,1.500000,0.069880
1779543011.604619,0,1,19.176519,2.351005,0.852308,1.500000,0.069880
1779543011.614490,0,1,19.186035,2.362601,0.855725,1.500000,0.065552
1779543011.624633,0,1,19.195522,2.374220,0.858966,1.500000,0.065552
1779543011.634759,0,1,19.204960,2.385878,0.862382,1.500000,0.062290
1779543011.644729,0,1,19.214369,2.397560,0.865623,1.500000,0.062290
1779543011.654442,0,1,19.223729,2.409281,0.869039,1.500000,0.062290
1779543011.664469,0,1,19.233061,2.421025,0.872280,1.500000,0.064745
1779543011.675036,0,1,19.242343,2.432809,0.875697,1.500000,0.064745
1779543011.684907,0,1,19.251596,2.444614,0.878938,1.500000,0.061448
1779543011.694777,0,1,19.260799,2.456459,0.882354,1.500000,0.061448
1779543011.704627,0,1,19.269974,2.468326,0.885595,1.500000,0.058097
1779543011.714607,0,1,19.279098,2.480232,0.889011,1.500000,0.058097
1779543011.724576,0,1,19.288213,2.492145,0.891975,1.500000,0.054558
1779543011.734367,0,1,19.297348,2.504043,0.894276,1.500000,0.054558
1779543011.744317,0,1,19.306471,2.515950,0.896514,1.500000,0.054558
1779543011.754556,0,1,19.315597,2.527854,0.898458,1.500000,0.049232
1779543011.764457,0,1,19.324699,2.539776,0.900517,1.500000,0.049232
1779543011.774928,0,1,19.333797,2.551702,0.902370,1.500000,0.045561
1779543011.784692,0,1,19.342867,2.563650,0.904383,1.500000,0.045561
1779543011.794826,0,1,19.351928,2.575604,0.906210,1.500000,0.064766
1779543011.804875,0,1,19.360958,2.587581,0.908209,1.500000,0.064766
1779543011.814298,0,1,19.369977,2.599567,0.910028,1.500000,0.064766
1779543011.824904,0,1,19.378944,2.611591,0.912299,1.500000,0.063202
1779543011.834361,0,1,19.387829,2.623677,0.915231,1.500000,0.063202
1779543011.845134,0,1,19.396663,2.635799,0.918225,1.500000,0.072970
1779543011.854853,0,1,19.405431,2.647970,0.921513,1.500000,0.072970
1779543011.864449,0,1,19.414159,2.660169,0.924685,1.500000,0.070392
1779543011.874595,0,1,19.422829,2.672410,0.928064,1.500000,0.070392
1779543011.884586,0,1,19.431464,2.684675,0.931282,1.500000,0.070392
1779543011.894746,0,1,19.440043,2.696979,0.934686,1.500000,0.067868
1779543011.904497,0,1,19.448590,2.709306,0.937918,1.500000,0.067868
1779543011.914632,0,1,19.457083,2.721670,0.941330,1.500000,0.071794
1779543011.924987,0,1,19.465545,2.734055,0.944567,1.500000,0.071794
1779543011.934717,0,1,19.473954,2.746477,0.947981,1.500000,0.071794
1779543011.944867,0,1,19.482332,2.758919,0.951221,1.500000,0.075153
1779543011.954509,0,1,19.490657,2.771397,0.954636,1.500000,0.075153
1779543011.964803,0,1,19.498951,2.783895,0.957876,1.500000,0.075153
1779543011.974689,0,1,19.507192,2.796429,0.961292,1.500000,0.069519
1779543011.984513,0,1,19.515402,2.808982,0.964533,1.500000,0.069519
1779543011.994388,0,1,19.523559,2.821570,0.967949,1.500000,0.074373
1779543012.004580,0,1,19.531686,2.834178,0.971190,1.500000,0.074373
1779543012.014792,0,1,19.539759,2.846820,0.974606,1.500000,0.070158
1779543012.024511,0,1,19.547801,2.859482,0.977847,1.500000,0.070158
1779543012.034881,0,1,19.555790,2.872178,0.981263,1.500000,0.067009
1779543012.044755,0,1,19.563747,2.884893,0.984504,1.500000,0.067009
1779543012.054382,0,1,19.571651,2.897642,0.987921,1.500000,0.070659
1779543012.064904,0,1,19.579524,2.910410,0.991161,1.500000,0.070659
1779543012.074748,0,1,19.587343,2.923211,0.994578,1.500000,0.070659
1779543012.084604,0,1,19.595131,2.936030,0.997819,1.500000,0.067554
1779543012.094603,0,1,19.602864,2.948883,1.001235,1.500000,0.067554
1779543012.104723,0,1,19.610567,2.961755,1.004476,1.500000,0.069379
1779543012.114407,0,1,19.618214,2.974659,1.007893,1.500000,0.069379
1779543012.124703,0,1,19.625831,2.987581,1.011133,1.500000,0.066235
1779543012.134688,0,1,19.633392,3.000536,1.014550,1.500000,0.066235
1779543012.144736,0,1,19.640923,3.013509,1.017791,1.500000,0.066235
1779543012.155085,0,1,19.648398,3.026513,1.021207,1.500000,0.067984
1779543012.164838,0,1,19.655841,3.039536,1.024448,1.500000,0.067984
1779543012.174847,0,1,19.663230,3.052590,1.027865,1.500000,0.064800
1779543012.185093,0,1,19.670587,3.065662,1.031105,1.500000,0.064800
1779543012.194363,0,1,19.677888,3.078765,1.034522,1.500000,0.061519
1779543012.204788,0,1,19.685158,3.091886,1.037763,1.500000,0.061519
1779543012.214527,0,1,19.692372,3.105037,1.041179,1.500000,0.058089
1779543012.225061,0,1,19.699554,3.118206,1.044420,1.500000,0.058089
1779543012.235085,0,1,19.706680,3.131405,1.047837,1.500000,0.058089
1779543012.244745,0,1,19.713796,3.144610,1.050800,1.500000,0.052778
1779543012.254850,0,1,19.720934,3.157802,1.053101,1.500000,0.052778
1779543012.264647,0,1,19.728059,3.171002,1.055339,1.500000,0.048962
1779543012.274933,0,1,19.735188,3.184200,1.057283,1.500000,0.048962
1779543012.284805,0,1,19.742290,3.197412,1.059343,1.500000,0.048962
1779543012.294683,0,1,19.749387,3.210627,1.061196,1.500000,0.048025
1779543012.304345,0,1,19.756453,3.223858,1.063208,1.500000,0.048025
1779543012.314737,0,1,19.763509,3.237095,1.065036,1.500000,0.058707
1779543012.324628,0,1,19.770531,3.250350,1.067034,1.500000,0.058707
1779543012.334991,0,1,19.777542,3.263611,1.068853,1.500000,0.058707
1779543012.344990,0,1,19.784505,3.276897,1.070985,1.500000,0.056843
1779543012.354373,0,1,19.791417,3.290209,1.073360,1.500000,0.056843
1779543012.365233,0,1,19.798294,3.303540,1.075714,1.500000,0.065425
1779543012.374732,0,1,19.805167,3.316873,1.077708,1.500000,0.065425
1779543012.385038,0,1,19.811987,3.330232,1.080065,1.500000,0.065425
1779543012.394734,0,1,19.818720,3.343636,1.083041,1.500000,0.071162
1779543012.404836,0,1,19.825399,3.357067,1.086057,1.500000,0.071162
1779543012.414751,0,1,19.832006,3.370534,1.089357,1.500000,0.071162
1779543012.424649,0,1,19.838571,3.384021,1.092536,1.500000,0.068520
1779543012.434504,0,1,19.845072,3.397539,1.095918,1.500000,0.068520
1779543012.444729,0,1,19.851535,3.411075,1.099139,1.500000,0.072941
1779543012.454763,0,1,19.857937,3.424641,1.102543,1.500000,0.072941
1779543012.464747,0,1,19.864304,3.438222,1.105777,1.500000,0.069053
1779543012.474736,0,1,19.870611,3.451832,1.109189,1.500000,0.069053
1779543012.484590,0,1,19.876885,3.465457,1.112427,1.500000,0.065962
1779543012.495013,0,1,19.883100,3.479109,1.115841,1.500000,0.065962
1779543012.504819,0,1,19.889281,3.492776,1.119080,1.500000,0.065962
1779543012.514582,0,1,19.895404,3.506469,1.122496,1.500000,0.067366
1779543012.524638,0,1,19.901493,3.520178,1.125736,1.500000,0.067366
1779543012.534679,0,1,19.907524,3.533912,1.129152,1.500000,0.064143
1779543012.544650,0,1,19.913522,3.547660,1.132393,1.500000,0.064143
1779543012.554489,0,1,19.919461,3.561434,1.135809,1.500000,0.066173
1779543012.564400,0,1,19.925367,3.575223,1.139050,1.500000,0.066173
1779543012.574751,0,1,19.931214,3.589036,1.142466,1.500000,0.062886
1779543012.584825,0,1,19.937028,3.602864,1.145707,1.500000,0.062886
1779543012.594803,0,1,19.942783,3.616716,1.149123,1.500000,0.066503
1779543012.604440,0,1,19.948505,3.630582,1.152364,1.500000,0.066503
1779543012.614391,0,1,19.954168,3.644472,1.155781,1.500000,0.062132
1779543012.624700,0,1,19.959797,3.658375,1.159022,1.500000,0.058722
1779543012.634529,0,1,19.965367,3.672303,1.162438,1.500000,0.058722
1779543012.644985,0,1,19.970915,3.686239,1.165540,1.500000,0.058722
1779543012.654546,0,1,19.976445,3.700182,1.168399,1.500000,0.062060
1779543012.664713,0,1,19.981951,3.714135,1.171138,1.500000,0.062060
1779543012.674829,0,1,19.987418,3.728103,1.173957,1.500000,0.058684
1779543012.684792,0,1,19.992813,3.742100,1.177165,1.500000,0.058684
1779543012.694917,0,1,19.998178,3.756108,1.180163,1.500000,0.055336
1779543012.704715,0,1,20.003518,3.770125,1.182968,1.500000,0.055336
1779543012.714492,0,1,20.008842,3.784148,1.185541,1.500000,0.052535
1779543012.724793,0,1,20.014177,3.798167,1.187648,1.500000,0.052535
1779543012.734545,0,1,20.019489,3.812195,1.189788,1.500000,0.052535
1779543012.744442,0,1,20.024799,3.826224,1.191681,1.500000,0.052217
1779543012.754554,0,1,20.030077,3.840265,1.193714,1.500000,0.052217
1779543012.764611,0,1,20.035347,3.854308,1.195553,1.500000,0.056404
1779543012.774924,0,1,20.040581,3.868366,1.197557,1.500000,0.056404
1779543012.784924,0,1,20.045804,3.882427,1.199380,1.500000,0.054789
1779543012.795191,0,1,20.050990,3.896502,1.201375,1.500000,0.054789
1779543012.804667,0,1,20.056162,3.910582,1.203193,1.500000,0.054789
1779543012.814644,0,1,20.061297,3.924676,1.205185,1.500000,0.061999
1779543012.824781,0,1,20.066417,3.938775,1.207001,1.500000,0.061999
1779543012.834993,0,1,20.071475,3.952896,1.209269,1.500000,0.060908
1779543012.844865,0,1,20.076437,3.967052,1.212199,1.500000,0.060908
1779543012.854772,0,1,20.081338,3.981229,1.215193,1.500000,0.066031
1779543012.864597,0,1,20.086161,3.995432,1.218480,1.500000,0.066031
1779543012.874627,0,1,20.090939,4.009651,1.221652,1.500000,0.065096
1779543012.884885,0,1,20.095647,4.023893,1.225029,1.500000,0.065096
1779543012.894746,0,1,20.100315,4.038148,1.228248,1.500000,0.062984
1779543012.904473,0,1,20.104919,4.052424,1.231651,1.500000,0.062984
1779543012.915038,0,1,20.109485,4.066712,1.234884,1.500000,0.066296
1779543012.925000,0,1,20.113988,4.081020,1.238295,1.500000,0.066296
1779543012.934546,0,1,20.118456,4.095339,1.241532,1.500000,0.066296
1779543012.944718,0,1,20.122861,4.109678,1.244947,1.500000,0.069055
1779543012.954543,0,1,20.127232,4.124027,1.248186,1.500000,0.069055
1779543012.964818,0,1,20.131541,4.138395,1.251601,1.500000,0.064794
1779543012.974460,0,1,20.135815,4.152773,1.254841,1.500000,0.064794
1779543012.984420,0,1,20.140028,4.167169,1.258257,1.500000,0.061475
1779543012.994541,0,1,20.144205,4.181575,1.261498,1.500000,0.061475
1779543013.004821,0,1,20.148322,4.196000,1.264914,1.500000,0.064814
1779543013.014846,0,1,20.152403,4.210434,1.268155,1.500000,0.064814
1779543013.024448,0,1,20.156424,4.224885,1.271571,1.500000,0.061508
1779543013.034901,0,1,20.160409,4.239346,1.274812,1.500000,0.061508
1779543013.044740,0,1,20.164333,4.253823,1.278228,1.500000,0.066008
1779543013.054624,0,1,20.168222,4.268310,1.281469,1.500000,0.066008
1779543013.064721,0,1,20.172049,4.282814,1.284886,1.500000,0.061625
1779543013.074776,0,1,20.175841,4.297327,1.288126,1.500000,0.061625
1779543013.084691,0,1,20.179572,4.311855,1.291543,1.500000,0.058224
1779543013.094314,0,1,20.183268,4.326393,1.294784,1.500000,0.058224
1779543013.104440,0,1,20.186902,4.340946,1.298200,1.500000,0.058224
1779543013.114426,0,1,20.190524,4.355502,1.301164,1.500000,0.060101
1779543013.124849,0,1,20.194171,4.370052,1.303465,1.500000,0.060101
1779543013.134722,0,1,20.197780,4.384611,1.305980,1.500000,0.056652
1779543013.144653,0,1,20.201306,4.399191,1.309039,1.500000,0.056652
1779543013.154635,0,1,20.204807,4.413777,1.311825,1.500000,0.060411
1779543013.164569,0,1,20.208323,4.428359,1.314035,1.500000,0.060411
1779543013.174728,0,1,20.211793,4.442952,1.316503,1.500000,0.058111
1779543013.184715,0,1,20.215177,4.457565,1.319537,1.500000,0.058111
1779543013.194574,0,1,20.218532,4.472185,1.322308,1.500000,0.055510
1779543013.204595,0,1,20.221901,4.486802,1.324510,1.500000,0.055510
1779543013.214715,0,1,20.225246,4.501424,1.326696,1.500000,0.053262
1779543013.224786,0,1,20.228590,4.516047,1.328611,1.500000,0.053262
1779543013.234702,0,1,20.231901,4.530677,1.330655,1.500000,0.050541
1779543013.244806,0,1,20.235204,4.545309,1.332499,1.500000,0.050541
1779543013.254322,0,1,20.238470,4.559949,1.334505,1.500000,0.048131
1779543013.264648,0,1,20.241724,4.574591,1.336329,1.500000,0.048131
1779543013.274684,0,1,20.244939,4.589243,1.338325,1.500000,0.050889
1779543013.284650,0,1,20.248141,4.603897,1.340143,1.500000,0.050889
1779543013.294405,0,1,20.251303,4.618560,1.342136,1.500000,0.069299
1779543013.304337,0,1,20.254451,4.633226,1.343952,1.500000,0.069299
1779543013.314856,0,1,20.257533,4.647906,1.346220,1.500000,0.067297
1779543013.324748,0,1,20.260515,4.662606,1.349150,1.500000,0.067297
1779543013.334690,0,1,20.263435,4.677319,1.352144,1.500000,0.067297
1779543013.344676,0,1,20.266275,4.692048,1.355431,1.500000,0.074030
1779543013.354431,0,1,20.269066,4.706786,1.358603,1.500000,0.074030
1779543013.364708,0,1,20.271786,4.721537,1.361980,1.500000,0.071966
1779543013.374784,0,1,20.274464,4.736296,1.365199,1.500000,0.071966
1779543013.384477,0,1,20.277076,4.751067,1.368602,1.500000,0.069491
1779543013.394378,0,1,20.279648,4.765845,1.371835,1.500000,0.069491
1779543013.404853,0,1,20.282156,4.780634,1.375246,1.500000,0.074011
1779543013.414312,0,1,20.284627,4.795429,1.378483,1.500000,0.074011
1779543013.424426,0,1,20.287034,4.810235,1.381898,1.500000,0.069438
1779543013.434581,0,1,20.289404,4.825046,1.385137,1.500000,0.069438
1779543013.444714,0,1,20.291712,4.839868,1.388552,1.500000,0.069438
1779543013.454692,0,1,20.293982,4.854695,1.391792,1.500000,0.074188
1779543013.464733,0,1,20.296190,4.869531,1.395208,1.500000,0.074188
1779543013.474312,0,1,20.298362,4.884373,1.398449,1.500000,0.071176
1779543013.484718,0,1,20.300471,4.899224,1.401865,1.500000,0.071176
1779543013.494316,0,1,20.302544,4.914080,1.405106,1.500000,0.068045
1779543013.504369,0,1,20.304553,4.928945,1.408522,1.500000,0.068045
1779543013.514580,0,1,20.306527,4.943815,1.411763,1.500000,0.068045
1779543013.524852,0,1,20.308438,4.958693,1.415179,1.500000,0.071856
1779543013.534648,0,1,20.310312,4.973575,1.418420,1.500000,0.071856
1779543013.544698,0,1,20.312124,4.988465,1.421837,1.500000,0.071856
1779543013.554978,0,1,20.313899,5.003360,1.425078,1.500000,0.075223
1779543013.564821,0,1,20.315611,5.018262,1.428494,1.500000,0.075223
1779543013.574616,0,1,20.317288,5.033168,1.431735,1.500000,0.072304
1779543013.584353,0,1,20.318901,5.048081,1.435151,1.500000,0.072304
1779543013.594608,0,1,20.320478,5.062997,1.438392,1.500000,0.072304
1779543013.604771,0,1,20.321992,5.077921,1.441809,1.500000,0.072304
1779543013.614686,0,1,20.323469,5.092848,1.445050,1.500000,0.073344
1779543013.624804,0,1,20.324884,5.107781,1.448466,1.500000,0.073344
1779543013.634707,0,1,20.326262,5.122718,1.451707,1.500000,0.070281
1779543013.644597,0,1,20.327577,5.137660,1.455123,1.500000,0.070281
1779543013.654294,0,1,20.328855,5.152605,1.458364,1.500000,0.070281
1779543013.664718,0,1,20.330071,5.167556,1.461781,1.500000,0.073647
1779543013.674721,0,1,20.331250,5.182510,1.465022,1.500000,0.073647
1779543013.684616,0,1,20.332366,5.197468,1.468438,1.500000,0.073647
1779543013.694440,0,1,20.333445,5.212429,1.471679,1.500000,0.068974
1779543013.704726,0,1,20.334462,5.227395,1.475095,1.500000,0.068974
1779543013.714375,0,1,20.335442,5.242362,1.478336,1.500000,0.068974
1779543013.724804,0,1,20.336358,5.257334,1.481753,1.500000,0.065774
1779543013.734855,0,1,20.337239,5.272309,1.484994,1.500000,0.065774
1779543013.744617,0,1,20.338056,5.287286,1.488410,1.500000,0.062381
1779543013.754542,0,1,20.338836,5.302266,1.491651,1.500000,0.062381
1779543013.764745,0,1,20.339553,5.317249,1.495067,1.500000,0.063834
1779543013.774509,0,1,20.340234,5.332233,1.498308,1.500000,0.063834
1779543013.785281,0,1,20.340852,5.347221,1.501725,1.500000,0.060444
1779543013.794783,0,1,20.341433,5.362209,1.504966,1.500000,0.060444
1779543013.804868,0,1,20.341951,5.377200,1.508382,1.500000,0.060444
1779543013.814498,0,1,20.342432,5.392193,1.511623,1.500000,0.077867
1779543013.824903,0,1,20.342850,5.407187,1.515039,1.500000,0.077867
1779543013.834868,0,1,20.343231,5.422182,1.518280,1.500000,0.074984
1779543013.845157,0,1,20.343549,5.437179,1.521697,1.500000,0.074984
1779543013.854484,0,1,20.343831,5.452176,1.524938,1.500000,0.081205
1779543013.864434,0,1,20.344049,5.467174,1.528354,1.500000,0.081205
1779543013.875188,0,1,20.344231,5.482173,1.531595,1.500000,0.078457
1779543013.884792,0,1,20.344349,5.497173,1.535011,1.500000,0.078457
1779543013.895247,0,1,20.344431,5.512173,1.538252,1.500000,0.078457
1779543013.904857,0,1,20.344450,5.527172,1.541669,1.500000,0.083561
1779543013.914694,0,1,20.344432,5.542172,1.544910,1.500000,0.083561
1779543013.925381,0,1,20.344350,5.557172,1.548326,1.500000,0.080884
1779543013.934477,0,1,20.344232,5.572172,1.551567,1.500000,0.080884
1779543013.944975,0,1,20.344051,5.587171,1.554984,1.500000,0.080884
1779543013.955011,0,1,20.343834,5.602169,1.558224,1.500000,0.086145
1779543013.964567,0,1,20.343552,5.617166,1.561641,1.500000,0.086145
1779543013.974641,0,1,20.343235,5.632163,1.564882,1.500000,0.086145
1779543013.984920,0,1,20.342854,5.647158,1.568298,1.500000,0.083551
1779543013.994838,0,1,20.342437,5.662152,1.571539,1.500000,0.083551
1779543014.004783,0,1,20.341956,5.677145,1.574956,1.500000,0.089246
1779543014.014573,0,1,20.341439,5.692136,1.578196,1.500000,0.089246
1779543014.024639,0,1,20.340858,5.707124,1.581613,1.500000,0.087941
1779543014.034621,0,1,20.340241,5.722112,1.584854,1.500000,0.087941
1779543014.044897,0,1,20.339561,5.737096,1.588270,1.500000,0.095316
1779543014.054556,0,1,20.338844,5.752079,1.591511,1.500000,0.095316
1779543014.064790,0,1,20.338039,5.767058,1.595205,1.500000,0.091497
1779543014.075936,0,1,20.337110,5.782029,1.599561,1.500000,0.091497
1779543014.084644,0,1,20.336096,5.796994,1.603980,1.500000,0.091497
1779543014.095008,0,1,20.334978,5.811953,1.608694,1.500000,0.087688
1779543014.104751,0,1,20.333790,5.826905,1.613292,1.500000,0.087688
1779543014.114727,0,1,20.332509,5.841851,1.618096,1.500000,0.095110
1779543014.125163,0,1,20.331188,5.856792,1.622464,1.500000,0.095110
1779543014.134740,0,1,20.329867,5.871734,1.626178,1.500000,0.091049
1779543014.144628,0,1,20.328481,5.886670,1.630111,1.500000,0.091049
1779543014.154709,0,1,20.326988,5.901595,1.634592,1.500000,0.091049
1779543014.164679,0,1,20.325422,5.916513,1.639078,1.500000,0.094583
1779543014.174575,0,1,20.323761,5.931421,1.643828,1.500000,0.094583
1779543014.185361,0,1,20.322035,5.946321,1.648446,1.500000,0.094583
1779543014.194749,0,1,20.320220,5.961211,1.653263,1.500000,0.089312
1779543014.204901,0,1,20.318343,5.976093,1.657916,1.500000,0.089312
1779543014.214468,0,1,20.316381,5.990964,1.662750,1.500000,0.084836
1779543014.224792,0,1,20.314383,6.005831,1.667135,1.500000,0.084836
1779543014.234850,0,1,20.312388,6.020698,1.670860,1.500000,0.079912
1779543014.245018,0,1,20.310357,6.035559,1.674522,1.500000,0.079912
1779543014.254621,0,1,20.308307,6.050419,1.677891,1.500000,0.079912
1779543014.264559,0,1,20.306207,6.065271,1.681376,1.500000,0.074736
1779543014.274662,0,1,20.304079,6.080119,1.684655,1.500000,0.074736
1779543014.284715,0,1,20.301894,6.094959,1.688093,1.500000,0.069487
1779543014.294786,0,1,20.299678,6.109794,1.691347,1.500000,0.069487
1779543014.304880,0,1,20.297401,6.124621,1.694772,1.500000,0.063993
1779543014.314924,0,1,20.295091,6.139442,1.698018,1.500000,0.063993
1779543014.324696,0,1,20.292720,6.154253,1.701438,1.500000,0.091292
1779543014.334530,0,1,20.290313,6.169059,1.704681,1.500000,0.091292
1779543014.344796,0,1,20.287820,6.183850,1.708376,1.500000,0.091292
1779543014.355083,0,1,20.285205,6.198620,1.712733,1.500000,0.106410
1779543014.364906,0,1,20.282506,6.213376,1.717154,1.500000,0.106410
1779543014.374703,0,1,20.279706,6.228112,1.721868,1.500000,0.104461
1779543014.384663,0,1,20.276837,6.242835,1.726466,1.500000,0.104461
1779543014.394742,0,1,20.273875,6.257540,1.731270,1.500000,0.102172
1779543014.404856,0,1,20.270851,6.272232,1.735916,1.500000,0.102172
1779543014.414713,0,1,20.267740,6.286905,1.740745,1.500000,0.102172
1779543014.424757,0,1,20.264569,6.301566,1.745405,1.500000,0.107598
1779543014.434842,0,1,20.261313,6.316209,1.750242,1.500000,0.107598
1779543014.445298,0,1,20.258000,6.330838,1.754906,1.500000,0.105602
1779543014.454839,0,1,20.254603,6.345448,1.759747,1.500000,0.105602
1779543014.464447,0,1,20.251148,6.360045,1.764413,1.500000,0.110148
1779543014.475143,0,1,20.247611,6.374622,1.769255,1.500000,0.110148
1779543014.484793,0,1,20.244017,6.389185,1.773922,1.500000,0.110148
1779543014.494891,0,1,20.240341,6.403728,1.778764,1.500000,0.115906
1779543014.504965,0,1,20.236609,6.418256,1.783431,1.500000,0.115906
1779543014.514514,0,1,20.232794,6.432763,1.788274,1.500000,0.110129
1779543014.524817,0,1,20.228924,6.447255,1.792941,1.500000,0.110129
1779543014.534940,0,1,20.224971,6.461725,1.797784,1.500000,0.105938
1779543014.544760,0,1,20.220963,6.476179,1.802452,1.500000,0.105938
1779543014.554791,0,1,20.216872,6.490611,1.807295,1.500000,0.105938
1779543014.564688,0,1,20.212727,6.505026,1.811962,1.500000,0.111479
1779543014.574803,0,1,20.208500,6.519418,1.816805,1.500000,0.111479
1779543014.584651,0,1,20.204217,6.533794,1.821473,1.500000,0.107350
1779543014.594830,0,1,20.199853,6.548145,1.826316,1.500000,0.107350
1779543014.604758,0,1,20.195434,6.562479,1.830983,1.500000,0.110238
1779543014.614551,0,1,20.190934,6.576788,1.835826,1.500000,0.110238
1779543014.624767,0,1,20.186378,6.591080,1.840494,1.500000,0.106093
1779543014.634580,0,1,20.181742,6.605346,1.845337,1.500000,0.106093
1779543014.644822,0,1,20.177051,6.619593,1.850004,1.500000,0.106093
1779543014.654780,0,1,20.172280,6.633814,1.854847,1.500000,0.108801
1779543014.664724,0,1,20.167453,6.648016,1.859515,1.500000,0.108801
1779543014.674875,0,1,20.162547,6.662191,1.864358,1.500000,0.104602
1779543014.684912,0,1,20.157586,6.676347,1.869025,1.500000,0.104602
1779543014.694868,0,1,20.152545,6.690474,1.873868,1.500000,0.100221
1779543014.704723,0,1,20.147449,6.704582,1.878535,1.500000,0.100221
1779543014.715018,0,1,20.142274,6.718661,1.883379,1.500000,0.095668
1779543014.724626,0,1,20.137044,6.732720,1.888046,1.500000,0.095668
1779543014.734707,0,1,20.131735,6.746749,1.892889,1.500000,0.091018
1779543014.744494,0,1,20.126372,6.760758,1.897556,1.500000,0.091018
1779543014.754536,0,1,20.120930,6.774736,1.902400,1.500000,0.091018
1779543014.764925,0,1,20.115434,6.788693,1.907067,1.500000,0.091822
1779543014.774644,0,1,20.109859,6.802618,1.911910,1.500000,0.091822
1779543014.784898,0,1,20.104231,6.816522,1.916577,1.500000,0.084478
1779543014.794897,0,1,20.098524,6.830394,1.921421,1.500000,0.084478
1779543014.804686,0,1,20.092787,6.844253,1.925811,1.500000,0.102451
1779543014.814956,0,1,20.087052,6.858114,1.929539,1.500000,0.102451
1779543014.824761,0,1,20.081262,6.871951,1.933480,1.500000,0.102451
1779543014.834767,0,1,20.075373,6.885747,1.937966,1.500000,0.095875
1779543014.844812,0,1,20.069419,6.899515,1.942455,1.500000,0.095875
1779543014.855052,0,1,20.063378,6.913244,1.947207,1.500000,0.100030
1779543014.864544,0,1,20.057277,6.926948,1.951827,1.500000,0.100030
1779543014.875049,0,1,20.051095,6.940615,1.956645,1.500000,0.097041
1779543014.884978,0,1,20.044858,6.954256,1.961298,1.500000,0.097041
1779543014.894712,0,1,20.038542,6.967861,1.966133,1.500000,0.097041
1779543014.904837,0,1,20.032171,6.981442,1.970796,1.500000,0.098850
1779543014.914709,0,1,20.025723,6.994985,1.975636,1.500000,0.098850
1779543014.924932,0,1,20.019223,7.008503,1.980302,1.500000,0.098850
1779543014.934917,0,1,20.012645,7.021984,1.985143,1.500000,0.092205
1779543014.944764,0,1,20.006015,7.035439,1.989810,1.500000,0.092205
1779543014.954628,0,1,19.999309,7.048857,1.994653,1.500000,0.092205
1779543014.965116,0,1,19.992551,7.062248,1.999320,1.500000,0.093384
1779543014.974780,0,1,19.985717,7.075601,2.004162,1.500000,0.093384
1779543014.984834,0,1,19.978832,7.088927,2.008830,1.500000,0.093384
1779543014.994824,0,1,19.971872,7.102215,2.013673,1.500000,0.093384
1779543015.004807,0,1,19.964860,7.115475,2.018340,1.500000,0.095967
1779543015.014479,0,1,19.957773,7.128695,2.023183,1.500000,0.095967
1779543015.024676,0,1,19.950636,7.141888,2.027850,1.500000,0.087360
1779543015.035083,0,1,19.943424,7.155041,2.032693,1.500000,0.087360
1779543015.045046,0,1,19.936183,7.168177,2.037084,1.500000,0.087360
1779543015.054487,0,1,19.928945,7.181316,2.040811,1.500000,0.087360
1779543015.064793,0,1,19.921675,7.194436,2.044476,1.500000,0.085769
1779543015.074981,0,1,19.914390,7.207548,2.047846,1.500000,0.085769
1779543015.084697,0,1,19.907061,7.220636,2.051332,1.500000,0.085769
1779543015.094754,0,1,19.899708,7.233710,2.054612,1.500000,0.088521
1779543015.104813,0,1,19.892305,7.246756,2.058051,1.500000,0.088521
1779543015.114520,0,1,19.884874,7.259786,2.061305,1.500000,0.088521
1779543015.125099,0,1,19.877391,7.272786,2.064730,1.500000,0.082586
1779543015.134978,0,1,19.869878,7.285769,2.067976,1.500000,0.082586
1779543015.144731,0,1,19.862311,7.298720,2.071396,1.500000,0.082586
1779543015.155021,0,1,19.854714,7.311654,2.074639,1.500000,0.085971
1779543015.164531,0,1,19.847063,7.324556,2.078057,1.500000,0.085971
1779543015.174701,0,1,19.839381,7.337440,2.081299,1.500000,0.085971
1779543015.184442,0,1,19.831645,7.350291,2.084716,1.500000,0.082237
1779543015.194616,0,1,19.823878,7.363123,2.087958,1.500000,0.082237
1779543015.204744,0,1,19.816057,7.375923,2.091374,1.500000,0.082237
1779543015.214633,0,1,19.808204,7.388703,2.094615,1.500000,0.078116
1779543015.224693,0,1,19.800298,7.401451,2.098032,1.500000,0.078116
1779543015.234913,0,1,19.792362,7.414179,2.101273,1.500000,0.078116
1779543015.244547,0,1,19.784371,7.426873,2.104690,1.500000,0.075301
1779543015.254398,0,1,19.776350,7.439549,2.107931,1.500000,0.075301
1779543015.264562,0,1,19.768275,7.452190,2.111347,1.500000,0.075301
1779543015.274576,0,1,19.760169,7.464811,2.114588,1.500000,0.073123
1779543015.284607,0,1,19.752010,7.477398,2.118005,1.500000,0.073123
1779543015.294755,0,1,19.743821,7.489965,2.121245,1.500000,0.073123
1779543015.304806,0,1,19.735579,7.502498,2.124662,1.500000,0.085974
1779543015.314930,0,1,19.727306,7.515010,2.127903,1.500000,0.085974
1779543015.324851,0,1,19.718980,7.527487,2.131319,1.500000,0.085974
1779543015.334796,0,1,19.710624,7.539944,2.134560,1.500000,0.081920
1779543015.344564,0,1,19.702216,7.552366,2.137977,1.500000,0.081920
1779543015.354546,0,1,19.693777,7.564767,2.141217,1.500000,0.081920
1779543015.364489,0,1,19.685286,7.577132,2.144634,1.500000,0.081920
1779543015.374598,0,1,19.676765,7.589477,2.147875,1.500000,0.083062
1779543015.384601,0,1,19.668191,7.601786,2.151291,1.500000,0.083062
1779543015.394403,0,1,19.659588,7.614073,2.154532,1.500000,0.083062
1779543015.404805,0,1,19.650933,7.626324,2.157949,1.500000,0.085362
1779543015.414570,0,1,19.642249,7.638555,2.161189,1.500000,0.085362
1779543015.424480,0,1,19.633512,7.650748,2.164606,1.500000,0.085362
1779543015.435004,0,1,19.624747,7.662920,2.167847,1.500000,0.081236
1779543015.445376,0,1,19.615929,7.675055,2.171263,1.500000,0.081236
1779543015.454625,0,1,19.607082,7.687168,2.174504,1.500000,0.081236
1779543015.464396,0,1,19.598185,7.699244,2.177921,1.500000,0.084344
1779543015.474631,0,1,19.589257,7.711298,2.181162,1.500000,0.084344
1779543015.484482,0,1,19.580279,7.723315,2.184578,1.500000,0.084344
1779543015.494736,0,1,19.571272,7.735309,2.187819,1.500000,0.084344
1779543015.504777,0,1,19.562214,7.747266,2.191235,1.500000,0.084981
1779543015.514659,0,1,19.553127,7.759200,2.194476,1.500000,0.084981
1779543015.524759,0,1,19.543990,7.771096,2.197893,1.500000,0.084981
1779543015.534461,0,1,19.534824,7.782969,2.201134,1.500000,0.080872
1779543015.544562,0,1,19.525608,7.794804,2.204550,1.500000,0.080872
1779543015.554814,0,1,19.516363,7.806616,2.207791,1.500000,0.080872
1779543015.564866,0,1,19.507068,7.818389,2.211207,1.500000,0.082783
1779543015.574740,0,1,19.497744,7.830140,2.214448,1.500000,0.082783
1779543015.584844,0,1,19.488371,7.841851,2.217865,1.500000,0.082783
1779543015.594971,0,1,19.478970,7.853539,2.221106,1.500000,0.085511
1779543015.604747,0,1,19.469519,7.865187,2.224522,1.500000,0.085511
1779543015.614729,0,1,19.460040,7.876812,2.227763,1.500000,0.085511
1779543015.624655,0,1,19.450512,7.888398,2.231179,1.500000,0.080285
1779543015.634777,0,1,19.440956,7.899959,2.234420,1.500000,0.080285
1779543015.644867,0,1,19.431351,7.911481,2.237837,1.500000,0.080285
1779543015.654815,0,1,19.421718,7.922979,2.241078,1.500000,0.081683
1779543015.664789,0,1,19.412036,7.934436,2.244494,1.500000,0.081683
1779543015.674796,0,1,19.402327,7.945870,2.247735,1.500000,0.078897
1779543015.684836,0,1,19.392569,7.957262,2.251151,1.500000,0.078897
1779543015.694728,0,1,19.382784,7.968631,2.254392,1.500000,0.075954
1779543015.704774,0,1,19.372951,7.979958,2.257809,1.500000,0.075954
1779543015.714715,0,1,19.363090,7.991262,2.261050,1.500000,0.072898
1779543015.724886,0,1,19.353182,8.002523,2.264466,1.500000,0.072898
1779543015.734971,0,1,19.343246,8.013761,2.267707,1.500000,0.072898
1779543015.744501,0,1,19.333263,8.024956,2.271123,1.500000,0.068196
1779543015.754826,0,1,19.323253,8.036127,2.274364,1.500000,0.068196
1779543015.765019,0,1,19.313195,8.047256,2.277781,1.500000,0.064802
1779543015.774788,0,1,19.303111,8.058360,2.281022,1.500000,0.064802
1779543015.784772,0,1,19.292979,8.069422,2.284438,1.500000,0.064802
1779543015.794675,0,1,19.282821,8.080459,2.287679,1.500000,0.073607
1779543015.804732,0,1,19.272616,8.091452,2.291095,1.500000,0.073607
1779543015.814894,0,1,19.262385,8.102421,2.294336,1.500000,0.073607
1779543015.824622,0,1,19.252107,8.113347,2.297753,1.500000,0.071542
1779543015.834636,0,1,19.241803,8.124247,2.300994,1.500000,0.071542
1779543015.844444,0,1,19.231453,8.135104,2.304410,1.500000,0.071542
1779543015.854806,0,1,19.221076,8.145936,2.307651,1.500000,0.074455
1779543015.864504,0,1,19.210654,8.156724,2.311068,1.500000,0.074455
1779543015.874860,0,1,19.200206,8.167486,2.314308,1.500000,0.071448
1779543015.884815,0,1,19.189712,8.178205,2.317725,1.500000,0.071448
1779543015.894792,0,1,19.179192,8.188897,2.320966,1.500000,0.071448
1779543015.904864,0,1,19.168627,8.199545,2.324382,1.500000,0.072246
1779543015.914865,0,1,19.158036,8.210168,2.327623,1.500000,0.072246
1779543015.924836,0,1,19.147401,8.220745,2.331040,1.500000,0.069153
1779543015.934768,0,1,19.136739,8.231297,2.334280,1.500000,0.069153
1779543015.944690,0,1,19.126034,8.241803,2.337697,1.500000,0.069153
1779543015.954536,0,1,19.115302,8.252284,2.340938,1.500000,0.069700
1779543015.964864,0,1,19.104527,8.262719,2.344354,1.500000,0.069700
1779543015.974560,0,1,19.093726,8.273127,2.347595,1.500000,0.066535
1779543015.984792,0,1,19.082881,8.283490,2.351012,1.500000,0.066535
1779543015.994596,0,1,19.072011,8.293827,2.354252,1.500000,0.069691
1779543016.004848,0,1,19.061098,8.304117,2.357669,1.500000,0.069691
1779543016.014703,0,1,19.050159,8.314381,2.360910,1.500000,0.069691
1779543016.024393,0,1,19.039178,8.324599,2.364326,1.500000,0.065440
1779543016.034734,0,1,19.028171,8.334790,2.367567,1.500000,0.065440
1779543016.045099,0,1,19.017122,8.344934,2.370984,1.500000,0.066943
1779543016.054726,0,1,19.006047,8.355052,2.374224,1.500000,0.066943
1779543016.064664,0,1,18.994931,8.365122,2.377641,1.500000,0.062630
1779543016.074935,0,1,18.983789,8.375166,2.380882,1.500000,0.062630
1779543016.084861,0,1,18.972606,8.385162,2.384298,1.500000,0.059227
1779543016.094390,0,1,18.961398,8.395131,2.387539,1.500000,0.059227
1779543016.104711,0,1,18.950148,8.405053,2.390956,1.500000,0.059227
1779543016.114956,0,1,18.938874,8.414947,2.394197,1.500000,0.059506
1779543016.124934,0,1,18.927558,8.424794,2.397613,1.500000,0.059506
1779543016.134893,0,1,18.916219,8.434613,2.400854,1.500000,0.056038
1779543016.144438,0,1,18.904838,8.444384,2.404270,1.500000,0.056038
1779543016.154742,0,1,18.893449,8.454146,2.407234,1.500000,0.056038
1779543016.164573,0,1,18.882077,8.463927,2.409535,1.500000,0.056359
1779543016.174786,0,1,18.870695,8.473697,2.411773,1.500000,0.056359
1779543016.184730,0,1,18.859315,8.483470,2.413717,1.500000,0.052769
1779543016.194877,0,1,18.847917,8.493220,2.415776,1.500000,0.052769
1779543016.204802,0,1,18.836514,8.502966,2.417629,1.500000,0.052769
1779543016.214735,0,1,18.825088,8.512685,2.419642,1.500000,0.048267
1779543016.224370,0,1,18.813656,8.522395,2.421469,1.500000,0.048267
1779543016.234783,0,1,18.802198,8.532076,2.423468,1.500000,0.046412
1779543016.244760,0,1,18.790732,8.541747,2.425287,1.500000,0.046412
1779543016.254507,0,1,18.779239,8.551387,2.427281,1.500000,0.044758
1779543016.264580,0,1,18.767738,8.561016,2.429097,1.500000,0.044758
1779543016.274812,0,1,18.756210,8.570613,2.431089,1.500000,0.044758
1779543016.284533,0,1,18.744673,8.580200,2.432904,1.500000,0.053227
1779543016.294843,0,1,18.733110,8.589754,2.434895,1.500000,0.053227
1779543016.304295,0,1,18.721536,8.599296,2.436709,1.500000,0.057495
1779543016.314858,0,1,18.709937,8.608807,2.438700,1.500000,0.057495
1779543016.324832,0,1,18.698328,8.618306,2.440514,1.500000,0.057495
1779543016.334416,0,1,18.686692,8.627772,2.442504,1.500000,0.056268
1779543016.344629,0,1,18.675047,8.637227,2.444319,1.500000,0.056268
1779543016.354750,0,1,18.663376,8.646649,2.446309,1.500000,0.059933
1779543016.364926,0,1,18.651695,8.656059,2.448123,1.500000,0.059933
1779543016.375183,0,1,18.639972,8.665418,2.450390,1.500000,0.058783
1779543016.384625,0,1,18.628185,8.674695,2.453320,1.500000,0.058783
1779543016.394474,0,1,18.616359,8.683922,2.456313,1.500000,0.058783
1779543016.405042,0,1,18.604482,8.693084,2.459600,1.500000,0.061666
1779543016.414696,0,1,18.592576,8.702208,2.462771,1.500000,0.061666
1779543016.424737,0,1,18.580625,8.711273,2.466149,1.500000,0.060354
1779543016.434806,0,1,18.568649,8.720305,2.469367,1.500000,0.060354
1779543016.444810,0,1,18.556632,8.729282,2.472770,1.500000,0.060354
1779543016.454470,0,1,18.544592,8.738228,2.476003,1.500000,0.060570
1779543016.464416,0,1,18.532512,8.747121,2.479414,1.500000,0.060570
1779543016.474369,0,1,18.520411,8.755984,2.482651,1.500000,0.057196
1779543016.484854,0,1,18.508271,8.764794,2.486066,1.500000,0.057196
1779543016.494776,0,1,18.496124,8.773595,2.489028,1.500000,0.053626
1779543016.504796,0,1,18.483991,8.782415,2.491328,1.500000,0.053626
1779543016.514623,0,1,18.471849,8.791223,2.493565,1.500000,0.053626
1779543016.524467,0,1,18.459710,8.800034,2.495508,1.500000,0.055130
1779543016.534332,0,1,18.447553,8.808821,2.497567,1.500000,0.055130
1779543016.544324,0,1,18.435392,8.817603,2.499420,1.500000,0.049916
1779543016.554445,0,1,18.423211,8.826356,2.501432,1.500000,0.049916
1779543016.564757,0,1,18.411023,8.835100,2.503260,1.500000,0.053463
1779543016.574763,0,1,18.398813,8.843812,2.505258,1.500000,0.053463
1779543016.584658,0,1,18.386595,8.852514,2.507078,1.500000,0.051955
1779543016.594629,0,1,18.374353,8.861183,2.509071,1.500000,0.051955
1779543016.604561,0,1,18.362104,8.869840,2.510887,1.500000,0.054821
1779543016.614523,0,1,18.349831,8.878464,2.512879,1.500000,0.054821
1779543016.624698,0,1,18.337549,8.887075,2.514694,1.500000,0.053477
1779543016.634699,0,1,18.325243,8.895653,2.516685,1.500000,0.053477
1779543016.644509,0,1,18.312929,8.904218,2.518500,1.500000,0.053477
1779543016.654486,0,1,18.300591,8.912749,2.520490,1.500000,0.056150
1779543016.664502,0,1,18.288245,8.921268,2.522304,1.500000,0.056150
1779543016.674708,0,1,18.275875,8.929752,2.524295,1.500000,0.054861
1779543016.684826,0,1,18.263496,8.938224,2.526109,1.500000,0.054861
1779543016.694712,0,1,18.251094,8.946661,2.528099,1.500000,0.053499
1779543016.704636,0,1,18.238684,8.955085,2.529913,1.500000,0.053499
1779543016.714554,0,1,18.226249,8.963475,2.531903,1.500000,0.052069
1779543016.724841,0,1,18.213807,8.971853,2.533718,1.500000,0.052069
1779543016.734678,0,1,18.201341,8.980195,2.535707,1.500000,0.050582
1779543016.744673,0,1,18.188866,8.988525,2.537522,1.500000,0.050582
1779543016.754724,0,1,18.176369,8.996820,2.539512,1.500000,0.052794
1779543016.765033,0,1,18.163863,9.005103,2.541326,1.500000,0.052794
1779543016.774506,0,1,18.151334,9.013350,2.543316,1.500000,0.051309
1779543016.784776,0,1,18.138796,9.021585,2.545130,1.500000,0.051309
1779543016.794496,0,1,18.126236,9.029785,2.547120,1.500000,0.051309
1779543016.804496,0,1,18.113667,9.037972,2.548934,1.500000,0.062591
1779543016.814303,0,1,18.101076,9.046124,2.550924,1.500000,0.062591
1779543016.824557,0,1,18.088476,9.054263,2.552739,1.500000,0.059926
1779543016.834746,0,1,18.075840,9.062346,2.555005,1.500000,0.059926
1779543016.844470,0,1,18.063149,9.070342,2.557935,1.500000,0.058706
1779543016.854398,0,1,18.050424,9.078284,2.560928,1.500000,0.058706
1779543016.864311,0,1,18.037655,9.086156,2.564215,1.500000,0.062115
1779543016.874964,0,1,18.024868,9.093997,2.567248,1.500000,0.062115
1779543016.884916,0,1,18.012059,9.101802,2.570206,1.500000,0.060752
1779543016.894795,0,1,17.999211,9.109543,2.573481,1.500000,0.060752
1779543016.904779,0,1,17.986339,9.117246,2.576649,1.500000,0.060752
1779543016.914745,0,1,17.973432,9.124888,2.580028,1.500000,0.060748
1779543016.924728,0,1,17.960505,9.132496,2.583248,1.500000,0.060748
1779543016.934855,0,1,17.947544,9.140047,2.586653,1.500000,0.057775
1779543016.944686,0,1,17.934564,9.147564,2.589887,1.500000,0.057775
1779543016.954922,0,1,17.921551,9.155026,2.593299,1.500000,0.059184
1779543016.964608,0,1,17.908532,9.162476,2.596260,1.500000,0.059184
1779543016.974633,0,1,17.895525,9.169947,2.598560,1.500000,0.055672
1779543016.984538,0,1,17.882498,9.177384,2.601073,1.500000,0.055672
1779543016.994389,0,1,17.869430,9.184746,2.604132,1.500000,0.057824
1779543017.004505,0,1,17.856348,9.192086,2.606917,1.500000,0.057824
1779543017.014711,0,1,17.843274,9.199439,2.609127,1.500000,0.057824
1779543017.024424,0,1,17.830189,9.206773,2.611317,1.500000,0.052549
1779543017.034633,0,1,17.817104,9.214107,2.613235,1.500000,0.052549
1779543017.045143,0,1,17.804003,9.221412,2.615281,1.500000,0.051337
1779543017.054358,0,1,17.790898,9.228709,2.617126,1.500000,0.051337
1779543017.064449,0,1,17.777775,9.235974,2.619133,1.500000,0.052267
1779543017.074415,0,1,17.764646,9.243229,2.620958,1.500000,0.052267
1779543017.085150,0,1,17.751497,9.250449,2.622954,1.500000,0.050582
1779543017.094496,0,1,17.738343,9.257657,2.624772,1.500000,0.050582
1779543017.104728,0,1,17.725169,9.264829,2.626765,1.500000,0.050582
1779543017.114645,0,1,17.711987,9.271988,2.628581,1.500000,0.053092
1779543017.124818,0,1,17.698787,9.279112,2.630572,1.500000,0.053092
1779543017.134336,0,1,17.685579,9.286222,2.632387,1.500000,0.051685
1779543017.144505,0,1,17.672351,9.293295,2.634378,1.500000,0.051685
1779543017.154601,0,1,17.659117,9.300355,2.636192,1.500000,0.054909
1779543017.164754,0,1,17.645863,9.307379,2.638182,1.500000,0.054909
1779543017.174493,0,1,17.632602,9.314389,2.639997,1.500000,0.053581
1779543017.184407,0,1,17.619321,9.321362,2.641987,1.500000,0.053581
1779543017.194318,0,1,17.606033,9.328321,2.643801,1.500000,0.052179
1779543017.204779,0,1,17.592726,9.335244,2.645791,1.500000,0.052179
1779543017.214475,0,1,17.579412,9.342153,2.647606,1.500000,0.050709
1779543017.224709,0,1,17.566079,9.349025,2.649596,1.500000,0.050709
1779543017.234953,0,1,17.552738,9.355883,2.651410,1.500000,0.052635
1779543017.245153,0,1,17.539379,9.362704,2.653400,1.500000,0.052635
1779543017.254649,0,1,17.526013,9.369512,2.655214,1.500000,0.052635
1779543017.264601,0,1,17.512628,9.376282,2.657204,1.500000,0.054614
1779543017.274579,0,1,17.499236,9.383039,2.659018,1.500000,0.054614
1779543017.284633,0,1,17.485825,9.389758,2.661008,1.500000,0.054614
1779543017.294667,0,1,17.472407,9.396464,2.662823,1.500000,0.052418
1779543017.304527,0,1,17.458971,9.403132,2.664812,1.500000,0.052418
1779543017.314840,0,1,17.445528,9.409787,2.666627,1.500000,0.057603
1779543017.324798,0,1,17.432066,9.416404,2.668617,1.500000,0.057603
1779543017.334747,0,1,17.418598,9.423007,2.670431,1.500000,0.056316
1779543017.344780,0,1,17.405111,9.429573,2.672421,1.500000,0.056316
1779543017.354579,0,1,17.391618,9.436125,2.674235,1.500000,0.056316
1779543017.364494,0,1,17.378106,9.442640,2.676225,1.500000,0.059264
1779543017.374306,0,1,17.364588,9.449141,2.678039,1.500000,0.059264
1779543017.384615,0,1,17.351041,9.455581,2.680306,1.500000,0.057453
1779543017.394619,0,1,17.337450,9.461928,2.683236,1.500000,0.057453
1779543017.404891,0,1,17.323843,9.468240,2.685952,1.500000,0.060364
1779543017.414596,0,1,17.310238,9.474558,2.688123,1.500000,0.060364
1779543017.424589,0,1,17.296611,9.480827,2.690569,1.500000,0.059146
1779543017.434840,0,1,17.282946,9.487012,2.693589,1.500000,0.059146
1779543017.444739,0,1,17.269257,9.493144,2.696629,1.500000,0.061701
1779543017.454252,0,1,17.255536,9.499206,2.699942,1.500000,0.061701
1779543017.464456,0,1,17.241797,9.505226,2.703127,1.500000,0.061701
1779543017.474536,0,1,17.228030,9.511181,2.706513,1.500000,0.057737
1779543017.484367,0,1,17.214246,9.517099,2.709736,1.500000,0.057737
1779543017.494660,0,1,17.200437,9.522955,2.713142,1.500000,0.057737
1779543017.504696,0,1,17.186622,9.528798,2.716100,1.500000,0.059681
1779543017.514332,0,1,17.172816,9.534663,2.718397,1.500000,0.059681
1779543017.525140,0,1,17.158994,9.540490,2.720909,1.500000,0.053582
1779543017.534614,0,1,17.145139,9.546239,2.723966,1.500000,0.053582
1779543017.544601,0,1,17.131274,9.551963,2.726751,1.500000,0.055433
1779543017.554650,0,1,17.117415,9.557701,2.728960,1.500000,0.055433
1779543017.564797,0,1,17.103548,9.563418,2.731150,1.500000,0.052050
1779543017.574534,0,1,17.089680,9.569135,2.733068,1.500000,0.052050
1779543017.584556,0,1,17.075799,9.574821,2.735113,1.500000,0.049171
1779543017.594886,0,1,17.061916,9.580500,2.736958,1.500000,0.049171
1779543017.604673,0,1,17.048018,9.586144,2.738965,1.500000,0.050813
1779543017.614277,0,1,17.034116,9.591777,2.740790,1.500000,0.050813
1779543017.624614,0,1,17.020199,9.597374,2.742786,1.500000,0.049067
1779543017.634717,0,1,17.006277,9.602958,2.744605,1.500000,0.049067
1779543017.644775,0,1,16.992340,9.608503,2.746597,1.500000,0.047435
1779543017.654639,0,1,16.978398,9.614036,2.748413,1.500000,0.047435
1779543017.664735,0,1,16.964440,9.619530,2.750404,1.500000,0.050099
1779543017.674710,0,1,16.950477,9.625010,2.752219,1.500000,0.050099
1779543017.684764,0,1,16.936499,9.630451,2.754210,1.500000,0.048584
1779543017.694808,0,1,16.922515,9.635879,2.756024,1.500000,0.048584
1779543017.704630,0,1,16.908516,9.641267,2.758015,1.500000,0.047004
1779543017.715149,0,1,16.894512,9.646642,2.759829,1.500000,0.047004
1779543017.724771,0,1,16.880493,9.651977,2.761819,1.500000,0.047004
1779543017.734715,0,1,16.866469,9.657299,2.763634,1.500000,0.044459
1779543017.744671,0,1,16.852430,9.662581,2.765624,1.500000,0.044459
1779543017.754808,0,1,16.838385,9.667848,2.767438,1.500000,0.042727
1779543017.764922,0,1,16.824326,9.673077,2.769428,1.500000,0.042727
1779543017.774874,0,1,16.810262,9.678292,2.771242,1.500000,0.042727
1779543017.784680,0,1,16.796183,9.683467,2.773232,1.500000,0.040050
1779543017.795898,0,1,16.782098,9.688628,2.775046,1.500000,0.040050
1779543017.804436,0,1,16.768000,9.693749,2.777036,1.500000,0.040050
1779543017.814570,0,1,16.753896,9.698857,2.778851,1.500000,0.050994
1779543017.824575,0,1,16.739778,9.703924,2.780840,1.500000,0.050994
1779543017.834960,0,1,16.725655,9.708978,2.782655,1.500000,0.049502
1779543017.844429,0,1,16.711518,9.713992,2.784645,1.500000,0.049502
1779543017.854303,0,1,16.697376,9.718992,2.786459,1.500000,0.052863
1779543017.864518,0,1,16.683220,9.723952,2.788449,1.500000,0.052863
1779543017.874779,0,1,16.669059,9.728898,2.790263,1.500000,0.051488
1779543017.884454,0,1,16.654884,9.733805,2.792253,1.500000,0.051488
1779543017.894311,0,1,16.640704,9.738697,2.794067,1.500000,0.051488
1779543017.904476,0,1,16.626510,9.743549,2.796057,1.500000,0.054733
1779543017.915166,0,1,16.612312,9.748388,2.797872,1.500000,0.054733
1779543017.924701,0,1,16.598100,9.753186,2.799861,1.500000,0.051928
1779543017.934703,0,1,16.583884,9.757970,2.801676,1.500000,0.051928
1779543017.944789,0,1,16.569654,9.762715,2.803666,1.500000,0.050465
1779543017.954937,0,1,16.555419,9.767445,2.805480,1.500000,0.050465
1779543017.964608,0,1,16.541171,9.772135,2.807470,1.500000,0.050465
1779543017.974657,0,1,16.526919,9.776811,2.809284,1.500000,0.052230
1779543017.984755,0,1,16.512653,9.781446,2.811274,1.500000,0.052230
1779543017.994731,0,1,16.498383,9.786068,2.813088,1.500000,0.050761
1779543018.004847,0,1,16.484100,9.790650,2.815078,1.500000,0.050761
1779543018.014624,0,1,16.469812,9.795217,2.816892,1.500000,0.050761
1779543018.024789,0,1,16.455511,9.799744,2.818882,1.500000,0.053260
1779543018.034491,0,1,16.441206,9.804257,2.820697,1.500000,0.053260
1779543018.044911,0,1,16.426889,9.808730,2.822687,1.500000,0.055697
1779543018.054754,0,1,16.412567,9.813188,2.824501,1.500000,0.055697
1779543018.065020,0,1,16.398232,9.817607,2.826491,1.500000,0.055697
1779543018.074794,0,1,16.383893,9.822011,2.828305,1.500000,0.052818
1779543018.084794,0,1,16.369542,9.826374,2.830295,1.500000,0.052818
1779543018.094692,0,1,16.355186,9.830724,2.832109,1.500000,0.051366
1779543018.104875,0,1,16.340819,9.835033,2.834099,1.500000,0.051366
1779543018.114677,0,1,16.326447,9.839327,2.835913,1.500000,0.051366
1779543018.124721,0,1,16.312063,9.843582,2.837903,1.500000,0.053091
1779543018.134726,0,1,16.297674,9.847822,2.839718,1.500000,0.053091
1779543018.144527,0,1,16.283274,9.852021,2.841708,1.500000,0.054602
1779543018.154459,0,1,16.268870,9.856207,2.843522,1.500000,0.054602
1779543018.164683,0,1,16.254454,9.860352,2.845512,1.500000,0.054602
1779543018.174691,0,1,16.240034,9.864482,2.847326,1.500000,0.053249
1779543018.184746,0,1,16.225602,9.868572,2.849316,1.500000,0.053249
1779543018.194739,0,1,16.211167,9.872648,2.851130,1.500000,0.051780
1779543018.204479,0,1,16.196719,9.876683,2.853120,1.500000,0.051780
1779543018.214756,0,1,16.182268,9.880703,2.854934,1.500000,0.050243
1779543018.224960,0,1,16.167806,9.884683,2.856924,1.500000,0.050243
1779543018.234752,0,1,16.153340,9.888649,2.858739,1.500000,0.048637
1779543018.244728,0,1,16.138862,9.892574,2.860729,1.500000,0.048637
1779543018.254751,0,1,16.124381,9.896484,2.862543,1.500000,0.046969
1779543018.264804,0,1,16.109889,9.900354,2.864533,1.500000,0.046969
1779543018.274719,0,1,16.095393,9.904210,2.866347,1.500000,0.046969
1779543018.284567,0,1,16.080886,9.908024,2.868337,1.500000,0.044419
1779543018.294427,0,1,16.066375,9.911825,2.870151,1.500000,0.044419
1779543018.304952,0,1,16.051854,9.915584,2.872141,1.500000,0.044419
1779543018.314510,0,1,16.037329,9.919329,2.873955,1.500000,0.044234
1779543018.324855,0,1,16.022794,9.923033,2.875945,1.500000,0.044234
1779543018.334980,0,1,16.008255,9.926723,2.877760,1.500000,0.044234
1779543018.344981,0,1,15.993705,9.930372,2.879750,1.500000,0.051109
1779543018.355433,0,1,15.979152,9.934006,2.881564,1.500000,0.051109
1779543018.364613,0,1,15.964589,9.937600,2.883554,1.500000,0.051109
1779543018.374745,0,1,15.950022,9.941179,2.885368,1.500000,0.054243
1779543018.384823,0,1,15.935446,9.944717,2.887358,1.500000,0.054243
1779543018.394737,0,1,15.920865,9.948241,2.889172,1.500000,0.054243
1779543018.405590,0,1,15.906275,9.951723,2.891162,1.500000,0.054804
1779543018.414786,0,1,15.891682,9.955191,2.892976,1.500000,0.054804
1779543018.424525,0,1,15.877078,9.958619,2.894966,1.500000,0.054804
1779543018.434823,0,1,15.862472,9.962031,2.896781,1.500000,0.052695
1779543018.445255,0,1,15.847855,9.965403,2.898771,1.500000,0.052695
1779543018.454439,0,1,15.833236,9.968760,2.900585,1.500000,0.052695
1779543018.464565,0,1,15.818607,9.972075,2.902575,1.500000,0.052695
1779543018.474645,0,1,15.803975,9.975377,2.904389,1.500000,0.053416
1779543018.484934,0,1,15.789333,9.978637,2.906379,1.500000,0.053416
1779543018.494928,0,1,15.774689,9.981883,2.908193,1.500000,0.053416
1779543018.504514,0,1,15.760035,9.985087,2.910183,1.500000,0.054561
1779543018.515248,0,1,15.745378,9.988277,2.911997,1.500000,0.054561
1779543018.524631,0,1,15.730712,9.991426,2.913987,1.500000,0.054561
1779543018.534469,0,1,15.716044,9.994560,2.915802,1.500000,0.052375
1779543018.544782,0,1,15.701366,9.997653,2.917791,1.500000,0.052375
1779543018.554585,0,1,15.686685,10.000731,2.919606,1.500000,0.052375
1779543018.564475,0,1,15.671996,10.003768,2.921596,1.500000,0.052375
1779543018.574331,0,1,15.657303,10.006790,2.923410,1.500000,0.053447
1779543018.585077,0,1,15.642603,10.009772,2.925400,1.500000,0.053447
1779543018.594491,0,1,15.627899,10.012738,2.927214,1.500000,0.053447
1779543018.604695,0,1,15.613187,10.015663,2.929204,1.500000,0.053964
1779543018.614566,0,1,15.598472,10.018574,2.931018,1.500000,0.053964
1779543018.624986,0,1,15.583749,10.021443,2.933008,1.500000,0.053964
1779543018.634736,0,1,15.569023,10.024298,2.934823,1.500000,0.051754
1779543018.644490,0,1,15.554289,10.027111,2.936812,1.500000,0.051754
1779543018.654700,0,1,15.539553,10.029909,2.938627,1.500000,0.051754
1779543018.665050,0,1,15.524808,10.032667,2.940617,1.500000,0.053005
1779543018.674933,0,1,15.510061,10.035409,2.942431,1.500000,0.053005
1779543018.684764,0,1,15.495306,10.038110,2.944421,1.500000,0.051556
1779543018.694525,0,1,15.480549,10.040796,2.946235,1.500000,0.051556
1779543018.704945,0,1,15.465784,10.043441,2.948225,1.500000,0.051556
1779543018.714783,0,1,15.451016,10.046071,2.950039,1.500000,0.049129
1779543018.724866,0,1,15.436241,10.048660,2.952029,1.500000,0.049129
1779543018.735102,0,1,15.421464,10.051234,2.953844,1.500000,0.047494
1779543018.744836,0,1,15.406679,10.053766,2.955833,1.500000,0.047494
1779543018.754854,0,1,15.391892,10.056284,2.957648,1.500000,0.045761
1779543018.764620,0,1,15.377098,10.058760,2.959638,1.500000,0.045761
1779543018.774844,0,1,15.362301,10.061222,2.961452,1.500000,0.045761
1779543018.784893,0,1,15.347498,10.063642,2.963442,1.500000,0.045691
1779543018.794498,0,1,15.332692,10.066047,2.965256,1.500000,0.045691
1779543018.804827,0,1,15.317879,10.068410,2.967246,1.500000,0.045691
1779543018.815049,0,1,15.303064,10.070759,2.969060,1.500000,0.051811
1779543018.825305,0,1,15.288243,10.073066,2.971050,1.500000,0.051811
1779543018.834444,0,1,15.273419,10.075359,2.972865,1.500000,0.050281
1779543018.844867,0,1,15.258589,10.077609,2.974854,1.500000,0.050281
1779543018.854604,0,1,15.243756,10.079845,2.976669,1.500000,0.050281
1779543018.864421,0,1,15.228918,10.082040,2.978659,1.500000,0.051380
1779543018.874559,0,1,15.214077,10.084219,2.980473,1.500000,0.051380
1779543018.884468,0,1,15.199230,10.086357,2.982463,1.500000,0.049887
1779543018.894956,0,1,15.184381,10.088480,2.984277,1.500000,0.049887
1779543018.904706,0,1,15.169526,10.090562,2.986267,1.500000,0.049887
1779543018.914725,0,1,15.154669,10.092628,2.988081,1.500000,0.050778
1779543018.924601,0,1,15.139806,10.094653,2.990071,1.500000,0.050778
1779543018.934353,0,1,15.124942,10.096663,2.991886,1.500000,0.050778
1779543018.944667,0,1,15.110071,10.098632,2.993875,1.500000,0.052421
1779543018.954667,0,1,15.095199,10.100585,2.995690,1.500000,0.052421
1779543018.964450,0,1,15.080321,10.102497,2.997680,1.500000,0.050290
1779543018.974268,0,1,15.065442,10.104394,2.999494,1.500000,0.050290
1779543018.984762,0,1,15.050557,10.106249,3.001484,1.500000,0.050290
1779543018.994519,0,1,15.035670,10.108089,3.003298,1.500000,0.051751
1779543019.004631,0,1,15.020779,10.109888,3.005288,1.500000,0.051751
1779543019.014755,0,1,15.005885,10.111671,3.007102,1.500000,0.049576
1779543019.025398,0,1,14.990987,10.113413,3.009092,1.500000,0.049576
1779543019.034612,0,1,14.976086,10.115140,3.010906,1.500000,0.048023
1779543019.044356,0,1,14.961181,10.116825,3.012896,1.500000,0.048023
1779543019.054669,0,1,14.946275,10.118495,3.014711,1.500000,0.048023
1779543019.064805,0,1,14.931363,10.120124,3.016701,1.500000,0.048983
1779543019.074464,0,1,14.916450,10.121737,3.018515,1.500000,0.048983
1779543019.084544,0,1,14.901533,10.123309,3.020505,1.500000,0.047397
1779543019.094775,0,1,14.886614,10.124866,3.022319,1.500000,0.047397
1779543019.104769,0,1,14.871691,10.126381,3.024309,1.500000,0.047397
1779543019.114664,0,1,14.856766,10.127881,3.026123,1.500000,0.048160
1779543019.124746,0,1,14.841837,10.129339,3.028113,1.500000,0.048160
1779543019.134779,0,1,14.826906,10.130782,3.029927,1.500000,0.046580
1779543019.144586,0,1,14.811972,10.132183,3.031917,1.500000,0.046580
1779543019.154425,0,1,14.797036,10.133570,3.033732,1.500000,0.046580
1779543019.165284,0,1,14.782097,10.134914,3.035722,1.500000,0.046580
1779543019.174729,0,1,14.767156,10.136244,3.037536,1.500000,0.046539
1779543019.184502,0,1,14.752211,10.137532,3.039526,1.500000,0.046539
1779543019.194444,0,1,14.737265,10.138804,3.041340,1.500000,0.044930
1779543019.205086,0,1,14.722316,10.140035,3.043330,1.500000,0.044930
1779543019.214328,0,1,14.707365,10.141251,3.045144,1.500000,0.043184
1779543019.224255,0,1,14.692411,10.142425,3.047134,1.500000,0.043184
1779543019.235014,0,1,14.677456,10.143584,3.048948,1.500000,0.043184
1779543019.244566,0,1,14.662498,10.144701,3.050938,1.500000,0.041377
1779543019.254408,0,1,14.647538,10.145803,3.052753,1.500000,0.041377
1779543019.264478,0,1,14.632576,10.146863,3.054743,1.500000,0.038604
1779543019.274573,0,1,14.617612,10.147909,3.056557,1.500000,0.038604
1779543019.284735,0,1,14.602646,10.148912,3.058547,1.500000,0.036615
1779543019.294749,0,1,14.587678,10.149900,3.060361,1.500000,0.036615
1779543019.304913,0,1,14.572708,10.150846,3.062351,1.500000,0.036615
1779543019.314424,0,1,14.557737,10.151778,3.064165,1.500000,0.035884
1779543019.324608,0,1,14.542764,10.152667,3.066155,1.500000,0.035884
1779543019.334899,0,1,14.527789,10.153541,3.067969,1.500000,0.033802
1779543019.344751,0,1,14.512812,10.154374,3.069959,1.500000,0.033802
1779543019.354692,0,1,14.497834,10.155191,3.071774,1.500000,0.033802
1779543019.364496,0,1,14.482854,10.155966,3.073764,1.500000,0.043812
1779543019.374774,0,1,14.467874,10.156727,3.075578,1.500000,0.043812
1779543019.384564,0,1,14.452891,10.157445,3.077568,1.500000,0.042103
1779543019.394459,0,1,14.437907,10.158148,3.079382,1.500000,0.042103
1779543019.404967,0,1,14.422922,10.158810,3.081372,1.500000,0.042103
1779543019.414510,0,1,14.407936,10.159456,3.083186,1.500000,0.042646
1779543019.424356,0,1,14.392948,10.160061,3.085176,1.500000,0.042646
1779543019.434767,0,1,14.377960,10.160650,3.086990,1.500000,0.040889
1779543019.445197,0,1,14.362970,10.161197,3.088980,1.500000,0.040889
1779543019.454511,0,1,14.347979,10.161730,3.090795,1.500000,0.040889
1779543019.464806,0,1,14.332987,10.162220,3.092785,1.500000,0.041653
1779543019.474458,0,1,14.317995,10.162695,3.094599,1.500000,0.041653
1779543019.484540,0,1,14.303001,10.163129,3.096589,1.500000,0.041653
1779543019.494503,0,1,14.288007,10.163547,3.098403,1.500000,0.038885
1779543019.504809,0,1,14.273012,10.163923,3.100393,1.500000,0.038885
1779543019.515082,0,1,14.258016,10.164284,3.102207,1.500000,0.038885
1779543019.524700,0,1,14.243019,10.164603,3.104197,1.500000,0.039658
1779543019.534666,0,1,14.228022,10.164908,3.106011,1.500000,0.039658
1779543019.544954,0,1,14.213025,10.165170,3.108001,1.500000,0.039658
1779543019.554722,0,1,14.198027,10.165417,3.109816,1.500000,0.040240
1779543019.564663,0,1,14.183028,10.165622,3.111806,1.500000,0.040240
1779543019.574931,0,1,14.168029,10.165812,3.113620,1.500000,0.040240
1779543019.584476,0,1,14.153030,10.165960,3.115610,1.500000,0.037576
1779543019.594390,0,1,14.138031,10.166093,3.117424,1.500000,0.037576
1779543019.604752,0,1,14.123031,10.166184,3.119414,1.500000,0.039144
1779543019.615010,0,1,14.108031,10.166260,3.121228,1.500000,0.039144
1779543019.624565,0,1,14.093031,10.166294,3.123218,1.500000,0.037300
1779543019.634737,0,1,14.078031,10.166313,3.125032,1.500000,0.037300
1779543019.644938,0,1,14.063031,10.166290,3.127022,1.500000,0.037300
1779543019.654709,0,1,14.048031,10.166251,3.128837,1.500000,0.037857
1779543019.664799,0,1,14.033032,10.166171,3.130826,1.500000,0.037857
1779543019.674783,0,1,14.018032,10.166076,3.132641,1.500000,0.037857
1779543019.684760,0,1,14.003033,10.165939,3.134631,1.500000,0.035984
1779543019.694580,0,1,13.988033,10.165786,3.136445,1.500000,0.035984
1779543019.704881,0,1,13.973035,10.165592,3.138435,1.500000,0.033113
1779543019.714874,0,1,13.958036,10.165383,3.140249,1.500000,0.033113
1779543019.724811,0,1,13.943038,10.165131,3.142239,1.500000,0.033113
1779543019.734705,0,1,13.928041,10.164865,3.144053,1.500000,0.029982
1779543019.744915,0,1,13.913044,10.164556,3.146043,1.500000,0.029982
1779543019.754844,0,1,13.898047,10.164233,3.147858,1.500000,0.030260
1779543019.764802,0,1,13.883052,10.163867,3.149847,1.500000,0.030260
1779543019.774662,0,1,13.868057,10.163487,3.151662,1.500000,0.030260
1779543019.784834,0,1,13.853062,10.163064,3.153652,1.500000,0.028097
1779543019.794749,0,1,13.838069,10.162627,3.155466,1.500000,0.028097
1779543019.804424,0,1,13.823077,10.162147,3.157456,1.500000,0.034003
1779543019.815261,0,1,13.808085,10.161653,3.159270,1.500000,0.034003
1779543019.824827,0,1,13.793094,10.161116,3.161260,1.500000,0.034003
1779543019.834961,0,1,13.778104,10.160564,3.163074,1.500000,0.030950
1779543019.844679,0,1,13.763116,10.159971,3.165064,1.500000,0.030950
1779543019.854382,0,1,13.748129,10.159362,3.166879,1.500000,0.032543
1779543019.864899,0,1,13.733143,10.158711,3.168868,1.500000,0.032543
1779543019.874547,0,1,13.718157,10.158046,3.170683,1.500000,0.032543
1779543019.884729,0,1,13.703174,10.157338,3.172673,1.500000,0.029570
1779543019.894809,0,1,13.688192,10.156615,3.174487,1.500000,0.029570
1779543019.904603,0,1,13.673211,10.155851,3.176477,1.500000,0.029570
1779543019.915234,0,1,13.658231,10.155071,3.178291,1.500000,0.030102
1779543019.924660,0,1,13.643254,10.154250,3.180281,1.500000,0.030102
1779543019.935154,0,1,13.628277,10.153413,3.182095,1.500000,0.028020
1779543019.944613,0,1,13.613303,10.152534,3.184085,1.500000,0.028020
1779543019.955150,0,1,13.598330,10.151641,3.185900,1.500000,0.028020
1779543019.965112,0,1,13.583359,10.150705,3.187889,1.500000,0.028020
1779543019.974580,0,1,13.568389,10.149755,3.189704,1.500000,0.027584
1779543019.984676,0,1,13.553422,10.148762,3.191694,1.500000,0.027584
1779543019.994838,0,1,13.538456,10.147755,3.193508,1.500000,0.025389
1779543020.004969,0,1,13.523493,10.146705,3.195498,1.500000,0.025389
1779543020.014780,0,1,13.508529,10.145666,3.197035,1.500000,0.025389
1779543020.024806,0,1,13.493562,10.144672,3.197910,1.500000,0.026072
1779543020.034844,0,1,13.478594,10.143685,3.198721,1.500000,0.026072
1779543020.044725,0,1,13.463625,10.142723,3.199238,1.500000,0.023869
1779543020.054570,0,1,13.448656,10.141754,3.199871,1.500000,0.023869
1779543020.065004,0,1,13.433687,10.140800,3.200297,1.500000,0.023869
1779543020.074716,0,1,13.418718,10.139831,3.200883,1.500000,0.025503
1779543020.084405,0,1,13.403749,10.138873,3.201284,1.500000,0.025503
1779543020.095697,0,1,13.388780,10.137897,3.201856,1.500000,0.025503
1779543020.104749,0,1,13.373812,10.136930,3.202249,1.500000,0.029609
1779543020.114681,0,1,13.358844,10.135944,3.202816,1.500000,0.029609
1779543020.124496,0,1,13.343876,10.134965,3.203206,1.500000,0.029147
1779543020.134590,0,1,13.328911,10.133942,3.204048,1.500000,0.029147
1779543020.144899,0,1,13.313952,10.132837,3.205552,1.500000,0.033071
1779543020.154693,0,1,13.298996,10.131691,3.207119,1.500000,0.033071
1779543020.164982,0,1,13.284044,10.130484,3.208980,1.500000,0.033071
1779543020.174329,0,1,13.269095,10.129249,3.210725,1.500000,0.033040
1779543020.184880,0,1,13.254150,10.127964,3.212676,1.500000,0.033040
1779543020.194727,0,1,13.239207,10.126658,3.214468,1.500000,0.032238
1779543020.204736,0,1,13.224268,10.125306,3.216445,1.500000,0.032238
1779543020.214781,0,1,13.209331,10.123935,3.218251,1.500000,0.030508
1779543020.224676,0,1,13.194398,10.122521,3.220236,1.500000,0.030508
1779543020.234812,0,1,13.179466,10.121090,3.222047,1.500000,0.030508
1779543020.244557,0,1,13.164539,10.119617,3.224034,1.500000,0.028511
1779543020.254551,0,1,13.149613,10.118128,3.225847,1.500000,0.028511
1779543020.264531,0,1,13.134691,10.116596,3.227836,1.500000,0.025300
1779543020.274571,0,1,13.119771,10.115049,3.229649,1.500000,0.025300
1779543020.284473,0,1,13.104856,10.113461,3.231639,1.500000,0.025300
1779543020.294400,0,1,13.089939,10.111881,3.233176,1.500000,0.024154
1779543020.304433,0,1,13.075018,10.110348,3.234050,1.500000,0.024154
1779543020.314445,0,1,13.060096,10.108821,3.234861,1.500000,0.028860
1779543020.324672,0,1,13.045171,10.107319,3.235378,1.500000,0.028860
1779543020.334773,0,1,13.030250,10.105785,3.236288,1.500000,0.028860
1779543020.344850,0,1,13.015336,10.104178,3.237830,1.500000,0.032215
1779543020.354390,0,1,13.000426,10.102535,3.239419,1.500000,0.032215
1779543020.364845,0,1,12.985523,10.100836,3.241292,1.500000,0.032215
1779543020.374829,0,1,12.970622,10.099112,3.243045,1.500000,0.031396
1779543020.384725,0,1,12.955727,10.097340,3.245002,1.500000,0.031396
1779543020.394736,0,1,12.940835,10.095548,3.246797,1.500000,0.034370
1779543020.404866,0,1,12.925948,10.093711,3.248776,1.500000,0.034370
1779543020.414573,0,1,12.911063,10.091857,3.250584,1.500000,0.032114
1779543020.424750,0,1,12.896183,10.089960,3.252569,1.500000,0.032114
1779543020.434491,0,1,12.881306,10.088047,3.254381,1.500000,0.032114
1779543020.444735,0,1,12.866434,10.086091,3.256369,1.500000,0.033312
1779543020.454735,0,1,12.851564,10.084119,3.258182,1.500000,0.033312
1779543020.464678,0,1,12.836700,10.082106,3.260171,1.500000,0.030748
1779543020.474987,0,1,12.821837,10.080077,3.261985,1.500000,0.030748
1779543020.484775,0,1,12.806981,10.078007,3.263974,1.500000,0.027561
1779543020.494341,0,1,12.792127,10.075922,3.265788,1.500000,0.027561
1779543020.504528,0,1,12.777278,10.073795,3.267778,1.500000,0.027561
1779543020.514676,0,1,12.762432,10.071653,3.269592,1.500000,0.029098
1779543020.525542,0,1,12.747592,10.069469,3.271582,1.500000,0.029098
1779543020.534592,0,1,12.732754,10.067270,3.273396,1.500000,0.026983
1779543020.544716,0,1,12.717922,10.065030,3.275386,1.500000,0.026983
1779543020.554373,0,1,12.703093,10.062775,3.277200,1.500000,0.026983
1779543020.564734,0,1,12.688269,10.060479,3.279190,1.500000,0.027595
1779543020.574505,0,1,12.673449,10.058167,3.281004,1.500000,0.027595
1779543020.585251,0,1,12.658634,10.055814,3.282994,1.500000,0.025423
1779543020.594782,0,1,12.643822,10.053446,3.284809,1.500000,0.025423
1779543020.604594,0,1,12.629017,10.051037,3.286799,1.500000,0.025423
1779543020.615289,0,1,12.614210,10.048638,3.288336,1.500000,0.025865
1779543020.624693,0,1,12.599396,10.046284,3.289210,1.500000,0.025865
1779543020.634702,0,1,12.584581,10.043936,3.290022,1.500000,0.023662
1779543020.644999,0,1,12.569762,10.041614,3.290539,1.500000,0.023662
1779543020.654788,0,1,12.554944,10.039283,3.291172,1.500000,0.023662
1779543020.664686,0,1,12.540124,10.036968,3.291598,1.500000,0.024496
1779543020.675066,0,1,12.525306,10.034639,3.292184,1.500000,0.024496
1779543020.684933,0,1,12.510486,10.032320,3.292585,1.500000,0.023928
1779543020.694800,0,1,12.495669,10.029984,3.293157,1.500000,0.023928
1779543020.704931,0,1,12.480851,10.027656,3.293550,1.500000,0.023829
1779543020.714394,0,1,12.466035,10.025309,3.294116,1.500000,0.023829
1779543020.724908,0,1,12.451219,10.022970,3.294506,1.500000,0.023833
1779543020.734885,0,1,12.436406,10.020611,3.295071,1.500000,0.023833
1779543020.744786,0,1,12.421591,10.018258,3.295460,1.500000,0.023890
1779543020.754402,0,1,12.406780,10.015886,3.296024,1.500000,0.023890
1779543020.764733,0,1,12.391968,10.013520,3.296412,1.500000,0.023890
1779543020.774765,0,1,12.377159,10.011134,3.296976,1.500000,0.026448
1779543020.784433,0,1,12.362349,10.008755,3.297364,1.500000,0.026448
1779543020.795003,0,1,12.347542,10.006355,3.297928,1.500000,0.026448
1779543020.804758,0,1,12.332734,10.003961,3.298315,1.500000,0.035632
1779543020.814658,0,1,12.317930,10.001547,3.298879,1.500000,0.035632
1779543020.824674,0,1,12.303124,9.999140,3.299267,1.500000,0.035576
1779543020.834729,0,1,12.288326,9.996688,3.300107,1.500000,0.035576
1779543020.844668,0,1,12.273542,9.994154,3.301610,1.500000,0.039504
1779543020.854487,0,1,12.258764,9.991579,3.303177,1.500000,0.039504
1779543020.864673,0,1,12.243997,9.988945,3.305037,1.500000,0.039433
1779543020.874591,0,1,12.229235,9.986283,3.306782,1.500000,0.039433
1779543020.884647,0,1,12.214483,9.983570,3.308733,1.500000,0.039433
1779543020.894744,0,1,12.199734,9.980837,3.310525,1.500000,0.039089
1779543020.904389,0,1,12.184993,9.978059,3.312501,1.500000,0.039089
1779543020.914524,0,1,12.170256,9.975262,3.314307,1.500000,0.040728
1779543020.924946,0,1,12.155528,9.972422,3.316292,1.500000,0.040728
1779543020.934782,0,1,12.140802,9.969566,3.318103,1.500000,0.040728
1779543020.944305,0,1,12.126085,9.966668,3.320090,1.500000,0.038170
1779543020.954478,0,1,12.111371,9.963754,3.321903,1.500000,0.038170
1779543020.964596,0,1,12.096665,9.960798,3.323892,1.500000,0.038170
1779543020.974809,0,1,12.081962,9.957828,3.325705,1.500000,0.038325
1779543020.985904,0,1,12.067267,9.954816,3.327695,1.500000,0.038325
1779543020.994698,0,1,12.052576,9.951789,3.329509,1.500000,0.038325
1779543021.005159,0,1,12.037893,9.948721,3.331498,1.500000,0.038745
1779543021.017568,0,1,12.023213,9.945638,3.333313,1.500000,0.038745
1779543021.026552,0,1,12.008542,9.942514,3.335302,1.500000,0.038745
1779543021.035087,0,1,11.993874,9.939375,3.337117,1.500000,0.035854
1779543021.044399,0,1,11.979215,9.936195,3.339106,1.500000,0.035854
1779543021.055676,0,1,11.964559,9.933000,3.340921,1.500000,0.035854
1779543021.064768,0,1,11.949913,9.929764,3.342911,1.500000,0.036404
1779543021.074600,0,1,11.935269,9.926514,3.344725,1.500000,0.036404
1779543021.084494,0,1,11.920635,9.923222,3.346715,1.500000,0.034468
1779543021.094613,0,1,11.906004,9.919916,3.348529,1.500000,0.034468
1779543021.104681,0,1,11.891382,9.916569,3.350519,1.500000,0.034468
1779543021.114231,0,1,11.876763,9.913207,3.352333,1.500000,0.034889
1779543021.125718,0,1,11.862154,9.909804,3.354323,1.500000,0.034889
1779543021.134522,0,1,11.847549,9.906387,3.356137,1.500000,0.034889
1779543021.144374,0,1,11.832953,9.902928,3.358127,1.500000,0.031983
1779543021.155087,0,1,11.818361,9.899455,3.359942,1.500000,0.031983
1779543021.164609,0,1,11.803778,9.895942,3.361931,1.500000,0.028769
1779543021.174462,0,1,11.789199,9.892413,3.363746,1.500000,0.028769
1779543021.185110,0,1,11.774630,9.888844,3.365736,1.500000,0.026549
1779543021.194818,0,1,11.760064,9.885260,3.367550,1.500000,0.026549
1779543021.204313,0,1,11.745509,9.881635,3.369540,1.500000,0.026549
1779543021.214757,0,1,11.730951,9.878020,3.371077,1.500000,0.024328
1779543021.224343,0,1,11.716382,9.874450,3.371952,1.500000,0.024328
1779543021.234701,0,1,11.701812,9.870886,3.372763,1.500000,0.024328
1779543021.244638,0,1,11.687235,9.867347,3.373280,1.500000,0.020952
1779543021.254443,0,1,11.672661,9.863800,3.373913,1.500000,0.020952
1779543021.264526,0,1,11.658082,9.860268,3.374339,1.500000,0.020952
1779543021.274748,0,1,11.643507,9.856722,3.374925,1.500000,0.018748
1779543021.284642,0,1,11.628930,9.853186,3.375326,1.500000,0.018748
1779543021.294648,0,1,11.614357,9.849633,3.375898,1.500000,0.018748
1779543021.304681,0,1,11.599782,9.846089,3.376291,1.500000,0.019775
1779543021.314482,0,1,11.585211,9.842525,3.376858,1.500000,0.019775
1779543021.324624,0,1,11.570639,9.838969,3.377248,1.500000,0.021637
1779543021.334913,0,1,11.556071,9.835394,3.377813,1.500000,0.021637
1779543021.344676,0,1,11.541502,9.831826,3.378201,1.500000,0.022886
1779543021.354708,0,1,11.526937,9.828237,3.378766,1.500000,0.022886
1779543021.364652,0,1,11.512371,9.824655,3.379154,1.500000,0.024168
1779543021.374773,0,1,11.497810,9.821054,3.379717,1.500000,0.024168
1779543021.384639,0,1,11.483247,9.817458,3.380105,1.500000,0.024168
1779543021.394670,0,1,11.468690,9.813843,3.380669,1.500000,0.113864
1779543021.404615,0,1,11.454130,9.810234,3.381057,1.500000,0.113864
1779543021.414412,0,1,11.439582,9.806580,3.381897,1.500000,0.113864
1779543021.424418,0,1,11.425112,9.802835,3.383706,1.444047,0.203388
1779543021.434439,0,1,11.410776,9.798962,3.386729,1.444047,0.203388
1779543021.444675,0,1,11.396612,9.794930,3.391090,1.395942,0.280357
1779543021.454526,0,1,11.382653,9.790716,3.396821,1.395942,0.280357
1779543021.464947,0,1,11.368922,9.786300,3.403929,1.355938,0.344363
1779543021.474667,0,1,11.355436,9.781664,3.412381,1.355938,0.344363
1779543021.484638,0,1,11.342216,9.776796,3.422162,1.315827,0.408540
1779543021.494820,0,1,11.329278,9.771684,3.433219,1.315827,0.408540
1779543021.504570,0,1,11.316639,9.766322,3.445534,1.275394,0.420000
1779543021.514631,0,1,11.304315,9.760703,3.459046,1.275394,0.420000
1779543021.524850,0,1,11.292323,9.754823,3.473733,1.235877,0.420000
1779543021.534394,0,1,11.280674,9.748688,3.489442,1.235877,0.420000
1779543021.544607,0,1,11.269363,9.742336,3.505766,1.193508,0.420000
1779543021.554824,0,1,11.258358,9.735847,3.521797,1.193508,0.420000
1779543021.564805,0,1,11.247667,9.729238,3.537782,1.144862,0.420000
1779543021.574706,0,1,11.237271,9.722562,3.553254,1.144862,0.420000
1779543021.584911,0,1,11.227152,9.715776,3.568735,1.144862,0.420000
1779543021.594266,0,1,11.217319,9.708887,3.584334,1.105473,0.420000
1779543021.604470,0,1,11.207744,9.701948,3.599441,1.105473,0.420000
1779543021.614676,0,1,11.198438,9.694955,3.614431,1.065093,0.420000
1779543021.624681,0,1,11.189381,9.687946,3.628897,1.065093,0.420000
1779543021.634760,0,1,11.180587,9.680912,3.643232,1.024694,0.403411
1779543021.644672,0,1,11.172034,9.673887,3.657035,1.024694,0.403411
1779543021.654985,0,1,11.163740,9.666862,3.670709,0.979860,0.383669
1779543021.664593,0,1,11.155685,9.659871,3.683844,0.979860,0.383669
1779543021.674525,0,1,11.147892,9.652901,3.696915,0.931847,0.364436
1779543021.684901,0,1,11.140326,9.646002,3.709235,0.931847,0.364436
1779543021.694804,0,1,11.132936,9.639171,3.720742,0.931847,0.364436
1779543021.704581,0,1,11.125758,9.632387,3.732126,0.883943,0.336832
1779543021.714955,0,1,11.118783,9.625675,3.743036,0.883943,0.336832
1779543021.724919,0,1,11.112034,9.619017,3.753929,0.843853,0.319631
1779543021.734948,0,1,11.105469,9.612453,3.764119,0.843853,0.319631
1779543021.744742,0,1,11.099058,9.606028,3.773325,0.796069,0.301874
1779543021.754570,0,1,11.092797,9.599752,3.781713,0.796069,0.301874
1779543021.765021,0,1,11.086725,9.593585,3.790009,0.755890,0.287170
1779543021.774704,0,1,11.080827,9.587539,3.797847,0.755890,0.287170
1779543021.785167,0,1,11.075102,9.581561,3.805707,0.755890,0.287170
1779543021.794466,0,1,11.069492,9.575670,3.812951,0.750000,0.265736
1779543021.804935,0,1,11.063966,9.569866,3.819613,0.750000,0.265736
1779543021.814679,0,1,11.058542,9.564099,3.826322,0.750000,0.254785
1779543021.825068,0,1,11.053193,9.558371,3.832712,0.750000,0.254785
1779543021.834481,0,1,11.047932,9.552648,3.839246,0.750000,0.254785
1779543021.844744,0,1,11.042715,9.546957,3.845288,0.750000,0.237596
1779543021.854708,0,1,11.037518,9.541304,3.850860,0.750000,0.237596
1779543021.864823,0,1,11.032370,9.535651,3.856554,0.750000,0.229471
1779543021.874700,0,1,11.027256,9.530006,3.861987,0.750000,0.229471
1779543021.884725,0,1,11.022194,9.524344,3.867608,0.750000,0.229471
1779543021.894299,0,1,11.017163,9.518678,3.872996,0.750000,0.215574
1779543021.904977,0,1,11.012183,9.512987,3.878584,0.750000,0.215574
1779543021.915085,0,1,11.007213,9.507302,3.883730,0.750000,0.207963
1779543021.924846,0,1,11.002237,9.501636,3.888452,0.750000,0.207963
1779543021.934814,0,1,10.997289,9.495956,3.893320,0.750000,0.207963
1779543021.944905,0,1,10.992353,9.490274,3.897947,0.750000,0.199551
1779543021.954699,0,1,10.987454,9.484566,3.902779,0.750000,0.199551
1779543021.964774,0,1,10.982573,9.478849,3.907389,0.750000,0.199551
1779543021.974449,0,1,10.977730,9.473103,3.912210,0.750000,0.183885
1779543021.984574,0,1,10.972905,9.467346,3.916814,0.750000,0.183885
1779543021.994614,0,1,10.968119,9.461560,3.921631,0.750000,0.177427
1779543022.004807,0,1,10.963334,9.455775,3.926016,0.750000,0.177427
1779543022.014683,0,1,10.958531,9.450006,3.929987,0.750000,0.177427
1779543022.024937,0,1,10.953748,9.444224,3.934109,0.750000,0.170870
1779543022.035753,0,1,10.948969,9.438437,3.937996,0.750000,0.170870
1779543022.044814,0,1,10.944222,9.432627,3.942089,0.750000,0.159586
1779543022.054780,0,1,10.939485,9.426809,3.945965,0.750000,0.159586
1779543022.064872,0,1,10.934781,9.420965,3.950053,0.750000,0.159586
1779543022.074656,0,1,10.930072,9.415125,3.953711,0.750000,0.079865
1779543022.085008,0,1,10.925341,9.409304,3.956955,0.750000,0.079865
1779543022.094893,0,1,10.920624,9.403471,3.960352,0.750000,0.016422
1779543022.104896,0,1,10.915890,9.397653,3.963298,0.750000,0.016422
1779543022.114665,0,1,10.911109,9.391874,3.965609,0.750000,-0.068650
1779543022.124862,0,1,10.906263,9.386149,3.967226,0.750000,-0.068650
1779543022.134839,0,1,10.901342,9.380488,3.968131,0.750000,-0.068650
1779543022.144804,0,1,10.896340,9.374899,3.968318,0.750000,-0.080660
1779543022.155082,0,1,10.891252,9.369388,3.967783,0.750000,-0.080660
1779543022.164983,0,1,10.886076,9.363961,3.966526,0.750000,-0.084967
1779543022.175327,0,1,10.880823,9.358607,3.964761,0.750000,-0.084967
1779543022.184936,0,1,10.875543,9.353281,3.963115,0.750000,-0.086166
1779543022.194667,0,1,10.870229,9.347988,3.961222,0.750000,-0.086166
1779543022.204794,0,1,10.864908,9.342702,3.959531,0.750000,-0.086166
1779543022.214809,0,1,10.859565,9.337439,3.957620,0.750000,-0.083956
1779543022.224634,0,1,10.854219,9.332178,3.955920,0.750000,-0.083956
1779543022.234821,0,1,10.848854,9.326937,3.954006,0.750000,-0.083956
1779543022.244753,0,1,10.843489,9.321697,3.952305,0.750000,-0.080476
1779543022.254551,0,1,10.838105,9.316476,3.950390,0.750000,-0.080476
1779543022.265086,0,1,10.832720,9.311255,3.948688,0.750000,-0.074752
1779543022.274659,0,1,10.827316,9.306054,3.946773,0.750000,-0.074752
1779543022.284842,0,1,10.821913,9.300853,3.945071,0.750000,-0.074752
1779543022.294629,0,1,10.816490,9.295671,3.943156,0.750000,-0.069563
1779543022.304908,0,1,10.811068,9.290490,3.941454,0.750000,-0.069563
1779543022.315722,0,1,10.805627,9.285328,3.939539,0.750000,-0.065700
1779543022.324867,0,1,10.800186,9.280166,3.937837,0.750000,-0.065700
1779543022.334740,0,1,10.794726,9.275024,3.935922,0.750000,-0.065700
1779543022.345078,0,1,10.789267,9.269882,3.934220,0.750000,-0.065700
1779543022.354441,0,1,10.783788,9.264759,3.932305,0.750000,-0.055536
1779543022.365197,0,1,10.778310,9.259637,3.930603,0.750000,-0.055536
1779543022.374864,0,1,10.772813,9.254534,3.928688,0.750000,-0.050061
1779543022.384526,0,1,10.767332,9.249415,3.927202,0.750000,-0.050061
1779543022.394859,0,1,10.761882,9.244263,3.926129,0.750000,-0.050061
1779543022.404787,0,1,10.756430,9.239113,3.924903,0.750000,-0.041921
1779543022.414742,0,1,10.750988,9.233951,3.923912,0.750000,-0.041921
1779543022.424895,0,1,10.745536,9.228802,3.922715,0.750000,-0.038270
1779543022.435401,0,1,10.740088,9.223647,3.921734,0.750000,-0.038270
1779543022.444664,0,1,10.734627,9.218507,3.920541,0.750000,-0.038270
1779543022.454492,0,1,10.729169,9.213362,3.919562,0.750000,-0.034011
1779543022.464967,0,1,10.723698,9.208233,3.918370,0.750000,-0.034011
1779543022.474434,0,1,10.718229,9.203100,3.917392,0.750000,-0.032012
1779543022.484488,0,1,10.712746,9.197982,3.916200,0.750000,-0.032012
1779543022.494617,0,1,10.707275,9.192852,3.915329,0.750000,-0.032012
1779543022.504814,0,1,10.701814,9.187712,3.914558,0.750000,-0.027402
1779543022.514870,0,1,10.696355,9.182569,3.913818,0.750000,-0.027402
1779543022.524870,0,1,10.690904,9.177418,3.913196,0.750000,-0.027402
1779543022.534859,0,1,10.685476,9.172242,3.912891,0.750000,-0.023678
1779543022.544883,0,1,10.680044,9.167071,3.912404,0.750000,-0.023678
1779543022.554599,0,1,10.674623,9.161888,3.912143,0.750000,-0.023678
1779543022.564522,0,1,10.669193,9.156714,3.911671,0.750000,-0.020425
1779543022.574586,0,1,10.663772,9.151531,3.911415,0.750000,-0.020425
1779543022.584507,0,1,10.658340,9.146360,3.910946,0.750000,-0.020425
1779543022.594344,0,1,10.652915,9.141181,3.910691,0.750000,-0.018237
1779543022.605050,0,1,10.647480,9.136013,3.910222,0.750000,-0.018237
1779543022.614484,0,1,10.642052,9.130837,3.909967,0.750000,-0.018237
1779543022.624998,0,1,10.636613,9.125673,3.909498,0.750000,-0.010957
1779543022.634521,0,1,10.631181,9.120502,3.909244,0.750000,-0.010957
1779543022.644638,0,1,10.625738,9.115342,3.908775,0.750000,-0.010957
1779543022.654706,0,1,10.620303,9.110174,3.908520,0.750000,-0.010680
1779543022.664911,0,1,10.614857,9.105018,3.908051,0.750000,-0.010680
1779543022.674720,0,1,10.609417,9.099854,3.907797,0.750000,-0.006090
1779543022.684737,0,1,10.603967,9.094702,3.907328,0.750000,-0.006090
1779543022.694891,0,1,10.598524,9.089542,3.907074,0.750000,-0.006090
1779543022.704456,0,1,10.593070,9.084394,3.906605,0.750000,-0.005037
1779543022.714702,0,1,10.587624,9.079238,3.906350,0.750000,-0.005037
1779543022.724797,0,1,10.582166,9.074093,3.905881,0.750000,-0.005037
1779543022.734363,0,1,10.576716,9.068941,3.905627,0.750000,-0.002586
1779543022.744749,0,1,10.571254,9.063801,3.905158,0.750000,-0.002586
1779543022.754634,0,1,10.565800,9.058653,3.904903,0.750000,-0.002586
1779543022.764675,0,1,10.560335,9.053517,3.904434,0.750000,-0.002159
1779543022.774586,0,1,10.554877,9.048372,3.904180,0.750000,-0.002159
1779543022.784574,0,1,10.549408,9.043240,3.903711,0.750000,-0.002159
1779543022.795140,0,1,10.543947,9.038100,3.903457,0.750000,-0.000722
1779543022.805149,0,1,10.538474,9.032971,3.902988,0.750000,-0.000722
1779543022.814437,0,1,10.533009,9.027835,3.902733,0.750000,0.000802
1779543022.824528,0,1,10.527533,9.022711,3.902264,0.750000,0.000802
1779543022.834607,0,1,10.522080,9.017562,3.902225,0.750000,0.000802
1779543022.844407,0,1,10.516665,9.012372,3.902599,0.750000,0.002170
1779543022.854561,0,1,10.511256,9.007177,3.902820,0.750000,0.002170
1779543022.864799,0,1,10.505865,9.001962,3.903276,0.750000,0.002518
1779543022.874317,0,1,10.500470,8.996752,3.903525,0.750000,0.002518
1779543022.885066,0,1,10.495089,8.991528,3.903992,0.750000,0.003615
1779543022.894742,0,1,10.489701,8.986311,3.904245,0.750000,0.003615
1779543022.904714,0,1,10.484324,8.981082,3.904713,0.750000,0.003615
1779543022.914367,0,1,10.478940,8.975861,3.904968,0.750000,0.003427
1779543022.924920,0,1,10.473568,8.970627,3.905436,0.750000,0.003427
1779543022.934366,0,1,10.468188,8.965402,3.905691,0.750000,0.002786
1779543022.944980,0,1,10.462819,8.960165,3.906160,0.750000,0.002786
1779543022.954836,0,1,10.457443,8.954935,3.906414,0.750000,0.002468
1779543022.965303,0,1,10.452078,8.949694,3.906883,0.750000,0.002468
1779543022.974792,0,1,10.446706,8.944461,3.907138,0.750000,0.002468
1779543022.985220,0,1,10.441345,8.939216,3.907606,0.750000,0.017547
1779543022.994672,0,1,10.435977,8.933978,3.907861,0.750000,0.017547
1779543023.005002,0,1,10.430619,8.928730,3.908330,0.750000,0.019276
1779543023.014670,0,1,10.425255,8.923488,3.908584,0.750000,0.019276
1779543023.024702,0,1,10.419901,8.918236,3.909053,0.750000,0.019276
1779543023.034707,0,1,10.414540,8.912991,3.909308,0.750000,0.017635
1779543023.044844,0,1,10.409191,8.907734,3.909777,0.750000,0.017635
1779543023.055096,0,1,10.403834,8.902485,3.910031,0.750000,0.017635
1779543023.064484,0,1,10.398488,8.897225,3.910500,0.750000,0.016384
1779543023.074634,0,1,10.393135,8.891972,3.910754,0.750000,0.016384
1779543023.084839,0,1,10.387793,8.886707,3.911223,0.750000,0.014350
1779543023.094427,0,1,10.382443,8.881451,3.911478,0.750000,0.014350
1779543023.104914,0,1,10.377105,8.876183,3.911947,0.750000,0.014350
1779543023.114743,0,1,10.371759,8.870922,3.912201,0.750000,0.012497
1779543023.125145,0,1,10.366425,8.865650,3.912670,0.750000,0.012497
1779543023.134841,0,1,10.361083,8.860386,3.912925,0.750000,0.012497
1779543023.145186,0,1,10.355753,8.855110,3.913394,0.750000,0.010881
1779543023.157329,0,1,10.350414,8.849841,3.913648,0.750000,0.010881
1779543023.164717,0,1,10.345088,8.844562,3.914117,0.750000,0.008540
1779543023.174588,0,1,10.339754,8.839290,3.914371,0.750000,0.008540
1779543023.184355,0,1,10.334431,8.834006,3.914840,0.750000,0.007046
1779543023.194560,0,1,10.329100,8.828730,3.915095,0.750000,0.007046
1779543023.204440,0,1,10.323781,8.823442,3.915564,0.750000,0.007046
1779543023.214625,0,1,10.318454,8.818163,3.915818,0.750000,0.004797
1779543023.225111,0,1,10.313139,8.812871,3.916287,0.750000,0.004797
1779543023.234839,0,1,10.307816,8.807588,3.916542,0.750000,0.002854
1779543023.244866,0,1,10.302505,8.802292,3.917011,0.750000,0.002854
1779543023.254778,0,1,10.297186,8.797005,3.917265,0.750000,0.002854
1779543023.264797,0,1,10.291878,8.791706,3.917734,0.750000,0.001852
1779543023.275156,0,1,10.286563,8.786414,3.917988,0.750000,0.001852
1779543023.284510,0,1,10.281260,8.781112,3.918457,0.750000,-0.000616
1779543023.294732,0,1,10.275948,8.775816,3.918712,0.750000,-0.000616
1779543023.304727,0,1,10.270648,8.770510,3.919181,0.750000,-0.002179
1779543023.314860,0,1,10.265325,8.765227,3.919220,0.750000,-0.002179
1779543023.325010,0,1,10.259962,8.759984,3.918846,0.750000,-0.002179
1779543023.335862,0,1,10.254593,8.754747,3.918625,0.750000,-0.004936
1779543023.345048,0,1,10.249206,8.749528,3.918169,0.750000,-0.004936
1779543023.354632,0,1,10.243823,8.744306,3.917920,0.750000,-0.004936
1779543023.364537,0,1,10.238427,8.739097,3.917453,0.750000,-0.006911
1779543023.374598,0,1,10.233037,8.733882,3.917200,0.750000,-0.006911
1779543023.385391,0,1,10.227636,8.728678,3.916732,0.750000,-0.008913
1779543023.394531,0,1,10.222242,8.723467,3.916477,0.750000,-0.008913
1779543023.405694,0,1,10.216837,8.718267,3.916009,0.750000,-0.008913
1779543023.414869,0,1,10.211439,8.713060,3.915754,0.750000,0.013652
1779543023.424536,0,1,10.206030,8.707865,3.915285,0.750000,0.013652
1779543023.434866,0,1,10.200645,8.702645,3.915246,0.750000,0.013652
1779543023.444382,0,1,10.195298,8.697386,3.915620,0.750000,0.012164
1779543023.454757,0,1,10.189957,8.692121,3.915841,0.750000,0.012164
1779543023.464616,0,1,10.184635,8.686836,3.916297,0.750000,0.012164
1779543023.474690,0,1,10.179308,8.681556,3.916546,0.750000,0.010182
1779543023.484627,0,1,10.173995,8.676263,3.917013,0.750000,0.010182
1779543023.494659,0,1,10.168675,8.670976,3.917266,0.750000,0.010182
1779543023.504734,0,1,10.163367,8.665678,3.917734,0.750000,0.010182
1779543023.514699,0,1,10.158052,8.660386,3.917989,0.750000,0.005663
1779543023.524657,0,1,10.152748,8.655084,3.918457,0.750000,0.005663
1779543023.534504,0,1,10.147437,8.649789,3.918712,0.750000,0.005663
1779543023.544765,0,1,10.142137,8.644482,3.919181,0.750000,0.002741
1779543023.554616,0,1,10.136829,8.639183,3.919435,0.750000,0.002741
1779543023.565115,0,1,10.131533,8.633872,3.919904,0.750000,-0.000883
1779543023.575171,0,1,10.126229,8.628569,3.920159,0.750000,-0.000883
1779543023.584874,0,1,10.120937,8.623255,3.920628,0.750000,-0.000883
1779543023.594710,0,1,10.115621,8.617965,3.920667,0.750000,-0.004968
1779543023.604715,0,1,10.110266,8.612713,3.920293,0.750000,-0.004968
1779543023.614507,0,1,10.104905,8.607469,3.920072,0.750000,-0.007734
1779543023.625162,0,1,10.099525,8.602243,3.919616,0.750000,-0.007734
1779543023.634773,0,1,10.094150,8.597013,3.919367,0.750000,-0.007734
1779543023.645753,0,1,10.088761,8.591796,3.918900,0.750000,-0.010999
1779543023.654752,0,1,10.083379,8.586573,3.918647,0.750000,-0.010999
1779543023.664713,0,1,10.077986,8.581361,3.918179,0.750000,-0.010999
1779543023.675821,0,1,10.072599,8.576142,3.917924,0.750000,-0.013020
1779543023.684846,0,1,10.067202,8.570935,3.917456,0.750000,-0.013020
1779543023.695323,0,1,10.061811,8.565720,3.917201,0.750000,-0.013020
1779543023.704748,0,1,10.056410,8.560517,3.916732,0.750000,-0.014669
1779543023.715690,0,1,10.051016,8.555306,3.916478,0.750000,-0.014669
1779543023.725515,0,1,10.045610,8.550107,3.916009,0.750000,-0.014669
1779543023.734834,0,1,10.040213,8.544900,3.915754,0.750000,0.001723
1779543023.744675,0,1,10.034804,8.539704,3.915285,0.750000,0.001723
1779543023.755121,0,1,10.029418,8.534485,3.915246,0.750000,-0.001981
1779543023.765203,0,1,10.024071,8.529226,3.915620,0.750000,-0.001981
1779543023.774757,0,1,10.018714,8.523976,3.915626,0.750000,-0.001981
1779543023.785839,0,1,10.013326,8.518760,3.915239,0.750000,-0.006139
1779543023.795130,0,1,10.007934,8.513546,3.915013,0.750000,-0.006139
1779543023.804678,0,1,10.002527,8.508349,3.914554,0.750000,-0.006139
1779543023.814688,0,1,9.997124,8.503147,3.914304,0.750000,-0.011229
1779543023.824576,0,1,9.991709,8.497958,3.913837,0.750000,-0.011229
1779543023.834979,0,1,9.986300,8.492762,3.913583,0.750000,-0.014798
1779543023.844890,0,1,9.980880,8.487578,3.913115,0.750000,-0.014798
1779543023.855071,0,1,9.975467,8.482387,3.912861,0.750000,-0.014798
1779543023.864899,0,1,9.970043,8.477207,3.912392,0.750000,-0.019602
1779543023.874882,0,1,9.964627,8.472020,3.912137,0.750000,-0.019602
1779543023.884719,0,1,9.959199,8.466844,3.911668,0.750000,-0.019602
1779543023.895118,0,1,9.953778,8.461660,3.911414,0.750000,-0.023665
1779543023.906410,0,1,9.948347,8.456488,3.910945,0.750000,-0.023665
1779543023.917370,0,1,9.942923,8.451309,3.910691,0.750000,-0.023665
1779543023.926442,0,1,9.937487,8.446141,3.910222,0.750000,-0.026906
1779543023.934702,0,1,9.932059,8.440965,3.909967,0.750000,-0.026906
1779543023.944823,0,1,9.926620,8.435801,3.909498,0.750000,-0.026906
1779543023.954917,0,1,9.921189,8.430630,3.909244,0.750000,-0.032403
1779543023.966358,0,1,9.915746,8.425470,3.908775,0.750000,-0.032403
1779543023.974965,0,1,9.910311,8.420302,3.908520,0.750000,-0.032403
1779543023.984783,0,1,9.904848,8.415162,3.907836,0.750000,-0.036121
1779543023.995506,0,1,9.899344,8.410067,3.906739,0.750000,-0.036121
1779543024.004841,0,1,9.893831,8.404983,3.905795,0.750000,-0.040553
1779543024.015222,0,1,9.888296,8.399922,3.904615,0.750000,-0.040553
1779543024.024857,0,1,9.882761,8.394861,3.903643,0.750000,-0.040553
1779543024.034924,0,1,9.877210,8.389817,3.902453,0.750000,-0.044600
1779543024.045105,0,1,9.871662,8.384771,3.901476,0.750000,-0.044600
1779543024.056073,0,1,9.866099,8.379741,3.900284,0.750000,-0.044600
1779543024.064934,0,1,9.860539,8.374707,3.899307,0.750000,-0.053071
1779543024.075238,0,1,9.854965,8.369689,3.898114,0.750000,-0.053071
1779543024.085006,0,1,9.849394,8.364668,3.897137,0.750000,-0.053071
1779543024.095004,0,1,9.843809,8.359662,3.895944,0.750000,-0.059247
1779543024.104886,0,1,9.838227,8.354653,3.894966,0.750000,-0.059247
1779543024.115034,0,1,9.832631,8.349660,3.893774,0.750000,-0.059247
1779543024.125350,0,1,9.827038,8.344662,3.892796,0.750000,-0.065509
1779543024.134588,0,1,9.821431,8.339681,3.891604,0.750000,-0.065509
1779543024.144892,0,1,9.815828,8.334696,3.890626,0.750000,-0.070154
1779543024.154941,0,1,9.810195,8.329744,3.889219,0.750000,-0.070154
1779543024.167717,0,1,9.804518,8.324843,3.887398,0.750000,-0.070154
1779543024.174934,0,1,9.798829,8.319956,3.885730,0.750000,-0.076440
1779543024.185077,0,1,9.793115,8.315097,3.883827,0.750000,-0.076440
1779543024.194422,0,1,9.787399,8.310243,3.882131,0.750000,-0.080894
1779543024.204688,0,1,9.781663,8.305411,3.880218,0.750000,-0.080894
1779543024.214849,0,1,9.775926,8.300579,3.878518,0.750000,-0.080894
1779543024.225428,0,1,9.770172,8.295769,3.876603,0.750000,-0.085206
1779543024.235641,0,1,9.764417,8.290960,3.874902,0.750000,-0.085206
1779543024.244897,0,1,9.758645,8.286171,3.872986,0.750000,-0.085206
1779543024.254872,0,1,9.752872,8.281382,3.871285,0.750000,-0.089939
1779543024.264900,0,1,9.747083,8.276615,3.869369,0.750000,-0.089939
1779543024.275013,0,1,9.741293,8.271847,3.867668,0.750000,-0.092732
1779543024.286369,0,1,9.735487,8.267100,3.865752,0.750000,-0.092732
1779543024.294704,0,1,9.729680,8.262354,3.864051,0.750000,-0.092732
1779543024.304965,0,1,9.723851,8.257624,3.862135,0.778211,-0.071239
1779543024.314627,0,1,9.718011,8.252886,3.860431,0.778211,-0.071239
1779543024.324980,0,1,9.712145,8.248161,3.858511,0.778211,-0.071239
1779543024.334817,0,1,9.706277,8.243434,3.856801,0.750000,-0.076258
1779543024.344985,0,1,9.700397,8.238733,3.854878,0.750000,-0.076258
1779543024.354752,0,1,9.694522,8.234036,3.853170,0.750000,-0.076258
1779543024.365014,0,1,9.688632,8.229362,3.851249,0.750000,-0.081535
1779543024.374737,0,1,9.682746,8.224691,3.849543,0.750000,-0.081535
1779543024.385252,0,1,9.676844,8.220043,3.847624,0.750000,-0.085264
1779543024.394788,0,1,9.670945,8.215396,3.845920,0.750000,-0.085264
1779543024.404895,0,1,9.665030,8.210772,3.844002,0.750000,-0.085264
1779543024.414779,0,1,9.659116,8.206148,3.842299,0.750000,-0.090078
1779543024.425051,0,1,9.653187,8.201547,3.840382,0.750000,-0.090078
1779543024.434927,0,1,9.647258,8.196947,3.838679,0.750000,-0.090078
1779543024.445145,0,1,9.641314,8.192368,3.836763,0.750000,-0.093361
1779543024.455035,0,1,9.635370,8.187790,3.835060,0.750000,-0.093361
1779543024.464480,0,1,9.629409,8.183234,3.833144,0.750000,-0.103090
1779543024.474740,0,1,9.623450,8.178678,3.831442,0.750000,-0.103090
1779543024.484486,0,1,9.617460,8.174162,3.829311,0.750000,-0.103090
1779543024.494575,0,1,9.611427,8.169704,3.826766,0.750000,-0.115169
1779543024.507475,0,1,9.605380,8.165266,3.824375,0.750000,-0.115169
1779543024.515852,0,1,9.599308,8.160863,3.821748,0.750000,-0.123524
1779543024.524730,0,1,9.593229,8.156468,3.819329,0.750000,-0.123524
1779543024.534530,0,1,9.587131,8.152101,3.816692,0.750000,-0.131254
1779543024.545066,0,1,9.581028,8.147741,3.814268,0.750000,-0.131254
1779543024.554858,0,1,9.574894,8.143426,3.811414,0.750000,-0.131254
1779543024.565032,0,1,9.568715,8.139174,3.808147,0.750000,-0.140683
1779543024.575101,0,1,9.562518,8.134948,3.805032,0.750000,-0.140683
1779543024.584917,0,1,9.556295,8.130762,3.801682,0.750000,-0.140683
1779543024.594893,0,1,9.550063,8.126589,3.798540,0.750000,-0.147772
1779543024.604760,0,1,9.543809,8.122450,3.795180,0.750000,-0.147772
1779543024.614443,0,1,9.537548,8.118320,3.792032,0.750000,-0.156358
1779543024.624703,0,1,9.531265,8.114224,3.788671,0.750000,-0.156358
1779543024.634658,0,1,9.524977,8.110136,3.785523,0.750000,-0.156358
1779543024.644720,0,1,9.518668,8.106081,3.782160,0.750000,-0.164575
1779543024.655008,0,1,9.512353,8.102034,3.779012,0.750000,-0.164575
1779543024.665080,0,1,9.506006,8.098040,3.775435,0.750000,-0.164575
1779543024.675309,0,1,9.499615,8.094115,3.771444,0.750000,-0.172333
1779543024.684943,0,1,9.493205,8.090221,3.767606,0.750000,-0.172333
1779543024.694723,0,1,9.486767,8.086373,3.763533,0.750000,-0.172333
1779543024.704546,0,1,9.480319,8.082543,3.759666,0.750000,-0.179685
1779543024.715469,0,1,9.473847,8.078753,3.755583,0.750000,-0.179685
1779543024.725818,0,1,9.467366,8.074977,3.751713,0.750000,-0.179685
1779543024.734443,0,1,9.460864,8.071240,3.747627,0.750000,-0.185739
1779543024.744808,0,1,9.454353,8.067517,3.743756,0.750000,-0.185739
1779543024.754819,0,1,9.447821,8.063833,3.739670,0.750000,-0.185739
1779543024.765285,0,1,9.441280,8.060162,3.735799,0.750000,-0.189420
1779543024.775664,0,1,9.434719,8.056529,3.731713,0.750000,-0.189420
1779543024.784649,0,1,9.428149,8.052911,3.727841,0.750000,-0.189472
1779543024.794699,0,1,9.421559,8.049331,3.723756,0.750000,-0.189472
1779543024.805216,0,1,9.414961,8.045765,3.719884,0.750000,-0.189472
1779543024.815000,0,1,9.408343,8.042237,3.715798,0.750000,-0.189472
1779543024.826172,0,1,9.401716,8.038723,3.711927,0.750000,-0.186032
1779543024.834759,0,1,9.395070,8.035248,3.707841,0.750000,-0.186032
1779543024.845396,0,1,9.388416,8.031788,3.703969,0.750000,-0.186032
1779543024.854808,0,1,9.381742,8.028366,3.699884,0.750000,-0.119275
1779543024.864702,0,1,9.375061,8.024958,3.696012,0.750000,-0.119275
1779543024.875834,0,1,9.368360,8.021590,3.691926,0.750000,-0.119275
1779543024.885152,0,1,9.361662,8.018215,3.688270,0.750000,-0.115900
1779543024.895022,0,1,9.354988,8.014795,3.685242,0.750000,-0.115900
1779543024.904999,0,1,9.348338,8.011327,3.682689,0.750000,-0.109906
1779543024.915231,0,1,9.341686,8.007862,3.680003,0.750000,-0.109906
1779543024.925418,0,1,9.335039,8.004388,3.677560,0.750000,-0.109906
1779543024.936266,0,1,9.328381,8.000936,3.674914,0.750000,-0.104306
1779543024.946883,0,1,9.321721,7.997486,3.672485,0.750000,-0.104306
1779543024.954588,0,1,9.315048,7.994063,3.669845,0.750000,-0.104306
1779543024.964942,0,1,9.308372,7.990644,3.667419,0.750000,-0.100629
1779543024.974832,0,1,9.301682,7.987254,3.664780,0.750000,-0.100629
1779543024.984917,0,1,9.294990,7.983869,3.662355,0.750000,-0.100629
1779543024.994902,0,1,9.288283,7.980512,3.659716,0.750000,-0.098779
1779543025.004877,0,1,9.281574,7.977160,3.657291,0.750000,-0.098779
1779543025.015088,0,1,9.274850,7.973837,3.654652,0.750000,-0.098779
1779543025.024930,0,1,9.268124,7.970520,3.652227,0.750000,-0.097495
1779543025.034443,0,1,9.261383,7.967231,3.649588,0.750000,-0.097495
1779543025.045025,0,1,9.254640,7.963947,3.647163,0.750000,-0.097495
1779543025.055446,0,1,9.247878,7.960690,3.644524,0.775534,-0.093295
1779543025.065036,0,1,9.241102,7.957433,3.642096,0.775534,-0.093295
1779543025.074868,0,1,9.234302,7.954200,3.639451,0.775534,-0.093295
1779543025.084636,0,1,9.227495,7.950944,3.637229,0.801996,-0.090696
1779543025.094975,0,1,9.220683,7.947643,3.635414,0.801996,-0.090696
1779543025.104501,0,1,9.213844,7.944337,3.633447,0.830075,-0.085714
1779543025.115185,0,1,9.206978,7.941007,3.631704,0.830075,-0.085714
1779543025.124997,0,1,9.200075,7.937683,3.629752,0.830075,-0.085714
1779543025.134769,0,1,9.193139,7.934342,3.628005,0.855257,-0.081218
1779543025.145227,0,1,9.186156,7.931006,3.626043,0.855257,-0.081218
1779543025.155148,0,1,9.179137,7.927654,3.624279,0.855257,-0.081218
1779543025.164907,0,1,9.172067,7.924308,3.622301,0.886094,-0.078242
1779543025.174437,0,1,9.164952,7.920941,3.620516,0.886094,-0.078242
1779543025.184656,0,1,9.157782,7.917580,3.618516,0.886094,-0.078242
1779543025.195272,0,1,9.150564,7.914198,3.616708,0.917925,-0.074956
1779543025.204974,0,1,9.143283,7.910817,3.614686,0.917925,-0.074956
1779543025.214636,0,1,9.135946,7.907413,3.612851,0.937963,-0.072991
1779543025.224656,0,1,9.128542,7.904009,3.610802,0.937963,-0.072991
1779543025.234871,0,1,9.121083,7.900583,3.608938,0.937963,-0.072991
1779543025.244539,0,1,9.113557,7.897158,3.606861,0.961979,-0.070675
1779543025.254710,0,1,9.105971,7.893708,3.604968,0.961979,-0.070675
1779543025.264622,0,1,9.098311,7.890258,3.602863,0.989991,-0.067203
1779543025.274843,0,1,9.090584,7.886782,3.600937,0.989991,-0.067203
1779543025.284541,0,1,9.082784,7.883305,3.598800,0.989991,-0.067203
1779543025.295339,0,1,9.074917,7.879803,3.596842,1.015129,-0.063548
1779543025.304966,0,1,9.066971,7.876300,3.594673,1.015129,-0.063548
1779543025.314839,0,1,9.058968,7.872751,3.592907,1.015129,-0.063548
1779543025.325162,0,1,9.050916,7.869132,3.591587,1.046052,-0.061142
1779543025.334537,0,1,9.042793,7.865482,3.590154,1.046052,-0.061142
1779543025.345114,0,1,9.034609,7.861788,3.588937,1.046052,-0.061142
1779543025.355091,0,1,9.026347,7.858077,3.587533,1.075652,-0.057208
1779543025.364889,0,1,9.018014,7.854328,3.586314,1.075652,-0.057208
1779543025.374895,0,1,9.009597,7.850566,3.584899,1.097894,-0.055949
1779543025.384717,0,1,9.001104,7.846767,3.583662,1.097894,-0.055949
1779543025.394718,0,1,8.992529,7.842958,3.582226,1.097894,-0.055949
1779543025.404971,0,1,8.983878,7.839114,3.580968,1.126085,-0.054175
1779543025.414526,0,1,8.975140,7.835259,3.579512,1.126085,-0.054175
1779543025.424546,0,1,8.966322,7.831369,3.578229,1.150109,-0.052867
1779543025.434623,0,1,8.957412,7.827466,3.576750,1.150109,-0.052867
1779543025.444782,0,1,8.948425,7.823530,3.575443,1.150109,-0.052867
1779543025.454677,0,1,8.939354,7.819586,3.573940,1.150109,-0.052867
1779543025.464942,0,1,8.930205,7.815608,3.572610,1.186255,-0.050269
1779543025.474918,0,1,8.920963,7.811620,3.571085,1.186255,-0.050269
1779543025.484641,0,1,8.911641,7.807598,3.569730,1.186255,-0.050269
1779543025.494648,0,1,8.902227,7.803567,3.568181,1.222004,-0.048690
1779543025.504529,0,1,8.892725,7.799499,3.566801,1.222004,-0.048690
1779543025.514638,0,1,8.883130,7.795422,3.565227,1.222004,-0.048690
1779543025.524695,0,1,8.873450,7.791311,3.563822,1.249995,-0.046310
1779543025.534634,0,1,8.863671,7.787190,3.562224,1.249995,-0.046310
1779543025.544631,0,1,8.853809,7.783036,3.560792,1.249995,-0.046310
1779543025.554564,0,1,8.843851,7.778872,3.559169,1.277981,-0.044356
1779543025.564911,0,1,8.833804,7.774676,3.557711,1.277981,-0.044356
1779543025.574796,0,1,8.823663,7.770472,3.556063,1.277981,-0.044356
1779543025.584835,0,1,8.813436,7.766236,3.554580,1.301932,-0.042709
1779543025.595040,0,1,8.803113,7.761992,3.552907,1.301932,-0.042709
1779543025.604355,0,1,8.792699,7.757717,3.551398,1.329987,-0.040758
1779543025.614701,0,1,8.782184,7.753433,3.549700,1.329987,-0.040758
1779543025.624685,0,1,8.771582,7.749118,3.548164,1.329987,-0.040758
1779543025.634636,0,1,8.760881,7.744797,3.546441,1.355455,-0.038089
1779543025.644708,0,1,8.750089,7.740445,3.544879,1.355455,-0.038089
1779543025.654564,0,1,8.739200,7.736089,3.543129,1.355455,-0.038089
1779543025.665205,0,1,8.728222,7.731703,3.541542,1.385918,-0.035830
1779543025.674876,0,1,8.717142,7.727311,3.539767,1.385918,-0.035830
1779543025.684642,0,1,8.705968,7.722889,3.538154,1.410067,-0.033893
1779543025.694776,0,1,8.694690,7.718461,3.536354,1.410067,-0.033893
1779543025.704871,0,1,8.683322,7.714006,3.534713,1.410067,-0.033893
1779543025.714782,0,1,8.671852,7.709547,3.532887,1.435833,-0.030783
1779543025.724744,0,1,8.660288,7.705060,3.531220,1.435833,-0.030783
1779543025.734683,0,1,8.648621,7.700569,3.529367,1.455255,-0.028647
1779543025.744444,0,1,8.636869,7.696030,3.527929,1.455255,-0.028647
1779543025.754899,0,1,8.625042,7.691410,3.527061,1.477876,-0.026327
1779543025.764979,0,1,8.613126,7.686746,3.526197,1.477876,-0.026327
1779543025.774482,0,1,8.601126,7.682024,3.525584,1.500000,-0.023938
1779543025.784361,0,1,8.589030,7.677273,3.524836,1.500000,-0.023938
1779543025.794419,0,1,8.576850,7.672474,3.524276,1.500000,-0.023938
1779543025.804929,0,1,8.564580,7.667656,3.523553,1.500000,-0.024135
1779543025.814657,0,1,8.552233,7.662798,3.523003,1.500000,-0.024135
1779543025.824975,0,1,8.539802,7.657928,3.522281,1.500000,-0.024135
1779543025.834581,0,1,8.527301,7.653022,3.521730,1.500000,-0.023143
1779543025.844538,0,1,8.514723,7.648109,3.521005,1.500000,-0.023143
1779543025.854343,0,1,8.502081,7.643164,3.520450,1.500000,-0.023604
1779543025.864691,0,1,8.489368,7.638215,3.519719,1.500000,-0.023604
1779543025.875305,0,1,8.476596,7.633237,3.519158,1.500000,-0.023114
1779543025.885007,0,1,8.463760,7.628257,3.518422,1.500000,-0.023114
1779543025.895050,0,1,8.450870,7.623252,3.517855,1.500000,-0.023114
1779543025.904953,0,1,8.437921,7.618247,3.517113,1.500000,-0.023312
1779543025.914609,0,1,8.424923,7.613219,3.516541,1.500000,-0.023312
1779543025.924697,0,1,8.411871,7.608193,3.515794,1.500000,-0.023312
1779543025.935013,0,1,8.398775,7.603147,3.515218,1.500000,-0.022496
1779543025.944730,0,1,8.385628,7.598104,3.514465,1.500000,-0.022496
1779543025.954359,0,1,8.372442,7.593042,3.513884,1.500000,-0.022496
1779543025.964506,0,1,8.359208,7.587986,3.513128,1.500000,-0.022681
1779543025.974416,0,1,8.345939,7.582913,3.512543,1.500000,-0.022681
1779543025.984540,0,1,8.332627,7.577847,3.511782,1.500000,-0.022681
1779543025.994987,0,1,8.319283,7.572765,3.511193,1.500000,-0.022282
1779543026.004774,0,1,8.305898,7.567692,3.510429,1.500000,-0.022282
1779543026.014996,0,1,8.292484,7.562604,3.509837,1.500000,-0.022282
1779543026.024478,0,1,8.279033,7.557526,3.509069,1.500000,-0.021895
1779543026.034725,0,1,8.265556,7.552435,3.508474,1.500000,-0.021895
1779543026.044563,0,1,8.252044,7.547355,3.507703,1.500000,-0.021895
1779543026.054763,0,1,8.238508,7.542262,3.507105,1.500000,-0.021415
1779543026.064571,0,1,8.224940,7.537182,3.506332,1.500000,-0.021415
1779543026.074744,0,1,8.211351,7.532090,3.505731,1.500000,-0.020936
1779543026.084596,0,1,8.197732,7.527012,3.504955,1.500000,-0.020936
1779543026.094408,0,1,8.184093,7.521923,3.504352,1.500000,-0.020312
1779543026.106523,0,1,8.170426,7.516849,3.503574,1.500000,-0.020312
1779543026.114672,0,1,8.156742,7.511764,3.502969,1.500000,-0.020312
1779543026.124736,0,1,8.143031,7.506694,3.502188,1.500000,-0.020355
1779543026.134506,0,1,8.129305,7.501616,3.501582,1.500000,-0.020355
1779543026.144948,0,1,8.115555,7.496553,3.500799,1.500000,-0.020228
1779543026.154815,0,1,8.101790,7.491481,3.500191,1.500000,-0.020228
1779543026.164971,0,1,8.088002,7.486427,3.499406,1.500000,-0.019571
1779543026.174757,0,1,8.074201,7.481363,3.498796,1.500000,-0.019571
1779543026.184868,0,1,8.060379,7.476318,3.498011,1.500000,-0.018876
1779543026.194417,0,1,8.046545,7.471264,3.497399,1.500000,-0.018876
1779543026.204434,0,1,8.032690,7.466229,3.496612,1.500000,-0.018218
1779543026.214406,0,1,8.018826,7.461186,3.495999,1.500000,-0.018218
1779543026.224585,0,1,8.004942,7.456161,3.495211,1.500000,-0.018218
1779543026.234521,0,1,7.991049,7.451130,3.494597,1.500000,-0.017027
1779543026.244439,0,1,7.977137,7.446118,3.493807,1.500000,-0.017027
1779543026.254684,0,1,7.963218,7.441099,3.493192,1.500000,-0.016319
1779543026.264963,0,1,7.949281,7.436099,3.492402,1.500000,-0.016319
1779543026.274639,0,1,7.935336,7.431093,3.491786,1.500000,-0.016543
1779543026.284708,0,1,7.921375,7.426107,3.490994,1.500000,-0.016543
1779543026.294729,0,1,7.907407,7.421115,3.490377,1.500000,-0.016543
1779543026.305454,0,1,7.893424,7.416143,3.489585,1.500000,-0.017011
1779543026.314848,0,1,7.879435,7.411165,3.488967,1.500000,-0.017011
1779543026.324707,0,1,7.865431,7.406208,3.488174,1.500000,-0.016278
1779543026.334726,0,1,7.851421,7.401245,3.487555,1.500000,-0.016278
1779543026.344774,0,1,7.837398,7.396303,3.486761,1.500000,-0.016744
1779543026.354833,0,1,7.823369,7.391356,3.486142,1.500000,-0.016744
1779543026.364974,0,1,7.809327,7.386430,3.485347,1.500000,-0.016015
1779543026.374290,0,1,7.795281,7.381499,3.484728,1.500000,-0.016015
1779543026.384867,0,1,7.781221,7.376589,3.483933,1.500000,-0.016015
1779543026.395381,0,1,7.767158,7.371674,3.483312,1.500000,-0.015333
1779543026.404843,0,1,7.753082,7.366780,3.482517,1.500000,-0.015333
1779543026.414853,0,1,7.739003,7.361882,3.481896,1.500000,-0.014538
1779543026.424685,0,1,7.724911,7.357006,3.481100,1.500000,-0.014538
1779543026.434618,0,1,7.710817,7.352125,3.480478,1.500000,-0.014538
1779543026.444793,0,1,7.696711,7.347265,3.479682,1.500000,-0.014314
1779543026.454520,0,1,7.682602,7.342402,3.479060,1.500000,-0.014314
1779543026.464470,0,1,7.668482,7.337560,3.478263,1.500000,-0.013500
1779543026.474847,0,1,7.654360,7.332714,3.477641,1.500000,-0.013500
1779543026.484521,0,1,7.640227,7.327890,3.476844,1.500000,-0.013500
1779543026.494537,0,1,7.626092,7.323062,3.476221,1.500000,-0.012172
1779543026.504879,0,1,7.611946,7.318256,3.475424,1.500000,-0.012172
1779543026.514703,0,1,7.597798,7.313447,3.474801,1.500000,-0.012172
1779543026.524662,0,1,7.583641,7.308659,3.474003,1.500000,-0.012264
1779543026.534588,0,1,7.569481,7.303868,3.473380,1.500000,-0.012264
1779543026.544682,0,1,7.555312,7.299099,3.472582,1.500000,-0.012024
1779543026.554615,0,1,7.541141,7.294326,3.471959,1.500000,-0.012024
1779543026.564983,0,1,7.526960,7.289575,3.471160,1.500000,-0.011165
1779543026.574308,0,1,7.512779,7.284821,3.470537,1.500000,-0.011165
1779543026.584669,0,1,7.498587,7.280090,3.469738,1.500000,-0.011165
1779543026.594725,0,1,7.484395,7.275355,3.469114,1.500000,-0.010747
1779543026.604872,0,1,7.470194,7.270642,3.468315,1.500000,-0.010747
1779543026.614835,0,1,7.455991,7.265926,3.467692,1.500000,-0.009817
1779543026.625181,0,1,7.441780,7.261232,3.466892,1.500000,-0.009817
1779543026.634818,0,1,7.427568,7.256535,3.466268,1.500000,-0.009817
1779543026.644699,0,1,7.413346,7.251861,3.465469,1.500000,-0.009557
1779543026.655400,0,1,7.399125,7.247184,3.464845,1.500000,-0.009557
1779543026.664768,0,1,7.384894,7.242528,3.464045,1.500000,-0.008600
1779543026.674923,0,1,7.370664,7.237870,3.463421,1.500000,-0.008600
1779543026.684764,0,1,7.356424,7.233235,3.462622,1.500000,-0.008600
1779543026.694746,0,1,7.342184,7.228596,3.461997,1.500000,-0.007098
1779543026.704651,0,1,7.327936,7.223980,3.461197,1.500000,-0.007098
1779543026.714801,0,1,7.313688,7.219361,3.460573,1.500000,-0.006123
1779543026.724682,0,1,7.299431,7.214765,3.459773,1.500000,-0.006123
1779543026.734852,0,1,7.285174,7.210165,3.459149,1.500000,-0.005106
1779543026.744805,0,1,7.270909,7.205589,3.458349,1.500000,-0.005106
1779543026.754616,0,1,7.256644,7.201009,3.457724,1.500000,-0.004068
1779543026.764830,0,1,7.242370,7.196452,3.456924,1.500000,-0.004068
1779543026.774885,0,1,7.228097,7.191893,3.456299,1.500000,-0.004068
1779543026.784508,0,1,7.213816,7.187356,3.455499,1.500000,-0.002535
1779543026.795098,0,1,7.199535,7.182816,3.454874,1.500000,-0.002535
1779543026.804888,0,1,7.185246,7.178299,3.454074,1.500000,-0.002447
1779543026.815531,0,1,7.170957,7.173779,3.453449,1.500000,-0.002447
1779543026.824715,0,1,7.156660,7.169282,3.452649,1.500000,-0.002447
1779543026.835010,0,1,7.142364,7.164782,3.452024,1.500000,-0.000723
1779543026.844354,0,1,7.128059,7.160305,3.451223,1.500000,-0.000723
1779543026.854702,0,1,7.113755,7.155825,3.450598,1.500000,-0.003266
1779543026.865594,0,1,7.099444,7.151368,3.449798,1.500000,-0.003266
1779543026.874418,0,1,7.085132,7.146908,3.449173,1.500000,-0.002186
1779543026.884804,0,1,7.070814,7.142471,3.448372,1.500000,-0.002186
1779543026.895361,0,1,7.056495,7.138031,3.447747,1.500000,-0.001082
1779543026.904796,0,1,7.042169,7.133614,3.446947,1.500000,-0.001082
1779543026.914695,0,1,7.027843,7.129195,3.446322,1.500000,-0.001082
1779543026.924982,0,1,7.013510,7.124798,3.445521,1.500000,-0.001503
1779543026.934623,0,1,6.999178,7.120399,3.444896,1.500000,-0.001503
1779543026.944838,0,1,6.984838,7.116023,3.444095,1.500000,-0.001503
1779543026.954479,0,1,6.970498,7.111644,3.443470,1.500000,-0.000341
1779543026.965045,0,1,6.956151,7.107288,3.442669,1.500000,-0.000341
1779543026.974381,0,1,6.941805,7.102929,3.442044,1.500000,0.000817
1779543026.984582,0,1,6.927451,7.098593,3.441243,1.500000,0.000817
1779543026.994759,0,1,6.913105,7.094231,3.440895,1.500000,0.001986
1779543027.004842,0,1,6.898778,7.089807,3.441209,1.500000,0.001986
1779543027.014747,0,1,6.884458,7.085360,3.441587,1.500000,0.001986
1779543027.024882,0,1,6.870150,7.080872,3.442258,1.500000,0.002380
1779543027.034537,0,1,6.855845,7.076374,3.442814,1.500000,0.002380
1779543027.044666,0,1,6.841550,7.071845,3.443576,1.500000,0.002380
1779543027.054886,0,1,6.827255,7.067312,3.444179,1.500000,0.001886
1779543027.064542,0,1,6.812969,7.062752,3.444967,1.500000,0.001886
1779543027.074863,0,1,6.798683,7.058191,3.445583,1.500000,0.001097
1779543027.084507,0,1,6.784405,7.053606,3.446379,1.500000,0.001097
1779543027.095095,0,1,6.770126,7.049022,3.447001,1.500000,0.000045
1779543027.104896,0,1,6.755855,7.044413,3.447800,1.500000,0.000045
1779543027.114708,0,1,6.741579,7.039819,3.448285,1.500000,0.000045
1779543027.125044,0,1,6.727297,7.035243,3.448527,1.500000,-0.002619
1779543027.134892,0,1,6.713011,7.030679,3.448650,1.500000,-0.002619
1779543027.144907,0,1,6.698719,7.026136,3.448576,1.500000,-0.002619
1779543027.154469,0,1,6.684411,7.021642,3.448053,1.500000,-0.005285
1779543027.164448,0,1,6.670098,7.017161,3.447570,1.500000,-0.005285
1779543027.176359,0,1,6.655774,7.012715,3.446845,1.500000,-0.005285
1779543027.184681,0,1,6.641449,7.008275,3.446261,1.500000,-0.006058
1779543027.195039,0,1,6.627114,7.003864,3.445484,1.500000,-0.006058
1779543027.204453,0,1,6.612779,6.999454,3.444872,1.500000,-0.006289
1779543027.214720,0,1,6.598436,6.995069,3.444079,1.500000,-0.006289
1779543027.224735,0,1,6.584093,6.990684,3.443459,1.500000,-0.005131
1779543027.234954,0,1,6.569743,6.986324,3.442662,1.500000,-0.005131
1779543027.244493,0,1,6.555393,6.981962,3.442039,1.500000,-0.004166
1779543027.254688,0,1,6.541036,6.977623,3.441239,1.500000,-0.004166
1779543027.264445,0,1,6.526679,6.973282,3.440615,1.500000,-0.003120
1779543027.275306,0,1,6.512315,6.968965,3.439814,1.500000,-0.003120
1779543027.284786,0,1,6.497952,6.964645,3.439189,1.500000,-0.003120
1779543027.294372,0,1,6.483582,6.960349,3.438389,1.500000,-0.001551
1779543027.304733,0,1,6.469213,6.956050,3.437764,1.500000,-0.001551
1779543027.314722,0,1,6.454836,6.951774,3.436963,1.500000,-0.001551
1779543027.324669,0,1,6.440461,6.947495,3.436337,1.500000,-0.001551
1779543027.334805,0,1,6.426078,6.943240,3.435536,1.500000,0.000187
1779543027.344539,0,1,6.411696,6.938982,3.434911,1.500000,0.000187
1779543027.354490,0,1,6.397307,6.934747,3.434110,1.500000,0.000187
1779543027.364572,0,1,6.382926,6.930486,3.433762,1.500000,-0.001538
1779543027.374358,0,1,6.368563,6.926164,3.434076,1.500000,-0.001538
1779543027.384708,0,1,6.354200,6.921841,3.434177,1.500000,-0.000419
1779543027.394666,0,1,6.339824,6.917563,3.433733,1.500000,-0.000419
1779543027.404565,0,1,6.325445,6.913295,3.433286,1.500000,-0.000419
1779543027.414996,0,1,6.311056,6.909060,3.432575,1.500000,-0.000106
1779543027.424729,0,1,6.296666,6.904828,3.431997,1.500000,-0.000106
1779543027.434972,0,1,6.282268,6.900624,3.431221,1.500000,-0.000433
1779543027.444622,0,1,6.267870,6.896421,3.430610,1.500000,-0.000433
1779543027.454485,0,1,6.253464,6.892243,3.429817,1.500000,-0.000433
1779543027.464511,0,1,6.239058,6.888064,3.429196,1.500000,-0.000129
1779543027.474401,0,1,6.224646,6.883909,3.428398,1.500000,-0.000129
1779543027.484568,0,1,6.210234,6.879752,3.427775,1.500000,-0.000129
1779543027.494689,0,1,6.195815,6.875618,3.426975,1.500000,0.000321
1779543027.505074,0,1,6.181397,6.871483,3.426350,1.500000,0.000321
1779543027.514683,0,1,6.166972,6.867371,3.425550,1.500000,0.001503
1779543027.524466,0,1,6.152555,6.863232,3.425202,1.500000,0.001503
1779543027.534816,0,1,6.138155,6.859032,3.425516,1.500000,0.001503
1779543027.547633,0,1,6.123762,6.854809,3.425894,1.500000,0.003366
1779543027.554701,0,1,6.109382,6.850544,3.426566,1.500000,0.003366
1779543027.564816,0,1,6.095004,6.846270,3.427122,1.500000,0.003252
1779543027.574817,0,1,6.080636,6.841965,3.427884,1.500000,0.003252
1779543027.584771,0,1,6.066268,6.837655,3.428487,1.500000,0.003252
1779543027.594514,0,1,6.051909,6.833319,3.429275,1.500000,0.002320
1779543027.604717,0,1,6.037550,6.828982,3.429892,1.500000,0.002320
1779543027.614658,0,1,6.023198,6.824621,3.430688,1.500000,0.001158
1779543027.624335,0,1,6.008846,6.820260,3.431310,1.500000,0.001158
1779543027.634548,0,1,5.994502,6.815875,3.432109,1.500000,0.000071
1779543027.644776,0,1,5.980156,6.811493,3.432733,1.500000,0.000071
1779543027.654563,0,1,5.965819,6.807086,3.433533,1.500000,0.000071
1779543027.664767,0,1,5.951476,6.802694,3.434019,1.500000,-0.002535
1779543027.674998,0,1,5.937128,6.798321,3.434262,1.500000,-0.002535
1779543027.684797,0,1,5.922772,6.793973,3.434247,1.500000,-0.002535
1779543027.694657,0,1,5.908401,6.789675,3.433754,1.500000,-0.004332
1779543027.704945,0,1,5.894025,6.785394,3.433287,1.500000,-0.004332
1779543027.714845,0,1,5.879639,6.781150,3.432570,1.500000,-0.005509
1779543027.724363,0,1,5.865250,6.776912,3.431990,1.500000,-0.005509
1779543027.734618,0,1,5.850853,6.772703,3.431215,1.500000,-0.005509
1779543027.745459,0,1,5.836455,6.768497,3.430605,1.500000,-0.005874
1779543027.754501,0,1,5.822049,6.764316,3.429813,1.500000,-0.005874
1779543027.764673,0,1,5.807644,6.760135,3.429194,1.500000,-0.004730
1779543027.774405,0,1,5.793231,6.755979,3.428396,1.500000,-0.004730
1779543027.784935,0,1,5.778819,6.751821,3.427773,1.500000,-0.004730
1779543027.794768,0,1,5.764400,6.747687,3.426974,1.500000,-0.003296
1779543027.805074,0,1,5.749982,6.743551,3.426350,1.500000,-0.003296
1779543027.814451,0,1,5.735557,6.739439,3.425549,1.500000,-0.003296
1779543027.824955,0,1,5.721132,6.735324,3.424924,1.500000,-0.003666
1779543027.835283,0,1,5.706701,6.731232,3.424124,1.500000,-0.003666
1779543027.844832,0,1,5.692271,6.727138,3.423498,1.500000,-0.003666
1779543027.856037,0,1,5.677834,6.723068,3.422697,1.500000,-0.002673
1779543027.864554,0,1,5.663397,6.718995,3.422072,1.500000,-0.002673
1779543027.874635,0,1,5.648954,6.714945,3.421271,1.500000,-0.002673
1779543027.885204,0,1,5.634512,6.710892,3.420646,1.500000,-0.000964
1779543027.894688,0,1,5.620064,6.706863,3.419845,1.500000,-0.000964
1779543027.905190,0,1,5.605616,6.702831,3.419219,1.500000,-0.000964
1779543027.915231,0,1,5.591161,6.698822,3.418418,1.500000,0.092193
1779543027.924805,0,1,5.576708,6.694811,3.417793,1.500000,0.092193
1779543027.934698,0,1,5.562248,6.690823,3.416992,1.500000,0.092193
1779543027.944572,0,1,5.547795,6.686808,3.416643,1.500000,0.203645
1779543027.954870,0,1,5.533366,6.682708,3.417235,1.500000,0.203645
1779543027.965263,0,1,5.518976,6.678475,3.419005,1.500000,0.203645
1779543027.974564,0,1,5.504637,6.674073,3.422072,1.500000,0.285118
1779543027.984905,0,1,5.490361,6.669468,3.426496,1.500000,0.285118
1779543027.994915,0,1,5.476162,6.664633,3.432308,1.500000,0.285118
1779543028.004799,0,1,5.462108,6.659560,3.439593,1.438826,0.382997
1779543028.014840,0,1,5.448257,6.654244,3.448346,1.438826,0.382997
1779543028.024903,0,1,5.434604,6.648660,3.458490,1.438826,0.382997
1779543028.035140,0,1,5.421191,6.642803,3.470055,1.390883,0.420000
1779543028.044638,0,1,5.408054,6.636670,3.482999,1.390883,0.420000
1779543028.054698,0,1,5.395185,6.630240,3.497236,1.390883,0.420000
1779543028.064669,0,1,5.382609,6.623508,3.512777,1.359604,0.420000
1779543028.074492,0,1,5.370344,6.616476,3.529498,1.359604,0.420000
1779543028.085218,0,1,5.358365,6.609162,3.546949,1.359604,0.420000
1779543028.094619,0,1,5.346621,6.601632,3.564259,1.359604,0.420000
1779543028.104962,0,1,5.335101,6.593883,3.581641,1.359604,0.420000
1779543028.114466,0,1,5.323770,6.585954,3.598691,1.359604,0.420000
1779543028.124486,0,1,5.312632,6.577834,3.615747,1.359604,0.420000
1779543028.134769,0,1,5.301657,6.569552,3.632462,1.359604,0.420000
1779543028.144436,0,1,5.290867,6.561079,3.649380,1.359604,0.420000
1779543028.154900,0,1,5.280268,6.552404,3.666603,1.359604,0.420000
1779543028.164649,0,1,5.269830,6.543566,3.683568,1.359604,0.420000
1779543028.174838,0,1,5.259566,6.534550,3.700598,1.359604,0.420000
1779543028.185122,0,1,5.249453,6.525383,3.717337,1.359604,0.420000
1779543028.194438,0,1,5.239507,6.516050,3.734128,1.359604,0.420000
1779543028.204688,0,1,5.229703,6.506570,3.750621,1.379647,0.409209
1779543028.214931,0,1,5.220066,6.496909,3.767355,1.379647,0.409209
1779543028.225281,0,1,5.210607,6.487055,3.784427,1.403619,0.380947
1779543028.234658,0,1,5.201297,6.477037,3.801288,1.403619,0.380947
1779543028.245237,0,1,5.192147,6.466840,3.818252,1.427774,0.361836
1779543028.254799,0,1,5.183118,6.456501,3.834706,1.427774,0.361836
1779543028.264479,0,1,5.174164,6.446054,3.850250,1.453619,0.332052
1779543028.274787,0,1,5.165269,6.435508,3.864971,1.453619,0.332052
1779543028.284977,0,1,5.156473,6.424834,3.879582,1.453619,0.332052
1779543028.294817,0,1,5.147768,6.414036,3.893898,1.473578,0.312124
1779543028.305189,0,1,5.139184,6.403090,3.908348,1.473578,0.312124
1779543028.314948,0,1,5.130689,6.392024,3.922355,1.473578,0.312124
1779543028.325032,0,1,5.122258,6.380855,3.935748,1.499708,0.293347
1779543028.334569,0,1,5.113927,6.369553,3.949125,1.499708,0.293347
1779543028.345458,0,1,5.105664,6.358143,3.961992,1.500000,0.267127
1779543028.354739,0,1,5.097453,6.346644,3.974212,1.500000,0.267127
1779543028.366387,0,1,5.089330,6.335030,3.986398,1.500000,0.267127
1779543028.374420,0,1,5.081289,6.323313,3.998324,1.500000,0.256877
1779543028.384850,0,1,5.073360,6.311475,4.010397,1.500000,0.256877
1779543028.394965,0,1,5.065510,6.299541,4.022026,1.500000,0.256877
1779543028.405072,0,1,5.057713,6.287532,4.033029,1.500000,0.161012
1779543028.414596,0,1,5.050008,6.275425,4.044001,1.500000,0.161012
1779543028.424621,0,1,5.042362,6.263244,4.054440,1.500000,0.161012
1779543028.434753,0,1,5.034733,6.251018,4.063931,1.500000,0.083890
1779543028.444759,0,1,5.027086,6.238770,4.072273,1.500000,0.083890
1779543028.455302,0,1,5.019393,6.226520,4.079367,1.500000,-0.005456
1779543028.464910,0,1,5.011628,6.214284,4.085157,1.500000,-0.005456
1779543028.474814,0,1,5.003770,6.202080,4.089616,1.500000,-0.005456
1779543028.485497,0,1,4.995799,6.189921,4.092723,1.500000,-0.095239
1779543028.494603,0,1,4.987697,6.177824,4.094468,1.500000,-0.095239
1779543028.506020,0,1,4.979447,6.165801,4.094841,1.500000,-0.095239
1779543028.514744,0,1,4.971032,6.153869,4.093836,1.500000,-0.018588
1779543028.524832,0,1,4.962436,6.142042,4.091447,1.500000,-0.018588
1779543028.534846,0,1,4.953666,6.130323,4.087944,1.500000,0.070873
1779543028.544750,0,1,4.944795,6.118657,4.084420,1.500000,0.070873
1779543028.555045,0,1,4.935893,6.106994,4.081582,1.500000,0.070873
1779543028.564895,0,1,4.927015,6.095294,4.079774,1.500000,0.173734
1779543028.575121,0,1,4.918201,6.083526,4.079169,1.500000,0.173734
1779543028.584903,0,1,4.909488,6.071667,4.079855,1.500000,0.173734
1779543028.594950,0,1,4.900905,6.059696,4.081880,1.500000,0.219943
1779543028.604867,0,1,4.892479,6.047599,4.085270,1.500000,0.219943
1779543028.615213,0,1,4.884235,6.035362,4.090042,1.500000,0.232779
1779543028.625079,0,1,4.876197,6.022975,4.096206,1.500000,0.232779
1779543028.635004,0,1,4.868389,6.010428,4.103768,1.500000,0.232779
1779543028.645518,0,1,4.860813,5.997728,4.112459,1.500000,0.240258
1779543028.654420,0,1,4.853416,5.984912,4.121452,1.500000,0.240258
1779543028.665292,0,1,4.846221,5.971970,4.131139,1.500000,0.240258
1779543028.675102,0,1,4.839247,5.958897,4.141614,1.500000,0.240745
1779543028.685227,0,1,4.832450,5.945721,4.152221,1.500000,0.240745
1779543028.694780,0,1,4.825841,5.932440,4.163162,1.500000,0.234298
1779543028.704867,0,1,4.819387,5.919075,4.174014,1.500000,0.234298
1779543028.714644,0,1,4.813106,5.905620,4.185091,1.500000,0.234298
1779543028.725094,0,1,4.806948,5.892100,4.195746,1.500000,0.219872
1779543028.734950,0,1,4.800876,5.878533,4.205763,1.500000,0.219872
1779543028.745339,0,1,4.794925,5.864905,4.215733,1.500000,0.207940
1779543028.754912,0,1,4.789078,5.851227,4.225421,1.500000,0.207940
1779543028.765122,0,1,4.783364,5.837485,4.235234,1.500000,0.207940
1779543028.775468,0,1,4.777762,5.823692,4.244847,1.500000,0.188969
1779543028.784793,0,1,4.772299,5.809837,4.254624,1.500000,0.188969
1779543028.794908,0,1,4.766930,5.795941,4.263946,1.500000,0.177461
1779543028.805349,0,1,4.761621,5.782015,4.272608,1.500000,0.177461
1779543028.814880,0,1,4.756411,5.768048,4.281209,1.500000,0.177461
1779543028.824992,0,1,4.751284,5.754045,4.289520,1.500000,0.163141
1779543028.834862,0,1,4.746271,5.739997,4.297948,1.500000,0.163141
1779543028.845227,0,1,4.741328,5.725919,4.305896,1.500000,0.163141
1779543028.855013,0,1,4.736423,5.711825,4.313170,1.500000,0.172536
1779543028.864954,0,1,4.731596,5.697699,4.320375,1.500000,0.172536
1779543028.874737,0,1,4.726831,5.683549,4.327284,1.500000,0.163771
1779543028.885084,0,1,4.722184,5.669356,4.334584,1.500000,0.163771
1779543028.895117,0,1,4.717695,5.655109,4.342514,1.500000,0.163771
1779543028.905576,0,1,4.713305,5.640828,4.350213,1.500000,0.159448
1779543028.915036,0,1,4.708974,5.626527,4.357362,1.500000,0.159448
1779543028.925133,0,1,4.704737,5.612194,4.364503,1.500000,0.159448
1779543028.934773,0,1,4.700572,5.597837,4.371380,1.500000,0.148897
1779543028.945356,0,1,4.696510,5.583449,4.378389,1.500000,0.148897
1779543028.955027,0,1,4.692528,5.569036,4.385200,1.500000,0.148897
1779543028.967243,0,1,4.688654,5.554591,4.392176,1.500000,0.145271
1779543028.974663,0,1,4.684862,5.540122,4.398971,1.500000,0.145271
1779543028.985296,0,1,4.681181,5.525622,4.405939,1.500000,0.145271
1779543028.995132,0,1,4.677584,5.511099,4.412730,1.500000,0.145247
1779543029.005027,0,1,4.674099,5.496548,4.419697,1.500000,0.145247
1779543029.015160,0,1,4.670700,5.481974,4.426488,1.500000,0.145247
1779543029.024958,0,1,4.667413,5.467372,4.433455,1.500000,0.136652
1779543029.034830,0,1,4.664213,5.452750,4.440246,1.500000,0.136652
1779543029.044821,0,1,4.661127,5.438102,4.447214,1.500000,0.137064
1779543029.054477,0,1,4.658103,5.423439,4.453731,1.500000,0.137064
1779543029.065080,0,1,4.655106,5.408770,4.459586,1.500000,0.137064
1779543029.074844,0,1,4.652175,5.394085,4.465378,1.500000,0.124647
1779543029.084751,0,1,4.649293,5.379390,4.470878,1.500000,0.124647
1779543029.094910,0,1,4.646492,5.364678,4.476494,1.500000,0.117255
1779543029.104726,0,1,4.643748,5.349954,4.481905,1.500000,0.117255
1779543029.114736,0,1,4.641092,5.335213,4.487475,1.500000,0.117255
1779543029.125170,0,1,4.638498,5.320460,4.492861,1.500000,0.121082
1779543029.135080,0,1,4.635995,5.305690,4.498417,1.500000,0.121082
1779543029.145276,0,1,4.633557,5.290908,4.503796,1.500000,0.112846
1779543029.154707,0,1,4.631212,5.276110,4.509349,1.500000,0.112846
1779543029.165110,0,1,4.628933,5.261301,4.514725,1.500000,0.112846
1779543029.175114,0,1,4.626747,5.246478,4.520276,1.500000,0.115489
1779543029.184972,0,1,4.624629,5.231644,4.525652,1.500000,0.115489
1779543029.194916,0,1,4.622604,5.216795,4.531203,1.500000,0.110213
1779543029.205433,0,1,4.620647,5.201938,4.536579,1.500000,0.110213
1779543029.214832,0,1,4.618784,5.187067,4.542130,1.500000,0.104722
1779543029.224846,0,1,4.616988,5.172188,4.547506,1.500000,0.104722
1779543029.235099,0,1,4.615288,5.157296,4.553058,1.500000,0.104722
1779543029.245331,0,1,4.613630,5.142400,4.558157,1.500000,0.096052
1779543029.255665,0,1,4.611979,5.127502,4.562594,1.500000,0.096052
1779543029.264661,0,1,4.610375,5.112598,4.566968,1.500000,0.096052
1779543029.274787,0,1,4.608799,5.097691,4.571049,1.500000,0.094936
1779543029.285043,0,1,4.607284,5.082777,4.575245,1.500000,0.094936
1779543029.295007,0,1,4.605806,5.067859,4.579235,1.500000,0.094936
1779543029.305079,0,1,4.604396,5.052934,4.583385,1.500000,0.118992
1779543029.314919,0,1,4.603028,5.038005,4.587350,1.500000,0.118992
1779543029.324991,0,1,4.601756,5.023067,4.591763,1.500000,0.112286
1779543029.335042,0,1,4.600617,5.008117,4.596835,1.500000,0.112286
1779543029.345371,0,1,4.599571,4.993161,4.601969,1.500000,0.112286
1779543029.354933,0,1,4.598638,4.978197,4.607396,1.500000,0.119054
1779543029.365210,0,1,4.597786,4.963227,4.612706,1.500000,0.119054
1779543029.375372,0,1,4.597038,4.948252,4.618222,1.500000,0.119054
1779543029.384809,0,1,4.596364,4.933273,4.623579,1.500000,0.116116
1779543029.395070,0,1,4.595789,4.918289,4.629120,1.500000,0.116116
1779543029.405042,0,1,4.595285,4.903303,4.634491,1.500000,0.116116
1779543029.415081,0,1,4.594879,4.888314,4.640040,1.500000,0.118378
1779543029.424859,0,1,4.594543,4.873322,4.645415,1.500000,0.118378
1779543029.434800,0,1,4.594303,4.858329,4.650968,1.500000,0.118378
1779543029.445269,0,1,4.594132,4.843334,4.656345,1.500000,0.118378
1779543029.454757,0,1,4.594057,4.828338,4.661899,1.500000,0.120663
1779543029.465278,0,1,4.594051,4.813342,4.667277,1.500000,0.120663
1779543029.475088,0,1,4.594141,4.798346,4.672832,1.500000,0.120663
1779543029.484757,0,1,4.594299,4.783351,4.678211,1.500000,0.113152
1779543029.495103,0,1,4.594553,4.768356,4.683765,1.500000,0.113152
1779543029.505341,0,1,4.594876,4.753363,4.689145,1.500000,0.113152
1779543029.515255,0,1,4.595294,4.738372,4.694700,1.500000,0.113152
1779543029.524841,0,1,4.595780,4.723383,4.700079,1.500000,0.118024
1779543029.534636,0,1,4.596362,4.708397,4.705634,1.500000,0.118024
1779543029.545575,0,1,4.597013,4.693413,4.711014,1.500000,0.124530
1779543029.554805,0,1,4.597759,4.678434,4.716569,1.500000,0.124530
1779543029.564969,0,1,4.598573,4.663459,4.721949,1.500000,0.115206
1779543029.574810,0,1,4.599482,4.648489,4.727504,1.500000,0.115206
1779543029.584869,0,1,4.600460,4.633523,4.732884,1.500000,0.115206
1779543029.594598,0,1,4.601534,4.618564,4.738440,1.500000,0.109994
1779543029.604843,0,1,4.602675,4.603609,4.743820,1.500000,0.109994
1779543029.615089,0,1,4.603912,4.588662,4.749375,1.500000,0.109994
1779543029.625413,0,1,4.605217,4.573721,4.754755,1.500000,0.118813
1779543029.635288,0,1,4.606617,4.558788,4.760311,1.500000,0.118813
1779543029.645585,0,1,4.608086,4.543862,4.765691,1.500000,0.111155
1779543029.655069,0,1,4.609649,4.528945,4.771247,1.500000,0.111155
1779543029.665559,0,1,4.611281,4.514035,4.776627,1.500000,0.111155
1779543029.674658,0,1,4.613007,4.499137,4.782182,1.500000,0.117905
1779543029.685597,0,1,4.614802,4.484246,4.787563,1.500000,0.117905
1779543029.695171,0,1,4.616691,4.469366,4.793118,1.500000,0.112801
1779543029.704947,0,1,4.618648,4.454496,4.798499,1.500000,0.112801
1779543029.715305,0,1,4.620700,4.439638,4.804055,1.500000,0.107568
1779543029.725258,0,1,4.622820,4.424790,4.809435,1.500000,0.107568
1779543029.735468,0,1,4.625034,4.409955,4.814991,1.500000,0.107568
1779543029.744660,0,1,4.627316,4.395131,4.820371,1.500000,0.099385
1779543029.754798,0,1,4.629693,4.380321,4.825927,1.500000,0.099385
1779543029.765514,0,1,4.632112,4.365519,4.831030,1.500000,0.099385
1779543029.775023,0,1,4.634539,4.350717,4.835471,1.500000,0.090871
1779543029.785122,0,1,4.637011,4.335923,4.839848,1.500000,0.090871
1779543029.794862,0,1,4.639512,4.321134,4.843932,1.500000,0.090871
1779543029.805443,0,1,4.642074,4.306355,4.848131,1.500000,0.092730
1779543029.814714,0,1,4.644673,4.291583,4.852124,1.500000,0.092730
1779543029.825403,0,1,4.647338,4.276822,4.856276,1.500000,0.092730
1779543029.835133,0,1,4.650046,4.262069,4.860243,1.500000,0.085486
1779543029.845609,0,1,4.652824,4.247329,4.864381,1.500000,0.085486
1779543029.855919,0,1,4.655646,4.232598,4.868340,1.500000,0.085486
1779543029.865371,0,1,4.658539,4.217880,4.872473,1.500000,0.137174
1779543029.874973,0,1,4.661478,4.203171,4.876429,1.500000,0.137174
1779543029.885314,0,1,4.664512,4.188482,4.880838,1.500000,0.137174
1779543029.894737,0,1,4.667679,4.173820,4.885908,1.500000,0.151453
1779543029.905586,0,1,4.670939,4.159179,4.891042,1.500000,0.151453
1779543029.914596,0,1,4.674335,4.144569,4.896746,1.500000,0.147452
1779543029.925367,0,1,4.677895,4.129999,4.903173,1.500000,0.147452
1779543029.934703,0,1,4.681577,4.115458,4.909693,1.500000,0.147452
1779543029.946394,0,1,4.685397,4.100953,4.916524,1.500000,0.161708
1779543029.954674,0,1,4.689320,4.086476,4.923248,1.500000,0.161708
1779543029.964895,0,1,4.693368,4.072032,4.930184,1.500000,0.161708
1779543029.975472,0,1,4.697510,4.057616,4.936964,1.500000,0.153062
1779543029.985377,0,1,4.701770,4.043234,4.943930,1.500000,0.153062
1779543029.995120,0,1,4.706120,4.028879,4.950726,1.500000,0.153062
1779543030.005334,0,1,4.710584,4.014559,4.957702,1.500000,0.160461
1779543030.015682,0,1,4.715136,4.000267,4.964505,1.500000,0.160461
1779543030.024800,0,1,4.719801,3.986011,4.971484,1.500000,0.154527
1779543030.035022,0,1,4.724551,3.971783,4.978290,1.500000,0.154527
1779543030.045090,0,1,4.729414,3.957593,4.985271,1.500000,0.154527
1779543030.054487,0,1,4.734361,3.943433,4.992077,1.500000,0.160827
1779543030.064935,0,1,4.739420,3.929312,4.999059,1.500000,0.160827
1779543030.074803,0,1,4.744563,3.915221,5.005866,1.500000,0.154845
1779543030.085238,0,1,4.749816,3.901171,5.012848,1.500000,0.154845
1779543030.095092,0,1,4.755153,3.887153,5.019655,1.500000,0.154845
1779543030.104590,0,1,4.760599,3.873177,5.026638,1.500000,0.165123
1779543030.115072,0,1,4.766129,3.859234,5.033445,1.500000,0.165123
1779543030.124717,0,1,4.771768,3.845334,5.040428,1.500000,0.153712
1779543030.135011,0,1,4.777490,3.831469,5.047235,1.500000,0.153712
1779543030.145947,0,1,4.783319,3.817648,5.054218,1.500000,0.153712
1779543030.155030,0,1,4.789232,3.803863,5.061025,1.500000,0.156889
1779543030.164770,0,1,4.795252,3.790124,5.068008,1.500000,0.156889
1779543030.174617,0,1,4.801354,3.776421,5.074815,1.500000,0.150817
1779543030.184985,0,1,4.807563,3.762767,5.081798,1.500000,0.150817
1779543030.195017,0,1,4.813853,3.749150,5.088605,1.500000,0.150817
1779543030.204731,0,1,4.820250,3.735582,5.095588,1.500000,0.141322
1779543030.214664,0,1,4.826727,3.722053,5.102395,1.500000,0.141322
1779543030.224991,0,1,4.833310,3.708575,5.109378,1.500000,0.134533
1779543030.234820,0,1,4.839974,3.695136,5.116185,1.500000,0.134533
1779543030.245462,0,1,4.846742,3.681750,5.123168,1.500000,0.127630
1779543030.254685,0,1,4.853568,3.668394,5.129699,1.500000,0.127630
1779543030.264429,0,1,4.860420,3.655050,5.135566,1.500000,0.120329
1779543030.275121,0,1,4.867332,3.641738,5.141370,1.500000,0.120329
1779543030.284889,0,1,4.874289,3.628448,5.146880,1.500000,0.120329
1779543030.295268,0,1,4.881318,3.615198,5.152506,1.500000,0.119586
1779543030.304605,0,1,4.888401,3.601975,5.157926,1.500000,0.119586
1779543030.315435,0,1,4.895561,3.588795,5.163504,1.500000,0.136068
1779543030.324926,0,1,4.902778,3.575645,5.168899,1.500000,0.136068
1779543030.334806,0,1,4.910077,3.562540,5.174463,1.500000,0.136068
1779543030.345043,0,1,4.917433,3.549468,5.179849,1.500000,0.128708
1779543030.354723,0,1,4.924870,3.536442,5.185409,1.500000,0.128708
1779543030.364653,0,1,4.932367,3.523450,5.190792,1.500000,0.139336
1779543030.374620,0,1,4.939945,3.510505,5.196350,1.500000,0.139336
1779543030.384579,0,1,4.947582,3.497595,5.201732,1.500000,0.139336
1779543030.395379,0,1,4.955322,3.484746,5.207566,1.500000,0.144348
1779543030.404589,0,1,4.963196,3.471979,5.214062,1.500000,0.144348
1779543030.414843,0,1,4.971169,3.459273,5.220622,1.500000,0.137892
1779543030.424923,0,1,4.979257,3.446641,5.227476,1.500000,0.137892
1779543030.434839,0,1,4.987410,3.434050,5.233937,1.500000,0.133455
1779543030.444716,0,1,4.995594,3.421479,5.239765,1.500000,0.133455
1779543030.454417,0,1,5.003841,3.408950,5.245547,1.500000,0.136835
1779543030.465001,0,1,5.012133,3.396450,5.251044,1.500000,0.136835
1779543030.475207,0,1,5.020496,3.383998,5.256662,1.500000,0.136835
1779543030.484848,0,1,5.028910,3.371580,5.262076,1.500000,0.127267
1779543030.494628,0,1,5.037400,3.359214,5.267651,1.500000,0.127267
1779543030.504632,0,1,5.045943,3.346884,5.273043,1.500000,0.127267
1779543030.515180,0,1,5.054562,3.334608,5.278606,1.500000,0.128522
1779543030.527363,0,1,5.063236,3.322371,5.283991,1.500000,0.128522
1779543030.539358,0,1,5.071987,3.310188,5.289550,1.500000,0.128522
1779543030.545022,0,1,5.080793,3.298045,5.294933,1.500000,0.123703
1779543030.555795,0,1,5.089676,3.285958,5.300490,1.500000,0.123703
1779543030.565263,0,1,5.098613,3.273911,5.305872,1.500000,0.123703
1779543030.574951,0,1,5.107627,3.261922,5.311429,1.500000,0.123703
1779543030.585257,0,1,5.116695,3.249973,5.316810,1.500000,0.122458
1779543030.596376,0,1,5.125839,3.238083,5.322367,1.500000,0.122458
1779543030.604710,0,1,5.135037,3.226234,5.327747,1.500000,0.122458
1779543030.614916,0,1,5.144311,3.214444,5.333304,1.500000,0.120648
1779543030.624939,0,1,5.153638,3.202697,5.338685,1.500000,0.120648
1779543030.634644,0,1,5.163040,3.191009,5.344241,1.500000,0.115671
1779543030.644649,0,1,5.172495,3.179364,5.349622,1.500000,0.115671
1779543030.654716,0,1,5.182024,3.167780,5.355178,1.500000,0.115671
1779543030.665252,0,1,5.191606,3.156239,5.360559,1.500000,0.118358
1779543030.674858,0,1,5.201261,3.144760,5.366115,1.500000,0.118358
1779543030.684588,0,1,5.210968,3.133324,5.371496,1.500000,0.110651
1779543030.694822,0,1,5.220749,3.121951,5.377052,1.500000,0.110651
1779543030.705004,0,1,5.230581,3.110623,5.382433,1.500000,0.105274
1779543030.714796,0,1,5.240484,3.099357,5.387989,1.500000,0.105274
1779543030.725386,0,1,5.250421,3.088121,5.393093,1.500000,0.105274
1779543030.734667,0,1,5.260363,3.076889,5.397534,1.500000,0.096996
1779543030.744766,0,1,5.270340,3.065688,5.401912,1.500000,0.096996
1779543030.755332,0,1,5.280339,3.054506,5.405995,1.500000,0.096996
1779543030.764619,0,1,5.290383,3.043365,5.410195,1.500000,0.096102
1779543030.774715,0,1,5.300455,3.032250,5.414188,1.500000,0.096102
1779543030.784537,0,1,5.310577,3.021181,5.418340,1.500000,0.088279
1779543030.794593,0,1,5.320731,3.010140,5.422307,1.500000,0.088279
1779543030.805063,0,1,5.330938,2.999148,5.426445,1.500000,0.088279
1779543030.814532,0,1,5.341177,2.988186,5.430405,1.500000,0.101857
1779543030.824911,0,1,5.351469,2.977274,5.434538,1.500000,0.101857
1779543030.834961,0,1,5.361794,2.966393,5.438495,1.500000,0.098532
1779543030.844866,0,1,5.372173,2.955564,5.442626,1.500000,0.098532
1779543030.854863,0,1,5.382585,2.944766,5.446581,1.500000,0.101898
1779543030.864886,0,1,5.393051,2.934020,5.450712,1.500000,0.101898
1779543030.874516,0,1,5.403550,2.923307,5.454666,1.500000,0.098642
1779543030.884918,0,1,5.414101,2.912646,5.458796,1.500000,0.098642
1779543030.894532,0,1,5.424686,2.902018,5.462751,1.500000,0.098642
1779543030.904400,0,1,5.435323,2.891442,5.466881,1.500000,0.100050
1779543030.915038,0,1,5.445994,2.880899,5.470835,1.500000,0.100050
1779543030.924837,0,1,5.456716,2.870410,5.474965,1.500000,0.100050
1779543030.934998,0,1,5.467471,2.859954,5.478919,1.500000,0.094940
1779543030.944491,0,1,5.478278,2.849551,5.483049,1.500000,0.094940
1779543030.954820,0,1,5.489117,2.839183,5.487003,1.500000,0.097679
1779543030.964731,0,1,5.500008,2.828868,5.491133,1.500000,0.097679
1779543030.974735,0,1,5.510930,2.818587,5.495087,1.500000,0.097679
1779543030.984770,0,1,5.521904,2.808360,5.499217,1.500000,0.092571
1779543030.994676,0,1,5.532909,2.798168,5.503171,1.500000,0.092571
1779543031.004855,0,1,5.543965,2.788031,5.507301,1.500000,0.095051
1779543031.015470,0,1,5.555053,2.777928,5.511255,1.500000,0.095051
1779543031.024700,0,1,5.566190,2.767880,5.515385,1.500000,0.095051
1779543031.034631,0,1,5.577359,2.757867,5.519339,1.500000,0.089653
1779543031.044992,0,1,5.588577,2.747910,5.523469,1.500000,0.089653
1779543031.054889,0,1,5.599827,2.737988,5.527423,1.500000,0.091907
1779543031.064799,0,1,5.611125,2.728121,5.531552,1.500000,0.091907
1779543031.076264,0,1,5.622454,2.718290,5.535507,1.500000,0.088285
1779543031.084885,0,1,5.633832,2.708516,5.539636,1.500000,0.088285
1779543031.095185,0,1,5.645240,2.698777,5.543591,1.500000,0.088285
1779543031.105006,0,1,5.656697,2.689094,5.547720,1.500000,0.088960
1779543031.114841,0,1,5.668183,2.679448,5.551674,1.500000,0.088960
1779543031.124875,0,1,5.679718,2.669858,5.555804,1.500000,0.085307
1779543031.135305,0,1,5.691282,2.660305,5.559758,1.500000,0.085307
1779543031.145024,0,1,5.702893,2.650809,5.563888,1.500000,0.085307
1779543031.154581,0,1,5.714535,2.641349,5.567842,1.500000,0.085219
1779543031.165128,0,1,5.726222,2.631947,5.571972,1.500000,0.085219
1779543031.174338,0,1,5.737940,2.622582,5.575926,1.500000,0.081443
1779543031.185129,0,1,5.749703,2.613275,5.580056,1.500000,0.081443
1779543031.195263,0,1,5.761496,2.604005,5.584010,1.500000,0.081443
1779543031.204872,0,1,5.773334,2.594794,5.588140,1.500000,0.077506
1779543031.214480,0,1,5.785201,2.585619,5.592094,1.500000,0.077506
1779543031.225685,0,1,5.797114,2.576503,5.596224,1.500000,0.071434
1779543031.234589,0,1,5.809054,2.567425,5.600178,1.500000,0.071434
1779543031.244859,0,1,5.821040,2.558406,5.604308,1.500000,0.067144
1779543031.254904,0,1,5.833039,2.549405,5.607985,1.500000,0.067144
1779543031.264818,0,1,5.845030,2.540392,5.610999,1.500000,0.067144
1779543031.274747,0,1,5.857035,2.531400,5.613950,1.500000,0.060423
1779543031.284580,0,1,5.869046,2.522413,5.616607,1.500000,0.060423
1779543031.294580,0,1,5.881079,2.513459,5.619380,1.500000,0.058639
1779543031.305075,0,1,5.893123,2.504518,5.621946,1.500000,0.058639
1779543031.314599,0,1,5.905195,2.495614,5.624672,1.500000,0.058639
1779543031.325004,0,1,5.917279,2.486727,5.627213,1.500000,0.053477
1779543031.334733,0,1,5.929393,2.477881,5.629925,1.500000,0.053477
1779543031.344376,0,1,5.941520,2.469053,5.632457,1.500000,0.072946
1779543031.354985,0,1,5.953678,2.460267,5.635164,1.500000,0.072946
1779543031.364713,0,1,5.965850,2.451501,5.637694,1.500000,0.072946
1779543031.374908,0,1,5.978052,2.442778,5.640399,1.500000,0.068903
1779543031.384902,0,1,5.990269,2.434075,5.642927,1.500000,0.068903
1779543031.395289,0,1,6.002516,2.425414,5.645631,1.500000,0.073080
1779543031.405277,0,1,6.014778,2.416775,5.648159,1.500000,0.073080
1779543031.414718,0,1,6.027071,2.408178,5.650863,1.500000,0.073080
1779543031.425127,0,1,6.039378,2.399603,5.653391,1.500000,0.070044
1779543031.434521,0,1,6.051715,2.391070,5.656094,1.500000,0.070044
1779543031.444755,0,1,6.064066,2.382559,5.658622,1.500000,0.070044
1779543031.455050,0,1,6.076447,2.374091,5.661325,1.500000,0.070961
1779543031.464839,0,1,6.088843,2.365645,5.663853,1.500000,0.070961
1779543031.475146,0,1,6.101269,2.357242,5.666556,1.500000,0.069026
1779543031.484546,0,1,6.113708,2.348860,5.669084,1.500000,0.069026
1779543031.494599,0,1,6.126177,2.340522,5.671787,1.500000,0.072825
1779543031.504976,0,1,6.138661,2.332206,5.674314,1.500000,0.072825
1779543031.514949,0,1,6.151174,2.323933,5.677018,1.500000,0.072825
1779543031.524821,0,1,6.163700,2.315682,5.679545,1.500000,0.069826
1779543031.534662,0,1,6.176256,2.307475,5.682248,1.500000,0.069826
1779543031.544883,0,1,6.188826,2.299290,5.684776,1.500000,0.066666
1779543031.554482,0,1,6.201424,2.291149,5.687479,1.500000,0.066666
1779543031.564684,0,1,6.214037,2.283029,5.690007,1.500000,0.066666
1779543031.574494,0,1,6.226678,2.274954,5.692710,1.500000,0.068411
1779543031.584705,0,1,6.239332,2.266901,5.695238,1.500000,0.068411
1779543031.594660,0,1,6.252015,2.258892,5.697941,1.500000,0.066324
1779543031.605162,0,1,6.264712,2.250905,5.700468,1.500000,0.066324
1779543031.614608,0,1,6.277436,2.242962,5.703171,1.500000,0.066324
1779543031.624761,0,1,6.290175,2.235042,5.705699,1.500000,0.067798
1779543031.634676,0,1,6.302941,2.227166,5.708402,1.500000,0.067798
1779543031.644633,0,1,6.315720,2.219312,5.710930,1.500000,0.071172
1779543031.654498,0,1,6.328527,2.211503,5.713633,1.500000,0.071172
1779543031.664920,0,1,6.341348,2.203716,5.716161,1.500000,0.071172
1779543031.674889,0,1,6.354195,2.195974,5.718864,1.500000,0.067167
1779543031.684761,0,1,6.367056,2.188254,5.721391,1.500000,0.067167
1779543031.694763,0,1,6.379945,2.180580,5.724095,1.500000,0.067167
1779543031.705020,0,1,6.392846,2.172927,5.726622,1.500000,0.065006
1779543031.714861,0,1,6.405774,2.165320,5.729325,1.500000,0.065006
1779543031.725029,0,1,6.418715,2.157736,5.731853,1.500000,0.061526
1779543031.734306,0,1,6.431682,2.150196,5.734556,1.500000,0.061526
1779543031.744978,0,1,6.444663,2.142679,5.737084,1.500000,0.059125
1779543031.754499,0,1,6.457670,2.135208,5.739787,1.500000,0.059125
1779543031.764575,0,1,6.470689,2.127759,5.742314,1.500000,0.059904
1779543031.775047,0,1,6.483735,2.120356,5.745018,1.500000,0.059904
1779543031.784862,0,1,6.496794,2.112975,5.747545,1.500000,0.059904
1779543031.794897,0,1,6.509878,2.105640,5.750248,1.500000,0.068479
1779543031.804968,0,1,6.522975,2.098328,5.752776,1.500000,0.068479
1779543031.814451,0,1,6.536097,2.091061,5.755479,1.500000,0.068479
1779543031.824893,0,1,6.549232,2.083818,5.758007,1.500000,0.064258
1779543031.834926,0,1,6.562393,2.076620,5.760710,1.500000,0.064258
1779543031.845202,0,1,6.575565,2.069445,5.763238,1.500000,0.064258
1779543031.854836,0,1,6.588763,2.062316,5.765941,1.500000,0.065529
1779543031.864897,0,1,6.601973,2.055210,5.768468,1.500000,0.065529
1779543031.874495,0,1,6.615208,2.048151,5.771172,1.500000,0.063361
1779543031.884677,0,1,6.628455,2.041114,5.773699,1.500000,0.063361
1779543031.894566,0,1,6.641727,2.034124,5.776402,1.500000,0.063361
1779543031.904769,0,1,6.655010,2.027157,5.778930,1.500000,0.064436
1779543031.914921,0,1,6.668319,2.020236,5.781633,1.500000,0.064436
1779543031.924949,0,1,6.681638,2.013338,5.784161,1.500000,0.062233
1779543031.934817,0,1,6.694982,2.006487,5.786864,1.500000,0.062233
1779543031.944954,0,1,6.708338,1.999659,5.789391,1.500000,0.062233
1779543031.954331,0,1,6.721718,1.992878,5.792095,1.500000,0.063234
1779543031.964634,0,1,6.735109,1.986120,5.794622,1.500000,0.063234
1779543031.974479,0,1,6.748524,1.979409,5.797325,1.500000,0.060992
1779543031.984724,0,1,6.761951,1.972721,5.799853,1.500000,0.060992
1779543031.994482,0,1,6.775401,1.966080,5.802556,1.500000,0.058624
1779543032.004599,0,1,6.788862,1.959463,5.805084,1.500000,0.058624
1779543032.014776,0,1,6.802347,1.952892,5.807787,1.500000,0.058624
1779543032.024514,0,1,6.815842,1.946345,5.810314,1.500000,0.059273
1779543032.034827,0,1,6.829361,1.939845,5.813018,1.500000,0.059273
1779543032.044610,0,1,6.842891,1.933369,5.815545,1.500000,0.061836
1779543032.054531,0,1,6.856443,1.926940,5.818248,1.500000,0.061836
1779543032.064992,0,1,6.870007,1.920535,5.820776,1.500000,0.058657
1779543032.074314,0,1,6.883593,1.914177,5.823479,1.500000,0.058657
1779543032.085364,0,1,6.897189,1.907842,5.826007,1.500000,0.056232
1779543032.094807,0,1,6.910808,1.901555,5.828710,1.500000,0.056232
1779543032.104412,0,1,6.924438,1.895292,5.831238,1.500000,0.056232
1779543032.114686,0,1,6.938090,1.889077,5.833941,1.500000,0.056846
1779543032.124590,0,1,6.951752,1.882885,5.836468,1.500000,0.056846
1779543032.134919,0,1,6.965436,1.876741,5.839172,1.500000,0.054389
1779543032.144738,0,1,6.979131,1.870620,5.841699,1.500000,0.054389
1779543032.154709,0,1,6.992847,1.864548,5.844402,1.500000,0.054389
1779543032.164684,0,1,7.006573,1.858499,5.846930,1.500000,0.054940
1779543032.174722,0,1,7.020321,1.852499,5.849633,1.500000,0.054940
1779543032.184479,0,1,7.034078,1.846522,5.852161,1.500000,0.052437
1779543032.194420,0,1,7.047857,1.840594,5.854864,1.500000,0.052437
1779543032.204635,0,1,7.061646,1.834689,5.857391,1.500000,0.052437
1779543032.214729,0,1,7.075456,1.828833,5.860095,1.500000,0.048548
1779543032.224643,0,1,7.089275,1.823000,5.862622,1.500000,0.048548
1779543032.234731,0,1,7.103115,1.817216,5.865325,1.500000,0.045775
1779543032.245195,0,1,7.116965,1.811456,5.867853,1.500000,0.045775
1779543032.254986,0,1,7.130835,1.805744,5.870556,1.500000,0.042939
1779543032.264847,0,1,7.144715,1.800057,5.873084,1.500000,0.042939
1779543032.275021,0,1,7.158615,1.794418,5.875787,1.500000,0.040008
1779543032.284662,0,1,7.172524,1.788803,5.878314,1.500000,0.040008
1779543032.294695,0,1,7.186453,1.783237,5.881018,1.500000,0.040008
1779543032.304694,0,1,7.200382,1.777671,5.883268,1.500000,0.046850
1779543032.314838,0,1,7.214299,1.772073,5.884856,1.500000,0.046850
1779543032.324788,0,1,7.228226,1.766502,5.886658,1.500000,0.046850
1779543032.334753,0,1,7.242180,1.760999,5.889003,1.500000,0.045587
1779543032.344833,0,1,7.256149,1.755534,5.891353,1.500000,0.045587
1779543032.354587,0,1,7.270140,1.750127,5.893965,1.500000,0.045587
1779543032.364976,0,1,7.284143,1.744750,5.896446,1.500000,0.048449
1779543032.374897,0,1,7.298167,1.739426,5.899123,1.500000,0.048449
1779543032.385791,0,1,7.312201,1.734130,5.901637,1.500000,0.048449
1779543032.394837,0,1,7.326254,1.728885,5.904332,1.500000,0.045486
1779543032.404830,0,1,7.340317,1.723666,5.906855,1.500000,0.045486
1779543032.414956,0,1,7.354398,1.718497,5.909555,1.500000,0.047580
1779543032.424673,0,1,7.368488,1.713353,5.912081,1.500000,0.047580
1779543032.434937,0,1,7.382597,1.708259,5.914783,1.500000,0.047580
1779543032.445749,0,1,7.396714,1.703190,5.917309,1.500000,0.047465
1779543032.454869,0,1,7.410850,1.698170,5.920012,1.500000,0.047465
1779543032.464843,0,1,7.424993,1.693175,5.922539,1.500000,0.047465
1779543032.474724,0,1,7.439155,1.688230,5.925242,1.500000,0.044755
1779543032.484915,0,1,7.453325,1.683310,5.927769,1.500000,0.044755
1779543032.494690,0,1,7.467512,1.678439,5.930473,1.500000,0.041988
1779543032.505178,0,1,7.481707,1.673592,5.933000,1.500000,0.041988
1779543032.514742,0,1,7.495920,1.668796,5.935703,1.500000,0.041988
1779543032.525150,0,1,7.510133,1.664000,5.937954,1.500000,0.043044
1779543032.534771,0,1,7.524334,1.659171,5.939541,1.500000,0.043044
1779543032.544860,0,1,7.538544,1.654369,5.941343,1.500000,0.040178
1779543032.554578,0,1,7.552779,1.649637,5.943689,1.500000,0.040178
1779543032.564965,0,1,7.567018,1.644920,5.945761,1.500000,0.040178
1779543032.574363,0,1,7.581248,1.640178,5.947258,1.500000,0.041658
1779543032.584596,0,1,7.595482,1.635446,5.948735,1.500000,0.041658
1779543032.594335,0,1,7.609714,1.630705,5.949940,1.500000,0.041658
1779543032.604812,0,1,7.623951,1.625985,5.951273,1.500000,0.039066
1779543032.614777,0,1,7.638189,1.621262,5.952404,1.500000,0.039066
1779543032.624709,0,1,7.652434,1.616565,5.953698,1.500000,0.042944
1779543032.634837,0,1,7.666680,1.611869,5.954810,1.500000,0.042944
1779543032.644875,0,1,7.680943,1.607224,5.956370,1.500000,0.042944
1779543032.654762,0,1,7.695233,1.602666,5.958590,1.500000,0.046937
1779543032.664852,0,1,7.709539,1.598157,5.960873,1.500000,0.046937
1779543032.674586,0,1,7.723867,1.593715,5.963448,1.500000,0.046937
1779543032.684588,0,1,7.738205,1.589310,5.965907,1.500000,0.046523
1779543032.694611,0,1,7.752562,1.584963,5.968573,1.500000,0.046523
1779543032.705225,0,1,7.766927,1.580647,5.971078,1.500000,0.044842
1779543032.715801,0,1,7.781309,1.576385,5.973769,1.500000,0.044842
1779543032.724595,0,1,7.795699,1.572151,5.976288,1.500000,0.044842
1779543032.734575,0,1,7.810105,1.567970,5.978986,1.500000,0.041072
1779543032.744945,0,1,7.824517,1.563814,5.981510,1.500000,0.041072
1779543032.754723,0,1,7.838945,1.559710,5.984211,1.500000,0.038131
1779543032.764690,0,1,7.853373,1.555608,5.986460,1.500000,0.038131
1779543032.774731,0,1,7.867792,1.551471,5.988047,1.500000,0.038131
1779543032.784833,0,1,7.882211,1.547340,5.989571,1.500000,0.033583
1779543032.795392,0,1,7.896627,1.543194,5.990801,1.500000,0.033583
1779543032.805041,0,1,7.911048,1.539067,5.992147,1.500000,0.033583
1779543032.814919,0,1,7.925468,1.534935,5.993286,1.500000,0.028976
1779543032.824996,0,1,7.939894,1.530827,5.994585,1.500000,0.028976
1779543032.835096,0,1,7.954321,1.526719,5.995699,1.500000,0.028976
1779543032.844368,0,1,7.968755,1.522639,5.996984,1.500000,0.042752
1779543032.854921,0,1,7.983190,1.518561,5.998091,1.500000,0.042752
1779543032.864563,0,1,7.997637,1.514523,5.999509,1.500000,0.042752
1779543032.874864,0,1,8.012096,1.510531,6.001170,1.500000,0.048211
1779543032.885676,0,1,8.026566,1.506580,6.002950,1.500000,0.048211
1779543032.894853,0,1,8.041049,1.502676,6.004927,1.500000,0.048211
1779543032.904943,0,1,8.055552,1.498848,6.007353,1.500000,0.047814
1779543032.914458,0,1,8.070067,1.495063,6.009737,1.500000,0.047814
1779543032.924549,0,1,8.084598,1.491340,6.012365,1.500000,0.052677
1779543032.934918,0,1,8.099137,1.487651,6.014851,1.500000,0.052677
1779543032.944621,0,1,8.113690,1.484018,6.017531,1.500000,0.052677
1779543032.954907,0,1,8.128251,1.480415,6.020045,1.500000,0.054908
1779543032.964927,0,1,8.142825,1.476865,6.022740,1.500000,0.054908
1779543032.975372,0,1,8.157405,1.473343,6.025262,1.500000,0.054908
1779543032.984863,0,1,8.171999,1.469873,6.027962,1.500000,0.051451
1779543032.994613,0,1,8.186598,1.466429,6.030487,1.500000,0.051451
1779543033.005347,0,1,8.201209,1.463037,6.033189,1.500000,0.051451
1779543033.014813,0,1,8.215827,1.459671,6.035715,1.500000,0.052459
1779543033.024452,0,1,8.230456,1.456356,6.038418,1.500000,0.052459
1779543033.034721,0,1,8.245091,1.453067,6.040945,1.500000,0.052459
1779543033.045158,0,1,8.259737,1.449829,6.043648,1.500000,0.048654
1779543033.054829,0,1,8.274389,1.446616,6.046175,1.500000,0.048654
1779543033.065281,0,1,8.289052,1.443456,6.048878,1.500000,0.048654
1779543033.074266,0,1,8.303721,1.440320,6.051406,1.500000,0.049673
1779543033.084764,0,1,8.318400,1.437236,6.054109,1.500000,0.049673
1779543033.094736,0,1,8.333085,1.434177,6.056636,1.500000,0.049673
1779543033.104827,0,1,8.347781,1.431170,6.059339,1.500000,0.049673
1779543033.114400,0,1,8.362481,1.428188,6.061867,1.500000,0.049415
1779543033.125721,0,1,8.377192,1.425258,6.064570,1.500000,0.049415
1779543033.134789,0,1,8.391908,1.422353,6.067098,1.500000,0.049415
1779543033.144729,0,1,8.406634,1.419500,6.069801,1.500000,0.051305
1779543033.154555,0,1,8.421365,1.416672,6.072329,1.500000,0.051305
1779543033.164598,0,1,8.436106,1.413896,6.075032,1.500000,0.051305
1779543033.174672,0,1,8.450852,1.411145,6.077559,1.500000,0.047872
1779543033.184513,0,1,8.465607,1.408446,6.080262,1.500000,0.047872
1779543033.195063,0,1,8.480367,1.405772,6.082790,1.500000,0.043735
1779543033.204558,0,1,8.495136,1.403150,6.085493,1.500000,0.043735
1779543033.215801,0,1,8.509910,1.400554,6.088021,1.500000,0.043735
1779543033.224338,0,1,8.524692,1.398009,6.090724,1.500000,0.040913
1779543033.235052,0,1,8.539479,1.395490,6.093252,1.500000,0.040913
1779543033.244391,0,1,8.554275,1.393023,6.095955,1.500000,0.036544
1779543033.254781,0,1,8.569071,1.390557,6.098205,1.500000,0.036544
1779543033.264849,0,1,8.583861,1.388055,6.099793,1.500000,0.036544
1779543033.274749,0,1,8.598651,1.385558,6.101318,1.500000,0.035279
1779543033.284760,0,1,8.613439,1.383047,6.102548,1.500000,0.035279
1779543033.294576,0,1,8.628231,1.380553,6.103894,1.500000,0.035279
1779543033.304681,0,1,8.643021,1.378056,6.105034,1.500000,0.046110
1779543033.314482,0,1,8.657816,1.375582,6.106333,1.500000,0.046110
1779543033.324577,0,1,8.672611,1.373109,6.107447,1.500000,0.043128
1779543033.334523,0,1,8.687414,1.370689,6.109009,1.500000,0.043128
1779543033.344835,0,1,8.702232,1.368357,6.111231,1.500000,0.043128
1779543033.354298,0,1,8.717058,1.366077,6.113514,1.500000,0.046928
1779543033.365092,0,1,8.731894,1.363866,6.116090,1.500000,0.046928
1779543033.374790,0,1,8.746735,1.361693,6.118550,1.500000,0.046516
1779543033.384696,0,1,8.761586,1.359580,6.121215,1.500000,0.046516
1779543033.394734,0,1,8.776441,1.357499,6.123721,1.500000,0.046516
1779543033.404671,0,1,8.791303,1.355473,6.126412,1.500000,0.048824
1779543033.415355,0,1,8.806170,1.353477,6.128931,1.500000,0.048824
1779543033.424784,0,1,8.821044,1.351534,6.131629,1.500000,0.048824
1779543033.434491,0,1,8.835921,1.349618,6.134154,1.500000,0.044964
1779543033.444563,0,1,8.850805,1.347756,6.136855,1.500000,0.044964
1779543033.454386,0,1,8.865692,1.345920,6.139381,1.500000,0.044964
1779543033.464456,0,1,8.880585,1.344136,6.142083,1.500000,0.047214
1779543033.474790,0,1,8.895482,1.342379,6.144610,1.500000,0.047214
1779543033.486072,0,1,8.910385,1.340674,6.147313,1.500000,0.043236
1779543033.494750,0,1,8.925291,1.338995,6.149840,1.500000,0.043236
1779543033.504328,0,1,8.940202,1.337368,6.152543,1.500000,0.043236
1779543033.514627,0,1,8.955116,1.335767,6.155070,1.500000,0.044048
1779543033.524562,0,1,8.970036,1.334219,6.157773,1.500000,0.044048
1779543033.534540,0,1,8.984959,1.332696,6.160301,1.500000,0.044048
1779543033.544572,0,1,8.999887,1.331225,6.163004,1.500000,0.041250
1779543033.554315,0,1,9.014817,1.329781,6.165531,1.500000,0.041250
1779543033.564768,0,1,9.029752,1.328389,6.168235,1.500000,0.042198
1779543033.574450,0,1,9.044687,1.326997,6.170485,1.500000,0.042198
1779543033.584386,0,1,9.059619,1.325570,6.172073,1.500000,0.042198
1779543033.594864,0,1,9.074552,1.324148,6.173597,1.500000,0.037835
1779543033.604800,0,1,9.089483,1.322711,6.174828,1.500000,0.037835
1779543033.614832,0,1,9.104415,1.321292,6.176174,1.500000,0.037835
1779543033.624833,0,1,9.119348,1.319869,6.177314,1.500000,0.040125
1779543033.635242,0,1,9.134282,1.318471,6.178613,1.500000,0.040125
1779543033.644742,0,1,9.149217,1.317072,6.179727,1.500000,0.043511
1779543033.654968,0,1,9.164154,1.315702,6.181012,1.500000,0.043511
1779543033.664952,0,1,9.179092,1.314335,6.182118,1.500000,0.043511
1779543033.674752,0,1,9.194034,1.313021,6.183676,1.500000,0.041829
1779543033.684491,0,1,9.208984,1.311799,6.185894,1.500000,0.041829
1779543033.695436,0,1,9.223937,1.310604,6.187899,1.500000,0.041276
1779543033.704725,0,1,9.238888,1.309392,6.189358,1.500000,0.041276
1779543033.715177,0,1,9.253840,1.308197,6.190814,1.500000,0.041276
1779543033.724708,0,1,9.268792,1.306996,6.192006,1.500000,0.040099
1779543033.734357,0,1,9.283746,1.305819,6.193330,1.500000,0.040099
1779543033.744853,0,1,9.298699,1.304642,6.194457,1.500000,0.040099
1779543033.754653,0,1,9.313655,1.303493,6.195747,1.500000,0.037450
1779543033.765048,0,1,9.328611,1.302345,6.196857,1.500000,0.037450
1779543033.774583,0,1,9.343570,1.301228,6.198138,1.500000,0.039827
1779543033.784598,0,1,9.358528,1.300114,6.199242,1.500000,0.039827
1779543033.794471,0,1,9.373489,1.299030,6.200521,1.500000,0.039827
1779543033.805192,0,1,9.388450,1.297950,6.201623,1.500000,0.050258
1779543033.814737,0,1,9.403413,1.296901,6.202901,1.500000,0.050258
1779543033.824932,0,1,9.418377,1.295856,6.204002,1.500000,0.049963
1779543033.834713,0,1,9.433344,1.294866,6.205556,1.500000,0.049963
1779543033.844412,0,1,9.448317,1.293970,6.207773,1.500000,0.049963
1779543033.854753,0,1,9.463294,1.293125,6.210053,1.500000,0.053708
1779543033.865017,0,1,9.478274,1.292353,6.212627,1.500000,0.053708
1779543033.875480,0,1,9.493256,1.291618,6.215085,1.500000,0.053708
1779543033.884622,0,1,9.508240,1.290946,6.217749,1.500000,0.053097
1779543033.894767,0,1,9.523227,1.290305,6.220254,1.500000,0.053097
1779543033.904904,0,1,9.538215,1.289721,6.222944,1.500000,0.053097
1779543033.914623,0,1,9.553205,1.289166,6.225463,1.500000,0.053097
1779543033.925312,0,1,9.568197,1.288666,6.228161,1.500000,0.054051
1779543033.936167,0,1,9.583189,1.288192,6.230686,1.500000,0.054051
1779543033.944862,0,1,9.598183,1.287773,6.233386,1.500000,0.054051
1779543033.954710,0,1,9.613178,1.287380,6.235912,1.500000,0.053322
1779543033.964709,0,1,9.628174,1.287041,6.238615,1.500000,0.053322
1779543033.974983,0,1,9.643171,1.286727,6.241141,1.500000,0.050791
1779543033.984838,0,1,9.658169,1.286466,6.243844,1.500000,0.050791
1779543033.994390,0,1,9.673167,1.286232,6.246371,1.500000,0.050791
1779543034.004764,0,1,9.688166,1.286050,6.249074,1.500000,0.051253
1779543034.014817,0,1,9.703165,1.285894,6.251602,1.500000,0.051253
1779543034.026034,0,1,9.718165,1.285790,6.254305,1.500000,0.051253
1779543034.034884,0,1,9.733165,1.285713,6.256832,1.500000,0.047220
1779543034.045041,0,1,9.748165,1.285688,6.259535,1.500000,0.047220
1779543034.054513,0,1,9.763164,1.285689,6.262063,1.500000,0.047220
1779543034.064571,0,1,9.778164,1.285743,6.264766,1.500000,0.048920
1779543034.074907,0,1,9.793164,1.285822,6.267294,1.500000,0.048920
1779543034.084813,0,1,9.808164,1.285955,6.269997,1.500000,0.044936
1779543034.095210,0,1,9.823163,1.286113,6.272524,1.500000,0.044936
1779543034.104780,0,1,9.838161,1.286323,6.275228,1.500000,0.044936
1779543034.114867,0,1,9.853159,1.286560,6.277755,1.500000,0.045187
1779543034.124833,0,1,9.868157,1.286849,6.280458,1.500000,0.045187
1779543034.135116,0,1,9.883153,1.287164,6.282986,1.500000,0.042403
1779543034.144957,0,1,9.898149,1.287531,0.002504,1.500000,0.042403
1779543034.154619,0,1,9.913144,1.287900,0.004754,1.500000,0.042403
1779543034.164736,0,1,9.928141,1.288232,0.006342,1.500000,0.042403
1779543034.174761,0,1,9.943137,1.288569,0.007867,1.500000,0.041293
1779543034.185101,0,1,9.958133,1.288892,0.009097,1.500000,0.041293
1779543034.194889,0,1,9.973129,1.289233,0.010443,1.500000,0.038379
1779543034.204643,0,1,9.988126,1.289570,0.011583,1.500000,0.038379
1779543034.215597,0,1,10.003121,1.289931,0.012882,1.500000,0.038379
1779543034.224519,0,1,10.018117,1.290293,0.013996,1.500000,0.035866
1779543034.234974,0,1,10.033112,1.290683,0.015281,1.500000,0.035866
1779543034.244891,0,1,10.048107,1.291075,0.016388,1.500000,0.035866
1779543034.254982,0,1,10.063101,1.291496,0.017668,1.500000,0.034555
1779543034.265294,0,1,10.078095,1.291922,0.018771,1.500000,0.034555
1779543034.274460,0,1,10.093088,1.292377,0.020049,1.500000,0.034555
1779543034.285890,0,1,10.108081,1.292837,0.021151,1.500000,0.033723
1779543034.294892,0,1,10.123073,1.293328,0.022429,1.500000,0.033723
1779543034.304542,0,1,10.138065,1.293822,0.023530,1.500000,0.032312
1779543034.314703,0,1,10.153055,1.294348,0.024807,1.500000,0.032312
1779543034.324823,0,1,10.168046,1.294878,0.025908,1.500000,0.032312
1779543034.334516,0,1,10.183035,1.295439,0.027185,1.500000,0.044975
1779543034.344986,0,1,10.198025,1.296005,0.028286,1.500000,0.044975
1779543034.354846,0,1,10.213012,1.296626,0.029840,1.500000,0.044975
1779543034.364954,0,1,10.227995,1.297340,0.032057,1.500000,0.048206
1779543034.374835,0,1,10.242975,1.298107,0.034336,1.500000,0.048206
1779543034.384721,0,1,10.257952,1.298946,0.036910,1.500000,0.048206
1779543034.395321,0,1,10.272926,1.299822,0.039368,1.500000,0.047659
1779543034.404910,0,1,10.287897,1.300761,0.042033,1.500000,0.047659
1779543034.414834,0,1,10.302865,1.301731,0.044538,1.500000,0.047659
1779543034.424638,0,1,10.317830,1.302758,0.047228,1.500000,0.049637
1779543034.434472,0,1,10.332793,1.303814,0.049747,1.500000,0.049637
1779543034.445074,0,1,10.347752,1.304925,0.052445,1.500000,0.049637
1779543034.455154,0,1,10.362708,1.306063,0.054969,1.500000,0.049605
1779543034.464651,0,1,10.377661,1.307254,0.057670,1.500000,0.049605
1779543034.474498,0,1,10.392612,1.308472,0.060196,1.500000,0.049605
1779543034.484801,0,1,10.407558,1.309743,0.062898,1.500000,0.045669
1779543034.494769,0,1,10.422501,1.311039,0.065425,1.500000,0.045669
1779543034.504919,0,1,10.437441,1.312389,0.068127,1.500000,0.045669
1779543034.514430,0,1,10.452377,1.313764,0.070655,1.500000,0.045513
1779543034.524658,0,1,10.467309,1.315192,0.073357,1.500000,0.045513
1779543034.534614,0,1,10.482239,1.316646,0.075885,1.500000,0.045513
1779543034.544901,0,1,10.497163,1.318152,0.078588,1.500000,0.042714
1779543034.555846,0,1,10.512084,1.319684,0.081115,1.500000,0.042714
1779543034.564797,0,1,10.527000,1.321268,0.083819,1.500000,0.042714
1779543034.574494,0,1,10.541915,1.322866,0.086208,1.500000,0.041182
1779543034.584580,0,1,10.556829,1.324472,0.088353,1.500000,0.041182
1779543034.594846,0,1,10.571742,1.326080,0.090241,1.500000,0.041182
1779543034.604527,0,1,10.586659,1.327664,0.091650,1.500000,0.038250
1779543034.614547,0,1,10.601574,1.329259,0.093085,1.500000,0.038250
1779543034.624841,0,1,10.616490,1.330845,0.094270,1.500000,0.038270
1779543034.634528,0,1,10.631403,1.332452,0.095593,1.500000,0.038270
1779543034.644828,0,1,10.646317,1.334057,0.096720,1.500000,0.038270
1779543034.654916,0,1,10.661228,1.335688,0.098012,1.500000,0.039814
1779543034.664793,0,1,10.676139,1.337321,0.099122,1.500000,0.039814
1779543034.674829,0,1,10.691047,1.338982,0.100405,1.500000,0.039814
1779543034.684804,0,1,10.705954,1.340646,0.101510,1.500000,0.038551
1779543034.694832,0,1,10.720858,1.342341,0.102789,1.500000,0.038551
1779543034.704650,0,1,10.735762,1.344038,0.103891,1.500000,0.038551
1779543034.714594,0,1,10.750662,1.345767,0.105169,1.500000,0.037539
1779543034.724906,0,1,10.765561,1.347499,0.106271,1.500000,0.037539
1779543034.735146,0,1,10.780457,1.349262,0.107548,1.500000,0.036802
1779543034.744457,0,1,10.795353,1.351029,0.108649,1.500000,0.036802
1779543034.754765,0,1,10.810245,1.352828,0.109926,1.500000,0.036802
1779543034.764802,0,1,10.825136,1.354630,0.111028,1.500000,0.035539
1779543034.774855,0,1,10.840024,1.356463,0.112304,1.500000,0.035539
1779543034.785081,0,1,10.854911,1.358301,0.113405,1.500000,0.035539
1779543034.794490,0,1,10.869794,1.360170,0.114682,1.500000,0.042717
1779543034.805045,0,1,10.884676,1.362043,0.115783,1.500000,0.042717
1779543034.814998,0,1,10.899553,1.363960,0.117198,1.500000,0.042717
1779543034.824508,0,1,10.914424,1.365924,0.118857,1.500000,0.042717
1779543034.835015,0,1,10.929289,1.367930,0.120635,1.500000,0.045345
1779543034.845027,0,1,10.944149,1.369974,0.122473,1.500000,0.045345
1779543034.854677,0,1,10.959003,1.372065,0.124478,1.500000,0.045345
1779543034.864492,0,1,10.973846,1.374232,0.126919,1.500000,0.045345
1779543034.875480,0,1,10.988682,1.376441,0.129311,1.500000,0.046960
1779543034.885040,0,1,11.003509,1.378714,0.131943,1.500000,0.046960
1779543034.894556,0,1,11.018331,1.381020,0.134432,1.500000,0.046960
1779543034.904589,0,1,11.033143,1.383384,0.137113,1.500000,0.046960
1779543034.914822,0,1,11.047951,1.385776,0.139627,1.500000,0.047945
1779543034.924727,0,1,11.062750,1.388224,0.142323,1.500000,0.047945
1779543034.935014,0,1,11.077544,1.390698,0.144845,1.500000,0.047945
1779543034.944789,0,1,11.092330,1.393226,0.147545,1.500000,0.044141
1779543034.954853,0,1,11.107111,1.395781,0.150071,1.500000,0.044141
1779543034.964783,0,1,11.121883,1.398387,0.152773,1.500000,0.044141
1779543034.976656,0,1,11.136650,1.401020,0.155299,1.500000,0.042042
1779543034.984780,0,1,11.151408,1.403705,0.158002,1.500000,0.042042
1779543034.994645,0,1,11.166165,1.406391,0.160252,1.500000,0.042042
1779543035.004477,0,1,11.180929,1.409042,0.161839,1.500000,0.039122
1779543035.014870,0,1,11.195692,1.411697,0.163364,1.500000,0.039122
1779543035.024707,0,1,11.210458,1.414338,0.164594,1.500000,0.038438
1779543035.034503,0,1,11.225220,1.416997,0.165940,1.500000,0.038438
1779543035.044360,0,1,11.239983,1.419652,0.167080,1.500000,0.038438
1779543035.054864,0,1,11.254742,1.422331,0.168379,1.500000,0.038729
1779543035.064368,0,1,11.269501,1.425011,0.169493,1.500000,0.038729
1779543035.074706,0,1,11.284254,1.427718,0.170778,1.500000,0.038729
1779543035.084969,0,1,11.299008,1.430428,0.171884,1.500000,0.037730
1779543035.094783,0,1,11.313756,1.433167,0.173164,1.500000,0.037730
1779543035.104846,0,1,11.328503,1.435909,0.174268,1.500000,0.037730
1779543035.115002,0,1,11.343244,1.438681,0.175546,1.500000,0.039994
1779543035.124600,0,1,11.357985,1.441457,0.176648,1.500000,0.039994
1779543035.134521,0,1,11.372720,1.444264,0.177925,1.500000,0.039083
1779543035.145107,0,1,11.387455,1.447074,0.179027,1.500000,0.039083
1779543035.155019,0,1,11.402183,1.449915,0.180304,1.500000,0.041261
1779543035.164938,0,1,11.416911,1.452760,0.181405,1.500000,0.041261
1779543035.174647,0,1,11.431633,1.455636,0.182682,1.500000,0.041261
1779543035.184823,0,1,11.446354,1.458516,0.183783,1.500000,0.040257
1779543035.194789,0,1,11.461068,1.461427,0.185060,1.500000,0.040257
1779543035.204497,0,1,11.475782,1.464342,0.186161,1.500000,0.039580
1779543035.214299,0,1,11.490490,1.467288,0.187437,1.500000,0.039580
1779543035.224701,0,1,11.505197,1.470238,0.188538,1.500000,0.039580
1779543035.234710,0,1,11.519898,1.473218,0.189815,1.500000,0.038557
1779543035.244275,0,1,11.534598,1.476203,0.190916,1.500000,0.038557
1779543035.254342,0,1,11.549292,1.479219,0.192193,1.500000,0.037774
1779543035.264952,0,1,11.563985,1.482238,0.193294,1.500000,0.037774
1779543035.274535,0,1,11.578671,1.485289,0.194570,1.500000,0.037774
1779543035.284703,0,1,11.593357,1.488344,0.195671,1.500000,0.039283
1779543035.294987,0,1,11.608036,1.491429,0.196948,1.500000,0.039283
1779543035.304693,0,1,11.622715,1.494519,0.198049,1.500000,0.045747
1779543035.314403,0,1,11.637387,1.497639,0.199326,1.500000,0.045747
1779543035.324462,0,1,11.652058,1.500764,0.200427,1.500000,0.045747
1779543035.334812,0,1,11.666717,1.503943,0.201980,1.500000,0.044997
1779543035.344701,0,1,11.681356,1.507213,0.204197,1.500000,0.044997
1779543035.355094,0,1,11.695983,1.510535,0.206476,1.500000,0.044997
1779543035.364700,0,1,11.710595,1.513926,0.209050,1.500000,0.047258
1779543035.374959,0,1,11.725198,1.517355,0.211508,1.500000,0.047258
1779543035.384652,0,1,11.739787,1.520843,0.214172,1.500000,0.046233
1779543035.394454,0,1,11.754368,1.524363,0.216678,1.500000,0.046233
1779543035.404705,0,1,11.768935,1.527939,0.219367,1.500000,0.046233
1779543035.414424,0,1,11.783496,1.531542,0.221887,1.500000,0.045401
1779543035.424534,0,1,11.798044,1.535199,0.224585,1.500000,0.045401
1779543035.434500,0,1,11.812584,1.538881,0.227109,1.500000,0.042663
1779543035.444638,0,1,11.827112,1.542616,0.229810,1.500000,0.042663
1779543035.454765,0,1,11.841636,1.546365,0.232197,1.500000,0.042795
1779543035.464700,0,1,11.856158,1.550122,0.234341,1.500000,0.042795
1779543035.474217,0,1,11.870673,1.553907,0.236505,1.500000,0.042795
1779543035.484821,0,1,11.885171,1.557752,0.239029,1.500000,0.038427
1779543035.494420,0,1,11.899661,1.561630,0.241467,1.500000,0.038427
1779543035.504291,0,1,11.914136,1.565563,0.244125,1.500000,0.038427
1779543035.514514,0,1,11.928610,1.569501,0.246352,1.500000,0.037541
1779543035.524264,0,1,11.943093,1.573406,0.247927,1.500000,0.037541
1779543035.534335,0,1,11.957574,1.577317,0.249444,1.500000,0.034909
1779543035.545019,0,1,11.972059,1.581216,0.250670,1.500000,0.034909
1779543035.554614,0,1,11.986538,1.585132,0.252014,1.500000,0.035132
1779543035.564767,0,1,12.001019,1.589045,0.253152,1.500000,0.035132
1779543035.574223,0,1,12.015493,1.592983,0.254451,1.500000,0.033139
1779543035.584833,0,1,12.029967,1.596920,0.255564,1.500000,0.033139
1779543035.594229,0,1,12.044433,1.600886,0.256849,1.500000,0.033139
1779543035.604318,0,1,12.058899,1.604853,0.257955,1.500000,0.034521
1779543035.614660,0,1,12.073357,1.608850,0.259235,1.500000,0.034521
1779543035.624641,0,1,12.087814,1.612849,0.260338,1.500000,0.033649
1779543035.634695,0,1,12.102263,1.616878,0.261616,1.500000,0.033649
1779543035.644439,0,1,12.116710,1.620911,0.262718,1.500000,0.032776
1779543035.654629,0,1,12.131150,1.624974,0.263995,1.500000,0.032776
1779543035.664552,0,1,12.145588,1.629040,0.265097,1.500000,0.032776
1779543035.674716,0,1,12.160018,1.633137,0.266374,1.500000,0.034557
1779543035.684314,0,1,12.174446,1.637238,0.267475,1.500000,0.034557
1779543035.694635,0,1,12.188866,1.641368,0.268752,1.500000,0.033719
1779543035.704553,0,1,12.203285,1.645503,0.269853,1.500000,0.033719
1779543035.714243,0,1,12.217695,1.649668,0.271130,1.500000,0.032841
1779543035.725040,0,1,12.232104,1.653837,0.272231,1.500000,0.032841
1779543035.734241,0,1,12.246505,1.658036,0.273507,1.500000,0.031917
1779543035.744463,0,1,12.260904,1.662240,0.274608,1.500000,0.031917
1779543035.754522,0,1,12.275294,1.666473,0.275885,1.500000,0.030950
1779543035.764360,0,1,12.289683,1.670711,0.276986,1.500000,0.030950
1779543035.774646,0,1,12.304063,1.674978,0.278263,1.500000,0.030950
1779543035.784703,0,1,12.318442,1.679250,0.279364,1.500000,0.035661
1779543035.794426,0,1,12.332812,1.683551,0.280640,1.500000,0.035661
1779543035.804712,0,1,12.347180,1.687857,0.281741,1.500000,0.037534
1779543035.814498,0,1,12.361540,1.692193,0.283018,1.500000,0.037534
1779543035.825258,0,1,12.375899,1.696533,0.284119,1.500000,0.037534
1779543035.834568,0,1,12.390248,1.700903,0.285396,1.500000,0.036458
1779543035.844794,0,1,12.404596,1.705277,0.286497,1.500000,0.036458
1779543035.854207,0,1,12.418935,1.709681,0.287773,1.500000,0.036458
1779543035.864575,0,1,12.433272,1.714090,0.288874,1.500000,0.037792
1779543035.874230,0,1,12.447601,1.718528,0.290151,1.500000,0.037792
1779543035.884416,0,1,12.461928,1.722970,0.291252,1.500000,0.037792
1779543035.894286,0,1,12.476246,1.727442,0.292528,1.500000,0.037792
1779543035.904821,0,1,12.490562,1.731919,0.293629,1.500000,0.038880
1779543035.914640,0,1,12.504869,1.736425,0.294906,1.500000,0.038880
1779543035.924703,0,1,12.519175,1.740935,0.296007,1.500000,0.038880
1779543035.934626,0,1,12.533472,1.745476,0.297284,1.500000,0.037881
1779543035.944597,0,1,12.547767,1.750020,0.298385,1.500000,0.037881
1779543035.954853,0,1,12.562052,1.754594,0.299661,1.500000,0.037881
1779543035.964428,0,1,12.576336,1.759173,0.300762,1.500000,0.038928
1779543035.974480,0,1,12.590611,1.763781,0.302039,1.500000,0.038928
1779543035.984319,0,1,12.604884,1.768393,0.303140,1.500000,0.038928
1779543035.994230,0,1,12.619148,1.773035,0.304416,1.500000,0.038928
1779543036.004831,0,1,12.633410,1.777681,0.305517,1.500000,0.040535
1779543036.014417,0,1,12.647663,1.782357,0.306794,1.500000,0.040535
1779543036.024403,0,1,12.661914,1.787037,0.307895,1.500000,0.038922
1779543036.034722,0,1,12.676155,1.791747,0.309172,1.500000,0.038922
1779543036.045158,0,1,12.690395,1.796461,0.310273,1.500000,0.038922
1779543036.054485,0,1,12.704625,1.801205,0.311549,1.500000,0.040239
1779543036.064730,0,1,12.718854,1.805953,0.312650,1.500000,0.040239
1779543036.074562,0,1,12.733073,1.810731,0.313927,1.500000,0.040239
1779543036.084260,0,1,12.747290,1.815512,0.315028,1.500000,0.039117
1779543036.094638,0,1,12.761498,1.820324,0.316305,1.500000,0.039117
1779543036.104259,0,1,12.775704,1.825139,0.317406,1.500000,0.039117
1779543036.114598,0,1,12.789900,1.829984,0.318682,1.500000,0.040372
1779543036.124413,0,1,12.804094,1.834833,0.319783,1.500000,0.040372
1779543036.134439,0,1,12.818279,1.839712,0.321060,1.500000,0.040372
1779543036.144329,0,1,12.832462,1.844595,0.322161,1.500000,0.040372
1779543036.154309,0,1,12.846634,1.849508,0.323437,1.500000,0.041136
1779543036.164811,0,1,12.860806,1.854424,0.324538,1.500000,0.041136
1779543036.174680,0,1,12.874967,1.859371,0.325815,1.500000,0.041136
1779543036.184543,0,1,12.889126,1.864321,0.326916,1.500000,0.040027
1779543036.194218,0,1,12.903276,1.869301,0.328193,1.500000,0.040027
1779543036.204421,0,1,12.917423,1.874285,0.329294,1.500000,0.040027
1779543036.214451,0,1,12.931561,1.879298,0.330570,1.500000,0.038959
1779543036.224333,0,1,12.945697,1.884316,0.331671,1.500000,0.038959
1779543036.234690,0,1,12.959822,1.889363,0.332948,1.500000,0.038959
1779543036.244712,0,1,12.973946,1.894414,0.334049,1.500000,0.038158
1779543036.254252,0,1,12.988059,1.899495,0.335326,1.500000,0.038158
1779543036.264610,0,1,13.002171,1.904580,0.336427,1.500000,0.038158
1779543036.274549,0,1,13.016272,1.909694,0.337703,1.500000,0.038007
1779543036.284659,0,1,13.030372,1.914812,0.338804,1.500000,0.038007
1779543036.294681,0,1,13.044461,1.919960,0.340081,1.500000,0.038007
1779543036.304151,0,1,13.058549,1.925112,0.341182,1.500000,0.041853
1779543036.314714,0,1,13.072625,1.930293,0.342458,1.500000,0.041853
1779543036.324592,0,1,13.086701,1.935478,0.343559,1.500000,0.041853
1779543036.334313,0,1,13.100765,1.940693,0.344836,1.500000,0.040902
1779543036.344932,0,1,13.114828,1.945912,0.345937,1.500000,0.040902
1779543036.354198,0,1,13.128880,1.951160,0.347214,1.500000,0.040902
1779543036.364722,0,1,13.142930,1.956412,0.348315,1.500000,0.040902
1779543036.374670,0,1,13.156970,1.961694,0.349591,1.500000,0.041370
1779543036.384722,0,1,13.171008,1.966979,0.350692,1.500000,0.041370
1779543036.394535,0,1,13.185034,1.972294,0.351969,1.500000,0.041370
1779543036.404524,0,1,13.199060,1.977613,0.353070,1.500000,0.042055
1779543036.414784,0,1,13.213074,1.982961,0.354347,1.500000,0.042055
1779543036.424188,0,1,13.227086,1.988314,0.355448,1.500000,0.042055
1779543036.434285,0,1,13.241088,1.993695,0.356724,1.500000,0.041126
1779543036.444475,0,1,13.255088,1.999081,0.357825,1.500000,0.041126
1779543036.455086,0,1,13.269076,2.004495,0.359102,1.500000,0.041126
1779543036.464744,0,1,13.283063,2.009914,0.360203,1.500000,0.041126
1779543036.474822,0,1,13.297039,2.015362,0.361479,1.500000,0.041459
1779543036.484723,0,1,13.311013,2.020814,0.362580,1.500000,0.041459
1779543036.494621,0,1,13.324976,2.026296,0.363857,1.500000,0.041459
1779543036.504318,0,1,13.338937,2.031781,0.364958,1.500000,0.042078
1779543036.514782,0,1,13.352886,2.037295,0.366235,1.500000,0.042078
1779543036.524778,0,1,13.366834,2.042814,0.367336,1.500000,0.042078
1779543036.534662,0,1,13.380771,2.048361,0.368612,1.500000,0.041145
1779543036.544748,0,1,13.394706,2.053913,0.369713,1.500000,0.041145
1779543036.554481,0,1,13.408629,2.059494,0.370990,1.500000,0.041145
1779543036.564638,0,1,13.422550,2.065078,0.372091,1.500000,0.041145
1779543036.574660,0,1,13.436460,2.070692,0.373368,1.500000,0.041685
1779543036.584556,0,1,13.450368,2.076310,0.374469,1.500000,0.041685
1779543036.594620,0,1,13.464265,2.081957,0.375745,1.500000,0.041685
1779543036.604685,0,1,13.478160,2.087608,0.376846,1.500000,0.041877
1779543036.614192,0,1,13.492043,2.093288,0.378123,1.500000,0.041877
1779543036.624727,0,1,13.505924,2.098971,0.379224,1.500000,0.041877
1779543036.634239,0,1,13.519794,2.104684,0.380500,1.500000,0.040922
1779543036.644410,0,1,13.533662,2.110401,0.381601,1.500000,0.040922
1779543036.654516,0,1,13.547518,2.116147,0.382878,1.500000,0.040922
1779543036.664995,0,1,13.561372,2.121897,0.383979,1.500000,0.040922
1779543036.674557,0,1,13.575214,2.127676,0.385256,1.500000,0.041404
1779543036.684527,0,1,13.589054,2.133458,0.386357,1.500000,0.041404
1779543036.694442,0,1,13.602883,2.139270,0.387633,1.500000,0.040384
1779543036.704750,0,1,13.616710,2.145086,0.388734,1.500000,0.040384
1779543036.714552,0,1,13.630524,2.150930,0.390011,1.500000,0.040384
1779543036.724477,0,1,13.644337,2.156779,0.391112,1.500000,0.039141
1779543036.734210,0,1,13.658138,2.162656,0.392389,1.500000,0.039141
1779543036.744742,0,1,13.671936,2.168537,0.393490,1.500000,0.039141
1779543036.754555,0,1,13.685723,2.174448,0.394766,1.500000,0.039141
1779543036.764426,0,1,13.699508,2.180362,0.395867,1.500000,0.040409
1779543036.774274,0,1,13.713280,2.186305,0.397144,1.500000,0.040409
1779543036.784498,0,1,13.727051,2.192251,0.398245,1.500000,0.040409
1779543036.794471,0,1,13.740810,2.198227,0.399521,1.500000,0.041560
1779543036.804765,0,1,13.754566,2.204207,0.400622,1.500000,0.041560
1779543036.814657,0,1,13.768310,2.210215,0.401899,1.500000,0.041560
1779543036.825003,0,1,13.782053,2.216227,0.403000,1.500000,0.039986
1779543036.834606,0,1,13.795782,2.222268,0.404277,1.500000,0.039986
1779543036.844983,0,1,13.809510,2.228313,0.405378,1.500000,0.039986
1779543036.854277,0,1,13.823226,2.234387,0.406654,1.500000,0.040421
1779543036.864883,0,1,13.836939,2.240464,0.407755,1.500000,0.040421
1779543036.875795,0,1,13.850640,2.246571,0.409032,1.500000,0.039691
1779543036.884629,0,1,13.864339,2.252681,0.410133,1.500000,0.039691
1779543036.894271,0,1,13.878026,2.258820,0.411410,1.500000,0.039691
1779543036.904853,0,1,13.891710,2.264962,0.412511,1.500000,0.039886
1779543036.914881,0,1,13.905382,2.271134,0.413787,1.500000,0.039886
1779543036.924502,0,1,13.919052,2.277309,0.414888,1.500000,0.039886
1779543036.934527,0,1,13.932709,2.283513,0.416165,1.500000,0.038798
1779543036.944852,0,1,13.946364,2.289720,0.417266,1.500000,0.038798
1779543036.954941,0,1,13.960006,2.295957,0.418542,1.500000,0.039434
1779543036.964515,0,1,13.973647,2.302197,0.419643,1.500000,0.039434
1779543036.974792,0,1,13.987274,2.308465,0.420920,1.500000,0.039434
1779543036.984951,0,1,14.000899,2.314738,0.422021,1.500000,0.038185
1779543036.994263,0,1,14.014512,2.321039,0.423298,1.500000,0.038185
1779543037.005358,0,1,14.028122,2.327344,0.424399,1.500000,0.038802
1779543037.014786,0,1,14.041720,2.333677,0.425675,1.500000,0.038802
1779543037.026441,0,1,14.055315,2.340015,0.426776,1.500000,0.038802
1779543037.035214,0,1,14.068897,2.346380,0.428053,1.500000,0.037631
1779543037.044760,0,1,14.082478,2.352750,0.429154,1.500000,0.037631
1779543037.054620,0,1,14.096045,2.359148,0.430430,1.500000,0.037631
1779543037.064660,0,1,14.109610,2.365550,0.431531,1.500000,0.038200
1779543037.074394,0,1,14.123162,2.371980,0.432808,1.500000,0.038200
1779543037.084975,0,1,14.136712,2.378414,0.433909,1.500000,0.036897
1779543037.094653,0,1,14.150249,2.384876,0.435186,1.500000,0.036897
1779543037.104991,0,1,14.163783,2.391343,0.436287,1.500000,0.036897
1779543037.114627,0,1,14.177304,2.397837,0.437563,1.500000,0.037061
1779543037.124396,0,1,14.190824,2.404336,0.438664,1.500000,0.037061
1779543037.134504,0,1,14.204329,2.410863,0.439941,1.500000,0.036238
1779543037.144757,0,1,14.217833,2.417393,0.441042,1.500000,0.036238
1779543037.154365,0,1,14.231323,2.423952,0.442319,1.500000,0.036238
1779543037.164581,0,1,14.244811,2.430515,0.443420,1.500000,0.036221
1779543037.174585,0,1,14.258286,2.437105,0.444696,1.500000,0.036221
1779543037.184602,0,1,14.271758,2.443700,0.445797,1.500000,0.035384
1779543037.194300,0,1,14.285217,2.450323,0.447074,1.500000,0.035384
1779543037.204499,0,1,14.298674,2.456950,0.448175,1.500000,0.035384
1779543037.214770,0,1,14.312117,2.463605,0.449451,1.500000,0.033981
1779543037.224379,0,1,14.325558,2.470263,0.450552,1.500000,0.033981
1779543037.234498,0,1,14.338985,2.476950,0.451829,1.500000,0.033041
1779543037.244766,0,1,14.352410,2.483641,0.452930,1.500000,0.033041
1779543037.254390,0,1,14.365821,2.490360,0.454207,1.500000,0.031968
1779543037.264404,0,1,14.379230,2.497082,0.455308,1.500000,0.031968
1779543037.274470,0,1,14.392625,2.503833,0.456584,1.500000,0.031968
1779543037.284612,0,1,14.406019,2.510587,0.457685,1.500000,0.031350
1779543037.294479,0,1,14.419398,2.517370,0.458962,1.500000,0.031350
1779543037.304363,0,1,14.432775,2.524156,0.460063,1.500000,0.031350
1779543037.315196,0,1,14.446138,2.530970,0.461340,1.500000,0.032745
1779543037.324726,0,1,14.459499,2.537788,0.462441,1.500000,0.032745
1779543037.334896,0,1,14.472845,2.544634,0.463717,1.500000,0.031785
1779543037.344780,0,1,14.486190,2.551484,0.464818,1.500000,0.031785
1779543037.354746,0,1,14.499520,2.558361,0.466095,1.500000,0.031785
1779543037.365048,0,1,14.512849,2.565243,0.467196,1.500000,0.033237
1779543037.374715,0,1,14.526162,2.572152,0.468472,1.500000,0.033237
1779543037.384765,0,1,14.539474,2.579065,0.469573,1.500000,0.032313
1779543037.395024,0,1,14.552772,2.586006,0.470850,1.500000,0.032313
1779543037.404304,0,1,14.566067,2.592951,0.471951,1.500000,0.032313
1779543037.414435,0,1,14.579348,2.599924,0.473228,1.500000,0.033379
1779543037.424660,0,1,14.592627,2.606900,0.474329,1.500000,0.033379
1779543037.435095,0,1,14.605892,2.613904,0.475605,1.500000,0.033379
1779543037.444547,0,1,14.619154,2.620912,0.476706,1.500000,0.031866
1779543037.454616,0,1,14.632401,2.627948,0.477983,1.500000,0.031866
1779543037.464763,0,1,14.645647,2.634987,0.479084,1.500000,0.031866
1779543037.474411,0,1,14.658878,2.642055,0.480361,1.500000,0.033436
1779543037.484699,0,1,14.672107,2.649125,0.481462,1.500000,0.033436
1779543037.494478,0,1,14.685321,2.656224,0.482738,1.500000,0.033436
1779543037.504584,0,1,14.698533,2.663326,0.483839,1.500000,0.035072
1779543037.514845,0,1,14.711730,2.670456,0.485116,1.500000,0.035072
1779543037.524802,0,1,14.724925,2.677590,0.486217,1.500000,0.035072
1779543037.534444,0,1,14.738105,2.684751,0.487493,1.500000,0.033842
1779543037.544554,0,1,14.751283,2.691917,0.488594,1.500000,0.033842
1779543037.554898,0,1,14.764446,2.699109,0.489871,1.500000,0.033842
1779543037.564382,0,1,14.777607,2.706306,0.490972,1.500000,0.036516
1779543037.574764,0,1,14.790753,2.713529,0.492249,1.500000,0.036516
1779543037.584719,0,1,14.803897,2.720757,0.493350,1.500000,0.035204
1779543037.594673,0,1,14.817026,2.728012,0.494626,1.500000,0.035204
1779543037.604698,0,1,14.830152,2.735271,0.495727,1.500000,0.035204
1779543037.614638,0,1,14.843264,2.742558,0.497004,1.500000,0.037850
1779543037.624510,0,1,14.856373,2.749848,0.498105,1.500000,0.037850
1779543037.634346,0,1,14.869467,2.757165,0.499382,1.500000,0.037850
1779543037.644822,0,1,14.882559,2.764486,0.500483,1.500000,0.037097
1779543037.654630,0,1,14.895635,2.771835,0.501759,1.500000,0.037097
1779543037.664635,0,1,14.908710,2.779187,0.502860,1.500000,0.037097
1779543037.674526,0,1,14.921769,2.786567,0.504137,1.500000,0.039656
1779543037.684613,0,1,14.934826,2.793951,0.505238,1.500000,0.039656
1779543037.694413,0,1,14.947868,2.801361,0.506514,1.500000,0.039656
1779543037.704792,0,1,14.960907,2.808776,0.507615,1.500000,0.039002
1779543037.714478,0,1,14.973931,2.816217,0.508892,1.500000,0.039002
1779543037.724821,0,1,14.986953,2.823663,0.509993,1.500000,0.037733
1779543037.734385,0,1,14.999959,2.831135,0.511270,1.500000,0.037733
1779543037.744214,0,1,15.012963,2.838612,0.512371,1.500000,0.036891
1779543037.754579,0,1,15.025951,2.846115,0.513647,1.500000,0.036891
1779543037.764435,0,1,15.038937,2.853623,0.514748,1.500000,0.036891
1779543037.774500,0,1,15.051908,2.861157,0.516025,1.500000,0.035615
1779543037.784481,0,1,15.064876,2.868695,0.517126,1.500000,0.035615
1779543037.794390,0,1,15.077828,2.876260,0.518403,1.500000,0.034672
1779543037.804405,0,1,15.090779,2.883829,0.519504,1.500000,0.034672
1779543037.814605,0,1,15.103713,2.891425,0.520780,1.500000,0.034672
1779543037.824411,0,1,15.116646,2.899025,0.521881,1.500000,0.037089
1779543037.834708,0,1,15.129562,2.906652,0.523158,1.500000,0.037089
1779543037.844606,0,1,15.142476,2.914282,0.524259,1.500000,0.037089
1779543037.854516,0,1,15.155374,2.921940,0.525535,1.500000,0.053671
1779543037.864739,0,1,15.168270,2.929601,0.526636,1.500000,0.053671
1779543037.874703,0,1,15.181137,2.937310,0.528190,1.500000,0.053448
1779543037.884799,0,1,15.193957,2.945099,0.530407,1.500000,0.053448
1779543037.895267,0,1,15.206749,2.952933,0.532686,1.500000,0.053448
1779543037.904658,0,1,15.219503,2.960828,0.535260,1.500000,0.058256
1779543037.914910,0,1,15.232237,2.968755,0.537718,1.500000,0.058256
1779543037.924900,0,1,15.244938,2.976735,0.540382,1.500000,0.058256
1779543037.934528,0,1,15.257622,2.984742,0.542887,1.500000,0.057010
1779543037.944626,0,1,15.270276,2.992797,0.545577,1.500000,0.057010
1779543037.954479,0,1,15.282914,3.000876,0.548097,1.500000,0.057010
1779543037.964808,0,1,15.295523,3.009002,0.550794,1.500000,0.059626
1779543037.974491,0,1,15.308117,3.017150,0.553318,1.500000,0.059626
1779543037.985136,0,1,15.320681,3.025344,0.556019,1.500000,0.059626
1779543037.994792,0,1,15.333231,3.033559,0.558545,1.500000,0.063135
1779543038.004798,0,1,15.345752,3.041819,0.561247,1.500000,0.063135
1779543038.014682,0,1,15.358258,3.050101,0.563774,1.500000,0.060082
1779543038.024446,0,1,15.370735,3.058427,0.566477,1.500000,0.060082
1779543038.034853,0,1,15.383198,3.066775,0.569004,1.500000,0.060082
1779543038.044695,0,1,15.395631,3.075166,0.571707,1.500000,0.057656
1779543038.054799,0,1,15.408050,3.083579,0.574235,1.500000,0.057656
1779543038.064888,0,1,15.420439,3.092035,0.576938,1.500000,0.061166
1779543038.074794,0,1,15.432814,3.100513,0.579465,1.500000,0.061166
1779543038.084530,0,1,15.445158,3.109034,0.582168,1.500000,0.061166
1779543038.094677,0,1,15.457488,3.117576,0.584696,1.500000,0.057540
1779543038.104437,0,1,15.469788,3.126162,0.587399,1.500000,0.057540
1779543038.114440,0,1,15.482073,3.134769,0.589927,1.500000,0.057540
1779543038.124754,0,1,15.494328,3.143419,0.592630,1.500000,0.062822
1779543038.135104,0,1,15.506568,3.152090,0.595157,1.500000,0.062822
1779543038.144687,0,1,15.518777,3.160803,0.597860,1.500000,0.059446
1779543038.154755,0,1,15.530972,3.169538,0.600388,1.500000,0.059446
1779543038.164774,0,1,15.543135,3.178316,0.603091,1.500000,0.059446
1779543038.175023,0,1,15.555284,3.187114,0.605619,1.500000,0.064381
1779543038.184492,0,1,15.567401,3.195955,0.608322,1.500000,0.064381
1779543038.194854,0,1,15.579504,3.204817,0.610850,1.500000,0.062166
1779543038.204808,0,1,15.591575,3.213722,0.613553,1.500000,0.062166
1779543038.214817,0,1,15.603631,3.222647,0.616080,1.500000,0.062166
1779543038.225312,0,1,15.615655,3.231614,0.618784,1.500000,0.059849
1779543038.235099,0,1,15.627664,3.240602,0.621311,1.500000,0.059849
1779543038.244644,0,1,15.639641,3.249632,0.624014,1.500000,0.056269
1779543038.254295,0,1,15.651603,3.258683,0.626542,1.500000,0.056269
1779543038.264727,0,1,15.663533,3.267776,0.629245,1.500000,0.056269
1779543038.274405,0,1,15.675447,3.276889,0.631773,1.500000,0.052389
1779543038.284564,0,1,15.687329,3.286044,0.634476,1.500000,0.052389
1779543038.294763,0,1,15.699196,3.295219,0.637003,1.500000,0.049611
1779543038.304971,0,1,15.711030,3.304436,0.639707,1.500000,0.049611
1779543038.314950,0,1,15.722848,3.313674,0.642234,1.500000,0.049611
1779543038.324717,0,1,15.734634,3.322952,0.644937,1.500000,0.052908
1779543038.334719,0,1,15.746404,3.332251,0.647465,1.500000,0.052908
1779543038.345029,0,1,15.758141,3.341592,0.650168,1.500000,0.086768
1779543038.355035,0,1,15.769862,3.350952,0.652696,1.500000,0.086768
1779543038.364640,0,1,15.781534,3.360373,0.655676,1.500000,0.083980
1779543038.374405,0,1,15.793135,3.369883,0.659319,1.500000,0.083980
1779543038.385301,0,1,15.804688,3.379449,0.663025,1.500000,0.083980
1779543038.394686,0,1,15.816182,3.389087,0.667026,1.500000,0.094004
1779543038.404839,0,1,15.827637,3.398771,0.670910,1.500000,0.094004
1779543038.414760,0,1,15.839038,3.408519,0.675001,1.500000,0.091137
1779543038.424749,0,1,15.850405,3.418307,0.678933,1.500000,0.091137
1779543038.434770,0,1,15.861720,3.428154,0.683049,1.500000,0.091137
1779543038.444795,0,1,15.873002,3.438039,0.686995,1.500000,0.099761
1779543038.454565,0,1,15.884234,3.447981,0.691119,1.500000,0.099761
1779543038.464766,0,1,15.895433,3.457959,0.695070,1.500000,0.099761
1779543038.474704,0,1,15.906583,3.467994,0.699198,1.500000,0.093323
1779543038.484908,0,1,15.917700,3.478064,0.703150,1.500000,0.093323
1779543038.494799,0,1,15.928767,3.488189,0.707279,1.500000,0.093323
1779543038.504793,0,1,15.939802,3.498349,0.711232,1.500000,0.101121
1779543038.514822,0,1,15.950786,3.508564,0.715362,1.500000,0.101121
1779543038.525602,0,1,15.961739,3.518813,0.719315,1.500000,0.097825
1779543038.534915,0,1,15.972640,3.529117,0.723445,1.500000,0.097825
1779543038.544387,0,1,15.983509,3.539454,0.727399,1.500000,0.097825
1779543038.554711,0,1,15.994326,3.549846,0.731528,1.500000,0.106944
1779543038.565173,0,1,16.005111,3.560271,0.735483,1.500000,0.106944
1779543038.574872,0,1,16.015827,3.570767,0.739889,1.500000,0.103834
1779543038.585229,0,1,16.026447,3.581360,0.744959,1.500000,0.103834
1779543038.594591,0,1,16.037018,3.592003,0.749815,1.500000,0.103834
1779543038.604756,0,1,16.047570,3.602664,0.754126,1.500000,0.114086
1779543038.614715,0,1,16.058079,3.613366,0.758434,1.500000,0.114086
1779543038.625209,0,1,16.068562,3.624096,0.762479,1.500000,0.114086
1779543038.634462,0,1,16.078978,3.634889,0.766933,1.500000,0.108686
1779543038.644949,0,1,16.089300,3.645773,0.772028,1.500000,0.108686
1779543038.654293,0,1,16.099554,3.656720,0.777175,1.500000,0.108686
1779543038.664814,0,1,16.109727,3.667744,0.782610,1.500000,0.119532
1779543038.674540,0,1,16.119841,3.678821,0.787926,1.500000,0.119532
1779543038.685068,0,1,16.129878,3.689968,0.793446,1.500000,0.116477
1779543038.694483,0,1,16.139859,3.701165,0.798806,1.500000,0.116477
1779543038.704699,0,1,16.149767,3.712427,0.804351,1.500000,0.116477
1779543038.714786,0,1,16.159621,3.723736,0.809724,1.500000,0.111849
1779543038.724656,0,1,16.169401,3.735109,0.815275,1.500000,0.111849
1779543038.734677,0,1,16.179129,3.746528,0.820653,1.500000,0.103884
1779543038.744978,0,1,16.188782,3.758008,0.826207,1.500000,0.103884
1779543038.754830,0,1,16.198402,3.769517,0.831310,1.500000,0.103884
1779543038.765741,0,1,16.208016,3.781032,0.835750,1.500000,0.098191
1779543038.774552,0,1,16.217594,3.792576,0.840127,1.500000,0.098191
1779543038.786241,0,1,16.227149,3.804138,0.844210,1.500000,0.089380
1779543038.794769,0,1,16.236657,3.815740,0.848409,1.500000,0.089380
1779543038.804735,0,1,16.246136,3.827366,0.852402,1.500000,0.089380
1779543038.814929,0,1,16.255562,3.839034,0.856554,1.500000,0.093686
1779543038.824761,0,1,16.264954,3.850730,0.860521,1.500000,0.093686
1779543038.834436,0,1,16.274291,3.862469,0.864659,1.500000,0.093686
1779543038.844673,0,1,16.283592,3.874237,0.868619,1.500000,0.089442
1779543038.854635,0,1,16.292836,3.886050,0.872752,1.500000,0.089442
1779543038.864560,0,1,16.302044,3.897891,0.876708,1.500000,0.165567
1779543038.874855,0,1,16.311194,3.909777,0.880839,1.500000,0.165567
1779543038.884631,0,1,16.320307,3.921692,0.884795,1.500000,0.165567
1779543038.894715,0,1,16.329342,3.933666,0.889202,1.500000,0.188025
1779543038.904976,0,1,16.338248,3.945736,0.894549,1.500000,0.188025
1779543038.914881,0,1,16.346985,3.957928,0.901075,1.500000,0.188025
1779543038.924702,0,1,16.355539,3.970250,0.908621,1.500000,0.184288
1779543038.934865,0,1,16.363953,3.982668,0.916408,1.500000,0.184288
1779543038.944905,0,1,16.372218,3.995185,0.924579,1.500000,0.184288
1779543038.955707,0,1,16.380367,4.007778,0.932683,1.500000,0.184288
1779543038.964616,0,1,16.388383,4.020457,0.941018,1.500000,0.203720
1779543038.974933,0,1,16.396293,4.033202,0.949207,1.500000,0.203720
1779543038.984930,0,1,16.404055,4.046037,0.957867,1.500000,0.203720
1779543038.994823,0,1,16.411641,4.058978,0.967199,1.500000,0.195841
1779543039.004912,0,1,16.419084,4.072001,0.976600,1.500000,0.195841
1779543039.014899,0,1,16.426368,4.085113,0.986300,1.500000,0.195841
1779543039.024958,0,1,16.433545,4.098284,0.995609,1.500000,0.205801
1779543039.035030,0,1,16.440650,4.111495,1.004287,1.500000,0.205801
1779543039.044616,0,1,16.447629,4.124773,1.013197,1.500000,0.205801
1779543039.054613,0,1,16.454442,4.138136,1.022661,1.500000,0.205801
1779543039.064643,0,1,16.461120,4.151567,1.032133,1.500000,0.215378
1779543039.074430,0,1,16.467644,4.165074,1.041873,1.500000,0.215378
1779543039.084968,0,1,16.474041,4.178641,1.051482,1.500000,0.215378
1779543039.094475,0,1,16.480288,4.192279,1.061290,1.500000,0.215378
1779543039.104955,0,1,16.486410,4.205973,1.070934,1.500000,0.237037
1779543039.114785,0,1,16.492383,4.219732,1.080761,1.500000,0.237037
1779543039.124713,0,1,16.498233,4.233544,1.090416,1.500000,0.237037
1779543039.135122,0,1,16.503911,4.247428,1.100525,1.500000,0.221657
1779543039.144769,0,1,16.509382,4.261394,1.111299,1.500000,0.221657
1779543039.154816,0,1,16.514707,4.275417,1.121859,1.500000,0.221657
1779543039.165001,0,1,16.519928,4.289479,1.131876,1.500000,0.235778
1779543039.175686,0,1,16.525011,4.303592,1.141890,1.500000,0.235778
1779543039.184870,0,1,16.529979,4.317745,1.151640,1.500000,0.235778
1779543039.194667,0,1,16.534777,4.331957,1.161800,1.500000,0.222627
1779543039.205248,0,1,16.539371,4.346236,1.172601,1.500000,0.222627
1779543039.214869,0,1,16.543818,4.360562,1.183177,1.500000,0.222627
1779543039.224524,0,1,16.548160,4.374919,1.193203,1.500000,0.208675
1779543039.234880,0,1,16.552365,4.389318,1.203222,1.500000,0.208675
1779543039.245327,0,1,16.556452,4.403750,1.212976,1.500000,0.208675
1779543039.254893,0,1,16.560393,4.418223,1.222861,1.500000,0.208675
1779543039.265197,0,1,16.564211,4.432729,1.232548,1.500000,0.206846
1779543039.274866,0,1,16.567877,4.447274,1.242399,1.500000,0.206846
1779543039.284962,0,1,16.571417,4.461850,1.252069,1.500000,0.206846
1779543039.294513,0,1,16.574803,4.476463,1.261910,1.500000,0.206846
1779543039.304664,0,1,16.578060,4.491105,1.271573,1.500000,0.265827
1779543039.314947,0,1,16.581163,4.505781,1.281412,1.500000,0.265827
1779543039.324920,0,1,16.584136,4.520483,1.291073,1.500000,0.265827
1779543039.334721,0,1,16.586928,4.535221,1.301187,1.500000,0.247470
1779543039.345257,0,1,16.589504,4.549998,1.311964,1.500000,0.247470
1779543039.354592,0,1,16.591900,4.564805,1.322803,1.500000,0.247470
1779543039.365476,0,1,16.594099,4.579643,1.333937,1.500000,0.263612
1779543039.375139,0,1,16.596134,4.594504,1.344955,1.500000,0.263612
1779543039.384680,0,1,16.597979,4.609390,1.356179,1.500000,0.263612
1779543039.394453,0,1,16.599666,4.624295,1.367243,1.500000,0.263612
1779543039.405008,0,1,16.601168,4.639220,1.378493,1.500000,0.272617
1779543039.415013,0,1,16.602513,4.654159,1.389571,1.500000,0.272617
1779543039.424550,0,1,16.603651,4.669116,1.401106,1.500000,0.272617
1779543039.434961,0,1,16.604546,4.684089,1.413305,1.500000,0.259026
1779543039.444890,0,1,16.605238,4.699073,1.425568,1.500000,0.259026
1779543039.454777,0,1,16.605707,4.714065,1.438126,1.500000,0.259026
1779543039.465025,0,1,16.606013,4.729062,1.450292,1.500000,0.265483
1779543039.474679,0,1,16.606195,4.744061,1.461826,1.500000,0.265483
1779543039.485247,0,1,16.606217,4.759061,1.473314,1.500000,0.265483
1779543039.494951,0,1,16.606099,4.774060,1.484517,1.500000,0.265483
1779543039.505516,0,1,16.605809,4.789057,1.495841,1.500000,0.265483
1779543039.515264,0,1,16.605372,4.804051,1.506961,1.500000,0.255631
1779543039.524913,0,1,16.604759,4.819038,1.518242,1.500000,0.255631
1779543039.534948,0,1,16.603995,4.834019,1.529340,1.500000,0.255631
1779543039.545008,0,1,16.603053,4.848989,1.540610,1.500000,0.247184
1779543039.554934,0,1,16.601958,4.863949,1.551701,1.500000,0.247184
1779543039.564590,0,1,16.600684,4.878895,1.562966,1.500000,0.247184
1779543039.575250,0,1,16.599258,4.893827,1.574055,1.500000,0.247184
1779543039.584587,0,1,16.597651,4.908740,1.585319,1.500000,0.228152
1779543039.594911,0,1,16.595892,4.923637,1.596407,1.500000,0.228152
1779543039.605163,0,1,16.593953,4.938511,1.607670,1.500000,0.228152
1779543039.615470,0,1,16.591887,4.953368,1.618480,1.500000,0.228152
1779543039.625327,0,1,16.589729,4.968212,1.628628,1.500000,0.214614
1779543039.634973,0,1,16.587439,4.983036,1.638712,1.500000,0.214614
1779543039.645013,0,1,16.585037,4.997842,1.648502,1.500000,0.214614
1779543039.654966,0,1,16.582491,5.012624,1.658408,1.500000,0.201209
1779543039.664880,0,1,16.579822,5.027385,1.668107,1.500000,0.201209
1779543039.675185,0,1,16.577003,5.042118,1.677965,1.500000,0.201209
1779543039.684650,0,1,16.574082,5.056830,1.687362,1.500000,0.201209
1779543039.694487,0,1,16.571094,5.071530,1.696091,1.500000,0.181145
1779543039.704852,0,1,16.568000,5.086207,1.704754,1.500000,0.181145
1779543039.714654,0,1,16.564816,5.100865,1.713121,1.500000,0.171057
1779543039.725292,0,1,16.561510,5.115497,1.721602,1.500000,0.171057
1779543039.734817,0,1,16.558106,5.130105,1.729876,1.500000,0.171057
1779543039.744845,0,1,16.554574,5.144683,1.738309,1.500000,0.171057
1779543039.754561,0,1,16.550938,5.159236,1.746557,1.500000,0.156931
1779543039.765239,0,1,16.547171,5.173755,1.754976,1.500000,0.156931
1779543039.774812,0,1,16.543323,5.188253,1.762938,1.500000,0.156931
1779543039.785206,0,1,16.539428,5.202739,1.770236,1.500000,0.143762
1779543039.795269,0,1,16.535448,5.217201,1.777469,1.500000,0.143762
1779543039.805095,0,1,16.531399,5.231644,1.784408,1.500000,0.143762
1779543039.814664,0,1,16.527252,5.246059,1.791461,1.500000,0.143762
1779543039.825391,0,1,16.523026,5.260452,1.798308,1.500000,0.151297
1779543039.834881,0,1,16.518695,5.274813,1.805314,1.500000,0.151297
1779543039.845019,0,1,16.514283,5.289149,1.812135,1.500000,0.151297
1779543039.854521,0,1,16.509761,5.303452,1.819127,1.500000,0.149540
1779543039.864650,0,1,16.505156,5.317727,1.825940,1.500000,0.149540
1779543039.874610,0,1,16.500442,5.331967,1.832926,1.500000,0.149540
1779543039.884837,0,1,16.495643,5.346179,1.839736,1.500000,0.139972
1779543039.895256,0,1,16.490734,5.360353,1.846720,1.500000,0.139972
1779543039.905004,0,1,16.485741,5.374497,1.853529,1.500000,0.139972
1779543039.915108,0,1,16.480638,5.388602,1.860512,1.500000,0.139972
1779543039.924859,0,1,16.475451,5.402677,1.867320,1.500000,0.135062
1779543039.935239,0,1,16.470155,5.416711,1.874304,1.500000,0.135062
1779543039.944610,0,1,16.464797,5.430721,1.880834,1.500000,0.135062
1779543039.954556,0,1,16.459414,5.444722,1.886702,1.500000,0.135062
1779543039.965068,0,1,16.453966,5.458698,1.892506,1.500000,0.133062
1779543039.974343,0,1,16.448472,5.472656,1.898016,1.500000,0.133062
1779543039.984825,0,1,16.442902,5.486583,1.903642,1.500000,0.133062
1779543039.994802,0,1,16.437276,5.500488,1.909062,1.500000,0.119572
1779543040.004663,0,1,16.431567,5.514359,1.914641,1.500000,0.119572
1779543040.014566,0,1,16.425799,5.528206,1.920035,1.500000,0.119572
1779543040.024543,0,1,16.419946,5.542017,1.925599,1.500000,0.119940
1779543040.034815,0,1,16.414032,5.555801,1.930986,1.500000,0.119940
1779543040.045217,0,1,16.408032,5.569549,1.936545,1.500000,0.119940
1779543040.055434,0,1,16.401969,5.583269,1.941928,1.500000,0.119940
1779543040.065147,0,1,16.395820,5.596951,1.947486,1.500000,0.120348
1779543040.074943,0,1,16.389610,5.610605,1.952868,1.500000,0.120348
1779543040.085006,0,1,16.383312,5.624219,1.958425,1.500000,0.120348
1779543040.094701,0,1,16.376953,5.637804,1.963806,1.500000,0.120200
1779543040.104533,0,1,16.370507,5.651349,1.969363,1.500000,0.120200
1779543040.114388,0,1,16.364000,5.664864,1.974744,1.500000,0.120200
1779543040.124785,0,1,16.357407,5.678337,1.980301,1.500000,0.110823
1779543040.135391,0,1,16.350753,5.691780,1.985681,1.500000,0.110823
1779543040.145144,0,1,16.344013,5.705181,1.991238,1.500000,0.110823
1779543040.154731,0,1,16.337212,5.718550,1.996619,1.500000,0.110922
1779543040.165221,0,1,16.330326,5.731876,2.002175,1.500000,0.110922
1779543040.174473,0,1,16.323379,5.745170,2.007556,1.500000,0.110922
1779543040.184541,0,1,16.316347,5.758420,2.013112,1.500000,0.103123
1779543040.194737,0,1,16.309256,5.771638,2.018493,1.500000,0.103123
1779543040.204547,0,1,16.302080,5.784810,2.024049,1.500000,0.103123
1779543040.214823,0,1,16.294866,5.797961,2.029153,1.500000,0.094757
1779543040.224841,0,1,16.287645,5.811109,2.033594,1.500000,0.094757
1779543040.234436,0,1,16.280384,5.824234,2.037972,1.500000,0.094757
1779543040.244633,0,1,16.273097,5.837346,2.042055,1.500000,0.086095
1779543040.254992,0,1,16.265757,5.850427,2.046255,1.500000,0.086095
1779543040.265150,0,1,16.258384,5.863490,2.050247,1.500000,0.086095
1779543040.275221,0,1,16.250952,5.876519,2.054400,1.500000,0.092746
1779543040.285018,0,1,16.243483,5.889527,2.058367,1.500000,0.092746
1779543040.294682,0,1,16.235952,5.902500,2.062505,1.500000,0.102048
1779543040.304852,0,1,16.228382,5.915450,2.066465,1.500000,0.102048
1779543040.315100,0,1,16.220750,5.928363,2.070598,1.500000,0.102048
1779543040.325008,0,1,16.213077,5.941252,2.074554,1.500000,0.095258
1779543040.335291,0,1,16.205342,5.954104,2.078686,1.500000,0.095258
1779543040.345145,0,1,16.197567,5.966932,2.082641,1.500000,0.095258
1779543040.354918,0,1,16.189729,5.979721,2.086771,1.500000,0.098308
1779543040.365093,0,1,16.181852,5.992486,2.090726,1.500000,0.098308
1779543040.374951,0,1,16.173911,6.005211,2.094856,1.500000,0.094977
1779543040.384919,0,1,16.165930,6.017912,2.098811,1.500000,0.094977
1779543040.394995,0,1,16.157887,6.030573,2.102941,1.500000,0.091512
1779543040.405107,0,1,16.149804,6.043209,2.106895,1.500000,0.091512
1779543040.414782,0,1,16.141659,6.055805,2.111025,1.500000,0.096311
1779543040.425106,0,1,16.133474,6.068375,2.114979,1.500000,0.096311
1779543040.434876,0,1,16.125228,6.080905,2.119109,1.500000,0.096311
1779543040.444944,0,1,16.116942,6.093409,2.123063,1.500000,0.092900
1779543040.454960,0,1,16.108594,6.105871,2.127193,1.500000,0.092900
1779543040.464790,0,1,16.100207,6.118308,2.131147,1.500000,0.095955
1779543040.474840,0,1,16.091759,6.130702,2.135277,1.500000,0.095955
1779543040.484856,0,1,16.083272,6.143070,2.139231,1.500000,0.092503
1779543040.494768,0,1,16.074724,6.155396,2.143361,1.500000,0.092503
1779543040.504932,0,1,16.066137,6.167695,2.147315,1.500000,0.092503
1779543040.514995,0,1,16.057490,6.179952,2.151444,1.500000,0.096392
1779543040.525239,0,1,16.048804,6.192181,2.155399,1.500000,0.096392
1779543040.534412,0,1,16.040057,6.204367,2.159528,1.500000,0.096392
1779543040.544898,0,1,16.031273,6.216526,2.163483,1.500000,0.096392
1779543040.554555,0,1,16.022429,6.228641,2.167612,1.500000,0.098746
1779543040.564645,0,1,16.013546,6.240728,2.171566,1.500000,0.098746
1779543040.574489,0,1,16.004604,6.252771,2.175696,1.500000,0.098746
1779543040.584444,0,1,15.995624,6.264786,2.179650,1.500000,0.093613
1779543040.594610,0,1,15.986585,6.276757,2.183780,1.500000,0.093613
1779543040.605178,0,1,15.977508,6.288699,2.187734,1.500000,0.093613
1779543040.614565,0,1,15.968373,6.300596,2.191864,1.500000,0.097822
1779543040.624395,0,1,15.959200,6.312464,2.195818,1.500000,0.097822
1779543040.634820,0,1,15.949968,6.324287,2.199948,1.500000,0.097822
1779543040.644662,0,1,15.940699,6.336081,2.203902,1.500000,0.097822
1779543040.655093,0,1,15.931373,6.347829,2.208032,1.500000,0.099517
1779543040.664915,0,1,15.922009,6.359547,2.211986,1.500000,0.099517
1779543040.674810,0,1,15.912588,6.371219,2.216116,1.500000,0.099517
1779543040.684944,0,1,15.903130,6.382862,2.220070,1.500000,0.096213
1779543040.694417,0,1,15.893614,6.394457,2.224200,1.500000,0.096213
1779543040.704915,0,1,15.884062,6.406023,2.228154,1.500000,0.090885
1779543040.714450,0,1,15.874453,6.417541,2.232284,1.500000,0.090885
1779543040.724940,0,1,15.864808,6.429029,2.236238,1.500000,0.090885
1779543040.735291,0,1,15.855106,6.440469,2.240368,1.500000,0.085373
1779543040.744783,0,1,15.845369,6.451878,2.244322,1.500000,0.085373
1779543040.754898,0,1,15.835575,6.463240,2.248451,1.500000,0.085373
1779543040.765222,0,1,15.825745,6.474570,2.252406,1.500000,0.079458
1779543040.774661,0,1,15.815860,6.485852,2.256535,1.500000,0.079458
1779543040.784691,0,1,15.805939,6.497103,2.260490,1.500000,0.079458
1779543040.794481,0,1,15.795963,6.508304,2.264619,1.500000,0.079458
1779543040.804917,0,1,15.785952,6.519474,2.268573,1.500000,0.079503
1779543040.815556,0,1,15.775885,6.530595,2.272703,1.500000,0.079503
1779543040.824501,0,1,15.765784,6.541683,2.276657,1.500000,0.079503
1779543040.835270,0,1,15.755628,6.552722,2.280787,1.500000,0.092867
1779543040.844861,0,1,15.745437,6.563729,2.284741,1.500000,0.092867
1779543040.854641,0,1,15.735192,6.574685,2.288871,1.500000,0.092867
1779543040.865246,0,1,15.724913,6.585609,2.292825,1.500000,0.092867
1779543040.874926,0,1,15.714579,6.596482,2.296955,1.500000,0.099078
1779543040.884771,0,1,15.704212,6.607323,2.300909,1.500000,0.099078
1779543040.895305,0,1,15.693791,6.618112,2.305039,1.500000,0.099078
1779543040.905046,0,1,15.683337,6.628869,2.308993,1.500000,0.102146
1779543040.915066,0,1,15.672829,6.639573,2.313123,1.500000,0.102146
1779543040.924747,0,1,15.662288,6.650245,2.317077,1.500000,0.102146
1779543040.934643,0,1,15.651694,6.660864,2.321207,1.500000,0.097273
1779543040.944946,0,1,15.641067,6.671450,2.325161,1.500000,0.097273
1779543040.954879,0,1,15.630388,6.681984,2.329291,1.500000,0.097273
1779543040.964834,0,1,15.619675,6.692483,2.333245,1.500000,0.102464
1779543040.974926,0,1,15.608911,6.702930,2.337375,1.500000,0.102464
1779543040.984762,0,1,15.598114,6.713343,2.341329,1.500000,0.102464
1779543040.994555,0,1,15.587266,6.723702,2.345458,1.500000,0.097550
1779543041.004435,0,1,15.576385,6.734027,2.349413,1.500000,0.097550
1779543041.015045,0,1,15.565454,6.744299,2.353542,1.500000,0.097550
1779543041.024746,0,1,15.554490,6.754535,2.357497,1.500000,0.097550
1779543041.034897,0,1,15.543475,6.764718,2.361626,1.500000,0.101766
1779543041.044485,0,1,15.532429,6.774866,2.365580,1.500000,0.101766
1779543041.054467,0,1,15.521333,6.784959,2.369710,1.500000,0.101766
1779543041.064452,0,1,15.510205,6.795017,2.373664,1.500000,0.107962
1779543041.074669,0,1,15.499028,6.805021,2.377794,1.500000,0.107962
1779543041.084995,0,1,15.487819,6.814989,2.381748,1.500000,0.107962
1779543041.094497,0,1,15.476544,6.824882,2.386155,1.500000,0.103310
1779543041.104652,0,1,15.465181,6.834674,2.391225,1.500000,0.103310
1779543041.114937,0,1,15.453772,6.844412,2.396081,1.500000,0.103310
1779543041.124964,0,1,15.442345,6.854130,2.400392,1.500000,0.103310
1779543041.135208,0,1,15.430881,6.863802,2.404700,1.500000,0.108769
1779543041.144978,0,1,15.419392,6.873446,2.408745,1.500000,0.108769
1779543041.154569,0,1,15.407844,6.883019,2.413199,1.500000,0.108769
1779543041.165170,0,1,15.396212,6.892491,2.418294,1.500000,0.114676
1779543041.174312,0,1,15.384523,6.901891,2.423441,1.500000,0.114676
1779543041.185160,0,1,15.372764,6.911203,2.428876,1.500000,0.114676
1779543041.195580,0,1,15.360955,6.920453,2.434192,1.500000,0.109801
1779543041.205151,0,1,15.349083,6.929621,2.439712,1.500000,0.109801
1779543041.214797,0,1,15.337166,6.938730,2.445072,1.500000,0.109801
1779543041.225219,0,1,15.325189,6.947760,2.450617,1.500000,0.102957
1779543041.234826,0,1,15.313169,6.956734,2.455990,1.500000,0.102957
1779543041.245044,0,1,15.301091,6.965629,2.461541,1.500000,0.102957
1779543041.254470,0,1,15.288986,6.974487,2.466642,1.500000,0.094434
1779543041.264388,0,1,15.276877,6.983340,2.471081,1.500000,0.094434
1779543041.274428,0,1,15.264739,6.992154,2.475457,1.500000,0.094434
1779543041.284420,0,1,15.252585,7.000944,2.479540,1.500000,0.094858
1779543041.294744,0,1,15.240395,7.009684,2.483739,1.500000,0.094858
1779543041.305396,0,1,15.228182,7.018394,2.487731,1.500000,0.094858
1779543041.315027,0,1,15.215930,7.027047,2.491883,1.500000,0.094858
1779543041.324595,0,1,15.203653,7.035666,2.495850,1.500000,0.123811
1779543041.334772,0,1,15.191336,7.044226,2.499988,1.500000,0.123811
1779543041.344382,0,1,15.178993,7.052750,2.503948,1.500000,0.123811
1779543041.354577,0,1,15.166594,7.061192,2.508358,1.500000,0.132708
1779543041.364683,0,1,15.154121,7.069524,2.513430,1.500000,0.132708
1779543041.374721,0,1,15.141595,7.077776,2.518564,1.500000,0.132708
1779543041.385126,0,1,15.129007,7.085933,2.523992,1.500000,0.129144
1779543041.394628,0,1,15.116375,7.094022,2.529304,1.500000,0.129144
1779543041.404734,0,1,15.103687,7.102023,2.534822,1.500000,0.129144
1779543041.416094,0,1,15.090959,7.109960,2.540180,1.500000,0.129144
1779543041.424977,0,1,15.078179,7.117813,2.545724,1.500000,0.138847
1779543041.435040,0,1,15.065361,7.125605,2.551096,1.500000,0.138847
1779543041.444822,0,1,15.052481,7.133292,2.556924,1.500000,0.138847
1779543041.454839,0,1,15.039520,7.140842,2.563417,1.500000,0.138847
1779543041.465137,0,1,15.026500,7.148291,2.569974,1.500000,0.144210
1779543041.474739,0,1,15.013412,7.155620,2.576826,1.500000,0.144210
1779543041.485033,0,1,15.000275,7.162860,2.583563,1.500000,0.144210
1779543041.494911,0,1,14.987077,7.169988,2.590506,1.500000,0.150772
1779543041.504891,0,1,14.973834,7.177032,2.597291,1.500000,0.150772
1779543041.515099,0,1,14.960534,7.183968,2.604260,1.500000,0.150772
1779543041.524469,0,1,14.947191,7.190821,2.611059,1.500000,0.139600
1779543041.534853,0,1,14.933794,7.197568,2.618036,1.500000,0.139600
1779543041.544711,0,1,14.920357,7.204234,2.624840,1.500000,0.139600
1779543041.554616,0,1,14.906867,7.210793,2.631820,1.500000,0.139600
1779543041.564775,0,1,14.893338,7.217271,2.638626,1.500000,0.139321
1779543041.574422,0,1,14.879758,7.223643,2.645608,1.500000,0.139321
1779543041.585023,0,1,14.866141,7.229933,2.652414,1.500000,0.139321
1779543041.594723,0,1,14.852475,7.236116,2.659397,1.500000,0.143847
1779543041.604456,0,1,14.838772,7.242217,2.666204,1.500000,0.143847
1779543041.614886,0,1,14.825021,7.248211,2.673186,1.500000,0.135054
1779543041.625041,0,1,14.811235,7.254123,2.679993,1.500000,0.135054
1779543041.635189,0,1,14.797403,7.259926,2.686976,1.500000,0.135054
1779543041.644937,0,1,14.783547,7.265670,2.693506,1.500000,0.138881
1779543041.654811,0,1,14.769679,7.271387,2.699374,1.500000,0.138881
1779543041.664697,0,1,14.755776,7.277018,2.705455,1.500000,0.129950
1779543041.674838,0,1,14.741822,7.282520,2.712081,1.500000,0.129950
1779543041.684971,0,1,14.727838,7.287949,2.718432,1.500000,0.122985
1779543041.694579,0,1,14.713841,7.293342,2.724209,1.500000,0.122985
1779543041.704921,0,1,14.699818,7.298664,2.729966,1.500000,0.122985
1779543041.714535,0,1,14.685775,7.303936,2.735451,1.500000,0.113857
1779543041.725452,0,1,14.671702,7.309128,2.741063,1.500000,0.113857
1779543041.734566,0,1,14.657607,7.314261,2.746474,1.500000,0.106895
1779543041.744985,0,1,14.643482,7.319309,2.752048,1.500000,0.106895
1779543041.754439,0,1,14.629335,7.324295,2.757439,1.500000,0.101063
1779543041.764856,0,1,14.615158,7.329194,2.763002,1.500000,0.101063
1779543041.775086,0,1,14.600966,7.334052,2.768110,1.500000,0.095103
1779543041.784616,0,1,14.586773,7.338905,2.772553,1.500000,0.095103
1779543041.794614,0,1,14.572565,7.343714,2.776933,1.500000,0.095103
1779543041.804381,0,1,14.558348,7.348497,2.781018,1.500000,0.095713
1779543041.816819,0,1,14.544111,7.353222,2.785218,1.500000,0.095713
1779543041.824857,0,1,14.529863,7.357911,2.789211,1.500000,0.095713
1779543041.834785,0,1,14.515594,7.362536,2.793364,1.500000,0.116581
1779543041.844911,0,1,14.501312,7.367120,2.797332,1.500000,0.116581
1779543041.854793,0,1,14.487000,7.371612,2.801747,1.500000,0.116581
1779543041.864762,0,1,14.472649,7.375977,2.806822,1.500000,0.122570
1779543041.874635,0,1,14.458272,7.380253,2.811958,1.500000,0.122570
1779543041.884891,0,1,14.443862,7.384419,2.817388,1.500000,0.119936
1779543041.895192,0,1,14.429430,7.388508,2.822700,1.500000,0.119936
1779543041.904981,0,1,14.414970,7.392497,2.828219,1.500000,0.119936
1779543041.914929,0,1,14.400491,7.396414,2.833578,1.500000,0.125591
1779543041.924926,0,1,14.385985,7.400235,2.839122,1.500000,0.125591
1779543041.934797,0,1,14.371462,7.403987,2.844494,1.500000,0.121117
1779543041.944962,0,1,14.356915,7.407644,2.850046,1.500000,0.121117
1779543041.954952,0,1,14.342351,7.411233,2.855423,1.500000,0.121117
1779543041.965343,0,1,14.327764,7.414729,2.860977,1.500000,0.122175
1779543041.974573,0,1,14.313161,7.418157,2.866356,1.500000,0.122175
1779543041.984859,0,1,14.298536,7.421492,2.871912,1.500000,0.122175
1779543041.994726,0,1,14.283896,7.424759,2.877292,1.500000,0.114669
1779543042.004965,0,1,14.269236,7.427933,2.882848,1.500000,0.114669
1779543042.014483,0,1,14.254561,7.431040,2.888228,1.500000,0.114669
1779543042.024729,0,1,14.239867,7.434054,2.893784,1.500000,0.115098
1779543042.034729,0,1,14.225159,7.437000,2.899165,1.500000,0.115098
1779543042.044872,0,1,14.210433,7.439852,2.904721,1.500000,0.115098
1779543042.054963,0,1,14.195694,7.442637,2.910102,1.500000,0.114799
1779543042.064941,0,1,14.180937,7.445328,2.915658,1.500000,0.114799
1779543042.075216,0,1,14.166169,7.447951,2.921039,1.500000,0.109656
1779543042.084852,0,1,14.151383,7.450481,2.926595,1.500000,0.109656
1779543042.094715,0,1,14.136587,7.452942,2.931976,1.500000,0.109656
1779543042.105642,0,1,14.121775,7.455310,2.937532,1.500000,0.113175
1779543042.114847,0,1,14.106952,7.457610,2.942913,1.500000,0.113175
1779543042.124785,0,1,14.092115,7.459815,2.948469,1.500000,0.103545
1779543042.134675,0,1,14.077268,7.461952,2.953850,1.500000,0.103545
1779543042.144818,0,1,14.062408,7.463995,2.959406,1.500000,0.103545
1779543042.154920,0,1,14.047542,7.465995,2.964510,1.500000,0.102027
1779543042.166327,0,1,14.032675,7.467988,2.968951,1.500000,0.102027
1779543042.174572,0,1,14.017802,7.469934,2.973328,1.500000,0.096468
1779543042.184523,0,1,14.002925,7.471851,2.977412,1.500000,0.096468
1779543042.194527,0,1,13.988040,7.473709,2.981611,1.500000,0.096468
1779543042.204800,0,1,13.973151,7.475528,2.985604,1.500000,0.090749
1779543042.215664,0,1,13.958254,7.477279,2.989756,1.500000,0.090749
1779543042.224755,0,1,13.943351,7.478989,2.993724,1.500000,0.083787
1779543042.235365,0,1,13.928441,7.480627,2.997862,1.500000,0.083787
1779543042.244764,0,1,13.913526,7.482221,3.001821,1.500000,0.083787
1779543042.254705,0,1,13.898603,7.483743,3.005955,1.500000,0.077779
1779543042.264943,0,1,13.883676,7.485219,3.009911,1.500000,0.077779
1779543042.275327,0,1,13.868742,7.486621,3.014043,1.500000,0.077779
1779543042.284944,0,1,13.853803,7.487977,3.017998,1.500000,0.078533
1779543042.294705,0,1,13.838858,7.489260,3.022128,1.500000,0.078533
1779543042.304906,0,1,13.823909,7.490496,3.026083,1.500000,0.087397
1779543042.314633,0,1,13.808954,7.491659,3.030213,1.500000,0.087397
1779543042.325259,0,1,13.793996,7.492774,3.034167,1.500000,0.083702
1779543042.335942,0,1,13.779032,7.493816,3.038297,1.500000,0.083702
1779543042.344898,0,1,13.764065,7.494810,3.042252,1.500000,0.083702
1779543042.354913,0,1,13.749094,7.495731,3.046381,1.500000,0.083174
1779543042.365479,0,1,13.734119,7.496605,3.050336,1.500000,0.083174
1779543042.374640,0,1,13.719140,7.497404,3.054465,1.500000,0.079338
1779543042.384617,0,1,13.704159,7.498157,3.058420,1.500000,0.079338
1779543042.394916,0,1,13.689175,7.498836,3.062549,1.500000,0.079338
1779543042.405208,0,1,13.674188,7.499467,3.066504,1.500000,0.078155
1779543042.414542,0,1,13.659198,7.500025,3.070633,1.500000,0.078155
1779543042.424802,0,1,13.644207,7.500535,3.074588,1.500000,0.078155
1779543042.435400,0,1,13.629213,7.500971,3.078717,1.500000,0.072174
1779543042.444486,0,1,13.614219,7.501360,3.082671,1.500000,0.072174
1779543042.454723,0,1,13.599222,7.501676,3.086801,1.500000,0.072174
1779543042.464933,0,1,13.584225,7.501968,3.090478,1.500000,0.072605
1779543042.474653,0,1,13.569228,7.502275,3.093493,1.500000,0.072605
1779543042.485052,0,1,13.554230,7.502557,3.096444,1.500000,0.066216
1779543042.494861,0,1,13.539233,7.502831,3.099101,1.500000,0.066216
1779543042.505133,0,1,13.524235,7.503066,3.101874,1.500000,0.066263
1779543042.514777,0,1,13.509236,7.503284,3.104440,1.500000,0.066263
1779543042.525019,0,1,13.494237,7.503455,3.107166,1.500000,0.066263
1779543042.534698,0,1,13.479238,7.503605,3.109707,1.500000,0.061656
1779543042.544657,0,1,13.464239,7.503705,3.112418,1.500000,0.061656
1779543042.554840,0,1,13.449239,7.503782,3.114951,1.500000,0.061656
1779543042.564755,0,1,13.434239,7.503807,3.117658,1.500000,0.062238
1779543042.574376,0,1,13.419239,7.503808,3.120188,1.500000,0.062238
1779543042.584882,0,1,13.404239,7.503757,3.122892,1.500000,0.059986
1779543042.594791,0,1,13.389239,7.503680,3.125421,1.500000,0.059986
1779543042.604988,0,1,13.374240,7.503551,3.128125,1.500000,0.059986
1779543042.614709,0,1,13.359240,7.503397,3.130653,1.500000,0.060065
1779543042.624816,0,1,13.344242,7.503190,3.133356,1.500000,0.060065
1779543042.634639,0,1,13.329244,7.502957,3.135884,1.500000,0.057788
1779543042.645993,0,1,13.314246,7.502672,3.138588,1.500000,0.057788
1779543042.654681,0,1,13.299250,7.502361,3.141115,1.500000,0.057788
1779543042.664713,0,1,13.284254,7.501998,3.143819,1.500000,0.057532
1779543042.674578,0,1,13.269259,7.501609,3.146346,1.500000,0.057532
1779543042.685434,0,1,13.254266,7.501167,3.149050,1.500000,0.057532
1779543042.694738,0,1,13.239273,7.500699,3.151577,1.500000,0.053879
1779543042.704503,0,1,13.224282,7.500179,3.154280,1.500000,0.053879
1779543042.715444,0,1,13.209292,7.499633,3.156808,1.500000,0.053879
1779543042.724934,0,1,13.194304,7.499034,3.159511,1.500000,0.051353
1779543042.735271,0,1,13.179317,7.498410,3.162039,1.500000,0.051353
1779543042.744624,0,1,13.164332,7.497733,3.164742,1.500000,0.047512
1779543042.754936,0,1,13.149349,7.497030,3.167269,1.500000,0.047512
1779543042.765098,0,1,13.134368,7.496274,3.169973,1.500000,0.047512
1779543042.774592,0,1,13.119388,7.495493,3.172500,1.500000,0.045459
1779543042.785111,0,1,13.104411,7.494659,3.175203,1.500000,0.045459
1779543042.795621,0,1,13.089436,7.493800,3.177731,1.500000,0.045459
1779543042.804687,0,1,13.074464,7.492888,3.180434,1.500000,0.047885
1779543042.814897,0,1,13.059493,7.491950,3.182962,1.500000,0.047885
1779543042.824471,0,1,13.044526,7.490960,3.185665,1.500000,0.047885
1779543042.834547,0,1,13.029560,7.489944,3.188193,1.500000,0.043745
1779543042.845223,0,1,13.014598,7.488875,3.190896,1.500000,0.043745
1779543042.854774,0,1,12.999638,7.487780,3.193423,1.500000,0.043745
1779543042.865173,0,1,12.984682,7.486633,3.196127,1.500000,0.041852
1779543042.874835,0,1,12.969728,7.485461,3.198654,1.500000,0.041852
1779543042.884866,0,1,12.954778,7.484236,3.201357,1.500000,0.038956
1779543042.895323,0,1,12.939828,7.483010,3.203608,1.500000,0.038956
1779543042.904853,0,1,12.924876,7.481819,3.205196,1.500000,0.038956
1779543042.914489,0,1,12.909923,7.480624,3.206720,1.500000,0.036560
1779543042.924914,0,1,12.894970,7.479444,3.207951,1.500000,0.036560
1779543042.934537,0,1,12.880018,7.478245,3.209297,1.500000,0.036560
1779543042.945315,0,1,12.865066,7.477051,3.210437,1.500000,0.032230
1779543042.954527,0,1,12.850115,7.475832,3.211736,1.500000,0.032230
1779543042.964697,0,1,12.835165,7.474613,3.212850,1.500000,0.032230
1779543042.974915,0,1,12.820217,7.473366,3.214135,1.500000,0.032294
1779543042.984912,0,1,12.805269,7.472116,3.215241,1.500000,0.032294
1779543042.994917,0,1,12.790324,7.470837,3.216521,1.500000,0.032294
1779543043.004562,0,1,12.775378,7.469554,3.217625,1.500000,0.032263
1779543043.015780,0,1,12.760436,7.468241,3.218903,1.500000,0.032263
1779543043.024811,0,1,12.745494,7.466924,3.220005,1.500000,0.032263
1779543043.034644,0,1,12.730555,7.465577,3.221282,1.500000,0.030998
1779543043.044769,0,1,12.715616,7.464225,3.222384,1.500000,0.030998
1779543043.055396,0,1,12.700680,7.462842,3.223661,1.500000,0.030998
1779543043.064816,0,1,12.685744,7.461455,3.224762,1.500000,0.031190
1779543043.074476,0,1,12.670811,7.460037,3.226039,1.500000,0.031190
1779543043.084799,0,1,12.655879,7.458614,3.227140,1.500000,0.029734
1779543043.094383,0,1,12.640949,7.457161,3.228417,1.500000,0.029734
1779543043.104557,0,1,12.626020,7.455703,3.229518,1.500000,0.029734
1779543043.114862,0,1,12.611094,7.454214,3.230794,1.500000,0.029183
1779543043.125120,0,1,12.596169,7.452721,3.231895,1.500000,0.029183
1779543043.134948,0,1,12.581247,7.451196,3.233172,1.500000,0.029183
1779543043.144923,0,1,12.566325,7.449668,3.234273,1.500000,0.027606
1779543043.155074,0,1,12.551406,7.448108,3.235550,1.500000,0.027606
1779543043.164776,0,1,12.536488,7.446544,3.236651,1.500000,0.027606
1779543043.174780,0,1,12.521573,7.444948,3.237927,1.500000,0.026671
1779543043.184737,0,1,12.506658,7.443349,3.239028,1.500000,0.026671
1779543043.194279,0,1,12.491747,7.441718,3.240305,1.500000,0.025581
1779543043.204980,0,1,12.476837,7.440083,3.241406,1.500000,0.025581
1779543043.214569,0,1,12.461930,7.438416,3.242683,1.500000,0.025581
1779543043.224806,0,1,12.447023,7.436746,3.243784,1.500000,0.024443
1779543043.234871,0,1,12.432120,7.435044,3.245060,1.500000,0.024443
1779543043.244600,0,1,12.417217,7.433338,3.246161,1.500000,0.024443
1779543043.254831,0,1,12.402318,7.431601,3.247438,1.500000,0.022598
1779543043.264992,0,1,12.387419,7.429860,3.248539,1.500000,0.022598
1779543043.274675,0,1,12.372525,7.428087,3.249815,1.500000,0.020794
1779543043.284504,0,1,12.357630,7.426310,3.250916,1.500000,0.020794
1779543043.294547,0,1,12.342739,7.424502,3.252193,1.500000,0.020794
1779543043.305121,0,1,12.327849,7.422690,3.253294,1.500000,0.020794
1779543043.314600,0,1,12.312963,7.420847,3.254571,1.500000,0.018720
1779543043.324824,0,1,12.298077,7.418999,3.255672,1.500000,0.018720
1779543043.334797,0,1,12.283195,7.417120,3.256948,1.500000,0.018720
1779543043.344768,0,1,12.268314,7.415237,3.258049,1.500000,0.016548
1779543043.354943,0,1,12.253437,7.413323,3.259326,1.500000,0.016548
1779543043.364507,0,1,12.238560,7.411405,3.260427,1.500000,0.016548
1779543043.375029,0,1,12.223687,7.409455,3.261704,1.500000,0.014245
1779543043.385022,0,1,12.208815,7.407501,3.262805,1.500000,0.014245
1779543043.394507,0,1,12.193947,7.405517,3.264081,1.500000,0.012754
1779543043.404510,0,1,12.179079,7.403527,3.265182,1.500000,0.012754
1779543043.414475,0,1,12.164216,7.401507,3.266459,1.500000,0.012754
1779543043.424654,0,1,12.149353,7.399483,3.267560,1.500000,0.012754
1779543043.434538,0,1,12.134495,7.397427,3.268836,1.500000,0.009225
1779543043.444743,0,1,12.119637,7.395367,3.269937,1.500000,0.009225
1779543043.454871,0,1,12.104783,7.393277,3.271214,1.500000,0.009225
1779543043.464537,0,1,12.089927,7.391206,3.272038,1.500000,0.006106
1779543043.475339,0,1,12.075063,7.389192,3.272199,1.500000,0.006106
1779543043.484740,0,1,12.060196,7.387195,3.272297,1.500000,0.006106
1779543043.495260,0,1,12.045325,7.385234,3.272101,1.500000,0.002993
1779543043.504869,0,1,12.030453,7.383275,3.272021,1.500000,0.002993
1779543043.514714,0,1,12.015579,7.381342,3.271734,1.500000,0.002993
1779543043.524887,0,1,12.000704,7.379406,3.271606,1.500000,0.001177
1779543043.534711,0,1,11.985827,7.377491,3.271294,1.500000,0.001177
1779543043.545068,0,1,11.970950,7.375569,3.271153,1.500000,0.001289
1779543043.554838,0,1,11.956072,7.373666,3.270832,1.500000,0.001289
1779543043.564753,0,1,11.941194,7.371754,3.270686,1.500000,0.001289
1779543043.575110,0,1,11.926314,7.369861,3.270363,1.500000,0.000811
1779543043.584337,0,1,11.911435,7.367958,3.270214,1.500000,0.000811
1779543043.594592,0,1,11.896554,7.366073,3.269890,1.500000,0.000811
1779543043.604403,0,1,11.881674,7.364179,3.269740,1.500000,0.000444
1779543043.614486,0,1,11.866792,7.362301,3.269415,1.500000,0.000444
1779543043.624798,0,1,11.851911,7.360414,3.269266,1.500000,0.000444
1779543043.635355,0,1,11.837028,7.358544,3.268940,1.500000,0.000978
1779543043.644589,0,1,11.822147,7.356664,3.268791,1.500000,0.000978
1779543043.654598,0,1,11.807263,7.354801,3.268465,1.500000,0.000978
1779543043.664818,0,1,11.792380,7.352929,3.268315,1.500000,0.000805
1779543043.675023,0,1,11.777495,7.351073,3.267990,1.500000,0.000805
1779543043.684794,0,1,11.762612,7.349207,3.267840,1.500000,0.000805
1779543043.694676,0,1,11.747726,7.347359,3.267514,1.500000,0.001335
1779543043.704871,0,1,11.732842,7.345500,3.267364,1.500000,0.001335
1779543043.714437,0,1,11.717955,7.343659,3.267039,1.500000,0.001750
1779543043.724395,0,1,11.703070,7.341807,3.266889,1.500000,0.001750
1779543043.734934,0,1,11.688182,7.339973,3.266563,1.500000,0.001750
1779543043.744943,0,1,11.673296,7.338129,3.266413,1.500000,0.002458
1779543043.754667,0,1,11.658408,7.336301,3.266088,1.500000,0.002458
1779543043.764705,0,1,11.643521,7.334464,3.265938,1.500000,0.002545
1779543043.774666,0,1,11.628632,7.332644,3.265612,1.500000,0.002545
1779543043.784726,0,1,11.613744,7.330814,3.265462,1.500000,0.002545
1779543043.794685,0,1,11.598854,7.329001,3.265137,1.500000,0.002564
1779543043.804893,0,1,11.583965,7.327177,3.264987,1.500000,0.002564
1779543043.815158,0,1,11.569074,7.325371,3.264661,1.500000,0.002564
1779543043.824918,0,1,11.554185,7.323555,3.264511,1.500000,0.003310
1779543043.834745,0,1,11.539293,7.321756,3.264186,1.500000,0.003310
1779543043.845297,0,1,11.524402,7.319948,3.264036,1.500000,0.003310
1779543043.854483,0,1,11.509510,7.318156,3.263710,1.500000,0.003878
1779543043.864748,0,1,11.494618,7.316354,3.263560,1.500000,0.003878
1779543043.874390,0,1,11.479725,7.314569,3.263235,1.500000,0.003878
1779543043.885177,0,1,11.464833,7.312774,3.263085,1.500000,0.004668
1779543043.894605,0,1,11.449938,7.310997,3.262759,1.500000,0.004668
1779543043.904647,0,1,11.435045,7.309209,3.262609,1.500000,0.004668
1779543043.915400,0,1,11.420150,7.307438,3.262284,1.500000,0.004668
1779543043.925356,0,1,11.405256,7.305658,3.262134,1.500000,0.005555
1779543043.934821,0,1,11.390360,7.303894,3.261808,1.500000,0.005555
1779543043.944657,0,1,11.375465,7.302121,3.261658,1.500000,0.005555
1779543043.954422,0,1,11.360569,7.300364,3.261333,1.500000,0.006159
1779543043.964686,0,1,11.345673,7.298598,3.261183,1.500000,0.006159
1779543043.974901,0,1,11.330775,7.296848,3.260857,1.500000,0.006159
1779543043.984971,0,1,11.315879,7.295089,3.260707,1.500000,0.006159
1779543043.994478,0,1,11.300980,7.293347,3.260382,1.500000,0.007041
1779543044.004823,0,1,11.286083,7.291594,3.260232,1.500000,0.007041
1779543044.014773,0,1,11.271184,7.289859,3.259906,1.500000,0.007041
1779543044.024620,0,1,11.256286,7.288114,3.259756,1.500000,0.007604
1779543044.035387,0,1,11.241386,7.286386,3.259431,1.500000,0.007604
1779543044.044286,0,1,11.226487,7.284648,3.259281,1.500000,0.008393
1779543044.054796,0,1,11.211586,7.282927,3.258955,1.500000,0.008393
1779543044.064748,0,1,11.196686,7.281196,3.258805,1.500000,0.008393
1779543044.074821,0,1,11.181784,7.279482,3.258480,1.500000,0.009235
1779543044.084859,0,1,11.166884,7.277758,3.258330,1.500000,0.009235
1779543044.094754,0,1,11.151981,7.276051,3.258004,1.500000,0.009582
1779543044.104978,0,1,11.137080,7.274334,3.257854,1.500000,0.009582
1779543044.115102,0,1,11.122176,7.272634,3.257528,1.500000,0.009582
1779543044.124642,0,1,11.107274,7.270925,3.257379,1.500000,0.010611
1779543044.134982,0,1,11.092370,7.269232,3.257053,1.500000,0.010611
1779543044.144763,0,1,11.077468,7.267517,3.257041,1.500000,0.010611
1779543044.154802,0,1,11.062570,7.265775,3.257274,1.500000,0.011209
1779543044.164616,0,1,11.047674,7.264013,3.257625,1.500000,0.011209
1779543044.174347,0,1,11.032781,7.262221,3.258175,1.500000,0.011921
1779543044.184587,0,1,11.017895,7.260373,3.259173,1.500000,0.011921
1779543044.194537,0,1,11.003012,7.258502,3.260131,1.500000,0.012448
1779543044.205213,0,1,10.988135,7.256588,3.261331,1.500000,0.012448
1779543044.214514,0,1,10.973259,7.254661,3.262391,1.500000,0.012448
1779543044.224773,0,1,10.958388,7.252697,3.263644,1.500000,0.012251
1779543044.235589,0,1,10.943519,7.250724,3.264731,1.500000,0.012251
1779543044.244799,0,1,10.928654,7.248718,3.265999,1.500000,0.010590
1779543044.254690,0,1,10.913789,7.246705,3.267095,1.500000,0.010590
1779543044.265092,0,1,10.898929,7.244660,3.268368,1.500000,0.010590
1779543044.274729,0,1,10.884068,7.242622,3.269328,1.500000,0.007920
1779543044.284786,0,1,10.869206,7.240596,3.270046,1.500000,0.007920
1779543044.294873,0,1,10.854341,7.238588,3.270506,1.500000,0.007920
1779543044.304666,0,1,10.839470,7.236626,3.270487,1.500000,0.005491
1779543044.315129,0,1,10.824597,7.234673,3.270496,1.500000,0.005491
1779543044.324488,0,1,10.809721,7.232751,3.270254,1.500000,0.005491
1779543044.335002,0,1,10.794845,7.230829,3.270150,1.500000,0.003230
1779543044.344476,0,1,10.779965,7.228930,3.269850,1.500000,0.003230
1779543044.355128,0,1,10.765087,7.227025,3.269715,1.500000,0.003230
1779543044.364681,0,1,10.750206,7.225141,3.269399,1.500000,0.003239
1779543044.374403,0,1,10.735325,7.223249,3.269255,1.500000,0.003239
1779543044.384744,0,1,10.720443,7.221376,3.268933,1.500000,0.003591
1779543044.394570,0,1,10.705561,7.219494,3.268786,1.500000,0.003591
1779543044.404589,0,1,10.690678,7.217629,3.268462,1.500000,0.003591
1779543044.414998,0,1,10.675795,7.215755,3.268313,1.500000,0.004446
1779543044.424859,0,1,10.660911,7.213899,3.267988,1.500000,0.004446
1779543044.434808,0,1,10.646027,7.212033,3.267839,1.500000,0.004948
1779543044.444843,0,1,10.631141,7.210184,3.267514,1.500000,0.004948
1779543044.454355,0,1,10.616257,7.208325,3.267364,1.500000,0.004948
1779543044.465016,0,1,10.601371,7.206483,3.267039,1.500000,0.005487
1779543044.474756,0,1,10.586485,7.204632,3.266889,1.500000,0.005487
1779543044.484558,0,1,10.571598,7.202797,3.266563,1.500000,0.006203
1779543044.494584,0,1,10.556712,7.200953,3.266413,1.500000,0.006203
1779543044.504706,0,1,10.541823,7.199126,3.266088,1.500000,0.006203
1779543044.514843,0,1,10.526936,7.197288,3.265938,1.500000,0.007079
1779543044.524804,0,1,10.512047,7.195468,3.265612,1.500000,0.007079
1779543044.534363,0,1,10.497159,7.193638,3.265462,1.500000,0.007662
1779543044.545088,0,1,10.482269,7.191825,3.265137,1.500000,0.007662
1779543044.554533,0,1,10.467381,7.190002,3.264987,1.500000,0.007662
1779543044.564669,0,1,10.452490,7.188196,3.264661,1.500000,0.008403
1779543044.574532,0,1,10.437600,7.186380,3.264511,1.500000,0.008403
1779543044.584899,0,1,10.422708,7.184581,3.264186,1.500000,0.009025
1779543044.594587,0,1,10.407818,7.182772,3.264036,1.500000,0.009025
1779543044.604660,0,1,10.392925,7.180980,3.263710,1.500000,0.009025
1779543044.614545,0,1,10.378034,7.179178,3.263560,1.500000,0.009892
1779543044.624499,0,1,10.363140,7.177393,3.263235,1.500000,0.009892
1779543044.634522,0,1,10.348248,7.175599,3.263085,1.500000,0.009892
1779543044.644732,0,1,10.333354,7.173821,3.262759,1.500000,0.010658
1779543044.654402,0,1,10.318461,7.172033,3.262609,1.500000,0.010658
1779543044.664614,0,1,10.303566,7.170263,3.262284,1.500000,0.010658
1779543044.674594,0,1,10.288673,7.168470,3.262272,1.500000,0.011695
1779543044.684808,0,1,10.273784,7.166650,3.262504,1.500000,0.011695
1779543044.694721,0,1,10.258899,7.164797,3.262994,1.500000,0.012415
1779543044.704409,0,1,10.244021,7.162884,3.263963,1.500000,0.012415
1779543044.714895,0,1,10.229147,7.160947,3.264905,1.500000,0.013074
1779543044.724914,0,1,10.214278,7.158965,3.266098,1.500000,0.013074
1779543044.735072,0,1,10.199412,7.156970,3.267153,1.500000,0.013220
1779543044.744668,0,1,10.184550,7.154937,3.268403,1.500000,0.013220
1779543044.755201,0,1,10.169690,7.152894,3.269489,1.500000,0.013220
1779543044.764923,0,1,10.154834,7.150818,3.270756,1.500000,0.012322
1779543044.774793,0,1,10.139980,7.148735,3.271851,1.500000,0.012322
1779543044.784811,0,1,10.125130,7.146620,3.273124,1.500000,0.010087
1779543044.794628,0,1,10.110280,7.144499,3.274223,1.500000,0.010087
1779543044.804806,0,1,10.095435,7.142346,3.275498,1.500000,0.010087
1779543044.814935,0,1,10.080588,7.140213,3.276320,1.500000,0.007443
1779543044.824621,0,1,10.065732,7.138137,3.276481,1.500000,0.007443
1779543044.834955,0,1,10.050874,7.136077,3.276578,1.500000,0.005666
1779543044.844692,0,1,10.036012,7.134052,3.276382,1.500000,0.005666
1779543044.854686,0,1,10.021149,7.132030,3.276301,1.500000,0.005666
1779543044.864719,0,1,10.006282,7.130034,3.276014,1.500000,0.003902
1779543044.874604,0,1,9.991416,7.128034,3.275886,1.500000,0.003902
1779543044.884542,0,1,9.976547,7.126055,3.275574,1.500000,0.003950
1779543044.894525,0,1,9.961679,7.124070,3.275432,1.500000,0.003950
1779543044.904866,0,1,9.946809,7.122103,3.275112,1.500000,0.003950
1779543044.914812,0,1,9.931939,7.120128,3.274966,1.500000,0.004718
1779543044.925036,0,1,9.917067,7.118171,3.274642,1.500000,0.004718
1779543044.935338,0,1,9.902197,7.116205,3.274494,1.500000,0.004718
1779543044.944796,0,1,9.887324,7.114256,3.274169,1.500000,0.005573
1779543044.955402,0,1,9.872452,7.112298,3.274020,1.500000,0.005573
1779543044.964568,0,1,9.857578,7.110357,3.273695,1.500000,0.006094
1779543044.974569,0,1,9.842706,7.108406,3.273546,1.500000,0.006094
1779543044.984909,0,1,9.827831,7.106472,3.273220,1.500000,0.006094
1779543044.994544,0,1,9.812957,7.104529,3.273070,1.500000,0.006647
1779543045.004945,0,1,9.798082,7.102602,3.272745,1.500000,0.006647
1779543045.014804,0,1,9.783207,7.100666,3.272595,1.500000,0.007693
1779543045.024887,0,1,9.768331,7.098746,3.272270,1.500000,0.007693
1779543045.034642,0,1,9.753455,7.096817,3.272120,1.500000,0.008289
1779543045.044851,0,1,9.738578,7.094905,3.271794,1.500000,0.008289
1779543045.055109,0,1,9.723701,7.092983,3.271644,1.500000,0.008289
1779543045.064385,0,1,9.708823,7.091077,3.271319,1.500000,0.009214
1779543045.075165,0,1,9.693945,7.089162,3.271169,1.500000,0.009214
1779543045.084421,0,1,9.679066,7.087264,3.270843,1.500000,0.009871
1779543045.094696,0,1,9.664188,7.085356,3.270693,1.500000,0.009871
1779543045.104916,0,1,9.649308,7.083465,3.270368,1.500000,0.009871
1779543045.114709,0,1,9.634428,7.081564,3.270218,1.500000,0.009871
1779543045.124426,0,1,9.619547,7.079680,3.269892,1.500000,0.010912
1779543045.134641,0,1,9.604667,7.077787,3.269742,1.500000,0.010912
1779543045.144860,0,1,9.589785,7.075910,3.269417,1.500000,0.010912
1779543045.154646,0,1,9.574908,7.073998,3.269544,1.500000,0.012248
1779543045.164710,0,1,9.560039,7.072016,3.270334,1.500000,0.012248
1779543045.174661,0,1,9.545175,7.070003,3.271187,1.500000,0.013007
1779543045.184803,0,1,9.530317,7.067940,3.272334,1.500000,0.013007
1779543045.194752,0,1,9.515462,7.065860,3.273365,1.500000,0.013708
1779543045.205247,0,1,9.500613,7.063740,3.274603,1.500000,0.013708
1779543045.214697,0,1,9.485765,7.061610,3.275682,1.500000,0.013708
1779543045.224774,0,1,9.470922,7.059444,3.276945,1.500000,0.012797
1779543045.234423,0,1,9.456080,7.057271,3.278038,1.500000,0.012797
1779543045.244462,0,1,9.441243,7.055066,3.279309,1.500000,0.011332
1779543045.254889,0,1,9.426407,7.052854,3.280406,1.500000,0.011332
1779543045.264405,0,1,9.411576,7.050610,3.281681,1.500000,0.011332
1779543045.274745,0,1,9.396746,7.048361,3.282780,1.500000,0.008807
1779543045.284825,0,1,9.381920,7.046081,3.284056,1.500000,0.008807
1779543045.294322,0,1,9.367091,7.043821,3.284879,1.500000,0.007098
1779543045.304473,0,1,9.352254,7.041617,3.285040,1.500000,0.007098
1779543045.314644,0,1,9.337414,7.039430,3.285137,1.500000,0.006186
1779543045.324674,0,1,9.322569,7.037278,3.284941,1.500000,0.006186
1779543045.334738,0,1,9.307724,7.035128,3.284860,1.500000,0.006186
1779543045.344614,0,1,9.292875,7.033005,3.284573,1.500000,0.004474
1779543045.354756,0,1,9.278027,7.030878,3.284446,1.500000,0.004474
1779543045.364605,0,1,9.263175,7.028772,3.284134,1.500000,0.004308
1779543045.374736,0,1,9.248325,7.026659,3.283992,1.500000,0.004308
1779543045.384810,0,1,9.233472,7.024565,3.283672,1.500000,0.004308
1779543045.394632,0,1,9.218620,7.022463,3.283525,1.500000,0.005377
1779543045.404436,0,1,9.203765,7.020379,3.283202,1.500000,0.005377
1779543045.414402,0,1,9.188912,7.018285,3.283053,1.500000,0.005851
1779543045.425981,0,1,9.174057,7.016209,3.282729,1.500000,0.005851
1779543045.434352,0,1,9.159202,7.014124,3.282580,1.500000,0.005851
1779543045.445005,0,1,9.144346,7.012055,3.282255,1.500000,0.006589
1779543045.454630,0,1,9.129490,7.009977,3.282105,1.500000,0.006589
1779543045.464707,0,1,9.114632,7.007916,3.281780,1.500000,0.007491
1779543045.474389,0,1,9.099776,7.005846,3.281630,1.500000,0.007491
1779543045.484315,0,1,9.084917,7.003792,3.281304,1.500000,0.007491
1779543045.495003,0,1,9.070060,7.001728,3.281155,1.500000,0.008776
1779543045.504770,0,1,9.055200,6.999682,3.280829,1.500000,0.008776
1779543045.514862,0,1,9.040342,6.997625,3.280679,1.500000,0.009372
1779543045.525110,0,1,9.025481,6.995585,3.280354,1.500000,0.009372
1779543045.534851,0,1,9.010622,6.993536,3.280204,1.500000,0.010016
1779543045.545105,0,1,8.995760,6.991504,3.279878,1.500000,0.010016
1779543045.554315,0,1,8.980900,6.989461,3.279728,1.500000,0.010863
1779543045.564484,0,1,8.966037,6.987436,3.279403,1.500000,0.010863
1779543045.574998,0,1,8.951179,6.985376,3.279530,1.500000,0.010863
1779543045.584390,0,1,8.936332,6.983246,3.280320,1.500000,0.011832
1779543045.594841,0,1,8.921488,6.981084,3.281173,1.500000,0.011832
1779543045.604769,0,1,8.906652,6.978873,3.282320,1.500000,0.011832
1779543045.614495,0,1,8.891818,6.976645,3.283351,1.500000,0.013111
1779543045.624801,0,1,8.876991,6.974377,3.284589,1.500000,0.013111
1779543045.634542,0,1,8.862165,6.972098,3.285668,1.500000,0.012781
1779543045.644732,0,1,8.847344,6.969784,3.286931,1.500000,0.012781
1779543045.654606,0,1,8.832525,6.967463,3.288024,1.500000,0.012781
1779543045.664927,0,1,8.817711,6.965109,3.289295,1.500000,0.011083
1779543045.674819,0,1,8.802898,6.962750,3.290392,1.500000,0.011083
1779543045.684666,0,1,8.788090,6.960358,3.291667,1.500000,0.009518
1779543045.694753,0,1,8.773282,6.957961,3.292766,1.500000,0.009518
1779543045.704616,0,1,8.758480,6.955533,3.294042,1.500000,0.009518
1779543045.714741,0,1,8.743675,6.953125,3.294865,1.500000,0.006918
1779543045.724568,0,1,8.728860,6.950773,3.295026,1.500000,0.006918
1779543045.734804,0,1,8.714043,6.948437,3.295123,1.500000,0.005168
1779543045.744483,0,1,8.699221,6.946137,3.294927,1.500000,0.005168
1779543045.754335,0,1,8.684398,6.943840,3.294846,1.500000,0.003369
1779543045.764620,0,1,8.669571,6.941568,3.294559,1.500000,0.003369
1779543045.774557,0,1,8.654744,6.939293,3.294432,1.500000,0.003369
1779543045.784354,0,1,8.639915,6.937039,3.294120,1.500000,0.003941
1779543045.794862,0,1,8.625086,6.934778,3.293978,1.500000,0.003941
1779543045.804482,0,1,8.610254,6.932536,3.293658,1.500000,0.003941
1779543045.815237,0,1,8.595424,6.930285,3.293511,1.500000,0.005449
1779543045.824792,0,1,8.580591,6.928053,3.293188,1.500000,0.005449
1779543045.834443,0,1,8.565760,6.925811,3.293039,1.500000,0.005971
1779543045.844887,0,1,8.550926,6.923587,3.292715,1.500000,0.005971
1779543045.854643,0,1,8.536093,6.921353,3.292566,1.500000,0.005971
1779543045.864537,0,1,8.521258,6.919137,3.292241,1.500000,0.007050
1779543045.874639,0,1,8.506424,6.916910,3.292091,1.500000,0.007050
1779543045.884981,0,1,8.491587,6.914701,3.291766,1.500000,0.007877
1779543045.894740,0,1,8.476752,6.912482,3.291616,1.500000,0.007877
1779543045.904720,0,1,8.461915,6.910280,3.291290,1.500000,0.007877
1779543045.914451,0,1,8.447079,6.908068,3.291141,1.500000,0.009331
1779543045.924558,0,1,8.432240,6.905873,3.290815,1.500000,0.009331
1779543045.935011,0,1,8.417403,6.903668,3.290665,1.500000,0.010006
1779543045.944839,0,1,8.402564,6.901481,3.290340,1.500000,0.010006
1779543045.954685,0,1,8.387726,6.899283,3.290190,1.500000,0.010006
1779543045.964403,0,1,8.372885,6.897102,3.289864,1.500000,0.011314
1779543045.975018,0,1,8.358046,6.894912,3.289714,1.500000,0.011314
1779543045.984766,0,1,8.343204,6.892738,3.289389,1.500000,0.011314
1779543045.994896,0,1,8.328368,6.890530,3.289516,1.500000,0.012505
1779543046.004833,0,1,8.313542,6.888251,3.290306,1.500000,0.012505
1779543046.014407,0,1,8.298720,6.885941,3.291159,1.500000,0.013521
1779543046.024585,0,1,8.283907,6.883582,3.292306,1.500000,0.013521
1779543046.034410,0,1,8.269097,6.881206,3.293337,1.500000,0.014300
1779543046.045491,0,1,8.254292,6.878790,3.294575,1.500000,0.014300
1779543046.054678,0,1,8.239490,6.876364,3.295654,1.500000,0.014224
1779543046.064719,0,1,8.224693,6.873902,3.296917,1.500000,0.014224
1779543046.074636,0,1,8.209898,6.871433,3.298010,1.500000,0.013034
1779543046.085290,0,1,8.195108,6.868931,3.299281,1.500000,0.013034
1779543046.094740,0,1,8.180319,6.866424,3.300378,1.500000,0.013034
1779543046.104457,0,1,8.165536,6.863884,3.301653,1.500000,0.011301
1779543046.114378,0,1,8.150753,6.861340,3.302752,1.500000,0.011301
1779543046.124702,0,1,8.135976,6.858764,3.304028,1.500000,0.009720
1779543046.134543,0,1,8.121200,6.856183,3.305128,1.500000,0.009720
1779543046.145267,0,1,8.106429,6.853572,3.306404,1.500000,0.009720
1779543046.154782,0,1,8.091654,6.850980,3.307228,1.500000,0.007776
1779543046.164610,0,1,8.076870,6.848445,3.307389,1.500000,0.007776
1779543046.174907,0,1,8.062083,6.845926,3.307486,1.500000,0.006068
1779543046.184516,0,1,8.047290,6.843443,3.307290,1.500000,0.006068
1779543046.194480,0,1,8.032496,6.840963,3.307210,1.500000,0.004310
1779543046.204871,0,1,8.017699,6.838508,3.306923,1.500000,0.004310
1779543046.215029,0,1,8.002902,6.836049,3.306795,1.500000,0.004310
1779543046.224849,0,1,7.988101,6.833612,3.306483,1.500000,0.003586
1779543046.234479,0,1,7.973301,6.831168,3.306341,1.500000,0.003586
1779543046.244856,0,1,7.958499,6.828743,3.306021,1.500000,0.003918
1779543046.254370,0,1,7.943697,6.826309,3.305875,1.500000,0.003918
1779543046.264980,0,1,7.928893,6.823893,3.305551,1.500000,0.003918
1779543046.274323,0,1,7.914091,6.821468,3.305403,1.500000,0.005999
1779543046.284330,0,1,7.899285,6.819061,3.305079,1.500000,0.005999
1779543046.294444,0,1,7.884481,6.816644,3.304929,1.500000,0.007081
1779543046.305132,0,1,7.869674,6.814244,3.304604,1.500000,0.007081
1779543046.314981,0,1,7.854869,6.811835,3.304455,1.500000,0.007604
1779543046.324924,0,1,7.840061,6.809442,3.304129,1.500000,0.007604
1779543046.334636,0,1,7.825255,6.807040,3.303980,1.500000,0.007604
1779543046.345232,0,1,7.810446,6.804654,3.303654,1.500000,0.008456
1779543046.354946,0,1,7.795638,6.802259,3.303504,1.500000,0.008456
1779543046.364464,0,1,7.780828,6.799881,3.303179,1.500000,0.009354
1779543046.374731,0,1,7.766019,6.797493,3.303029,1.500000,0.009354
1779543046.384849,0,1,7.751208,6.795122,3.302703,1.500000,0.009354
1779543046.394748,0,1,7.736398,6.792741,3.302553,1.500000,0.010409
1779543046.404610,0,1,7.721585,6.790377,3.302228,1.500000,0.010409
1779543046.414480,0,1,7.706774,6.788003,3.302078,1.500000,0.010409
1779543046.424465,0,1,7.691961,6.785646,3.301752,1.500000,0.011519
1779543046.434461,0,1,7.677149,6.783279,3.301602,1.500000,0.011519
1779543046.444870,0,1,7.662334,6.780929,3.301277,1.500000,0.011519
1779543046.454410,0,1,7.647525,6.778545,3.301404,1.500000,0.011519
1779543046.464880,0,1,7.632727,6.776090,3.302194,1.500000,0.012734
1779543046.474645,0,1,7.617934,6.773604,3.303047,1.500000,0.012734
1779543046.484408,0,1,7.603150,6.771069,3.304194,1.500000,0.013792
1779543046.494698,0,1,7.588369,6.768517,3.305225,1.500000,0.013792
1779543046.504875,0,1,7.573594,6.765925,3.306463,1.500000,0.013792
1779543046.514495,0,1,7.558822,6.763323,3.307542,1.500000,0.013914
1779543046.524644,0,1,7.544056,6.760686,3.308805,1.500000,0.013914
1779543046.534673,0,1,7.529290,6.758041,3.309898,1.500000,0.013914
1779543046.544994,0,1,7.514531,6.755364,3.311169,1.500000,0.012681
1779543046.554606,0,1,7.499773,6.752680,3.312267,1.500000,0.012681
1779543046.564735,0,1,7.485021,6.749965,3.313541,1.500000,0.010718
1779543046.574721,0,1,7.470270,6.747245,3.314640,1.500000,0.010718
1779543046.584764,0,1,7.455524,6.744494,3.315916,1.500000,0.009107
1779543046.594822,0,1,7.440777,6.741750,3.316878,1.500000,0.009107
1779543046.604726,0,1,7.426026,6.739031,3.317457,1.500000,0.009107
1779543046.614557,0,1,7.411265,6.736362,3.317499,1.500000,0.006953
1779543046.624805,0,1,7.396502,6.733705,3.317537,1.500000,0.006953
1779543046.634777,0,1,7.381734,6.731081,3.317311,1.500000,0.005213
1779543046.644733,0,1,7.366965,6.728457,3.317215,1.500000,0.005213
1779543046.654734,0,1,7.352192,6.725858,3.316920,1.500000,0.004676
1779543046.664904,0,1,7.337420,6.723254,3.316788,1.500000,0.004676
1779543046.675737,0,1,7.322644,6.720670,3.316473,1.500000,0.004676
1779543046.684831,0,1,7.307869,6.718079,3.316330,1.500000,0.004968
1779543046.694846,0,1,7.293092,6.715507,3.316009,1.500000,0.004968
1779543046.704518,0,1,7.278315,6.712926,3.315862,1.500000,0.005425
1779543046.715333,0,1,7.263536,6.710363,3.315538,1.500000,0.005425
1779543046.724859,0,1,7.248758,6.707791,3.315390,1.500000,0.005425
1779543046.735865,0,1,7.233977,6.705236,3.315065,1.500000,0.006146
1779543046.744851,0,1,7.219198,6.702671,3.314916,1.500000,0.006146
1779543046.754864,0,1,7.204416,6.700124,3.314590,1.500000,0.006705
1779543046.765546,0,1,7.189636,6.697567,3.314441,1.500000,0.006705
1779543046.774817,0,1,7.174852,6.695026,3.314115,1.500000,0.006705
1779543046.784528,0,1,7.160071,6.692476,3.313966,1.500000,0.008200
1779543046.794871,0,1,7.145286,6.689943,3.313640,1.500000,0.008200
1779543046.804626,0,1,7.130503,6.687400,3.313490,1.500000,0.008200
1779543046.815118,0,1,7.115717,6.684875,3.313165,1.500000,0.009274
1779543046.824605,0,1,7.100933,6.682339,3.313015,1.500000,0.009274
1779543046.835368,0,1,7.086146,6.679820,3.312689,1.500000,0.009932
1779543046.844867,0,1,7.071361,6.677291,3.312539,1.500000,0.009932
1779543046.855129,0,1,7.056573,6.674779,3.312214,1.500000,0.009932
1779543046.864823,0,1,7.041786,6.672257,3.312064,1.500000,0.011030
1779543046.874869,0,1,7.026997,6.669753,3.311738,1.500000,0.011030
1779543046.884982,0,1,7.012213,6.667213,3.311865,1.500000,0.011030
1779543046.895502,0,1,6.997442,6.664604,3.312655,1.500000,0.012011
1779543046.904438,0,1,6.982676,6.661964,3.313508,1.500000,0.012011
1779543046.914799,0,1,6.967919,6.659274,3.314655,1.500000,0.012011
1779543046.925009,0,1,6.953166,6.656567,3.315687,1.500000,0.013093
1779543046.934919,0,1,6.938419,6.653821,3.316925,1.500000,0.013093
1779543046.944636,0,1,6.923675,6.651065,3.318003,1.500000,0.013093
1779543046.954982,0,1,6.908937,6.648273,3.319267,1.500000,0.012174
1779543046.965004,0,1,6.894200,6.645474,3.320359,1.500000,0.012174
1779543046.975038,0,1,6.879470,6.642642,3.321631,1.500000,0.012174
1779543046.984723,0,1,6.864741,6.639805,3.322728,1.500000,0.009906
1779543046.994819,0,1,6.850018,6.636936,3.324002,1.500000,0.009906
1779543047.005534,0,1,6.835291,6.634086,3.324825,1.500000,0.009906
1779543047.015956,0,1,6.820553,6.631292,3.324985,1.500000,0.007776
1779543047.024357,0,1,6.805813,6.628514,3.325082,1.500000,0.007776
1779543047.036796,0,1,6.791066,6.625771,3.324885,1.500000,0.007776
1779543047.044608,0,1,6.776318,6.623031,3.324805,1.500000,0.005117
1779543047.055176,0,1,6.761566,6.620317,3.324518,1.500000,0.005117
1779543047.064773,0,1,6.746814,6.617598,3.324390,1.500000,0.005117
1779543047.074717,0,1,6.732059,6.614901,3.324078,1.500000,0.004867
1779543047.084759,0,1,6.717305,6.612197,3.323936,1.500000,0.004867
1779543047.094733,0,1,6.702547,6.609512,3.323616,1.500000,0.004867
1779543047.104731,0,1,6.687791,6.606818,3.323469,1.500000,0.005765
1779543047.114959,0,1,6.673031,6.604142,3.323146,1.500000,0.005765
1779543047.124786,0,1,6.658274,6.601457,3.322997,1.500000,0.006293
1779543047.135105,0,1,6.643513,6.598790,3.322673,1.500000,0.006293
1779543047.145077,0,1,6.628753,6.596113,3.322524,1.500000,0.006293
1779543047.155000,0,1,6.613991,6.593453,3.322199,1.500000,0.007156
1779543047.165052,0,1,6.599231,6.590783,3.322049,1.500000,0.007156
1779543047.174907,0,1,6.584467,6.588131,3.321724,1.500000,0.007156
1779543047.185011,0,1,6.569705,6.585468,3.321574,1.500000,0.008129
1779543047.195108,0,1,6.554940,6.582823,3.321248,1.500000,0.008129
1779543047.204837,0,1,6.540177,6.580167,3.321099,1.500000,0.008735
1779543047.215935,0,1,6.525411,6.577529,3.320773,1.500000,0.008735
1779543047.225179,0,1,6.510647,6.574881,3.320623,1.500000,0.008735
1779543047.234511,0,1,6.495879,6.572249,3.320298,1.500000,0.009580
1779543047.244781,0,1,6.481114,6.569608,3.320148,1.500000,0.009580
1779543047.254643,0,1,6.466345,6.566984,3.319822,1.500000,0.009580
1779543047.264503,0,1,6.451578,6.564350,3.319672,1.500000,0.010627
1779543047.274737,0,1,6.436808,6.561732,3.319347,1.500000,0.010627
1779543047.284830,0,1,6.422042,6.559093,3.319335,1.500000,0.011313
1779543047.294771,0,1,6.407281,6.556427,3.319567,1.500000,0.011313
1779543047.304761,0,1,6.392526,6.553728,3.320057,1.500000,0.011313
1779543047.314740,0,1,6.377782,6.550970,3.321026,1.500000,0.012099
1779543047.324774,0,1,6.363042,6.548188,3.321968,1.500000,0.012099
1779543047.334807,0,1,6.348311,6.545361,3.323161,1.500000,0.012099
1779543047.344669,0,1,6.333582,6.542521,3.324216,1.500000,0.012687
1779543047.354601,0,1,6.318861,6.539644,3.325466,1.500000,0.012687
1779543047.364472,0,1,6.304141,6.536757,3.326552,1.500000,0.011672
1779543047.374547,0,1,6.289428,6.533837,3.327819,1.500000,0.011672
1779543047.384606,0,1,6.274716,6.530911,3.328914,1.500000,0.011672
1779543047.394743,0,1,6.260011,6.527952,3.330187,1.500000,0.009544
1779543047.404543,0,1,6.245307,6.524987,3.331286,1.500000,0.009544
1779543047.415220,0,1,6.230609,6.521992,3.332560,1.500000,0.009544
1779543047.424957,0,1,6.215907,6.519015,3.333383,1.500000,0.008027
1779543047.434699,0,1,6.201194,6.516095,3.333544,1.500000,0.008027
1779543047.445025,0,1,6.186478,6.513191,3.333641,1.500000,0.005368
1779543047.454751,0,1,6.171755,6.510322,3.333445,1.500000,0.005368
1779543047.464809,0,1,6.157031,6.507456,3.333364,1.500000,0.005368
1779543047.474548,0,1,6.142303,6.504615,3.333077,1.500000,0.003293
1779543047.484769,0,1,6.127575,6.501770,3.332949,1.500000,0.003293
1779543047.494762,0,1,6.112843,6.498947,3.332637,1.500000,0.003293
1779543047.504993,0,1,6.098113,6.496116,3.332495,1.500000,0.003629
1779543047.514399,0,1,6.083379,6.493305,3.332175,1.500000,0.003629
1779543047.524838,0,1,6.068646,6.490485,3.332029,1.500000,0.004022
1779543047.534866,0,1,6.053910,6.487683,3.331705,1.500000,0.004022
1779543047.544979,0,1,6.039176,6.484872,3.331557,1.500000,0.004022
1779543047.554558,0,1,6.024438,6.482078,3.331232,1.500000,0.004758
1779543047.564847,0,1,6.009703,6.479275,3.331083,1.500000,0.004758
1779543047.574857,0,1,5.994964,6.476489,3.330758,1.500000,0.005290
1779543047.585238,0,1,5.980226,6.473693,3.330608,1.500000,0.005290
1779543047.594729,0,1,5.965486,6.470914,3.330283,1.500000,0.005290
1779543047.604364,0,1,5.950748,6.468125,3.330133,1.500000,0.006152
1779543047.614399,0,1,5.936006,6.465353,3.329808,1.500000,0.006152
1779543047.625114,0,1,5.921266,6.462572,3.329658,1.500000,0.006152
1779543047.634454,0,1,5.906523,6.459807,3.329333,1.500000,0.006929
1779543047.644497,0,1,5.891782,6.457033,3.329183,1.500000,0.006929
1779543047.654432,0,1,5.877038,6.454275,3.328857,1.500000,0.007437
1779543047.664745,0,1,5.862295,6.451508,3.328707,1.500000,0.007437
1779543047.674805,0,1,5.847549,6.448757,3.328382,1.500000,0.007437
1779543047.685292,0,1,5.832806,6.445996,3.328232,1.500000,0.008401
1779543047.695111,0,1,5.818059,6.443253,3.327906,1.500000,0.008401
1779543047.704889,0,1,5.803314,6.440499,3.327756,1.500000,0.009006
1779543047.714437,0,1,5.788565,6.437763,3.327431,1.500000,0.009006
1779543047.724866,0,1,5.773819,6.435016,3.327281,1.500000,0.009006
1779543047.734698,0,1,5.759069,6.432287,3.326955,1.500000,0.009852
1779543047.744843,0,1,5.744322,6.429548,3.326805,1.500000,0.009852
1779543047.755142,0,1,5.729571,6.426825,3.326480,1.500000,0.010477
1779543047.764974,0,1,5.714822,6.424093,3.326330,1.500000,0.010477
1779543047.774936,0,1,5.700070,6.421377,3.326004,1.500000,0.010477
1779543047.785390,0,1,5.685319,6.418652,3.325854,1.500000,0.011249
1779543047.794684,0,1,5.670566,6.415943,3.325528,1.500000,0.011249
1779543047.805365,0,1,5.655819,6.413200,3.325656,1.500000,0.011249
1779543047.814651,0,1,5.641085,6.410387,3.326445,1.500000,0.011249
1779543047.824764,0,1,5.626357,6.407544,3.327299,1.500000,0.011847
1779543047.834756,0,1,5.611639,6.404651,3.328446,1.500000,0.011847
1779543047.844504,0,1,5.596923,6.401741,3.329477,1.500000,0.011847
1779543047.854716,0,1,5.582216,6.398792,3.330715,1.500000,0.012671
1779543047.865025,0,1,5.567511,6.395832,3.331794,1.500000,0.012671
1779543047.874885,0,1,5.552813,6.392838,3.333057,1.500000,0.011759
1779543047.884544,0,1,5.538117,6.389836,3.334149,1.500000,0.011759
1779543047.894748,0,1,5.523427,6.386801,3.335421,1.500000,0.011759
1779543047.904803,0,1,5.508738,6.383761,3.336518,1.500000,0.010257
1779543047.914691,0,1,5.494056,6.380689,3.337793,1.500000,0.010257
1779543047.924669,0,1,5.479370,6.377636,3.338615,1.500000,0.007655
1779543047.934831,0,1,5.464672,6.374639,3.338775,1.500000,0.007655
1779543047.944741,0,1,5.449972,6.371658,3.338872,1.500000,0.007655
1779543047.954887,0,1,5.435264,6.368713,3.338676,1.500000,0.005106
1779543047.964990,0,1,5.420555,6.365769,3.338595,1.500000,0.005106
1779543047.975049,0,1,5.405842,6.362852,3.338308,1.500000,0.005106
1779543047.984980,0,1,5.391129,6.359930,3.338180,1.500000,0.003577
1779543047.995902,0,1,5.376412,6.357030,3.337868,1.500000,0.003577
1779543048.005145,0,1,5.361697,6.354122,3.337726,1.500000,0.003577
1779543048.014417,0,1,5.346977,6.351234,3.337406,1.500000,0.003984
1779543048.025207,0,1,5.332260,6.348337,3.337259,1.500000,0.003984
1779543048.034997,0,1,5.317539,6.345458,3.336936,1.500000,0.003984
1779543048.044545,0,1,5.302819,6.342570,3.336788,1.500000,0.004422
1779543048.055434,0,1,5.288097,6.339699,3.336463,1.500000,0.004422
1779543048.064465,0,1,5.273376,6.336819,3.336314,1.500000,0.005171
1779543048.074687,0,1,5.258652,6.333955,3.335989,1.500000,0.005171
1779543048.084919,0,1,5.243929,6.331082,3.335839,1.500000,0.005171
1779543048.094574,0,1,5.229204,6.328226,3.335514,1.500000,0.005890
1779543048.104912,0,1,5.214480,6.325361,3.335364,1.500000,0.005890
1779543048.115067,0,1,5.199753,6.322512,3.335039,1.500000,0.005890
1779543048.124816,0,1,5.185028,6.319653,3.334889,1.500000,0.006619
1779543048.134628,0,1,5.170299,6.316811,3.334563,1.500000,0.006619
1779543048.144674,0,1,5.155573,6.313960,3.334413,1.500000,0.006619
1779543048.154792,0,1,5.140843,6.311125,3.334088,1.500000,0.007388
1779543048.164686,0,1,5.126116,6.308281,3.333938,1.500000,0.007388
1779543048.174973,0,1,5.111384,6.305453,3.333612,1.500000,0.007388
1779543048.184511,0,1,5.096655,6.302615,3.333462,1.500000,0.007774
1779543048.194960,0,1,5.081923,6.299795,3.333137,1.500000,0.007774
1779543048.204701,0,1,5.067192,6.296964,3.332987,1.500000,0.008714
1779543048.214397,0,1,5.052459,6.294150,3.332661,1.500000,0.008714
1779543048.225354,0,1,5.037727,6.291327,3.332511,1.500000,0.008714
1779543048.234611,0,1,5.022992,6.288520,3.332186,1.500000,0.009558
1779543048.244820,0,1,5.008259,6.285704,3.332036,1.500000,0.009558
1779543048.255342,0,1,4.993522,6.282904,3.331710,1.500000,0.009558
1779543048.264921,0,1,4.978788,6.280095,3.331560,1.500000,0.009711
1779543048.274725,0,1,4.964050,6.277302,3.331235,1.500000,0.009711
1779543048.284563,0,1,4.949314,6.274499,3.331085,1.500000,0.010739
1779543048.294822,0,1,4.934575,6.271714,3.330759,1.500000,0.010739
1779543048.304774,0,1,4.919840,6.268906,3.330748,1.500000,0.010739
1779543048.314871,0,1,4.905110,6.266072,3.330980,1.500000,0.125687
1779543048.324935,0,1,4.890384,6.263217,3.331332,1.500000,0.125687
1779543048.334956,0,1,4.875664,6.260334,3.331881,1.500000,0.125687
1779543048.344633,0,1,4.860960,6.257370,3.333156,1.500000,0.018578
1779543048.354961,0,1,4.846283,6.254273,3.335506,1.500000,0.018578
1779543048.364776,0,1,4.831639,6.251026,3.338826,1.500000,0.018578
1779543048.374888,0,1,4.817011,6.247704,3.342084,1.500000,0.011727
1779543048.385012,0,1,4.802383,6.244384,3.344599,1.500000,0.011727
1779543048.394438,0,1,4.787747,6.241099,3.346312,1.500000,0.011727
1779543048.404915,0,1,4.773112,6.237811,3.347896,1.500000,0.008557
1779543048.414488,0,1,4.758474,6.234537,3.349155,1.500000,0.008557
1779543048.424655,0,1,4.743840,6.231245,3.350515,1.500000,0.003471
1779543048.434585,0,1,4.729199,6.227983,3.351384,1.500000,0.003471
1779543048.444843,0,1,4.714544,6.224781,3.351571,1.500000,0.003471
1779543048.454922,0,1,4.699885,6.221602,3.351684,1.500000,-0.000730
1779543048.464613,0,1,4.685218,6.218460,3.351497,1.500000,-0.000730
1779543048.474724,0,1,4.670550,6.215323,3.351422,1.500000,-0.002921
1779543048.484916,0,1,4.655876,6.212213,3.351139,1.500000,-0.002921
1779543048.494815,0,1,4.641202,6.209100,3.351014,1.500000,-0.002921
1779543048.504645,0,1,4.626524,6.206009,3.350703,1.500000,-0.003660
1779543048.514816,0,1,4.611847,6.202912,3.350563,1.500000,-0.003660
1779543048.525121,0,1,4.597167,6.199834,3.350243,1.500000,-0.003579
1779543048.535092,0,1,4.582488,6.196747,3.350097,1.500000,-0.003579
1779543048.545269,0,1,4.567805,6.193679,3.349774,1.500000,-0.003579
1779543048.555731,0,1,4.553124,6.190602,3.349626,1.500000,-0.003579
1779543048.564667,0,1,4.538439,6.187542,3.349302,1.500000,-0.002968
1779543048.574628,0,1,4.523756,6.184473,3.349153,1.500000,-0.002968
1779543048.585000,0,1,4.509070,6.181421,3.348828,1.500000,-0.002968
1779543048.594711,0,1,4.494386,6.178359,3.348678,1.500000,-0.002340
1779543048.604939,0,1,4.479698,6.175314,3.348353,1.500000,-0.002340
1779543048.614567,0,1,4.465013,6.172259,3.348203,1.500000,-0.002340
1779543048.624503,0,1,4.450324,6.169222,3.347878,1.500000,-0.001847
1779543048.634914,0,1,4.435636,6.166174,3.347728,1.500000,-0.001847
1779543048.644768,0,1,4.420946,6.163144,3.347402,1.500000,-0.001847
1779543048.655216,0,1,4.406257,6.160103,3.347253,1.500000,-0.001847
1779543048.664766,0,1,4.391565,6.157080,3.346927,1.500000,-0.001144
1779543048.674806,0,1,4.376875,6.154046,3.346777,1.500000,-0.001144
1779543048.685072,0,1,4.362181,6.151030,3.346452,1.500000,-0.001144
1779543048.694733,0,1,4.347490,6.148003,3.346302,1.500000,-0.000527
1779543048.704878,0,1,4.332795,6.144994,3.345976,1.500000,-0.000527
1779543048.714735,0,1,4.318102,6.141974,3.345826,1.500000,-0.000527
1779543048.724779,0,1,4.303406,6.138972,3.345501,1.500000,-0.000024
1779543048.734783,0,1,4.288711,6.135959,3.345351,1.500000,-0.000024
1779543048.744969,0,1,4.274013,6.132964,3.345025,1.500000,-0.000024
1779543048.754762,0,1,4.259317,6.129958,3.344875,1.500000,0.000634
1779543048.765102,0,1,4.244618,6.126969,3.344549,1.500000,0.000634
1779543048.774442,0,1,4.229921,6.123971,3.344400,1.500000,0.000634
1779543048.784966,0,1,4.215220,6.120989,3.344074,1.500000,0.000634
1779543048.795018,0,1,4.200522,6.117998,3.343924,1.500000,0.001152
1779543048.804771,0,1,4.185820,6.115023,3.343598,1.500000,0.001152
1779543048.814754,0,1,4.171119,6.112039,3.343448,1.500000,0.001152
1779543048.825140,0,1,4.156416,6.109071,3.343123,1.500000,0.001727
1779543048.834895,0,1,4.141714,6.106094,3.342973,1.500000,0.001727
1779543048.844865,0,1,4.127010,6.103133,3.342647,1.500000,0.001727
1779543048.855170,0,1,4.112307,6.100163,3.342497,1.500000,0.001727
1779543048.864901,0,1,4.097600,6.097209,3.342172,1.500000,0.002256
1779543048.874445,0,1,4.082896,6.094245,3.342022,1.500000,0.002256
1779543048.884704,0,1,4.068188,6.091299,3.341696,1.500000,0.002256
1779543048.894629,0,1,4.053482,6.088342,3.341546,1.500000,0.003149
1779543048.904473,0,1,4.038773,6.085402,3.341221,1.500000,0.003149
1779543048.915114,0,1,4.024066,6.082453,3.341071,1.500000,0.003149
1779543048.925040,0,1,4.009356,6.079520,3.340745,1.500000,0.003540
1779543048.935507,0,1,3.994647,6.076578,3.340595,1.500000,0.003540
1779543048.944652,0,1,3.979935,6.073652,3.340270,1.500000,0.003540
1779543048.955137,0,1,3.965225,6.070717,3.340120,1.500000,0.003540
1779543048.964996,0,1,3.950512,6.067798,3.339794,1.500000,0.004200
1779543048.974878,0,1,3.935801,6.064869,3.339644,1.500000,0.004200
1779543048.984962,0,1,3.921086,6.061958,3.339319,1.500000,0.004200
1779543048.995107,0,1,3.906373,6.059036,3.339169,1.500000,0.004200
1779543049.004699,0,1,3.891657,6.056131,3.338843,1.500000,0.004669
1779543049.015303,0,1,3.876943,6.053217,3.338693,1.500000,0.004669
1779543049.024774,0,1,3.862226,6.050319,3.338368,1.500000,0.004669
1779543049.034498,0,1,3.847510,6.047412,3.338218,1.500000,0.005682
1779543049.044721,0,1,3.832791,6.044521,3.337892,1.500000,0.005682
1779543049.054393,0,1,3.818074,6.041620,3.337742,1.500000,0.005682
1779543049.064591,0,1,3.803354,6.038737,3.337417,1.500000,0.006007
1779543049.074591,0,1,3.788636,6.035843,3.337267,1.500000,0.006007
1779543049.084803,0,1,3.773914,6.032966,3.336941,1.500000,0.006007
1779543049.094814,0,1,3.759195,6.030080,3.336791,1.500000,0.006007
1779543049.104467,0,1,3.744472,6.027210,3.336466,1.500000,0.006639
1779543049.114799,0,1,3.729751,6.024331,3.336316,1.500000,0.006639
1779543049.124902,0,1,3.715026,6.021468,3.335990,1.500000,0.006639
1779543049.134921,0,1,3.700304,6.018595,3.335840,1.500000,0.007537
1779543049.144429,0,1,3.685578,6.015740,3.335515,1.500000,0.007537
1779543049.154847,0,1,3.670855,6.012874,3.335365,1.500000,0.007537
1779543049.164679,0,1,3.656128,6.010025,3.335039,1.500000,0.007537
1779543049.174689,0,1,3.641403,6.007167,3.334889,1.500000,0.008153
1779543049.184787,0,1,3.626674,6.004325,3.334563,1.500000,0.008153
1779543049.194907,0,1,3.611948,6.001474,3.334414,1.500000,0.008153
1779543049.205602,0,1,3.597218,5.998639,3.334088,1.500000,0.008978
1779543049.214849,0,1,3.582490,5.995795,3.333938,1.500000,0.008978
1779543049.224641,0,1,3.567759,5.992967,3.333612,1.500000,0.008978
1779543049.234855,0,1,3.553030,5.990129,3.333462,1.500000,0.009932
1779543049.244885,0,1,3.538298,5.987309,3.333137,1.500000,0.009932
1779543049.254873,0,1,3.523567,5.984478,3.332987,1.500000,0.009932
1779543049.264947,0,1,3.508833,5.981664,3.332661,1.500000,0.010756
1779543049.274631,0,1,3.494101,5.978841,3.332511,1.500000,0.010756
1779543049.284899,0,1,3.479366,5.976034,3.332186,1.500000,0.010756
1779543049.294879,0,1,3.464636,5.973205,3.332174,1.500000,0.010756
1779543049.304763,0,1,3.449910,5.970350,3.332407,1.500000,0.010724
1779543049.314914,0,1,3.435188,5.967475,3.332758,1.500000,0.010724
1779543049.324775,0,1,3.420469,5.964583,3.333169,1.500000,0.010724
1779543049.334967,0,1,3.405753,5.961678,3.333610,1.500000,0.011233
1779543049.344970,0,1,3.391040,5.958761,3.334066,1.500000,0.011233
1779543049.355274,0,1,3.376330,5.955822,3.334669,1.500000,0.011233
1779543049.364835,0,1,3.361632,5.952831,3.335695,1.500000,0.011233
1779543049.375331,0,1,3.346937,5.949821,3.336668,1.500000,0.010302
1779543049.384877,0,1,3.332250,5.946770,3.337877,1.500000,0.010302
1779543049.394510,0,1,3.317561,5.943732,3.338665,1.500000,0.010302
1779543049.404860,0,1,3.302862,5.940745,3.338805,1.500000,0.010302
1779543049.414834,0,1,3.288159,5.937771,3.338891,1.500000,0.008946
1779543049.425197,0,1,3.273451,5.934830,3.338688,1.500000,0.008946
1779543049.434545,0,1,3.258741,5.931890,3.338603,1.500000,0.008946
1779543049.445037,0,1,3.244028,5.928975,3.338313,1.500000,0.006659
1779543049.454428,0,1,3.229314,5.926055,3.338184,1.500000,0.006659
1779543049.464958,0,1,3.214597,5.923156,3.337870,1.500000,0.006659
1779543049.474310,0,1,3.199882,5.920250,3.337728,1.500000,0.005897
1779543049.484464,0,1,3.185162,5.917362,3.337407,1.500000,0.005897
1779543049.494645,0,1,3.170445,5.914465,3.337260,1.500000,0.005897
1779543049.504501,0,1,3.155723,5.911586,3.336937,1.500000,0.005897
1779543049.514393,0,1,3.141004,5.908699,3.336788,1.500000,0.006325
1779543049.524975,0,1,3.126281,5.905828,3.336463,1.500000,0.006325
1779543049.534783,0,1,3.111560,5.902948,3.336314,1.500000,0.006325
1779543049.544389,0,1,3.096836,5.900084,3.335989,1.500000,0.006880
1779543049.555111,0,1,3.082114,5.897211,3.335839,1.500000,0.006880
1779543049.564767,0,1,3.067388,5.894356,3.335514,1.500000,0.006880
1779543049.574846,0,1,3.052665,5.891490,3.335364,1.500000,0.007367
1779543049.584343,0,1,3.037938,5.888641,3.335039,1.500000,0.007367
1779543049.594828,0,1,3.023212,5.885782,3.334889,1.500000,0.007367
1779543049.604380,0,1,3.008484,5.882941,3.334563,1.500000,0.007367
1779543049.614840,0,1,2.993758,5.880089,3.334413,1.500000,0.007845
1779543049.624802,0,1,2.979028,5.877254,3.334088,1.500000,0.007845
1779543049.634753,0,1,2.964300,5.874410,3.333938,1.500000,0.008503
1779543049.644875,0,1,2.949569,5.871582,3.333612,1.500000,0.008503
1779543049.654711,0,1,2.934840,5.868745,3.333462,1.500000,0.008384
1779543049.664491,0,1,2.920108,5.865924,3.333137,1.500000,0.008384
1779543049.674724,0,1,2.905377,5.863093,3.332987,1.500000,0.008996
1779543049.684708,0,1,2.890643,5.860280,3.332661,1.500000,0.008996
1779543049.694754,0,1,2.875911,5.857456,3.332511,1.500000,0.008996
1779543049.704916,0,1,2.861176,5.854649,3.332186,1.500000,0.009786
1779543049.715001,0,1,2.846443,5.851833,3.332036,1.500000,0.009786
1779543049.724511,0,1,2.831707,5.849033,3.331710,1.500000,0.010383
1779543049.734704,0,1,2.816972,5.846224,3.331560,1.500000,0.010383
1779543049.744999,0,1,2.802234,5.843431,3.331235,1.500000,0.010383
1779543049.754964,0,1,2.787499,5.840629,3.331085,1.500000,0.010883
1779543049.764565,0,1,2.772760,5.837843,3.330759,1.500000,0.010883
1779543049.774450,0,1,2.758027,5.835023,3.330886,1.500000,0.010883
1779543049.784853,0,1,2.743308,5.832133,3.331676,1.500000,0.011767
1779543049.794758,0,1,2.728595,5.829212,3.332529,1.500000,0.011767
1779543049.804555,0,1,2.713892,5.826243,3.333676,1.500000,0.011767
1779543049.815751,0,1,2.699192,5.823256,3.334708,1.500000,0.011767
1779543049.825098,0,1,2.684501,5.820230,3.335946,1.500000,0.010949
1779543049.834360,0,1,2.669811,5.817193,3.337024,1.500000,0.010949
1779543049.844457,0,1,2.655129,5.814122,3.338288,1.500000,0.010949
1779543049.855082,0,1,2.640449,5.811043,3.339380,1.500000,0.008462
1779543049.864785,0,1,2.625775,5.807932,3.340652,1.500000,0.008462
1779543049.874574,0,1,2.611097,5.804839,3.341472,1.500000,0.006844
1779543049.884611,0,1,2.596408,5.801801,3.341631,1.500000,0.006844
1779543049.894715,0,1,2.581716,5.798779,3.341727,1.500000,0.006844
1779543049.904972,0,1,2.567016,5.795792,3.341530,1.500000,0.006844
1779543049.914652,0,1,2.552316,5.792807,3.341449,1.500000,0.002898
1779543049.924628,0,1,2.537611,5.789848,3.341162,1.500000,0.002898
1779543049.934266,0,1,2.522906,5.786885,3.341034,1.500000,0.002126
1779543049.944655,0,1,2.508198,5.783942,3.340721,1.500000,0.002126
1779543049.954452,0,1,2.493491,5.780993,3.340580,1.500000,0.002126
1779543049.964867,0,1,2.478780,5.778063,3.340259,1.500000,0.001983
1779543049.974833,0,1,2.464070,5.775124,3.340113,1.500000,0.001983
1779543049.984275,0,1,2.449358,5.772203,3.339789,1.500000,0.002352
1779543049.994509,0,1,2.434646,5.769273,3.339641,1.500000,0.002352
1779543050.004250,0,1,2.419932,5.766360,3.339316,1.500000,0.002352
1779543050.014411,0,1,2.405219,5.763438,3.339167,1.500000,0.002543
1779543050.024747,0,1,2.390503,5.760532,3.338842,1.500000,0.002543
1779543050.035103,0,1,2.375789,5.757618,3.338692,1.500000,0.002993
1779543050.044822,0,1,2.361072,5.754720,3.338367,1.500000,0.002993
1779543050.054598,0,1,2.346357,5.751812,3.338217,1.500000,0.002993
1779543050.065142,0,1,2.331638,5.748921,3.337892,1.500000,0.003009
1779543050.074594,0,1,2.316921,5.746020,3.337742,1.500000,0.003009
1779543050.084477,0,1,2.302201,5.743137,3.337416,1.500000,0.003338
1779543050.094414,0,1,2.287482,5.740243,3.337267,1.500000,0.003338
1779543050.104667,0,1,2.272761,5.737366,3.336941,1.500000,0.003348
1779543050.114598,0,1,2.258041,5.734480,3.336791,1.500000,0.003348
1779543050.125145,0,1,2.243318,5.731610,3.336466,1.500000,0.003348
1779543050.136412,0,1,2.228597,5.728730,3.336316,1.500000,0.004100
1779543050.144786,0,1,2.213873,5.725868,3.335990,1.500000,0.004100
1779543050.154622,0,1,2.199151,5.722995,3.335840,1.500000,0.004100
1779543050.164893,0,1,2.184425,5.720140,3.335514,1.500000,0.004106
1779543050.174568,0,1,2.169701,5.717274,3.335365,1.500000,0.004106
1779543050.184661,0,1,2.154974,5.714425,3.335039,1.500000,0.004106
1779543050.194854,0,1,2.140249,5.711567,3.334889,1.500000,0.004878
1779543050.204932,0,1,2.125521,5.708725,3.334563,1.500000,0.004878
1779543050.214332,0,1,2.110794,5.705874,3.334413,1.500000,0.005383
1779543050.224763,0,1,2.096065,5.703039,3.334088,1.500000,0.005383
1779543050.234416,0,1,2.081337,5.700194,3.333938,1.500000,0.005383
1779543050.245473,0,1,2.066606,5.697367,3.333612,1.500000,0.006021
1779543050.254869,0,1,2.051877,5.694529,3.333462,1.500000,0.006021
1779543050.264407,0,1,2.037144,5.691708,3.333137,1.500000,0.006540
1779543050.274516,0,1,2.022414,5.688878,3.332987,1.500000,0.006540
1779543050.284444,0,1,2.007680,5.686064,3.332661,1.500000,0.006540
1779543050.294683,0,1,1.992948,5.683241,3.332511,1.500000,0.005469
1779543050.305182,0,1,1.978213,5.680434,3.332186,1.500000,0.005469
1779543050.314740,0,1,1.963480,5.677618,3.332036,1.500000,0.005980
1779543050.324724,0,1,1.948743,5.674818,3.331710,1.500000,0.005980
1779543050.334866,0,1,1.934009,5.672008,3.331560,1.500000,0.005980
1779543050.344440,0,1,1.919271,5.669216,3.331235,1.500000,0.006503
1779543050.354628,0,1,1.904535,5.666413,3.331085,1.500000,0.006503
1779543050.364403,0,1,1.889796,5.663628,3.330759,1.500000,0.006289
1779543050.374936,0,1,1.875059,5.660832,3.330609,1.500000,0.006289
1779543050.384755,0,1,1.860319,5.658053,3.330284,1.500000,0.006289
1779543050.394682,0,1,1.845580,5.655265,3.330134,1.500000,0.006326
1779543050.404966,0,1,1.830838,5.652493,3.329808,1.500000,0.006326
1779543050.414904,0,1,1.816098,5.649712,3.329658,1.500000,0.006909
1779543050.424997,0,1,1.801355,5.646947,3.329333,1.500000,0.006909
1779543050.434611,0,1,1.786614,5.644173,3.329183,1.500000,0.007457
1779543050.444871,0,1,1.771870,5.641415,3.328857,1.500000,0.007457
1779543050.454860,0,1,1.757127,5.638648,3.328707,1.500000,0.007457
1779543050.464467,0,1,1.742382,5.635897,3.328382,1.500000,0.007352
1779543050.474283,0,1,1.727638,5.633137,3.328232,1.500000,0.007352
1779543050.484803,0,1,1.712891,5.630393,3.327906,1.500000,0.007352
1779543050.494352,0,1,1.698146,5.627640,3.327756,1.500000,0.008242
1779543050.505198,0,1,1.683398,5.624903,3.327431,1.500000,0.008242
1779543050.514874,0,1,1.668651,5.622157,3.327281,1.500000,0.008242
1779543050.524685,0,1,1.653902,5.619427,3.326955,1.500000,0.007963
1779543050.534916,0,1,1.639154,5.616688,3.326805,1.500000,0.007963
1779543050.544938,0,1,1.624403,5.613965,3.326480,1.500000,0.007963
1779543050.554963,0,1,1.609654,5.611233,3.326330,1.500000,0.008175
1779543050.564611,0,1,1.594902,5.608517,3.326004,1.500000,0.008175
1779543050.574876,0,1,1.580152,5.605792,3.325854,1.500000,0.008796
1779543050.585086,0,1,1.565398,5.603083,3.325528,1.500000,0.008796
1779543050.594776,0,1,1.550647,5.600365,3.325379,1.500000,0.008796
1779543050.604637,0,1,1.535892,5.597663,3.325053,1.500000,0.008632
1779543050.615447,0,1,1.521139,5.594952,3.324903,1.500000,0.008632
1779543050.625152,0,1,1.506383,5.592258,3.324577,1.500000,0.008632
1779543050.634357,0,1,1.491629,5.589553,3.324427,1.500000,0.009589
1779543050.644936,0,1,1.476871,5.586866,3.324102,1.500000,0.009589
1779543050.654581,0,1,1.462116,5.584169,3.323952,1.500000,0.009589
1779543050.665106,0,1,1.447357,5.581488,3.323626,1.500000,0.009352
1779543050.675140,0,1,1.432601,5.578798,3.323476,1.500000,0.009352
1779543050.685155,0,1,1.417841,5.576124,3.323151,1.500000,0.009352
1779543050.694676,0,1,1.403083,5.573441,3.323001,1.500000,0.010026
1779543050.705265,0,1,1.388322,5.570775,3.322675,1.500000,0.010026
1779543050.714905,0,1,1.373562,5.568098,3.322525,1.500000,0.010942
1779543050.725067,0,1,1.358800,5.565439,3.322200,1.500000,0.010942
1779543050.734735,0,1,1.344044,5.562745,3.322327,1.500000,0.011575
1779543050.744783,0,1,1.329301,5.559982,3.323117,1.500000,0.011575
1779543050.754977,0,1,1.314563,5.557187,3.323970,1.500000,0.011575
1779543050.764491,0,1,1.299835,5.554343,3.325117,1.500000,0.011524
1779543050.774649,0,1,1.285111,5.551482,3.326148,1.500000,0.011524
1779543050.784624,0,1,1.270394,5.548582,3.327386,1.500000,0.012160
1779543050.794564,0,1,1.255679,5.545671,3.328465,1.500000,0.012160
1779543050.804858,0,1,1.240971,5.542725,3.329728,1.500000,0.012160
1779543050.814846,0,1,1.226264,5.539773,3.330821,1.500000,0.006313
1779543050.824854,0,1,1.211565,5.536787,3.332092,1.500000,0.006313
1779543050.834999,0,1,1.196861,5.533820,3.332913,1.500000,0.004587
1779543050.845216,0,1,1.182146,5.530908,3.333071,1.500000,0.004587
1779543050.854779,0,1,1.167429,5.528012,3.333168,1.500000,0.004587
1779543050.864933,0,1,1.152704,5.525151,3.332971,1.500000,0.004587
1779543050.874734,0,1,1.137979,5.522292,3.332890,1.500000,-0.000980
1779543050.885009,0,1,1.123249,5.519458,3.332602,1.500000,-0.000980
1779543050.894773,0,1,1.108520,5.516621,3.332474,1.500000,-0.000980
1779543050.906484,0,1,1.093787,5.513805,3.332162,1.500000,-0.003892
1779543050.914920,0,1,1.079055,5.510982,3.332020,1.500000,-0.003892
1779543050.924902,0,1,1.064319,5.508177,3.331700,1.500000,-0.003892
1779543050.934838,0,1,1.049585,5.505365,3.331553,1.500000,-0.003723
1779543050.944801,0,1,1.034848,5.502570,3.331230,1.500000,-0.003723
1779543050.954676,0,1,1.020112,5.499765,3.331081,1.500000,-0.003723
1779543050.964796,0,1,1.005374,5.496979,3.330757,1.500000,-0.005650
1779543050.974507,0,1,0.990636,5.494182,3.330608,1.500000,-0.005650
1779543050.984824,0,1,0.975896,5.491403,3.330283,1.500000,-0.005650
1779543050.994738,0,1,0.961158,5.488614,3.330133,1.500000,-0.007877
1779543051.004482,0,1,0.946416,5.485842,3.329808,1.500000,-0.007877
1779543051.014372,0,1,0.931676,5.483061,3.329658,1.500000,-0.007877
1779543051.024521,0,1,0.916933,5.480296,3.329332,1.500000,-0.007595
1779543051.034535,0,1,0.902192,5.477521,3.329183,1.500000,-0.007595
1779543051.044816,0,1,0.887448,5.474764,3.328857,1.500000,-0.007595
1779543051.054878,0,1,0.872705,5.471996,3.328707,1.500000,-0.009903
1779543051.065104,0,1,0.857960,5.469246,3.328382,1.500000,-0.009903
1779543051.074615,0,1,0.843216,5.466485,3.328232,1.500000,-0.009864
1779543051.084618,0,1,0.828469,5.463742,3.327906,1.500000,-0.009864
1779543051.095117,0,1,0.813724,5.460988,3.327756,1.500000,-0.009864
1779543051.104940,0,1,0.798975,5.458252,3.327431,1.500000,-0.012525
1779543051.114733,0,1,0.784229,5.455505,3.327281,1.500000,-0.012525
1779543051.124704,0,1,0.769480,5.452776,3.326955,1.500000,-0.012525
1779543051.134903,0,1,0.754732,5.450036,3.326805,1.500000,-0.012568
1779543051.144839,0,1,0.739981,5.447314,3.326480,1.500000,-0.012568
1779543051.154754,0,1,0.725232,5.444581,3.326330,1.500000,-0.015321
1779543051.164758,0,1,0.710480,5.441866,3.326004,1.500000,-0.015321
1779543051.174621,0,1,0.695729,5.439140,3.325854,1.500000,-0.015321
1779543051.184480,0,1,0.680976,5.436432,3.325528,1.500000,-0.015580
1779543051.194555,0,1,0.666224,5.433713,3.325379,1.500000,-0.015580
1779543051.205124,0,1,0.651470,5.431012,3.325053,1.500000,-0.015697
1779543051.214996,0,1,0.636717,5.428301,3.324903,1.500000,-0.015697
1779543051.224442,0,1,0.621961,5.425606,3.324577,1.500000,-0.015697
1779543051.234984,0,1,0.607207,5.422902,3.324427,1.500000,-0.015797
1779543051.244457,0,1,0.592449,5.420214,3.324102,1.500000,-0.015797
1779543051.254507,0,1,0.577694,5.417517,3.323952,1.500000,-0.015797
1779543051.264545,0,1,0.562935,5.414837,3.323626,1.500000,-0.016008
1779543051.274476,0,1,0.548178,5.412146,3.323476,1.500000,-0.016008
1779543051.285187,0,1,0.533419,5.409473,3.323151,1.500000,-0.016087
1779543051.294652,0,1,0.518661,5.406790,3.323001,1.500000,-0.016087
1779543051.304762,0,1,0.503899,5.404123,3.322675,1.500000,-0.018298
1779543051.314838,0,1,0.489140,5.401447,3.322525,1.500000,-0.018298
1779543051.325938,0,1,0.474378,5.398787,3.322200,1.500000,-0.018298
1779543051.334543,0,1,0.459617,5.396118,3.322050,1.500000,-0.025873
1779543051.344517,0,1,0.444854,5.393466,3.321724,1.500000,-0.025873
1779543051.354667,0,1,0.430092,5.390804,3.321574,1.500000,-0.030021
1779543051.364316,0,1,0.415322,5.388183,3.320972,1.500000,-0.030021
1779543051.374745,0,1,0.400540,5.385639,3.319706,1.500000,-0.030021
1779543051.384676,0,1,0.385750,5.383134,3.318378,1.500000,-0.030918
1779543051.394361,0,1,0.370952,5.380684,3.316755,1.500000,-0.030918
1779543051.404332,0,1,0.356149,5.378259,3.315248,1.500000,-0.034649
1779543051.414473,0,1,0.341339,5.375881,3.313535,1.500000,-0.034649
1779543051.424944,0,1,0.326526,5.373520,3.311981,1.500000,-0.034236
1779543051.434980,0,1,0.311706,5.371201,3.310242,1.500000,-0.034236
1779543051.444755,0,1,0.296884,5.368897,3.308674,1.500000,-0.034236
1779543051.454642,0,1,0.282056,5.366633,3.306927,1.500000,-0.035651
1779543051.464784,0,1,0.267226,5.364382,3.305354,1.500000,-0.035651
1779543051.474587,0,1,0.252390,5.362169,3.303604,1.500000,-0.035651
1779543051.484466,0,1,0.237552,5.359969,3.302029,1.500000,-0.034106
1779543051.495090,0,1,0.222709,5.357807,3.300278,1.500000,-0.034106
1779543051.504563,0,1,0.207864,5.355657,3.298702,1.500000,-0.035436
1779543051.514488,0,1,0.193013,5.353546,3.296951,1.500000,-0.035436
1779543051.524472,0,1,0.178161,5.351446,3.295374,1.500000,-0.035436
1779543051.534560,0,1,0.163303,5.349384,3.293622,1.500000,-0.033083
1779543051.544326,0,1,0.148444,5.347333,3.292046,1.500000,-0.033083
1779543051.554542,0,1,0.133580,5.345321,3.290294,1.500000,-0.033083
1779543051.564458,0,1,0.118714,5.343320,3.288718,1.500000,-0.034766
1779543051.574725,0,1,0.103843,5.341357,3.286966,1.500000,-0.034766
1779543051.584578,0,1,0.088970,5.339406,3.285389,1.500000,-0.033159
1779543051.594758,0,1,0.074093,5.337493,3.283637,1.500000,-0.033159
1779543051.604830,0,1,0.059214,5.335591,3.282060,1.500000,-0.033159
1779543051.614615,0,1,0.044330,5.333727,3.280308,1.500000,-0.035308
1779543051.624373,0,1,0.029445,5.331875,3.278732,1.500000,-0.035308
1779543051.634890,0,1,0.014555,5.330061,3.276980,1.500000,-0.035308
1779543051.644836,0,1,-0.000336,5.328258,3.275403,1.500000,-0.033719
1779543051.654883,0,1,-0.015232,5.326493,3.273651,1.500000,-0.033719
1779543051.666822,0,1,-0.030129,5.324740,3.272074,1.500000,-0.033719
1779543051.674824,0,1,-0.045031,5.323025,3.270322,1.500000,-0.035727
1779543051.684424,0,1,-0.059934,5.321322,3.268746,1.500000,-0.035727
1779543051.694449,0,1,-0.074841,5.319657,3.266994,1.500000,-0.033441
1779543051.704751,0,1,-0.089750,5.318003,3.265417,1.500000,-0.033441
1779543051.714858,0,1,-0.104663,5.316387,3.263665,1.500000,-0.033441
1779543051.724792,0,1,-0.119576,5.314783,3.262088,1.500000,-0.031770
1779543051.734647,0,1,-0.134494,5.313217,3.260336,1.500000,-0.031770
1779543051.744676,0,1,-0.149414,5.311662,3.258760,1.500000,-0.029144
1779543051.754972,0,1,-0.164337,5.310146,3.257008,1.500000,-0.029144
1779543051.764832,0,1,-0.179261,5.308641,3.255431,1.500000,-0.029144
1779543051.774663,0,1,-0.194189,5.307174,3.253679,1.500000,-0.037721
1779543051.784864,0,1,-0.209119,5.305719,3.252102,1.500000,-0.037721
1779543051.795121,0,1,-0.224051,5.304302,3.250350,1.500000,-0.037721
1779543051.804791,0,1,-0.238985,5.302896,3.248774,1.500000,-0.040987
1779543051.814882,0,1,-0.253923,5.301529,3.247022,1.500000,-0.040987
1779543051.824762,0,1,-0.268862,5.300173,3.245445,1.500000,-0.040987
1779543051.834534,0,1,-0.283804,5.298855,3.243693,1.500000,-0.038990
1779543051.845067,0,1,-0.298747,5.297549,3.242116,1.500000,-0.038990
1779543051.854747,0,1,-0.313693,5.296282,3.240364,1.500000,-0.038990
1779543051.864517,0,1,-0.328640,5.295025,3.238788,1.500000,-0.043369
1779543051.875284,0,1,-0.343591,5.293807,3.237036,1.500000,-0.043369
1779543051.884515,0,1,-0.358542,5.292600,3.235459,1.500000,-0.041358
1779543051.894678,0,1,-0.373496,5.291432,3.233707,1.500000,-0.041358
1779543051.904709,0,1,-0.388452,5.290275,3.232130,1.500000,-0.041358
1779543051.914664,0,1,-0.403410,5.289157,3.230378,1.500000,-0.045539
1779543051.924892,0,1,-0.418369,5.288050,3.228802,1.500000,-0.045539
1779543051.934881,0,1,-0.433331,5.286981,3.227050,1.500000,-0.045539
1779543051.944526,0,1,-0.448294,5.285924,3.225473,1.500000,-0.045539
1779543051.954725,0,1,-0.463259,5.284905,3.223721,1.500000,-0.049331
1779543051.964845,0,1,-0.478225,5.283898,3.222144,1.500000,-0.049331
1779543051.974921,0,1,-0.493194,5.282929,3.220392,1.500000,-0.049331
1779543051.984459,0,1,-0.508163,5.281971,3.218816,1.500000,-0.048241
1779543051.994545,0,1,-0.523135,5.281052,3.217064,1.500000,-0.048241
1779543052.004938,0,1,-0.538108,5.280144,3.215487,1.500000,-0.048241
1779543052.014715,0,1,-0.553082,5.279275,3.213735,1.500000,-0.052536
1779543052.024763,0,1,-0.568058,5.278417,3.212158,1.500000,-0.052536
1779543052.034709,0,1,-0.583035,5.277597,3.210406,1.500000,-0.051528
1779543052.044812,0,1,-0.598014,5.276789,3.208830,1.500000,-0.051528
1779543052.054530,0,1,-0.612994,5.276019,3.207078,1.500000,-0.051528
1779543052.064790,0,1,-0.627975,5.275261,3.205501,1.500000,-0.050458
1779543052.074615,0,1,-0.642957,5.274541,3.203749,1.500000,-0.050458
1779543052.084281,0,1,-0.657941,5.273833,3.202172,1.500000,-0.048683
1779543052.094501,0,1,-0.672926,5.273163,3.200420,1.500000,-0.048683
1779543052.104561,0,1,-0.687911,5.272504,3.198844,1.500000,-0.046898
1779543052.115455,0,1,-0.702898,5.271884,3.197092,1.500000,-0.046898
1779543052.124560,0,1,-0.717886,5.271276,3.195515,1.500000,-0.046898
1779543052.134498,0,1,-0.732875,5.270706,3.193763,1.500000,-0.045576
1779543052.144443,0,1,-0.747865,5.270147,3.192186,1.500000,-0.045576
1779543052.154456,0,1,-0.762856,5.269627,3.190434,1.500000,-0.045576
1779543052.165026,0,1,-0.777847,5.269118,3.188858,1.500000,-0.043481
1779543052.174528,0,1,-0.792840,5.268648,3.187106,1.500000,-0.043481
1779543052.184504,0,1,-0.807833,5.268189,3.185529,1.500000,-0.044663
1779543052.195365,0,1,-0.822827,5.267768,3.183777,1.500000,-0.044663
1779543052.204975,0,1,-0.837821,5.267359,3.182200,1.500000,-0.044663
1779543052.215786,0,1,-0.852817,5.266989,3.180448,1.500000,-0.048060
1779543052.225803,0,1,-0.867812,5.266630,3.178872,1.500000,-0.048060
1779543052.235337,0,1,-0.882809,5.266309,3.177119,1.500000,-0.048060
1779543052.244768,0,1,-0.897806,5.266000,3.175543,1.500000,-0.050171
1779543052.254836,0,1,-0.912803,5.265729,3.173791,1.500000,-0.050171
1779543052.264590,0,1,-0.927801,5.265470,3.172214,1.500000,-0.050171
1779543052.274645,0,1,-0.942799,5.265249,3.170462,1.500000,-0.053261
1779543052.284727,0,1,-0.957798,5.265040,3.168886,1.500000,-0.053261
1779543052.295045,0,1,-0.972797,5.264881,3.166995,1.500000,-0.053261
1779543052.304664,0,1,-0.987797,5.264779,3.164861,1.500000,-0.057207
1779543052.315380,0,1,-1.002797,5.264725,3.162607,1.500000,-0.057207
1779543052.324477,0,1,-1.017797,5.264729,3.160156,1.500000,-0.057207
1779543052.334654,0,1,-1.032796,5.264819,3.157255,1.500000,-0.060011
1779543052.345729,0,1,-1.047796,5.264960,3.154395,1.500000,-0.060011
1779543052.354723,0,1,-1.062794,5.265174,3.151293,1.500000,-0.060011
1779543052.364696,0,1,-1.077792,5.265429,3.148331,1.500000,-0.170611
1779543052.375099,0,1,-1.092788,5.265750,3.145176,1.500000,-0.170611
1779543052.384699,0,1,-1.107784,5.266107,3.142187,1.500000,-0.170611
1779543052.394874,0,1,-1.122727,5.266552,3.138716,1.447242,-0.255023
1779543052.404783,0,1,-1.137574,5.267145,3.134275,1.447242,-0.255023
1779543052.415972,0,1,-1.152290,5.267930,3.128613,1.395847,-0.337256
1779543052.424499,0,1,-1.166843,5.268944,3.121641,1.395847,-0.337256
1779543052.435580,0,1,-1.181255,5.270218,3.113369,1.395847,-0.337256
1779543052.444580,0,1,-1.195489,5.271773,3.103740,1.339814,-0.420000
1779543052.454620,0,1,-1.209510,5.273626,3.092785,1.339814,-0.420000
1779543052.464550,0,1,-1.223342,5.275799,3.080589,1.339814,-0.420000
1779543052.474970,0,1,-1.236952,5.278300,3.067118,1.289638,-0.420000
1779543052.484690,0,1,-1.250313,5.281140,3.052424,1.289638,-0.420000
1779543052.494731,0,1,-1.263397,5.284313,3.036611,1.235879,-0.420000
1779543052.504545,0,1,-1.276188,5.287783,3.020150,1.235879,-0.420000
1779543052.514714,0,1,-1.288739,5.291474,3.003996,1.235879,-0.420000
1779543052.524751,0,1,-1.301030,5.295390,2.987672,1.188052,-0.420000
1779543052.535471,0,1,-1.313046,5.299520,2.971180,1.188052,-0.420000
1779543052.545534,0,1,-1.324796,5.303794,2.955146,1.139903,-0.420000
1779543052.554689,0,1,-1.336267,5.308215,2.939260,1.139903,-0.420000
1779543052.565376,0,1,-1.347509,5.312751,2.923937,1.139903,-0.420000
1779543052.574508,0,1,-1.358500,5.317408,2.908746,1.089116,-0.420000
1779543052.584738,0,1,-1.369242,5.322140,2.894083,1.089116,-0.420000
1779543052.594533,0,1,-1.379752,5.326994,2.879400,1.089116,-0.420000
1779543052.605007,0,1,-1.390007,5.331966,2.864583,1.035892,-0.420000
1779543052.615105,0,1,-1.400012,5.336996,2.850263,1.035892,-0.420000
1779543052.624789,0,1,-1.409746,5.342088,2.836063,0.979883,-0.420000
1779543052.634914,0,1,-1.419215,5.347198,2.822418,0.979883,-0.420000
1779543052.644536,0,1,-1.428446,5.352363,2.808952,0.979883,-0.420000
1779543052.654644,0,1,-1.437443,5.357538,2.796001,0.928372,-0.420000
1779543052.664871,0,1,-1.446178,5.362750,2.783025,0.928372,-0.420000
1779543052.674831,0,1,-1.454678,5.368023,2.769997,0.928372,-0.420000
1779543052.685336,0,1,-1.462949,5.373295,2.757462,0.867998,-0.420000
1779543052.694510,0,1,-1.470965,5.378567,2.745066,0.867998,-0.420000
1779543052.706084,0,1,-1.478742,5.383801,2.733208,0.819859,-0.420000
1779543052.714766,0,1,-1.486264,5.389011,2.721513,0.819859,-0.420000
1779543052.724860,0,1,-1.493588,5.394189,2.710373,0.819859,-0.420000
1779543052.734739,0,1,-1.500678,5.399357,2.699174,0.767672,-0.407512
1779543052.744998,0,1,-1.507519,5.404510,2.687947,0.767672,-0.407512
1779543052.754601,0,1,-1.514162,5.409617,2.677272,0.750000,-0.394845
1779543052.764575,0,1,-1.520609,5.414703,2.666706,0.750000,-0.394845
1779543052.774758,0,1,-1.526907,5.419759,2.656625,0.750000,-0.394845
1779543052.784898,0,1,-1.533063,5.424816,2.646575,0.750000,-0.374481
1779543052.794878,0,1,-1.539113,5.429862,2.636931,0.750000,-0.374481
1779543052.805133,0,1,-1.545054,5.434925,2.627257,0.750000,-0.374481
1779543052.815289,0,1,-1.550932,5.439973,2.618159,0.750000,-0.356430
1779543052.824885,0,1,-1.556767,5.444998,2.609573,0.750000,-0.356430
1779543052.834985,0,1,-1.562535,5.450043,2.600892,0.750000,-0.356430
1779543052.844607,0,1,-1.568252,5.455098,2.592490,0.750000,-0.337579
1779543052.854821,0,1,-1.573902,5.460191,2.583915,0.750000,-0.337579
1779543052.864768,0,1,-1.579520,5.465289,2.575803,0.750000,-0.337579
1779543052.875151,0,1,-1.585123,5.470380,2.568133,0.750000,-0.322173
1779543052.884948,0,1,-1.590681,5.475499,2.560327,0.750000,-0.322173
1779543052.894874,0,1,-1.596208,5.480636,2.552770,0.750000,-0.322173
1779543052.905013,0,1,-1.601683,5.485816,2.545016,0.750000,-0.311775
1779543052.914848,0,1,-1.607125,5.491021,2.537489,0.750000,-0.311775
1779543052.925103,0,1,-1.612514,5.496272,2.529755,0.750000,-0.311775
1779543052.935038,0,1,-1.617885,5.501534,2.522458,0.750000,-0.291074
1779543052.945229,0,1,-1.623255,5.506793,2.515579,0.750000,-0.291074
1779543052.954730,0,1,-1.628591,5.512082,2.508552,0.750000,-0.279444
1779543052.964942,0,1,-1.633905,5.517390,2.501763,0.750000,-0.279444
1779543052.975201,0,1,-1.639174,5.522738,2.494769,0.750000,-0.279444
1779543052.985167,0,1,-1.644434,5.528094,2.488209,0.750000,-0.265877
1779543052.994619,0,1,-1.649698,5.533444,2.482065,0.750000,-0.265877
1779543053.004896,0,1,-1.654934,5.538821,2.475771,0.750000,-0.265877
1779543053.014518,0,1,-1.660152,5.544212,2.469713,0.750000,-0.253372
1779543053.025151,0,1,-1.665331,5.549641,2.463448,0.750000,-0.253372
1779543053.034927,0,1,-1.670505,5.555075,2.457617,0.750000,-0.245713
1779543053.044883,0,1,-1.675688,5.560499,2.452201,0.750000,-0.245713
1779543053.054567,0,1,-1.680846,5.565945,2.446633,0.750000,-0.245713
1779543053.065188,0,1,-1.685991,5.571404,2.441300,0.750000,-0.234956
1779543053.074594,0,1,-1.691100,5.576895,2.435761,0.750000,-0.234956
1779543053.084897,0,1,-1.696192,5.582404,2.430440,0.750000,-0.234956
1779543053.094706,0,1,-1.701244,5.587948,2.424905,0.750000,-0.225083
1779543053.105075,0,1,-1.706276,5.593509,2.419586,0.750000,-0.225083
1779543053.114866,0,1,-1.711269,5.599107,2.414053,0.750000,-0.225083
1779543053.125391,0,1,-1.716241,5.604722,2.408734,0.750000,-0.114620
1779543053.134959,0,1,-1.721172,5.610374,2.403201,0.750000,-0.114620
1779543053.144502,0,1,-1.726100,5.616028,2.398098,0.750000,-0.114620
1779543053.154820,0,1,-1.731059,5.621655,2.393623,0.750000,-0.032535
1779543053.165023,0,1,-1.736066,5.627238,2.389838,0.750000,-0.032535
1779543053.174635,0,1,-1.741134,5.632768,2.386763,0.750000,-0.020820
1779543053.184949,0,1,-1.746268,5.638235,2.384407,0.750000,-0.020820
1779543053.195264,0,1,-1.751474,5.643634,2.382772,0.750000,-0.020820
1779543053.204793,0,1,-1.756756,5.648958,2.381859,0.750000,-0.014464
1779543053.214952,0,1,-1.762101,5.654220,2.381454,0.750000,-0.014464
1779543053.224763,0,1,-1.767462,5.659465,2.380929,0.750000,-0.014464
1779543053.234928,0,1,-1.772844,5.664688,2.380652,0.750000,-0.013864
1779543053.244945,0,1,-1.778222,5.669915,2.380173,0.750000,-0.013864
1779543053.254595,0,1,-1.783611,5.675131,2.379914,0.750000,-0.015589
1779543053.264891,0,1,-1.788991,5.680357,2.379443,0.750000,-0.015589
1779543053.274884,0,1,-1.794379,5.685575,2.379187,0.750000,-0.015589
1779543053.284798,0,1,-1.799756,5.690803,2.378718,0.750000,-0.021297
1779543053.294714,0,1,-1.805140,5.696024,2.378463,0.750000,-0.021297
1779543053.304667,0,1,-1.810514,5.701256,2.377994,0.750000,-0.021297
1779543053.314827,0,1,-1.815895,5.706480,2.377740,0.750000,-0.026561
1779543053.325019,0,1,-1.821265,5.711716,2.377271,0.750000,-0.026561
1779543053.334901,0,1,-1.826642,5.716945,2.377016,0.750000,-0.029674
1779543053.344839,0,1,-1.832008,5.722184,2.376547,0.750000,-0.029674
1779543053.355375,0,1,-1.837382,5.727416,2.376293,0.750000,-0.033811
1779543053.365168,0,1,-1.842744,5.732660,2.375824,0.750000,-0.033811
1779543053.374936,0,1,-1.848114,5.737896,2.375569,0.750000,-0.033811
1779543053.385097,0,1,-1.853456,5.743160,2.374885,0.750000,-0.037827
1779543053.394367,0,1,-1.858756,5.748467,2.373788,0.750000,-0.037827
1779543053.404583,0,1,-1.864045,5.753784,2.372844,0.750000,-0.059262
1779543053.415278,0,1,-1.869312,5.759124,2.371664,0.750000,-0.059262
1779543053.424459,0,1,-1.874579,5.764463,2.370692,0.750000,-0.059262
1779543053.434756,0,1,-1.879829,5.769819,2.369502,0.750000,-0.063628
1779543053.445090,0,1,-1.885082,5.775172,2.368525,0.750000,-0.063628
1779543053.455259,0,1,-1.890319,5.780541,2.367333,0.750000,-0.063628
1779543053.465139,0,1,-1.895559,5.785907,2.366356,0.750000,-0.078499
1779543053.474899,0,1,-1.900784,5.791287,2.365163,0.750000,-0.078499
1779543053.484866,0,1,-1.906013,5.796664,2.364186,0.750000,-0.082216
1779543053.494808,0,1,-1.911209,5.802072,2.362778,0.750000,-0.082216
1779543053.504555,0,1,-1.916358,5.807525,2.360957,0.750000,-0.082216
1779543053.515224,0,1,-1.921492,5.812993,2.359290,0.750000,-0.086655
1779543053.524804,0,1,-1.926599,5.818485,2.357387,0.750000,-0.086655
1779543053.535005,0,1,-1.931703,5.823981,2.355691,0.750000,-0.088312
1779543053.544969,0,1,-1.936785,5.829497,2.353778,0.750000,-0.088312
1779543053.554573,0,1,-1.941865,5.835014,2.352077,0.750000,-0.088312
1779543053.564945,0,1,-1.946926,5.840549,2.350162,0.750000,-0.091201
1779543053.574989,0,1,-1.951986,5.846085,2.348461,0.750000,-0.091201
1779543053.584899,0,1,-1.957026,5.851639,2.346546,0.750000,-0.091201
1779543053.594576,0,1,-1.962066,5.857193,2.344844,0.750000,-0.092961
1779543053.605802,0,1,-1.967085,5.862766,2.342929,0.750000,-0.092961
1779543053.615077,0,1,-1.972105,5.868338,2.341227,0.750000,-0.092961
1779543053.624882,0,1,-1.977105,5.873929,2.339312,0.750000,-0.093763
1779543053.635034,0,1,-1.982104,5.879519,2.337610,0.750000,-0.093763
1779543053.645033,0,1,-1.987084,5.885128,2.335695,0.750000,-0.095097
1779543053.654929,0,1,-1.992063,5.890737,2.333993,0.750000,-0.095097
1779543053.665093,0,1,-1.997022,5.896363,2.332078,0.750000,-0.095097
1779543053.675129,0,1,-2.001981,5.901990,2.330376,0.750000,-0.096140
1779543053.685103,0,1,-2.006919,5.907634,2.328461,0.750000,-0.096140
1779543053.696635,0,1,-2.011858,5.913279,2.326759,0.750000,-0.097664
1779543053.704630,0,1,-2.016759,5.918956,2.324629,0.750000,-0.097664
1779543053.715002,0,1,-2.021605,5.924680,2.322085,0.750000,-0.106872
1779543053.724665,0,1,-2.026432,5.930420,2.319693,0.750000,-0.106872
1779543053.735242,0,1,-2.031226,5.936188,2.317067,0.750000,-0.106872
1779543053.744766,0,1,-2.036013,5.941962,2.314648,0.750000,-0.106872
1779543053.754931,0,1,-2.040772,5.947758,2.312011,0.750000,-0.127103
1779543053.764938,0,1,-2.045526,5.953559,2.309587,0.750000,-0.127103
1779543053.774516,0,1,-2.050255,5.959380,2.306949,0.750000,-0.126285
1779543053.784665,0,1,-2.054979,5.965206,2.304524,0.750000,-0.126285
1779543053.794586,0,1,-2.059677,5.971051,2.301886,0.750000,-0.126285
1779543053.804778,0,1,-2.064372,5.976901,2.299461,0.750000,-0.126646
1779543053.815095,0,1,-2.069041,5.982770,2.296822,0.750000,-0.126646
1779543053.825200,0,1,-2.073705,5.988643,2.294397,0.750000,-0.126646
1779543053.834914,0,1,-2.078344,5.994536,2.291758,0.750000,-0.126639
1779543053.845020,0,1,-2.082979,6.000433,2.289333,0.750000,-0.126639
1779543053.855088,0,1,-2.087588,6.006349,2.286694,0.750000,-0.126160
1779543053.864617,0,1,-2.092193,6.012269,2.284270,0.750000,-0.126160
1779543053.874671,0,1,-2.096772,6.018209,2.281630,0.750000,-0.126160
1779543053.885078,0,1,-2.101347,6.024152,2.279206,0.750000,-0.125740
1779543053.895206,0,1,-2.105896,6.030115,2.276567,0.750000,-0.125740
1779543053.905181,0,1,-2.110441,6.036082,2.274142,0.750000,-0.125740
1779543053.916645,0,1,-2.114959,6.042067,2.271503,0.750000,-0.124981
1779543053.925317,0,1,-2.119474,6.048057,2.269078,0.750000,-0.124981
1779543053.934918,0,1,-2.123962,6.054065,2.266439,0.750000,-0.124981
1779543053.945332,0,1,-2.128446,6.060077,2.264014,0.750000,-0.124664
1779543053.955809,0,1,-2.132904,6.066109,2.261375,0.750000,-0.124664
1779543053.964553,0,1,-2.137357,6.072143,2.258951,0.750000,-0.123670
1779543053.974721,0,1,-2.141785,6.078197,2.256312,0.750000,-0.123670
1779543053.984834,0,1,-2.146207,6.084254,2.253887,0.750000,-0.123670
1779543053.994465,0,1,-2.150604,6.090330,2.251248,0.750000,-0.124033
1779543054.005345,0,1,-2.154996,6.096410,2.248823,0.750000,-0.124033
1779543054.015300,0,1,-2.159362,6.102508,2.246184,0.750000,-0.114693
1779543054.024807,0,1,-2.163723,6.108610,2.243759,0.750000,-0.114693
1779543054.034498,0,1,-2.168058,6.114730,2.241120,0.750000,-0.114693
1779543054.044957,0,1,-2.172388,6.120854,2.238696,0.750000,-0.100501
1779543054.054727,0,1,-2.176692,6.126996,2.236056,0.750000,-0.100501
1779543054.064812,0,1,-2.180991,6.133141,2.233632,0.750000,-0.100501
1779543054.074949,0,1,-2.185264,6.139305,2.230993,0.750000,-0.086922
1779543054.084551,0,1,-2.189532,6.145472,2.228568,0.750000,-0.086922
1779543054.094974,0,1,-2.193773,6.151658,2.225929,0.750000,-0.076730
1779543054.104990,0,1,-2.198029,6.157834,2.223719,0.750000,-0.076730
1779543054.115050,0,1,-2.202317,6.163987,2.221923,0.750000,-0.076730
1779543054.124878,0,1,-2.206599,6.170144,2.219974,0.750000,-0.067189
1779543054.134778,0,1,-2.210889,6.176296,2.218260,0.750000,-0.067189
1779543054.144452,0,1,-2.215161,6.182461,2.216339,0.750000,-0.052375
1779543054.154655,0,1,-2.219435,6.188624,2.214635,0.750000,-0.052375
1779543054.164989,0,1,-2.223687,6.194802,2.212718,0.750000,-0.052375
1779543054.174843,0,1,-2.227959,6.200966,2.211232,0.750000,-0.084472
1779543054.184632,0,1,-2.232268,6.207105,2.210158,0.750000,-0.084472
1779543054.194972,0,1,-2.236557,6.213258,2.208717,0.750000,-0.077802
1779543054.204920,0,1,-2.240799,6.219443,2.206884,0.750000,-0.077802
1779543054.214722,0,1,-2.245029,6.225636,2.205210,0.750000,-0.072718
1779543054.225086,0,1,-2.249231,6.231848,2.203305,0.750000,-0.072718
1779543054.234594,0,1,-2.253429,6.238063,2.201608,0.750000,-0.072718
1779543054.244713,0,1,-2.257604,6.244294,2.199694,0.750000,-0.064730
1779543054.255019,0,1,-2.261777,6.250525,2.197994,0.750000,-0.064730
1779543054.265161,0,1,-2.265928,6.256772,2.196079,0.750000,-0.064730
1779543054.275710,0,1,-2.270079,6.263019,2.194377,0.750000,-0.056272
1779543054.284741,0,1,-2.274206,6.269281,2.192462,0.750000,-0.056272
1779543054.294738,0,1,-2.278353,6.275530,2.190976,0.750000,-0.056272
1779543054.304495,0,1,-2.282537,6.281755,2.189903,0.750000,-0.049795
1779543054.315165,0,1,-2.286719,6.287980,2.188677,0.750000,-0.049795
1779543054.324489,0,1,-2.290914,6.294197,2.187686,0.750000,-0.040343
1779543054.334972,0,1,-2.295095,6.300424,2.186489,0.750000,-0.040343
1779543054.345035,0,1,-2.299283,6.306646,2.185508,0.750000,-0.034061
1779543054.355279,0,1,-2.303454,6.312879,2.184315,0.750000,-0.034061
1779543054.365022,0,1,-2.307630,6.319109,2.183337,0.750000,-0.034061
1779543054.374729,0,1,-2.311788,6.325351,2.182144,0.750000,-0.026313
1779543054.384630,0,1,-2.315950,6.331590,2.181166,0.750000,-0.026313
1779543054.394597,0,1,-2.320095,6.337840,2.179974,0.750000,-0.026313
1779543054.404693,0,1,-2.324263,6.344075,2.179211,0.750000,-0.016923
1779543054.414883,0,1,-2.328473,6.350283,2.178861,0.750000,-0.016923
1779543054.424712,0,1,-2.332686,6.356488,2.178359,0.750000,-0.006348
1779543054.434948,0,1,-2.336915,6.362681,2.178092,0.750000,-0.006348
1779543054.444738,0,1,-2.341136,6.368881,2.177617,0.750000,0.000521
1779543054.454708,0,1,-2.345368,6.375073,2.177361,0.750000,0.000521
1779543054.464959,0,1,-2.349587,6.381274,2.176891,0.750000,0.006966
1779543054.474832,0,1,-2.353834,6.387455,2.176851,0.750000,0.006966
1779543054.485103,0,1,-2.358128,6.393605,2.177224,0.750000,0.006966
1779543054.494467,0,1,-2.362428,6.399749,2.177445,0.750000,0.015223
1779543054.504709,0,1,-2.366751,6.405878,2.177901,0.750000,0.015223
1779543054.516736,0,1,-2.371068,6.412011,2.178150,0.750000,0.021266
1779543054.524489,0,1,-2.375401,6.418132,2.178617,0.750000,0.021266
1779543054.534824,0,1,-2.379726,6.424260,2.178870,0.750000,0.026105
1779543054.544512,0,1,-2.384065,6.430377,2.179338,0.750000,0.026105
1779543054.554762,0,1,-2.388395,6.436501,2.179593,0.750000,0.026105
1779543054.564466,0,1,-2.392739,6.442615,2.180061,0.750000,0.033029
1779543054.575727,0,1,-2.397074,6.448735,2.180316,0.750000,0.033029
1779543054.584819,0,1,-2.401441,6.454833,2.181000,0.750000,0.038332
1779543054.595170,0,1,-2.405857,6.460895,2.182097,0.750000,0.038332
1779543054.604738,0,1,-2.410285,6.466948,2.183042,0.750000,0.042469
1779543054.614836,0,1,-2.414738,6.472983,2.184221,0.750000,0.042469
1779543054.624678,0,1,-2.419191,6.479018,2.185194,0.750000,0.047483
1779543054.634696,0,1,-2.423664,6.485038,2.186384,0.750000,0.047483
1779543054.644623,0,1,-2.428133,6.491062,2.187360,0.750000,0.047483
1779543054.654397,0,1,-2.432620,6.497071,2.188552,0.750000,-0.001701
1779543054.664960,0,1,-2.437103,6.503084,2.189530,0.750000,-0.001701
1779543054.674863,0,1,-2.441603,6.509084,2.190722,0.750000,-0.001701
1779543054.685350,0,1,-2.446081,6.515100,2.191485,0.750000,0.001154
1779543054.694954,0,1,-2.450500,6.521160,2.191619,0.750000,0.001154
1779543054.704762,0,1,-2.454858,6.527264,2.191278,0.750000,0.004815
1779543054.714414,0,1,-2.459219,6.533365,2.191285,0.750000,0.004815
1779543054.725345,0,1,-2.463614,6.539443,2.191677,0.750000,0.021852
1779543054.734854,0,1,-2.468009,6.545520,2.191906,0.750000,0.021852
1779543054.744521,0,1,-2.472423,6.551584,2.192366,0.750000,0.034025
1779543054.755087,0,1,-2.476830,6.557652,2.192617,0.750000,0.034025
1779543054.764619,0,1,-2.481270,6.563697,2.193299,0.750000,0.034025
1779543054.775115,0,1,-2.485760,6.569704,2.194396,0.750000,0.053744
1779543054.785052,0,1,-2.490262,6.575703,2.195340,0.750000,0.053744
1779543054.794971,0,1,-2.494789,6.581683,2.196519,0.750000,0.067163
1779543054.804523,0,1,-2.499316,6.587662,2.197492,0.750000,0.067163
1779543054.814981,0,1,-2.503880,6.593614,2.198897,0.750000,0.079485
1779543054.824595,0,1,-2.508498,6.599524,2.200716,0.750000,0.079485
1779543054.834506,0,1,-2.513131,6.605421,2.202383,0.750000,0.091165
1779543054.844767,0,1,-2.517794,6.611295,2.204286,0.750000,0.091165
1779543054.854595,0,1,-2.522462,6.617166,2.205982,0.750000,0.091165
1779543054.864514,0,1,-2.527152,6.623018,2.207895,0.750000,0.103182
1779543054.875013,0,1,-2.531843,6.628870,2.209595,0.750000,0.103182
1779543054.884764,0,1,-2.536574,6.634689,2.211725,0.750000,0.119000
1779543054.894552,0,1,-2.541361,6.640463,2.214269,0.750000,0.119000
1779543054.904571,0,1,-2.546167,6.646221,2.216660,0.750000,0.129449
1779543054.915095,0,1,-2.551005,6.651952,2.219287,0.750000,0.129449
1779543054.925337,0,1,-2.555852,6.657675,2.221706,0.750000,0.129449
1779543054.934760,0,1,-2.560743,6.663361,2.224558,0.750000,0.144690
1779543054.944597,0,1,-2.565692,6.668996,2.227824,0.750000,0.144690
1779543054.954921,0,1,-2.570666,6.674610,2.230938,0.750000,0.154198
1779543054.964924,0,1,-2.575675,6.680192,2.234287,0.750000,0.154198
1779543054.975390,0,1,-2.580696,6.685763,2.237430,0.750000,0.163161
1779543054.985276,0,1,-2.585747,6.691307,2.240790,0.750000,0.163161
1779543054.994333,0,1,-2.590808,6.696842,2.243937,0.750000,0.163161
1779543055.004501,0,1,-2.595913,6.702336,2.247514,0.750000,0.167938
1779543055.014736,0,1,-2.601079,6.707774,2.251505,0.750000,0.167938
1779543055.025109,0,1,-2.606271,6.713186,2.255343,0.750000,0.177120
1779543055.034909,0,1,-2.611502,6.718561,2.259416,0.750000,0.177120
1779543055.045399,0,1,-2.616747,6.723921,2.263282,0.750000,0.183655
1779543055.054332,0,1,-2.622026,6.729249,2.267365,0.750000,0.183655
1779543055.064935,0,1,-2.627317,6.734565,2.271236,0.750000,0.183655
1779543055.074343,0,1,-2.632639,6.739849,2.275321,0.750000,0.190675
1779543055.084857,0,1,-2.637972,6.745122,2.279192,0.750000,0.190675
1779543055.094898,0,1,-2.643337,6.750364,2.283278,0.750000,0.196178
1779543055.105008,0,1,-2.648712,6.755594,2.287149,0.750000,0.196178
1779543055.114917,0,1,-2.654134,6.760776,2.291450,0.750000,0.200438
1779543055.124857,0,1,-2.659616,6.765894,2.296165,0.750000,0.200438
1779543055.134569,0,1,-2.665127,6.770982,2.300726,0.750000,0.200438
1779543055.144629,0,1,-2.670677,6.776026,2.305522,0.750000,0.207341
1779543055.154511,0,1,-2.676245,6.781051,2.310112,0.750000,0.207341
1779543055.164985,0,1,-2.681847,6.786037,2.314919,0.750000,0.207341
1779543055.174551,0,1,-2.687464,6.791006,2.319513,0.750000,0.211600
1779543055.185007,0,1,-2.693115,6.795938,2.324321,0.750000,0.211600
1779543055.194769,0,1,-2.698779,6.800854,2.328916,0.750000,0.158819
1779543055.205232,0,1,-2.704476,6.805732,2.333725,0.750000,0.158819
1779543055.214423,0,1,-2.710172,6.810612,2.338105,0.750000,0.158819
1779543055.225426,0,1,-2.715838,6.815525,2.341856,0.750000,0.152438
1779543055.234491,0,1,-2.721472,6.820476,2.345133,0.750000,0.152438
1779543055.245356,0,1,-2.727112,6.825419,2.348541,0.750000,0.147891
1779543055.254819,0,1,-2.732749,6.830366,2.351708,0.750000,0.147891
1779543055.265040,0,1,-2.738406,6.835290,2.355078,0.750000,0.142809
1779543055.274601,0,1,-2.744068,6.840209,2.358230,0.750000,0.142809
1779543055.284909,0,1,-2.749754,6.845100,2.361594,0.750000,0.142809
1779543055.295084,0,1,-2.755445,6.849984,2.364743,0.750000,0.138123
1779543055.304505,0,1,-2.761162,6.854839,2.368105,0.750000,0.138123
1779543055.315257,0,1,-2.766885,6.859687,2.371254,0.750000,0.135894
1779543055.324841,0,1,-2.772632,6.864505,2.374616,0.750000,0.135894
1779543055.334683,0,1,-2.778387,6.869315,2.377765,0.750000,0.132648
1779543055.344980,0,1,-2.784166,6.874096,2.381127,0.750000,0.132648
1779543055.354847,0,1,-2.789951,6.878868,2.384275,0.750000,0.132648
1779543055.364712,0,1,-2.795761,6.883611,2.387638,0.750000,0.130118
1779543055.374828,0,1,-2.801578,6.888346,2.390786,0.750000,0.130118
1779543055.384583,0,1,-2.807418,6.893051,2.394148,0.750000,0.126531
1779543055.395014,0,1,-2.813265,6.897748,2.397296,0.750000,0.126531
1779543055.404825,0,1,-2.819136,6.902415,2.400659,0.750000,0.120619
1779543055.414436,0,1,-2.825000,6.907091,2.403592,0.750000,0.120619
1779543055.424296,0,1,-2.830842,6.911794,2.406111,0.750000,0.117468
1779543055.434769,0,1,-2.836693,6.916487,2.408784,0.750000,0.117468
1779543055.444969,0,1,-2.842540,6.921183,2.411221,0.750000,0.117468
1779543055.454940,0,1,-2.848405,6.925858,2.413866,0.750000,0.111329
1779543055.464677,0,1,-2.854272,6.930531,2.416293,0.750000,0.111329
1779543055.474938,0,1,-2.860158,6.935179,2.418933,0.750000,0.108538
1779543055.484793,0,1,-2.866047,6.939823,2.421358,0.750000,0.108538
1779543055.494427,0,1,-2.871956,6.944442,2.423998,0.750000,0.105688
1779543055.504736,0,1,-2.877868,6.949057,2.426423,0.750000,0.105688
1779543055.514838,0,1,-2.883800,6.953646,2.429062,0.750000,0.105688
1779543055.525093,0,1,-2.889735,6.958231,2.431487,0.750000,0.103224
1779543055.534816,0,1,-2.895691,6.962790,2.434126,0.750000,0.103224
1779543055.544940,0,1,-2.901649,6.967344,2.436550,0.750000,0.013494
1779543055.554569,0,1,-2.907627,6.971873,2.439189,0.750000,0.013494
1779543055.565022,0,1,-2.913595,6.976416,2.441399,0.750000,0.013494
1779543055.574867,0,1,-2.919525,6.981008,2.442980,0.750000,-0.003108
1779543055.584699,0,1,-2.925401,6.985669,2.443871,0.750000,-0.003108
1779543055.594637,0,1,-2.931212,6.990409,2.444052,0.750000,-0.005317
1779543055.604743,0,1,-2.936967,6.995220,2.443730,0.750000,-0.005317
1779543055.614379,0,1,-2.942704,7.000050,2.443529,0.750000,-0.007531
1779543055.624492,0,1,-2.948419,7.004907,2.443082,0.750000,-0.007531
1779543055.634769,0,1,-2.954135,7.009763,2.442837,0.750000,-0.007531
1779543055.644561,0,1,-2.959837,7.014635,2.442372,0.750000,-0.007832
1779543055.655173,0,1,-2.965544,7.019500,2.442120,0.750000,-0.007832
1779543055.664927,0,1,-2.971241,7.024379,2.441652,0.750000,-0.004856
1779543055.674596,0,1,-2.976944,7.029250,2.441398,0.750000,-0.004856
1779543055.684723,0,1,-2.982636,7.034133,2.440929,0.750000,-0.002435
1779543055.694915,0,1,-2.988335,7.039009,2.440675,0.750000,-0.002435
1779543055.704681,0,1,-2.994024,7.043897,2.440206,0.750000,0.000083
1779543055.715515,0,1,-2.999719,7.048776,2.439952,0.750000,0.000083
1779543055.724710,0,1,-3.005404,7.053668,2.439483,0.750000,0.000083
1779543055.734757,0,1,-3.011104,7.058543,2.439336,0.750000,0.003811
1779543055.744330,0,1,-3.016816,7.063403,2.439288,0.750000,0.003811
1779543055.754761,0,1,-3.022542,7.068247,2.439379,0.750000,0.006336
1779543055.764654,0,1,-3.028294,7.073060,2.439794,0.750000,0.006336
1779543055.774417,0,1,-3.034047,7.077871,2.440029,0.750000,0.008812
1779543055.784302,0,1,-3.039815,7.082665,2.440491,0.750000,0.008812
1779543055.795130,0,1,-3.045578,7.087466,2.440742,0.750000,0.008812
1779543055.804848,0,1,-3.051352,7.092252,2.441209,0.750000,0.011712
1779543055.814694,0,1,-3.057120,7.097046,2.441463,0.750000,0.011712
1779543055.825075,0,1,-3.062898,7.101827,2.441932,0.750000,0.011712
1779543055.835072,0,1,-3.068669,7.106617,2.442186,0.750000,0.021734
1779543055.844662,0,1,-3.074451,7.111394,2.442655,0.750000,0.021734
1779543055.854932,0,1,-3.080226,7.116179,2.442909,0.750000,0.021734
1779543055.864435,0,1,-3.086012,7.120952,2.443378,0.750000,0.020841
1779543055.874679,0,1,-3.091790,7.125733,2.443633,0.750000,0.020841
1779543055.884584,0,1,-3.097579,7.130501,2.444102,0.750000,0.020304
1779543055.894658,0,1,-3.103361,7.135278,2.444356,0.750000,0.020304
1779543055.904972,0,1,-3.109154,7.140042,2.444825,0.750000,0.020304
1779543055.916506,0,1,-3.114939,7.144815,2.445079,0.750000,0.019058
1779543055.924973,0,1,-3.120735,7.149575,2.445548,0.750000,0.019058
1779543055.934780,0,1,-3.126524,7.154343,2.445803,0.750000,0.018400
1779543055.944920,0,1,-3.132323,7.159099,2.446272,0.750000,0.018400
1779543055.954788,0,1,-3.138116,7.163863,2.446526,0.750000,0.018400
1779543055.964789,0,1,-3.143918,7.168615,2.446995,0.750000,0.017424
1779543055.974771,0,1,-3.149714,7.173375,2.447250,0.750000,0.017424
1779543055.984897,0,1,-3.155520,7.178123,2.447719,0.750000,0.017424
1779543055.994841,0,1,-3.161320,7.182878,2.447973,0.750000,0.016318
1779543056.004868,0,1,-3.167129,7.187622,2.448442,0.750000,0.016318
1779543056.015039,0,1,-3.172932,7.192373,2.448696,0.750000,0.015590
1779543056.024750,0,1,-3.178745,7.197112,2.449165,0.750000,0.015590
1779543056.034927,0,1,-3.184551,7.201860,2.449420,0.750000,0.015590
1779543056.044527,0,1,-3.190368,7.206595,2.449889,0.750000,0.014626
1779543056.054734,0,1,-3.196177,7.211338,2.450143,0.750000,0.014626
1779543056.065182,0,1,-3.201997,7.216069,2.450612,0.750000,0.013952
1779543056.074983,0,1,-3.207810,7.220808,2.450867,0.750000,0.013952
1779543056.084627,0,1,-3.213633,7.225534,2.451336,0.750000,0.013155
1779543056.094954,0,1,-3.219450,7.230269,2.451590,0.750000,0.013155
1779543056.104700,0,1,-3.225276,7.234991,2.452059,0.750000,0.013155
1779543056.114422,0,1,-3.231096,7.239722,2.452313,0.750000,0.033582
1779543056.124631,0,1,-3.236926,7.244440,2.452782,0.750000,0.033582
1779543056.134664,0,1,-3.242750,7.249166,2.453037,0.750000,0.032161
1779543056.144696,0,1,-3.248598,7.253862,2.453721,0.750000,0.032161
1779543056.154793,0,1,-3.254483,7.258511,2.454818,0.750000,0.030506
1779543056.164676,0,1,-3.260378,7.263148,2.455763,0.750000,0.030506
1779543056.174621,0,1,-3.266292,7.267760,2.456942,0.750000,0.028856
1779543056.184317,0,1,-3.272192,7.272391,2.457699,0.750000,0.028856
1779543056.194390,0,1,-3.278062,7.277058,2.458047,0.750000,0.027022
1779543056.204404,0,1,-3.283931,7.281728,2.458548,0.750000,0.027022
1779543056.214706,0,1,-3.289788,7.286413,2.458815,0.750000,0.024268
1779543056.224415,0,1,-3.295651,7.291090,2.459289,0.750000,0.024268
1779543056.234524,0,1,-3.301507,7.295776,2.459545,0.750000,0.021562
1779543056.244531,0,1,-3.307372,7.300451,2.460015,0.750000,0.021562
1779543056.254245,0,1,-3.313229,7.305135,2.460270,0.750000,0.019725
1779543056.264614,0,1,-3.319097,7.309806,2.460739,0.750000,0.019725
1779543056.274597,0,1,-3.324958,7.314486,2.460994,0.750000,0.017993
1779543056.284430,0,1,-3.330829,7.319153,2.461463,0.750000,0.017993
1779543056.294678,0,1,-3.336693,7.323829,2.461718,0.750000,0.016271
1779543056.304561,0,1,-3.342567,7.328492,2.462187,0.750000,0.016271
1779543056.314423,0,1,-3.348435,7.333163,2.462441,0.750000,0.014545
1779543056.324667,0,1,-3.354312,7.337822,2.462910,0.750000,0.014545
1779543056.334372,0,1,-3.360183,7.342489,2.463164,0.750000,0.012818
1779543056.344439,0,1,-3.366064,7.347144,2.463633,0.750000,0.012818
1779543056.354556,0,1,-3.371938,7.351807,2.463888,0.750000,0.011076
1779543056.364554,0,1,-3.377823,7.356457,2.464357,0.750000,0.011076
1779543056.374673,0,1,-3.383700,7.361115,2.464611,0.750000,0.009333
1779543056.384701,0,1,-3.389588,7.365761,2.465080,0.750000,0.009333
1779543056.394271,0,1,-3.395469,7.370416,2.465335,0.750000,0.007587
1779543056.404759,0,1,-3.401360,7.375058,2.465804,0.750000,0.007587
1779543056.414548,0,1,-3.407244,7.379708,2.466058,0.750000,0.036375
1779543056.424463,0,1,-3.413139,7.384345,2.466527,0.750000,0.036375
1779543056.434716,0,1,-3.419026,7.388991,2.466781,0.750000,0.036375
1779543056.444621,0,1,-3.424938,7.393606,2.467465,0.750000,0.036266
1779543056.454517,0,1,-3.430887,7.398173,2.468563,0.750000,0.036266
1779543056.464492,0,1,-3.436845,7.402729,2.469507,0.750000,0.036063
1779543056.474270,0,1,-3.442822,7.407259,2.470687,0.750000,0.036063
1779543056.484613,0,1,-3.448799,7.411790,2.471659,0.750000,0.036063
1779543056.494513,0,1,-3.454790,7.416302,2.472849,0.750000,0.034645
1779543056.504573,0,1,-3.460779,7.420817,2.473826,0.750000,0.034645
1779543056.514640,0,1,-3.466781,7.425313,2.475018,0.750000,0.031369
1779543056.525403,0,1,-3.472781,7.429815,2.475995,0.750000,0.031369
1779543056.534279,0,1,-3.478793,7.434298,2.477187,0.750000,0.031369
1779543056.544591,0,1,-3.484788,7.438804,2.477950,0.750000,0.027943
1779543056.554317,0,1,-3.490753,7.443350,2.478300,0.750000,0.027943
1779543056.564441,0,1,-3.496717,7.447899,2.478802,0.750000,0.024506
1779543056.574578,0,1,-3.502667,7.452464,2.479069,0.750000,0.024506
1779543056.584819,0,1,-3.508624,7.457021,2.479543,0.750000,0.021027
1779543056.594609,0,1,-3.514574,7.461588,2.479800,0.750000,0.021027
1779543056.604646,0,1,-3.520532,7.466142,2.480270,0.750000,0.016503
1779543056.614792,0,1,-3.526483,7.470707,2.480525,0.750000,0.016503
1779543056.624408,0,1,-3.532444,7.475258,2.480995,0.750000,0.014182
1779543056.634472,0,1,-3.538399,7.479818,2.481249,0.750000,0.014182
1779543056.644421,0,1,-3.544363,7.484365,2.481718,0.750000,0.011861
1779543056.654698,0,1,-3.550321,7.488921,2.481973,0.750000,0.011861
1779543056.664446,0,1,-3.556288,7.493464,2.482442,0.750000,0.008278
1779543056.674596,0,1,-3.562249,7.498016,2.482696,0.750000,0.008278
1779543056.685002,0,1,-3.568220,7.502555,2.483165,0.750000,0.008278
1779543056.694667,0,1,-3.574184,7.507102,2.483420,0.750000,0.005972
1779543056.704698,0,1,-3.580158,7.511637,2.483888,0.750000,0.005972
1779543056.714394,0,1,-3.586125,7.516180,2.484143,0.750000,0.003627
1779543056.725032,0,1,-3.592103,7.520710,2.484612,0.750000,0.003627
1779543056.734585,0,1,-3.598073,7.525249,2.484866,0.750000,0.001299
1779543056.744615,0,1,-3.604054,7.529774,2.485335,0.750000,0.001299
1779543056.754604,0,1,-3.610028,7.534309,2.485590,0.750000,0.001299
1779543056.765188,0,1,-3.616012,7.538830,2.486059,0.750000,0.021748
1779543056.774831,0,1,-3.621989,7.543360,2.486313,0.750000,0.021748
1779543056.784591,0,1,-3.627976,7.547877,2.486782,0.750000,0.021464
1779543056.794641,0,1,-3.633957,7.552403,2.487037,0.750000,0.021464
1779543056.804741,0,1,-3.639947,7.556916,2.487505,0.750000,0.021464
1779543056.814638,0,1,-3.645931,7.561437,2.487760,0.750000,0.020893
1779543056.824597,0,1,-3.651925,7.565946,2.488229,0.750000,0.020893
1779543056.834541,0,1,-3.657912,7.570463,2.488483,0.750000,0.018979
1779543056.844810,0,1,-3.663909,7.574967,2.488952,0.750000,0.018979
1779543056.854276,0,1,-3.669899,7.579480,2.489207,0.750000,0.017048
1779543056.864728,0,1,-3.675899,7.583979,2.489676,0.750000,0.017048
1779543056.874263,0,1,-3.681893,7.588488,2.489930,0.750000,0.017048
1779543056.884799,0,1,-3.687896,7.592983,2.490399,0.750000,0.014242
1779543056.894559,0,1,-3.693893,7.597487,2.490654,0.750000,0.014242
1779543056.904750,0,1,-3.699900,7.601978,2.491122,0.750000,0.011257
1779543056.914526,0,1,-3.705900,7.606478,2.491377,0.750000,0.011257
1779543056.924706,0,1,-3.711910,7.610965,2.491846,0.750000,0.011257
1779543056.934721,0,1,-3.717914,7.615460,2.492100,0.750000,0.009294
1779543056.944813,0,1,-3.723927,7.619943,2.492569,0.750000,0.009294
1779543056.954647,0,1,-3.729933,7.624434,2.492824,0.750000,0.009294
1779543056.965217,0,1,-3.735950,7.628912,2.493293,0.750000,0.007350
1779543056.974644,0,1,-3.741960,7.633399,2.493547,0.750000,0.007350
1779543056.984588,0,1,-3.747979,7.637872,2.494016,0.750000,0.004492
1779543056.994653,0,1,-3.753993,7.642355,2.494271,0.750000,0.004492
1779543057.004969,0,1,-3.760015,7.646824,2.494739,0.750000,0.004492
1779543057.014639,0,1,-3.766032,7.651302,2.494994,0.750000,0.001446
1779543057.024482,0,1,-3.772058,7.655767,2.495463,0.750000,0.001446
1779543057.034585,0,1,-3.778078,7.660241,2.495717,0.750000,0.001446
1779543057.046629,0,1,-3.784107,7.664701,2.496186,0.750000,0.007923
1779543057.054662,0,1,-3.790130,7.669171,2.496441,0.750000,0.007923
1779543057.064585,0,1,-3.796162,7.673627,2.496910,0.750000,0.007459
1779543057.074330,0,1,-3.802188,7.678092,2.497164,0.750000,0.007459
1779543057.085641,0,1,-3.808224,7.682544,2.497633,0.750000,0.006908
1779543057.094251,0,1,-3.814254,7.687004,2.497888,0.750000,0.006908
1779543057.104370,0,1,-3.820293,7.691452,2.498356,0.750000,0.006908
1779543057.114380,0,1,-3.826325,7.695908,2.498611,0.750000,0.005124
1779543057.124758,0,1,-3.832367,7.700351,2.499080,0.750000,0.005124
1779543057.134409,0,1,-3.838403,7.704803,2.499334,0.750000,0.003949
1779543057.144610,0,1,-3.844449,7.709242,2.499803,0.750000,0.003949
1779543057.154166,0,1,-3.850488,7.713689,2.500058,0.750000,0.002788
1779543057.164761,0,1,-3.856536,7.718124,2.500527,0.750000,0.002788
1779543057.174414,0,1,-3.862578,7.722567,2.500781,0.750000,0.002788
1779543057.184673,0,1,-3.868630,7.726997,2.501250,0.750000,0.001108
1779543057.194400,0,1,-3.874676,7.731436,2.501505,0.750000,0.001108
1779543057.204897,0,1,-3.880731,7.735861,2.501973,0.750000,-0.000101
1779543057.214264,0,1,-3.886779,7.740296,2.502228,0.750000,-0.000101
1779543057.224401,0,1,-3.892838,7.744717,2.502697,0.750000,-0.001292
1779543057.234434,0,1,-3.898876,7.749165,2.502736,0.750000,-0.001292
1779543057.244492,0,1,-3.904881,7.753658,2.502362,0.750000,-0.001999
1779543057.254429,0,1,-3.910881,7.758158,2.502141,0.750000,-0.001999
1779543057.264248,0,1,-3.916865,7.762679,2.501685,0.750000,-0.003640
1779543057.274426,0,1,-3.922853,7.767196,2.501436,0.750000,-0.003640
1779543057.284702,0,1,-3.928829,7.771727,2.500970,0.750000,-0.003640
1779543057.294611,0,1,-3.934811,7.776251,2.500716,0.750000,-0.004706
1779543057.304641,0,1,-3.940783,7.780788,2.500248,0.750000,-0.004706
1779543057.314598,0,1,-3.946762,7.785317,2.499994,0.750000,-0.004789
1779543057.324555,0,1,-3.952730,7.789859,2.499525,0.750000,-0.004789
1779543057.334415,0,1,-3.958705,7.794392,2.499270,0.750000,-0.004737
1779543057.344340,0,1,-3.964670,7.798938,2.498801,0.750000,-0.004737
1779543057.354529,0,1,-3.970641,7.803476,2.498547,0.750000,-0.004737
1779543057.365410,0,1,-3.976603,7.808027,2.498078,0.750000,-0.002740
1779543057.374553,0,1,-3.982571,7.812569,2.497824,0.750000,-0.002740
1779543057.384266,0,1,-3.988530,7.817124,2.497355,0.750000,-0.002740
1779543057.394201,0,1,-3.994495,7.821670,2.497100,0.750000,0.089936
1779543057.404792,0,1,-4.000450,7.826229,2.496631,0.750000,0.089936
1779543057.414701,0,1,-4.006429,7.830765,2.496591,0.771111,0.157493
1779543057.424583,0,1,-4.012463,7.835244,2.497178,0.771111,0.157493
1779543057.434536,0,1,-4.018570,7.839647,2.498454,0.792926,0.198429
1779543057.444407,0,1,-4.024762,7.843965,2.500443,0.792926,0.198429
1779543057.454239,0,1,-4.031041,7.848186,2.503158,0.792926,0.198429
1779543057.464649,0,1,-4.037416,7.852305,2.506603,0.817126,0.201159
1779543057.474597,0,1,-4.043892,7.856315,2.510788,0.817126,0.201159
1779543057.485387,0,1,-4.050463,7.860233,2.515502,0.846743,0.194943
1779543057.494751,0,1,-4.057100,7.864116,2.520131,0.846743,0.194943
1779543057.504591,0,1,-4.063805,7.867955,2.525029,0.846743,0.194943
1779543057.514634,0,1,-4.070562,7.871786,2.529757,0.870367,0.188370
1779543057.524881,0,1,-4.077385,7.875589,2.534724,0.870367,0.188370
1779543057.534269,0,1,-4.084252,7.879412,2.539299,0.891166,0.183425
1779543057.544497,0,1,-4.091153,7.883276,2.543480,0.891166,0.183425
1779543057.554584,0,1,-4.098113,7.887144,2.547819,0.917086,0.175535
1779543057.564625,0,1,-4.105128,7.891032,2.551960,0.917086,0.175535
1779543057.574496,0,1,-4.112211,7.894910,2.556323,0.917086,0.175535
1779543057.584529,0,1,-4.119352,7.898801,2.560507,0.937076,0.169883
1779543057.594604,0,1,-4.126567,7.902678,2.564921,0.937076,0.169883
1779543057.606242,0,1,-4.133846,7.906567,2.569164,0.961033,0.162865
1779543057.614693,0,1,-4.141204,7.910444,2.573637,0.961033,0.162865
1779543057.624611,0,1,-4.148633,7.914332,2.577946,0.985032,0.157873
1779543057.634410,0,1,-4.156146,7.918208,2.582486,0.985032,0.157873
1779543057.644922,0,1,-4.163718,7.922114,2.586641,0.985032,0.157873
1779543057.654635,0,1,-4.171342,7.926073,2.590379,1.012033,0.150109
1779543057.664797,0,1,-4.179040,7.930047,2.594255,1.012033,0.150109
1779543057.674607,0,1,-4.186807,7.934050,2.597936,1.037062,0.140928
1779543057.684945,0,1,-4.194661,7.938054,2.601828,1.037062,0.140928
1779543057.694727,0,1,-4.202588,7.942078,2.605554,1.037062,0.140928
1779543057.704570,0,1,-4.210602,7.946097,2.609500,1.061025,0.133414
1779543057.714582,0,1,-4.218696,7.950133,2.613286,1.061025,0.133414
1779543057.725262,0,1,-4.226881,7.954163,2.617294,1.081093,0.129084
1779543057.734289,0,1,-4.235148,7.958208,2.621145,1.081093,0.129084
1779543057.744643,0,1,-4.243509,7.962246,2.625218,1.105098,0.124349
1779543057.754535,0,1,-4.251957,7.966300,2.629138,1.105098,0.124349
1779543057.765244,0,1,-4.260502,7.970345,2.633279,1.125450,0.118682
1779543057.774582,0,1,-4.269125,7.974426,2.637036,1.125450,0.118682
1779543057.784675,0,1,-4.277811,7.978565,2.640338,1.125450,0.118682
1779543057.794685,0,1,-4.286580,7.982724,2.643743,1.150351,0.113472
1779543057.804947,0,1,-4.295427,7.986917,2.646947,1.150351,0.113472
1779543057.814611,0,1,-4.304369,7.991115,2.650344,1.177085,0.108259
1779543057.824810,0,1,-4.313398,7.995339,2.653577,1.177085,0.108259
1779543057.834462,0,1,-4.322523,7.999561,2.657017,1.177085,0.108259
1779543057.845689,0,1,-4.331734,8.003804,2.660300,1.201028,0.102183
1779543057.855715,0,1,-4.341045,8.008042,2.663792,1.201028,0.102183
1779543057.864812,0,1,-4.350442,8.012296,2.667130,1.201028,0.102183
1779543057.874734,0,1,-4.359938,8.016544,2.670675,1.230591,0.092553
1779543057.884853,0,1,-4.369525,8.020809,2.674069,1.230591,0.092553
1779543057.894619,0,1,-4.379216,8.025066,2.677671,1.257068,0.088597
1779543057.904888,0,1,-4.388994,8.029362,2.680881,1.257068,0.088597
1779543057.914737,0,1,-4.398843,8.033721,2.683592,1.257068,0.088597
1779543057.925544,0,1,-4.408774,8.038103,2.686366,1.257068,0.088597
1779543057.934709,0,1,-4.418786,8.042523,2.688925,1.285113,0.081617
1779543057.944748,0,1,-4.428892,8.046952,2.691656,1.285113,0.081617
1779543057.954710,0,1,-4.439082,8.051407,2.694216,1.285113,0.081617
1779543057.965086,0,1,-4.449368,8.055864,2.696968,1.317148,0.075176
1779543057.975052,0,1,-4.459746,8.060346,2.699559,1.317148,0.075176
1779543057.984771,0,1,-4.470227,8.064828,2.702345,1.345138,0.070626
1779543057.994731,0,1,-4.480805,8.069333,2.704976,1.345138,0.070626
1779543058.005069,0,1,-4.491484,8.073835,2.707803,1.345138,0.070626
1779543058.014648,0,1,-4.502258,8.078359,2.710476,1.373107,0.065876
1779543058.024790,0,1,-4.513139,8.082878,2.713345,1.373107,0.065876
1779543058.035043,0,1,-4.524113,8.087417,2.716061,1.373107,0.065876
1779543058.044411,0,1,-4.535191,8.091949,2.718973,1.397159,0.062792
1779543058.054471,0,1,-4.546364,8.096498,2.721732,1.397159,0.062792
1779543058.066039,0,1,-4.557639,8.101039,2.724687,1.397159,0.062792
1779543058.074926,0,1,-4.568999,8.105617,2.727236,1.425102,0.051044
1779543058.084596,0,1,-4.580435,8.110263,2.729231,1.425102,0.051044
1779543058.094779,0,1,-4.591963,8.114940,2.731239,1.457028,0.045508
1779543058.104655,0,1,-4.603582,8.119665,2.733010,1.457028,0.045508
1779543058.114563,0,1,-4.615299,8.124406,2.734928,1.457028,0.045508
1779543058.124884,0,1,-4.627106,8.129182,2.736668,1.481128,0.047580
1779543058.134662,0,1,-4.639016,8.133968,2.738581,1.481128,0.047580
1779543058.144699,0,1,-4.651015,8.138782,2.740331,1.481128,0.047580
1779543058.154937,0,1,-4.663114,8.143601,2.742261,1.500000,0.044671
1779543058.164468,0,1,-4.675304,8.148446,2.744030,1.500000,0.044671
1779543058.174270,0,1,-4.687590,8.153291,2.745983,1.500000,0.044671
1779543058.184238,0,1,-4.699959,8.158158,2.747775,1.500000,0.041719
1779543058.194962,0,1,-4.712417,8.163020,2.749751,1.500000,0.041719
1779543058.204859,0,1,-4.724951,8.167899,2.751566,1.500000,0.041719
1779543058.214810,0,1,-4.737568,8.172770,2.753564,1.500000,0.038733
1779543058.224602,0,1,-4.750254,8.177655,2.755400,1.500000,0.038733
1779543058.234622,0,1,-4.763017,8.182528,2.757418,1.500000,0.036600
1779543058.244595,0,1,-4.775843,8.187412,2.759274,1.500000,0.036600
1779543058.254702,0,1,-4.788740,8.192281,2.761312,1.500000,0.034384
1779543058.264830,0,1,-4.801696,8.197158,2.763185,1.500000,0.034384
1779543058.274537,0,1,-4.814717,8.202017,2.765240,1.500000,0.032043
1779543058.284807,0,1,-4.827793,8.206881,2.767130,1.500000,0.032043
1779543058.294941,0,1,-4.840928,8.211725,2.769200,1.500000,0.032043
1779543058.304933,0,1,-4.854110,8.216584,2.770971,1.500000,0.028341
1779543058.314754,0,1,-4.867332,8.221460,2.772520,1.500000,0.028341
1779543058.324765,0,1,-4.880593,8.226359,2.773831,1.500000,0.028341
1779543058.334669,0,1,-4.893880,8.231304,2.774691,1.500000,0.024957
1779543058.344779,0,1,-4.907205,8.236260,2.775592,1.500000,0.024957
1779543058.354644,0,1,-4.920558,8.241246,2.776255,1.500000,0.024957
1779543058.364464,0,1,-4.933950,8.246233,2.777060,1.500000,0.025521
1779543058.374537,0,1,-4.947369,8.251240,2.777675,1.500000,0.025521
1779543058.384556,0,1,-4.960825,8.256242,2.778456,1.500000,0.024478
1779543058.394647,0,1,-4.974307,8.261261,2.779059,1.500000,0.024478
1779543058.404835,0,1,-4.987824,8.266270,2.779835,1.500000,0.024478
1779543058.414743,0,1,-5.001365,8.271294,2.780436,1.500000,0.027895
1779543058.424608,0,1,-5.014938,8.276306,2.781211,1.500000,0.027895
1779543058.434699,0,1,-5.028534,8.281331,2.781812,1.500000,0.027609
1779543058.444601,0,1,-5.042161,8.286343,2.782588,1.500000,0.027609
1779543058.454363,0,1,-5.055807,8.291366,2.783191,1.500000,0.025493
1779543058.464770,0,1,-5.069482,8.296375,2.783969,1.500000,0.025493
1779543058.474686,0,1,-5.083175,8.301395,2.784574,1.500000,0.025493
1779543058.484881,0,1,-5.096895,8.306400,2.785354,1.500000,0.025175
1779543058.494756,0,1,-5.110631,8.311414,2.785960,1.500000,0.025175
1779543058.504885,0,1,-5.124392,8.316412,2.786742,1.500000,0.026247
1779543058.514669,0,1,-5.138168,8.321420,2.787350,1.500000,0.026247
1779543058.524776,0,1,-5.151967,8.326411,2.788134,1.500000,0.026247
1779543058.534612,0,1,-5.165780,8.331410,2.788743,1.500000,0.025736
1779543058.544380,0,1,-5.179614,8.336392,2.789528,1.500000,0.025736
1779543058.554291,0,1,-5.193461,8.341382,2.790139,1.500000,0.027024
1779543058.564465,0,1,-5.207329,8.346354,2.790926,1.500000,0.027024
1779543058.574670,0,1,-5.221207,8.351333,2.791538,1.500000,0.026760
1779543058.584282,0,1,-5.235105,8.356294,2.792326,1.500000,0.026760
1779543058.594530,0,1,-5.249012,8.361262,2.792940,1.500000,0.026760
1779543058.604871,0,1,-5.262938,8.366212,2.793729,1.500000,0.028088
1779543058.614335,0,1,-5.276873,8.371168,2.794344,1.500000,0.028088
1779543058.624294,0,1,-5.290825,8.376104,2.795134,1.500000,0.027853
1779543058.634613,0,1,-5.304785,8.381047,2.795750,1.500000,0.027853
1779543058.644886,0,1,-5.318761,8.385971,2.796541,1.500000,0.027595
1779543058.654641,0,1,-5.332745,8.390900,2.797158,1.500000,0.027595
1779543058.664469,0,1,-5.346744,8.395809,2.797950,1.500000,0.027595
1779543058.674380,0,1,-5.360750,8.400724,2.798567,1.500000,0.031639
1779543058.684678,0,1,-5.374771,8.405619,2.799360,1.500000,0.031639
1779543058.694568,0,1,-5.388797,8.410519,2.799978,1.500000,0.031494
1779543058.704558,0,1,-5.402838,8.415398,2.800772,1.500000,0.031494
1779543058.714466,0,1,-5.416884,8.420283,2.801391,1.500000,0.031329
1779543058.724774,0,1,-5.430943,8.425147,2.802185,1.500000,0.031329
1779543058.734300,0,1,-5.445007,8.430015,2.802805,1.500000,0.031150
1779543058.744440,0,1,-5.459084,8.434863,2.803600,1.500000,0.031150
1779543058.754614,0,1,-5.473165,8.439715,2.804220,1.500000,0.030929
1779543058.764837,0,1,-5.487259,8.444546,2.805016,1.500000,0.030929
1779543058.774351,0,1,-5.501356,8.449382,2.805636,1.500000,0.030704
1779543058.784631,0,1,-5.515466,8.454196,2.806432,1.500000,0.030704
1779543058.794368,0,1,-5.529578,8.459015,2.807053,1.500000,0.030704
1779543058.804764,0,1,-5.543702,8.463812,2.807850,1.500000,0.031985
1779543058.814604,0,1,-5.557830,8.468613,2.808471,1.500000,0.031985
1779543058.824531,0,1,-5.571972,8.473381,2.809406,1.500000,0.031985
1779543058.834427,0,1,-5.586131,8.478111,2.810584,1.500000,0.033135
1779543058.844861,0,1,-5.600304,8.482809,2.811881,1.500000,0.033135
1779543058.854761,0,1,-5.614493,8.487468,2.813374,1.500000,0.033135
1779543058.864351,0,1,-5.628708,8.492059,2.815316,1.500000,0.035253
1779543058.874220,0,1,-5.642937,8.496616,2.817217,1.500000,0.035253
1779543058.884903,0,1,-5.657186,8.501119,2.819360,1.500000,0.034661
1779543058.894260,0,1,-5.671446,8.505597,2.821363,1.500000,0.034661
1779543058.904471,0,1,-5.685723,8.510027,2.823559,1.500000,0.034661
1779543058.914522,0,1,-5.700009,8.514436,2.825589,1.500000,0.036238
1779543058.924676,0,1,-5.714312,8.518800,2.827801,1.500000,0.036238
1779543058.934468,0,1,-5.728623,8.523145,2.829841,1.500000,0.033103
1779543058.944697,0,1,-5.742949,8.527446,2.832058,1.500000,0.033103
1779543058.954599,0,1,-5.757283,8.531728,2.834102,1.500000,0.033103
1779543058.964887,0,1,-5.771631,8.535967,2.836322,1.500000,0.033103
1779543058.974679,0,1,-5.785987,8.540189,2.838367,1.500000,0.033647
1779543058.984660,0,1,-5.800357,8.544367,2.840589,1.500000,0.033647
1779543058.994640,0,1,-5.814734,8.548528,2.842635,1.500000,0.031242
1779543059.004553,0,1,-5.829126,8.552645,2.844857,1.500000,0.031242
1779543059.014231,0,1,-5.843516,8.556768,2.846628,1.500000,0.031242
1779543059.024454,0,1,-5.857897,8.560934,2.847736,1.500000,0.027983
1779543059.034362,0,1,-5.872278,8.565102,2.848783,1.500000,0.027983
1779543059.044712,0,1,-5.886654,8.569292,2.849536,1.500000,0.027983
1779543059.054610,0,1,-5.901034,8.573470,2.850405,1.500000,0.027556
1779543059.064634,0,1,-5.915413,8.577661,2.851068,1.500000,0.027556
1779543059.074168,0,1,-5.929797,8.581835,2.851890,1.500000,0.026123
1779543059.084768,0,1,-5.944180,8.586016,2.852528,1.500000,0.026123
1779543059.094542,0,1,-5.958571,8.590177,2.853336,1.500000,0.026123
1779543059.104618,0,1,-5.972960,8.594342,2.853966,1.500000,0.029600
1779543059.114556,0,1,-5.987357,8.598487,2.854769,1.500000,0.029600
1779543059.124819,0,1,-6.001754,8.602635,2.855396,1.500000,0.028578
1779543059.134379,0,1,-6.016158,8.606761,2.856198,1.500000,0.028578
1779543059.144700,0,1,-6.030562,8.610890,2.856824,1.500000,0.032338
1779543059.154233,0,1,-6.044973,8.614997,2.857625,1.500000,0.032338
1779543059.164667,0,1,-6.059384,8.619107,2.858250,1.500000,0.031648
1779543059.174242,0,1,-6.073809,8.623170,2.859328,1.500000,0.031648
1779543059.184595,0,1,-6.088258,8.627151,2.861067,1.500000,0.031592
1779543059.194547,0,1,-6.102712,8.631112,2.862593,1.500000,0.031592
1779543059.204728,0,1,-6.117161,8.635097,2.863575,1.500000,0.031483
1779543059.214584,0,1,-6.131613,8.639072,2.864554,1.500000,0.031483
1779543059.224488,0,1,-6.146062,8.643059,2.865269,1.500000,0.031149
1779543059.234497,0,1,-6.160516,8.647030,2.866117,1.500000,0.031149
1779543059.244695,0,1,-6.174969,8.651008,2.866767,1.500000,0.031149
1779543059.254222,0,1,-6.189428,8.654966,2.867582,1.500000,0.031347
1779543059.264520,0,1,-6.203886,8.658929,2.868215,1.500000,0.031347
1779543059.274378,0,1,-6.218350,8.662870,2.869021,1.500000,0.030945
1779543059.284684,0,1,-6.232813,8.666815,2.869649,1.500000,0.030945
1779543059.294165,0,1,-6.247284,8.670738,2.870451,1.500000,0.030710
1779543059.304614,0,1,-6.261753,8.674664,2.871078,1.500000,0.030710
1779543059.314569,0,1,-6.276229,8.678567,2.871879,1.500000,0.039866
1779543059.324560,0,1,-6.290705,8.682473,2.872505,1.500000,0.039866
1779543059.334489,0,1,-6.305193,8.686332,2.873583,1.500000,0.040011
1779543059.344510,0,1,-6.319704,8.690108,2.875324,1.500000,0.040011
1779543059.354621,0,1,-6.334226,8.693840,2.877127,1.500000,0.040011
1779543059.365528,0,1,-6.348765,8.697511,2.879225,1.500000,0.043872
1779543059.374386,0,1,-6.363311,8.701150,2.881206,1.500000,0.043872
1779543059.384445,0,1,-6.377871,8.704737,2.883395,1.500000,0.043922
1779543059.394282,0,1,-6.392437,8.708300,2.885424,1.500000,0.043922
1779543059.405226,0,1,-6.407015,8.711815,2.887637,1.500000,0.046228
1779543059.414269,0,1,-6.421598,8.715308,2.889680,1.500000,0.046228
1779543059.424506,0,1,-6.436192,8.718755,2.891902,1.500000,0.044427
1779543059.434237,0,1,-6.450791,8.722183,2.893950,1.500000,0.044427
1779543059.444347,0,1,-6.465401,8.725565,2.896175,1.500000,0.044427
1779543059.454527,0,1,-6.480016,8.728929,2.898225,1.500000,0.045488
1779543059.464481,0,1,-6.494640,8.732247,2.900451,1.500000,0.045488
1779543059.474527,0,1,-6.509270,8.735548,2.902502,1.500000,0.043501
1779543059.484824,0,1,-6.523909,8.738803,2.904728,1.500000,0.043501
1779543059.494670,0,1,-6.538553,8.742040,2.906780,1.500000,0.046556
1779543059.504626,0,1,-6.553206,8.745233,2.909007,1.500000,0.046556
1779543059.514522,0,1,-6.567864,8.748408,2.911058,1.500000,0.043820
1779543059.524950,0,1,-6.582531,8.751537,2.913285,1.500000,0.043820
1779543059.534612,0,1,-6.597202,8.754649,2.915337,1.500000,0.041765
1779543059.544468,0,1,-6.611883,8.757716,2.917564,1.500000,0.041765
1779543059.554430,0,1,-6.626568,8.760765,2.919616,1.500000,0.041765
1779543059.564777,0,1,-6.641262,8.763769,2.921843,1.500000,0.043362
1779543059.574542,0,1,-6.655959,8.766755,2.923895,1.500000,0.043362
1779543059.584581,0,1,-6.670666,8.769697,2.926122,1.500000,0.041316
1779543059.594452,0,1,-6.685377,8.772620,2.928174,1.500000,0.041316
1779543059.604720,0,1,-6.700096,8.775498,2.930401,1.500000,0.040754
1779543059.614595,0,1,-6.714819,8.778358,2.932453,1.500000,0.040754
1779543059.624501,0,1,-6.729551,8.781174,2.934680,1.500000,0.038669
1779543059.634605,0,1,-6.744287,8.783971,2.936732,1.500000,0.038669
1779543059.644481,0,1,-6.759031,8.786723,2.938960,1.500000,0.036518
1779543059.654213,0,1,-6.773778,8.789457,2.941012,1.500000,0.036518
1779543059.664320,0,1,-6.788534,8.792146,2.943239,1.500000,0.036518
1779543059.674479,0,1,-6.803293,8.794817,2.945291,1.500000,0.041761
1779543059.684692,0,1,-6.818060,8.797444,2.947518,1.500000,0.040756
1779543059.694556,0,1,-6.832830,8.800051,2.949570,1.500000,0.040756
1779543059.704339,0,1,-6.847609,8.802614,2.951798,1.500000,0.040756
1779543059.714147,0,1,-6.862390,8.805159,2.953850,1.500000,0.037546
1779543059.724968,0,1,-6.877180,8.807659,2.956077,1.500000,0.037546
1779543059.734254,0,1,-6.891972,8.810140,2.958129,1.500000,0.035291
1779543059.744406,0,1,-6.906772,8.812576,2.960357,1.500000,0.032981
1779543059.754375,0,1,-6.921575,8.814994,2.962408,1.500000,0.032981
1779543059.764404,0,1,-6.936385,8.817367,2.964636,1.500000,0.032981
1779543059.774547,0,1,-6.951198,8.819722,2.966688,1.500000,0.031810
1779543059.784737,0,1,-6.966019,8.822032,2.968916,1.500000,0.031810
1779543059.794691,0,1,-6.980838,8.824348,2.970690,1.500000,0.040495
1779543059.804610,0,1,-6.995651,8.826706,2.971803,1.500000,0.040495
1779543059.814719,0,1,-7.010467,8.829042,2.973129,1.500000,0.040495
1779543059.824597,0,1,-7.025294,8.831313,2.974999,1.500000,0.043123
1779543059.834563,0,1,-7.040126,8.833550,2.976873,1.500000,0.043123
1779543059.844722,0,1,-7.054965,8.835734,2.979009,1.500000,0.041199
1779543059.854515,0,1,-7.069809,8.837892,2.981014,1.500000,0.041199
1779543059.864649,0,1,-7.084659,8.840000,2.983216,1.500000,0.046918
1779543059.874573,0,1,-7.099513,8.842087,2.985254,1.500000,0.046918
1779543059.884738,0,1,-7.114373,8.844127,2.987474,1.500000,0.045506
1779543059.894634,0,1,-7.129236,8.846147,2.989521,1.500000,0.045506
1779543059.904639,0,1,-7.144105,8.848120,2.991746,1.500000,0.045506
1779543059.914532,0,1,-7.158977,8.850074,2.993796,1.500000,0.050448
1779543059.924343,0,1,-7.173855,8.851982,2.996022,1.500000,0.050448
1779543059.934448,0,1,-7.188735,8.853872,2.998073,1.500000,0.048645
1779543059.944386,0,1,-7.203621,8.855716,3.000300,1.500000,0.048645
1779543059.954556,0,1,-7.218509,8.857542,3.002352,1.500000,0.050775
1779543059.964920,0,1,-7.233403,8.859322,3.004579,1.500000,0.050775
1779543059.974465,0,1,-7.248299,8.861083,3.006631,1.500000,0.049024
1779543059.984437,0,1,-7.263200,8.862800,3.008859,1.500000,0.049024
1779543059.994320,0,1,-7.278103,8.864497,3.010911,1.500000,0.049024
1779543060.004681,0,1,-7.293012,8.866150,3.013138,1.500000,0.054485
1779543060.014608,0,1,-7.307922,8.867783,3.015190,1.500000,0.054485
1779543060.024231,0,1,-7.322838,8.869372,3.017418,1.500000,0.051048
1779543060.034389,0,1,-7.337755,8.870942,3.019470,1.500000,0.050062
1779543060.044386,0,1,-7.352677,8.872466,3.021697,1.500000,0.050062
1779543060.054338,0,1,-7.367601,8.873973,3.023749,1.500000,0.050062
1779543060.064399,0,1,-7.382530,8.875433,3.025977,1.500000,0.054086
1779543060.074274,0,1,-7.397460,8.876876,3.028029,1.500000,0.054086
1779543060.084386,0,1,-7.412395,8.878272,3.030257,1.500000,0.052436
1779543060.094624,0,1,-7.427331,8.879651,3.032309,1.500000,0.052436
1779543060.104962,0,1,-7.442272,8.880984,3.034536,1.500000,0.052436
1779543060.114548,0,1,-7.457214,8.882298,3.036588,1.500000,0.056519
1779543060.124683,0,1,-7.472160,8.883567,3.038816,1.500000,0.056519
1779543060.134253,0,1,-7.487108,8.884817,3.040868,1.500000,0.056519
1779543060.144548,0,1,-7.502059,8.886022,3.043096,1.500000,0.056519
1779543060.154324,0,1,-7.517012,8.887209,3.045148,1.500000,0.060003
1779543060.164793,0,1,-7.531968,8.888350,3.047375,1.500000,0.060003
1779543060.174189,0,1,-7.546926,8.889472,3.049427,1.500000,0.058527
1779543060.184303,0,1,-7.561887,8.890549,3.051655,1.500000,0.058527
1779543060.194676,0,1,-7.576850,8.891608,3.053707,1.500000,0.058527
1779543060.204922,0,1,-7.591815,8.892621,3.055935,1.500000,0.056256
1779543060.214548,0,1,-7.606782,8.893615,3.057987,1.500000,0.056256
1779543060.224529,0,1,-7.621752,8.894564,3.060214,1.500000,0.056256
1779543060.234468,0,1,-7.636723,8.895494,3.062266,1.500000,0.053729
1779543060.244673,0,1,-7.651697,8.896379,3.064494,1.500000,0.053729
1779543060.254592,0,1,-7.666672,8.897245,3.066546,1.500000,0.053729
1779543060.264416,0,1,-7.681649,8.898066,3.068774,1.500000,0.055511
1779543060.274129,0,1,-7.696628,8.898868,3.070826,1.500000,0.055511
1779543060.284893,0,1,-7.711609,8.899625,3.073053,1.500000,0.055511
1779543060.294535,0,1,-7.726590,8.900363,3.075106,1.500000,0.071296
1779543060.304616,0,1,-7.741574,8.901055,3.077333,1.500000,0.071296
1779543060.314334,0,1,-7.756559,8.901729,3.079385,1.500000,0.068976
1779543060.324888,0,1,-7.771547,8.902332,3.081890,1.500000,0.068976
1779543060.334350,0,1,-7.786539,8.902829,3.085057,1.500000,0.067755
1779543060.344467,0,1,-7.801532,8.903259,3.088288,1.500000,0.067755
1779543060.354353,0,1,-7.816528,8.903602,3.091813,1.500000,0.073542
1779543060.364392,0,1,-7.831526,8.903893,3.095222,1.500000,0.073542
1779543060.374849,0,1,-7.846524,8.904108,3.098837,1.500000,0.072247
1779543060.385147,0,1,-7.861523,8.904277,3.102294,1.500000,0.072247
1779543060.394419,0,1,-7.876523,8.904375,3.105934,1.500000,0.072247
1779543060.404833,0,1,-7.891522,8.904429,3.109405,1.500000,0.077808
1779543060.414320,0,1,-7.906522,8.904414,3.113054,1.500000,0.077808
1779543060.424421,0,1,-7.921522,8.904358,3.116529,1.500000,0.073465
1779543060.434222,0,1,-7.936522,8.904234,3.120181,1.500000,0.073465
1779543060.444956,0,1,-7.951521,8.904069,3.123658,1.500000,0.068281
1779543060.454504,0,1,-7.966519,8.903836,3.127311,1.500000,0.068281
1779543060.464544,0,1,-7.981516,8.903564,3.130789,1.500000,0.072577
1779543060.474604,0,1,-7.996513,8.903224,3.134442,1.500000,0.072577
1779543060.484748,0,1,-8.011508,8.902844,3.137921,1.500000,0.072577
1779543060.494332,0,1,-8.026501,8.902396,3.141575,1.500000,0.076375
1779543060.504260,0,1,-8.041493,8.901909,3.145053,1.500000,0.076375
1779543060.514306,0,1,-8.056483,8.901355,3.148707,1.500000,0.071781
1779543060.524761,0,1,-8.071471,8.900760,3.152186,1.500000,0.071781
1779543060.534548,0,1,-8.086456,8.900099,3.155840,1.500000,0.071781
1779543060.544535,0,1,-8.101440,8.899398,3.159319,1.500000,0.075269
1779543060.554429,0,1,-8.116420,8.898630,3.162973,1.500000,0.075269
1779543060.564974,0,1,-8.131398,8.897821,3.166451,1.500000,0.070620
1779543060.574571,0,1,-8.146373,8.896946,3.170106,1.500000,0.070620
1779543060.584544,0,1,-8.161345,8.896031,3.173584,1.500000,0.067139
1779543060.594547,0,1,-8.176313,8.895049,3.177238,1.500000,0.067139
1779543060.604888,0,1,-8.191278,8.894028,3.180717,1.500000,0.067139
1779543060.614517,0,1,-8.206238,8.892939,3.184371,1.500000,0.070305
1779543060.624448,0,1,-8.221196,8.891811,3.187850,1.500000,0.070305
1779543060.634571,0,1,-8.236148,8.890615,3.191504,1.500000,0.070305
1779543060.644561,0,1,-8.251097,8.889380,3.194983,1.500000,0.064911
1779543060.654255,0,1,-8.266040,8.888078,3.198637,1.500000,0.064911
1779543060.664964,0,1,-8.280980,8.886737,3.202116,1.500000,0.064489
1779543060.674587,0,1,-8.295914,8.885328,3.205770,1.500000,0.064489
1779543060.684640,0,1,-8.310844,8.883880,3.209249,1.500000,0.064489
1779543060.694173,0,1,-8.325767,8.882365,3.212903,1.500000,0.060767
1779543060.704182,0,1,-8.340686,8.880810,3.216381,1.500000,0.056982
1779543060.714289,0,1,-8.355598,8.879189,3.220036,1.500000,0.056982
1779543060.724924,0,1,-8.370509,8.877552,3.223237,1.500000,0.053055
1779543060.734669,0,1,-8.385422,8.875937,3.225776,1.500000,0.053055
1779543060.744612,0,1,-8.400332,8.874304,3.228252,1.500000,0.053055
1779543060.754545,0,1,-8.415243,8.872670,3.230433,1.500000,0.049006
1779543060.764393,0,1,-8.430150,8.871005,3.232730,1.500000,0.049006
1779543060.774466,0,1,-8.445057,8.869329,3.234821,1.500000,0.059506
1779543060.784417,0,1,-8.459958,8.867614,3.237071,1.500000,0.059506
1779543060.794515,0,1,-8.474858,8.865886,3.239137,1.500000,0.057394
1779543060.804819,0,1,-8.489753,8.864115,3.241373,1.500000,0.057394
1779543060.815735,0,1,-8.504646,8.862327,3.243430,1.500000,0.057394
1779543060.824418,0,1,-8.519534,8.860496,3.245661,1.500000,0.062370
1779543060.834625,0,1,-8.534420,8.858648,3.247716,1.500000,0.062370
1779543060.844745,0,1,-8.549300,8.856754,3.249945,1.500000,0.060300
1779543060.854270,0,1,-8.564178,8.854843,3.251998,1.500000,0.060300
1779543060.864427,0,1,-8.579050,8.852887,3.254226,1.500000,0.065144
1779543060.874539,0,1,-8.593919,8.850913,3.256279,1.500000,0.065144
1779543060.884800,0,1,-8.608779,8.848870,3.258784,1.500000,0.063797
1779543060.894350,0,1,-8.623624,8.846720,3.261952,1.500000,0.063797
1779543060.904607,0,1,-8.638463,8.844529,3.264906,1.500000,0.068393
1779543060.914493,0,1,-8.653303,8.842340,3.267315,1.500000,0.068393
1779543060.924937,0,1,-8.668134,8.840096,3.269998,1.500000,0.067180
1779543060.934283,0,1,-8.682950,8.837756,3.273256,1.500000,0.067180
1779543060.944436,0,1,-8.697757,8.835356,3.276534,1.500000,0.067180
1779543060.954679,0,1,-8.712551,8.832876,3.280085,1.500000,0.069534
1779543060.964952,0,1,-8.727336,8.830347,3.283508,1.500000,0.069534
1779543060.974421,0,1,-8.742109,8.827745,3.287131,1.500000,0.067472
1779543060.984325,0,1,-8.756873,8.825100,3.290592,1.500000,0.067472
1779543060.994489,0,1,-8.771626,8.822385,3.294236,1.500000,0.070611
1779543061.004699,0,1,-8.786370,8.819629,3.297708,1.500000,0.070611
1779543061.014471,0,1,-8.801102,8.816805,3.301359,1.500000,0.070611
1779543061.024601,0,1,-8.815826,8.813941,3.304834,1.500000,0.066066
1779543061.034145,0,1,-8.830537,8.811011,3.308487,1.500000,0.066066
1779543061.044860,0,1,-8.845240,8.808041,3.311964,1.500000,0.067667
1779543061.054512,0,1,-8.859930,8.805004,3.315618,1.500000,0.067667
1779543061.064539,0,1,-8.874611,8.801929,3.319096,1.500000,0.064772
1779543061.074403,0,1,-8.889278,8.798787,3.322750,1.500000,0.064772
1779543061.085291,0,1,-8.903937,8.795607,3.326228,1.500000,0.059229
1779543061.094439,0,1,-8.918582,8.792361,3.329882,1.500000,0.059229
1779543061.104673,0,1,-8.933223,8.789100,3.333084,1.500000,0.059229
1779543061.114530,0,1,-8.947869,8.785860,3.335622,1.500000,0.059229
1779543061.125012,0,1,-8.962511,8.782602,3.338098,1.500000,0.059501
1779543061.134647,0,1,-8.977153,8.779343,3.340279,1.500000,0.059501
1779543061.144616,0,1,-8.991787,8.776053,3.342577,1.500000,0.053666
1779543061.154537,0,1,-9.006420,8.772754,3.344667,1.500000,0.053666
1779543061.164691,0,1,-9.021044,8.769416,3.346917,1.500000,0.053666
1779543061.174679,0,1,-9.035665,8.766064,3.348983,1.500000,0.053666
1779543061.184623,0,1,-9.050276,8.762671,3.351219,1.500000,0.054915
1779543061.194593,0,1,-9.064883,8.759262,3.353276,1.500000,0.054915
1779543061.204539,0,1,-9.079480,8.755810,3.355507,1.500000,0.054915
1779543061.214261,0,1,-9.094074,8.752340,3.357562,1.500000,0.052209
1779543061.224654,0,1,-9.108657,8.748828,3.359791,1.500000,0.052209
1779543061.234325,0,1,-9.123235,8.745297,3.361844,1.500000,0.050420
1779543061.244344,0,1,-9.137803,8.741723,3.364073,1.500000,0.050420
1779543061.254459,0,1,-9.152366,8.738130,3.366125,1.500000,0.050420
1779543061.264394,0,1,-9.166919,8.734494,3.368353,1.500000,0.047752
1779543061.274394,0,1,-9.181467,8.730840,3.370405,1.500000,0.047752
1779543061.284553,0,1,-9.196004,8.727141,3.372633,1.500000,0.047752
1779543061.294436,0,1,-9.210536,8.723425,3.374685,1.500000,0.047752
1779543061.304425,0,1,-9.225057,8.719664,3.376913,1.500000,0.057373
1779543061.314444,0,1,-9.239574,8.715886,3.378965,1.500000,0.057373
1779543061.325001,0,1,-9.254078,8.712063,3.381193,1.500000,0.057373
1779543061.334452,0,1,-9.268578,8.708223,3.383245,1.500000,0.058286
1779543061.344413,0,1,-9.283067,8.704338,3.385473,1.500000,0.058286
1779543061.354659,0,1,-9.297550,8.700435,3.387525,1.500000,0.058286
1779543061.365155,0,1,-9.312021,8.696489,3.389753,1.500000,0.058286
1779543061.374567,0,1,-9.326488,8.692524,3.391805,1.500000,0.059135
1779543061.384230,0,1,-9.340943,8.688516,3.394032,1.500000,0.059135
1779543061.394601,0,1,-9.355392,8.684490,3.396084,1.500000,0.059135
1779543061.405844,0,1,-9.369829,8.680419,3.398312,1.500000,0.063725
1779543061.414454,0,1,-9.384261,8.676331,3.400364,1.500000,0.063725
1779543061.424696,0,1,-9.398681,8.672199,3.402592,1.500000,0.063725
1779543061.434680,0,1,-9.413096,8.668049,3.404644,1.500000,0.061489
1779543061.444769,0,1,-9.427497,8.663855,3.406871,1.500000,0.061489
1779543061.454654,0,1,-9.441894,8.659644,3.408923,1.500000,0.061489
1779543061.464608,0,1,-9.456278,8.655389,3.411151,1.500000,0.061489
1779543061.474530,0,1,-9.470656,8.651116,3.413203,1.500000,0.063171
1779543061.484818,0,1,-9.485022,8.646799,3.415431,1.500000,0.063171
1779543061.494433,0,1,-9.499382,8.642464,3.417483,1.500000,0.063171
1779543061.504480,0,1,-9.513728,8.638086,3.419711,1.500000,0.063968
1779543061.514579,0,1,-9.528070,8.633690,3.421763,1.500000,0.063968
1779543061.524978,0,1,-9.542394,8.629238,3.424129,1.500000,0.063968
1779543061.534425,0,1,-9.556700,8.624727,3.426739,1.500000,0.061757
1779543061.544577,0,1,-9.570988,8.620162,3.429468,1.500000,0.061757
1779543061.554443,0,1,-9.585264,8.615559,3.432118,1.500000,0.061757
1779543061.564385,0,1,-9.599539,8.610951,3.434378,1.500000,0.063620
1779543061.574581,0,1,-9.613803,8.606309,3.436711,1.500000,0.063620
1779543061.584664,0,1,-9.628062,8.601654,3.438816,1.500000,0.063620
1779543061.594253,0,1,-9.642309,8.596961,3.441072,1.500000,0.060372
1779543061.604660,0,1,-9.656551,8.592252,3.443139,1.500000,0.060372
1779543061.614640,0,1,-9.670779,8.587503,3.445375,1.500000,0.060372
1779543061.624224,0,1,-9.685002,8.582737,3.447432,1.500000,0.061262
1779543061.634558,0,1,-9.699210,8.577929,3.449663,1.500000,0.061262
1779543061.644867,0,1,-9.713413,8.573103,3.451717,1.500000,0.061262
1779543061.654598,0,1,-9.727601,8.568236,3.453946,1.500000,0.061262
1779543061.664621,0,1,-9.741783,8.563350,3.455999,1.500000,0.062621
1779543061.674411,0,1,-9.755951,8.558422,3.458227,1.500000,0.062621
1779543061.684618,0,1,-9.770112,8.553477,3.460279,1.500000,0.060280
1779543061.694604,0,1,-9.784258,8.548489,3.462507,1.500000,0.060280
1779543061.704491,0,1,-9.798398,8.543483,3.464559,1.500000,0.060280
1779543061.714443,0,1,-9.812523,8.538434,3.466787,1.500000,0.057907
1779543061.724710,0,1,-9.826642,8.533368,3.468839,1.500000,0.057907
1779543061.734642,0,1,-9.840745,8.528259,3.471067,1.500000,0.057907
1779543061.744585,0,1,-9.854842,8.523133,3.473119,1.500000,0.055231
1779543061.754591,0,1,-9.868923,8.517963,3.475347,1.500000,0.055231
1779543061.764800,0,1,-9.882997,8.512777,3.477399,1.500000,0.055231
1779543061.775125,0,1,-9.897056,8.507547,3.479627,1.500000,0.052530
1779543061.784701,0,1,-9.911109,8.502300,3.481679,1.500000,0.052530
1779543061.794606,0,1,-9.925145,8.497011,3.483906,1.500000,0.052530
1779543061.807424,0,1,-9.939175,8.491704,3.485958,1.500000,0.052530
1779543061.815406,0,1,-9.953189,8.486354,3.488186,1.500000,0.052338
1779543061.824632,0,1,-9.967196,8.480987,3.490238,1.500000,0.052338
1779543061.834859,0,1,-9.981186,8.475577,3.492466,1.500000,0.052338
1779543061.844843,0,1,-9.995170,8.470151,3.494518,1.500000,0.058089
1779543061.854400,0,1,-10.009137,8.464681,3.496746,1.500000,0.058089
1779543061.864711,0,1,-10.023098,8.459194,3.498798,1.500000,0.058089
1779543061.874437,0,1,-10.037042,8.453665,3.501025,1.500000,0.058089
1779543061.885026,0,1,-10.050978,8.448119,3.503077,1.500000,0.055943
1779543061.894316,0,1,-10.064898,8.442530,3.505305,1.500000,0.055943
1779543061.904459,0,1,-10.078812,8.436924,3.507357,1.500000,0.055943
1779543061.914616,0,1,-10.092707,8.431276,3.509585,1.500000,0.058312
1779543061.925722,0,1,-10.106596,8.425611,3.511637,1.500000,0.058312
1779543061.934610,0,1,-10.120468,8.419903,3.513864,1.500000,0.058312
1779543061.944338,0,1,-10.134333,8.414178,3.515916,1.500000,0.058312
1779543061.954589,0,1,-10.148180,8.408411,3.518144,1.500000,0.057862
1779543061.964828,0,1,-10.162020,8.402627,3.520196,1.500000,0.057862
1779543061.974491,0,1,-10.175842,8.396801,3.522424,1.500000,0.057862
1779543061.984538,0,1,-10.189657,8.390957,3.524476,1.500000,0.056217
1779543061.994554,0,1,-10.203454,8.385072,3.526704,1.500000,0.056217
1779543062.004823,0,1,-10.217244,8.379170,3.528756,1.500000,0.056217
1779543062.014346,0,1,-10.231016,8.373225,3.530983,1.500000,0.055830
1779543062.024501,0,1,-10.244780,8.367264,3.533035,1.500000,0.055830
1779543062.034491,0,1,-10.258527,8.361261,3.535263,1.500000,0.055830
1779543062.044743,0,1,-10.272266,8.355241,3.537315,1.500000,0.055830
1779543062.054402,0,1,-10.285986,8.349179,3.539543,1.500000,0.056150
1779543062.064602,0,1,-10.299699,8.343100,3.541595,1.500000,0.056150
1779543062.074580,0,1,-10.313394,8.336979,3.543822,1.500000,0.052849
1779543062.084603,0,1,-10.327080,8.330841,3.545875,1.500000,0.052849
1779543062.094428,0,1,-10.340749,8.324662,3.548102,1.500000,0.052849
1779543062.104496,0,1,-10.354409,8.318466,3.550154,1.500000,0.052849
1779543062.114336,0,1,-10.368051,8.312229,3.552382,1.500000,0.051839
1779543062.124842,0,1,-10.381684,8.305974,3.554434,1.500000,0.051839
1779543062.134366,0,1,-10.395299,8.299678,3.556662,1.500000,0.051839
1779543062.144444,0,1,-10.408906,8.293365,3.558714,1.500000,0.048943
1779543062.154254,0,1,-10.422494,8.287011,3.560941,1.500000,0.048943
1779543062.164454,0,1,-10.436073,8.280640,3.562993,1.500000,0.048943
1779543062.174696,0,1,-10.449634,8.274228,3.565221,1.500000,0.048824
1779543062.184648,0,1,-10.463186,8.267799,3.567273,1.500000,0.048824
1779543062.194676,0,1,-10.476719,8.261329,3.569501,1.500000,0.048824
1779543062.204745,0,1,-10.490244,8.254842,3.571553,1.500000,0.045778
1779543062.214456,0,1,-10.503749,8.248314,3.573781,1.500000,0.045778
1779543062.224437,0,1,-10.517246,8.241769,3.575833,1.500000,0.045778
1779543062.234497,0,1,-10.530722,8.235183,3.578060,1.500000,0.042691
1779543062.245157,0,1,-10.544191,8.228581,3.580112,1.500000,0.042691
1779543062.254442,0,1,-10.557640,8.221937,3.582340,1.500000,0.042691
1779543062.264340,0,1,-10.571080,8.215277,3.584392,1.500000,0.044037
1779543062.274588,0,1,-10.584500,8.208576,3.586620,1.500000,0.044037
1779543062.285532,0,1,-10.597912,8.201859,3.588672,1.500000,0.044037
1779543062.294413,0,1,-10.611303,8.195100,3.590899,1.500000,0.040910
1779543062.304520,0,1,-10.624686,8.188325,3.592951,1.500000,0.040910
1779543062.314290,0,1,-10.638048,8.181510,3.595179,1.500000,0.040910
1779543062.324677,0,1,-10.651402,8.174678,3.597231,1.500000,0.041303
1779543062.334305,0,1,-10.664735,8.167805,3.599459,1.500000,0.041303
1779543062.344405,0,1,-10.678059,8.160916,3.601511,1.500000,0.041303
1779543062.354168,0,1,-10.691363,8.153986,3.603739,1.500000,0.040671
1779543062.364761,0,1,-10.704657,8.147040,3.605791,1.500000,0.040671
1779543062.375029,0,1,-10.717931,8.140054,3.608018,1.500000,0.040671
1779543062.384264,0,1,-10.731196,8.133051,3.610070,1.500000,0.038494
1779543062.394323,0,1,-10.744439,8.126007,3.612298,1.500000,0.038494
1779543062.404509,0,1,-10.757674,8.118948,3.614350,1.500000,0.037617
1779543062.414192,0,1,-10.770888,8.111848,3.616578,1.500000,0.037617
1779543062.424563,0,1,-10.784092,8.104732,3.618630,1.500000,0.035345
1779543062.434328,0,1,-10.797275,8.097575,3.620857,1.500000,0.035345
1779543062.444628,0,1,-10.810449,8.090402,3.622910,1.500000,0.035345
1779543062.454327,0,1,-10.823601,8.083190,3.625137,1.500000,0.034497
1779543062.464210,0,1,-10.836744,8.075961,3.627189,1.500000,0.034497
1779543062.474483,0,1,-10.849865,8.068692,3.629417,1.500000,0.032131
1779543062.484754,0,1,-10.862977,8.061407,3.631469,1.500000,0.032131
1779543062.494563,0,1,-10.876067,8.054082,3.633697,1.500000,0.029703
1779543062.504433,0,1,-10.889148,8.046740,3.635749,1.500000,0.029703
1779543062.514330,0,1,-10.902206,8.039359,3.637976,1.500000,0.029703
1779543062.525290,0,1,-10.915267,8.031984,3.639751,1.500000,0.028668
1779543062.534662,0,1,-10.928350,8.024646,3.640864,1.500000,0.028668
1779543062.544626,0,1,-10.941434,8.017310,3.641913,1.500000,0.026133
1779543062.554286,0,1,-10.954528,8.009993,3.642668,1.500000,0.026133
1779543062.564886,0,1,-10.967617,8.002666,3.643538,1.500000,0.026133
1779543062.574528,0,1,-10.980712,7.995350,3.644202,1.500000,0.025453
1779543062.584364,0,1,-10.993797,7.988017,3.645026,1.500000,0.025453
1779543062.594398,0,1,-11.006887,7.980691,3.645665,1.500000,0.027856
1779543062.604527,0,1,-11.019966,7.973347,3.646474,1.500000,0.027856
1779543062.614501,0,1,-11.033047,7.966007,3.647105,1.500000,0.026896
1779543062.624541,0,1,-11.046117,7.958647,3.647910,1.500000,0.026896
1779543062.634159,0,1,-11.059189,7.951290,3.648537,1.500000,0.026896
1779543062.644906,0,1,-11.072250,7.943913,3.649340,1.500000,0.029420
1779543062.654559,0,1,-11.085312,7.936539,3.649967,1.500000,0.029420
1779543062.664445,0,1,-11.098363,7.929144,3.650768,1.500000,0.028697
1779543062.674503,0,1,-11.111415,7.921752,3.651394,1.500000,0.028697
1779543062.684562,0,1,-11.124455,7.914339,3.652196,1.500000,0.028491
1779543062.694613,0,1,-11.137496,7.906928,3.652822,1.500000,0.028491
1779543062.704483,0,1,-11.150526,7.899496,3.653623,1.500000,0.028271
1779543062.714612,0,1,-11.163557,7.892067,3.654249,1.500000,0.028271
1779543062.724620,0,1,-11.176576,7.884617,3.655050,1.500000,0.028271
1779543062.734496,0,1,-11.189597,7.877170,3.655675,1.500000,0.027846
1779543062.744408,0,1,-11.202605,7.869701,3.656476,1.500000,0.027846
1779543062.754488,0,1,-11.215615,7.862235,3.657102,1.500000,0.027548
1779543062.764850,0,1,-11.228613,7.854748,3.657903,1.500000,0.027548
1779543062.774153,0,1,-11.241612,7.847263,3.658528,1.500000,0.028492
1779543062.784242,0,1,-11.254599,7.839757,3.659330,1.500000,0.028492
1779543062.794255,0,1,-11.267587,7.832254,3.659955,1.500000,0.028213
1779543062.804755,0,1,-11.280564,7.824730,3.660756,1.500000,0.028213
1779543062.814230,0,1,-11.293542,7.817208,3.661382,1.500000,0.028213
1779543062.824353,0,1,-11.306507,7.809666,3.662183,1.500000,0.032521
1779543062.834323,0,1,-11.319474,7.802125,3.662808,1.500000,0.032521
1779543062.844716,0,1,-11.332417,7.794543,3.663886,1.500000,0.034352
1779543062.854608,0,1,-11.345316,7.786886,3.665627,1.500000,0.034352
1779543062.864655,0,1,-11.358191,7.779191,3.667431,1.500000,0.034352
1779543062.874620,0,1,-11.371033,7.771440,3.669530,1.500000,0.033676
1779543062.884821,0,1,-11.383859,7.763662,3.671512,1.500000,0.033676
1779543062.894508,0,1,-11.396657,7.755838,3.673701,1.500000,0.033676
1779543062.904714,0,1,-11.409442,7.747993,3.675731,1.500000,0.033922
1779543062.914548,0,1,-11.422200,7.740105,3.677945,1.500000,0.033922
1779543062.924604,0,1,-11.434947,7.732198,3.679989,1.500000,0.031852
1779543062.934363,0,1,-11.447669,7.724251,3.682211,1.500000,0.031852
1779543062.944205,0,1,-11.460394,7.716309,3.683983,1.500000,0.029437
1779543062.954517,0,1,-11.473140,7.708401,3.685092,1.500000,0.029437
1779543062.965810,0,1,-11.485888,7.700496,3.686140,1.500000,0.029437
1779543062.974310,0,1,-11.498647,7.692608,3.686894,1.500000,0.027495
1779543062.984366,0,1,-11.511399,7.684710,3.687764,1.500000,0.027495
1779543062.994158,0,1,-11.524158,7.676823,3.688427,1.500000,0.027495
1779543063.004490,0,1,-11.536907,7.668919,3.689251,1.500000,0.027453
1779543063.014582,0,1,-11.549660,7.661022,3.689889,1.500000,0.027453
1779543063.024532,0,1,-11.562401,7.653107,3.690698,1.500000,0.025907
1779543063.034368,0,1,-11.575145,7.645196,3.691329,1.500000,0.025907
1779543063.044629,0,1,-11.587877,7.637265,3.692134,1.500000,0.027746
1779543063.054333,0,1,-11.600612,7.629338,3.692761,1.500000,0.027746
1779543063.064607,0,1,-11.613333,7.621391,3.693564,1.500000,0.027019
1779543063.074404,0,1,-11.626057,7.613446,3.694190,1.500000,0.027019
1779543063.085156,0,1,-11.638768,7.605482,3.694992,1.500000,0.027019
1779543063.094445,0,1,-11.651480,7.597520,3.695618,1.500000,0.028860
1779543063.104553,0,1,-11.664180,7.589537,3.696420,1.500000,0.028860
1779543063.114444,0,1,-11.676881,7.581557,3.697045,1.500000,0.028204
1779543063.124841,0,1,-11.689569,7.573557,3.697847,1.500000,0.028204
1779543063.134576,0,1,-11.702259,7.565559,3.698472,1.500000,0.027920
1779543063.144599,0,1,-11.714936,7.557541,3.699273,1.500000,0.027920
1779543063.154533,0,1,-11.727615,7.549525,3.699899,1.500000,0.027920
1779543063.164733,0,1,-11.740280,7.541488,3.700700,1.500000,0.029844
1779543063.174326,0,1,-11.752947,7.533454,3.701326,1.500000,0.029844
1779543063.184448,0,1,-11.765601,7.525400,3.702127,1.500000,0.029611
1779543063.194479,0,1,-11.778257,7.517348,3.702752,1.500000,0.029611
1779543063.204721,0,1,-11.790899,7.509275,3.703553,1.500000,0.029611
1779543063.214550,0,1,-11.803544,7.501205,3.704179,1.500000,0.029139
1779543063.224210,0,1,-11.816175,7.493115,3.704980,1.500000,0.029139
1779543063.234531,0,1,-11.828807,7.485027,3.705605,1.500000,0.029139
1779543063.244509,0,1,-11.841427,7.476918,3.706407,1.500000,0.028750
1779543063.254534,0,1,-11.854048,7.468812,3.707032,1.500000,0.028750
1779543063.264257,0,1,-11.866656,7.460685,3.707833,1.500000,0.028750
1779543063.274488,0,1,-11.879265,7.452561,3.708459,1.500000,0.028750
1779543063.284658,0,1,-11.891861,7.444417,3.709260,1.500000,0.033428
1779543063.294209,0,1,-11.904459,7.436275,3.709885,1.500000,0.033428
1779543063.304394,0,1,-11.917030,7.428091,3.710963,1.500000,0.033428
1779543063.314469,0,1,-11.929555,7.419837,3.712704,1.500000,0.037029
1779543063.324701,0,1,-11.942054,7.411544,3.714508,1.500000,0.037029
1779543063.334587,0,1,-11.954517,7.403197,3.716607,1.500000,0.037052
1779543063.344416,0,1,-11.966963,7.394824,3.718589,1.500000,0.037052
1779543063.354684,0,1,-11.979378,7.386406,3.720778,1.500000,0.039573
1779543063.364771,0,1,-11.991779,7.377968,3.722808,1.500000,0.039573
1779543063.374579,0,1,-12.004153,7.369488,3.725022,1.500000,0.039573
1779543063.384483,0,1,-12.016514,7.360991,3.727066,1.500000,0.036822
1779543063.394402,0,1,-12.028847,7.352454,3.729288,1.500000,0.036822
1779543063.404458,0,1,-12.041170,7.343901,3.731336,1.500000,0.037412
1779543063.414533,0,1,-12.053465,7.335309,3.733562,1.500000,0.037412
1779543063.424492,0,1,-12.065750,7.326702,3.735612,1.500000,0.035122
1779543063.434446,0,1,-12.078008,7.318057,3.737839,1.500000,0.035122
1779543063.444323,0,1,-12.090256,7.309396,3.739890,1.500000,0.032717
1779543063.454532,0,1,-12.102476,7.300698,3.742117,1.500000,0.032717
1779543063.464304,0,1,-12.114686,7.291985,3.744169,1.500000,0.032717
1779543063.474267,0,1,-12.126869,7.283235,3.746397,1.500000,0.032411
1779543063.484683,0,1,-12.139041,7.274469,3.748448,1.500000,0.032411
1779543063.494289,0,1,-12.151187,7.265666,3.750676,1.500000,0.029942
1779543063.505108,0,1,-12.163322,7.256849,3.752728,1.500000,0.029942
1779543063.514527,0,1,-12.175429,7.247994,3.754956,1.500000,0.029942
1779543063.524866,0,1,-12.187541,7.239145,3.756731,1.500000,0.029681
1779543063.534170,0,1,-12.199677,7.230330,3.757843,1.500000,0.029681
1779543063.544317,0,1,-12.211816,7.221517,3.758892,1.500000,0.027140
1779543063.554316,0,1,-12.223966,7.212722,3.759647,1.500000,0.027140
1779543063.564847,0,1,-12.236111,7.203918,3.760517,1.500000,0.028499
1779543063.574480,0,1,-12.248262,7.195123,3.761182,1.500000,0.028499
1779543063.584422,0,1,-12.260403,7.186313,3.762005,1.500000,0.028499
1779543063.594176,0,1,-12.272547,7.177510,3.762644,1.500000,0.031162
1779543063.604831,0,1,-12.284680,7.168689,3.763453,1.500000,0.031162
1779543063.614236,0,1,-12.296815,7.159872,3.764084,1.500000,0.030299
1779543063.624515,0,1,-12.308937,7.151037,3.764889,1.500000,0.030299
1779543063.634113,0,1,-12.321061,7.142205,3.765516,1.500000,0.030079
1779543063.644367,0,1,-12.333171,7.133354,3.766319,1.500000,0.030079
1779543063.654132,0,1,-12.345284,7.124506,3.766946,1.500000,0.030079
1779543063.664612,0,1,-12.357382,7.115638,3.767748,1.500000,0.033818
1779543063.674575,0,1,-12.369482,7.106773,3.768374,1.500000,0.033818
1779543063.684793,0,1,-12.381553,7.097869,3.769452,1.500000,0.033805
1779543063.694219,0,1,-12.393573,7.088896,3.771193,1.500000,0.033805
1779543063.704235,0,1,-12.405566,7.079886,3.772997,1.500000,0.033725
1779543063.714478,0,1,-12.417520,7.070825,3.775096,1.500000,0.033725
1779543063.724956,0,1,-12.429455,7.061739,3.777078,1.500000,0.033615
1779543063.734587,0,1,-12.441357,7.052610,3.779267,1.500000,0.033615
1779543063.744178,0,1,-12.453244,7.043461,3.781297,1.500000,0.032388
1779543063.754182,0,1,-12.465100,7.034273,3.783511,1.500000,0.032388
1779543063.764778,0,1,-12.476943,7.025067,3.785555,1.500000,0.037306
1779543063.774351,0,1,-12.488757,7.015824,3.787777,1.500000,0.037306
1779543063.784548,0,1,-12.500558,7.006565,3.789826,1.500000,0.037306
1779543063.794308,0,1,-12.512331,6.997269,3.792051,1.500000,0.041289
1779543063.804560,0,1,-12.524091,6.987958,3.794102,1.500000,0.041289
1779543063.814510,0,1,-12.535823,6.978612,3.796328,1.500000,0.041289
1779543063.824643,0,1,-12.547543,6.969250,3.798380,1.500000,0.038515
1779543063.834733,0,1,-12.559234,6.959852,3.800607,1.500000,0.036276
1779543063.844500,0,1,-12.570914,6.950440,3.802659,1.500000,0.036276
1779543063.854421,0,1,-12.582565,6.940993,3.804886,1.500000,0.036276
1779543063.864823,0,1,-12.594204,6.931531,3.806938,1.500000,0.038068
1779543063.874328,0,1,-12.605814,6.922033,3.809165,1.500000,0.038068
1779543063.884473,0,1,-12.617412,6.912521,3.811217,1.500000,0.035823
1779543063.894821,0,1,-12.628982,6.902974,3.813445,1.500000,0.035823
1779543063.904633,0,1,-12.640539,6.893412,3.815497,1.500000,0.035823
1779543063.914279,0,1,-12.652068,6.883816,3.817725,1.500000,0.037966
1779543063.924915,0,1,-12.663584,6.874205,3.819777,1.500000,0.037966
1779543063.934514,0,1,-12.675071,6.864559,3.822004,1.500000,0.035710
1779543063.944489,0,1,-12.686547,6.854899,3.824056,1.500000,0.035710
1779543063.954468,0,1,-12.697992,6.845204,3.826284,1.500000,0.038683
1779543063.964349,0,1,-12.709426,6.835495,3.828336,1.500000,0.038683
1779543063.974715,0,1,-12.720830,6.825751,3.830564,1.500000,0.038683
1779543063.984541,0,1,-12.732223,6.815993,3.832616,1.500000,0.035319
1779543063.994532,0,1,-12.743585,6.806200,3.834844,1.500000,0.035319
1779543064.004740,0,1,-12.754935,6.796393,3.836896,1.500000,0.035319
1779543064.014212,0,1,-12.766256,6.786552,3.839123,1.500000,0.037501
1779543064.024493,0,1,-12.777564,6.776697,3.841175,1.500000,0.037501
1779543064.034435,0,1,-12.788842,6.766808,3.843403,1.500000,0.035269
1779543064.044578,0,1,-12.800108,6.756904,3.845455,1.500000,0.035269
1779543064.054433,0,1,-12.811344,6.746966,3.847683,1.500000,0.038310
1779543064.064555,0,1,-12.822567,6.737015,3.849735,1.500000,0.038310
1779543064.074379,0,1,-12.833760,6.727029,3.851962,1.500000,0.038310
1779543064.084632,0,1,-12.844941,6.717030,3.854014,1.500000,0.034963
1779543064.094604,0,1,-12.856091,6.706996,3.856242,1.500000,0.034963
1779543064.104532,0,1,-12.867229,6.696949,3.858294,1.500000,0.038811
1779543064.114477,0,1,-12.878336,6.686868,3.860522,1.500000,0.038811
1779543064.124770,0,1,-12.889431,6.676773,3.862574,1.500000,0.036652
1779543064.134637,0,1,-12.900495,6.666644,3.864802,1.500000,0.036652
1779543064.144567,0,1,-12.911547,6.656502,3.866854,1.500000,0.036652
1779543064.154379,0,1,-12.922567,6.646326,3.869081,1.500000,0.039949
1779543064.164722,0,1,-12.933575,6.636137,3.871133,1.500000,0.039949
1779543064.174368,0,1,-12.944552,6.625914,3.873361,1.500000,0.037813
1779543064.184448,0,1,-12.955516,6.615677,3.875413,1.500000,0.037813
1779543064.194174,0,1,-12.966449,6.605408,3.877641,1.500000,0.037813
1779543064.204318,0,1,-12.977370,6.595124,3.879693,1.500000,0.035671
1779543064.214247,0,1,-12.988259,6.584808,3.881920,1.500000,0.035671
1779543064.224179,0,1,-12.999135,6.574478,3.883972,1.500000,0.033387
1779543064.234397,0,1,-13.009980,6.564115,3.886200,1.500000,0.031060
1779543064.244846,0,1,-13.020811,6.553738,3.888252,1.500000,0.031060
1779543064.254557,0,1,-13.031612,6.543329,3.890480,1.500000,0.028656
1779543064.264437,0,1,-13.042416,6.532924,3.892255,1.500000,0.028656
1779543064.274276,0,1,-13.053251,6.522550,3.893367,1.500000,0.026108
1779543064.284462,0,1,-13.064087,6.512179,3.894416,1.500000,0.026108
1779543064.294267,0,1,-13.074938,6.501822,3.895171,1.500000,0.040682
1779543064.304250,0,1,-13.085781,6.491458,3.896042,1.500000,0.040682
1779543064.314244,0,1,-13.096633,6.481102,3.896706,1.500000,0.040682
1779543064.324664,0,1,-13.107455,6.470715,3.897806,1.500000,0.041935
1779543064.334497,0,1,-13.118220,6.460270,3.899561,1.500000,0.041935
1779543064.344458,0,1,-13.128956,6.449794,3.901373,1.500000,0.041886
1779543064.354199,0,1,-13.139648,6.439274,3.903477,1.500000,0.041886
1779543064.365082,0,1,-13.150319,6.428732,3.905463,1.500000,0.052808
1779543064.374477,0,1,-13.160953,6.418152,3.907654,1.500000,0.052808
1779543064.384215,0,1,-13.171569,6.407555,3.909685,1.500000,0.052808
1779543064.394479,0,1,-13.182150,6.396924,3.911901,1.500000,0.060215
1779543064.404828,0,1,-13.192717,6.386277,3.913945,1.500000,0.060215
1779543064.414308,0,1,-13.203249,6.375597,3.916168,1.500000,0.057860
1779543064.424488,0,1,-13.213768,6.364903,3.918217,1.500000,0.057860
1779543064.434526,0,1,-13.224253,6.354176,3.920442,1.500000,0.056372
1779543064.444423,0,1,-13.234724,6.343436,3.922493,1.500000,0.056372
1779543064.454213,0,1,-13.245163,6.332664,3.924720,1.500000,0.056372
1779543064.464275,0,1,-13.255587,6.321879,3.926771,1.500000,0.056372
1779543064.474531,0,1,-13.265979,6.311061,3.928998,1.500000,0.061459
1779543064.484661,0,1,-13.276358,6.300231,3.931050,1.500000,0.061459
1779543064.494183,0,1,-13.286703,6.289370,3.933278,1.500000,0.059977
1779543064.504655,0,1,-13.297035,6.278495,3.935329,1.500000,0.059977
1779543064.514456,0,1,-13.307333,6.267589,3.937557,1.500000,0.059977
1779543064.524608,0,1,-13.317618,6.256670,3.939609,1.500000,0.066306
1779543064.534536,0,1,-13.327870,6.245721,3.941837,1.500000,0.066306
1779543064.544502,0,1,-13.338108,6.234758,3.943889,1.500000,0.064963
1779543064.554467,0,1,-13.348295,6.223747,3.946393,1.500000,0.064963
1779543064.564657,0,1,-13.358402,6.212664,3.949561,1.500000,0.072483
1779543064.574469,0,1,-13.368460,6.201536,3.952791,1.500000,0.072483
1779543064.584465,0,1,-13.378455,6.190351,3.956316,1.500000,0.071344
1779543064.594379,0,1,-13.388409,6.179130,3.959725,1.500000,0.071344
1779543064.604414,0,1,-13.398307,6.167859,3.963341,1.500000,0.078999
1779543064.614181,0,1,-13.408170,6.156558,3.966797,1.500000,0.078999
1779543064.624275,0,1,-13.417979,6.145210,3.970438,1.500000,0.076368
1779543064.634330,0,1,-13.427756,6.133834,3.973908,1.500000,0.076368
1779543064.644484,0,1,-13.437480,6.122412,3.977557,1.500000,0.076368
1779543064.654553,0,1,-13.447173,6.110964,3.981032,1.500000,0.081155
1779543064.664472,0,1,-13.456813,6.099473,3.984684,1.500000,0.078013
1779543064.674187,0,1,-13.466422,6.087955,3.988161,1.500000,0.078013
1779543064.684588,0,1,-13.475979,6.076394,3.991814,1.500000,0.076442
1779543064.694646,0,1,-13.485506,6.064807,3.995292,1.500000,0.076442
1779543064.704536,0,1,-13.494980,6.053178,3.998946,1.500000,0.076442
1779543064.714412,0,1,-13.504423,6.041523,4.002424,1.500000,0.071299
1779543064.724346,0,1,-13.513813,6.029826,4.006078,1.500000,0.071299
1779543064.734253,0,1,-13.523173,6.018104,4.009557,1.500000,0.067704
1779543064.744117,0,1,-13.532480,6.006341,4.013211,1.500000,0.067704
1779543064.754231,0,1,-13.541755,5.994552,4.016689,1.500000,0.070633
1779543064.765199,0,1,-13.550978,5.982723,4.020344,1.500000,0.070633
1779543064.774293,0,1,-13.560169,5.970868,4.023822,1.500000,0.066990
1779543064.784450,0,1,-13.569307,5.958973,4.027476,1.500000,0.066990
1779543064.794389,0,1,-13.578413,5.947054,4.030955,1.500000,0.092438
1779543064.804814,0,1,-13.587466,5.935094,4.034609,1.500000,0.092438
1779543064.814307,0,1,-13.596487,5.923109,4.038088,1.500000,0.088129
1779543064.824451,0,1,-13.605455,5.911085,4.041742,1.500000,0.088129
1779543064.834547,0,1,-13.614390,5.899037,4.045221,1.500000,0.088129
1779543064.844864,0,1,-13.623271,5.886949,4.048875,1.500000,0.097276
1779543064.854478,0,1,-13.632120,5.874837,4.052354,1.500000,0.097276
1779543064.864502,0,1,-13.640895,5.862672,4.056285,1.500000,0.093058
1779543064.874124,0,1,-13.649566,5.850431,4.060879,1.500000,0.093058
1779543064.884695,0,1,-13.658184,5.838154,4.065259,1.500000,0.093058
1779543064.894445,0,1,-13.666787,5.825867,4.069095,1.500000,0.102840
1779543064.904366,0,1,-13.675347,5.813549,4.072928,1.500000,0.102840
1779543064.914588,0,1,-13.683882,5.801214,4.076497,1.500000,0.098508
1779543064.924647,0,1,-13.692346,5.788830,4.080475,1.500000,0.098508
1779543064.934345,0,1,-13.700708,5.776377,4.085095,1.500000,0.098508
1779543064.944491,0,1,-13.709000,5.763877,4.089766,1.500000,0.094435
1779543064.954268,0,1,-13.717203,5.751319,4.094726,1.500000,0.094435
1779543064.964718,0,1,-13.725367,5.738735,4.099289,1.500000,0.094435
1779543064.974553,0,1,-13.733524,5.726147,4.103219,1.500000,0.101884
1779543064.984485,0,1,-13.741643,5.713534,4.107100,1.500000,0.101884
1779543064.994466,0,1,-13.749740,5.700908,4.110696,1.500000,0.101884
1779543065.004791,0,1,-13.757769,5.688238,4.114690,1.500000,0.109210
1779543065.014517,0,1,-13.765695,5.675503,4.119318,1.500000,0.109210
1779543065.024087,0,1,-13.773550,5.662724,4.123994,1.500000,0.105853
1779543065.034331,0,1,-13.781317,5.649891,4.128957,1.500000,0.105853
1779543065.044927,0,1,-13.789022,5.637021,4.133799,1.500000,0.119448
1779543065.054437,0,1,-13.796645,5.624103,4.138846,1.500000,0.119448
1779543065.064505,0,1,-13.804210,5.611150,4.143732,1.500000,0.114401
1779543065.074428,0,1,-13.811696,5.598152,4.148801,1.500000,0.112472
1779543065.084754,0,1,-13.819126,5.585122,4.153699,1.500000,0.112472
1779543065.094512,0,1,-13.826479,5.572047,4.158775,1.500000,0.112472
1779543065.104522,0,1,-13.833776,5.558942,4.163678,1.500000,0.121181
1779543065.114105,0,1,-13.840995,5.545793,4.168757,1.500000,0.121181
1779543065.124711,0,1,-13.848160,5.532615,4.173660,1.500000,0.119206
1779543065.134582,0,1,-13.855247,5.519395,4.178740,1.500000,0.119206
1779543065.144467,0,1,-13.862280,5.506146,4.183645,1.500000,0.114964
1779543065.154573,0,1,-13.869234,5.492855,4.188725,1.500000,0.114964
1779543065.164655,0,1,-13.876133,5.479536,4.193630,1.500000,0.124641
1779543065.174385,0,1,-13.882954,5.466176,4.198711,1.500000,0.124641
1779543065.184322,0,1,-13.889720,5.452789,4.203616,1.500000,0.120561
1779543065.194546,0,1,-13.896407,5.439362,4.208697,1.500000,0.120561
1779543065.204922,0,1,-13.903038,5.425908,4.213602,1.500000,0.116305
1779543065.214283,0,1,-13.909591,5.412415,4.218683,1.500000,0.116305
1779543065.224622,0,1,-13.916088,5.398895,4.223588,1.500000,0.111867
1779543065.234144,0,1,-13.922505,5.385337,4.228669,1.500000,0.111867
1779543065.244492,0,1,-13.928867,5.371753,4.233574,1.500000,0.109599
1779543065.254492,0,1,-13.935149,5.358131,4.238655,1.500000,0.104942
1779543065.264523,0,1,-13.941375,5.344484,4.243560,1.500000,0.104942
1779543065.274334,0,1,-13.947520,5.330801,4.248641,1.500000,0.104942
1779543065.284837,0,1,-13.953609,5.317093,4.253546,1.500000,0.109602
1779543065.294239,0,1,-13.959617,5.303349,4.258627,1.500000,0.109602
1779543065.304568,0,1,-13.965569,5.289580,4.263532,1.500000,0.149440
1779543065.314260,0,1,-13.971440,5.275777,4.268613,1.500000,0.149440
1779543065.324649,0,1,-13.977254,5.261949,4.273518,1.500000,0.146195
1779543065.334380,0,1,-13.982964,5.248079,4.278876,1.500000,0.146195
1779543065.344343,0,1,-13.988535,5.234151,4.284896,1.500000,0.146195
1779543065.354147,0,1,-13.994004,5.220184,4.290980,1.500000,0.159332
1779543065.364264,0,1,-13.999352,5.206170,4.297358,1.500000,0.159332
1779543065.374289,0,1,-14.004612,5.192122,4.303620,1.500000,0.156400
1779543065.384455,0,1,-14.009760,5.178033,4.310089,1.500000,0.156400
1779543065.394315,0,1,-14.014824,5.163914,4.316398,1.500000,0.152159
1779543065.404727,0,1,-14.019780,5.149757,4.322892,1.500000,0.152159
1779543065.414331,0,1,-14.024656,5.135571,4.329216,1.500000,0.165904
1779543065.424206,0,1,-14.029426,5.121350,4.335718,1.500000,0.165904
1779543065.434366,0,1,-14.034115,5.107102,4.342046,1.500000,0.160896
1779543065.444450,0,1,-14.038676,5.092812,4.348828,1.500000,0.160896
1779543065.454471,0,1,-14.043072,5.078471,4.356274,1.500000,0.174631
1779543065.464583,0,1,-14.047342,5.064091,4.363783,1.500000,0.174631
1779543065.474452,0,1,-14.051468,5.049670,4.371587,1.500000,0.169873
1779543065.484522,0,1,-14.055481,5.035217,4.379275,1.500000,0.169873
1779543065.494344,0,1,-14.059359,5.020727,4.387170,1.500000,0.185909
1779543065.504345,0,1,-14.063130,5.006209,4.394906,1.500000,0.185909
1779543065.514513,0,1,-14.066769,4.991657,4.402826,1.500000,0.176948
1779543065.525050,0,1,-14.070304,4.977079,4.410576,1.500000,0.176948
1779543065.534550,0,1,-14.073710,4.962471,4.418505,1.500000,0.170015
1779543065.544569,0,1,-14.077012,4.947839,4.426259,1.500000,0.170015
1779543065.554191,0,1,-14.080186,4.933179,4.434191,1.500000,0.181326
1779543065.564833,0,1,-14.083256,4.918497,4.441948,1.500000,0.181326
1779543065.574150,0,1,-14.086198,4.903788,4.449881,1.500000,0.174477
1779543065.584481,0,1,-14.089037,4.889059,4.457638,1.500000,0.174477
1779543065.594562,0,1,-14.091747,4.874306,4.465572,1.500000,0.174477
1779543065.604903,0,1,-14.094354,4.859534,4.473330,1.500000,0.180990
1779543065.614558,0,1,-14.096832,4.844740,4.481263,1.500000,0.180990
1779543065.624648,0,1,-14.099207,4.829930,4.489021,1.500000,0.180990
1779543065.634194,0,1,-14.101452,4.815099,4.496955,1.500000,0.170701
1779543065.644547,0,1,-14.103594,4.800252,4.504714,1.500000,0.170701
1779543065.654559,0,1,-14.105606,4.785388,4.512647,1.500000,0.170701
1779543065.664710,0,1,-14.107515,4.770510,4.520406,1.500000,0.175416
1779543065.674907,0,1,-14.109293,4.755616,4.528340,1.500000,0.175416
1779543065.684807,0,1,-14.110968,4.740710,4.536098,1.500000,0.175416
1779543065.694427,0,1,-14.112513,4.725789,4.544032,1.500000,0.164870
1779543065.704746,0,1,-14.113954,4.710859,4.551790,1.500000,0.164870
1779543065.714690,0,1,-14.115264,4.695916,4.559724,1.500000,0.164870
1779543065.724793,0,1,-14.116471,4.680965,4.567483,1.500000,0.153546
1779543065.734380,0,1,-14.117546,4.666004,4.575417,1.500000,0.153546
1779543065.744469,0,1,-14.118543,4.651037,4.582898,1.500000,0.153546
1779543065.754675,0,1,-14.119496,4.636067,4.589716,1.500000,0.162964
1779543065.764637,0,1,-14.120368,4.621092,4.596472,1.500000,0.162964
1779543065.774457,0,1,-14.121175,4.606114,4.602933,1.500000,0.162964
1779543065.786418,0,1,-14.121861,4.591130,4.609787,1.500000,0.151648
1779543065.794474,0,1,-14.122384,4.576139,4.617273,1.500000,0.151648
1779543065.805393,0,1,-14.122808,4.561145,4.624529,1.500000,0.151648
1779543065.814783,0,1,-14.123174,4.546150,4.631231,1.500000,0.151648
1779543065.824684,0,1,-14.123448,4.531152,4.637925,1.500000,0.156005
1779543065.834682,0,1,-14.123651,4.516154,4.644353,1.500000,0.156005
1779543065.844365,0,1,-14.123752,4.501154,4.650911,1.500000,0.156005
1779543065.854697,0,1,-14.123776,4.486154,4.657271,1.500000,0.156909
1779543065.864708,0,1,-14.123694,4.471154,4.663794,1.500000,0.156909
1779543065.874707,0,1,-14.123532,4.456155,4.670135,1.500000,0.156909
1779543065.884947,0,1,-14.123262,4.441158,4.676647,1.500000,0.148452
1779543065.894808,0,1,-14.122911,4.426162,4.682983,1.500000,0.148452
1779543065.904510,0,1,-14.122451,4.411169,4.689492,1.500000,0.148452
1779543065.914353,0,1,-14.121909,4.396179,4.695826,1.500000,0.150757
1779543065.924540,0,1,-14.121258,4.381193,4.702334,1.500000,0.150757
1779543065.934378,0,1,-14.120524,4.366211,4.708667,1.500000,0.150757
1779543065.944522,0,1,-14.119681,4.351235,4.715174,1.500000,0.150757
1779543065.954333,0,1,-14.118755,4.336263,4.721506,1.500000,0.149729
1779543065.964599,0,1,-14.117720,4.321299,4.728014,1.500000,0.149729
1779543065.974595,0,1,-14.116602,4.306341,4.734346,1.500000,0.149729
1779543065.984696,0,1,-14.115375,4.291391,4.740854,1.500000,0.141454
1779543065.994821,0,1,-14.114066,4.276448,4.747185,1.500000,0.141454
1779543066.004715,0,1,-14.112647,4.261516,4.753693,1.500000,0.141454
1779543066.014593,0,1,-14.111146,4.246591,4.760025,1.500000,0.142515
1779543066.024711,0,1,-14.109535,4.231678,4.766532,1.500000,0.142515
1779543066.034743,0,1,-14.107843,4.216773,4.772864,1.500000,0.142515
1779543066.044471,0,1,-14.106041,4.201882,4.779371,1.500000,0.142515
1779543066.054610,0,1,-14.104157,4.187001,4.785703,1.500000,0.140179
1779543066.065407,0,1,-14.102165,4.172134,4.792210,1.500000,0.140179
1779543066.075515,0,1,-14.100090,4.157278,4.798542,1.500000,0.140179
1779543066.084569,0,1,-14.097906,4.142438,4.805050,1.500000,0.134363
1779543066.094918,0,1,-14.095641,4.127610,4.811381,1.500000,0.134363
1779543066.104908,0,1,-14.093267,4.112799,4.817889,1.500000,0.134363
1779543066.114444,0,1,-14.090812,4.098001,4.824221,1.500000,0.131402
1779543066.124415,0,1,-14.088248,4.083222,4.830728,1.500000,0.131402
1779543066.134776,0,1,-14.085603,4.068457,4.837060,1.500000,0.131402
1779543066.144593,0,1,-14.082849,4.053712,4.843567,1.500000,0.131402
1779543066.155088,0,1,-14.080015,4.038982,4.849899,1.500000,0.127919
1779543066.164847,0,1,-14.077072,4.024274,4.856406,1.500000,0.127919
1779543066.174712,0,1,-14.074061,4.009579,4.862600,1.500000,0.127919
1779543066.184883,0,1,-14.070986,3.994898,4.868549,1.500000,0.118574
1779543066.194686,0,1,-14.067840,3.980232,4.874379,1.500000,0.118574
1779543066.204464,0,1,-14.064631,3.965579,4.880012,1.500000,0.118574
1779543066.214773,0,1,-14.061389,3.950933,4.885195,1.500000,0.108565
1779543066.224845,0,1,-14.058077,3.936303,4.890419,1.500000,0.108565
1779543066.234666,0,1,-14.054719,3.921684,4.895401,1.500000,0.108565
1779543066.245002,0,1,-14.051282,3.907083,4.900523,1.500000,0.099166
1779543066.254909,0,1,-14.047792,3.892495,4.905452,1.500000,0.099166
1779543066.264956,0,1,-14.044219,3.877927,4.910546,1.500000,0.099166
1779543066.274581,0,1,-14.040590,3.863372,4.915460,1.500000,0.106413
1779543066.284857,0,1,-14.036877,3.848839,4.920546,1.500000,0.106413
1779543066.295352,0,1,-14.033106,3.834321,4.925455,1.500000,0.106413
1779543066.304946,0,1,-14.029251,3.819825,4.930538,1.500000,0.106413
1779543066.314875,0,1,-14.025337,3.805345,4.935445,1.500000,0.109815
1779543066.324602,0,1,-14.021338,3.790887,4.940526,1.500000,0.109815
1779543066.335010,0,1,-14.017280,3.776447,4.945432,1.500000,0.109815
1779543066.345082,0,1,-14.013138,3.762030,4.950514,1.500000,0.103078
1779543066.354777,0,1,-14.008937,3.747630,4.955419,1.500000,0.103078
1779543066.364845,0,1,-14.004651,3.733256,4.960500,1.500000,0.103078
1779543066.375089,0,1,-14.000306,3.718899,4.965406,1.500000,0.103078
1779543066.384712,0,1,-13.995877,3.704568,4.970487,1.500000,0.104466
1779543066.394803,0,1,-13.991389,3.690255,4.975392,1.500000,0.104466
1779543066.404651,0,1,-13.986817,3.675969,4.980473,1.500000,0.104466
1779543066.414815,0,1,-13.982187,3.661701,4.985378,1.500000,0.102899
1779543066.424441,0,1,-13.977472,3.647461,4.990459,1.500000,0.102899
1779543066.434748,0,1,-13.972700,3.633241,4.995364,1.500000,0.102899
1779543066.444768,0,1,-13.967843,3.619049,5.000445,1.500000,0.102899
1779543066.454749,0,1,-13.962929,3.604877,5.005350,1.500000,0.100764
1779543066.464595,0,1,-13.957931,3.590734,5.010431,1.500000,0.100764
1779543066.474355,0,1,-13.952875,3.576611,5.015336,1.500000,0.095979
1779543066.484502,0,1,-13.947737,3.562519,5.020417,1.500000,0.095979
1779543066.496126,0,1,-13.942552,3.548444,5.025184,1.500000,0.095979
1779543066.505067,0,1,-13.937326,3.534384,5.029707,1.500000,0.095979
1779543066.514719,0,1,-13.932052,3.520341,5.034110,1.500000,0.093563
1779543066.524847,0,1,-13.926727,3.506318,5.038455,1.500000,0.093563
1779543066.535535,0,1,-13.921360,3.492311,5.042631,1.500000,0.093563
1779543066.544626,0,1,-13.915978,3.478310,5.046372,1.500000,0.088526
1779543066.554776,0,1,-13.910549,3.464327,5.050162,1.500000,0.088526
1779543066.564771,0,1,-13.905094,3.450354,5.053712,1.500000,0.088526
1779543066.574799,0,1,-13.899584,3.436403,5.057405,1.500000,0.087479
1779543066.584834,0,1,-13.894042,3.422464,5.060905,1.500000,0.087479
1779543066.594635,0,1,-13.888441,3.408549,5.064573,1.500000,0.087479
1779543066.604798,0,1,-13.882805,3.394648,5.068059,1.500000,0.087479
1779543066.614856,0,1,-13.877110,3.380771,5.071718,1.500000,0.088356
1779543066.624840,0,1,-13.871378,3.366910,5.075200,1.500000,0.088356
1779543066.634582,0,1,-13.865586,3.353073,5.078857,1.500000,0.088356
1779543066.644591,0,1,-13.859757,3.339252,5.082337,1.500000,0.085402
1779543066.654632,0,1,-13.853867,3.325457,5.085992,1.500000,0.085402
1779543066.665572,0,1,-13.847940,3.311677,5.089471,1.500000,0.085402
1779543066.674566,0,1,-13.841953,3.297924,5.093126,1.500000,0.085402
1779543066.684602,0,1,-13.835928,3.284187,5.096605,1.500000,0.087556
1779543066.695418,0,1,-13.829843,3.270477,5.100259,1.500000,0.087556
1779543066.704447,0,1,-13.823721,3.256783,5.103738,1.500000,0.087556
1779543066.714780,0,1,-13.817538,3.243117,5.107392,1.500000,0.081731
1779543066.724851,0,1,-13.811318,3.229467,5.110871,1.500000,0.081731
1779543066.736624,0,1,-13.805038,3.215845,5.114525,1.500000,0.081731
1779543066.744772,0,1,-13.798721,3.202240,5.118004,1.500000,0.078552
1779543066.754783,0,1,-13.792344,3.188663,5.121658,1.500000,0.078552
1779543066.764903,0,1,-13.785931,3.175103,5.125137,1.500000,0.078552
1779543066.774906,0,1,-13.779457,3.161572,5.128791,1.500000,0.086970
1779543066.784993,0,1,-13.772947,3.148059,5.132270,1.500000,0.086970
1779543066.794871,0,1,-13.766377,3.134574,5.135924,1.500000,0.086970
1779543066.804963,0,1,-13.759770,3.121107,5.139403,1.500000,0.086970
1779543066.814709,0,1,-13.753104,3.107670,5.143057,1.500000,0.085286
1779543066.824654,0,1,-13.746402,3.094251,5.146535,1.500000,0.085286
1779543066.834845,0,1,-13.739640,3.080861,5.150190,1.500000,0.085286
1779543066.844605,0,1,-13.732842,3.067490,5.153668,1.500000,0.085286
1779543066.854958,0,1,-13.725985,3.054149,5.157323,1.500000,0.080620
1779543066.864910,0,1,-13.719092,3.040827,5.160801,1.500000,0.080620
1779543066.874861,0,1,-13.712140,3.027535,5.164455,1.500000,0.080620
1779543066.884639,0,1,-13.705152,3.014262,5.167934,1.500000,0.082271
1779543066.895808,0,1,-13.698105,3.001020,5.171588,1.500000,0.082271
1779543066.905145,0,1,-13.691023,2.987798,5.175067,1.500000,0.082271
1779543066.915032,0,1,-13.683882,2.974607,5.178721,1.500000,0.082271
1779543066.924843,0,1,-13.676706,2.961435,5.182200,1.500000,0.082725
1779543066.935793,0,1,-13.669470,2.948295,5.185854,1.500000,0.082725
1779543066.944997,0,1,-13.662200,2.935175,5.189333,1.500000,0.082725
1779543066.954941,0,1,-13.654872,2.922087,5.192987,1.500000,0.082725
1779543066.964851,0,1,-13.647508,2.909018,5.196466,1.500000,0.083064
1779543066.975227,0,1,-13.640086,2.895983,5.200120,1.500000,0.083064
1779543066.984664,0,1,-13.632630,2.882968,5.203598,1.500000,0.083064
1779543066.994733,0,1,-13.625115,2.869986,5.207253,1.500000,0.078374
1779543067.004841,0,1,-13.617566,2.857024,5.210731,1.500000,0.078374
1779543067.015415,0,1,-13.609959,2.844096,5.214386,1.500000,0.078374
1779543067.024508,0,1,-13.602318,2.831188,5.217864,1.500000,0.078374
1779543067.034833,0,1,-13.594619,2.818315,5.221518,1.500000,0.079709
1779543067.044451,0,1,-13.586885,2.805462,5.224997,1.500000,0.079709
1779543067.054660,0,1,-13.579095,2.792644,5.228651,1.500000,0.079709
1779543067.064908,0,1,-13.571270,2.779847,5.232130,1.500000,0.081601
1779543067.074845,0,1,-13.563388,2.767084,5.235784,1.500000,0.081601
1779543067.084759,0,1,-13.555472,2.754343,5.239263,1.500000,0.081601
1779543067.094913,0,1,-13.547500,2.741637,5.242917,1.500000,0.081601
1779543067.104829,0,1,-13.539493,2.728953,5.246396,1.500000,0.081943
1779543067.114739,0,1,-13.531430,2.716304,5.250050,1.500000,0.081943
1779543067.124910,0,1,-13.523333,2.703677,5.253528,1.500000,0.081943
1779543067.135051,0,1,-13.515180,2.691087,5.257183,1.500000,0.081943
1779543067.144826,0,1,-13.506993,2.678518,5.260661,1.500000,0.077260
1779543067.154638,0,1,-13.498750,2.665986,5.264316,1.500000,0.077260
1779543067.164472,0,1,-13.490474,2.653475,5.267794,1.500000,0.077260
1779543067.174913,0,1,-13.482142,2.641002,5.271448,1.500000,0.077612
1779543067.184850,0,1,-13.473777,2.628551,5.274927,1.500000,0.077612
1779543067.194327,0,1,-13.465357,2.616138,5.278581,1.500000,0.077612
1779543067.204357,0,1,-13.456903,2.603747,5.282060,1.500000,0.074298
1779543067.214809,0,1,-13.448394,2.591394,5.285714,1.500000,0.074298
1779543067.224828,0,1,-13.439852,2.579064,5.289193,1.500000,0.069027
1779543067.234571,0,1,-13.431255,2.566772,5.292847,1.500000,0.069027
1779543067.244509,0,1,-13.422625,2.554503,5.296326,1.500000,0.069027
1779543067.254737,0,1,-13.413941,2.542272,5.299980,1.500000,0.063605
1779543067.264821,0,1,-13.405224,2.530065,5.303459,1.500000,0.063605
1779543067.274545,0,1,-13.396453,2.517897,5.307113,1.500000,0.063605
1779543067.284731,0,1,-13.387669,2.505738,5.310314,1.500000,0.063605
1779543067.295289,0,1,-13.378903,2.493566,5.312853,1.500000,0.062665
1779543067.304812,0,1,-13.370122,2.481405,5.315329,1.500000,0.062665
1779543067.314640,0,1,-13.361340,2.469244,5.317510,1.500000,0.062665
1779543067.324517,0,1,-13.352533,2.457102,5.319808,1.500000,0.073771
1779543067.334671,0,1,-13.343717,2.444966,5.321898,1.500000,0.073771
1779543067.344966,0,1,-13.334850,2.432868,5.324425,1.500000,0.073771
1779543067.354733,0,1,-13.325900,2.420830,5.327606,1.500000,0.073771
1779543067.364720,0,1,-13.316899,2.408831,5.330845,1.500000,0.077200
1779543067.375196,0,1,-13.307831,2.396883,5.334376,1.500000,0.077200
1779543067.384859,0,1,-13.298722,2.384965,5.337788,1.500000,0.077200
1779543067.394466,0,1,-13.289553,2.373093,5.341406,1.500000,0.075291
1779543067.404774,0,1,-13.280349,2.361249,5.344864,1.500000,0.075291
1779543067.414760,0,1,-13.271089,2.349449,5.348505,1.500000,0.075291
1779543067.424707,0,1,-13.261795,2.337675,5.351977,1.500000,0.077893
1779543067.434763,0,1,-13.252448,2.325944,5.355626,1.500000,0.077893
1779543067.444527,0,1,-13.243068,2.314238,5.359101,1.500000,0.077893
1779543067.454856,0,1,-13.233635,2.302575,5.362754,1.500000,0.077893
1779543067.464925,0,1,-13.224171,2.290938,5.366231,1.500000,0.078388
1779543067.474863,0,1,-13.214654,2.279344,5.369884,1.500000,0.078388
1779543067.484690,0,1,-13.205106,2.267775,5.373362,1.500000,0.078388
1779543067.494662,0,1,-13.195507,2.256249,5.377016,1.500000,0.081605
1779543067.504890,0,1,-13.185877,2.244748,5.380494,1.500000,0.081605
1779543067.514790,0,1,-13.176195,2.233291,5.384148,1.500000,0.081605
1779543067.524654,0,1,-13.166483,2.221860,5.387627,1.500000,0.075498
1779543067.534853,0,1,-13.156720,2.210472,5.391281,1.500000,0.075498
1779543067.544815,0,1,-13.146926,2.199111,5.394759,1.500000,0.075498
1779543067.554897,0,1,-13.137082,2.187793,5.398414,1.500000,0.075498
1779543067.564357,0,1,-13.127208,2.176501,5.401892,1.500000,0.075755
1779543067.575814,0,1,-13.117283,2.165254,5.405546,1.500000,0.075755
1779543067.584462,0,1,-13.107328,2.154033,5.409025,1.500000,0.075755
1779543067.594886,0,1,-13.097323,2.142857,5.412679,1.500000,0.070750
1779543067.604388,0,1,-13.087289,2.131708,5.416158,1.500000,0.070750
1779543067.615129,0,1,-13.077205,2.120603,5.419812,1.500000,0.070750
1779543067.624382,0,1,-13.067091,2.109526,5.423291,1.500000,0.072594
1779543067.634641,0,1,-13.056928,2.098494,5.426945,1.500000,0.072594
1779543067.644620,0,1,-13.046736,2.087488,5.430424,1.500000,0.072594
1779543067.654896,0,1,-13.036494,2.076529,5.434078,1.500000,0.072594
1779543067.664870,0,1,-13.026223,2.065597,5.437556,1.500000,0.072657
1779543067.674696,0,1,-13.015904,2.054711,5.441211,1.500000,0.072657
1779543067.684383,0,1,-13.005555,2.043852,5.444689,1.500000,0.072657
1779543067.694808,0,1,-12.995159,2.033040,5.448344,1.500000,0.067534
1779543067.704766,0,1,-12.984733,2.022255,5.451822,1.500000,0.067534
1779543067.714793,0,1,-12.974259,2.011517,5.455476,1.500000,0.067534
1779543067.724715,0,1,-12.963757,2.000808,5.458955,1.500000,0.061964
1779543067.735045,0,1,-12.953207,1.990145,5.462609,1.500000,0.061964
1779543067.744550,0,1,-12.942646,1.979492,5.465811,1.500000,0.061964
1779543067.754651,0,1,-12.932101,1.968825,5.468350,1.500000,0.056281
1779543067.764747,0,1,-12.921542,1.958171,5.470825,1.500000,0.056281
1779543067.774763,0,1,-12.910983,1.947517,5.473007,1.500000,0.056281
1779543067.784760,0,1,-12.900401,1.936885,5.475304,1.500000,0.052237
1779543067.794850,0,1,-12.889813,1.926261,5.477395,1.500000,0.052237
1779543067.804848,0,1,-12.879196,1.915664,5.479645,1.500000,0.052237
1779543067.815303,0,1,-12.868570,1.905077,5.481710,1.500000,0.052237
1779543067.824627,0,1,-12.857913,1.894521,5.483946,1.500000,0.051955
1779543067.834470,0,1,-12.847245,1.883976,5.486004,1.500000,0.051955
1779543067.844501,0,1,-12.836546,1.873463,5.488235,1.500000,0.051955
1779543067.854809,0,1,-12.825834,1.862962,5.490289,1.500000,0.064374
1779543067.864811,0,1,-12.815092,1.852494,5.492519,1.500000,0.064374
1779543067.874531,0,1,-12.804336,1.842038,5.494572,1.500000,0.064374
1779543067.884934,0,1,-12.793532,1.831633,5.497077,1.500000,0.067804
1779543067.895125,0,1,-12.782654,1.821305,5.500245,1.500000,0.067804
1779543067.904694,0,1,-12.771730,1.811025,5.503476,1.500000,0.067804
1779543067.914749,0,1,-12.760748,1.800808,5.507001,1.500000,0.067804
1779543067.924765,0,1,-12.749729,1.790630,5.510410,1.500000,0.074948
1779543067.934992,0,1,-12.738660,1.780508,5.514026,1.500000,0.074948
1779543067.944902,0,1,-12.727559,1.770419,5.517482,1.500000,0.074948
1779543067.954445,0,1,-12.716410,1.760384,5.521123,1.500000,0.071310
1779543067.965019,0,1,-12.705233,1.750381,5.524594,1.500000,0.071310
1779543067.974952,0,1,-12.694010,1.740429,5.528242,1.500000,0.071310
1779543067.984810,0,1,-12.682759,1.730508,5.531718,1.500000,0.071310
1779543067.994735,0,1,-12.671463,1.720639,5.535370,1.500000,0.070805
1779543068.004538,0,1,-12.660141,1.710800,5.538847,1.500000,0.070805
1779543068.015114,0,1,-12.648774,1.701012,5.542500,1.500000,0.070805
1779543068.024510,0,1,-12.637382,1.691255,5.545978,1.500000,0.071759
1779543068.034292,0,1,-12.625945,1.681549,5.549631,1.500000,0.071759
1779543068.044364,0,1,-12.614483,1.671873,5.553110,1.500000,0.071759
1779543068.054677,0,1,-12.602977,1.662249,5.556764,1.500000,0.071759
1779543068.064843,0,1,-12.591446,1.652656,5.560242,1.500000,0.072694
1779543068.074523,0,1,-12.579872,1.643115,5.563896,1.500000,0.072694
1779543068.084662,0,1,-12.568272,1.633604,5.567375,1.500000,0.067398
1779543068.095364,0,1,-12.556631,1.624145,5.571029,1.500000,0.067398
1779543068.104753,0,1,-12.544964,1.614718,5.574508,1.500000,0.067398
1779543068.114655,0,1,-12.533255,1.605342,5.578162,1.500000,0.067398
1779543068.124602,0,1,-12.521521,1.595998,5.581640,1.500000,0.066411
1779543068.134800,0,1,-12.509745,1.586706,5.585295,1.500000,0.066411
1779543068.144845,0,1,-12.497945,1.577446,5.588773,1.500000,0.066411
1779543068.154660,0,1,-12.486103,1.568239,5.592428,1.500000,0.067113
1779543068.164716,0,1,-12.474237,1.559063,5.595906,1.500000,0.067113
1779543068.174851,0,1,-12.462330,1.549940,5.599560,1.500000,0.067113
1779543068.184878,0,1,-12.450399,1.540849,5.603039,1.500000,0.061592
1779543068.194331,0,1,-12.438427,1.531812,5.606693,1.500000,0.061592
1779543068.204780,0,1,-12.426446,1.522786,5.609895,1.500000,0.061592
1779543068.214823,0,1,-12.414478,1.513744,5.612434,1.500000,0.055939
1779543068.224742,0,1,-12.402499,1.504716,5.614909,1.500000,0.055939
1779543068.234720,0,1,-12.390520,1.495688,5.617091,1.500000,0.055939
1779543068.244360,0,1,-12.378521,1.486687,5.619388,1.500000,0.049862
1779543068.254617,0,1,-12.366517,1.477692,5.621479,1.500000,0.049862
1779543068.264787,0,1,-12.354489,1.468730,5.623729,1.500000,0.049862
1779543068.274706,0,1,-12.342452,1.459779,5.625794,1.500000,0.049862
1779543068.284629,0,1,-12.330390,1.450862,5.628030,1.500000,0.048692
1779543068.294912,0,1,-12.318319,1.441958,5.630088,1.500000,0.048692
1779543068.304758,0,1,-12.306221,1.433090,5.632319,1.500000,0.048692
1779543068.314489,0,1,-12.294113,1.424236,5.634373,1.500000,0.062001
1779543068.324712,0,1,-12.281978,1.415419,5.636602,1.500000,0.062001
1779543068.335076,0,1,-12.269833,1.406616,5.638656,1.500000,0.062001
1779543068.344541,0,1,-12.257661,1.397850,5.640884,1.500000,0.062001
1779543068.354681,0,1,-12.245479,1.389098,5.642937,1.500000,0.063634
1779543068.364712,0,1,-12.233270,1.380384,5.645165,1.500000,0.063634
1779543068.375801,0,1,-12.221050,1.371684,5.647217,1.500000,0.063634
1779543068.384606,0,1,-12.208804,1.363022,5.649445,1.500000,0.061571
1779543068.394716,0,1,-12.196547,1.354375,5.651497,1.500000,0.061571
1779543068.404573,0,1,-12.184265,1.345765,5.653725,1.500000,0.061571
1779543068.415298,0,1,-12.171971,1.337170,5.655777,1.500000,0.061571
1779543068.424745,0,1,-12.159651,1.328613,5.658004,1.500000,0.064685
1779543068.434632,0,1,-12.147321,1.320071,5.660057,1.500000,0.064685
1779543068.444653,0,1,-12.134951,1.311587,5.662561,1.500000,0.064685
1779543068.454863,0,1,-12.122521,1.303191,5.665729,1.500000,0.066983
1779543068.464549,0,1,-12.110053,1.294851,5.668959,1.500000,0.066983
1779543068.474862,0,1,-12.097538,1.286583,5.672484,1.500000,0.066983
1779543068.484741,0,1,-12.084993,1.278358,5.675893,1.500000,0.065672
1779543068.495121,0,1,-12.072408,1.270198,5.679509,1.500000,0.065672
1779543068.504749,0,1,-12.059797,1.262076,5.682965,1.500000,0.065672
1779543068.514450,0,1,-12.047147,1.254014,5.686606,1.500000,0.066790
1779543068.524297,0,1,-12.034475,1.245988,5.690076,1.500000,0.066790
1779543068.535113,0,1,-12.021766,1.238021,5.693725,1.500000,0.066790
1779543068.544706,0,1,-12.009034,1.230089,5.697200,1.500000,0.066790
1779543068.554388,0,1,-11.996267,1.222215,5.700852,1.500000,0.064713
1779543068.564502,0,1,-11.983479,1.214376,5.704329,1.500000,0.064713
1779543068.574869,0,1,-11.970655,1.206594,5.707982,1.500000,0.064713
1779543068.584795,0,1,-11.957811,1.198847,5.711460,1.500000,0.061032
1779543068.594695,0,1,-11.944932,1.191158,5.715114,1.500000,0.061032
1779543068.604678,0,1,-11.932045,1.183481,5.718315,1.500000,0.061032
1779543068.615250,0,1,-11.919169,1.175787,5.720854,1.500000,0.058522
1779543068.624509,0,1,-11.906283,1.168108,5.723329,1.500000,0.058522
1779543068.634412,0,1,-11.893398,1.160429,5.725511,1.500000,0.058522
1779543068.644808,0,1,-11.880495,1.152778,5.727808,1.500000,0.052548
1779543068.654875,0,1,-11.867588,1.145136,5.729899,1.500000,0.052548
1779543068.664789,0,1,-11.854661,1.137528,5.732149,1.500000,0.052548
1779543068.674713,0,1,-11.841727,1.129932,5.734214,1.500000,0.052548
1779543068.684692,0,1,-11.828771,1.122372,5.736450,1.500000,0.053825
1779543068.695013,0,1,-11.815807,1.114827,5.738507,1.500000,0.053825
1779543068.704454,0,1,-11.802820,1.107320,5.740738,1.500000,0.053825
1779543068.714435,0,1,-11.789825,1.099829,5.742793,1.500000,0.050091
1779543068.724556,0,1,-11.776808,1.092376,5.745022,1.500000,0.050091
1779543068.734444,0,1,-11.763781,1.084939,5.747075,1.500000,0.048137
1779543068.744354,0,1,-11.750732,1.077541,5.749304,1.500000,0.048137
1779543068.754290,0,1,-11.737674,1.070159,5.751356,1.500000,0.048137
1779543068.764460,0,1,-11.724594,1.062817,5.753584,1.500000,0.045341
1779543068.774777,0,1,-11.711505,1.055491,5.755636,1.500000,0.045341
1779543068.784460,0,1,-11.698393,1.048204,5.757864,1.500000,0.045341
1779543068.794535,0,1,-11.685273,1.040934,5.759916,1.500000,0.045341
1779543068.804484,0,1,-11.672131,1.033704,5.762144,1.500000,0.053447
1779543068.814512,0,1,-11.658979,1.026490,5.764196,1.500000,0.053447
1779543068.824440,0,1,-11.645806,1.019316,5.766424,1.500000,0.053447
1779543068.834715,0,1,-11.632624,1.012158,5.768476,1.500000,0.052882
1779543068.844519,0,1,-11.619420,1.005041,5.770704,1.500000,0.052882
1779543068.854456,0,1,-11.606208,0.997939,5.772756,1.500000,0.052882
1779543068.864192,0,1,-11.592973,0.990878,5.774984,1.500000,0.056816
1779543068.874269,0,1,-11.579731,0.983834,5.777036,1.500000,0.056816
1779543068.884759,0,1,-11.566466,0.976829,5.779263,1.500000,0.056816
1779543068.894753,0,1,-11.553194,0.969842,5.781315,1.500000,0.056816
1779543068.904455,0,1,-11.539899,0.962894,5.783543,1.500000,0.059476
1779543068.914467,0,1,-11.526597,0.955963,5.785595,1.500000,0.059476
1779543068.924308,0,1,-11.513273,0.949073,5.787823,1.500000,0.056270
1779543068.934540,0,1,-11.499941,0.942199,5.789875,1.500000,0.056270
1779543068.944754,0,1,-11.486588,0.935365,5.792102,1.500000,0.056270
1779543068.954342,0,1,-11.473226,0.928548,5.794155,1.500000,0.057956
1779543068.964421,0,1,-11.459844,0.921772,5.796382,1.500000,0.057956
1779543068.974764,0,1,-11.446454,0.915012,5.798434,1.500000,0.057956
1779543068.984358,0,1,-11.433043,0.908293,5.800662,1.500000,0.055568
1779543068.994304,0,1,-11.419623,0.901591,5.802714,1.500000,0.055568
1779543069.004468,0,1,-11.406184,0.894930,5.804942,1.500000,0.055568
1779543069.014504,0,1,-11.392736,0.888285,5.806994,1.500000,0.057158
1779543069.024567,0,1,-11.379268,0.881681,5.809221,1.500000,0.057158
1779543069.034309,0,1,-11.365791,0.875094,5.811273,1.500000,0.057158
1779543069.044243,0,1,-11.352295,0.868548,5.813501,1.500000,0.057158
1779543069.055755,0,1,-11.338791,0.862018,5.815553,1.500000,0.057845
1779543069.064511,0,1,-11.325267,0.855530,5.817781,1.500000,0.057845
1779543069.074417,0,1,-11.311735,0.849058,5.819833,1.500000,0.056229
1779543069.084316,0,1,-11.298183,0.842628,5.822061,1.500000,0.056229
1779543069.094608,0,1,-11.284623,0.836214,5.824113,1.500000,0.056229
1779543069.104533,0,1,-11.271044,0.829842,5.826340,1.500000,0.057662
1779543069.114441,0,1,-11.257457,0.823486,5.828392,1.500000,0.057662
1779543069.124472,0,1,-11.243851,0.817172,5.830620,1.500000,0.057662
1779543069.134710,0,1,-11.230237,0.810875,5.832672,1.500000,0.055088
1779543069.144605,0,1,-11.216603,0.804619,5.834900,1.500000,0.055088
1779543069.154403,0,1,-11.202963,0.798380,5.836952,1.500000,0.055088
1779543069.164322,0,1,-11.189303,0.792183,5.839179,1.500000,0.056451
1779543069.174264,0,1,-11.175635,0.786002,5.841231,1.500000,0.056451
1779543069.184540,0,1,-11.161949,0.779863,5.843459,1.500000,0.056451
1779543069.194349,0,1,-11.148255,0.773741,5.845511,1.500000,0.053792
1779543069.204239,0,1,-11.134543,0.767661,5.847739,1.500000,0.053792
1779543069.214767,0,1,-11.120823,0.761597,5.849791,1.500000,0.053792
1779543069.224726,0,1,-11.107085,0.755576,5.852019,1.500000,0.051965
1779543069.234562,0,1,-11.093339,0.749571,5.854071,1.500000,0.051965
1779543069.244618,0,1,-11.079575,0.743608,5.856298,1.500000,0.049143
1779543069.254816,0,1,-11.065804,0.737663,5.858350,1.500000,0.049143
1779543069.264613,0,1,-11.052014,0.731759,5.860578,1.500000,0.049143
1779543069.274625,0,1,-11.038218,0.725872,5.862630,1.500000,0.049143
1779543069.284288,0,1,-11.024403,0.720028,5.864858,1.500000,0.053445
1779543069.294770,0,1,-11.010582,0.714200,5.866910,1.500000,0.053445
1779543069.304770,0,1,-10.996742,0.708414,5.869137,1.500000,0.053445
1779543069.314498,0,1,-10.982896,0.702646,5.871190,1.500000,0.054381
1779543069.324240,0,1,-10.969032,0.696920,5.873417,1.500000,0.054381
1779543069.334607,0,1,-10.955161,0.691211,5.875469,1.500000,0.054381
1779543069.344380,0,1,-10.941272,0.685544,5.877697,1.500000,0.052615
1779543069.354471,0,1,-10.927377,0.679894,5.879749,1.500000,0.052615
1779543069.364680,0,1,-10.913465,0.674287,5.881977,1.500000,0.052615
1779543069.375216,0,1,-10.899545,0.668697,5.884029,1.500000,0.052549
1779543069.384493,0,1,-10.885609,0.663149,5.886256,1.500000,0.052549
1779543069.394298,0,1,-10.871666,0.657618,5.888308,1.500000,0.052549
1779543069.404650,0,1,-10.857706,0.652130,5.890536,1.500000,0.053622
1779543069.414999,0,1,-10.843739,0.646659,5.892588,1.500000,0.053622
1779543069.424732,0,1,-10.829756,0.641231,5.894816,1.500000,0.053622
1779543069.434576,0,1,-10.815766,0.635820,5.896868,1.500000,0.050846
1779543069.444562,0,1,-10.801759,0.630452,5.899096,1.500000,0.050846
1779543069.454683,0,1,-10.787746,0.625101,5.901148,1.500000,0.050846
1779543069.464691,0,1,-10.773717,0.619792,5.903375,1.500000,0.051046
1779543069.474619,0,1,-10.759681,0.614501,5.905427,1.500000,0.051046
1779543069.484602,0,1,-10.745629,0.609253,5.907655,1.500000,0.051046
1779543069.496060,0,1,-10.731571,0.604022,5.909707,1.500000,0.048104
1779543069.504529,0,1,-10.717496,0.598834,5.911935,1.500000,0.048104
1779543069.514812,0,1,-10.703416,0.593663,5.913987,1.500000,0.048104
1779543069.524589,0,1,-10.689320,0.588535,5.916214,1.500000,0.048525
1779543069.534558,0,1,-10.675217,0.583425,5.918266,1.500000,0.048525
1779543069.544481,0,1,-10.661099,0.578357,5.920494,1.500000,0.048525
1779543069.554572,0,1,-10.646975,0.573307,5.922546,1.500000,0.049103
1779543069.564674,0,1,-10.632835,0.568300,5.924774,1.500000,0.049103
1779543069.574870,0,1,-10.618689,0.563311,5.926826,1.500000,0.049103
1779543069.584419,0,1,-10.604528,0.558364,5.929054,1.500000,0.046248
1779543069.594528,0,1,-10.590361,0.553435,5.931106,1.500000,0.046248
1779543069.604266,0,1,-10.576179,0.548550,5.933333,1.500000,0.046248
1779543069.615144,0,1,-10.561991,0.543681,5.935385,1.500000,0.046528
1779543069.624653,0,1,-10.547788,0.538856,5.937613,1.500000,0.046528
1779543069.634266,0,1,-10.533580,0.534049,5.939665,1.500000,0.046528
1779543069.644451,0,1,-10.519356,0.529285,5.941893,1.500000,0.047482
1779543069.654667,0,1,-10.505127,0.524538,5.943945,1.500000,0.047482
1779543069.664757,0,1,-10.490884,0.519835,5.946172,1.500000,0.047482
1779543069.674251,0,1,-10.476634,0.515149,5.948224,1.500000,0.043751
1779543069.684777,0,1,-10.462371,0.510507,5.950452,1.500000,0.043751
1779543069.694688,0,1,-10.448101,0.505882,5.952504,1.500000,0.043751
1779543069.704368,0,1,-10.433818,0.501301,5.954732,1.500000,0.040623
1779543069.714453,0,1,-10.419529,0.496737,5.956784,1.500000,0.040623
1779543069.724682,0,1,-10.405226,0.492217,5.959012,1.500000,0.040623
1779543069.734296,0,1,-10.390918,0.487715,5.961064,1.500000,0.037195
1779543069.744251,0,1,-10.376596,0.483256,5.963291,1.500000,0.037195
1779543069.754527,0,1,-10.362269,0.478815,5.965343,1.500000,0.037195
1779543069.764694,0,1,-10.347928,0.474417,5.967571,1.500000,0.036109
1779543069.774625,0,1,-10.333581,0.470038,5.969623,1.500000,0.036109
1779543069.784857,0,1,-10.319222,0.465702,5.971851,1.500000,0.036109
1779543069.795135,0,1,-10.304857,0.461383,5.973903,1.500000,0.041437
1779543069.804760,0,1,-10.290479,0.457109,5.976130,1.500000,0.041437
1779543069.815386,0,1,-10.276095,0.452852,5.978183,1.500000,0.041437
1779543069.824483,0,1,-10.261699,0.448639,5.980410,1.500000,0.037610
1779543069.834441,0,1,-10.247298,0.444444,5.982462,1.500000,0.037610
1779543069.844701,0,1,-10.232884,0.440293,5.984690,1.500000,0.037610
1779543069.854804,0,1,-10.218464,0.436159,5.986742,1.500000,0.037610
1779543069.864419,0,1,-10.204033,0.432069,5.988970,1.500000,0.037455
1779543069.874730,0,1,-10.189596,0.427998,5.991022,1.500000,0.037455
1779543069.884588,0,1,-10.175147,0.423970,5.993249,1.500000,0.034102
1779543069.894473,0,1,-10.160693,0.419960,5.995301,1.500000,0.034102
1779543069.904382,0,1,-10.146227,0.415994,5.997529,1.500000,0.034102
1779543069.914587,0,1,-10.131755,0.412046,5.999581,1.500000,0.034102
1779543069.924373,0,1,-10.117272,0.408142,6.001809,1.500000,0.033880
1779543069.935013,0,1,-10.102785,0.404256,6.003861,1.500000,0.033880
1779543069.944490,0,1,-10.088285,0.400414,6.006089,1.500000,0.033880
1779543069.954549,0,1,-10.073781,0.396590,6.008141,1.500000,0.032475
1779543069.964326,0,1,-10.059265,0.392810,6.010368,1.500000,0.032475
1779543069.974424,0,1,-10.044744,0.389048,6.012420,1.500000,0.032475
1779543069.984729,0,1,-10.030212,0.385330,6.014648,1.500000,0.028927
1779543069.994722,0,1,-10.015675,0.381631,6.016700,1.500000,0.028927
1779543070.004663,0,1,-10.001128,0.377975,6.018928,1.500000,0.028927
1779543070.014526,0,1,-9.986582,0.374314,6.020703,1.500000,0.028542
1779543070.024372,0,1,-9.972046,0.370611,6.021815,1.500000,0.028542
1779543070.034556,0,1,-9.957511,0.366905,6.022864,1.500000,0.028542
1779543070.044626,0,1,-9.942981,0.363178,6.023619,1.500000,0.024843
1779543070.054562,0,1,-9.928449,0.359462,6.024490,1.500000,0.024843
1779543070.064412,0,1,-9.913919,0.355735,6.025154,1.500000,0.024843
1779543070.074334,0,1,-9.899385,0.352025,6.025977,1.500000,0.025493
1779543070.084322,0,1,-9.884853,0.348308,6.026616,1.500000,0.025493
1779543070.094759,0,1,-9.870315,0.344612,6.027426,1.500000,0.025493
1779543070.104282,0,1,-9.855779,0.340911,6.028056,1.500000,0.027873
1779543070.114275,0,1,-9.841237,0.337232,6.028861,1.500000,0.027873
1779543070.124652,0,1,-9.826696,0.333550,6.029489,1.500000,0.027873
1779543070.134811,0,1,-9.812150,0.329890,6.030291,1.500000,0.027545
1779543070.145083,0,1,-9.797604,0.326227,6.030918,1.500000,0.027545
1779543070.154509,0,1,-9.783052,0.322587,6.031720,1.500000,0.030272
1779543070.164635,0,1,-9.768501,0.318944,6.032346,1.500000,0.030272
1779543070.174879,0,1,-9.753945,0.315324,6.033147,1.500000,0.030272
1779543070.185007,0,1,-9.739389,0.311702,6.033773,1.500000,0.029980
1779543070.194880,0,1,-9.724827,0.308103,6.034574,1.500000,0.029980
1779543070.204696,0,1,-9.710266,0.304501,6.035200,1.500000,0.029797
1779543070.214873,0,1,-9.695699,0.300922,6.036001,1.500000,0.029797
1779543070.224698,0,1,-9.681132,0.297341,6.036627,1.500000,0.029608
1779543070.234679,0,1,-9.666560,0.293784,6.037428,1.500000,0.029608
1779543070.244718,0,1,-9.651989,0.290223,6.038053,1.500000,0.029608
1779543070.254745,0,1,-9.637412,0.286686,6.038854,1.500000,0.031146
1779543070.264598,0,1,-9.622836,0.283147,6.039480,1.500000,0.031146
1779543070.275147,0,1,-9.608254,0.279631,6.040281,1.500000,0.030949
1779543070.284946,0,1,-9.593672,0.276112,6.040906,1.500000,0.030949
1779543070.294350,0,1,-9.579085,0.272617,6.041708,1.500000,0.038063
1779543070.304925,0,1,-9.564499,0.269119,6.042333,1.500000,0.038063
1779543070.314784,0,1,-9.549901,0.265668,6.043411,1.500000,0.038063
1779543070.325215,0,1,-9.535284,0.262301,6.045152,1.500000,0.037586
1779543070.334516,0,1,-9.520656,0.258979,6.046956,1.500000,0.037586
1779543070.345217,0,1,-9.506015,0.255719,6.049054,1.500000,0.039860
1779543070.354363,0,1,-9.491366,0.252491,6.051037,1.500000,0.039860
1779543070.364746,0,1,-9.476706,0.249315,6.053226,1.500000,0.039860
1779543070.374634,0,1,-9.462041,0.246164,6.055255,1.500000,0.038420
1779543070.384412,0,1,-9.447365,0.243061,6.057470,1.500000,0.038420
1779543070.395404,0,1,-9.432685,0.239980,6.059513,1.500000,0.038420
1779543070.404269,0,1,-9.417996,0.236945,6.061736,1.500000,0.037806
1779543070.414609,0,1,-9.403302,0.233930,6.063784,1.500000,0.037806
1779543070.424399,0,1,-9.388598,0.230961,6.066010,1.500000,0.037806
1779543070.434328,0,1,-9.373892,0.228011,6.068060,1.500000,0.034333
1779543070.444460,0,1,-9.359176,0.225106,6.070287,1.500000,0.034333
1779543070.454692,0,1,-9.344456,0.222219,6.072338,1.500000,0.034333
1779543070.464561,0,1,-9.329727,0.219378,6.074565,1.500000,0.033379
1779543070.474480,0,1,-9.314996,0.216555,6.076617,1.500000,0.033379
1779543070.484753,0,1,-9.300255,0.213777,6.078844,1.500000,0.033379
1779543070.494798,0,1,-9.285511,0.211017,6.080896,1.500000,0.033379
1779543070.504516,0,1,-9.270759,0.208302,6.083124,1.500000,0.031171
1779543070.514720,0,1,-9.256003,0.205606,6.085176,1.500000,0.031171
1779543070.524639,0,1,-9.241239,0.202954,6.087403,1.500000,0.031171
1779543070.534489,0,1,-9.226477,0.200296,6.089178,1.500000,0.027350
1779543070.544432,0,1,-9.211722,0.197597,6.090291,1.500000,0.027350
1779543070.554251,0,1,-9.196967,0.194894,6.091340,1.500000,0.027350
1779543070.564669,0,1,-9.182217,0.192170,6.092094,1.500000,0.027583
1779543070.575063,0,1,-9.167464,0.189457,6.092965,1.500000,0.027583
1779543070.584369,0,1,-9.152713,0.186733,6.093629,1.500000,0.023973
1779543070.594251,0,1,-9.137960,0.184026,6.094453,1.500000,0.023973
1779543070.604449,0,1,-9.123207,0.181313,6.095092,1.500000,0.023973
1779543070.615273,0,1,-9.108451,0.178620,6.095901,1.500000,0.023973
1779543070.624717,0,1,-9.093695,0.175922,6.096532,1.500000,0.025601
1779543070.634692,0,1,-9.078936,0.173247,6.097337,1.500000,0.025601
1779543070.644609,0,1,-9.064177,0.170568,6.097964,1.500000,0.025601
1779543070.654597,0,1,-9.049414,0.167912,6.098767,1.500000,0.027255
1779543070.664661,0,1,-9.034652,0.165252,6.099394,1.500000,0.027255
1779543070.674433,0,1,-9.019885,0.162616,6.100195,1.500000,0.027255
1779543070.684350,0,1,-9.005119,0.159978,6.100821,1.500000,0.026979
1779543070.694515,0,1,-8.990349,0.157363,6.101623,1.500000,0.026979
1779543070.704529,0,1,-8.975579,0.154745,6.102249,1.500000,0.026468
1779543070.714358,0,1,-8.960805,0.152150,6.103050,1.500000,0.026468
1779543070.724624,0,1,-8.946032,0.149553,6.103675,1.500000,0.026468
1779543070.734986,0,1,-8.931254,0.146980,6.104477,1.500000,0.026039
1779543070.744415,0,1,-8.916477,0.144404,6.105102,1.500000,0.026039
1779543070.754348,0,1,-8.901696,0.141852,6.105903,1.500000,0.026039
1779543070.764677,0,1,-8.886915,0.139297,6.106529,1.500000,0.027035
1779543070.774632,0,1,-8.872130,0.136765,6.107330,1.500000,0.027035
1779543070.784854,0,1,-8.857346,0.134231,6.107955,1.500000,0.027035
1779543070.794700,0,1,-8.842557,0.131721,6.108756,1.500000,0.032228
1779543070.804636,0,1,-8.827769,0.129208,6.109382,1.500000,0.032228
1779543070.815172,0,1,-8.812973,0.126744,6.110460,1.500000,0.032228
1779543070.824898,0,1,-8.798163,0.124364,6.112201,1.500000,0.031499
1779543070.834666,0,1,-8.783346,0.122029,6.114005,1.500000,0.031499
1779543070.844640,0,1,-8.768519,0.119758,6.116103,1.500000,0.031499
1779543070.854689,0,1,-8.753691,0.117493,6.117809,1.500000,0.031499
1779543070.864877,0,1,-8.738868,0.115195,6.118882,1.500000,0.033177
1779543070.874650,0,1,-8.724044,0.112900,6.119909,1.500000,0.033177
1779543070.884472,0,1,-8.709224,0.110588,6.120650,1.500000,0.030988
1779543070.895900,0,1,-8.694397,0.108315,6.121790,1.500000,0.030988
1779543070.904777,0,1,-8.679559,0.106119,6.123564,1.500000,0.030988
1779543070.914462,0,1,-8.664718,0.103940,6.125110,1.500000,0.030988
1779543070.924573,0,1,-8.649881,0.101734,6.126104,1.500000,0.030499
1779543070.934760,0,1,-8.635043,0.099535,6.127090,1.500000,0.030499
1779543070.944530,0,1,-8.620207,0.097322,6.127811,1.500000,0.030499
1779543070.954314,0,1,-8.605369,0.095125,6.128662,1.500000,0.029523
1779543070.964776,0,1,-8.590532,0.092920,6.129314,1.500000,0.029523
1779543070.975212,0,1,-8.575692,0.090736,6.130131,1.500000,0.029523
1779543070.984516,0,1,-8.560852,0.088546,6.130765,1.500000,0.029042
1779543070.994354,0,1,-8.546010,0.086378,6.131572,1.500000,0.029042
1779543071.004419,0,1,-8.531168,0.084206,6.132200,1.500000,0.029042
1779543071.015204,0,1,-8.516323,0.082058,6.133004,1.500000,0.029042
1779543071.024791,0,1,-8.501478,0.079905,6.133631,1.500000,0.030508
1779543071.034478,0,1,-8.486630,0.077777,6.134433,1.500000,0.030508
1779543071.044488,0,1,-8.471782,0.075645,6.135059,1.500000,0.030508
1779543071.054952,0,1,-8.456931,0.073537,6.135860,1.500000,0.031841
1779543071.064500,0,1,-8.442080,0.071426,6.136486,1.500000,0.031841
1779543071.074444,0,1,-8.427226,0.069340,6.137287,1.500000,0.031841
1779543071.084525,0,1,-8.412372,0.067250,6.137913,1.500000,0.031490
1779543071.094939,0,1,-8.397515,0.065184,6.138714,1.500000,0.031490
1779543071.104787,0,1,-8.382658,0.063115,6.139340,1.500000,0.031490
1779543071.114440,0,1,-8.367798,0.061070,6.140141,1.500000,0.032977
1779543071.124436,0,1,-8.352939,0.059023,6.140767,1.500000,0.032977
1779543071.134522,0,1,-8.338073,0.057024,6.141845,1.500000,0.032977
1779543071.144916,0,1,-8.323195,0.055110,6.143586,1.500000,0.032662
1779543071.154438,0,1,-8.308312,0.053241,6.145390,1.500000,0.032662
1779543071.164374,0,1,-8.293421,0.051436,6.147488,1.500000,0.032662
1779543071.174933,0,1,-8.278526,0.049662,6.149470,1.500000,0.033731
1779543071.184812,0,1,-8.263625,0.047943,6.151659,1.500000,0.033731
1779543071.194534,0,1,-8.248721,0.046248,6.153689,1.500000,0.033731
1779543071.204758,0,1,-8.233812,0.044603,6.155903,1.500000,0.031518
1779543071.215253,0,1,-8.218900,0.042979,6.157947,1.500000,0.031518
1779543071.224699,0,1,-8.203983,0.041403,6.160169,1.500000,0.031518
1779543071.234433,0,1,-8.189067,0.039822,6.161941,1.500000,0.027766
1779543071.244659,0,1,-8.174155,0.038199,6.163051,1.500000,0.027766
1779543071.254663,0,1,-8.159243,0.036575,6.164098,1.500000,0.027766
1779543071.264781,0,1,-8.144333,0.034929,6.164852,1.500000,0.027766
1779543071.274601,0,1,-8.129423,0.033295,6.165722,1.500000,0.025070
1779543071.284682,0,1,-8.114513,0.031650,6.166386,1.500000,0.025070
1779543071.294597,0,1,-8.099602,0.030022,6.167209,1.500000,0.025070
1779543071.304778,0,1,-8.084691,0.028388,6.167848,1.500000,0.026062
1779543071.314500,0,1,-8.069778,0.026774,6.168657,1.500000,0.026062
1779543071.324597,0,1,-8.054866,0.025156,6.169287,1.500000,0.026062
1779543071.334749,0,1,-8.039951,0.023561,6.170092,1.500000,0.025376
1779543071.344670,0,1,-8.025036,0.021962,6.170720,1.500000,0.025376
1779543071.354681,0,1,-8.010119,0.020386,6.171522,1.500000,0.025376
1779543071.364718,0,1,-7.995203,0.018807,6.172149,1.500000,0.026389
1779543071.374691,0,1,-7.980283,0.017251,6.172951,1.500000,0.026389
1779543071.384504,0,1,-7.965365,0.015693,6.173577,1.500000,0.026389
1779543071.394508,0,1,-7.950443,0.014158,6.174378,1.500000,0.026389
1779543071.404440,0,1,-7.935522,0.012621,6.175004,1.500000,0.027235
1779543071.414795,0,1,-7.920599,0.011107,6.175805,1.500000,0.027235
1779543071.424843,0,1,-7.905676,0.009591,6.176431,1.500000,0.027235
1779543071.434463,0,1,-7.890750,0.008099,6.177232,1.500000,0.026828
1779543071.444731,0,1,-7.875825,0.006603,6.177857,1.500000,0.026828
1779543071.455169,0,1,-7.860897,0.005132,6.178659,1.500000,0.026828
1779543071.464446,0,1,-7.845970,0.003659,6.179284,1.500000,0.027731
1779543071.474453,0,1,-7.831040,0.002209,6.180085,1.500000,0.027731
1779543071.484386,0,1,-7.816111,0.000756,6.180711,1.500000,0.027731
1779543071.494711,0,1,-7.801179,-0.000672,6.181512,1.500000,0.027731
1779543071.504616,0,1,-7.786247,-0.002103,6.182137,1.500000,0.029046
1779543071.514541,0,1,-7.771313,-0.003511,6.182938,1.500000,0.029046
1779543071.524611,0,1,-7.756380,-0.004921,6.183564,1.500000,0.029046
1779543071.534853,0,1,-7.741444,-0.006306,6.184365,1.500000,0.028111
1779543071.544419,0,1,-7.726508,-0.007695,6.184990,1.500000,0.028111
1779543071.554677,0,1,-7.711570,-0.009060,6.185791,1.500000,0.028111
1779543071.564691,0,1,-7.696633,-0.010427,6.186417,1.500000,0.028934
1779543071.574541,0,1,-7.681693,-0.011770,6.187218,1.500000,0.028934
1779543071.584539,0,1,-7.666754,-0.013116,6.187844,1.500000,0.028934
1779543071.594405,0,1,-7.651812,-0.014438,6.188645,1.500000,0.028548
1779543071.604634,0,1,-7.636871,-0.015763,6.189270,1.500000,0.028548
1779543071.614974,0,1,-7.621927,-0.017064,6.190071,1.500000,0.028548
1779543071.624397,0,1,-7.606984,-0.018367,6.190697,1.500000,0.029322
1779543071.634326,0,1,-7.592039,-0.019646,6.191498,1.500000,0.029322
1779543071.644361,0,1,-7.577094,-0.020929,6.192123,1.500000,0.029322
1779543071.654928,0,1,-7.562146,-0.022186,6.192924,1.500000,0.030124
1779543071.665125,0,1,-7.547199,-0.023447,6.193550,1.500000,0.030124
1779543071.674699,0,1,-7.532251,-0.024684,6.194351,1.500000,0.030124
1779543071.684401,0,1,-7.517302,-0.025923,6.194976,1.500000,0.029680
1779543071.695132,0,1,-7.502351,-0.027139,6.195777,1.500000,0.029680
1779543071.704717,0,1,-7.487401,-0.028357,6.196403,1.500000,0.029680
1779543071.714800,0,1,-7.472448,-0.029551,6.197204,1.500000,0.029272
1779543071.724669,0,1,-7.457496,-0.030748,6.197830,1.500000,0.029272
1779543071.734987,0,1,-7.442542,-0.031920,6.198631,1.500000,0.029272
1779543071.744780,0,1,-7.427588,-0.033096,6.199256,1.500000,0.028672
1779543071.754694,0,1,-7.412632,-0.034247,6.200057,1.500000,0.028672
1779543071.764893,0,1,-7.397677,-0.035401,6.200683,1.500000,0.028672
1779543071.774859,0,1,-7.382720,-0.036531,6.201484,1.500000,0.028932
1779543071.784824,0,1,-7.367762,-0.037664,6.202109,1.500000,0.028932
1779543071.794549,0,1,-7.352803,-0.038773,6.202910,1.500000,0.028932
1779543071.804594,0,1,-7.337845,-0.039884,6.203536,1.500000,0.028932
1779543071.815152,0,1,-7.322884,-0.040971,6.204337,1.500000,0.031268
1779543071.824440,0,1,-7.307924,-0.042062,6.204962,1.500000,0.031268
1779543071.834712,0,1,-7.292962,-0.043128,6.205763,1.500000,0.031268
1779543071.844503,0,1,-7.278000,-0.044196,6.206389,1.500000,0.031045
1779543071.854705,0,1,-7.263036,-0.045241,6.207190,1.500000,0.031045
1779543071.864828,0,1,-7.248073,-0.046288,6.207816,1.500000,0.031045
1779543071.874490,0,1,-7.233108,-0.047312,6.208617,1.500000,0.031471
1779543071.884508,0,1,-7.218143,-0.048338,6.209242,1.500000,0.031471
1779543071.894633,0,1,-7.203176,-0.049340,6.210043,1.500000,0.031471
1779543071.904307,0,1,-7.188210,-0.050344,6.210669,1.500000,0.031850
1779543071.914727,0,1,-7.173242,-0.051325,6.211470,1.500000,0.031850
1779543071.924847,0,1,-7.158274,-0.052308,6.212095,1.500000,0.031850
1779543071.934872,0,1,-7.143305,-0.053268,6.212896,1.500000,0.031586
1779543071.944796,0,1,-7.128336,-0.054230,6.213522,1.500000,0.031586
1779543071.954392,0,1,-7.113365,-0.055168,6.214323,1.500000,0.031586
1779543071.964584,0,1,-7.098395,-0.056108,6.214948,1.500000,0.032041
1779543071.974866,0,1,-7.083423,-0.057025,6.215750,1.500000,0.032041
1779543071.984740,0,1,-7.068451,-0.057944,6.216375,1.500000,0.032041
1779543071.994640,0,1,-7.053477,-0.058827,6.217315,1.500000,0.032041
1779543072.004344,0,1,-7.038501,-0.059668,6.218498,1.500000,0.032387
1779543072.015072,0,1,-7.023523,-0.060475,6.219800,1.500000,0.032387
1779543072.024812,0,1,-7.008542,-0.061238,6.221301,1.500000,0.032387
1779543072.034628,0,1,-6.993558,-0.061930,6.223250,1.500000,0.032136
1779543072.044642,0,1,-6.978572,-0.062584,6.225159,1.500000,0.032136
1779543072.056224,0,1,-6.963584,-0.063181,6.227311,1.500000,0.032136
1779543072.064669,0,1,-6.948595,-0.063751,6.229321,1.500000,0.031595
1779543072.074248,0,1,-6.933604,-0.064269,6.231525,1.500000,0.031595
1779543072.084711,0,1,-6.918613,-0.064789,6.233287,1.500000,0.031595
1779543072.094715,0,1,-6.903623,-0.065349,6.234390,1.500000,0.028583
1779543072.104782,0,1,-6.888634,-0.065910,6.235434,1.500000,0.028583
1779543072.114928,0,1,-6.873645,-0.066491,6.236186,1.500000,0.028583
1779543072.124690,0,1,-6.858656,-0.067059,6.237054,1.500000,0.028583
1779543072.134924,0,1,-6.843667,-0.067639,6.237717,1.500000,0.025732
1779543072.144689,0,1,-6.828678,-0.068201,6.238539,1.500000,0.025732
1779543072.155113,0,1,-6.813688,-0.068769,6.239177,1.500000,0.025732
1779543072.164831,0,1,-6.798698,-0.069315,6.239986,1.500000,0.024623
1779543072.174976,0,1,-6.783709,-0.069867,6.240617,1.500000,0.024623
1779543072.185151,0,1,-6.768718,-0.070395,6.241421,1.500000,0.024623
1779543072.194379,0,1,-6.753727,-0.070928,6.242049,1.500000,0.023781
1779543072.204557,0,1,-6.738736,-0.071437,6.242851,1.500000,0.023781
1779543072.214857,0,1,-6.723745,-0.071949,6.243478,1.500000,0.023781
1779543072.224451,0,1,-6.708753,-0.072437,6.244279,1.500000,0.023286
1779543072.234790,0,1,-6.693761,-0.072928,6.244905,1.500000,0.023286
1779543072.244819,0,1,-6.678768,-0.073396,6.245707,1.500000,0.023286
1779543072.254585,0,1,-6.663775,-0.073866,6.246333,1.500000,0.024179
1779543072.264908,0,1,-6.648782,-0.074312,6.247134,1.500000,0.024179
1779543072.274276,0,1,-6.633789,-0.074761,6.247759,1.500000,0.024179
1779543072.284499,0,1,-6.618795,-0.075186,6.248561,1.500000,0.023579
1779543072.294884,0,1,-6.603801,-0.075613,6.249186,1.500000,0.023579
1779543072.304393,0,1,-6.588806,-0.076017,6.249987,1.500000,0.023579
1779543072.314498,0,1,-6.573812,-0.076423,6.250613,1.500000,0.023579
1779543072.324807,0,1,-6.558817,-0.076805,6.251414,1.500000,0.024167
1779543072.335772,0,1,-6.543822,-0.077190,6.252039,1.500000,0.024167
1779543072.344730,0,1,-6.528826,-0.077550,6.252840,1.500000,0.024167
1779543072.354694,0,1,-6.513830,-0.077914,6.253466,1.500000,0.024205
1779543072.364731,0,1,-6.498834,-0.078253,6.254267,1.500000,0.024205
1779543072.375010,0,1,-6.483838,-0.078595,6.254892,1.500000,0.024205
1779543072.384510,0,1,-6.468841,-0.078913,6.255694,1.500000,0.023592
1779543072.394695,0,1,-6.453845,-0.079234,6.256319,1.500000,0.023592
1779543072.404299,0,1,-6.438848,-0.079530,6.257120,1.500000,0.023592
1779543072.414669,0,1,-6.423851,-0.079830,6.257746,1.500000,0.023716
1779543072.424759,0,1,-6.408853,-0.080105,6.258547,1.500000,0.023716
1779543072.434693,0,1,-6.393856,-0.080383,6.259172,1.500000,0.023716
1779543072.444690,0,1,-6.378858,-0.080636,6.259973,1.500000,0.023716
1779543072.454497,0,1,-6.363860,-0.080893,6.260599,1.500000,0.023607
1779543072.464593,0,1,-6.348862,-0.081125,6.261400,1.500000,0.023607
1779543072.474555,0,1,-6.333864,-0.081360,6.262025,1.500000,0.023607
1779543072.484660,0,1,-6.318865,-0.081571,6.262826,1.500000,0.023179
1779543072.494924,0,1,-6.303867,-0.081785,6.263452,1.500000,0.023179
1779543072.504865,0,1,-6.288868,-0.081975,6.264253,1.500000,0.023179
1779543072.514494,0,1,-6.273869,-0.082167,6.264878,1.500000,0.023032
1779543072.524513,0,1,-6.258870,-0.082335,6.265680,1.500000,0.023032
1779543072.534977,0,1,-6.243871,-0.082506,6.266305,1.500000,0.023032
1779543072.544623,0,1,-6.228872,-0.082653,6.267106,1.500000,0.023445
1779543072.554668,0,1,-6.213873,-0.082802,6.267732,1.500000,0.023445
1779543072.564675,0,1,-6.198873,-0.082928,6.268533,1.500000,0.023445
1779543072.574541,0,1,-6.183874,-0.083056,6.269158,1.500000,0.023445
1779543072.584787,0,1,-6.168874,-0.083160,6.269959,1.500000,0.022451
1779543072.594642,0,1,-6.153875,-0.083266,6.270585,1.500000,0.022451
1779543072.604690,0,1,-6.138875,-0.083349,6.271386,1.500000,0.022451
1779543072.614982,0,1,-6.123875,-0.083434,6.272011,1.500000,0.022131
1779543072.626406,0,1,-6.108875,-0.083495,6.272812,1.500000,0.022131
1779543072.637802,0,1,-6.093875,-0.083559,6.273438,1.500000,0.022131
1779543072.650492,0,1,-6.078875,-0.083599,6.274239,1.500000,0.021672
1779543072.658620,0,1,-6.063875,-0.083642,6.274865,1.500000,0.021672
1779543072.664651,0,1,-6.048875,-0.083660,6.275666,1.500000,0.021672
1779543072.674954,0,1,-6.033875,-0.083681,6.276291,1.500000,0.021693
1779543072.684627,0,1,-6.018875,-0.083678,6.277092,1.500000,0.021693
1779543072.695513,0,1,-6.003875,-0.083678,6.277718,1.500000,0.021693
1779543072.704412,0,1,-5.988876,-0.083653,6.278519,1.500000,0.020525
1779543072.714476,0,1,-5.973876,-0.083632,6.279144,1.500000,0.020525
1779543072.724308,0,1,-5.958876,-0.083586,6.279945,1.500000,0.020525
1779543072.734764,0,1,-5.943876,-0.083543,6.280571,1.500000,0.019651
1779543072.744528,0,1,-5.928876,-0.083476,6.281372,1.500000,0.019651
1779543072.754229,0,1,-5.913876,-0.083411,6.281997,1.500000,0.019651
1779543072.764688,0,1,-5.898876,-0.083323,6.282798,1.500000,0.018749
1779543072.774499,0,1,-5.883876,-0.083237,0.000239,1.500000,0.018749
1779543072.784290,0,1,-5.868877,-0.083127,0.001040,1.500000,0.018106
1779543072.794634,0,1,-5.853877,-0.083019,0.001665,1.500000,0.018106
1779543072.804503,0,1,-5.838878,-0.082888,0.002466,1.500000,0.018106
1779543072.815894,0,1,-5.823878,-0.082759,0.003092,1.500000,0.018106
1779543072.824744,0,1,-5.808879,-0.082606,0.003893,1.500000,0.019311
1779543072.834318,0,1,-5.793880,-0.082456,0.004518,1.500000,0.019311
1779543072.844712,0,1,-5.778881,-0.082282,0.005319,1.500000,0.019311
1779543072.855345,0,1,-5.763882,-0.082111,0.005945,1.500000,0.019287
1779543072.864752,0,1,-5.748883,-0.081915,0.006746,1.500000,0.019287
1779543072.874639,0,1,-5.733884,-0.081722,0.007372,1.500000,0.019287
1779543072.884773,0,1,-5.718886,-0.081505,0.008173,1.500000,0.018480
1779543072.894769,0,1,-5.703888,-0.081291,0.008798,1.500000,0.018480
1779543072.904872,0,1,-5.688889,-0.081053,0.009599,1.500000,0.018480
1779543072.914598,0,1,-5.673891,-0.080817,0.010225,1.500000,0.018195
1779543072.924790,0,1,-5.658894,-0.080557,0.011026,1.500000,0.018195
1779543072.935199,0,1,-5.643896,-0.080300,0.011651,1.500000,0.018195
1779543072.944732,0,1,-5.628898,-0.080019,0.012452,1.500000,0.017333
1779543072.954432,0,1,-5.613901,-0.079741,0.013078,1.500000,0.017333
1779543072.964462,0,1,-5.598904,-0.079438,0.013879,1.500000,0.017333
1779543072.975188,0,1,-5.583907,-0.079138,0.014504,1.500000,0.017333
1779543072.984915,0,1,-5.568911,-0.078814,0.015305,1.500000,0.016759
1779543072.994641,0,1,-5.553914,-0.078493,0.015931,1.500000,0.016759
1779543073.004599,0,1,-5.538918,-0.078147,0.016732,1.500000,0.016759
1779543073.014723,0,1,-5.523922,-0.077805,0.017358,1.500000,0.016432
1779543073.024529,0,1,-5.508926,-0.077438,0.018159,1.500000,0.016432
1779543073.034601,0,1,-5.493931,-0.077074,0.018784,1.500000,0.016432
1779543073.044776,0,1,-5.478936,-0.076686,0.019585,1.500000,0.016432
1779543073.055001,0,1,-5.463941,-0.076301,0.020211,1.500000,0.015782
1779543073.064355,0,1,-5.448946,-0.075891,0.021012,1.500000,0.015782
1779543073.074538,0,1,-5.433952,-0.075484,0.021637,1.500000,0.015117
1779543073.084512,0,1,-5.418958,-0.075053,0.022438,1.500000,0.015117
1779543073.095015,0,1,-5.403964,-0.074625,0.023064,1.500000,0.015117
1779543073.104684,0,1,-5.388971,-0.074173,0.023865,1.500000,0.015117
1779543073.114736,0,1,-5.373978,-0.073723,0.024490,1.500000,0.014404
1779543073.124696,0,1,-5.358985,-0.073249,0.025291,1.500000,0.014404
1779543073.134977,0,1,-5.343993,-0.072778,0.025917,1.500000,0.014404
1779543073.144374,0,1,-5.329001,-0.072283,0.026718,1.500000,0.013684
1779543073.154663,0,1,-5.314009,-0.071791,0.027344,1.500000,0.013684
1779543073.164766,0,1,-5.299018,-0.071274,0.028145,1.500000,0.013684
1779543073.175412,0,1,-5.284027,-0.070761,0.028770,1.500000,0.012918
1779543073.184731,0,1,-5.269036,-0.070223,0.029571,1.500000,0.012918
1779543073.194670,0,1,-5.254046,-0.069688,0.030197,1.500000,0.012918
1779543073.204407,0,1,-5.239056,-0.069128,0.030998,1.500000,0.011828
1779543073.214386,0,1,-5.224067,-0.068572,0.031623,1.500000,0.011828
1779543073.224798,0,1,-5.209078,-0.067991,0.032424,1.500000,0.011828
1779543073.234465,0,1,-5.194089,-0.067413,0.033050,1.500000,0.010535
1779543073.244379,0,1,-5.179101,-0.066811,0.033851,1.500000,0.010535
1779543073.255032,0,1,-5.164113,-0.066212,0.034476,1.500000,0.010535
1779543073.264364,0,1,-5.149126,-0.065589,0.035278,1.500000,0.009687
1779543073.274284,0,1,-5.134139,-0.064968,0.035903,1.500000,0.009687
1779543073.284573,0,1,-5.119153,-0.064323,0.036704,1.500000,0.009687
1779543073.294978,0,1,-5.104167,-0.063681,0.037330,1.500000,0.007927
1779543073.304511,0,1,-5.089181,-0.063015,0.038131,1.500000,0.007927
1779543073.314512,0,1,-5.074196,-0.062352,0.038756,1.500000,0.007927
1779543073.324758,0,1,-5.059212,-0.061664,0.039557,1.500000,0.008727
1779543073.335007,0,1,-5.044227,-0.060979,0.040183,1.500000,0.008727
1779543073.344489,0,1,-5.029244,-0.060270,0.040984,1.500000,0.008727
1779543073.354275,0,1,-5.014261,-0.059564,0.041609,1.500000,0.008727
1779543073.364676,0,1,-4.999279,-0.058834,0.042410,1.500000,0.008140
1779543073.374707,0,1,-4.984296,-0.058106,0.043036,1.500000,0.008140
1779543073.384536,0,1,-4.969315,-0.057355,0.043837,1.500000,0.008140
1779543073.394407,0,1,-4.954334,-0.056606,0.044462,1.500000,0.007751
1779543073.404511,0,1,-4.939354,-0.055833,0.045264,1.500000,0.007751
1779543073.414517,0,1,-4.924374,-0.055063,0.045889,1.500000,0.007751
1779543073.424545,0,1,-4.909395,-0.054268,0.046690,1.500000,0.006307
1779543073.434692,0,1,-4.894416,-0.053476,0.047316,1.500000,0.006307
1779543073.444553,0,1,-4.879438,-0.052661,0.048117,1.500000,0.006307
1779543073.455410,0,1,-4.864460,-0.051848,0.048742,1.500000,0.005654
1779543073.464745,0,1,-4.849483,-0.051011,0.049543,1.500000,0.005654
1779543073.474635,0,1,-4.834506,-0.050176,0.050169,1.500000,0.004682
1779543073.484633,0,1,-4.819531,-0.049318,0.050970,1.500000,0.004682
1779543073.494809,0,1,-4.804555,-0.048462,0.051595,1.500000,0.003696
1779543073.504829,0,1,-4.789581,-0.047582,0.052396,1.500000,0.003696
1779543073.514688,0,1,-4.774607,-0.046705,0.053022,1.500000,0.003696
1779543073.524520,0,1,-4.759634,-0.045804,0.053823,1.500000,0.003575
1779543073.534935,0,1,-4.744661,-0.044905,0.054448,1.500000,0.003575
1779543073.544721,0,1,-4.729689,-0.043983,0.055250,1.500000,0.003124
1779543073.554586,0,1,-4.714718,-0.043063,0.055875,1.500000,0.003124
1779543073.564590,0,1,-4.699747,-0.042119,0.056676,1.500000,0.001954
1779543073.575151,0,1,-4.684777,-0.041178,0.057302,1.500000,0.001954
1779543073.584486,0,1,-4.669808,-0.040212,0.058103,1.500000,0.000912
1779543073.594563,0,1,-4.654839,-0.039250,0.058728,1.500000,0.000912
1779543073.604647,0,1,-4.639871,-0.038263,0.059529,1.500000,0.000740
1779543073.614844,0,1,-4.624904,-0.037279,0.060155,1.500000,0.000740
1779543073.624619,0,1,-4.609938,-0.036271,0.060956,1.500000,-0.000348
1779543073.634632,0,1,-4.594971,-0.035266,0.061581,1.500000,-0.000348
1779543073.644680,0,1,-4.580007,-0.034237,0.062382,1.500000,-0.001462
1779543073.654667,0,1,-4.565040,-0.033235,0.062731,1.500000,-0.001462
1779543073.664819,0,1,-4.550070,-0.032297,0.062416,1.500000,-0.001462
1779543073.674632,0,1,-4.535097,-0.031384,0.062039,1.500000,-0.002241
1779543073.684878,0,1,-4.520123,-0.030513,0.061367,1.500000,-0.002241
1779543073.694846,0,1,-4.505147,-0.029653,0.060811,1.500000,-0.003426
1779543073.704733,0,1,-4.490170,-0.028825,0.060049,1.500000,-0.003426
1779543073.714609,0,1,-4.475193,-0.028001,0.059446,1.500000,-0.003486
1779543073.724839,0,1,-4.460214,-0.027206,0.058658,1.500000,-0.003486
1779543073.734808,0,1,-4.445235,-0.026410,0.058041,1.500000,-0.002688
1779543073.744757,0,1,-4.430255,-0.025641,0.057245,1.500000,-0.002688
1779543073.754290,0,1,-4.415275,-0.024871,0.056623,1.500000,-0.001617
1779543073.764684,0,1,-4.400293,-0.024126,0.055825,1.500000,-0.001617
1779543073.774556,0,1,-4.385312,-0.023379,0.055201,1.500000,-0.000453
1779543073.784590,0,1,-4.370329,-0.022656,0.054401,1.500000,-0.000453
1779543073.794438,0,1,-4.355347,-0.021931,0.053776,1.500000,0.000780
1779543073.804818,0,1,-4.340363,-0.021231,0.052975,1.500000,0.000780
1779543073.814767,0,1,-4.325381,-0.020503,0.052627,1.500000,0.000780
1779543073.825135,0,1,-4.310402,-0.019711,0.052942,1.500000,0.004601
1779543073.835000,0,1,-4.295424,-0.018895,0.053320,1.500000,0.004601
1779543073.844799,0,1,-4.280449,-0.018036,0.053991,1.500000,0.005930
1779543073.854619,0,1,-4.265474,-0.017167,0.054547,1.500000,0.005930
1779543073.864856,0,1,-4.250501,-0.016265,0.055310,1.500000,0.005930
1779543073.874713,0,1,-4.235528,-0.015359,0.055913,1.500000,0.007449
1779543073.884540,0,1,-4.220557,-0.014425,0.056701,1.500000,0.007449
1779543073.894690,0,1,-4.205586,-0.013491,0.057318,1.500000,0.006856
1779543073.904993,0,1,-4.190617,-0.012531,0.058113,1.500000,0.006856
1779543073.914851,0,1,-4.175648,-0.011572,0.058736,1.500000,0.006856
1779543073.924677,0,1,-4.160680,-0.010587,0.059534,1.500000,0.005940
1779543073.934907,0,1,-4.145712,-0.009605,0.060158,1.500000,0.005940
1779543073.944546,0,1,-4.130746,-0.008598,0.060958,1.500000,0.004984
1779543073.954757,0,1,-4.115780,-0.007594,0.061583,1.500000,0.004984
1779543073.964741,0,1,-4.100815,-0.006565,0.062384,1.500000,0.004984
1779543073.974664,0,1,-4.085850,-0.005539,0.063009,1.500000,0.003921
1779543073.984827,0,1,-4.070887,-0.004488,0.063810,1.500000,0.003921
1779543073.994467,0,1,-4.055924,-0.003441,0.064435,1.500000,0.003921
1779543074.004764,0,1,-4.040962,-0.002369,0.065236,1.500000,0.002947
1779543074.014634,0,1,-4.026000,-0.001300,0.065861,1.500000,0.002947
1779543074.024313,0,1,-4.011040,-0.000206,0.066662,1.500000,0.001887
1779543074.034373,0,1,-3.996080,0.000884,0.067288,1.500000,0.001887
1779543074.044453,0,1,-3.981122,0.001999,0.068089,1.500000,0.000747
1779543074.054458,0,1,-3.966163,0.003111,0.068714,1.500000,0.000747
1779543074.064956,0,1,-3.951206,0.004247,0.069515,1.500000,0.000241
1779543074.074616,0,1,-3.936249,0.005380,0.070141,1.500000,0.000241
1779543074.084718,0,1,-3.921294,0.006538,0.070942,1.500000,-0.000871
1779543074.094820,0,1,-3.906338,0.007692,0.071567,1.500000,-0.000871
1779543074.104574,0,1,-3.891384,0.008871,0.072368,1.500000,-0.000871
1779543074.114818,0,1,-3.876429,0.010022,0.072717,1.500000,-0.002032
1779543074.124771,0,1,-3.861468,0.011109,0.072403,1.500000,-0.002032
1779543074.134696,0,1,-3.846506,0.012172,0.072025,1.500000,-0.003232
1779543074.145314,0,1,-3.831541,0.013192,0.071353,1.500000,-0.003232
1779543074.154613,0,1,-3.816575,0.014202,0.070797,1.500000,-0.003733
1779543074.164427,0,1,-3.801606,0.015179,0.070035,1.500000,-0.003733
1779543074.174430,0,1,-3.786638,0.016153,0.069432,1.500000,-0.003733
1779543074.184504,0,1,-3.771668,0.017098,0.068644,1.500000,-0.003592
1779543074.194692,0,1,-3.756698,0.018043,0.068027,1.500000,-0.003592
1779543074.204753,0,1,-3.741726,0.018961,0.067231,1.500000,-0.002657
1779543074.214626,0,1,-3.726754,0.019881,0.066609,1.500000,-0.002657
1779543074.224818,0,1,-3.711781,0.020776,0.065811,1.500000,-0.002657
1779543074.234818,0,1,-3.696808,0.021673,0.065187,1.500000,-0.000931
1779543074.244714,0,1,-3.681833,0.022545,0.064387,1.500000,-0.000931
1779543074.254825,0,1,-3.666859,0.023419,0.063762,1.500000,0.000227
1779543074.264571,0,1,-3.651883,0.024269,0.062961,1.500000,0.000227
1779543074.274306,0,1,-3.636908,0.025147,0.062613,1.500000,0.000227
1779543074.284971,0,1,-3.621938,0.026088,0.062928,1.500000,0.001780
1779543074.294877,0,1,-3.606969,0.027054,0.063306,1.500000,0.001780
1779543074.304651,0,1,-3.592003,0.028062,0.063977,1.500000,0.003917
1779543074.314877,0,1,-3.577038,0.029081,0.064533,1.500000,0.003917
1779543074.324632,0,1,-3.562074,0.030132,0.065296,1.500000,0.005001
1779543074.334547,0,1,-3.547112,0.031187,0.065899,1.500000,0.005001
1779543074.344378,0,1,-3.532151,0.032271,0.066687,1.500000,0.005001
1779543074.354762,0,1,-3.517190,0.033354,0.067304,1.500000,0.004162
1779543074.364753,0,1,-3.502231,0.034464,0.068100,1.500000,0.004162
1779543074.376384,0,1,-3.487272,0.035573,0.068722,1.500000,0.003232
1779543074.384766,0,1,-3.472315,0.036707,0.069520,1.500000,0.003232
1779543074.394787,0,1,-3.457358,0.037838,0.070144,1.500000,0.002460
1779543074.404806,0,1,-3.442402,0.038994,0.070944,1.500000,0.002460
1779543074.414780,0,1,-3.427447,0.040148,0.071569,1.500000,0.002460
1779543074.424660,0,1,-3.412493,0.041326,0.072370,1.500000,0.001341
1779543074.434642,0,1,-3.397539,0.042502,0.072995,1.500000,0.001341
1779543074.444680,0,1,-3.382587,0.043702,0.073796,1.500000,0.000231
1779543074.454709,0,1,-3.367635,0.044899,0.074421,1.500000,0.000231
1779543074.464468,0,1,-3.352685,0.046120,0.075222,1.500000,-0.001107
1779543074.474634,0,1,-3.337735,0.047339,0.075847,1.500000,-0.001107
1779543074.484560,0,1,-3.322786,0.048581,0.076648,1.500000,-0.002283
1779543074.495111,0,1,-3.307836,0.049796,0.076997,1.500000,-0.002283
1779543074.504428,0,1,-3.292880,0.050948,0.076682,1.500000,-0.002283
1779543074.514448,0,1,-3.277922,0.052075,0.076305,1.500000,-0.003797
1779543074.524429,0,1,-3.262961,0.053159,0.075633,1.500000,-0.003797
1779543074.534771,0,1,-3.248000,0.054233,0.075077,1.500000,-0.005057
1779543074.544307,0,1,-3.233036,0.055274,0.074315,1.500000,-0.005057
1779543074.554429,0,1,-3.218072,0.056311,0.073712,1.500000,-0.004833
1779543074.564640,0,1,-3.203106,0.057320,0.072924,1.500000,-0.004106
1779543074.574924,0,1,-3.188140,0.058329,0.072307,1.500000,-0.004106
1779543074.584720,0,1,-3.173172,0.059312,0.071511,1.500000,-0.004106
1779543074.594714,0,1,-3.158205,0.060296,0.070889,1.500000,-0.003023
1779543074.604570,0,1,-3.143235,0.061254,0.070090,1.500000,-0.003023
1779543074.614690,0,1,-3.128266,0.062215,0.069466,1.500000,-0.001972
1779543074.624323,0,1,-3.113295,0.063151,0.068666,1.500000,-0.001972
1779543074.634666,0,1,-3.098325,0.064090,0.068042,1.500000,-0.000849
1779543074.644265,0,1,-3.083353,0.065004,0.067241,1.500000,-0.000849
1779543074.654817,0,1,-3.068381,0.065921,0.066616,1.500000,0.000182
1779543074.664632,0,1,-3.053407,0.066814,0.065815,1.500000,0.000182
1779543074.674538,0,1,-3.038435,0.067734,0.065467,1.500000,0.001369
1779543074.684477,0,1,-3.023468,0.068718,0.065781,1.500000,0.001369
1779543074.694496,0,1,-3.008502,0.069726,0.066159,1.500000,0.002582
1779543074.704478,0,1,-2.993539,0.070777,0.066831,1.500000,0.002582
1779543074.714218,0,1,-2.978576,0.071838,0.067387,1.500000,0.003821
1779543074.724227,0,1,-2.963616,0.072932,0.068149,1.500000,0.004174
1779543074.734878,0,1,-2.948656,0.074030,0.068752,1.500000,0.004174
1779543074.744695,0,1,-2.933699,0.075156,0.069540,1.500000,0.004174
1779543074.754676,0,1,-2.918741,0.076282,0.070157,1.500000,0.003235
1779543074.764714,0,1,-2.903785,0.077435,0.070953,1.500000,0.003235
1779543074.774669,0,1,-2.888830,0.078586,0.071575,1.500000,0.001706
1779543074.784636,0,1,-2.873876,0.079762,0.072373,1.500000,0.001706
1779543074.794622,0,1,-2.858922,0.080937,0.072997,1.500000,0.000619
1779543074.804703,0,1,-2.843970,0.082136,0.073797,1.500000,0.000619
1779543074.814747,0,1,-2.829018,0.083332,0.074422,1.500000,-0.000564
1779543074.824443,0,1,-2.814067,0.084553,0.075223,1.500000,-0.000564
1779543074.834699,0,1,-2.799115,0.085746,0.075571,1.500000,-0.001739
1779543074.844531,0,1,-2.784158,0.086876,0.075256,1.500000,-0.001739
1779543074.854778,0,1,-2.769198,0.087981,0.074879,1.500000,-0.002885
1779543074.864690,0,1,-2.754236,0.089044,0.074207,1.500000,-0.002885
1779543074.874482,0,1,-2.739273,0.090097,0.073651,1.500000,-0.004130
1779543074.884607,0,1,-2.724308,0.091116,0.072888,1.500000,-0.004130
1779543074.894912,0,1,-2.709342,0.092132,0.072285,1.500000,-0.004130
1779543074.904583,0,1,-2.694375,0.093120,0.071498,1.500000,-0.004001
1779543074.914760,0,1,-2.679407,0.094108,0.070880,1.500000,-0.004001
1779543074.924690,0,1,-2.664438,0.095069,0.070085,1.500000,-0.003128
1779543074.935138,0,1,-2.649469,0.096031,0.069463,1.500000,-0.003128
1779543074.944455,0,1,-2.634498,0.096969,0.068664,1.500000,-0.003128
1779543074.954464,0,1,-2.619528,0.097908,0.068040,1.500000,-0.001763
1779543074.964442,0,1,-2.604556,0.098823,0.067240,1.500000,-0.000658
1779543074.975497,0,1,-2.589584,0.099740,0.066615,1.500000,-0.000658
1779543074.984691,0,1,-2.574610,0.100633,0.065815,1.500000,-0.000157
1779543074.994713,0,1,-2.559637,0.101529,0.065189,1.500000,-0.000157
1779543075.004555,0,1,-2.544663,0.102400,0.064389,1.500000,-0.000157
1779543075.014795,0,1,-2.529688,0.103274,0.063763,1.500000,0.001202
1779543075.024769,0,1,-2.514712,0.104123,0.062962,1.500000,0.001202
1779543075.034621,0,1,-2.499738,0.105001,0.062614,1.500000,0.002392
1779543075.044557,0,1,-2.484767,0.105942,0.062928,1.500000,0.002392
1779543075.054884,0,1,-2.469798,0.106907,0.063306,1.500000,0.003020
1779543075.064733,0,1,-2.454832,0.107916,0.063978,1.500000,0.003020
1779543075.074512,0,1,-2.439867,0.108934,0.064533,1.500000,0.004241
1779543075.084602,0,1,-2.424904,0.109986,0.065296,1.500000,0.004241
1779543075.094725,0,1,-2.409941,0.111040,0.065899,1.500000,0.004241
1779543075.104594,0,1,-2.394980,0.112124,0.066687,1.500000,0.003522
1779543075.114698,0,1,-2.380019,0.113207,0.067304,1.500000,0.003522
1779543075.124701,0,1,-2.365061,0.114317,0.068100,1.500000,0.002618
1779543075.134828,0,1,-2.350102,0.115426,0.068722,1.500000,0.002618
1779543075.144519,0,1,-2.335144,0.116560,0.069520,1.500000,0.000546
1779543075.154511,0,1,-2.320187,0.117691,0.070144,1.500000,0.000546
1779543075.164663,0,1,-2.305232,0.118847,0.070944,1.500000,0.000054
1779543075.174748,0,1,-2.290276,0.120001,0.071569,1.500000,0.000054
1779543075.184413,0,1,-2.275323,0.121179,0.072370,1.500000,-0.001134
1779543075.194444,0,1,-2.260368,0.122342,0.072856,1.500000,-0.001134
1779543075.204348,0,1,-2.245411,0.123473,0.072961,1.500000,-0.002348
1779543075.214579,0,1,-2.230449,0.124547,0.072527,1.500000,-0.002348
1779543075.224288,0,1,-2.215486,0.125600,0.072090,1.500000,-0.003595
1779543075.234450,0,1,-2.200520,0.126614,0.071388,1.500000,-0.003595
1779543075.244772,0,1,-2.185554,0.127619,0.070817,1.500000,-0.004750
1779543075.254486,0,1,-2.170586,0.128593,0.070046,1.500000,-0.004750
1779543075.264361,0,1,-2.155617,0.129565,0.069439,1.500000,-0.004635
1779543075.274160,0,1,-2.140647,0.130508,0.068649,1.500000,-0.004635
1779543075.284436,0,1,-2.125677,0.131452,0.068030,1.500000,-0.003843
1779543075.294541,0,1,-2.110705,0.132370,0.067233,1.500000,-0.003843
1779543075.304668,0,1,-2.095733,0.133289,0.066611,1.500000,-0.003416
1779543075.314584,0,1,-2.080760,0.134183,0.065811,1.500000,-0.003416
1779543075.324580,0,1,-2.065786,0.135080,0.065187,1.500000,-0.002623
1779543075.334688,0,1,-2.050812,0.135952,0.064387,1.500000,-0.002623
1779543075.344841,0,1,-2.035837,0.136826,0.063762,1.500000,-0.002623
1779543075.354358,0,1,-2.020861,0.137676,0.062962,1.500000,-0.001970
1779543075.364600,0,1,-2.005886,0.138529,0.062336,1.500000,-0.001970
1779543075.374881,0,1,-1.990909,0.139357,0.061535,1.500000,-0.000870
1779543075.384741,0,1,-1.975932,0.140188,0.060910,1.500000,-0.000870
1779543075.394590,0,1,-1.960953,0.140995,0.060109,1.500000,0.000249
1779543075.404818,0,1,-1.945975,0.141805,0.059484,1.500000,0.000249
1779543075.414884,0,1,-1.930996,0.142590,0.058683,1.500000,0.000249
1779543075.424744,0,1,-1.916018,0.143403,0.058334,1.500000,0.000629
1779543075.434271,0,1,-1.901044,0.144281,0.058649,1.500000,0.000629
1779543075.444694,0,1,-1.886071,0.145182,0.059026,1.500000,0.001799
1779543075.454830,0,1,-1.871100,0.146126,0.059698,1.500000,0.001799
1779543075.464738,0,1,-1.856131,0.147081,0.060254,1.500000,0.002733
1779543075.474437,0,1,-1.841163,0.148068,0.061016,1.500000,0.002733
1779543075.484711,0,1,-1.826196,0.149059,0.061619,1.500000,0.002825
1779543075.496919,0,1,-1.811231,0.150078,0.062407,1.500000,0.002825
1779543075.504719,0,1,-1.796265,0.151098,0.063024,1.500000,0.002825
1779543075.514764,0,1,-1.781302,0.152144,0.063820,1.500000,0.000729
1779543075.524796,0,1,-1.766338,0.153188,0.064442,1.500000,0.000729
1779543075.534750,0,1,-1.751377,0.154258,0.065241,1.500000,-0.000390
1779543075.544781,0,1,-1.736415,0.155325,0.065865,1.500000,-0.000390
1779543075.554523,0,1,-1.721454,0.156418,0.066665,1.500000,-0.002193
1779543075.564723,0,1,-1.706492,0.157482,0.067012,1.500000,-0.002193
1779543075.575195,0,1,-1.691526,0.158484,0.066697,1.500000,-0.003448
1779543075.584774,0,1,-1.676558,0.159461,0.066319,1.500000,-0.003448
1779543075.594578,0,1,-1.661587,0.160395,0.065648,1.500000,-0.003448
1779543075.604684,0,1,-1.646615,0.161320,0.065092,1.500000,-0.005929
1779543075.614974,0,1,-1.631642,0.162211,0.064329,1.500000,-0.005929
1779543075.624753,0,1,-1.616668,0.163099,0.063726,1.500000,-0.006185
1779543075.634695,0,1,-1.601693,0.163959,0.062938,1.500000,-0.006185
1779543075.644464,0,1,-1.586717,0.164818,0.062321,1.500000,-0.005550
1779543075.654774,0,1,-1.571741,0.165651,0.061525,1.500000,-0.005550
1779543075.664775,0,1,-1.556764,0.166485,0.060903,1.500000,-0.005299
1779543075.674469,0,1,-1.541786,0.167295,0.060104,1.500000,-0.005299
1779543075.684478,0,1,-1.526808,0.168106,0.059480,1.500000,-0.005299
1779543075.694616,0,1,-1.511828,0.168892,0.058680,1.500000,-0.003918
1779543075.704721,0,1,-1.496849,0.169681,0.058056,1.500000,-0.003918
1779543075.714470,0,1,-1.481869,0.170446,0.057255,1.500000,-0.002890
1779543075.724683,0,1,-1.466888,0.171213,0.056630,1.500000,-0.002890
1779543075.735524,0,1,-1.451907,0.171956,0.055829,1.500000,-0.001834
1779543075.744787,0,1,-1.436925,0.172702,0.055204,1.500000,-0.001834
1779543075.754467,0,1,-1.421942,0.173423,0.054403,1.500000,-0.002282
1779543075.764798,0,1,-1.406960,0.174148,0.053777,1.500000,-0.002282
1779543075.774654,0,1,-1.391976,0.174848,0.052976,1.500000,-0.001204
1779543075.784755,0,1,-1.376993,0.175550,0.052351,1.500000,-0.001204
1779543075.794764,0,1,-1.362008,0.176229,0.051550,1.500000,-0.001204
1779543075.804332,0,1,-1.347024,0.176910,0.050924,1.500000,-0.000994
1779543075.814705,0,1,-1.332038,0.177568,0.050123,1.500000,-0.000994
1779543075.824933,0,1,-1.317053,0.178228,0.049498,1.500000,-0.000994
1779543075.834582,0,1,-1.302066,0.178863,0.048697,1.500000,0.000583
1779543075.844713,0,1,-1.287080,0.179502,0.048071,1.500000,0.000583
1779543075.855364,0,1,-1.272092,0.180117,0.047270,1.500000,0.000544
1779543075.864810,0,1,-1.257106,0.180759,0.046922,1.500000,0.000544
1779543075.874672,0,1,-1.242123,0.181465,0.047236,1.500000,0.001655
1779543075.884786,0,1,-1.227140,0.182195,0.047614,1.500000,0.001655
1779543075.895092,0,1,-1.212160,0.182969,0.048285,1.500000,0.001655
1779543075.904808,0,1,-1.197181,0.183752,0.048841,1.500000,0.002135
1779543075.914717,0,1,-1.182203,0.184569,0.049604,1.500000,0.002135
1779543075.924662,0,1,-1.167226,0.185389,0.050207,1.500000,0.002205
1779543075.934877,0,1,-1.152250,0.186237,0.050994,1.500000,0.002205
1779543075.944808,0,1,-1.137274,0.187086,0.051611,1.500000,0.002205
1779543075.954481,0,1,-1.122299,0.187961,0.052407,1.500000,-0.000230
1779543075.964571,0,1,-1.107325,0.188834,0.053029,1.500000,-0.000230
1779543075.975598,0,1,-1.092352,0.189733,0.053828,1.500000,-0.001403
1779543075.984560,0,1,-1.077377,0.190605,0.054175,1.500000,-0.001403
1779543075.994631,0,1,-1.062399,0.191414,0.053859,1.500000,-0.001403
1779543076.004646,0,1,-1.047419,0.192198,0.053481,1.500000,-0.003674
1779543076.014680,0,1,-1.032438,0.192940,0.052809,1.500000,-0.003674
1779543076.024476,0,1,-1.017456,0.193672,0.052253,1.500000,-0.004863
1779543076.034476,0,1,-1.002472,0.194371,0.051490,1.500000,-0.004863
1779543076.044615,0,1,-0.987488,0.195066,0.050887,1.500000,-0.006863
1779543076.055074,0,1,-0.972503,0.195733,0.050099,1.500000,-0.006863
1779543076.064672,0,1,-0.957518,0.196400,0.049482,1.500000,-0.006863
1779543076.074641,0,1,-0.942531,0.197041,0.048686,1.500000,-0.005808
1779543076.084708,0,1,-0.927545,0.197683,0.048064,1.500000,-0.005808
1779543076.095016,0,1,-0.912558,0.198300,0.047265,1.500000,-0.006086
1779543076.104750,0,1,-0.897571,0.198919,0.046641,1.500000,-0.006086
1779543076.114682,0,1,-0.882582,0.199513,0.045841,1.500000,-0.005019
1779543076.124661,0,1,-0.867594,0.200110,0.045217,1.500000,-0.005019
1779543076.135605,0,1,-0.852605,0.200682,0.044416,1.500000,-0.004053
1779543076.144747,0,1,-0.837616,0.201257,0.043791,1.500000,-0.004053
1779543076.154665,0,1,-0.822626,0.201807,0.042990,1.500000,-0.004325
1779543076.164722,0,1,-0.807637,0.202360,0.042365,1.500000,-0.004325
1779543076.174910,0,1,-0.792646,0.202889,0.041564,1.500000,-0.004325
1779543076.184728,0,1,-0.777655,0.203421,0.040938,1.500000,-0.003323
1779543076.195988,0,1,-0.762664,0.203929,0.040137,1.500000,-0.003323
1779543076.204526,0,1,-0.747673,0.204439,0.039512,1.500000,-0.001738
1779543076.215333,0,1,-0.732680,0.204925,0.038711,1.500000,-0.001738
1779543076.224902,0,1,-0.717688,0.205414,0.038085,1.500000,-0.000667
1779543076.234668,0,1,-0.702696,0.205879,0.037284,1.500000,-0.000667
1779543076.244591,0,1,-0.687703,0.206347,0.036659,1.500000,0.000388
1779543076.254472,0,1,-0.672709,0.206790,0.035858,1.500000,0.000388
1779543076.264722,0,1,-0.657717,0.207261,0.035509,1.500000,0.001970
1779543076.274406,0,1,-0.642726,0.207796,0.035824,1.500000,0.001970
1779543076.284345,0,1,-0.627737,0.208356,0.036201,1.500000,0.002690
1779543076.295553,0,1,-0.612749,0.208958,0.036873,1.500000,0.002690
1779543076.304781,0,1,-0.597762,0.209570,0.037429,1.500000,0.002690
1779543076.315077,0,1,-0.582775,0.210216,0.038191,1.500000,0.000269
1779543076.324551,0,1,-0.567789,0.210865,0.038794,1.500000,0.000269
1779543076.334725,0,1,-0.552805,0.211542,0.039582,1.500000,-0.000956
1779543076.344723,0,1,-0.537820,0.212220,0.040199,1.500000,-0.000956
1779543076.354536,0,1,-0.522837,0.212924,0.040995,1.500000,-0.000956
1779543076.365078,0,1,-0.507852,0.213602,0.041340,1.500000,-0.003685
1779543076.374656,0,1,-0.492865,0.214217,0.041023,1.500000,-0.003685
1779543076.385432,0,1,-0.477876,0.214808,0.040644,1.500000,-0.004992
1779543076.394425,0,1,-0.462886,0.215357,0.039971,1.500000,-0.004992
1779543076.404460,0,1,-0.447896,0.215896,0.039415,1.500000,-0.004992
1779543076.415318,0,1,-0.432905,0.216402,0.038652,1.500000,-0.008633
1779543076.424658,0,1,-0.417913,0.216905,0.038048,1.500000,-0.008633
1779543076.434455,0,1,-0.402920,0.217380,0.037260,1.500000,-0.008633
1779543076.444354,0,1,-0.387928,0.217854,0.036643,1.500000,-0.009369
1779543076.454928,0,1,-0.372935,0.218302,0.035847,1.500000,-0.009369
1779543076.464570,0,1,-0.357941,0.218752,0.035225,1.500000,-0.009369
1779543076.474615,0,1,-0.342947,0.219176,0.034426,1.500000,-0.008122
1779543076.484637,0,1,-0.327954,0.219602,0.033802,1.500000,-0.008122
1779543076.494646,0,1,-0.312959,0.220004,0.033002,1.500000,-0.008122
1779543076.504828,0,1,-0.297964,0.220408,0.032377,1.500000,-0.008154
1779543076.514495,0,1,-0.282969,0.220788,0.031577,1.500000,-0.008154
1779543076.524549,0,1,-0.267974,0.221170,0.030952,1.500000,-0.008154
1779543076.534708,0,1,-0.252978,0.221528,0.030151,1.500000,-0.006908
1779543076.544782,0,1,-0.237983,0.221889,0.029525,1.500000,-0.006908
1779543076.554587,0,1,-0.222986,0.222226,0.028725,1.500000,-0.006908
1779543076.564743,0,1,-0.207990,0.222565,0.028099,1.500000,-0.006908
1779543076.574702,0,1,-0.192994,0.222880,0.027298,1.500000,-0.006600
1779543076.584701,0,1,-0.177997,0.223198,0.026673,1.500000,-0.006600
1779543076.594686,0,1,-0.163000,0.223492,0.025872,1.500000,-0.006600
1779543076.604593,0,1,-0.148003,0.223788,0.025246,1.500000,-0.006618
1779543076.614670,0,1,-0.133005,0.224060,0.024445,1.500000,-0.006618
1779543076.624686,0,1,-0.118008,0.224335,0.023820,1.500000,-0.006618
1779543076.634674,0,1,-0.103010,0.224586,0.023018,1.500000,-0.005324
1779543076.644486,0,1,-0.088012,0.224840,0.022393,1.500000,-0.005324
1779543076.655286,0,1,-0.073014,0.225069,0.021592,1.500000,-0.005324
1779543076.664482,0,1,-0.058016,0.225301,0.020966,1.500000,-0.005321
1779543076.674417,0,1,-0.043017,0.225509,0.020165,1.500000,-0.005321
1779543076.684451,0,1,-0.028019,0.225720,0.019540,1.500000,-0.005321
1779543076.696228,0,1,-0.013020,0.225907,0.018739,1.500000,-0.003960
1779543076.704714,0,1,0.001979,0.226096,0.018113,1.500000,-0.003960
1779543076.714771,0,1,0.016978,0.226261,0.017312,1.500000,-0.003960
1779543076.724728,0,1,0.031977,0.226429,0.016687,1.500000,-0.002426
1779543076.734754,0,1,0.046977,0.226573,0.015886,1.500000,-0.002426
1779543076.744702,0,1,0.061976,0.226720,0.015260,1.500000,-0.002426
1779543076.754570,0,1,0.076975,0.226842,0.014459,1.500000,-0.001868
1779543076.764352,0,1,0.091975,0.226968,0.013834,1.500000,-0.001868
1779543076.775090,0,1,0.106974,0.227069,0.013032,1.500000,-0.001868
1779543076.784763,0,1,0.121974,0.227172,0.012407,1.500000,-0.000262
1779543076.794266,0,1,0.136974,0.227252,0.011606,1.500000,-0.000262
1779543076.804407,0,1,0.151974,0.227335,0.010980,1.500000,-0.000262
1779543076.815464,0,1,0.166974,0.227393,0.010179,1.500000,-0.000262
1779543076.824560,0,1,0.181973,0.227454,0.009554,1.500000,-0.002187
1779543076.834728,0,1,0.196973,0.227491,0.008753,1.500000,-0.002187
1779543076.844433,0,1,0.211973,0.227530,0.008127,1.500000,-0.002187
1779543076.854399,0,1,0.226973,0.227546,0.007326,1.500000,-0.001526
1779543076.864581,0,1,0.241973,0.227564,0.006701,1.500000,-0.001526
1779543076.874573,0,1,0.256973,0.227558,0.005900,1.500000,-0.001526
1779543076.884801,0,1,0.271973,0.227555,0.005274,1.500000,0.000092
1779543076.894585,0,1,0.286973,0.227528,0.004473,1.500000,0.000092
1779543076.904508,0,1,0.301973,0.227515,0.003986,1.500000,0.000092
1779543076.914581,0,1,0.316973,0.227523,0.003743,1.500000,0.000180
1779543076.924807,0,1,0.331973,0.227545,0.003619,1.500000,0.000180
1779543076.934753,0,1,0.346973,0.227588,0.003692,1.500000,0.000180
1779543076.944608,0,1,0.361973,0.227682,0.004215,1.500000,0.000243
1779543076.954311,0,1,0.376972,0.227791,0.004698,1.500000,0.000243
1779543076.964403,0,1,0.391972,0.227937,0.005423,1.500000,0.000243
1779543076.975194,0,1,0.406971,0.228088,0.006007,1.500000,0.001041
1779543076.984750,0,1,0.421970,0.228270,0.006784,1.500000,0.001041
1779543076.994423,0,1,0.436969,0.228453,0.007396,1.500000,0.001041
1779543077.004680,0,1,0.451967,0.228664,0.008189,1.500000,0.001041
1779543077.014726,0,1,0.466966,0.228873,0.008809,1.500000,-0.001866
1779543077.024361,0,1,0.481964,0.229108,0.009606,1.500000,-0.001866
1779543077.034681,0,1,0.496962,0.229317,0.009953,1.500000,-0.001866
1779543077.044352,0,1,0.511962,0.229462,0.009637,1.500000,-0.004779
1779543077.054859,0,1,0.526961,0.229583,0.009258,1.500000,-0.004779
1779543077.064547,0,1,0.541961,0.229661,0.008586,1.500000,-0.004779
1779543077.074598,0,1,0.556961,0.229730,0.008029,1.500000,-0.006730
1779543077.084856,0,1,0.571961,0.229766,0.007267,1.500000,-0.006730
1779543077.095256,0,1,0.586961,0.229798,0.006663,1.500000,-0.006730
1779543077.104705,0,1,0.601961,0.229802,0.005876,1.500000,-0.007738
1779543077.114293,0,1,0.616961,0.229806,0.005258,1.500000,-0.007738
1779543077.124706,0,1,0.631961,0.229783,0.004462,1.500000,-0.007033
1779543077.134749,0,1,0.646961,0.229762,0.003840,1.500000,-0.007033
1779543077.144621,0,1,0.661961,0.229716,0.003041,1.500000,-0.007033
1779543077.154509,0,1,0.676961,0.229671,0.002418,1.500000,-0.007033
1779543077.164395,0,1,0.691960,0.229602,0.001618,1.500000,-0.006737
1779543077.174591,0,1,0.706960,0.229536,0.000993,1.500000,-0.006737
1779543077.184462,0,1,0.721960,0.229445,0.000192,1.500000,-0.006737
1779543077.194678,0,1,0.736960,0.229356,6.282752,1.500000,-0.004929
1779543077.204703,0,1,0.751959,0.229244,6.281951,1.500000,-0.004929
1779543077.214774,0,1,0.766959,0.229134,6.281326,1.500000,-0.004929
1779543077.224594,0,1,0.781958,0.229000,6.280525,1.500000,-0.003952
1779543077.234269,0,1,0.796958,0.228868,6.279900,1.500000,-0.003952
1779543077.244486,0,1,0.811957,0.228713,6.279099,1.500000,-0.003952
1779543077.255364,0,1,0.826956,0.228560,6.278473,1.500000,-0.002718
1779543077.264739,0,1,0.841955,0.228383,6.277672,1.500000,-0.002718
1779543077.274456,0,1,0.856954,0.228208,6.277047,1.500000,-0.001672
1779543077.284729,0,1,0.871953,0.228010,6.276246,1.500000,-0.001672
1779543077.294872,0,1,0.886951,0.227814,6.275620,1.500000,-0.001672
1779543077.304727,0,1,0.901950,0.227594,6.274819,1.500000,-0.001672
1779543077.314532,0,1,0.916948,0.227377,6.274194,1.500000,-0.002532
1779543077.324528,0,1,0.931946,0.227136,6.273393,1.500000,-0.002532
1779543077.334690,0,1,0.946944,0.226897,6.272767,1.500000,-0.001491
1779543077.344664,0,1,0.961942,0.226634,6.271966,1.500000,-0.001491
1779543077.354297,0,1,0.976940,0.226374,6.271341,1.500000,-0.001491
1779543077.364462,0,1,0.991937,0.226090,6.270539,1.500000,-0.001491
1779543077.374743,0,1,1.006935,0.225809,6.269914,1.500000,-0.000666
1779543077.384405,0,1,1.021931,0.225503,6.269113,1.500000,-0.000666
1779543077.394803,0,1,1.036928,0.225201,6.268487,1.500000,-0.000666
1779543077.404667,0,1,1.051925,0.224874,6.267686,1.500000,-0.000408
1779543077.414572,0,1,1.066921,0.224550,6.267061,1.500000,-0.000408
1779543077.424372,0,1,1.081917,0.224201,6.266260,1.500000,-0.000408
1779543077.434722,0,1,1.096913,0.223856,6.265634,1.500000,0.001278
1779543077.444453,0,1,1.111909,0.223486,6.264833,1.500000,0.001278
1779543077.454661,0,1,1.126905,0.223144,6.264485,1.500000,0.001278
1779543077.464882,0,1,1.141902,0.222866,6.264799,1.500000,0.001278
1779543077.474580,0,1,1.156900,0.222613,6.265177,1.500000,0.002160
1779543077.484766,0,1,1.171899,0.222402,6.265848,1.500000,0.002160
1779543077.494790,0,1,1.186897,0.222202,6.266404,1.500000,0.003397
1779543077.504941,0,1,1.201896,0.222034,6.267166,1.500000,0.003397
1779543077.514614,0,1,1.216895,0.221870,6.267770,1.500000,0.003397
1779543077.524703,0,1,1.231895,0.221735,6.268557,1.500000,0.001807
1779543077.534698,0,1,1.246894,0.221600,6.269174,1.500000,0.001807
1779543077.544963,0,1,1.261894,0.221491,6.269970,1.500000,-0.000892
1779543077.554252,0,1,1.276893,0.221381,6.270592,1.500000,-0.000892
1779543077.564252,0,1,1.291893,0.221296,6.271391,1.500000,-0.001375
1779543077.574821,0,1,1.306893,0.221184,6.271738,1.500000,-0.001375
1779543077.584602,0,1,1.321892,0.221008,6.271422,1.500000,-0.002666
1779543077.594341,0,1,1.336890,0.220809,6.271044,1.500000,-0.002666
1779543077.604533,0,1,1.351888,0.220566,6.270372,1.500000,-0.002666
1779543077.615109,0,1,1.366886,0.220314,6.269816,1.500000,-0.005517
1779543077.624833,0,1,1.381884,0.220029,6.269053,1.500000,-0.005517
1779543077.634776,0,1,1.396881,0.219741,6.268450,1.500000,-0.005787
1779543077.644912,0,1,1.411877,0.219424,6.267662,1.500000,-0.005787
1779543077.654753,0,1,1.426874,0.219107,6.267045,1.500000,-0.005787
1779543077.664874,0,1,1.441870,0.218763,6.266249,1.500000,-0.005955
1779543077.674484,0,1,1.456866,0.218421,6.265627,1.500000,-0.005955
1779543077.684726,0,1,1.471862,0.218054,6.264828,1.500000,-0.004740
1779543077.694897,0,1,1.486857,0.217688,6.264204,1.500000,-0.004740
1779543077.704368,0,1,1.501852,0.217299,6.263404,1.500000,-0.003765
1779543077.714770,0,1,1.516847,0.216911,6.262779,1.500000,-0.003765
1779543077.724636,0,1,1.531842,0.216499,6.261979,1.500000,-0.003765
1779543077.734798,0,1,1.546836,0.216090,6.261354,1.500000,-0.002213
1779543077.744899,0,1,1.561830,0.215656,6.260553,1.500000,-0.002213
1779543077.754640,0,1,1.576823,0.215225,6.259928,1.500000,-0.001773
1779543077.764830,0,1,1.591817,0.214770,6.259127,1.500000,-0.001773
1779543077.774736,0,1,1.606810,0.214318,6.258501,1.500000,-0.000724
1779543077.784526,0,1,1.621802,0.213841,6.257700,1.500000,-0.000724
1779543077.794732,0,1,1.636795,0.213368,6.257075,1.500000,-0.000724
1779543077.804891,0,1,1.651786,0.212870,6.256274,1.500000,-0.002357
1779543077.814950,0,1,1.666778,0.212374,6.255648,1.500000,-0.002357
1779543077.824576,0,1,1.681769,0.211855,6.254847,1.500000,-0.000709
1779543077.834424,0,1,1.696760,0.211338,6.254222,1.500000,-0.000709
1779543077.844705,0,1,1.711751,0.210798,6.253421,1.500000,0.000366
1779543077.854829,0,1,1.726741,0.210260,6.252795,1.500000,0.000366
1779543077.864784,0,1,1.741730,0.209697,6.251994,1.500000,0.000366
1779543077.874738,0,1,1.756721,0.209163,6.251645,1.500000,0.000956
1779543077.884931,0,1,1.771713,0.208692,6.251960,1.500000,0.000956
1779543077.894758,0,1,1.786707,0.208246,6.252337,1.500000,0.000956
1779543077.904743,0,1,1.801701,0.207843,6.253009,1.500000,0.000786
1779543077.914779,0,1,1.816696,0.207450,6.253565,1.500000,0.000786
1779543077.924754,0,1,1.831692,0.207090,6.254327,1.500000,0.002334
1779543077.934904,0,1,1.846688,0.206734,6.254930,1.500000,0.002334
1779543077.944412,0,1,1.861684,0.206406,6.255718,1.500000,0.002334
1779543077.954817,0,1,1.876680,0.206078,6.256335,1.500000,0.000194
1779543077.964476,0,1,1.891677,0.205777,6.257131,1.500000,0.000194
1779543077.974957,0,1,1.906674,0.205474,6.257753,1.500000,-0.000903
1779543077.984841,0,1,1.921672,0.205196,6.258552,1.500000,-0.000903
1779543077.994923,0,1,1.936669,0.204892,6.258899,1.500000,-0.000903
1779543078.004718,0,1,1.951664,0.204524,6.258583,1.500000,-0.002961
1779543078.015366,0,1,1.966659,0.204132,6.258205,1.500000,-0.004133
1779543078.024691,0,1,1.981653,0.203697,6.257533,1.500000,-0.004133
1779543078.034496,0,1,1.996646,0.203252,6.256977,1.500000,-0.004133
1779543078.044498,0,1,2.011639,0.202775,6.256214,1.500000,-0.006533
1779543078.055012,0,1,2.026631,0.202293,6.255611,1.500000,-0.006533
1779543078.064602,0,1,2.041622,0.201784,6.254823,1.500000,-0.006533
1779543078.074628,0,1,2.056613,0.201274,6.254206,1.500000,-0.005681
1779543078.084378,0,1,2.071604,0.200738,6.253410,1.500000,-0.005681
1779543078.094655,0,1,2.086594,0.200204,6.252788,1.500000,-0.005716
1779543078.104889,0,1,2.101584,0.199644,6.251989,1.500000,-0.005716
1779543078.114720,0,1,2.116574,0.199086,6.251365,1.500000,-0.004661
1779543078.124667,0,1,2.131562,0.198504,6.250565,1.500000,-0.004661
1779543078.134955,0,1,2.146551,0.197924,6.249940,1.500000,-0.003686
1779543078.144838,0,1,2.161539,0.197319,6.249140,1.500000,-0.003686
1779543078.154791,0,1,2.176527,0.196718,6.248515,1.500000,-0.003686
1779543078.164948,0,1,2.191514,0.196092,6.247714,1.500000,-0.003082
1779543078.174828,0,1,2.206501,0.195468,6.247088,1.500000,-0.003082
1779543078.184703,0,1,2.221487,0.194821,6.246287,1.500000,-0.002045
1779543078.194807,0,1,2.236473,0.194176,6.245662,1.500000,-0.002045
1779543078.205261,0,1,2.251458,0.193507,6.244861,1.500000,-0.000976
1779543078.214778,0,1,2.266443,0.192841,6.244236,1.500000,-0.000976
1779543078.224691,0,1,2.281427,0.192150,6.243434,1.500000,0.000106
1779543078.234634,0,1,2.296411,0.191463,6.242809,1.500000,0.000106
1779543078.244569,0,1,2.311395,0.190751,6.242008,1.500000,0.000106
1779543078.256144,0,1,2.326379,0.190067,6.241659,1.500000,0.001814
1779543078.265444,0,1,2.341366,0.189447,6.241974,1.500000,0.001814
1779543078.274567,0,1,2.356354,0.188851,6.242351,1.500000,0.001814
1779543078.284821,0,1,2.371344,0.188298,6.243023,1.500000,0.002865
1779543078.295137,0,1,2.386334,0.187755,6.243579,1.500000,0.002865
1779543078.304936,0,1,2.401326,0.187245,6.244341,1.500000,0.002026
1779543078.314692,0,1,2.416317,0.186739,6.244944,1.500000,0.002026
1779543078.324848,0,1,2.431309,0.186261,6.245732,1.500000,0.002026
1779543078.334837,0,1,2.446302,0.185784,6.246349,1.500000,0.000925
1779543078.344715,0,1,2.461295,0.185333,6.247145,1.500000,0.000925
1779543078.354693,0,1,2.476288,0.184880,6.247767,1.500000,-0.001486
1779543078.364362,0,1,2.491282,0.184453,6.248566,1.500000,-0.001486
1779543078.374693,0,1,2.506275,0.183999,6.248913,1.500000,-0.002720
1779543078.384549,0,1,2.521266,0.183481,6.248597,1.500000,-0.002720
1779543078.394315,0,1,2.536256,0.182939,6.248219,1.500000,-0.002720
1779543078.404825,0,1,2.551245,0.182355,6.247547,1.500000,-0.005054
1779543078.415012,0,1,2.566233,0.181760,6.246991,1.500000,-0.005054
1779543078.424379,0,1,2.581220,0.181133,6.246228,1.500000,-0.006188
1779543078.434594,0,1,2.596207,0.180502,6.245625,1.500000,-0.006188
1779543078.444927,0,1,2.611192,0.179843,6.244837,1.500000,-0.006188
1779543078.454952,0,1,2.626178,0.179184,6.244220,1.500000,-0.005901
1779543078.464413,0,1,2.641162,0.178498,6.243424,1.500000,-0.005901
1779543078.474509,0,1,2.656147,0.177814,6.242802,1.500000,-0.005038
1779543078.484855,0,1,2.671130,0.177104,6.242003,1.500000,-0.005038
1779543078.494733,0,1,2.686113,0.176397,6.241379,1.500000,-0.004089
1779543078.504668,0,1,2.701095,0.175665,6.240579,1.500000,-0.004089
1779543078.514791,0,1,2.716077,0.174935,6.239954,1.500000,-0.004089
1779543078.524743,0,1,2.731058,0.174181,6.239154,1.500000,-0.004089
1779543078.535194,0,1,2.746040,0.173430,6.238529,1.500000,-0.003342
1779543078.544780,0,1,2.761020,0.172654,6.237728,1.500000,-0.003342
1779543078.554753,0,1,2.776000,0.171881,6.237102,1.500000,-0.002467
1779543078.564806,0,1,2.790978,0.171084,6.236301,1.500000,-0.002467
1779543078.575448,0,1,2.805957,0.170290,6.235676,1.500000,-0.002467
1779543078.584942,0,1,2.820935,0.169471,6.234875,1.500000,-0.001389
1779543078.594662,0,1,2.835913,0.168655,6.234250,1.500000,-0.001389
1779543078.604532,0,1,2.850889,0.167815,6.233448,1.500000,-0.001206
1779543078.614825,0,1,2.865866,0.166978,6.232823,1.500000,-0.001206
1779543078.624625,0,1,2.880841,0.166117,6.232022,1.500000,0.000459
1779543078.634589,0,1,2.895817,0.165258,6.231396,1.500000,0.000459
1779543078.644641,0,1,2.910790,0.164375,6.230595,1.500000,0.000632
1779543078.654663,0,1,2.925766,0.163520,6.230247,1.500000,0.000632
1779543078.664672,0,1,2.940745,0.162729,6.230561,1.500000,0.000632
1779543078.674698,0,1,2.955726,0.161962,6.230939,1.500000,0.002506
1779543078.684745,0,1,2.970708,0.161238,6.231610,1.500000,0.002506
1779543078.695000,0,1,2.985691,0.160524,6.232166,1.500000,0.003707
1779543078.704357,0,1,3.000676,0.159844,6.232929,1.500000,0.003707
1779543078.714415,0,1,3.015660,0.159166,6.233532,1.500000,0.003801
1779543078.724322,0,1,3.030646,0.158518,6.234319,1.500000,0.003801
1779543078.735078,0,1,3.045632,0.157869,6.234937,1.500000,0.003005
1779543078.744736,0,1,3.060619,0.157247,6.235732,1.500000,0.003005
1779543078.754781,0,1,3.075606,0.156623,6.236354,1.500000,0.001955
1779543078.764387,0,1,3.090594,0.156025,6.237153,1.500000,0.001955
1779543078.774767,0,1,3.105582,0.155424,6.237777,1.500000,0.000806
1779543078.784937,0,1,3.120571,0.154849,6.238577,1.500000,0.000806
1779543078.794766,0,1,3.135560,0.154270,6.239202,1.500000,0.000806
1779543078.804785,0,1,3.150550,0.153717,6.240002,1.500000,-0.000989
1779543078.814850,0,1,3.165540,0.153160,6.240628,1.500000,-0.000989
1779543078.824746,0,1,3.180530,0.152628,6.241428,1.500000,-0.004203
1779543078.834714,0,1,3.195520,0.152069,6.241777,1.500000,-0.004203
1779543078.844676,0,1,3.210507,0.151445,6.241462,1.500000,-0.005775
1779543078.855233,0,1,3.225493,0.150797,6.241085,1.500000,-0.005775
1779543078.864722,0,1,3.240477,0.150106,6.240413,1.500000,-0.005775
1779543078.874407,0,1,3.255460,0.149405,6.239857,1.500000,-0.007140
1779543078.884624,0,1,3.270442,0.148671,6.239095,1.500000,-0.007140
1779543078.895119,0,1,3.285424,0.147934,6.238492,1.500000,-0.008185
1779543078.904733,0,1,3.300405,0.147168,6.237704,1.500000,-0.008185
1779543078.914764,0,1,3.315385,0.146402,6.237087,1.500000,-0.008185
1779543078.924467,0,1,3.330364,0.145609,6.236291,1.500000,-0.007467
1779543078.934927,0,1,3.345343,0.144818,6.235669,1.500000,-0.007467
1779543078.944705,0,1,3.360321,0.144002,6.234870,1.500000,-0.007467
1779543078.954573,0,1,3.375299,0.143188,6.234246,1.500000,-0.006435
1779543078.964352,0,1,3.390276,0.142349,6.233446,1.500000,-0.006435
1779543078.975253,0,1,3.405252,0.141512,6.232821,1.500000,-0.005491
1779543078.984853,0,1,3.420227,0.140652,6.232021,1.500000,-0.005491
1779543078.994618,0,1,3.435203,0.139793,6.231396,1.500000,-0.005491
1779543079.004800,0,1,3.450177,0.138911,6.230595,1.500000,-0.004545
1779543079.014897,0,1,3.465151,0.138031,6.229970,1.500000,-0.004545
1779543079.024770,0,1,3.480124,0.137127,6.229169,1.500000,-0.004545
1779543079.034621,0,1,3.495097,0.136226,6.228543,1.500000,-0.002941
1779543079.044607,0,1,3.510068,0.135300,6.227742,1.500000,-0.002941
1779543079.054940,0,1,3.525040,0.134378,6.227117,1.500000,-0.002941
1779543079.064551,0,1,3.540010,0.133431,6.226316,1.500000,-0.001980
1779543079.074337,0,1,3.554980,0.132487,6.225690,1.500000,-0.001980
1779543079.084678,0,1,3.569949,0.131519,6.224889,1.500000,-0.001980
1779543079.095201,0,1,3.584918,0.130553,6.224264,1.500000,-0.000961
1779543079.104782,0,1,3.599885,0.129564,6.223463,1.500000,-0.000961
1779543079.114624,0,1,3.614852,0.128577,6.222837,1.500000,-0.000961
1779543079.124481,0,1,3.629818,0.127566,6.222036,1.500000,0.000720
1779543079.134571,0,1,3.644784,0.126558,6.221410,1.500000,0.000720
1779543079.144544,0,1,3.659749,0.125525,6.220609,1.500000,0.000720
1779543079.154436,0,1,3.674715,0.124521,6.220261,1.500000,0.001823
1779543079.164611,0,1,3.689686,0.123580,6.220575,1.500000,0.001823
1779543079.175135,0,1,3.704658,0.122664,6.220953,1.500000,0.001823
1779543079.184661,0,1,3.719632,0.121790,6.221624,1.500000,0.003535
1779543079.194719,0,1,3.734607,0.120927,6.222180,1.500000,0.003535
1779543079.204665,0,1,3.749584,0.120097,6.222943,1.500000,0.004547
1779543079.214818,0,1,3.764561,0.119270,6.223546,1.500000,0.004547
1779543079.224302,0,1,3.779540,0.118471,6.224333,1.500000,0.004100
1779543079.234733,0,1,3.794519,0.117673,6.224951,1.500000,0.004100
1779543079.244615,0,1,3.809499,0.116901,6.225746,1.500000,0.002077
1779543079.254553,0,1,3.824479,0.116128,6.226368,1.500000,0.002077
1779543079.264738,0,1,3.839460,0.115380,6.227167,1.500000,0.001629
1779543079.274623,0,1,3.854442,0.114630,6.227791,1.500000,0.001629
1779543079.284529,0,1,3.869424,0.113905,6.228591,1.500000,0.000457
1779543079.294496,0,1,3.884406,0.113177,6.229216,1.500000,0.000457
1779543079.304703,0,1,3.899390,0.112473,6.230016,1.500000,-0.001771
1779543079.314422,0,1,3.914373,0.111767,6.230642,1.500000,-0.001771
1779543079.324709,0,1,3.929358,0.111086,6.231442,1.500000,-0.003021
1779543079.335177,0,1,3.944341,0.110376,6.231791,1.500000,-0.003021
1779543079.344611,0,1,3.959321,0.109603,6.231476,1.500000,-0.003021
1779543079.354643,0,1,3.974300,0.108805,6.231099,1.500000,-0.005088
1779543079.364610,0,1,3.989276,0.107965,6.230427,1.500000,-0.005691
1779543079.374820,0,1,4.004252,0.107114,6.229871,1.500000,-0.005691
1779543079.384819,0,1,4.019226,0.106231,6.229109,1.500000,-0.005691
1779543079.394768,0,1,4.034200,0.105344,6.228505,1.500000,-0.006747
1779543079.404685,0,1,4.049172,0.104428,6.227718,1.500000,-0.006747
1779543079.414726,0,1,4.064144,0.103513,6.227101,1.500000,-0.006747
1779543079.424669,0,1,4.079114,0.102571,6.226305,1.500000,-0.006058
1779543079.434354,0,1,4.094085,0.101630,6.225683,1.500000,-0.006058
1779543079.444354,0,1,4.109054,0.100664,6.224884,1.500000,-0.006058
1779543079.454703,0,1,4.124023,0.099701,6.224260,1.500000,-0.004466
1779543079.464827,0,1,4.138990,0.098712,6.223460,1.500000,-0.004466
1779543079.474251,0,1,4.153958,0.097726,6.222835,1.500000,-0.004466
1779543079.484398,0,1,4.168924,0.096716,6.222035,1.500000,-0.003004
1779543079.494338,0,1,4.183890,0.095708,6.221410,1.500000,-0.003004
1779543079.504400,0,1,4.198854,0.094676,6.220609,1.500000,-0.003004
1779543079.514758,0,1,4.213819,0.093647,6.219983,1.500000,-0.001711
1779543079.524512,0,1,4.228782,0.092593,6.219183,1.500000,-0.001219
1779543079.534927,0,1,4.243745,0.091543,6.218557,1.500000,-0.001219
1779543079.544763,0,1,4.258706,0.090468,6.217756,1.500000,-0.001219
1779543079.554811,0,1,4.273668,0.089396,6.217131,1.500000,0.000085
1779543079.564406,0,1,4.288628,0.088299,6.216330,1.500000,0.000085
1779543079.574804,0,1,4.303589,0.087218,6.215843,1.500000,0.001234
1779543079.584727,0,1,4.318551,0.086157,6.215599,1.500000,0.001234
1779543079.594681,0,1,4.333515,0.085122,6.215614,1.500000,0.001849
1779543079.604917,0,1,4.348483,0.084140,6.216107,1.500000,0.001849
1779543079.614763,0,1,4.363452,0.083175,6.216574,1.500000,0.003100
1779543079.624668,0,1,4.378424,0.082249,6.217291,1.500000,0.003100
1779543079.634678,0,1,4.393395,0.081329,6.217870,1.500000,0.003757
1779543079.644280,0,1,4.408369,0.080440,6.218645,1.500000,0.003757
1779543079.654719,0,1,4.423343,0.079552,6.219255,1.500000,0.002941
1779543079.664369,0,1,4.438318,0.078692,6.220047,1.500000,0.002941
1779543079.674250,0,1,4.453293,0.077832,6.220666,1.500000,0.002040
1779543079.684368,0,1,4.468270,0.076997,6.221464,1.500000,0.002040
1779543079.694355,0,1,4.483247,0.076161,6.222087,1.500000,0.002040
1779543079.704514,0,1,4.498225,0.075349,6.222886,1.500000,0.000975
1779543079.714724,0,1,4.513203,0.074536,6.223510,1.500000,0.000975
1779543079.724736,0,1,4.528182,0.073746,6.224311,1.500000,-0.000169
1779543079.734303,0,1,4.543161,0.072955,6.224936,1.500000,-0.000169
1779543079.744787,0,1,4.558141,0.072187,6.225736,1.500000,-0.001356
1779543079.754616,0,1,4.573120,0.071392,6.226085,1.500000,-0.001356
1779543079.765118,0,1,4.588096,0.070533,6.225770,1.500000,-0.002576
1779543079.774441,0,1,4.603070,0.069650,6.225392,1.500000,-0.002576
1779543079.784515,0,1,4.618041,0.068724,6.224721,1.500000,-0.004546
1779543079.795037,0,1,4.633012,0.067789,6.224165,1.500000,-0.004546
1779543079.804561,0,1,4.647980,0.066820,6.223402,1.500000,-0.004546
1779543079.814810,0,1,4.662949,0.065847,6.222799,1.500000,-0.005515
1779543079.824930,0,1,4.677915,0.064846,6.222012,1.500000,-0.005515
1779543079.834900,0,1,4.692882,0.063845,6.221394,1.500000,-0.004854
1779543079.844718,0,1,4.707847,0.062818,6.220599,1.500000,-0.004854
1779543079.854989,0,1,4.722812,0.061792,6.219977,1.500000,-0.003893
1779543079.864586,0,1,4.737775,0.060740,6.219178,1.500000,-0.003893
1779543079.875948,0,1,4.752738,0.059691,6.218554,1.500000,-0.003893
1779543079.884835,0,1,4.767699,0.058618,6.217754,1.500000,-0.002879
1779543079.894887,0,1,4.782661,0.057546,6.217129,1.500000,-0.002879
1779543079.905373,0,1,4.797621,0.056450,6.216328,1.500000,-0.001560
1779543079.914794,0,1,4.812581,0.055357,6.215703,1.500000,-0.001560
1779543079.924661,0,1,4.827540,0.054240,6.214903,1.500000,-0.000442
1779543079.934713,0,1,4.842498,0.053125,6.214277,1.500000,-0.000442
1779543079.944713,0,1,4.857455,0.051986,6.213476,1.500000,-0.000442
1779543079.954862,0,1,4.872412,0.050850,6.212851,1.500000,0.001019
1779543079.964907,0,1,4.887367,0.049690,6.212050,1.500000,0.001019
1779543079.974920,0,1,4.902324,0.048557,6.211701,1.500000,0.002211
1779543079.984715,0,1,4.917286,0.047489,6.212016,1.500000,0.002211
1779543079.994490,0,1,4.932249,0.046444,6.212393,1.500000,0.002211
1779543080.005237,0,1,4.947216,0.045443,6.213065,1.500000,0.002970
1779543080.014622,0,1,4.962183,0.044451,6.213621,1.500000,0.002970
1779543080.024911,0,1,4.977152,0.043493,6.214383,1.500000,0.004558
1779543080.035193,0,1,4.992122,0.042538,6.214986,1.500000,0.004558
1779543080.044738,0,1,5.007093,0.041611,6.215774,1.500000,0.004558
1779543080.054935,0,1,5.022065,0.040685,6.216391,1.500000,0.004558
1779543080.064541,0,1,5.037038,0.039785,6.217187,1.500000,0.003317
1779543080.074905,0,1,5.052010,0.038883,6.217809,1.500000,0.003317
1779543080.085517,0,1,5.066985,0.038007,6.218608,1.500000,0.003317
1779543080.095181,0,1,5.081959,0.037129,6.219232,1.500000,0.001241
1779543080.104854,0,1,5.096935,0.036275,6.220032,1.500000,0.001241
1779543080.115088,0,1,5.111910,0.035419,6.220656,1.500000,0.001241
1779543080.124393,0,1,5.126887,0.034587,6.221457,1.500000,-0.000434
1779543080.134553,0,1,5.141864,0.033753,6.222082,1.500000,-0.000434
1779543080.145230,0,1,5.156842,0.032943,6.222883,1.500000,-0.000434
1779543080.154612,0,1,5.171819,0.032106,6.223231,1.500000,-0.000434
1779543080.164644,0,1,5.186792,0.031204,6.222917,1.500000,-0.002159
1779543080.174840,0,1,5.201763,0.030278,6.222539,1.500000,-0.002159
1779543080.184983,0,1,5.216732,0.029310,6.221867,1.500000,-0.002159
1779543080.194749,0,1,5.231700,0.028331,6.221312,1.500000,-0.004634
1779543080.204964,0,1,5.246666,0.027319,6.220549,1.500000,-0.004634
1779543080.214526,0,1,5.261631,0.026304,6.219946,1.500000,-0.004828
1779543080.224963,0,1,5.276595,0.025261,6.219158,1.500000,-0.004828
1779543080.234344,0,1,5.291559,0.024217,6.218541,1.500000,-0.004828
1779543080.244348,0,1,5.306520,0.023147,6.217745,1.500000,-0.003718
1779543080.254551,0,1,5.321482,0.022078,6.217123,1.500000,-0.003718
1779543080.264873,0,1,5.336442,0.020984,6.216325,1.500000,-0.003718
1779543080.274961,0,1,5.351402,0.019892,6.215701,1.500000,-0.003718
1779543080.284559,0,1,5.366361,0.018776,6.214901,1.500000,-0.001478
1779543080.294989,0,1,5.381319,0.017662,6.214276,1.500000,-0.001478
1779543080.304760,0,1,5.396276,0.016523,6.213475,1.500000,-0.001478
1779543080.315141,0,1,5.411233,0.015388,6.212850,1.500000,0.000315
1779543080.324609,0,1,5.426188,0.014228,6.212049,1.500000,0.000315
1779543080.335371,0,1,5.441145,0.013095,6.211701,1.500000,0.000315
1779543080.344916,0,1,5.456107,0.012027,6.212016,1.500000,0.000315
1779543080.354759,0,1,5.471071,0.010982,6.212393,1.500000,0.002457
1779543080.364558,0,1,5.486037,0.009981,6.213065,1.500000,0.002457
1779543080.374707,0,1,5.501004,0.008989,6.213621,1.500000,0.002457
1779543080.384864,0,1,5.515974,0.008031,6.214383,1.500000,0.004015
1779543080.394634,0,1,5.530943,0.007076,6.214986,1.500000,0.004015
1779543080.404439,0,1,5.545915,0.006149,6.215774,1.500000,0.004015
1779543080.414722,0,1,5.560886,0.005223,6.216391,1.500000,0.002884
1779543080.424833,0,1,5.575859,0.004323,6.217187,1.500000,0.002884
1779543080.434925,0,1,5.590832,0.003421,6.217809,1.500000,0.002884
1779543080.444336,0,1,5.605806,0.002545,6.218608,1.500000,0.001437
1779543080.454625,0,1,5.620781,0.001667,6.219232,1.500000,0.001437
1779543080.465142,0,1,5.635756,0.000813,6.220032,1.500000,0.001437
1779543080.474808,0,1,5.650732,-0.000043,6.220656,1.500000,0.001437
1779543080.484821,0,1,5.665709,-0.000875,6.221457,1.500000,-0.000218
1779543080.494998,0,1,5.680686,-0.001709,6.222082,1.500000,-0.000218
1779543080.504879,0,1,5.695664,-0.002519,6.222883,1.500000,-0.000218
1779543080.514371,0,1,5.710640,-0.003356,6.223231,1.500000,-0.002319
1779543080.524564,0,1,5.725613,-0.004258,6.222917,1.500000,-0.002319
1779543080.534888,0,1,5.740585,-0.005184,6.222539,1.500000,-0.002319
1779543080.544786,0,1,5.755553,-0.006152,6.221867,1.500000,-0.002319
1779543080.554375,0,1,5.770521,-0.007131,6.221312,1.500000,-0.004386
1779543080.564430,0,1,5.785487,-0.008143,6.220549,1.500000,-0.004386
1779543080.574921,0,1,5.800453,-0.009158,6.219946,1.500000,-0.004579
1779543080.584962,0,1,5.815416,-0.010201,6.219158,1.500000,-0.004579
1779543080.594745,0,1,5.830380,-0.011245,6.218541,1.500000,-0.004579
1779543080.604577,0,1,5.845342,-0.012315,6.217745,1.500000,-0.004579
1779543080.614510,0,1,5.860304,-0.013384,6.217123,1.500000,-0.002628
1779543080.624758,0,1,5.875264,-0.014478,6.216325,1.500000,-0.002628
1779543080.634605,0,1,5.890224,-0.015570,6.215701,1.500000,-0.002628
1779543080.644485,0,1,5.905182,-0.016686,6.214901,1.500000,-0.001568
1779543080.654392,0,1,5.920141,-0.017800,6.214276,1.500000,-0.001568
1779543080.664577,0,1,5.935098,-0.018938,6.213475,1.500000,-0.001568
1779543080.674498,0,1,5.950055,-0.020074,6.212850,1.500000,0.000749
1779543080.684680,0,1,5.965010,-0.021234,6.212049,1.500000,0.000749
1779543080.694996,0,1,5.979967,-0.022367,6.211701,1.500000,0.000749
1779543080.704765,0,1,5.994929,-0.023435,6.212016,1.500000,0.002467
1779543080.714437,0,1,6.009892,-0.024480,6.212393,1.500000,0.002467
1779543080.724711,0,1,6.024859,-0.025481,6.213065,1.500000,0.002467
1779543080.736999,0,1,6.039826,-0.026473,6.213621,1.500000,0.004384
1779543080.744689,0,1,6.054795,-0.027431,6.214383,1.500000,0.004384
1779543080.754833,0,1,6.069765,-0.028386,6.214986,1.500000,0.004384
1779543080.764858,0,1,6.084736,-0.029313,6.215774,1.500000,0.004561
1779543080.775294,0,1,6.099708,-0.030239,6.216391,1.500000,0.004561
1779543080.784592,0,1,6.114681,-0.031139,6.217187,1.500000,0.004561
1779543080.794457,0,1,6.129653,-0.032041,6.217809,1.500000,0.002822
1779543080.804765,0,1,6.144628,-0.032917,6.218608,1.500000,0.002822
1779543080.815073,0,1,6.159602,-0.033795,6.219232,1.500000,0.002822
1779543080.824919,0,1,6.174578,-0.034649,6.220032,1.500000,0.001288
1779543080.834486,0,1,6.189553,-0.035505,6.220656,1.500000,0.001288
1779543080.844627,0,1,6.204530,-0.036336,6.221457,1.500000,0.001288
1779543080.855035,0,1,6.219507,-0.037171,6.222082,1.500000,0.001288
1779543080.864417,0,1,6.234485,-0.037981,6.222883,1.500000,-0.000075
1779543080.874583,0,1,6.249463,-0.038793,6.223508,1.500000,-0.000075
1779543080.884702,0,1,6.264442,-0.039582,6.224309,1.500000,-0.001757
1779543080.895545,0,1,6.279421,-0.040386,6.224796,1.500000,-0.001757
1779543080.904486,0,1,6.294397,-0.041222,6.224901,1.500000,-0.001757
1779543080.914473,0,1,6.309371,-0.042115,6.224467,1.500000,-0.001757
1779543080.924573,0,1,6.324343,-0.043029,6.224030,1.500000,-0.003165
1779543080.934658,0,1,6.339313,-0.043982,6.223329,1.500000,-0.003165
1779543080.944810,0,1,6.354282,-0.044944,6.222757,1.500000,-0.003165
1779543080.954713,0,1,6.369249,-0.045938,6.221987,1.500000,-0.004436
1779543080.964690,0,1,6.384216,-0.046934,6.221379,1.500000,-0.004436
1779543080.974805,0,1,6.399181,-0.047957,6.220589,1.500000,-0.004436
1779543080.984798,0,1,6.414146,-0.048981,6.219970,1.500000,-0.003360
1779543080.994685,0,1,6.429109,-0.050030,6.219174,1.500000,-0.003360
1779543081.004798,0,1,6.444072,-0.051078,6.218551,1.500000,-0.003360
1779543081.014889,0,1,6.459034,-0.052151,6.217752,1.500000,-0.001551
1779543081.024882,0,1,6.473996,-0.053222,6.217128,1.500000,-0.001551
1779543081.034753,0,1,6.488956,-0.054317,6.216328,1.500000,-0.001551
1779543081.044726,0,1,6.503916,-0.055410,6.215703,1.500000,-0.001551
1779543081.055048,0,1,6.518874,-0.056527,6.214902,1.500000,0.000891
1779543081.064831,0,1,6.533833,-0.057642,6.214277,1.500000,0.000891
1779543081.074714,0,1,6.548789,-0.058780,6.213476,1.500000,0.000891
1779543081.084566,0,1,6.563748,-0.059891,6.213128,1.500000,0.002092
1779543081.094779,0,1,6.578711,-0.060939,6.213442,1.500000,0.002092
1779543081.104696,0,1,6.593677,-0.061962,6.213820,1.500000,0.002092
1779543081.114655,0,1,6.608644,-0.062942,6.214491,1.500000,0.004617
1779543081.124801,0,1,6.623613,-0.063912,6.215047,1.500000,0.004617
1779543081.134929,0,1,6.638584,-0.064849,6.215810,1.500000,0.004617
1779543081.144699,0,1,6.653555,-0.065783,6.216413,1.500000,0.005705
1779543081.154805,0,1,6.668527,-0.066688,6.217201,1.500000,0.005705
1779543081.164630,0,1,6.683500,-0.067593,6.217818,1.500000,0.005705
1779543081.174663,0,1,6.698474,-0.068472,6.218613,1.500000,0.004523
1779543081.184541,0,1,6.713448,-0.069352,6.219235,1.500000,0.004523
1779543081.194471,0,1,6.728424,-0.070207,6.220034,1.500000,0.004523
1779543081.204679,0,1,6.743400,-0.071064,6.220658,1.500000,0.002970
1779543081.214537,0,1,6.758376,-0.071896,6.221458,1.500000,0.002970
1779543081.224744,0,1,6.773353,-0.072731,6.222083,1.500000,0.002970
1779543081.234755,0,1,6.788331,-0.073541,6.222884,1.500000,0.001430
1779543081.244742,0,1,6.803309,-0.074354,6.223509,1.500000,0.001430
1779543081.255301,0,1,6.818288,-0.075142,6.224310,1.500000,0.001430
1779543081.264697,0,1,6.833268,-0.075934,6.224935,1.500000,-0.000315
1779543081.274566,0,1,6.848248,-0.076701,6.225736,1.500000,-0.000315
1779543081.284787,0,1,6.863227,-0.077496,6.226084,1.500000,-0.000315
1779543081.295204,0,1,6.878202,-0.078354,6.225770,1.500000,-0.000531
1779543081.304755,0,1,6.893176,-0.079237,6.225392,1.500000,-0.000531
1779543081.314543,0,1,6.908148,-0.080163,6.224720,1.500000,-0.000531
1779543081.324667,0,1,6.923118,-0.081099,6.224165,1.500000,-0.002389
1779543081.334807,0,1,6.938087,-0.082068,6.223402,1.500000,-0.002389
1779543081.344596,0,1,6.953056,-0.083040,6.222799,1.500000,-0.002389
1779543081.354629,0,1,6.968022,-0.084041,6.222011,1.500000,-0.002389
1779543081.364507,0,1,6.982989,-0.085042,6.221394,1.500000,-0.001632
1779543081.374552,0,1,6.997953,-0.086070,6.220599,1.500000,-0.001632
1779543081.384774,0,1,7.012918,-0.087096,6.219977,1.500000,-0.000062
1779543081.394664,0,1,7.027881,-0.088147,6.219178,1.500000,-0.000062
1779543081.404548,0,1,7.042846,-0.089184,6.218692,1.500000,-0.000062
1779543081.414746,0,1,7.057811,-0.090201,6.218450,1.500000,-0.000062
1779543081.424696,0,1,7.072777,-0.091205,6.218327,1.500000,0.002608
1779543081.434760,0,1,7.087744,-0.092200,6.218263,1.500000,0.002608
1779543081.444616,0,1,7.102712,-0.093177,6.218367,1.500000,0.002608
1779543081.454445,0,1,7.117684,-0.094104,6.218905,1.500000,0.004481
1779543081.464551,0,1,7.132656,-0.095019,6.219396,1.500000,0.004481
1779543081.474670,0,1,7.147630,-0.095897,6.220126,1.500000,0.004481
1779543081.484753,0,1,7.162605,-0.096771,6.220712,1.500000,0.005067
1779543081.494842,0,1,7.177581,-0.097614,6.221491,1.500000,0.005067
1779543081.504737,0,1,7.192557,-0.098457,6.222104,1.500000,0.005067
1779543081.514619,0,1,7.207535,-0.099273,6.222897,1.500000,0.005067
1779543081.524737,0,1,7.222513,-0.100090,6.223518,1.500000,0.004649
1779543081.534896,0,1,7.237492,-0.100881,6.224316,1.500000,0.004649
1779543081.544326,0,1,7.252471,-0.101674,6.224939,1.500000,0.003163
1779543081.554639,0,1,7.267451,-0.102443,6.225739,1.500000,0.003163
1779543081.564613,0,1,7.282431,-0.103214,6.226363,1.500000,0.003163
1779543081.575521,0,1,7.297413,-0.103960,6.227164,1.500000,0.002146
1779543081.584416,0,1,7.312394,-0.104709,6.227789,1.500000,0.002146
1779543081.594337,0,1,7.327376,-0.105433,6.228589,1.500000,0.002146
1779543081.604721,0,1,7.342359,-0.106161,6.229215,1.500000,0.002146
1779543081.614875,0,1,7.357342,-0.106864,6.230016,1.500000,0.000561
1779543081.624722,0,1,7.372326,-0.107570,6.230641,1.500000,0.000561
1779543081.634525,0,1,7.387310,-0.108251,6.231442,1.500000,0.000561
1779543081.644616,0,1,7.402295,-0.108935,6.232067,1.500000,-0.000571
1779543081.654923,0,1,7.417280,-0.109596,6.232868,1.500000,-0.000571
1779543081.664804,0,1,7.432264,-0.110283,6.233217,1.500000,-0.000571
1779543081.675871,0,1,7.447245,-0.111035,6.232903,1.500000,-0.002161
1779543081.684406,0,1,7.462225,-0.111811,6.232525,1.500000,-0.002161
1779543081.694867,0,1,7.477203,-0.112630,6.231853,1.500000,-0.002161
1779543081.704756,0,1,7.492180,-0.113459,6.231297,1.500000,-0.004042
1779543081.714725,0,1,7.507155,-0.114322,6.230535,1.500000,-0.004042
1779543081.724786,0,1,7.522130,-0.115187,6.229932,1.500000,-0.004195
1779543081.734713,0,1,7.537104,-0.116081,6.229144,1.500000,-0.004195
1779543081.744513,0,1,7.552077,-0.116976,6.228527,1.500000,-0.004195
1779543081.755037,0,1,7.567049,-0.117896,6.227731,1.500000,-0.002442
1779543081.764496,0,1,7.582020,-0.118815,6.227109,1.500000,-0.002442
1779543081.774790,0,1,7.596991,-0.119760,6.226311,1.500000,-0.001376
1779543081.784724,0,1,7.611961,-0.120702,6.225687,1.500000,-0.001376
1779543081.794791,0,1,7.626930,-0.121669,6.224887,1.500000,-0.000218
1779543081.804975,0,1,7.641899,-0.122634,6.224262,1.500000,-0.000218
1779543081.814866,0,1,7.656866,-0.123623,6.223461,1.500000,-0.000218
1779543081.824725,0,1,7.671834,-0.124609,6.222836,1.500000,0.003186
1779543081.834691,0,1,7.686800,-0.125620,6.222035,1.500000,0.003186
1779543081.844759,0,1,7.701767,-0.126603,6.221687,1.500000,0.004465
1779543081.854690,0,1,7.716739,-0.127522,6.222002,1.500000,0.004465
1779543081.864743,0,1,7.731712,-0.128417,6.222379,1.500000,0.004465
1779543081.874814,0,1,7.746688,-0.129269,6.223051,1.500000,0.006688
1779543081.884875,0,1,7.761664,-0.130111,6.223607,1.500000,0.006688
1779543081.894396,0,1,7.776643,-0.130920,6.224369,1.500000,0.007846
1779543081.904740,0,1,7.791621,-0.131726,6.224972,1.500000,0.007846
1779543081.914394,0,1,7.806601,-0.132503,6.225760,1.500000,0.007846
1779543081.924739,0,1,7.821581,-0.133279,6.226377,1.500000,0.007337
1779543081.934748,0,1,7.836562,-0.134030,6.227173,1.500000,0.007337
1779543081.944746,0,1,7.851543,-0.134782,6.227795,1.500000,0.006504
1779543081.954701,0,1,7.866525,-0.135508,6.228594,1.500000,0.006504
1779543081.964735,0,1,7.881508,-0.136237,6.229218,1.500000,0.006047
1779543081.974747,0,1,7.896491,-0.136941,6.230018,1.500000,0.006047
1779543081.984943,0,1,7.911475,-0.137647,6.230642,1.500000,0.006047
1779543081.994463,0,1,7.926459,-0.138330,6.231443,1.500000,0.005347
1779543082.004849,0,1,7.941443,-0.139014,6.232068,1.500000,0.005347
1779543082.014963,0,1,7.956429,-0.139675,6.232869,1.500000,0.005347
1779543082.024530,0,1,7.971414,-0.140338,6.233494,1.500000,0.003697
1779543082.034915,0,1,7.986401,-0.140977,6.234295,1.500000,0.003697
1779543082.044710,0,1,8.001387,-0.141618,6.234921,1.500000,0.003455
1779543082.054773,0,1,8.016374,-0.142236,6.235722,1.500000,0.003455
1779543082.064752,0,1,8.031361,-0.142856,6.236347,1.500000,0.003455
1779543082.074535,0,1,8.046349,-0.143452,6.237148,1.500000,0.001867
1779543082.084823,0,1,8.061337,-0.144050,6.237774,1.500000,0.001867
1779543082.094772,0,1,8.076326,-0.144625,6.238575,1.500000,0.001690
1779543082.104268,0,1,8.091315,-0.145202,6.239200,1.500000,0.001690
1779543082.114637,0,1,8.106305,-0.145756,6.240001,1.500000,0.001690
1779543082.124808,0,1,8.121295,-0.146312,6.240627,1.500000,0.000504
1779543082.134720,0,1,8.136285,-0.146843,6.241428,1.500000,0.000504
1779543082.144634,0,1,8.151276,-0.147378,6.242053,1.500000,-0.001234
1779543082.154657,0,1,8.166267,-0.147888,6.242854,1.500000,-0.001234
1779543082.167523,0,1,8.181257,-0.148427,6.243203,1.500000,-0.001234
1779543082.175620,0,1,8.196245,-0.149029,6.242889,1.500000,-0.001456
1779543082.185633,0,1,8.211232,-0.149655,6.242511,1.500000,-0.001456
1779543082.195251,0,1,8.226217,-0.150325,6.241839,1.500000,-0.001456
1779543082.206567,0,1,8.241202,-0.151004,6.241283,1.500000,-0.003094
1779543082.214621,0,1,8.256185,-0.151717,6.240521,1.500000,-0.003094
1779543082.224834,0,1,8.271168,-0.152433,6.239918,1.500000,-0.003094
1779543082.234793,0,1,8.286149,-0.153177,6.239130,1.500000,-0.003564
1779543082.245070,0,1,8.301131,-0.153922,6.238513,1.500000,-0.003564
1779543082.254742,0,1,8.316111,-0.154693,6.237717,1.500000,-0.002677
1779543082.264883,0,1,8.331091,-0.155463,6.237095,1.500000,-0.002677
1779543082.274752,0,1,8.346070,-0.156258,6.236297,1.500000,-0.002677
1779543082.284706,0,1,8.361049,-0.157050,6.235673,1.500000,-0.000906
1779543082.294610,0,1,8.376027,-0.157868,6.234873,1.500000,-0.000906
1779543082.304604,0,1,8.391005,-0.158683,6.234248,1.500000,0.002655
1779543082.315174,0,1,8.405981,-0.159523,6.233447,1.500000,0.002655
1779543082.324554,0,1,8.420959,-0.160335,6.233099,1.500000,0.002655
1779543082.334571,0,1,8.435941,-0.161083,6.233414,1.500000,0.004514
1779543082.344711,0,1,8.450923,-0.161806,6.233792,1.500000,0.004514
1779543082.354640,0,1,8.465908,-0.162487,6.234463,1.500000,0.006525
1779543082.364380,0,1,8.480893,-0.163159,6.235019,1.500000,0.006525
1779543082.374653,0,1,8.495879,-0.163796,6.235782,1.500000,0.006525
1779543082.384643,0,1,8.510866,-0.164431,6.236385,1.500000,0.007696
1779543082.394678,0,1,8.525853,-0.165037,6.237173,1.500000,0.007696
1779543082.404797,0,1,8.540841,-0.165643,6.237790,1.500000,0.007696
1779543082.414314,0,1,8.555830,-0.166222,6.238586,1.500000,0.007159
1779543082.424388,0,1,8.570819,-0.166803,6.239208,1.500000,0.007159
1779543082.434399,0,1,8.585808,-0.167359,6.240006,1.500000,0.007159
1779543082.444627,0,1,8.600798,-0.167916,6.240630,1.500000,0.005752
1779543082.454270,0,1,8.615789,-0.168449,6.241430,1.500000,0.005752
1779543082.464634,0,1,8.630779,-0.168985,6.242055,1.500000,0.005752
1779543082.474400,0,1,8.645770,-0.169496,6.242856,1.500000,0.005134
1779543082.484827,0,1,8.660761,-0.170009,6.243481,1.500000,0.005134
1779543082.494550,0,1,8.675753,-0.170498,6.244282,1.500000,0.005134
1779543082.505072,0,1,8.690745,-0.170991,6.244907,1.500000,0.005134
1779543082.514693,0,1,8.705738,-0.171458,6.245708,1.500000,0.004002
1779543082.524675,0,1,8.720731,-0.171929,6.246333,1.500000,0.004002
1779543082.534334,0,1,8.735724,-0.172375,6.247134,1.500000,0.004002
1779543082.544800,0,1,8.750717,-0.172824,6.247760,1.500000,0.002979
1779543082.554796,0,1,8.765711,-0.173249,6.248561,1.500000,0.002979
1779543082.564442,0,1,8.780705,-0.173677,6.249186,1.500000,0.002294
1779543082.574539,0,1,8.795700,-0.174080,6.249987,1.500000,0.002294
1779543082.584590,0,1,8.810694,-0.174487,6.250613,1.500000,0.001219
1779543082.594631,0,1,8.825689,-0.174869,6.251414,1.500000,0.001219
1779543082.604675,0,1,8.840684,-0.175254,6.252039,1.500000,0.001219
1779543082.614981,0,1,8.855680,-0.175614,6.252840,1.500000,0.000718
1779543082.624712,0,1,8.870676,-0.175978,6.253466,1.500000,0.000718
1779543082.634338,0,1,8.885672,-0.176317,6.254267,1.500000,-0.000382
1779543082.644701,0,1,8.900668,-0.176659,6.254892,1.500000,-0.000382
1779543082.654599,0,1,8.915665,-0.176977,6.255694,1.500000,-0.000382
1779543082.664855,0,1,8.930661,-0.177323,6.256042,1.500000,-0.000381
1779543082.674406,0,1,8.945655,-0.177732,6.255728,1.500000,-0.000381
1779543082.684804,0,1,8.960649,-0.178166,6.255350,1.500000,-0.002137
1779543082.694823,0,1,8.975641,-0.178643,6.254678,1.500000,-0.002137
1779543082.704742,0,1,8.990633,-0.179130,6.254123,1.500000,-0.002137
1779543082.714819,0,1,9.005624,-0.179651,6.253360,1.500000,-0.003559
1779543082.724998,0,1,9.020615,-0.180174,6.252757,1.500000,-0.003559
1779543082.735026,0,1,9.035605,-0.180726,6.251970,1.500000,-0.003090
1779543082.744864,0,1,9.050595,-0.181279,6.251352,1.500000,-0.003090
1779543082.754647,0,1,9.065584,-0.181857,6.250557,1.500000,-0.003090
1779543082.764940,0,1,9.080572,-0.182435,6.249935,1.500000,-0.001461
1779543082.775414,0,1,9.095560,-0.183037,6.249136,1.500000,-0.001461
1779543082.784807,0,1,9.110548,-0.183638,6.248512,1.500000,-0.001461
1779543082.794835,0,1,9.125535,-0.184263,6.247712,1.500000,0.000240
1779543082.804839,0,1,9.140522,-0.184885,6.247087,1.500000,0.000240
1779543082.814286,0,1,9.155508,-0.185533,6.246287,1.500000,0.004070
1779543082.824816,0,1,9.170495,-0.186152,6.245938,1.500000,0.004070
1779543082.834976,0,1,9.185485,-0.186708,6.246253,1.500000,0.004070
1779543082.844905,0,1,9.200476,-0.187239,6.246631,1.500000,0.006667
1779543082.854610,0,1,9.215468,-0.187728,6.247303,1.500000,0.006667
1779543082.864352,0,1,9.230460,-0.188206,6.247858,1.500000,0.006667
1779543082.874463,0,1,9.245454,-0.188652,6.248621,1.500000,0.008857
1779543082.884809,0,1,9.260447,-0.189094,6.249224,1.500000,0.008857
1779543082.894763,0,1,9.275441,-0.189507,6.250012,1.500000,0.008857
1779543082.904778,0,1,9.290436,-0.189921,6.250629,1.500000,0.009262
1779543082.914959,0,1,9.305431,-0.190308,6.251425,1.500000,0.009262
1779543082.924673,0,1,9.320426,-0.190696,6.252047,1.500000,0.008501
1779543082.934556,0,1,9.335421,-0.191059,6.252845,1.500000,0.008501
1779543082.945024,0,1,9.350417,-0.191424,6.253469,1.500000,0.008501
1779543082.954832,0,1,9.365413,-0.191765,6.254269,1.500000,0.008157
1779543082.964604,0,1,9.380409,-0.192108,6.254894,1.500000,0.008157
1779543082.974633,0,1,9.395406,-0.192426,6.255695,1.500000,0.008157
1779543082.984924,0,1,9.410402,-0.192747,6.256320,1.500000,0.006741
1779543082.994437,0,1,9.425399,-0.193044,6.257121,1.500000,0.006741
1779543083.004914,0,1,9.440396,-0.193344,6.257746,1.500000,0.006741
1779543083.014857,0,1,9.455394,-0.193619,6.258547,1.500000,0.006325
1779543083.024973,0,1,9.470391,-0.193897,6.259172,1.500000,0.006325
1779543083.035207,0,1,9.485389,-0.194151,6.259973,1.500000,0.006325
1779543083.044854,0,1,9.500387,-0.194407,6.260599,1.500000,0.004825
1779543083.055311,0,1,9.515385,-0.194640,6.261400,1.500000,0.004825
1779543083.064803,0,1,9.530383,-0.194875,6.262025,1.500000,0.004825
1779543083.074690,0,1,9.545382,-0.195086,6.262826,1.500000,0.004477
1779543083.084763,0,1,9.560380,-0.195299,6.263452,1.500000,0.004477
1779543083.095489,0,1,9.575379,-0.195489,6.264253,1.500000,0.004477
1779543083.104943,0,1,9.590378,-0.195681,6.264879,1.500000,0.004046
1779543083.114806,0,1,9.605377,-0.195849,6.265680,1.500000,0.004046
1779543083.124778,0,1,9.620376,-0.196020,6.266305,1.500000,0.004046
1779543083.134718,0,1,9.635375,-0.196167,6.267106,1.500000,0.002612
1779543083.144766,0,1,9.650374,-0.196317,6.267732,1.500000,0.002612
1779543083.155016,0,1,9.665374,-0.196442,6.268533,1.500000,0.002770
1779543083.165125,0,1,9.680373,-0.196570,6.269158,1.500000,0.002770
1779543083.174603,0,1,9.695373,-0.196674,6.269959,1.500000,0.002770
1779543083.184332,0,1,9.710372,-0.196781,6.270585,1.500000,0.001158
1779543083.194635,0,1,9.725372,-0.196863,6.271386,1.500000,0.001158
1779543083.204668,0,1,9.740372,-0.196949,6.272011,1.500000,0.001158
1779543083.214767,0,1,9.755372,-0.197010,6.272812,1.500000,0.001158
1779543083.224715,0,1,9.770372,-0.197074,6.273438,1.500000,-0.000356
1779543083.234627,0,1,9.785372,-0.197113,6.274239,1.500000,-0.000356
1779543083.244833,0,1,9.800371,-0.197181,6.274588,1.500000,-0.000356
1779543083.254787,0,1,9.815371,-0.197312,6.274273,1.500000,-0.002563
1779543083.264352,0,1,9.830370,-0.197468,6.273896,1.500000,-0.002563
1779543083.274841,0,1,9.845369,-0.197667,6.273224,1.500000,-0.002563
1779543083.284453,0,1,9.860367,-0.197876,6.272668,1.500000,-0.004374
1779543083.294702,0,1,9.875365,-0.198118,6.271906,1.500000,-0.004374
1779543083.305007,0,1,9.890363,-0.198364,6.271303,1.500000,-0.004374
1779543083.314913,0,1,9.905361,-0.198638,6.270515,1.500000,-0.003030
1779543083.324465,0,1,9.920358,-0.198912,6.269898,1.500000,-0.003030
1779543083.334440,0,1,9.935355,-0.199213,6.269102,1.500000,-0.003030
1779543083.344701,0,1,9.950352,-0.199512,6.268480,1.500000,0.000623
1779543083.354867,0,1,9.965349,-0.199836,6.267681,1.500000,0.000623
1779543083.364293,0,1,9.980346,-0.200134,6.267334,1.500000,0.004753
1779543083.374998,0,1,9.995344,-0.200368,6.267650,1.500000,0.004753
1779543083.384646,0,1,10.010342,-0.200578,6.268028,1.500000,0.004753
1779543083.394873,0,1,10.025342,-0.200745,6.268700,1.500000,0.006084
1779543083.404419,0,1,10.040341,-0.200902,6.269256,1.500000,0.006084
1779543083.414718,0,1,10.055340,-0.201027,6.270019,1.500000,0.006084
1779543083.424577,0,1,10.070340,-0.201148,6.270622,1.500000,0.008055
1779543083.434532,0,1,10.085339,-0.201240,6.271410,1.500000,0.008055
1779543083.444774,0,1,10.100339,-0.201332,6.272027,1.500000,0.008055
1779543083.454897,0,1,10.115339,-0.201398,6.272823,1.500000,0.008165
1779543083.464303,0,1,10.130339,-0.201466,6.273445,1.500000,0.008165
1779543083.474735,0,1,10.145339,-0.201508,6.274244,1.500000,0.007338
1779543083.484673,0,1,10.160339,-0.201552,6.274868,1.500000,0.007338
1779543083.494667,0,1,10.175339,-0.201572,6.275668,1.500000,0.007338
1779543083.504514,0,1,10.190339,-0.201594,6.276293,1.500000,0.007088
1779543083.514784,0,1,10.205339,-0.201591,6.277093,1.500000,0.007088
1779543083.524551,0,1,10.220339,-0.201591,6.277718,1.500000,0.007088
1779543083.534711,0,1,10.235339,-0.201567,6.278519,1.500000,0.005795
1779543083.544847,0,1,10.250339,-0.201546,6.279145,1.500000,0.005795
1779543083.554818,0,1,10.265339,-0.201500,6.279946,1.500000,0.005795
1779543083.564821,0,1,10.280338,-0.201457,6.280571,1.500000,0.005795
1779543083.574497,0,1,10.295338,-0.201390,6.281372,1.500000,0.005560
1779543083.585131,0,1,10.310338,-0.201325,6.281997,1.500000,0.005560
1779543083.594917,0,1,10.325338,-0.201237,6.282799,1.500000,0.005560
