time,ego_collision,done,x,y,theta,requested_speed,steering_angle
1779541496.213768,0,1,-0.204769,0.219199,0.033794,2.000000,-0.001466
1779541496.223783,0,1,-0.184777,0.219764,0.032770,2.000000,-0.001466
1779541496.233847,0,1,-0.164784,0.220324,0.031919,2.000000,-0.000671
1779541496.243705,0,1,-0.144791,0.220851,0.030895,2.000000,-0.000671
1779541496.253534,0,1,-0.124798,0.221373,0.030044,2.000000,0.000273
1779541496.263594,0,1,-0.104804,0.221863,0.029020,2.000000,0.000273
1779541496.273219,0,1,-0.084811,0.222373,0.028461,2.000000,0.000989
1779541496.284141,0,1,-0.064819,0.222944,0.028661,2.000000,0.001423
1779541496.293422,0,1,-0.044828,0.223540,0.029030,2.000000,0.001423
1779541496.303648,0,1,-0.024838,0.224182,0.029769,2.000000,0.002161
1779541496.313206,0,1,-0.004849,0.224838,0.030451,2.000000,0.002161
1779541496.323970,0,1,0.015139,0.225534,0.031374,2.000000,0.002717
1779541496.333540,0,1,0.035127,0.226239,0.032164,2.000000,0.002717
1779541496.343618,0,1,0.055113,0.226981,0.033150,2.000000,0.000978
1779541496.353725,0,1,0.075099,0.227730,0.033979,2.000000,0.000978
1779541496.363527,0,1,0.095083,0.228514,0.034988,2.000000,0.000978
1779541496.373526,0,1,0.115068,0.229304,0.035830,2.000000,0.000978
1779541496.383248,0,1,0.135051,0.230127,0.036847,2.000000,0.000978
1779541496.393594,0,1,0.155034,0.230957,0.037695,2.000000,0.000978
1779541496.403765,0,1,0.175015,0.231819,0.038715,2.000000,0.000978
1779541496.413684,0,1,0.194996,0.232687,0.039565,2.000000,0.000978
1779541496.423659,0,1,0.214976,0.233588,0.040587,2.000000,0.000978
1779541496.433974,0,1,0.234955,0.234494,0.041437,2.000000,0.000978
1779541496.443611,0,1,0.254933,0.235433,0.042460,2.000000,0.000978
1779541496.453659,0,1,0.274911,0.236377,0.043311,2.000000,0.000978
1779541496.463552,0,1,0.294887,0.237353,0.044334,2.000000,-0.019419
1779541496.473558,0,1,0.314863,0.238335,0.045185,2.000000,-0.019419
1779541496.483234,0,1,0.334837,0.239349,0.046209,2.000000,-0.023311
1779541496.493181,0,1,0.354813,0.240343,0.046768,2.000000,-0.023311
1779541496.503387,0,1,0.374791,0.241276,0.046568,2.000000,-0.027336
1779541496.513509,0,1,0.394770,0.242184,0.046199,2.000000,-0.029527
1779541496.523331,0,1,0.414752,0.243047,0.045460,2.000000,-0.029527
1779541496.533200,0,1,0.434734,0.243894,0.044777,2.000000,-0.033747
1779541496.543830,0,1,0.454717,0.244703,0.043855,2.000000,-0.033747
1779541496.553196,0,1,0.474701,0.245502,0.043064,2.000000,-0.036553
1779541496.564041,0,1,0.494688,0.246239,0.041786,2.000000,-0.036553
1779541496.573619,0,1,0.514677,0.246875,0.039734,2.000000,-0.037759
1779541496.583554,0,1,0.534669,0.247447,0.037505,2.000000,-0.037759
1779541496.593693,0,1,0.554663,0.247935,0.034901,2.000000,-0.038508
1779541496.603514,0,1,0.574659,0.248368,0.032349,2.000000,-0.038508
1779541496.613542,0,1,0.594655,0.248725,0.029556,2.000000,-0.038726
1779541496.623701,0,1,0.614653,0.249033,0.026893,2.000000,-0.037936
1779541496.633693,0,1,0.634652,0.249268,0.024034,2.000000,-0.037936
1779541496.643233,0,1,0.654651,0.249457,0.021332,2.000000,-0.034982
1779541496.653696,0,1,0.674650,0.249573,0.018449,2.000000,-0.034982
1779541496.663291,0,1,0.694650,0.249646,0.015733,2.000000,-0.031561
1779541496.673406,0,1,0.714650,0.249647,0.012841,2.000000,-0.031561
1779541496.683981,0,1,0.734650,0.249630,0.010412,2.000000,-0.027555
1779541496.693286,0,1,0.754650,0.249636,0.008740,2.000000,-0.027555
1779541496.703496,0,1,0.774650,0.249629,0.007235,2.000000,-0.025664
1779541496.713425,0,1,0.794650,0.249630,0.006101,2.000000,-0.021310
1779541496.723460,0,1,0.814650,0.249607,0.004910,2.000000,-0.021310
1779541496.733186,0,1,0.834650,0.249586,0.003958,2.000000,-0.017095
1779541496.743722,0,1,0.854650,0.249537,0.002874,2.000000,-0.017095
1779541496.753519,0,1,0.874650,0.249487,0.001986,2.000000,-0.015050
1779541496.763530,0,1,0.894650,0.249407,0.000939,2.000000,-0.015050
1779541496.773386,0,1,0.914650,0.249324,0.000074,2.000000,-0.013711
1779541496.783367,0,1,0.934649,0.249209,6.282226,2.000000,-0.012644
1779541496.793321,0,1,0.954649,0.249091,6.281369,2.000000,-0.012644
1779541496.803796,0,1,0.974648,0.248941,6.280341,2.000000,-0.012317
1779541496.813222,0,1,0.994648,0.248786,6.279487,2.000000,-0.012317
1779541496.823807,0,1,1.014647,0.248600,6.278462,2.000000,-0.011284
1779541496.833354,0,1,1.034646,0.248409,6.277609,2.000000,-0.011284
1779541496.843912,0,1,1.054645,0.248185,6.276585,2.000000,-0.011284
1779541496.853401,0,1,1.074644,0.247957,6.275733,2.000000,-0.009679
1779541496.863364,0,1,1.094642,0.247696,6.274709,2.000000,-0.009679
1779541496.873608,0,1,1.114640,0.247431,6.273857,2.000000,-0.009679
1779541496.883818,0,1,1.134638,0.247133,6.272833,2.000000,-0.009679
1779541496.893780,0,1,1.154636,0.246830,6.271982,2.000000,-0.009679
1779541496.903430,0,1,1.174633,0.246495,6.270958,2.000000,-0.009679
1779541496.913390,0,1,1.194630,0.246155,6.270106,2.000000,-0.009679
1779541496.923388,0,1,1.214626,0.245782,6.269083,2.000000,-0.009679
1779541496.933628,0,1,1.234623,0.245404,6.268231,2.000000,-0.009679
1779541496.943850,0,1,1.254619,0.244994,6.267208,2.000000,-0.009679
1779541496.953820,0,1,1.274614,0.244579,6.266356,2.000000,-0.009679
1779541496.963752,0,1,1.294609,0.244131,6.265333,2.000000,-0.009679
1779541496.973415,0,1,1.314604,0.243679,6.264481,2.000000,-0.009679
1779541496.983890,0,1,1.334598,0.243194,6.263458,2.000000,-0.009679
1779541496.993409,0,1,1.354592,0.242704,6.262606,2.000000,-0.009679
1779541497.003794,0,1,1.374585,0.242181,6.261583,2.000000,-0.009679
1779541497.013664,0,1,1.394578,0.241653,6.260731,2.000000,-0.009679
1779541497.024216,0,1,1.414571,0.241093,6.259708,2.000000,-0.009679
1779541497.033532,0,1,1.434563,0.240528,6.258856,2.000000,-0.000238
1779541497.043838,0,1,1.454554,0.239931,6.257833,2.000000,-0.000238
1779541497.053558,0,1,1.474545,0.239328,6.256982,2.000000,-0.000238
1779541497.063442,0,1,1.494534,0.238693,6.255958,2.000000,0.002623
1779541497.073676,0,1,1.514524,0.238053,6.255107,2.000000,0.002623
1779541497.083700,0,1,1.534513,0.237381,6.254083,2.000000,0.002623
1779541497.093742,0,1,1.554502,0.236729,6.253524,2.000000,0.004863
1779541497.103697,0,1,1.574494,0.236137,6.253724,2.000000,0.004863
1779541497.113650,0,1,1.594486,0.235571,6.254093,2.000000,0.004863
1779541497.123322,0,1,1.614479,0.235050,6.254831,2.000000,0.006319
1779541497.133765,0,1,1.634472,0.234544,6.255514,2.000000,0.006319
1779541497.144052,0,1,1.654467,0.234078,6.256437,2.000000,0.008213
1779541497.153394,0,1,1.674462,0.233621,6.257227,2.000000,0.008213
1779541497.163596,0,1,1.694457,0.233200,6.258213,2.000000,0.008213
1779541497.173617,0,1,1.714453,0.232787,6.259041,2.000000,0.006233
1779541497.183433,0,1,1.734449,0.232409,6.260050,2.000000,0.006233
1779541497.193771,0,1,1.754446,0.232036,6.260892,2.000000,0.006233
1779541497.203984,0,1,1.774443,0.231698,6.261910,2.000000,0.002909
1779541497.213818,0,1,1.794440,0.231365,6.262757,2.000000,0.002909
1779541497.223670,0,1,1.814438,0.231065,6.263778,2.000000,0.002909
1779541497.233568,0,1,1.834436,0.230771,6.264628,2.000000,-0.001127
1779541497.243278,0,1,1.854434,0.230510,6.265650,2.000000,-0.001127
1779541497.253333,0,1,1.874432,0.230229,6.266208,2.000000,-0.001127
1779541497.263417,0,1,1.894429,0.229887,6.266007,2.000000,-0.003899
1779541497.273310,0,1,1.914426,0.229520,6.265638,2.000000,-0.003899
1779541497.283250,0,1,1.934422,0.229107,6.264899,2.000000,-0.008257
1779541497.293874,0,1,1.954417,0.228680,6.264216,2.000000,-0.008257
1779541497.303463,0,1,1.974412,0.228214,6.263293,2.000000,-0.008257
1779541497.313536,0,1,1.994406,0.227738,6.262503,2.000000,-0.011445
1779541497.323379,0,1,2.014399,0.227226,6.261516,2.000000,-0.011445
1779541497.333654,0,1,2.034393,0.226706,6.260688,2.000000,-0.011445
1779541497.343952,0,1,2.054385,0.226152,6.259679,2.000000,-0.011431
1779541497.353636,0,1,2.074377,0.225591,6.258837,2.000000,-0.011431
1779541497.364281,0,1,2.094368,0.224997,6.257819,2.000000,-0.011431
1779541497.373508,0,1,2.114359,0.224397,6.256972,2.000000,-0.011431
1779541497.383464,0,1,2.134349,0.223764,6.255951,2.000000,-0.011431
1779541497.394198,0,1,2.154339,0.223125,6.255102,2.000000,-0.011431
1779541497.404127,0,1,2.174328,0.222454,6.254080,2.000000,-0.011431
1779541497.413404,0,1,2.194316,0.221777,6.253229,2.000000,-0.011431
1779541497.423671,0,1,2.214304,0.221068,6.252206,2.000000,-0.011431
1779541497.433270,0,1,2.234291,0.220353,6.251355,2.000000,-0.011431
1779541497.443588,0,1,2.254277,0.219606,6.250332,2.000000,-0.011431
1779541497.453691,0,1,2.274263,0.218854,6.249481,2.000000,-0.011431
1779541497.463525,0,1,2.294247,0.218069,6.248458,2.000000,-0.011431
1779541497.473864,0,1,2.314232,0.217279,6.247606,2.000000,-0.011431
1779541497.483840,0,1,2.334215,0.216457,6.246583,2.000000,-0.011431
1779541497.494874,0,1,2.354198,0.215630,6.245732,2.000000,-0.011431
1779541497.503899,0,1,2.374179,0.214770,6.244708,2.000000,-0.011431
1779541497.513448,0,1,2.394161,0.213905,6.243857,2.000000,-0.011431
1779541497.523621,0,1,2.414140,0.213008,6.242834,2.000000,-0.003847
1779541497.533900,0,1,2.434120,0.212106,6.241982,2.000000,-0.003847
1779541497.543310,0,1,2.454098,0.211171,6.240959,2.000000,-0.001549
1779541497.553672,0,1,2.474076,0.210231,6.240107,2.000000,-0.001549
1779541497.563769,0,1,2.494052,0.209259,6.239084,2.000000,-0.000242
1779541497.573591,0,1,2.514029,0.208282,6.238232,2.000000,-0.000242
1779541497.583724,0,1,2.534003,0.207272,6.237209,2.000000,0.001117
1779541497.593295,0,1,2.553977,0.206258,6.236357,2.000000,0.001117
1779541497.603278,0,1,2.573950,0.205211,6.235334,2.000000,0.002514
1779541497.613699,0,1,2.593923,0.204184,6.234775,2.000000,0.002514
1779541497.623768,0,1,2.613900,0.203218,6.234975,2.000000,0.003990
1779541497.633830,0,1,2.633878,0.202277,6.235343,2.000000,0.003990
1779541497.643656,0,1,2.653858,0.201381,6.236082,2.000000,0.005502
1779541497.653710,0,1,2.673839,0.200501,6.236765,2.000000,0.005502
1779541497.664105,0,1,2.693821,0.199659,6.237687,2.000000,0.006436
1779541497.673643,0,1,2.713804,0.198828,6.238478,2.000000,0.006436
1779541497.684325,0,1,2.733788,0.198032,6.239464,2.000000,0.006403
1779541497.693786,0,1,2.753772,0.197244,6.240292,2.000000,0.004855
1779541497.703894,0,1,2.773758,0.196491,6.241301,2.000000,0.004855
1779541497.713722,0,1,2.793744,0.195744,6.242143,2.000000,0.002707
1779541497.724123,0,1,2.813731,0.195030,6.243161,2.000000,0.002707
1779541497.733466,0,1,2.833719,0.194323,6.244008,2.000000,0.000331
1779541497.743328,0,1,2.853707,0.193648,6.245029,2.000000,0.000331
1779541497.754163,0,1,2.873696,0.192979,6.245878,2.000000,-0.002339
1779541497.763938,0,1,2.893686,0.192343,6.246900,2.000000,-0.002339
1779541497.773635,0,1,2.913675,0.191687,6.247458,2.000000,-0.005123
1779541497.783799,0,1,2.933662,0.190970,6.247258,2.000000,-0.005123
1779541497.793661,0,1,2.953649,0.190228,6.246889,2.000000,-0.007888
1779541497.803864,0,1,2.973633,0.189441,6.246150,2.000000,-0.007888
1779541497.813344,0,1,2.993617,0.188639,6.245467,2.000000,-0.010883
1779541497.824009,0,1,3.013599,0.187798,6.244544,2.000000,-0.010883
1779541497.833636,0,1,3.033581,0.186947,6.243753,2.000000,-0.012353
1779541497.843867,0,1,3.053562,0.186060,6.242767,2.000000,-0.012353
1779541497.854124,0,1,3.073542,0.185166,6.241939,2.000000,-0.012353
1779541497.863669,0,1,3.093520,0.184237,6.240930,2.000000,-0.012353
1779541497.873891,0,1,3.113498,0.183301,6.240088,2.000000,-0.012353
1779541497.883982,0,1,3.133475,0.182333,6.239070,2.000000,-0.012353
1779541497.893348,0,1,3.153451,0.181358,6.238223,2.000000,-0.012353
1779541497.903947,0,1,3.173425,0.180350,6.237202,2.000000,-0.012353
1779541497.913782,0,1,3.193400,0.179337,6.236353,2.000000,-0.012353
1779541497.924208,0,1,3.213372,0.178291,6.235330,2.000000,-0.012353
1779541497.933669,0,1,3.233345,0.177239,6.234480,2.000000,-0.012353
1779541497.943645,0,1,3.253315,0.176156,6.233457,2.000000,-0.012353
1779541497.953777,0,1,3.273286,0.175066,6.232606,2.000000,-0.007820
1779541497.963772,0,1,3.293254,0.173945,6.231583,2.000000,-0.007820
1779541497.973401,0,1,3.313222,0.172818,6.230732,2.000000,-0.006489
1779541497.983705,0,1,3.333189,0.171659,6.229709,2.000000,-0.006489
1779541497.993633,0,1,3.353155,0.170494,6.228857,2.000000,-0.005199
1779541498.003692,0,1,3.373119,0.169298,6.227834,2.000000,-0.005199
1779541498.013585,0,1,3.393083,0.168096,6.226983,2.000000,-0.003873
1779541498.023868,0,1,3.413045,0.166862,6.225959,2.000000,-0.003873
1779541498.033557,0,1,3.433006,0.165622,6.225108,2.000000,-0.002481
1779541498.043422,0,1,3.452966,0.164351,6.224084,2.000000,-0.001817
1779541498.053397,0,1,3.472925,0.163074,6.223233,2.000000,-0.001817
1779541498.063858,0,1,3.492882,0.161765,6.222209,2.000000,-0.000354
1779541498.073551,0,1,3.512839,0.160451,6.221358,2.000000,-0.000354
1779541498.083702,0,1,3.532793,0.159104,6.220335,2.000000,0.001237
1779541498.093889,0,1,3.552748,0.157753,6.219483,2.000000,0.001237
1779541498.103692,0,1,3.572700,0.156369,6.218460,2.000000,0.002829
1779541498.113610,0,1,3.592653,0.155005,6.217901,2.000000,0.002829
1779541498.123758,0,1,3.612611,0.153702,6.218100,2.000000,0.004514
1779541498.133620,0,1,3.632570,0.152424,6.218469,2.000000,0.005523
1779541498.143721,0,1,3.652532,0.151192,6.219208,2.000000,0.005523
1779541498.153595,0,1,3.672495,0.149974,6.219891,2.000000,0.007261
1779541498.163843,0,1,3.692460,0.148795,6.220813,2.000000,0.007261
1779541498.173730,0,1,3.712426,0.147627,6.221604,2.000000,0.007602
1779541498.183967,0,1,3.732394,0.146494,6.222590,2.000000,0.007602
1779541498.193668,0,1,3.752362,0.145369,6.223418,2.000000,0.006262
1779541498.203902,0,1,3.772332,0.144279,6.224427,2.000000,0.006262
1779541498.213684,0,1,3.792303,0.143195,6.225269,2.000000,0.004313
1779541498.223895,0,1,3.812275,0.142144,6.226286,2.000000,0.004313
1779541498.233515,0,1,3.832248,0.141099,6.227134,2.000000,0.002286
1779541498.243956,0,1,3.852222,0.140088,6.228154,2.000000,0.002286
1779541498.253509,0,1,3.872197,0.139082,6.229004,2.000000,-0.000062
1779541498.263312,0,1,3.892173,0.138108,6.230026,2.000000,-0.000062
1779541498.273474,0,1,3.912149,0.137127,6.230730,2.000000,-0.002517
1779541498.283679,0,1,3.932125,0.136133,6.231142,2.000000,-0.003637
1779541498.293897,0,1,3.952099,0.135115,6.231236,2.000000,-0.003637
1779541498.303941,0,1,3.972070,0.134045,6.230767,2.000000,-0.006270
1779541498.314128,0,1,3.992040,0.132955,6.230241,2.000000,-0.006270
1779541498.323383,0,1,4.012008,0.131822,6.229410,2.000000,-0.008796
1779541498.334012,0,1,4.031975,0.130678,6.228673,2.000000,-0.008796
1779541498.343733,0,1,4.051940,0.129496,6.227719,2.000000,-0.010124
1779541498.353671,0,1,4.071905,0.128304,6.226909,2.000000,-0.010124
1779541498.363724,0,1,4.091867,0.127078,6.225912,2.000000,-0.010124
1779541498.374052,0,1,4.111829,0.125845,6.225076,2.000000,-0.010124
1779541498.383480,0,1,4.131789,0.124578,6.224063,2.000000,-0.010124
1779541498.393335,0,1,4.151748,0.123305,6.223218,2.000000,-0.010124
1779541498.403461,0,1,4.171706,0.121998,6.222199,2.000000,-0.010124
1779541498.413385,0,1,4.191663,0.120686,6.221351,2.000000,-0.010124
1779541498.424014,0,1,4.211617,0.119341,6.220329,2.000000,-0.010124
1779541498.434088,0,1,4.231572,0.117990,6.219479,2.000000,-0.010124
1779541498.444142,0,1,4.251524,0.116607,6.218457,2.000000,-0.010124
1779541498.453769,0,1,4.271476,0.115219,6.217606,2.000000,-0.010124
1779541498.463453,0,1,4.291425,0.113798,6.216583,2.000000,-0.010124
1779541498.473718,0,1,4.311374,0.112372,6.215732,2.000000,-0.010124
1779541498.483485,0,1,4.331321,0.110914,6.214709,2.000000,-0.010124
1779541498.493270,0,1,4.351267,0.109450,6.213858,2.000000,-0.001676
1779541498.503785,0,1,4.371211,0.107954,6.212834,2.000000,-0.001676
1779541498.513462,0,1,4.391155,0.106453,6.211983,2.000000,0.000527
1779541498.523657,0,1,4.411096,0.104920,6.210960,2.000000,0.000527
1779541498.533801,0,1,4.431039,0.103406,6.210401,2.000000,0.000527
1779541498.543360,0,1,4.450986,0.101954,6.210601,2.000000,0.003010
1779541498.553754,0,1,4.470935,0.100526,6.210969,2.000000,0.003010
1779541498.564022,0,1,4.490887,0.099144,6.211708,2.000000,0.003010
1779541498.573901,0,1,4.510840,0.097777,6.212391,2.000000,0.005921
1779541498.584004,0,1,4.530796,0.096449,6.213313,2.000000,0.005921
1779541498.594380,0,1,4.550752,0.095130,6.214104,2.000000,0.005921
1779541498.603800,0,1,4.570711,0.093848,6.215090,2.000000,0.005940
1779541498.613818,0,1,4.590671,0.092573,6.215918,2.000000,0.005940
1779541498.624105,0,1,4.610632,0.091333,6.216927,2.000000,0.005940
1779541498.633294,0,1,4.630594,0.090099,6.217769,2.000000,0.003469
1779541498.643869,0,1,4.650558,0.088899,6.218787,2.000000,0.003469
1779541498.654114,0,1,4.670522,0.087704,6.219634,2.000000,0.003469
1779541498.663736,0,1,4.690489,0.086543,6.220655,2.000000,0.000523
1779541498.673560,0,1,4.710455,0.085387,6.221504,2.000000,0.000523
1779541498.683537,0,1,4.730424,0.084264,6.222526,2.000000,0.000523
1779541498.693654,0,1,4.750392,0.083146,6.223377,2.000000,-0.002873
1779541498.703893,0,1,4.770363,0.082061,6.224400,2.000000,-0.002873
1779541498.714076,0,1,4.790332,0.080955,6.224958,2.000000,-0.002873
1779541498.723752,0,1,4.810298,0.079789,6.224758,2.000000,-0.006307
1779541498.733796,0,1,4.830263,0.078598,6.224389,2.000000,-0.006307
1779541498.743879,0,1,4.850224,0.077362,6.223650,2.000000,-0.006307
1779541498.753762,0,1,4.870185,0.076110,6.222967,2.000000,-0.010098
1779541498.763870,0,1,4.890144,0.074820,6.222045,2.000000,-0.010098
1779541498.773618,0,1,4.910101,0.073520,6.221254,2.000000,-0.010098
1779541498.783807,0,1,4.930057,0.072184,6.220268,2.000000,-0.011116
1779541498.793931,0,1,4.950011,0.070840,6.219440,2.000000,-0.011116
1779541498.803779,0,1,4.969964,0.069462,6.218431,2.000000,-0.011116
1779541498.813750,0,1,4.989916,0.068077,6.217589,2.000000,-0.010167
1779541498.823606,0,1,5.009866,0.066659,6.216571,2.000000,-0.010167
1779541498.834162,0,1,5.029815,0.065235,6.215724,2.000000,-0.010167
1779541498.843870,0,1,5.049762,0.063779,6.214703,2.000000,-0.008100
1779541498.853784,0,1,5.069708,0.062316,6.213853,2.000000,-0.008100
1779541498.863861,0,1,5.089652,0.060821,6.212831,2.000000,-0.008100
1779541498.873333,0,1,5.109596,0.059321,6.211981,2.000000,-0.008100
1779541498.883906,0,1,5.129537,0.057788,6.210958,2.000000,-0.008100
1779541498.894754,0,1,5.149478,0.056250,6.210107,2.000000,-0.008100
1779541498.903568,0,1,5.169416,0.054679,6.209084,2.000000,-0.008100
1779541498.914023,0,1,5.189354,0.053103,6.208233,2.000000,-0.008100
1779541498.923858,0,1,5.209289,0.051495,6.207210,2.000000,-0.008100
1779541498.933509,0,1,5.229224,0.049882,6.206358,2.000000,-0.008100
1779541498.943842,0,1,5.249156,0.048237,6.205335,2.000000,-0.008100
1779541498.953679,0,1,5.269088,0.046586,6.204483,2.000000,-0.008100
1779541498.963424,0,1,5.289017,0.044903,6.203460,2.000000,-0.008100
1779541498.973247,0,1,5.308945,0.043215,6.202609,2.000000,-0.008100
1779541498.983694,0,1,5.328871,0.041495,6.201585,2.000000,-0.008100
1779541498.993795,0,1,5.348797,0.039769,6.200734,2.000000,-0.008100
1779541499.003268,0,1,5.368719,0.038011,6.199710,2.000000,-0.008100
1779541499.013803,0,1,5.388642,0.036249,6.198859,2.000000,-0.008100
1779541499.023504,0,1,5.408561,0.034454,6.197835,2.000000,-0.008100
1779541499.033805,0,1,5.428480,0.032653,6.196984,2.000000,-0.008100
1779541499.043288,0,1,5.448396,0.030821,6.195961,2.000000,-0.008100
1779541499.053494,0,1,5.468311,0.028983,6.195109,2.000000,-0.008100
1779541499.064031,0,1,5.488223,0.027114,6.194086,2.000000,-0.008100
1779541499.073804,0,1,5.508135,0.025239,6.193234,2.000000,0.012245
1779541499.083474,0,1,5.528044,0.023332,6.192211,2.000000,0.012245
1779541499.093801,0,1,5.547955,0.021445,6.191652,2.000000,0.012245
1779541499.104025,0,1,5.567871,0.019619,6.191852,2.000000,0.018414
1779541499.113610,0,1,5.587790,0.017817,6.192220,2.000000,0.018414
1779541499.123875,0,1,5.607713,0.016061,6.192959,2.000000,0.022272
1779541499.134128,0,1,5.627637,0.014320,6.193642,2.000000,0.022272
1779541499.143954,0,1,5.647564,0.012618,6.194564,2.000000,0.022272
1779541499.153314,0,1,5.667493,0.010926,6.195355,2.000000,0.024830
1779541499.164294,0,1,5.687424,0.009269,6.196341,2.000000,0.024830
1779541499.173727,0,1,5.707356,0.007621,6.197169,2.000000,0.024830
1779541499.183820,0,1,5.727291,0.006006,6.198178,2.000000,0.024347
1779541499.193767,0,1,5.747226,0.004399,6.199020,2.000000,0.024347
1779541499.203794,0,1,5.767164,0.002824,6.200037,2.000000,0.024347
1779541499.213479,0,1,5.787102,0.001256,6.200885,2.000000,0.024347
1779541499.224046,0,1,5.807043,-0.000280,6.201906,2.000000,0.022524
1779541499.233317,0,1,5.826984,-0.001810,6.202755,2.000000,0.022524
1779541499.244167,0,1,5.846928,-0.003308,6.203777,2.000000,0.022524
1779541499.253823,0,1,5.866873,-0.004800,6.204628,2.000000,0.019857
1779541499.264183,0,1,5.886819,-0.006259,6.205650,2.000000,0.019857
1779541499.273569,0,1,5.906766,-0.007713,6.206501,2.000000,0.019857
1779541499.283866,0,1,5.926716,-0.009135,6.207525,2.000000,0.017860
1779541499.293822,0,1,5.946665,-0.010552,6.208376,2.000000,0.017860
1779541499.303595,0,1,5.966617,-0.011936,6.209399,2.000000,0.017860
1779541499.313843,0,1,5.986570,-0.013315,6.210250,2.000000,0.015451
1779541499.323782,0,1,6.006524,-0.014662,6.211274,2.000000,0.015451
1779541499.333286,0,1,6.026479,-0.016004,6.212125,2.000000,0.015451
1779541499.343462,0,1,6.046436,-0.017313,6.213148,2.000000,0.013041
1779541499.353927,0,1,6.066394,-0.018618,6.214000,2.000000,0.013041
1779541499.363827,0,1,6.086353,-0.019890,6.215023,2.000000,0.013041
1779541499.373694,0,1,6.106313,-0.021156,6.215875,2.000000,0.013041
1779541499.383519,0,1,6.126275,-0.022391,6.216898,2.000000,0.013041
1779541499.394002,0,1,6.146237,-0.023620,6.217750,2.000000,0.013041
1779541499.403280,0,1,6.166201,-0.024817,6.218773,2.000000,0.013041
1779541499.413525,0,1,6.186166,-0.026009,6.219624,2.000000,0.013041
1779541499.423603,0,1,6.206132,-0.027169,6.220648,2.000000,0.013041
1779541499.433831,0,1,6.226099,-0.028323,6.221499,2.000000,0.013041
1779541499.443322,0,1,6.246067,-0.029445,6.222523,2.000000,0.013041
1779541499.453250,0,1,6.266036,-0.030562,6.223374,2.000000,0.013041
1779541499.463389,0,1,6.286007,-0.031647,6.224398,2.000000,0.013041
1779541499.473364,0,1,6.305978,-0.032727,6.225249,2.000000,0.013041
1779541499.483766,0,1,6.325950,-0.033774,6.226273,2.000000,0.013041
1779541499.493683,0,1,6.345923,-0.034816,6.227124,2.000000,0.013041
1779541499.503725,0,1,6.365897,-0.035826,6.228148,2.000000,0.013041
1779541499.513575,0,1,6.385872,-0.036830,6.228999,2.000000,0.013041
1779541499.523855,0,1,6.405849,-0.037803,6.230023,2.000000,0.013041
1779541499.533562,0,1,6.425825,-0.038770,6.230874,2.000000,-0.006958
1779541499.543650,0,1,6.445803,-0.039705,6.231897,2.000000,-0.006958
1779541499.553929,0,1,6.465780,-0.040660,6.232456,2.000000,-0.008531
1779541499.563594,0,1,6.485755,-0.041676,6.232257,2.000000,-0.008531
1779541499.573744,0,1,6.505727,-0.042717,6.231888,2.000000,-0.010984
1779541499.583658,0,1,6.525698,-0.043804,6.231149,2.000000,-0.010984
1779541499.593892,0,1,6.545668,-0.044905,6.230466,2.000000,-0.013495
1779541499.603560,0,1,6.565635,-0.046045,6.229544,2.000000,-0.013495
1779541499.613392,0,1,6.585602,-0.047196,6.228754,2.000000,-0.014498
1779541499.623170,0,1,6.605567,-0.048382,6.227767,2.000000,-0.013936
1779541499.633598,0,1,6.625531,-0.049576,6.226939,2.000000,-0.013936
1779541499.643692,0,1,6.645493,-0.050804,6.225930,2.000000,-0.013936
1779541499.653338,0,1,6.665455,-0.052039,6.225088,2.000000,-0.012774
1779541499.664141,0,1,6.685415,-0.053308,6.224071,2.000000,-0.012774
1779541499.673538,0,1,6.705374,-0.054582,6.223223,2.000000,-0.011328
1779541499.683838,0,1,6.725331,-0.055889,6.222203,2.000000,-0.011328
1779541499.693271,0,1,6.745288,-0.057202,6.221353,2.000000,-0.009714
1779541499.703507,0,1,6.765243,-0.058547,6.220331,2.000000,-0.008975
1779541499.713695,0,1,6.785197,-0.059898,6.219480,2.000000,-0.008975
1779541499.723777,0,1,6.805149,-0.061281,6.218458,2.000000,-0.007158
1779541499.733500,0,1,6.825101,-0.062670,6.217607,2.000000,-0.007158
1779541499.743259,0,1,6.845051,-0.064091,6.216584,2.000000,-0.005253
1779541499.753165,0,1,6.865000,-0.065517,6.215732,2.000000,-0.005253
1779541499.763416,0,1,6.884946,-0.066976,6.214709,2.000000,-0.003268
1779541499.773289,0,1,6.904893,-0.068439,6.213858,2.000000,-0.002137
1779541499.783411,0,1,6.924837,-0.069935,6.212835,2.000000,-0.002137
1779541499.793459,0,1,6.944780,-0.071436,6.211983,2.000000,0.000035
1779541499.803518,0,1,6.964722,-0.072970,6.210960,2.000000,0.000035
1779541499.813253,0,1,6.984663,-0.074496,6.210255,2.000000,0.002288
1779541499.823236,0,1,7.004606,-0.076007,6.209843,2.000000,0.002288
1779541499.833862,0,1,7.024550,-0.077497,6.209748,2.000000,0.004652
1779541499.843776,0,1,7.044499,-0.078933,6.210217,2.000000,0.004652
1779541499.853792,0,1,7.064449,-0.080349,6.210743,2.000000,0.004652
1779541499.863295,0,1,7.084401,-0.081723,6.211573,2.000000,0.004652
1779541499.873705,0,1,7.104355,-0.083084,6.212310,2.000000,0.004652
1779541499.883698,0,1,7.124311,-0.084408,6.213264,2.000000,0.004652
1779541499.893310,0,1,7.144268,-0.085723,6.214074,2.000000,0.004652
1779541499.903610,0,1,7.164227,-0.087003,6.215071,2.000000,0.004652
1779541499.913599,0,1,7.184186,-0.088276,6.215906,2.000000,0.004652
1779541499.923601,0,1,7.204148,-0.089515,6.216919,2.000000,0.004652
1779541499.933280,0,1,7.224110,-0.090748,6.217764,2.000000,0.004652
1779541499.943629,0,1,7.244074,-0.091948,6.218783,2.000000,0.004652
1779541499.953372,0,1,7.264038,-0.093142,6.219632,2.000000,0.005415
1779541499.963991,0,1,7.284004,-0.094303,6.220653,2.000000,0.005275
1779541499.973282,0,1,7.303971,-0.095458,6.221503,2.000000,0.005275
1779541499.983952,0,1,7.323939,-0.096581,6.222526,2.000000,0.003764
1779541499.993566,0,1,7.343908,-0.097699,6.223376,2.000000,0.003764
1779541500.003855,0,1,7.363879,-0.098784,6.224399,2.000000,0.002202
1779541500.013795,0,1,7.383850,-0.099864,6.225250,2.000000,0.002202
1779541500.023972,0,1,7.403822,-0.100912,6.226274,2.000000,0.002202
1779541500.033504,0,1,7.423795,-0.101954,6.227125,2.000000,-0.000329
1779541500.044175,0,1,7.443769,-0.102964,6.228148,2.000000,-0.000329
1779541500.053633,0,1,7.463743,-0.103994,6.228707,2.000000,-0.002030
1779541500.064242,0,1,7.483713,-0.105085,6.228507,2.000000,-0.002030
1779541500.073749,0,1,7.503682,-0.106201,6.228138,2.000000,-0.002030
1779541500.083669,0,1,7.523648,-0.107363,6.227399,2.000000,-0.004587
1779541500.093725,0,1,7.543613,-0.108539,6.226717,2.000000,-0.004587
1779541500.103653,0,1,7.563577,-0.109754,6.225794,2.000000,-0.006145
1779541500.113741,0,1,7.583539,-0.110979,6.225004,2.000000,-0.006145
1779541500.123601,0,1,7.603499,-0.112241,6.224018,2.000000,-0.005457
1779541500.133282,0,1,7.623459,-0.113510,6.223189,2.000000,-0.005457
1779541500.143995,0,1,7.643416,-0.114813,6.222180,2.000000,-0.003805
1779541500.153849,0,1,7.663373,-0.116123,6.221338,2.000000,-0.003805
1779541500.163905,0,1,7.683328,-0.117466,6.220321,2.000000,-0.001740
1779541500.173705,0,1,7.703283,-0.118815,6.219474,2.000000,-0.001740
1779541500.183406,0,1,7.723235,-0.120197,6.218453,2.000000,-0.000562
1779541500.193923,0,1,7.743187,-0.121584,6.217603,2.000000,-0.000562
1779541500.203724,0,1,7.763136,-0.123005,6.216581,2.000000,0.002993
1779541500.213735,0,1,7.783085,-0.124430,6.215731,2.000000,0.002993
1779541500.223627,0,1,7.803032,-0.125888,6.214708,2.000000,0.005543
1779541500.233563,0,1,7.822980,-0.127326,6.214149,2.000000,0.005543
1779541500.243712,0,1,7.842933,-0.128704,6.214350,2.000000,0.008222
1779541500.253618,0,1,7.862887,-0.130056,6.214718,2.000000,0.008222
1779541500.263234,0,1,7.882844,-0.131363,6.215458,2.000000,0.011014
1779541500.273785,0,1,7.902802,-0.132656,6.216140,2.000000,0.011014
1779541500.283778,0,1,7.922763,-0.133909,6.217063,2.000000,0.012567
1779541500.293394,0,1,7.942724,-0.135152,6.217853,2.000000,0.013914
1779541500.303669,0,1,7.962688,-0.136360,6.218840,2.000000,0.013914
1779541500.313270,0,1,7.982652,-0.137560,6.219668,2.000000,0.013803
1779541500.323458,0,1,8.002618,-0.138725,6.220677,2.000000,0.013803
1779541500.333387,0,1,8.022584,-0.139884,6.221519,2.000000,0.013140
1779541500.343761,0,1,8.042553,-0.141009,6.222536,2.000000,0.013140
1779541500.353293,0,1,8.062521,-0.142129,6.223384,2.000000,0.012209
1779541500.363513,0,1,8.082492,-0.143216,6.224405,2.000000,0.012209
1779541500.373289,0,1,8.102463,-0.144296,6.225254,2.000000,0.012209
1779541500.383469,0,1,8.122435,-0.145345,6.226276,2.000000,0.012209
1779541500.393541,0,1,8.142408,-0.146388,6.227127,2.000000,0.012209
1779541500.403683,0,1,8.162382,-0.147398,6.228150,2.000000,0.012209
1779541500.413573,0,1,8.182357,-0.148403,6.229001,2.000000,0.012209
1779541500.423404,0,1,8.202333,-0.149376,6.230024,2.000000,0.012209
1779541500.433468,0,1,8.222310,-0.150344,6.230875,2.000000,0.012209
1779541500.443814,0,1,8.242288,-0.151279,6.231898,2.000000,0.012209
1779541500.453526,0,1,8.262266,-0.152209,6.232749,2.000000,0.012209
1779541500.463506,0,1,8.282246,-0.153106,6.233773,2.000000,0.012209
1779541500.473531,0,1,8.302226,-0.153999,6.234624,2.000000,0.004842
1779541500.483570,0,1,8.322208,-0.154859,6.235647,2.000000,0.004574
1779541500.493586,0,1,8.342190,-0.155714,6.236499,2.000000,0.004574
1779541500.503945,0,1,8.362173,-0.156536,6.237522,2.000000,0.003181
1779541500.513551,0,1,8.382156,-0.157354,6.238374,2.000000,0.003181
1779541500.523795,0,1,8.402140,-0.158139,6.239397,2.000000,0.001768
1779541500.533667,0,1,8.422125,-0.158919,6.240249,2.000000,0.001768
1779541500.543613,0,1,8.442111,-0.159666,6.241272,2.000000,0.000300
1779541500.553444,0,1,8.462097,-0.160409,6.242124,2.000000,-0.000538
1779541500.563780,0,1,8.482085,-0.161119,6.243147,2.000000,-0.000538
1779541500.573502,0,1,8.502072,-0.161849,6.243706,2.000000,-0.002067
1779541500.583269,0,1,8.522056,-0.162640,6.243506,2.000000,-0.002067
1779541500.593265,0,1,8.542039,-0.163457,6.243138,2.000000,-0.003651
1779541500.603897,0,1,8.562021,-0.164318,6.242399,2.000000,-0.003651
1779541500.613264,0,1,8.582001,-0.165195,6.241716,2.000000,-0.005269
1779541500.623915,0,1,8.601980,-0.166111,6.240794,2.000000,-0.005269
1779541500.633827,0,1,8.621959,-0.167036,6.240003,2.000000,-0.005321
1779541500.643664,0,1,8.641936,-0.167998,6.239017,2.000000,-0.005321
1779541500.653883,0,1,8.661912,-0.168968,6.238189,2.000000,-0.003817
1779541500.663852,0,1,8.681887,-0.169971,6.237180,2.000000,-0.003817
1779541500.673722,0,1,8.701862,-0.170982,6.236338,2.000000,-0.001683
1779541500.683722,0,1,8.721834,-0.172025,6.235320,2.000000,-0.001683
1779541500.693875,0,1,8.741807,-0.173075,6.234473,2.000000,0.000735
1779541500.703680,0,1,8.761777,-0.174157,6.233452,2.000000,0.000735
1779541500.714024,0,1,8.781749,-0.175220,6.232895,2.000000,0.003368
1779541500.723703,0,1,8.801724,-0.176223,6.233096,2.000000,0.003368
1779541500.733813,0,1,8.821700,-0.177200,6.233466,2.000000,0.006121
1779541500.744423,0,1,8.841678,-0.178133,6.234205,2.000000,0.009028
1779541500.753651,0,1,8.861657,-0.179050,6.234889,2.000000,0.009028
1779541500.763337,0,1,8.881638,-0.179929,6.235811,2.000000,0.010135
1779541500.773975,0,1,8.901619,-0.180797,6.236602,2.000000,0.010135
1779541500.783280,0,1,8.921602,-0.181630,6.237588,2.000000,0.010630
1779541500.793829,0,1,8.941585,-0.182455,6.238417,2.000000,0.010630
1779541500.803254,0,1,8.961569,-0.183246,6.239426,2.000000,0.010252
1779541500.813476,0,1,8.981554,-0.184030,6.240268,2.000000,0.010252
1779541500.823370,0,1,9.001540,-0.184781,6.241285,2.000000,0.009512
1779541500.833527,0,1,9.021526,-0.185526,6.242133,2.000000,0.009009
1779541500.843574,0,1,9.041513,-0.186238,6.243154,2.000000,0.009009
1779541500.853768,0,1,9.061501,-0.186945,6.244003,2.000000,0.008075
1779541500.863851,0,1,9.081489,-0.187618,6.245025,2.000000,0.008075
1779541500.873559,0,1,9.101478,-0.188287,6.245876,2.000000,0.008075
1779541500.883632,0,1,9.121468,-0.188922,6.246899,2.000000,0.008075
1779541500.893553,0,1,9.141458,-0.189553,6.247750,2.000000,0.008075
1779541500.903711,0,1,9.161449,-0.190151,6.248773,2.000000,0.008075
1779541500.913242,0,1,9.181440,-0.190744,6.249624,2.000000,0.008075
1779541500.923672,0,1,9.201432,-0.191304,6.250647,2.000000,0.008075
1779541500.933734,0,1,9.221425,-0.191859,6.251499,2.000000,0.008075
1779541500.943332,0,1,9.241418,-0.192382,6.252522,2.000000,0.008075
1779541500.953448,0,1,9.261411,-0.192900,6.253373,2.000000,0.008075
1779541500.963305,0,1,9.281405,-0.193385,6.254397,2.000000,0.008075
1779541500.973556,0,1,9.301399,-0.193865,6.255248,2.000000,0.008075
1779541500.983355,0,1,9.321394,-0.194313,6.256272,2.000000,0.008075
1779541500.993803,0,1,9.341390,-0.194756,6.257123,2.000000,0.001142
1779541501.003759,0,1,9.361385,-0.195166,6.258146,2.000000,0.001142
1779541501.013659,0,1,9.381381,-0.195571,6.258998,2.000000,-0.000952
1779541501.023687,0,1,9.401378,-0.195944,6.260021,2.000000,-0.000952
1779541501.033929,0,1,9.421374,-0.196337,6.260580,2.000000,-0.002236
1779541501.043653,0,1,9.441369,-0.196791,6.260380,2.000000,-0.002236
1779541501.053620,0,1,9.461363,-0.197270,6.260012,2.000000,-0.003559
1779541501.063659,0,1,9.481356,-0.197794,6.259273,2.000000,-0.003559
1779541501.073912,0,1,9.501349,-0.198334,6.258590,2.000000,-0.004918
1779541501.083765,0,1,9.521340,-0.198912,6.257668,2.000000,-0.004918
1779541501.093679,0,1,9.541332,-0.199501,6.256877,2.000000,-0.004733
1779541501.103894,0,1,9.561322,-0.200125,6.255891,2.000000,-0.004733
1779541501.113230,0,1,9.581312,-0.200757,6.255063,2.000000,-0.002953
1779541501.123826,0,1,9.601301,-0.201424,6.254054,2.000000,-0.002953
1779541501.133575,0,1,9.621290,-0.202097,6.253212,2.000000,-0.001954
1779541501.143256,0,1,9.641277,-0.202803,6.252195,2.000000,0.000686
1779541501.153834,0,1,9.661264,-0.203516,6.251347,2.000000,0.000686
1779541501.163181,0,1,9.681250,-0.204261,6.250326,2.000000,0.003542
1779541501.173676,0,1,9.701237,-0.204987,6.249769,2.000000,0.003542
1779541501.183598,0,1,9.721226,-0.205652,6.249971,2.000000,0.006483
1779541501.193803,0,1,9.741216,-0.206293,6.250340,2.000000,0.006483
1779541501.203800,0,1,9.761207,-0.206888,6.251080,2.000000,0.009693
1779541501.213480,0,1,9.781199,-0.207468,6.251763,2.000000,0.009693
1779541501.223803,0,1,9.801191,-0.208009,6.252686,2.000000,0.012654
1779541501.233584,0,1,9.821184,-0.208541,6.253476,2.000000,0.012654
1779541501.243611,0,1,9.841178,-0.209036,6.254463,2.000000,0.013169
1779541501.253475,0,1,9.861172,-0.209524,6.255291,2.000000,0.013468
1779541501.263805,0,1,9.881167,-0.209978,6.256300,2.000000,0.013468
1779541501.273264,0,1,9.901162,-0.210424,6.257142,2.000000,0.013213
1779541501.284158,0,1,9.921158,-0.210838,6.258160,2.000000,0.013213
1779541501.293225,0,1,9.941154,-0.211246,6.259007,2.000000,0.012762
1779541501.303549,0,1,9.961150,-0.211620,6.260028,2.000000,0.012762
1779541501.313560,0,1,9.981147,-0.211989,6.260878,2.000000,0.012207
1779541501.323890,0,1,10.001144,-0.212326,6.261900,2.000000,0.012207
1779541501.333579,0,1,10.021141,-0.212657,6.262750,2.000000,0.011595
1779541501.343284,0,1,10.041139,-0.212955,6.263773,2.000000,0.011595
1779541501.353901,0,1,10.061137,-0.213248,6.264624,2.000000,0.010947
1779541501.363629,0,1,10.081135,-0.213509,6.265647,2.000000,0.010947
1779541501.373744,0,1,10.101133,-0.213764,6.266498,2.000000,0.010947
1779541501.383548,0,1,10.121132,-0.213987,6.267522,2.000000,0.010947
1779541501.393496,0,1,10.141131,-0.214205,6.268373,2.000000,0.010947
1779541501.403638,0,1,10.161130,-0.214390,6.269396,2.000000,0.010947
1779541501.413499,0,1,10.181129,-0.214570,6.270248,2.000000,0.010947
1779541501.423869,0,1,10.201129,-0.214718,6.271271,2.000000,0.010947
1779541501.433630,0,1,10.221128,-0.214861,6.272122,2.000000,0.010947
1779541501.443669,0,1,10.241128,-0.214971,6.273146,2.000000,0.010947
1779541501.453864,0,1,10.261128,-0.215076,6.273997,2.000000,0.010947
1779541501.463735,0,1,10.281128,-0.215149,6.275021,2.000000,0.010947
1779541501.473520,0,1,10.301127,-0.215217,6.275872,2.000000,0.006830
1779541501.483624,0,1,10.321127,-0.215252,6.276896,2.000000,0.006830
1779541501.493986,0,1,10.341127,-0.215282,6.277747,2.000000,0.005627
1779541501.503721,0,1,10.361127,-0.215280,6.278770,2.000000,0.005627
1779541501.513894,0,1,10.381127,-0.215273,6.279622,2.000000,0.004740
1779541501.523861,0,1,10.401127,-0.215233,6.280645,2.000000,0.004740
1779541501.533285,0,1,10.421127,-0.215188,6.281497,2.000000,0.003879
1779541501.543672,0,1,10.441127,-0.215111,6.282520,2.000000,0.003879
1779541501.553435,0,1,10.461127,-0.215029,0.000186,2.000000,0.002962
1779541501.563462,0,1,10.481127,-0.214914,0.001210,2.000000,0.002043
1779541501.573355,0,1,10.501126,-0.214794,0.002061,2.000000,0.002043
1779541501.583869,0,1,10.521126,-0.214642,0.003085,2.000000,0.001072
1779541501.593643,0,1,10.541125,-0.214485,0.003936,2.000000,0.001072
1779541501.603551,0,1,10.561124,-0.214295,0.004960,2.000000,0.000628
1779541501.613844,0,1,10.581123,-0.214100,0.005811,2.000000,0.000628
1779541501.623583,0,1,10.601122,-0.213873,0.006835,2.000000,-0.000308
1779541501.633490,0,1,10.621121,-0.213641,0.007686,2.000000,-0.000308
1779541501.643710,0,1,10.641119,-0.213376,0.008710,2.000000,-0.000308
1779541501.653301,0,1,10.661117,-0.213132,0.009269,2.000000,-0.001825
1779541501.663762,0,1,10.681116,-0.212948,0.009069,2.000000,-0.001825
1779541501.673552,0,1,10.701116,-0.212789,0.008700,2.000000,-0.002957
1779541501.684021,0,1,10.721115,-0.212677,0.007961,2.000000,-0.002957
1779541501.693885,0,1,10.741115,-0.212578,0.007279,2.000000,-0.003950
1779541501.703242,0,1,10.761115,-0.212519,0.006356,2.000000,-0.003950
1779541501.713801,0,1,10.781115,-0.212471,0.005566,2.000000,-0.003570
1779541501.723852,0,1,10.801115,-0.212458,0.004580,2.000000,-0.003570
1779541501.733608,0,1,10.821115,-0.212453,0.003751,2.000000,-0.001362
1779541501.743932,0,1,10.841115,-0.212482,0.002742,2.000000,-0.001362
1779541501.753242,0,1,10.861115,-0.212517,0.001900,2.000000,0.001324
1779541501.763483,0,1,10.881115,-0.212587,0.000883,2.000000,0.001324
1779541501.773584,0,1,10.901115,-0.212636,0.000328,2.000000,0.004376
1779541501.783337,0,1,10.921115,-0.212626,0.000531,2.000000,0.004376
1779541501.793518,0,1,10.941115,-0.212591,0.000901,2.000000,0.007673
1779541501.803904,0,1,10.961115,-0.212511,0.001641,2.000000,0.011135
1779541501.813190,0,1,10.981114,-0.212416,0.002325,2.000000,0.011135
1779541501.823616,0,1,11.001114,-0.212282,0.003248,2.000000,0.012477
1779541501.833574,0,1,11.021113,-0.212138,0.004039,2.000000,0.012477
1779541501.843682,0,1,11.041113,-0.211959,0.005025,2.000000,0.013629
1779541501.853289,0,1,11.061112,-0.211771,0.005854,2.000000,0.013629
1779541501.863691,0,1,11.081110,-0.211550,0.006863,2.000000,0.013629
1779541501.873453,0,1,11.101109,-0.211322,0.007705,2.000000,0.013629
1779541501.883766,0,1,11.121107,-0.211060,0.008723,2.000000,0.013629
1779541501.893194,0,1,11.141106,-0.210793,0.009570,2.000000,0.013629
1779541501.903694,0,1,11.161103,-0.210493,0.010591,2.000000,0.013629
1779541501.913769,0,1,11.181101,-0.210187,0.011441,2.000000,0.013629
1779541501.924092,0,1,11.201098,-0.209848,0.012463,2.000000,0.013629
1779541501.933457,0,1,11.221095,-0.209504,0.013313,2.000000,0.013629
1779541501.944025,0,1,11.241092,-0.209128,0.014336,2.000000,0.013629
1779541501.953490,0,1,11.261088,-0.208746,0.015187,2.000000,0.013629
1779541501.963527,0,1,11.281084,-0.208331,0.016210,2.000000,0.013629
1779541501.973421,0,1,11.301079,-0.207912,0.017062,2.000000,0.012728
1779541501.983358,0,1,11.321074,-0.207460,0.018085,2.000000,0.012728
1779541501.993192,0,1,11.341069,-0.207003,0.018936,2.000000,0.012047
1779541502.003217,0,1,11.361063,-0.206513,0.019959,2.000000,0.012047
1779541502.013177,0,1,11.381057,-0.206019,0.020811,2.000000,0.011686
1779541502.023457,0,1,11.401050,-0.205492,0.021834,2.000000,0.011686
1779541502.033219,0,1,11.421043,-0.204959,0.022686,2.000000,0.011231
1779541502.043441,0,1,11.441035,-0.204395,0.023709,2.000000,0.011231
1779541502.053145,0,1,11.461027,-0.203825,0.024561,2.000000,0.010859
1779541502.063473,0,1,11.481018,-0.203223,0.025584,2.000000,0.010859
1779541502.073699,0,1,11.501008,-0.202616,0.026435,2.000000,0.010394
1779541502.083606,0,1,11.520998,-0.201976,0.027459,2.000000,0.010394
1779541502.093878,0,1,11.540988,-0.201331,0.028310,2.000000,0.010013
1779541502.103763,0,1,11.560976,-0.200654,0.029334,2.000000,0.009843
1779541502.113721,0,1,11.580965,-0.199972,0.030185,2.000000,0.009843
1779541502.123775,0,1,11.600952,-0.199258,0.031209,2.000000,0.009430
1779541502.133270,0,1,11.620939,-0.198538,0.032060,2.000000,0.009430
1779541502.144030,0,1,11.640925,-0.197786,0.033084,2.000000,0.008963
1779541502.153455,0,1,11.660910,-0.197029,0.033935,2.000000,0.008963
1779541502.163906,0,1,11.680895,-0.196239,0.034959,2.000000,0.008472
1779541502.173659,0,1,11.700879,-0.195445,0.035810,2.000000,0.008472
1779541502.183648,0,1,11.720862,-0.194618,0.036833,2.000000,0.008009
1779541502.193154,0,1,11.740845,-0.193786,0.037685,2.000000,0.008009
1779541502.203704,0,1,11.760826,-0.192921,0.038708,2.000000,0.007522
1779541502.213587,0,1,11.780807,-0.192052,0.039560,2.000000,0.007522
1779541502.223324,0,1,11.800787,-0.191150,0.040583,2.000000,0.007158
1779541502.233555,0,1,11.820766,-0.190243,0.041435,2.000000,0.007158
1779541502.243748,0,1,11.840744,-0.189304,0.042458,2.000000,0.006545
1779541502.253595,0,1,11.860722,-0.188359,0.043310,2.000000,0.006545
1779541502.263657,0,1,11.880698,-0.187382,0.044333,2.000000,0.006129
1779541502.273831,0,1,11.900674,-0.186401,0.045185,2.000000,0.005613
1779541502.283903,0,1,11.920648,-0.185386,0.046208,2.000000,0.005613
1779541502.293500,0,1,11.940622,-0.184367,0.047060,2.000000,0.005109
1779541502.303625,0,1,11.960594,-0.183315,0.048083,2.000000,0.005109
1779541502.313522,0,1,11.980566,-0.182258,0.048934,2.000000,0.004482
1779541502.323484,0,1,12.000537,-0.181169,0.049958,2.000000,0.004482
1779541502.333532,0,1,12.020507,-0.180075,0.050809,2.000000,0.003980
1779541502.343737,0,1,12.040475,-0.178949,0.051833,2.000000,0.003980
1779541502.353491,0,1,12.060443,-0.177817,0.052684,2.000000,0.003980
1779541502.363532,0,1,12.080409,-0.176653,0.053708,2.000000,0.003980
1779541502.373912,0,1,12.100375,-0.175484,0.054559,2.000000,0.003980
1779541502.383528,0,1,12.120339,-0.174282,0.055583,2.000000,0.003980
1779541502.393187,0,1,12.140302,-0.173076,0.056434,2.000000,0.003980
1779541502.403509,0,1,12.160264,-0.171837,0.057458,2.000000,0.003980
1779541502.413508,0,1,12.180225,-0.170593,0.058309,2.000000,0.003980
1779541502.423289,0,1,12.200184,-0.169317,0.059332,2.000000,0.003980
1779541502.433167,0,1,12.220143,-0.168035,0.060184,2.000000,0.003980
1779541502.443268,0,1,12.240100,-0.166721,0.061207,2.000000,0.003980
1779541502.453722,0,1,12.260057,-0.165403,0.062059,2.000000,0.002392
1779541502.463557,0,1,12.280011,-0.164051,0.063082,2.000000,0.002392
1779541502.473437,0,1,12.299965,-0.162695,0.063934,2.000000,-0.000141
1779541502.483782,0,1,12.319917,-0.161307,0.064957,2.000000,-0.000657
1779541502.493553,0,1,12.339870,-0.159938,0.065516,2.000000,-0.000657
1779541502.503645,0,1,12.359827,-0.158631,0.065316,2.000000,-0.000986
1779541502.513543,0,1,12.379786,-0.157348,0.064948,2.000000,-0.000986
1779541502.523542,0,1,12.399747,-0.156111,0.064209,2.000000,-0.001503
1779541502.533185,0,1,12.419710,-0.154889,0.063526,2.000000,-0.001503
1779541502.543567,0,1,12.439675,-0.153706,0.062604,2.000000,-0.001906
1779541502.553168,0,1,12.459641,-0.152532,0.061813,2.000000,-0.001906
1779541502.563643,0,1,12.479608,-0.151395,0.060827,2.000000,-0.001044
1779541502.573516,0,1,12.499576,-0.150266,0.059999,2.000000,0.001651
1779541502.583632,0,1,12.519546,-0.149170,0.058990,2.000000,0.001651
1779541502.593640,0,1,12.539515,-0.148056,0.058440,2.000000,0.004781
1779541502.603660,0,1,12.559481,-0.146883,0.058646,2.000000,0.004781
1779541502.613433,0,1,12.579445,-0.145685,0.059019,2.000000,0.008473
1779541502.623482,0,1,12.599406,-0.144442,0.059761,2.000000,0.008473
1779541502.633497,0,1,12.619367,-0.143185,0.060445,2.000000,0.012211
1779541502.643222,0,1,12.639325,-0.141889,0.061369,2.000000,0.012211
1779541502.653240,0,1,12.659282,-0.140583,0.062160,2.000000,0.014686
1779541502.664749,0,1,12.679237,-0.139242,0.063147,2.000000,0.014686
1779541502.673284,0,1,12.699191,-0.137893,0.063976,2.000000,0.015622
1779541502.684033,0,1,12.719143,-0.136510,0.064985,2.000000,0.016092
1779541502.693384,0,1,12.739095,-0.135121,0.065828,2.000000,0.016092
1779541502.703797,0,1,12.759044,-0.133698,0.066845,2.000000,0.016282
1779541502.713354,0,1,12.778993,-0.132269,0.067693,2.000000,0.016282
1779541502.723451,0,1,12.798940,-0.130808,0.068714,2.000000,0.016538
1779541502.733485,0,1,12.818886,-0.129341,0.069563,2.000000,0.016538
1779541502.743702,0,1,12.838830,-0.127841,0.070585,2.000000,0.016713
1779541502.753676,0,1,12.858773,-0.126336,0.071436,2.000000,0.016713
1779541502.763705,0,1,12.878714,-0.124798,0.072459,2.000000,0.016891
1779541502.773803,0,1,12.898654,-0.123256,0.073310,2.000000,0.016891
1779541502.783650,0,1,12.918592,-0.121680,0.074333,2.000000,0.017077
1779541502.793555,0,1,12.938530,-0.120100,0.075184,2.000000,0.017077
1779541502.803667,0,1,12.958464,-0.118487,0.076207,2.000000,0.017214
1779541502.813483,0,1,12.978399,-0.116869,0.077059,2.000000,0.017214
1779541502.823768,0,1,12.998331,-0.115219,0.078082,2.000000,0.017385
1779541502.833838,0,1,13.018262,-0.113564,0.078933,2.000000,0.017385
1779541502.843235,0,1,13.038191,-0.111877,0.079957,2.000000,0.017514
1779541502.853150,0,1,13.058119,-0.110184,0.080808,2.000000,0.017514
1779541502.863450,0,1,13.078044,-0.108459,0.081832,2.000000,0.017514
1779541502.873384,0,1,13.097969,-0.106729,0.082683,2.000000,0.017514
1779541502.883734,0,1,13.117892,-0.104966,0.083707,2.000000,0.017514
1779541502.893181,0,1,13.137813,-0.103199,0.084558,2.000000,0.017514
1779541502.903646,0,1,13.157732,-0.101399,0.085581,2.000000,0.017514
1779541502.913418,0,1,13.177651,-0.099594,0.086433,2.000000,0.017514
1779541502.923267,0,1,13.197566,-0.097757,0.087456,2.000000,0.017514
1779541502.933174,0,1,13.217481,-0.095915,0.088308,2.000000,0.017514
1779541502.943909,0,1,13.237393,-0.094041,0.089331,2.000000,0.017514
1779541502.953180,0,1,13.257305,-0.092161,0.090183,2.000000,0.017514
1779541502.963569,0,1,13.277213,-0.090250,0.091206,2.000000,0.017514
1779541502.973149,0,1,13.297121,-0.088333,0.092058,2.000000,0.017514
1779541502.983519,0,1,13.317026,-0.086384,0.093081,2.000000,0.017514
1779541502.993448,0,1,13.336930,-0.084430,0.093933,2.000000,0.017514
1779541503.003388,0,1,13.356831,-0.082443,0.094956,2.000000,0.018597
1779541503.013695,0,1,13.376732,-0.080452,0.095807,2.000000,0.018597
1779541503.023725,0,1,13.396629,-0.078428,0.096831,2.000000,0.019008
1779541503.033462,0,1,13.416526,-0.076399,0.097682,2.000000,0.019008
1779541503.044379,0,1,13.436419,-0.074339,0.098706,2.000000,0.019144
1779541503.053484,0,1,13.456312,-0.072272,0.099557,2.000000,0.019144
1779541503.063587,0,1,13.476202,-0.070174,0.100581,2.000000,0.019179
1779541503.073655,0,1,13.496091,-0.068071,0.101432,2.000000,0.019358
1779541503.083933,0,1,13.515977,-0.065935,0.102456,2.000000,0.019358
1779541503.093496,0,1,13.535862,-0.063795,0.103307,2.000000,0.019546
1779541503.103702,0,1,13.555744,-0.061622,0.104331,2.000000,0.019546
1779541503.113947,0,1,13.575625,-0.059444,0.105182,2.000000,0.019738
1779541503.123509,0,1,13.595502,-0.057234,0.106206,2.000000,0.019738
1779541503.133484,0,1,13.615379,-0.055019,0.107057,2.000000,0.019934
1779541503.143769,0,1,13.635252,-0.052771,0.108080,2.000000,0.019934
1779541503.153092,0,1,13.655125,-0.050519,0.108932,2.000000,0.020150
1779541503.163336,0,1,13.674994,-0.048234,0.109955,2.000000,0.020150
1779541503.173203,0,1,13.694863,-0.045944,0.110807,2.000000,0.020343
1779541503.183793,0,1,13.714727,-0.043623,0.111830,2.000000,0.020343
1779541503.193442,0,1,13.734592,-0.041296,0.112682,2.000000,0.020560
1779541503.203989,0,1,13.754452,-0.038937,0.113705,2.000000,0.020560
1779541503.213520,0,1,13.774312,-0.036572,0.114557,2.000000,0.020790
1779541503.223770,0,1,13.794168,-0.034176,0.115580,2.000000,0.020790
1779541503.233483,0,1,13.814023,-0.031775,0.116432,2.000000,0.021006
1779541503.243557,0,1,13.833874,-0.029341,0.117455,2.000000,0.021006
1779541503.253551,0,1,13.853725,-0.026902,0.118307,2.000000,0.021245
1779541503.263530,0,1,13.873572,-0.024432,0.119330,2.000000,0.021245
1779541503.273519,0,1,13.893418,-0.021956,0.120181,2.000000,0.021524
1779541503.283545,0,1,13.913260,-0.019448,0.121205,2.000000,0.021755
1779541503.293531,0,1,13.933102,-0.016935,0.122056,2.000000,0.021755
1779541503.303750,0,1,13.952939,-0.014389,0.123080,2.000000,0.022098
1779541503.313484,0,1,13.972776,-0.011839,0.123931,2.000000,0.022098
1779541503.323718,0,1,13.992608,-0.009257,0.124955,2.000000,0.022424
1779541503.333555,0,1,14.012440,-0.006669,0.125806,2.000000,0.022424
1779541503.343733,0,1,14.032268,-0.004050,0.126830,2.000000,0.022916
1779541503.353564,0,1,14.052095,-0.001425,0.127681,2.000000,0.022916
1779541503.363322,0,1,14.071918,0.001232,0.128705,2.000000,0.022916
1779541503.373362,0,1,14.091740,0.003893,0.129556,2.000000,0.022916
1779541503.383315,0,1,14.111558,0.006587,0.130580,2.000000,0.022916
1779541503.393244,0,1,14.131375,0.009286,0.131431,2.000000,0.022916
1779541503.403686,0,1,14.151187,0.012017,0.132454,2.000000,0.022916
1779541503.413671,0,1,14.170999,0.014753,0.133306,2.000000,0.022916
1779541503.423858,0,1,14.190807,0.017522,0.134329,2.000000,0.022916
1779541503.433538,0,1,14.210614,0.020295,0.135181,2.000000,0.022916
1779541503.443630,0,1,14.230416,0.023100,0.136204,2.000000,0.022916
1779541503.453472,0,1,14.250217,0.025911,0.137056,2.000000,0.022916
1779541503.463631,0,1,14.270014,0.028753,0.138079,2.000000,0.022916
1779541503.473572,0,1,14.289811,0.031601,0.138931,2.000000,0.022916
1779541503.483127,0,1,14.309602,0.034480,0.139954,2.000000,0.022916
1779541503.493340,0,1,14.329393,0.037365,0.140806,2.000000,0.022916
1779541503.503723,0,1,14.349179,0.040281,0.141829,2.000000,0.022916
1779541503.514002,0,1,14.368965,0.043203,0.142681,2.000000,0.022916
1779541503.523107,0,1,14.388745,0.046157,0.143704,2.000000,0.022916
1779541503.533812,0,1,14.408525,0.049116,0.144555,2.000000,0.022916
1779541503.543317,0,1,14.428300,0.052106,0.145579,2.000000,0.022916
1779541503.553544,0,1,14.448075,0.055102,0.146430,2.000000,0.026146
1779541503.563299,0,1,14.467844,0.058130,0.147454,2.000000,0.026146
1779541503.573370,0,1,14.487613,0.061163,0.148305,2.000000,0.026146
1779541503.583370,0,1,14.507377,0.064228,0.149329,2.000000,0.030333
1779541503.593572,0,1,14.527140,0.067298,0.150180,2.000000,0.030333
1779541503.603662,0,1,14.546898,0.070400,0.151204,2.000000,0.030333
1779541503.613744,0,1,14.566655,0.073507,0.152055,2.000000,0.031629
1779541503.623382,0,1,14.586407,0.076646,0.153079,2.000000,0.031629
1779541503.633182,0,1,14.606158,0.079791,0.153930,2.000000,0.031629
1779541503.643696,0,1,14.625904,0.082967,0.154953,2.000000,0.033176
1779541503.653529,0,1,14.645650,0.086148,0.155805,2.000000,0.033176
1779541503.663444,0,1,14.665386,0.089386,0.157121,2.000000,0.034318
1779541503.673645,0,1,14.685106,0.092721,0.159196,2.000000,0.034318
1779541503.683180,0,1,14.704815,0.096118,0.161439,2.000000,0.035472
1779541503.693616,0,1,14.724510,0.099597,0.164053,2.000000,0.035472
1779541503.703643,0,1,14.744196,0.103127,0.166611,2.000000,0.036640
1779541503.713617,0,1,14.763869,0.106732,0.169408,2.000000,0.036640
1779541503.723542,0,1,14.783532,0.110385,0.172073,2.000000,0.036237
1779541503.733195,0,1,14.803182,0.114109,0.174934,2.000000,0.036237
1779541503.743620,0,1,14.822824,0.117879,0.177638,2.000000,0.033035
1779541503.753352,0,1,14.842452,0.121718,0.180521,2.000000,0.033035
1779541503.763552,0,1,14.862071,0.125601,0.183238,2.000000,0.031848
1779541503.773582,0,1,14.881677,0.129553,0.186131,2.000000,0.031848
1779541503.783780,0,1,14.901279,0.133524,0.188561,2.000000,0.028896
1779541503.793563,0,1,14.920886,0.137471,0.190233,2.000000,0.028896
1779541503.803798,0,1,14.940489,0.141432,0.191737,2.000000,0.025864
1779541503.813541,0,1,14.960095,0.145385,0.192872,2.000000,0.025864
1779541503.823240,0,1,14.979696,0.149360,0.194063,2.000000,0.022740
1779541503.833832,0,1,14.999297,0.153334,0.195015,2.000000,0.022740
1779541503.843640,0,1,15.018893,0.157335,0.196099,2.000000,0.021053
1779541503.853793,0,1,15.038488,0.161338,0.196988,2.000000,0.021053
1779541503.863854,0,1,15.058078,0.165369,0.198034,2.000000,0.021053
1779541503.873355,0,1,15.077666,0.169404,0.198900,2.000000,0.021053
1779541503.883373,0,1,15.097249,0.173470,0.199932,2.000000,0.021053
1779541503.893726,0,1,15.116830,0.177539,0.200790,2.000000,0.021053
1779541503.903300,0,1,15.136406,0.181639,0.201817,2.000000,0.021053
1779541503.913403,0,1,15.155980,0.185744,0.202671,2.000000,0.021053
1779541503.923442,0,1,15.175548,0.189880,0.203697,2.000000,0.021053
1779541503.933199,0,1,15.195114,0.194020,0.204549,2.000000,0.021053
1779541503.943591,0,1,15.214674,0.198192,0.205574,2.000000,0.021053
1779541503.953160,0,1,15.234233,0.202369,0.206426,2.000000,0.021053
1779541503.963606,0,1,15.253785,0.206577,0.207450,2.000000,0.021053
1779541503.973109,0,1,15.273337,0.210791,0.208302,2.000000,0.023982
1779541503.983499,0,1,15.292881,0.215035,0.209325,2.000000,0.023982
1779541503.993407,0,1,15.312424,0.219285,0.210177,2.000000,0.026272
1779541504.003889,0,1,15.331961,0.223566,0.211201,2.000000,0.026272
1779541504.013543,0,1,15.351496,0.227853,0.212052,2.000000,0.027409
1779541504.023957,0,1,15.371024,0.232171,0.213076,2.000000,0.027409
1779541504.033690,0,1,15.390552,0.236493,0.213927,2.000000,0.028726
1779541504.043602,0,1,15.410072,0.240848,0.214951,2.000000,0.028726
1779541504.053174,0,1,15.429591,0.245207,0.215802,2.000000,0.029988
1779541504.063394,0,1,15.449103,0.249598,0.216826,2.000000,0.029988
1779541504.073647,0,1,15.468614,0.253994,0.217677,2.000000,0.029988
1779541504.083968,0,1,15.488118,0.258422,0.218701,2.000000,0.031409
1779541504.093867,0,1,15.507620,0.262854,0.219552,2.000000,0.031409
1779541504.103284,0,1,15.527116,0.267318,0.220576,2.000000,0.031409
1779541504.113118,0,1,15.546610,0.271788,0.221427,2.000000,0.034395
1779541504.123381,0,1,15.566097,0.276288,0.222451,2.000000,0.034395
1779541504.133560,0,1,15.585583,0.280794,0.223302,2.000000,0.036100
1779541504.143539,0,1,15.605056,0.285356,0.224618,2.000000,0.036100
1779541504.153436,0,1,15.624506,0.290013,0.226693,2.000000,0.036100
1779541504.163626,0,1,15.643941,0.294732,0.228936,2.000000,0.038999
1779541504.173171,0,1,15.663357,0.299531,0.231550,2.000000,0.038999
1779541504.183565,0,1,15.682760,0.304381,0.234108,2.000000,0.038999
1779541504.193130,0,1,15.702144,0.309305,0.236905,2.000000,0.041392
1779541504.203620,0,1,15.721517,0.314275,0.239570,2.000000,0.041392
1779541504.213220,0,1,15.740871,0.319317,0.242431,2.000000,0.041018
1779541504.223369,0,1,15.760213,0.324402,0.245135,2.000000,0.041018
1779541504.233249,0,1,15.779538,0.329557,0.248019,2.000000,0.039649
1779541504.243819,0,1,15.798851,0.334754,0.250736,2.000000,0.039649
1779541504.253556,0,1,15.818145,0.340020,0.253628,2.000000,0.037773
1779541504.263660,0,1,15.837428,0.345327,0.256350,2.000000,0.037773
1779541504.273683,0,1,15.856692,0.350703,0.259246,2.000000,0.035872
1779541504.283669,0,1,15.875944,0.356120,0.261970,2.000000,0.034838
1779541504.293763,0,1,15.895178,0.361605,0.264867,2.000000,0.034838
1779541504.303610,0,1,15.914399,0.367131,0.267593,2.000000,0.032599
1779541504.313419,0,1,15.933601,0.372724,0.270490,2.000000,0.032599
1779541504.323810,0,1,15.952791,0.378358,0.273216,2.000000,0.032599
1779541504.333473,0,1,15.971961,0.384059,0.276114,2.000000,0.029304
1779541504.343687,0,1,15.991119,0.389802,0.278840,2.000000,0.029304
1779541504.353168,0,1,16.010257,0.395611,0.281739,2.000000,0.029304
1779541504.363901,0,1,16.029389,0.401437,0.284172,2.000000,0.029304
1779541504.373227,0,1,16.048529,0.407240,0.285847,2.000000,0.029304
1779541504.383746,0,1,16.067665,0.413055,0.287354,2.000000,0.029304
1779541504.393329,0,1,16.086803,0.418863,0.288490,2.000000,0.029304
1779541504.403703,0,1,16.105935,0.424692,0.289682,2.000000,0.029304
1779541504.413706,0,1,16.125067,0.430520,0.290634,2.000000,0.029304
1779541504.423596,0,1,16.144191,0.436374,0.291719,2.000000,0.029304
1779541504.433811,0,1,16.163314,0.442230,0.292607,2.000000,0.029304
1779541504.443466,0,1,16.182429,0.448114,0.293654,2.000000,0.029304
1779541504.453688,0,1,16.201543,0.454001,0.294520,2.000000,0.029304
1779541504.463246,0,1,16.220648,0.459917,0.295553,2.000000,0.022557
1779541504.473490,0,1,16.239752,0.465838,0.296410,2.000000,0.022557
1779541504.483987,0,1,16.258846,0.471788,0.297438,2.000000,0.024155
1779541504.493566,0,1,16.277939,0.477743,0.298292,2.000000,0.024155
1779541504.503414,0,1,16.297022,0.483728,0.299318,2.000000,0.025968
1779541504.513858,0,1,16.316104,0.489718,0.300170,2.000000,0.025968
1779541504.523080,0,1,16.335177,0.495738,0.301195,2.000000,0.026926
1779541504.533115,0,1,16.354247,0.501764,0.302047,2.000000,0.028970
1779541504.543090,0,1,16.373309,0.507819,0.303071,2.000000,0.028970
1779541504.553739,0,1,16.392368,0.513880,0.303923,2.000000,0.031255
1779541504.563626,0,1,16.411418,0.519971,0.304946,2.000000,0.031255
1779541504.573621,0,1,16.430466,0.526068,0.305798,2.000000,0.033581
1779541504.583533,0,1,16.449505,0.532195,0.306822,2.000000,0.033581
1779541504.593340,0,1,16.468541,0.538327,0.307673,2.000000,0.036119
1779541504.603225,0,1,16.487561,0.544513,0.308989,2.000000,0.037545
1779541504.613574,0,1,16.506549,0.550794,0.311064,2.000000,0.037545
1779541504.623628,0,1,16.525518,0.557133,0.313308,2.000000,0.040158
1779541504.633576,0,1,16.544460,0.563551,0.315921,2.000000,0.040158
1779541504.643613,0,1,16.563385,0.570019,0.318479,2.000000,0.043129
1779541504.653728,0,1,16.582285,0.576559,0.321276,2.000000,0.043129
1779541504.663609,0,1,16.601170,0.583145,0.323942,2.000000,0.044429
1779541504.673166,0,1,16.620031,0.589799,0.326803,2.000000,0.044429
1779541504.683892,0,1,16.638876,0.596496,0.329506,2.000000,0.044457
1779541504.693792,0,1,16.657697,0.603261,0.332390,2.000000,0.044457
1779541504.703521,0,1,16.676503,0.610068,0.335107,2.000000,0.043795
1779541504.713245,0,1,16.695285,0.616940,0.337999,2.000000,0.043795
1779541504.723845,0,1,16.714052,0.623854,0.340722,2.000000,0.043118
1779541504.733909,0,1,16.732795,0.630834,0.343617,2.000000,0.043118
1779541504.743536,0,1,16.751522,0.637854,0.346342,2.000000,0.042183
1779541504.754049,0,1,16.770225,0.644940,0.349239,2.000000,0.042183
1779541504.763669,0,1,16.788912,0.652066,0.351964,2.000000,0.041406
1779541504.773719,0,1,16.807575,0.659258,0.354862,2.000000,0.041406
1779541504.783679,0,1,16.826221,0.666489,0.357588,2.000000,0.040419
1779541504.793479,0,1,16.844843,0.673786,0.360486,2.000000,0.040419
1779541504.803312,0,1,16.863449,0.681122,0.363212,2.000000,0.039633
1779541504.813378,0,1,16.882029,0.688523,0.366110,2.000000,0.039633
1779541504.823323,0,1,16.900593,0.695964,0.368836,2.000000,0.038635
1779541504.833882,0,1,16.919131,0.703470,0.371735,2.000000,0.038635
1779541504.843676,0,1,16.937653,0.711015,0.374461,2.000000,0.037860
1779541504.853517,0,1,16.956149,0.718625,0.377359,2.000000,0.037860
1779541504.864145,0,1,16.974628,0.726275,0.380086,2.000000,0.037860
1779541504.873527,0,1,16.993081,0.733989,0.382984,2.000000,0.037860
1779541504.883616,0,1,17.011517,0.741742,0.385710,2.000000,0.037860
1779541504.893986,0,1,17.029926,0.749560,0.388609,2.000000,0.037860
1779541504.903657,0,1,17.048318,0.757417,0.391335,2.000000,0.037860
1779541504.913446,0,1,17.066682,0.765338,0.394233,2.000000,0.037860
1779541504.923470,0,1,17.085030,0.773298,0.396960,2.000000,0.037860
1779541504.933785,0,1,17.103350,0.781322,0.399858,2.000000,0.037860
1779541504.943176,0,1,17.121652,0.789385,0.402584,2.000000,0.037860
1779541504.953964,0,1,17.139926,0.797512,0.405483,2.000000,0.037860
1779541504.963669,0,1,17.158183,0.805678,0.408209,2.000000,0.033169
1779541504.973826,0,1,17.176412,0.813908,0.411108,2.000000,0.033169
1779541504.983851,0,1,17.194622,0.822177,0.413834,2.000000,0.031734
1779541504.993809,0,1,17.212804,0.830509,0.416732,2.000000,0.031734
1779541505.003547,0,1,17.230979,0.838857,0.419166,2.000000,0.031734
1779541505.013537,0,1,17.249163,0.847184,0.420841,2.000000,0.030975
1779541505.023478,0,1,17.267342,0.855522,0.422348,2.000000,0.030975
1779541505.033586,0,1,17.285524,0.863852,0.423484,2.000000,0.030256
1779541505.043661,0,1,17.303697,0.872203,0.424676,2.000000,0.029798
1779541505.053302,0,1,17.321871,0.880553,0.425629,2.000000,0.029798
1779541505.063872,0,1,17.340033,0.888928,0.426713,2.000000,0.030656
1779541505.073553,0,1,17.358195,0.897304,0.427602,2.000000,0.030656
1779541505.083560,0,1,17.376344,0.905707,0.428648,2.000000,0.033358
1779541505.093516,0,1,17.394492,0.914113,0.429514,2.000000,0.033358
1779541505.103629,0,1,17.412616,0.922570,0.430840,2.000000,0.036474
1779541505.113623,0,1,17.430698,0.931115,0.432920,2.000000,0.036474
1779541505.123625,0,1,17.448754,0.939715,0.435168,2.000000,0.040307
1779541505.133856,0,1,17.466775,0.948390,0.437785,2.000000,0.040307
1779541505.143609,0,1,17.484773,0.957112,0.440344,2.000000,0.044123
1779541505.153538,0,1,17.502738,0.965903,0.443143,2.000000,0.044123
1779541505.163431,0,1,17.520681,0.974736,0.445809,2.000000,0.046834
1779541505.173588,0,1,17.538593,0.983634,0.448671,2.000000,0.047573
1779541505.184589,0,1,17.556484,0.992573,0.451375,2.000000,0.047573
1779541505.193667,0,1,17.574343,1.001576,0.454259,2.000000,0.048451
1779541505.203661,0,1,17.592182,1.010618,0.456976,2.000000,0.048451
1779541505.213248,0,1,17.609989,1.019724,0.459869,2.000000,0.048451
1779541505.223772,0,1,17.627776,1.028868,0.462591,2.000000,0.049136
1779541505.233697,0,1,17.645531,1.038075,0.465487,2.000000,0.049136
1779541505.244177,0,1,17.663266,1.047320,0.468211,2.000000,0.049691
1779541505.253946,0,1,17.680969,1.056627,0.471108,2.000000,0.050336
1779541505.263693,0,1,17.698651,1.065972,0.473834,2.000000,0.050336
1779541505.273521,0,1,17.716301,1.075379,0.476732,2.000000,0.050946
1779541505.283774,0,1,17.733930,1.084823,0.479458,2.000000,0.050946
1779541505.293509,0,1,17.751527,1.094329,0.482356,2.000000,0.051701
1779541505.303730,0,1,17.769103,1.103873,0.485082,2.000000,0.051701
1779541505.313978,0,1,17.786645,1.113478,0.487980,2.000000,0.052412
1779541505.323800,0,1,17.804167,1.123121,0.490706,2.000000,0.052412
1779541505.334013,0,1,17.821655,1.132825,0.493604,2.000000,0.053295
1779541505.343905,0,1,17.839123,1.142566,0.496331,2.000000,0.053295
1779541505.353585,0,1,17.856556,1.152368,0.499229,2.000000,0.053295
1779541505.364052,0,1,17.873968,1.162207,0.501955,2.000000,0.053295
1779541505.373596,0,1,17.891346,1.172107,0.504854,2.000000,0.053295
1779541505.383579,0,1,17.908703,1.182044,0.507580,2.000000,0.053295
1779541505.393885,0,1,17.926025,1.192042,0.510478,2.000000,0.053295
1779541505.403828,0,1,17.943326,1.202076,0.513205,2.000000,0.053295
1779541505.413583,0,1,17.960591,1.212171,0.516103,2.000000,0.053295
1779541505.423658,0,1,17.977835,1.222303,0.518830,2.000000,0.053295
1779541505.433593,0,1,17.995043,1.232494,0.521728,2.000000,0.053295
1779541505.443936,0,1,18.012230,1.242723,0.524454,2.000000,0.053295
1779541505.453500,0,1,18.029380,1.253011,0.527353,2.000000,0.053295
1779541505.463649,0,1,18.046509,1.263336,0.530079,2.000000,0.059351
1779541505.473563,0,1,18.063602,1.273721,0.532977,2.000000,0.059351
1779541505.483225,0,1,18.080672,1.284142,0.535704,2.000000,0.061087
1779541505.493611,0,1,18.097706,1.294623,0.538602,2.000000,0.061087
1779541505.503432,0,1,18.114718,1.305140,0.541329,2.000000,0.062588
1779541505.514042,0,1,18.131692,1.315716,0.544227,2.000000,0.062588
1779541505.523695,0,1,18.148644,1.326329,0.546953,2.000000,0.064017
1779541505.533717,0,1,18.165559,1.337001,0.549852,2.000000,0.064017
1779541505.543993,0,1,18.182451,1.347708,0.552578,2.000000,0.065728
1779541505.554095,0,1,18.199299,1.358486,0.555623,2.000000,0.067328
1779541505.563589,0,1,18.216092,1.369349,0.559107,2.000000,0.067328
1779541505.573692,0,1,18.232813,1.380322,0.563227,2.000000,0.069289
1779541505.583967,0,1,18.249480,1.391376,0.567445,2.000000,0.069289
1779541505.593482,0,1,18.266082,1.402529,0.571991,2.000000,0.071007
1779541505.603792,0,1,18.282634,1.413755,0.576458,2.000000,0.071007
1779541505.616267,0,1,18.299122,1.425075,0.581150,2.000000,0.072167
1779541505.623620,0,1,18.315563,1.436464,0.585702,2.000000,0.072167
1779541505.633787,0,1,18.331940,1.447944,0.590445,2.000000,0.071242
1779541505.643549,0,1,18.348270,1.459491,0.595028,2.000000,0.071242
1779541505.654212,0,1,18.364536,1.471127,0.599789,2.000000,0.069818
1779541505.663561,0,1,18.380755,1.482829,0.604383,2.000000,0.069818
1779541505.673696,0,1,18.396911,1.494619,0.609151,2.000000,0.067836
1779541505.683765,0,1,18.413018,1.506474,0.613749,2.000000,0.067836
1779541505.693637,0,1,18.429062,1.518416,0.618520,2.000000,0.066023
1779541505.703664,0,1,18.445057,1.530422,0.623119,2.000000,0.066023
1779541505.713570,0,1,18.460988,1.542514,0.627891,2.000000,0.063815
1779541505.723975,0,1,18.476869,1.554670,0.632492,2.000000,0.063815
1779541505.733921,0,1,18.492685,1.566912,0.637265,2.000000,0.062423
1779541505.743808,0,1,18.508468,1.579196,0.641573,2.000000,0.060657
1779541505.753686,0,1,18.524242,1.591492,0.645123,2.000000,0.060657
1779541505.763710,0,1,18.539984,1.603828,0.648504,2.000000,0.060657
1779541505.774017,0,1,18.555709,1.616186,0.651515,2.000000,0.059750
1779541505.783692,0,1,18.571397,1.628592,0.654582,2.000000,0.059750
1779541505.793920,0,1,18.587062,1.641026,0.657409,2.000000,0.059750
1779541505.803244,0,1,18.602686,1.653511,0.660368,2.000000,0.056865
1779541505.814003,0,1,18.618287,1.666026,0.663132,2.000000,0.056865
1779541505.823686,0,1,18.633845,1.678593,0.666053,2.000000,0.056865
1779541505.833697,0,1,18.649377,1.691193,0.668794,2.000000,0.057369
1779541505.844163,0,1,18.664867,1.703845,0.671702,2.000000,0.057369
1779541505.853664,0,1,18.680330,1.716529,0.674434,2.000000,0.057369
1779541505.863872,0,1,18.695749,1.729267,0.677337,2.000000,0.057369
1779541505.873281,0,1,18.711141,1.742037,0.680066,2.000000,0.057369
1779541505.883476,0,1,18.726489,1.754861,0.682966,2.000000,0.057369
1779541505.893656,0,1,18.741810,1.767717,0.685694,2.000000,0.057369
1779541505.903898,0,1,18.757086,1.780626,0.688593,2.000000,0.057369
1779541505.913776,0,1,18.772334,1.793567,0.691320,2.000000,0.057369
1779541505.923854,0,1,18.787538,1.806562,0.694219,2.000000,0.057369
1779541505.933567,0,1,18.802713,1.819589,0.696946,2.000000,0.057369
1779541505.943869,0,1,18.817844,1.832668,0.699845,2.000000,0.057369
1779541505.953619,0,1,18.832946,1.845780,0.702571,2.000000,0.057369
1779541505.963859,0,1,18.848002,1.858945,0.705470,2.000000,0.057369
1779541505.973155,0,1,18.863030,1.872141,0.708196,2.000000,0.057369
1779541505.983513,0,1,18.878013,1.885390,0.711095,2.000000,0.057369
1779541505.993187,0,1,18.892967,1.898671,0.713821,2.000000,0.057369
1779541506.003849,0,1,18.907874,1.912004,0.716720,2.000000,0.057369
1779541506.013236,0,1,18.922753,1.925369,0.719446,2.000000,0.057369
1779541506.023253,0,1,18.937585,1.938785,0.722344,2.000000,0.075939
1779541506.033392,0,1,18.952389,1.952233,0.725071,2.000000,0.075939
1779541506.043644,0,1,18.967128,1.965752,0.728262,2.000000,0.082599
1779541506.053566,0,1,18.981775,1.979370,0.732211,2.000000,0.082599
1779541506.063681,0,1,18.996354,1.993062,0.736330,2.000000,0.085742
1779541506.073602,0,1,19.010850,2.006841,0.740819,2.000000,0.085742
1779541506.083618,0,1,19.025284,2.020685,0.745251,2.000000,0.088932
1779541506.093567,0,1,19.039639,2.034611,0.749923,2.000000,0.088932
1779541506.103638,0,1,19.053934,2.048598,0.754464,2.000000,0.090753
1779541506.113247,0,1,19.068152,2.062664,0.759200,2.000000,0.090753
1779541506.123710,0,1,19.082311,2.076789,0.763778,2.000000,0.090979
1779541506.133723,0,1,19.096393,2.090991,0.768537,2.000000,0.090979
1779541506.143643,0,1,19.110417,2.105251,0.773129,2.000000,0.091179
1779541506.153132,0,1,19.124363,2.119586,0.777896,2.000000,0.090519
1779541506.163768,0,1,19.138251,2.133978,0.782493,2.000000,0.090519
1779541506.173682,0,1,19.152062,2.148444,0.787263,2.000000,0.090113
1779541506.183363,0,1,19.165814,2.162966,0.791863,2.000000,0.090113
1779541506.193529,0,1,19.179487,2.177562,0.796635,2.000000,0.089506
1779541506.203252,0,1,19.193102,2.192213,0.801235,2.000000,0.089506
1779541506.213413,0,1,19.206637,2.206936,0.806008,2.000000,0.088803
1779541506.223294,0,1,19.220114,2.221714,0.810609,2.000000,0.088803
1779541506.233907,0,1,19.233511,2.236564,0.815382,2.000000,0.088079
1779541506.243730,0,1,19.246848,2.251468,0.819983,2.000000,0.088079
1779541506.253257,0,1,19.260105,2.266443,0.824756,2.000000,0.087321
1779541506.263841,0,1,19.273301,2.281471,0.829357,2.000000,0.087321
1779541506.273464,0,1,19.286417,2.296570,0.834130,2.000000,0.086416
1779541506.283645,0,1,19.299472,2.311721,0.838731,2.000000,0.086416
1779541506.293297,0,1,19.312446,2.326942,0.843505,2.000000,0.086086
1779541506.303352,0,1,19.325359,2.342215,0.848106,2.000000,0.085145
1779541506.313505,0,1,19.338189,2.357557,0.852879,2.000000,0.085145
1779541506.323815,0,1,19.350958,2.372950,0.857480,2.000000,0.084153
1779541506.333630,0,1,19.363644,2.388412,0.862254,2.000000,0.084153
1779541506.343920,0,1,19.376268,2.403924,0.866855,2.000000,0.083311
1779541506.353912,0,1,19.388809,2.419504,0.871628,2.000000,0.083311
1779541506.363766,0,1,19.401287,2.435134,0.876229,2.000000,0.083311
1779541506.373879,0,1,19.413681,2.450831,0.881003,2.000000,0.083311
1779541506.384212,0,1,19.426012,2.466578,0.885604,2.000000,0.083311
1779541506.393677,0,1,19.438258,2.482390,0.890377,2.000000,0.083311
1779541506.403828,0,1,19.450441,2.498251,0.894979,2.000000,0.083311
1779541506.413628,0,1,19.462538,2.514178,0.899752,2.000000,0.083311
1779541506.423886,0,1,19.474572,2.530152,0.904353,2.000000,0.083311
1779541506.433258,0,1,19.486519,2.546191,0.909127,2.000000,0.083311
1779541506.443994,0,1,19.498402,2.562278,0.913728,2.000000,0.083311
1779541506.453775,0,1,19.510199,2.578429,0.918501,2.000000,0.083311
1779541506.463823,0,1,19.521931,2.594626,0.923102,2.000000,0.083311
1779541506.473332,0,1,19.533576,2.610887,0.927876,2.000000,0.073512
1779541506.483387,0,1,19.545155,2.627193,0.932477,2.000000,0.073512
1779541506.493311,0,1,19.556647,2.643562,0.937250,2.000000,0.074956
1779541506.503915,0,1,19.568074,2.659977,0.941852,2.000000,0.074956
1779541506.513333,0,1,19.579412,2.676453,0.946625,2.000000,0.073600
1779541506.523780,0,1,19.590683,2.692974,0.951226,2.000000,0.072875
1779541506.533636,0,1,19.601866,2.709555,0.956000,2.000000,0.072875
1779541506.543557,0,1,19.612983,2.726181,0.960601,2.000000,0.071494
1779541506.553811,0,1,19.624010,2.742866,0.965374,2.000000,0.071494
1779541506.563190,0,1,19.634970,2.759596,0.969976,2.000000,0.069900
1779541506.573869,0,1,19.645840,2.776384,0.974749,2.000000,0.069900
1779541506.584030,0,1,19.656643,2.793216,0.979350,2.000000,0.068597
1779541506.593989,0,1,19.667355,2.810105,0.984123,2.000000,0.068597
1779541506.603992,0,1,19.678000,2.827037,0.988725,2.000000,0.066823
1779541506.613798,0,1,19.688553,2.844026,0.993498,2.000000,0.066823
1779541506.623797,0,1,19.699038,2.861057,0.998099,2.000000,0.065343
1779541506.633758,0,1,19.709432,2.878144,1.002873,2.000000,0.065343
1779541506.643971,0,1,19.719757,2.895272,1.007474,2.000000,0.063472
1779541506.653748,0,1,19.729990,2.912456,1.012247,2.000000,0.063472
1779541506.664042,0,1,19.740176,2.929668,1.016556,2.000000,0.061937
1779541506.673696,0,1,19.750350,2.946887,1.020106,2.000000,0.061937
1779541506.683803,0,1,19.760481,2.964131,1.023487,2.000000,0.059931
1779541506.693662,0,1,19.770587,2.981390,1.026498,2.000000,0.059931
1779541506.703541,0,1,19.780640,2.998680,1.029566,2.000000,0.058217
1779541506.713784,0,1,19.790663,3.015987,1.032393,2.000000,0.058217
1779541506.723717,0,1,19.800629,3.033327,1.035352,2.000000,0.057688
1779541506.733721,0,1,19.810561,3.050687,1.038116,2.000000,0.057688
1779541506.744248,0,1,19.820436,3.068079,1.041038,2.000000,0.059021
1779541506.753668,0,1,19.830274,3.085492,1.043778,2.000000,0.059021
1779541506.763706,0,1,19.840053,3.102938,1.046686,2.000000,0.060633
1779541506.773653,0,1,19.849796,3.120405,1.049419,2.000000,0.060633
1779541506.783722,0,1,19.859478,3.137905,1.052321,2.000000,0.062748
1779541506.793781,0,1,19.869124,3.155425,1.055050,2.000000,0.062748
1779541506.803809,0,1,19.878709,3.172979,1.057951,2.000000,0.064692
1779541506.813538,0,1,19.888256,3.190553,1.060678,2.000000,0.064692
1779541506.823869,0,1,19.897720,3.208172,1.063870,2.000000,0.066861
1779541506.833718,0,1,19.907065,3.225854,1.067820,2.000000,0.066861
1779541506.843288,0,1,19.916321,3.243584,1.071939,2.000000,0.068770
1779541506.853502,0,1,19.925469,3.261368,1.076428,2.000000,0.068770
1779541506.863818,0,1,19.934538,3.279194,1.080861,2.000000,0.068770
1779541506.873785,0,1,19.943506,3.297071,1.085534,2.000000,0.068770
1779541506.883846,0,1,19.952397,3.314986,1.090074,2.000000,0.068770
1779541506.893817,0,1,19.961188,3.332950,1.094810,2.000000,0.068770
1779541506.903736,0,1,19.969906,3.350950,1.099389,2.000000,0.068770
1779541506.914107,0,1,19.978524,3.368998,1.104147,2.000000,0.068770
1779541506.923722,0,1,19.987069,3.387081,1.108739,2.000000,0.068770
1779541506.933911,0,1,19.995516,3.405209,1.113507,2.000000,0.068770
1779541506.944019,0,1,20.003890,3.423372,1.118104,2.000000,0.068770
1779541506.954147,0,1,20.012165,3.441580,1.122874,2.000000,0.068770
1779541506.963595,0,1,20.020367,3.459820,1.127474,2.000000,0.068770
1779541506.973997,0,1,20.028471,3.478105,1.132246,2.000000,0.063830
1779541506.983801,0,1,20.036500,3.496422,1.136846,2.000000,0.063830
1779541506.994097,0,1,20.044432,3.514783,1.141619,2.000000,0.062270
1779541507.003824,0,1,20.052313,3.533164,1.145927,2.000000,0.062270
1779541507.013298,0,1,20.060181,3.551552,1.149477,2.000000,0.059994
1779541507.023956,0,1,20.068002,3.569959,1.152858,2.000000,0.059994
1779541507.033821,0,1,20.075797,3.588377,1.155869,2.000000,0.057695
1779541507.043792,0,1,20.083536,3.606819,1.158936,2.000000,0.057695
1779541507.053798,0,1,20.091242,3.625275,1.161763,2.000000,0.055509
1779541507.063737,0,1,20.098888,3.643756,1.164722,2.000000,0.055509
1779541507.073695,0,1,20.106498,3.662251,1.167486,2.000000,0.055623
1779541507.083248,0,1,20.114046,3.680773,1.170407,2.000000,0.056022
1779541507.093858,0,1,20.121556,3.699309,1.173148,2.000000,0.056022
1779541507.103594,0,1,20.129003,3.717871,1.176056,2.000000,0.057399
1779541507.113251,0,1,20.136411,3.736448,1.178788,2.000000,0.057399
1779541507.123723,0,1,20.143754,3.755051,1.181691,2.000000,0.058749
1779541507.133638,0,1,20.151059,3.773670,1.184420,2.000000,0.058749
1779541507.143779,0,1,20.158299,3.792313,1.187320,2.000000,0.059504
1779541507.153314,0,1,20.165500,3.810972,1.190048,2.000000,0.061258
1779541507.163875,0,1,20.172636,3.829656,1.192947,2.000000,0.061258
1779541507.173563,0,1,20.179732,3.848354,1.195674,2.000000,0.062965
1779541507.183820,0,1,20.186762,3.867078,1.198573,2.000000,0.062965
1779541507.193497,0,1,20.193753,3.885816,1.201300,2.000000,0.064897
1779541507.203371,0,1,20.200679,3.904579,1.204199,2.000000,0.064897
1779541507.213730,0,1,20.207565,3.923356,1.206925,2.000000,0.066775
1779541507.223737,0,1,20.214361,3.942166,1.210116,2.000000,0.066775
1779541507.233525,0,1,20.221029,3.961022,1.214066,2.000000,0.068873
1779541507.243307,0,1,20.227603,3.979910,1.218184,2.000000,0.068873
1779541507.253968,0,1,20.234063,3.998838,1.222673,2.000000,0.070910
1779541507.264158,0,1,20.240437,4.017795,1.227106,2.000000,0.070910
1779541507.274029,0,1,20.246704,4.036788,1.231778,2.000000,0.072884
1779541507.283768,0,1,20.252890,4.055807,1.236318,2.000000,0.072884
1779541507.293805,0,1,20.258970,4.074861,1.241054,2.000000,0.072536
1779541507.303307,0,1,20.264971,4.093939,1.245633,2.000000,0.072536
1779541507.313698,0,1,20.270868,4.113050,1.250391,2.000000,0.071365
1779541507.323697,0,1,20.276687,4.132185,1.254983,2.000000,0.071365
1779541507.333308,0,1,20.282402,4.151351,1.259751,2.000000,0.069690
1779541507.343961,0,1,20.288039,4.170540,1.264348,2.000000,0.069690
1779541507.353809,0,1,20.293573,4.189759,1.269118,2.000000,0.068015
1779541507.363847,0,1,20.299029,4.209000,1.273718,2.000000,0.068015
1779541507.373839,0,1,20.304382,4.228271,1.278490,2.000000,0.068015
1779541507.383760,0,1,20.309657,4.247563,1.283090,2.000000,0.068015
1779541507.393284,0,1,20.314828,4.266883,1.287863,2.000000,0.068015
1779541507.403749,0,1,20.319921,4.286223,1.292463,2.000000,0.068015
1779541507.413639,0,1,20.324911,4.305591,1.297236,2.000000,0.068015
1779541507.423474,0,1,20.329823,4.324978,1.301837,2.000000,0.068015
1779541507.433291,0,1,20.334630,4.344392,1.306611,2.000000,0.068015
1779541507.443887,0,1,20.339360,4.363824,1.311212,2.000000,0.068015
1779541507.453252,0,1,20.343985,4.383282,1.315985,2.000000,0.068015
1779541507.463350,0,1,20.348533,4.402758,1.320586,2.000000,0.068015
1779541507.473891,0,1,20.352975,4.422259,1.325359,2.000000,0.055957
1779541507.483803,0,1,20.357340,4.441777,1.329961,2.000000,0.055957
1779541507.494314,0,1,20.361600,4.461318,1.334734,2.000000,0.053382
1779541507.503503,0,1,20.365806,4.480870,1.339043,2.000000,0.053382
1779541507.513433,0,1,20.369998,4.500426,1.342593,2.000000,0.051268
1779541507.523454,0,1,20.374141,4.519992,1.345974,2.000000,0.051268
1779541507.533297,0,1,20.378256,4.539564,1.348985,2.000000,0.048759
1779541507.543792,0,1,20.382312,4.559149,1.352052,2.000000,0.048759
1779541507.553706,0,1,20.386333,4.578740,1.354879,2.000000,0.046865
1779541507.563906,0,1,20.390290,4.598345,1.357839,2.000000,0.046865
1779541507.574076,0,1,20.394209,4.617957,1.360603,2.000000,0.046913
1779541507.583765,0,1,20.398061,4.637583,1.363524,2.000000,0.046913
1779541507.593613,0,1,20.401874,4.657216,1.366265,2.000000,0.048237
1779541507.603751,0,1,20.405620,4.676862,1.369173,2.000000,0.049693
1779541507.613710,0,1,20.409325,4.696516,1.371905,2.000000,0.049693
1779541507.623256,0,1,20.412962,4.716182,1.374808,2.000000,0.050701
1779541507.633545,0,1,20.416558,4.735856,1.377537,2.000000,0.050701
1779541507.643309,0,1,20.420085,4.755543,1.380437,2.000000,0.052718
1779541507.653538,0,1,20.423571,4.775237,1.383165,2.000000,0.052718
1779541507.663431,0,1,20.426988,4.794943,1.386064,2.000000,0.054804
1779541507.673538,0,1,20.430364,4.814656,1.388791,2.000000,0.054804
1779541507.684822,0,1,20.433671,4.834380,1.391690,2.000000,0.057111
1779541507.693725,0,1,20.436935,4.854112,1.394417,2.000000,0.057111
1779541507.703852,0,1,20.440131,4.873855,1.397315,2.000000,0.059572
1779541507.714132,0,1,20.443285,4.893605,1.400042,2.000000,0.059572
1779541507.723846,0,1,20.446370,4.913365,1.402941,2.000000,0.060740
1779541507.733718,0,1,20.449413,4.933133,1.405667,2.000000,0.060740
1779541507.743901,0,1,20.452387,4.952910,1.408566,2.000000,0.063275
1779541507.753694,0,1,20.455318,4.972694,1.411292,2.000000,0.066277
1779541507.763914,0,1,20.458181,4.992488,1.414190,2.000000,0.066277
1779541507.773741,0,1,20.461001,5.012288,1.416917,2.000000,0.069069
1779541507.784145,0,1,20.463727,5.032102,1.420108,2.000000,0.069069
1779541507.793433,0,1,20.466319,5.051933,1.424057,2.000000,0.072416
1779541507.803859,0,1,20.468811,5.071777,1.428176,2.000000,0.072416
1779541507.813950,0,1,20.471183,5.091636,1.432665,2.000000,0.075525
1779541507.823412,0,1,20.473467,5.111505,1.437097,2.000000,0.075525
1779541507.833771,0,1,20.475637,5.131387,1.441769,2.000000,0.079675
1779541507.843427,0,1,20.477722,5.151278,1.446310,2.000000,0.079675
1779541507.853773,0,1,20.479697,5.171180,1.451046,2.000000,0.081295
1779541507.863952,0,1,20.481589,5.191091,1.455624,2.000000,0.081295
1779541507.873628,0,1,20.483373,5.211011,1.460383,2.000000,0.081295
1779541507.883505,0,1,20.485075,5.230938,1.464975,2.000000,0.081295
1779541507.893787,0,1,20.486669,5.250875,1.469742,2.000000,0.081295
1779541507.903843,0,1,20.488183,5.270817,1.474339,2.000000,0.081295
1779541507.913900,0,1,20.489589,5.290768,1.479110,2.000000,0.081295
1779541507.923903,0,1,20.490914,5.310724,1.483709,2.000000,0.081295
1779541507.934000,0,1,20.492132,5.330687,1.488481,2.000000,0.081295
1779541507.943863,0,1,20.493270,5.350654,1.493081,2.000000,0.081295
1779541507.953369,0,1,20.494300,5.370628,1.497854,2.000000,0.081295
1779541507.963641,0,1,20.495250,5.390605,1.502455,2.000000,0.081295
1779541507.974077,0,1,20.496093,5.410587,1.507228,2.000000,0.081295
1779541507.983388,0,1,20.496856,5.430573,1.511829,2.000000,0.079625
1779541507.993530,0,1,20.497511,5.450562,1.516602,2.000000,0.079625
1779541508.003561,0,1,20.498086,5.470554,1.521203,2.000000,0.080872
1779541508.013366,0,1,20.498554,5.490548,1.525976,2.000000,0.080872
1779541508.023779,0,1,20.498941,5.510544,1.530577,2.000000,0.080987
1779541508.033818,0,1,20.499222,5.530542,1.535351,2.000000,0.080987
1779541508.043290,0,1,20.499422,5.550541,1.539952,2.000000,0.081274
1779541508.053721,0,1,20.499514,5.570541,1.544725,2.000000,0.081274
1779541508.064302,0,1,20.499527,5.590541,1.549326,2.000000,0.081552
1779541508.073708,0,1,20.499432,5.610541,1.554100,2.000000,0.081920
1779541508.083627,0,1,20.499257,5.630540,1.558701,2.000000,0.081920
1779541508.093675,0,1,20.498975,5.650538,1.563474,2.000000,0.082153
1779541508.104011,0,1,20.498613,5.670535,1.568075,2.000000,0.082153
1779541508.113716,0,1,20.498143,5.690529,1.572849,2.000000,0.082893
1779541508.124038,0,1,20.497593,5.710522,1.577450,2.000000,0.082893
1779541508.133912,0,1,20.496936,5.730511,1.582223,2.000000,0.083321
1779541508.144006,0,1,20.496198,5.750497,1.586825,2.000000,0.083321
1779541508.154137,0,1,20.495354,5.770479,1.591598,2.000000,0.084229
1779541508.163823,0,1,20.494429,5.790458,1.596199,2.000000,0.084229
1779541508.173796,0,1,20.493398,5.810431,1.600973,2.000000,0.084928
1779541508.183749,0,1,20.492286,5.830400,1.605574,2.000000,0.084928
1779541508.193674,0,1,20.491067,5.850363,1.610347,2.000000,0.086022
1779541508.203861,0,1,20.489768,5.870321,1.614949,2.000000,0.086022
1779541508.214074,0,1,20.488362,5.890271,1.619722,2.000000,0.086994
1779541508.223749,0,1,20.486876,5.910216,1.624323,2.000000,0.086994
1779541508.233767,0,1,20.485283,5.930152,1.629096,2.000000,0.088352
1779541508.243787,0,1,20.483610,5.950082,1.633698,2.000000,0.088352
1779541508.253904,0,1,20.481830,5.970003,1.638471,2.000000,0.089558
1779541508.263435,0,1,20.479970,5.989916,1.643072,2.000000,0.089558
1779541508.273806,0,1,20.478004,6.009819,1.647846,2.000000,0.091213
1779541508.283911,0,1,20.475957,6.029714,1.652447,2.000000,0.092722
1779541508.293534,0,1,20.473804,6.049598,1.657220,2.000000,0.092722
1779541508.303388,0,1,20.471571,6.069473,1.661822,2.000000,0.093578
1779541508.313689,0,1,20.469232,6.089336,1.666595,2.000000,0.093578
1779541508.324121,0,1,20.466813,6.109189,1.671196,2.000000,0.095612
1779541508.333670,0,1,20.464288,6.129029,1.675969,2.000000,0.095612
1779541508.343777,0,1,20.461683,6.148858,1.680571,2.000000,0.097454
1779541508.353921,0,1,20.458971,6.168674,1.685344,2.000000,0.097454
1779541508.363715,0,1,20.456181,6.188478,1.689945,2.000000,0.097454
1779541508.373341,0,1,20.453259,6.208263,1.695011,2.000000,0.097454
1779541508.383844,0,1,20.450165,6.228023,1.700836,2.000000,0.097454
1779541508.393927,0,1,20.446936,6.247760,1.706829,2.000000,0.097454
1779541508.403754,0,1,20.443551,6.267472,1.713193,2.000000,0.097454
1779541508.413688,0,1,20.440040,6.287161,1.719500,2.000000,0.097454
1779541508.423892,0,1,20.436380,6.306823,1.726047,2.000000,0.097454
1779541508.433298,0,1,20.432600,6.326463,1.732463,2.000000,0.097454
1779541508.443417,0,1,20.428674,6.346074,1.739073,2.000000,0.097454
1779541508.453274,0,1,20.424630,6.365661,1.745527,2.000000,0.097454
1779541508.463446,0,1,20.420443,6.385217,1.752160,2.000000,0.104735
1779541508.473604,0,1,20.416139,6.404749,1.758627,2.000000,0.104735
1779541508.483775,0,1,20.411693,6.424248,1.765269,2.000000,0.106729
1779541508.493390,0,1,20.407131,6.443721,1.771741,2.000000,0.106729
1779541508.503365,0,1,20.402428,6.463160,1.778387,2.000000,0.105790
1779541508.513639,0,1,20.397610,6.482571,1.784861,2.000000,0.105790
1779541508.523841,0,1,20.392651,6.501946,1.791508,2.000000,0.105357
1779541508.533284,0,1,20.387579,6.521292,1.797983,2.000000,0.104907
1779541508.543699,0,1,20.382366,6.540601,1.804631,2.000000,0.104907
1779541508.553817,0,1,20.377039,6.559879,1.811107,2.000000,0.104342
1779541508.563723,0,1,20.371573,6.579117,1.817754,2.000000,0.104342
1779541508.573753,0,1,20.365994,6.598323,1.824230,2.000000,0.103631
1779541508.583781,0,1,20.360275,6.617488,1.830878,2.000000,0.103631
1779541508.594042,0,1,20.354444,6.636619,1.837354,2.000000,0.102806
1779541508.603748,0,1,20.348475,6.655708,1.844003,2.000000,0.102806
1779541508.614178,0,1,20.342393,6.674760,1.850479,2.000000,0.101729
1779541508.623865,0,1,20.336174,6.693769,1.857127,2.000000,0.101729
1779541508.633903,0,1,20.329842,6.712740,1.863603,2.000000,0.100291
1779541508.643653,0,1,20.323374,6.731665,1.870251,2.000000,0.100291
1779541508.653522,0,1,20.316794,6.750552,1.876727,2.000000,0.098599
1779541508.663860,0,1,20.310078,6.769390,1.883376,2.000000,0.098599
1779541508.673500,0,1,20.303251,6.788189,1.889852,2.000000,0.096760
1779541508.683749,0,1,20.296288,6.806938,1.896500,2.000000,0.096760
1779541508.693638,0,1,20.289215,6.825645,1.902976,2.000000,0.094695
1779541508.703937,0,1,20.282006,6.844301,1.909624,2.000000,0.094695
1779541508.713574,0,1,20.274712,6.862923,1.915808,2.000000,0.092543
1779541508.723751,0,1,20.267369,6.881527,1.921233,2.000000,0.092543
1779541508.733424,0,1,20.259945,6.900098,1.926489,2.000000,0.090216
1779541508.743522,0,1,20.252460,6.918644,1.931375,2.000000,0.090216
1779541508.753411,0,1,20.244883,6.937153,1.936317,2.000000,0.087780
1779541508.763828,0,1,20.237239,6.955635,1.941020,2.000000,0.087780
1779541508.773648,0,1,20.229501,6.974077,1.945854,2.000000,0.086754
1779541508.783541,0,1,20.221691,6.992489,1.950493,2.000000,0.087218
1779541508.793544,0,1,20.213786,7.010861,1.955289,2.000000,0.087218
1779541508.803502,0,1,20.205809,7.029201,1.959905,2.000000,0.087603
1779541508.813378,0,1,20.197734,7.047499,1.964688,2.000000,0.087603
1779541508.823920,0,1,20.189588,7.065764,1.969295,2.000000,0.088515
1779541508.833612,0,1,20.181344,7.083986,1.974072,2.000000,0.088515
1779541508.843599,0,1,20.173028,7.102175,1.978676,2.000000,0.089912
1779541508.853465,0,1,20.164615,7.120320,1.983452,2.000000,0.089912
1779541508.863516,0,1,20.156130,7.138430,1.988054,2.000000,0.089912
1779541508.873481,0,1,20.147547,7.156495,1.992829,2.000000,0.089912
1779541508.883849,0,1,20.138893,7.174526,1.997431,2.000000,0.089912
1779541508.893741,0,1,20.130142,7.192510,2.002204,2.000000,0.089912
1779541508.904112,0,1,20.121319,7.210458,2.006806,2.000000,0.089912
1779541508.913637,0,1,20.112400,7.228360,2.011580,2.000000,0.089912
1779541508.923932,0,1,20.103409,7.246225,2.016181,2.000000,0.089912
1779541508.933839,0,1,20.094323,7.264042,2.020955,2.000000,0.089912
1779541508.944741,0,1,20.085165,7.281822,2.025556,2.000000,0.089912
1779541508.953687,0,1,20.075913,7.299553,2.030329,2.000000,0.089912
1779541508.964076,0,1,20.066589,7.317246,2.034931,2.000000,0.089912
1779541508.973685,0,1,20.057170,7.334890,2.039704,2.000000,0.089912
1779541508.983653,0,1,20.047681,7.352495,2.044305,2.000000,0.089912
1779541508.993603,0,1,20.038097,7.370050,2.049079,2.000000,0.097356
1779541509.003721,0,1,20.028443,7.387565,2.053680,2.000000,0.099447
1779541509.013314,0,1,20.018674,7.405017,2.058746,2.000000,0.099447
1779541509.024050,0,1,20.008753,7.422382,2.064570,2.000000,0.100309
1779541509.033803,0,1,19.998713,7.439680,2.070564,2.000000,0.100309
1779541509.043394,0,1,19.988536,7.456897,2.076927,2.000000,0.101452
1779541509.053842,0,1,19.978250,7.474049,2.083235,2.000000,0.101452
1779541509.063803,0,1,19.967835,7.491123,2.089782,2.000000,0.101978
1779541509.073617,0,1,19.957315,7.508133,2.096197,2.000000,0.101978
1779541509.083702,0,1,19.946669,7.525064,2.102808,2.000000,0.100488
1779541509.093299,0,1,19.935921,7.541931,2.109261,2.000000,0.100488
1779541509.103895,0,1,19.925050,7.558718,2.115895,2.000000,0.097561
1779541509.113294,0,1,19.914079,7.575441,2.122362,2.000000,0.097561
1779541509.123976,0,1,19.902987,7.592083,2.129004,2.000000,0.094405
1779541509.133776,0,1,19.891796,7.608658,2.135476,2.000000,0.094405
1779541509.143802,0,1,19.880485,7.625153,2.142122,2.000000,0.090690
1779541509.153845,0,1,19.869097,7.641594,2.148303,2.000000,0.090690
1779541509.163682,0,1,19.857667,7.658006,2.153727,2.000000,0.088766
1779541509.173795,0,1,19.846165,7.674367,2.158982,2.000000,0.088766
1779541509.184151,0,1,19.834608,7.690690,2.163867,2.000000,0.082681
1779541509.193583,0,1,19.822971,7.706956,2.168809,2.000000,0.082681
1779541509.203958,0,1,19.811275,7.723180,2.173511,2.000000,0.078742
1779541509.213768,0,1,19.799495,7.739343,2.178345,2.000000,0.078742
1779541509.223825,0,1,19.787654,7.755461,2.182983,2.000000,0.076626
1779541509.233347,0,1,19.775729,7.771516,2.187780,2.000000,0.076626
1779541509.243527,0,1,19.763740,7.787525,2.192396,2.000000,0.075476
1779541509.253769,0,1,19.751668,7.803470,2.197178,2.000000,0.075034
1779541509.263661,0,1,19.739532,7.819368,2.201785,2.000000,0.075034
1779541509.273329,0,1,19.727312,7.835200,2.206563,2.000000,0.075034
1779541509.283459,0,1,19.715029,7.850984,2.211167,2.000000,0.073465
1779541509.293541,0,1,19.702662,7.866702,2.215942,2.000000,0.073018
1779541509.304184,0,1,19.690232,7.882370,2.220545,2.000000,0.073018
1779541509.313588,0,1,19.677718,7.897971,2.225319,2.000000,0.071874
1779541509.323983,0,1,19.665142,7.913523,2.229921,2.000000,0.071874
1779541509.333699,0,1,19.652483,7.929007,2.234695,2.000000,0.070775
1779541509.343678,0,1,19.639762,7.944440,2.239296,2.000000,0.070775
1779541509.353906,0,1,19.626959,7.959804,2.244070,2.000000,0.069464
1779541509.363705,0,1,19.614094,7.975117,2.248671,2.000000,0.069464
1779541509.373883,0,1,19.601147,7.990361,2.253445,2.000000,0.069464
1779541509.383598,0,1,19.588139,8.005553,2.258046,2.000000,0.069464
1779541509.393624,0,1,19.575050,8.020675,2.262820,2.000000,0.069464
1779541509.404280,0,1,19.561900,8.035745,2.267421,2.000000,0.069464
1779541509.413299,0,1,19.548670,8.050743,2.272194,2.000000,0.069464
1779541509.423772,0,1,19.535380,8.065689,2.276796,2.000000,0.069464
1779541509.433619,0,1,19.522010,8.080563,2.281569,2.000000,0.069464
1779541509.443879,0,1,19.508580,8.095383,2.286170,2.000000,0.069464
1779541509.453581,0,1,19.495071,8.110131,2.290944,2.000000,0.069464
1779541509.463785,0,1,19.481502,8.124825,2.295545,2.000000,0.069464
1779541509.473758,0,1,19.467856,8.139445,2.300318,2.000000,0.060908
1779541509.483674,0,1,19.454150,8.154011,2.304920,2.000000,0.060908
1779541509.493843,0,1,19.440367,8.168503,2.309693,2.000000,0.057893
1779541509.503595,0,1,19.426544,8.182958,2.314002,2.000000,0.057893
1779541509.513576,0,1,19.412711,8.197402,2.317552,2.000000,0.055734
1779541509.523587,0,1,19.398842,8.211812,2.320933,2.000000,0.053606
1779541509.534179,0,1,19.384952,8.226202,2.323944,2.000000,0.053606
1779541509.543334,0,1,19.371018,8.240549,2.327011,2.000000,0.051470
1779541509.553659,0,1,19.357059,8.254872,2.329839,2.000000,0.051470
1779541509.564123,0,1,19.343053,8.269149,2.332798,2.000000,0.051404
1779541509.573567,0,1,19.329020,8.283399,2.335562,2.000000,0.051404
1779541509.583854,0,1,19.314939,8.297602,2.338483,2.000000,0.052155
1779541509.593298,0,1,19.300828,8.311776,2.341224,2.000000,0.052155
1779541509.604469,0,1,19.286670,8.325902,2.344132,2.000000,0.053411
1779541509.613479,0,1,19.272482,8.339998,2.346864,2.000000,0.053411
1779541509.624277,0,1,19.258246,8.354045,2.349767,2.000000,0.054799
1779541509.633332,0,1,19.243980,8.368063,2.352496,2.000000,0.054799
1779541509.643780,0,1,19.229665,8.382030,2.355396,2.000000,0.056283
1779541509.653700,0,1,19.215321,8.395968,2.358124,2.000000,0.056283
1779541509.663676,0,1,19.200929,8.409855,2.361023,2.000000,0.057911
1779541509.673948,0,1,19.186507,8.423712,2.363750,2.000000,0.057911
1779541509.683474,0,1,19.172037,8.437518,2.366649,2.000000,0.059556
1779541509.693431,0,1,19.157538,8.451294,2.369376,2.000000,0.059556
1779541509.703659,0,1,19.142991,8.465019,2.372275,2.000000,0.061177
1779541509.713277,0,1,19.128414,8.478713,2.375001,2.000000,0.061177
1779541509.723873,0,1,19.113790,8.492356,2.377900,2.000000,0.062868
1779541509.733922,0,1,19.099137,8.505968,2.380626,2.000000,0.062868
1779541509.743488,0,1,19.084436,8.519529,2.383525,2.000000,0.064539
1779541509.753986,0,1,19.069706,8.533058,2.386251,2.000000,0.064539
1779541509.763873,0,1,19.054913,8.546517,2.389442,2.000000,0.066264
1779541509.773376,0,1,19.040028,8.559875,2.393392,2.000000,0.066264
1779541509.783584,0,1,19.025076,8.573159,2.397510,2.000000,0.067976
1779541509.793879,0,1,19.010045,8.586352,2.401999,2.000000,0.067976
1779541509.803494,0,1,18.994955,8.599477,2.406431,2.000000,0.069725
1779541509.813754,0,1,18.979790,8.612516,2.411104,2.000000,0.069725
1779541509.823324,0,1,18.964569,8.625491,2.415644,2.000000,0.069897
1779541509.833793,0,1,18.949277,8.638381,2.420380,2.000000,0.069897
1779541509.843848,0,1,18.933932,8.651207,2.424958,2.000000,0.068467
1779541509.854075,0,1,18.918517,8.663950,2.429717,2.000000,0.068467
1779541509.863410,0,1,18.903050,8.676629,2.434309,2.000000,0.068467
1779541509.873640,0,1,18.887514,8.689225,2.439076,2.000000,0.068467
1779541509.883360,0,1,18.871928,8.701757,2.443673,2.000000,0.068467
1779541509.893835,0,1,18.856274,8.714205,2.448444,2.000000,0.068467
1779541509.904252,0,1,18.840570,8.726590,2.453043,2.000000,0.068467
1779541509.913578,0,1,18.824800,8.738891,2.457815,2.000000,0.068467
1779541509.923783,0,1,18.808980,8.751127,2.462416,2.000000,0.068467
1779541509.933691,0,1,18.793095,8.763279,2.467188,2.000000,0.068467
1779541509.943986,0,1,18.777161,8.775366,2.471789,2.000000,0.068467
1779541509.953637,0,1,18.761162,8.787368,2.476562,2.000000,0.068467
1779541509.963977,0,1,18.745115,8.799305,2.481163,2.000000,0.052927
1779541509.973618,0,1,18.729005,8.811157,2.485936,2.000000,0.052927
1779541509.984015,0,1,18.712862,8.822964,2.490245,2.000000,0.049079
1779541509.993567,0,1,18.696711,8.834759,2.493795,2.000000,0.049079
1779541510.003529,0,1,18.680530,8.846514,2.497176,2.000000,0.045545
1779541510.013956,0,1,18.664332,8.858246,2.500187,2.000000,0.045545
1779541510.023886,0,1,18.648099,8.869928,2.503254,2.000000,0.042011
1779541510.033999,0,1,18.631844,8.881581,2.506081,2.000000,0.042011
1779541510.043691,0,1,18.615552,8.893182,2.509041,2.000000,0.040376
1779541510.053615,0,1,18.599238,8.904751,2.511804,2.000000,0.040376
1779541510.063750,0,1,18.582885,8.916265,2.514726,2.000000,0.039286
1779541510.073312,0,1,18.566508,8.927745,2.517467,2.000000,0.038774
1779541510.083889,0,1,18.550092,8.939170,2.520374,2.000000,0.038774
1779541510.093561,0,1,18.533652,8.950560,2.523107,2.000000,0.038774
1779541510.103614,0,1,18.517174,8.961893,2.526009,2.000000,0.038774
1779541510.113672,0,1,18.500671,8.973192,2.528739,2.000000,0.038671
1779541510.123890,0,1,18.484129,8.984434,2.531639,2.000000,0.038671
1779541510.133941,0,1,18.467564,8.995640,2.534367,2.000000,0.038722
1779541510.143538,0,1,18.450960,9.006789,2.537266,2.000000,0.038722
1779541510.153343,0,1,18.434332,9.017903,2.539993,2.000000,0.038794
1779541510.163318,0,1,18.417665,9.028958,2.542892,2.000000,0.038794
1779541510.173677,0,1,18.400975,9.039978,2.545619,2.000000,0.038895
1779541510.184033,0,1,18.384247,9.050940,2.548517,2.000000,0.038932
1779541510.193776,0,1,18.367495,9.061866,2.551244,2.000000,0.038932
1779541510.203818,0,1,18.350705,9.072734,2.554142,2.000000,0.039090
1779541510.213377,0,1,18.333892,9.083566,2.556869,2.000000,0.039090
1779541510.223707,0,1,18.317042,9.094339,2.559767,2.000000,0.039084
1779541510.233819,0,1,18.300168,9.105076,2.562494,2.000000,0.039084
1779541510.243804,0,1,18.283258,9.115754,2.565392,2.000000,0.039242
1779541510.253793,0,1,18.266324,9.126396,2.568119,2.000000,0.039242
1779541510.263542,0,1,18.249353,9.136979,2.571017,2.000000,0.039242
1779541510.273527,0,1,18.232360,9.147526,2.573743,2.000000,0.039378
1779541510.283749,0,1,18.215330,9.158013,2.576642,2.000000,0.039378
1779541510.293687,0,1,18.198278,9.168464,2.579368,2.000000,0.039436
1779541510.303582,0,1,18.181190,9.178855,2.582267,2.000000,0.039484
1779541510.313968,0,1,18.164079,9.189210,2.584993,2.000000,0.039484
1779541510.323354,0,1,18.146932,9.199505,2.587891,2.000000,0.039484
1779541510.333978,0,1,18.129763,9.209764,2.590618,2.000000,0.039738
1779541510.343288,0,1,18.112559,9.219962,2.593516,2.000000,0.039738
1779541510.353531,0,1,18.095333,9.230124,2.596243,2.000000,0.039839
1779541510.363317,0,1,18.078071,9.240226,2.599141,2.000000,0.039839
1779541510.373444,0,1,18.060788,9.250290,2.601867,2.000000,0.039839
1779541510.383351,0,1,18.043470,9.260295,2.604766,2.000000,0.039839
1779541510.393581,0,1,18.026131,9.270262,2.607492,2.000000,0.039839
1779541510.404015,0,1,18.008757,9.280169,2.610390,2.000000,0.039839
1779541510.413546,0,1,17.991362,9.290038,2.613117,2.000000,0.039839
1779541510.423525,0,1,17.973933,9.299847,2.616015,2.000000,0.039839
1779541510.433337,0,1,17.956482,9.309619,2.618742,2.000000,0.039839
1779541510.443457,0,1,17.938998,9.319329,2.621640,2.000000,0.039839
1779541510.453604,0,1,17.921493,9.329003,2.624366,2.000000,0.039839
1779541510.463312,0,1,17.903954,9.338615,2.627265,2.000000,0.039839
1779541510.473514,0,1,17.886395,9.348189,2.629991,2.000000,0.043073
1779541510.483567,0,1,17.868802,9.357703,2.632889,2.000000,0.043073
1779541510.493438,0,1,17.851190,9.367179,2.635616,2.000000,0.041261
1779541510.503533,0,1,17.833544,9.376593,2.638514,2.000000,0.041261
1779541510.513690,0,1,17.815878,9.385969,2.641241,2.000000,0.041398
1779541510.523369,0,1,17.798180,9.395284,2.644139,2.000000,0.041398
1779541510.534940,0,1,17.780461,9.404561,2.646865,2.000000,0.041716
1779541510.543696,0,1,17.762711,9.413776,2.649764,2.000000,0.041716
1779541510.553804,0,1,17.744941,9.422954,2.652490,2.000000,0.041654
1779541510.563629,0,1,17.727139,9.432069,2.655389,2.000000,0.041654
1779541510.573575,0,1,17.709317,9.441146,2.658115,2.000000,0.041966
1779541510.585046,0,1,17.691464,9.450161,2.661013,2.000000,0.041966
1779541510.593720,0,1,17.673592,9.459138,2.663740,2.000000,0.042022
1779541510.603747,0,1,17.655688,9.468052,2.666638,2.000000,0.042022
1779541510.613353,0,1,17.637766,9.476928,2.669364,2.000000,0.042277
1779541510.623435,0,1,17.619813,9.485742,2.672263,2.000000,0.042277
1779541510.633842,0,1,17.601841,9.494517,2.674989,2.000000,0.042422
1779541510.643949,0,1,17.583838,9.503229,2.677888,2.000000,0.042422
1779541510.653684,0,1,17.565817,9.511903,2.680614,2.000000,0.042526
1779541510.663638,0,1,17.547765,9.520514,2.683512,2.000000,0.042526
1779541510.673815,0,1,17.529696,9.529086,2.686239,2.000000,0.042644
1779541510.683801,0,1,17.511596,9.537596,2.689137,2.000000,0.042644
1779541510.693927,0,1,17.493479,9.546066,2.691864,2.000000,0.042809
1779541510.703709,0,1,17.475332,9.554474,2.694762,2.000000,0.042809
1779541510.713774,0,1,17.457167,9.562842,2.697488,2.000000,0.042862
1779541510.724011,0,1,17.438973,9.571147,2.700387,2.000000,0.042862
1779541510.733830,0,1,17.420761,9.579414,2.703113,2.000000,0.042990
1779541510.743580,0,1,17.402520,9.587616,2.706011,2.000000,0.042990
1779541510.753728,0,1,17.384262,9.595780,2.708738,2.000000,0.043038
1779541510.763918,0,1,17.365976,9.603880,2.711636,2.000000,0.043038
1779541510.773374,0,1,17.347672,9.611941,2.714363,2.000000,0.043129
1779541510.783735,0,1,17.329341,9.619938,2.717261,2.000000,0.043139
1779541510.793937,0,1,17.310992,9.627896,2.719987,2.000000,0.043139
1779541510.803657,0,1,17.292616,9.635789,2.722886,2.000000,0.043194
1779541510.813394,0,1,17.274223,9.643644,2.725612,2.000000,0.043194
1779541510.823585,0,1,17.255802,9.651434,2.728510,2.000000,0.043314
1779541510.833510,0,1,17.237365,9.659185,2.731237,2.000000,0.043314
1779541510.843411,0,1,17.218901,9.666871,2.734135,2.000000,0.043220
1779541510.853834,0,1,17.200421,9.674519,2.736862,2.000000,0.043220
1779541510.865703,0,1,17.181914,9.682101,2.739760,2.000000,0.043220
1779541510.873877,0,1,17.163391,9.689644,2.742486,2.000000,0.043220
1779541510.883663,0,1,17.144842,9.697122,2.745385,2.000000,0.043220
1779541510.893837,0,1,17.126277,9.704561,2.748111,2.000000,0.043220
1779541510.903773,0,1,17.107686,9.711935,2.751010,2.000000,0.043220
1779541510.914283,0,1,17.089079,9.719269,2.753736,2.000000,0.043220
1779541510.923835,0,1,17.070447,9.726538,2.756634,2.000000,0.043220
1779541510.934324,0,1,17.051799,9.733768,2.759361,2.000000,0.043220
1779541510.943805,0,1,17.033126,9.740932,2.762259,2.000000,0.043220
1779541510.953327,0,1,17.014438,9.748056,2.764985,2.000000,0.043220
1779541510.963454,0,1,16.995725,9.755115,2.767884,2.000000,0.043220
1779541510.973654,0,1,16.976998,9.762135,2.770610,2.000000,0.043220
1779541510.983957,0,1,16.958245,9.769088,2.773509,2.000000,0.043220
1779541510.993526,0,1,16.939478,9.776002,2.776235,2.000000,0.043220
1779541511.003269,0,1,16.920687,9.782850,2.779133,2.000000,0.043220
1779541511.013572,0,1,16.901882,9.789658,2.781860,2.000000,0.043956
1779541511.023772,0,1,16.883053,9.796401,2.784758,2.000000,0.043956
1779541511.033563,0,1,16.864209,9.803103,2.787485,2.000000,0.043956
1779541511.044175,0,1,16.845342,9.809739,2.790383,2.000000,0.042315
1779541511.053568,0,1,16.826461,9.816335,2.793109,2.000000,0.042315
1779541511.063739,0,1,16.807557,9.822865,2.796008,2.000000,0.042016
1779541511.073630,0,1,16.788640,9.829355,2.798734,2.000000,0.042016
1779541511.083614,0,1,16.769699,9.835779,2.801632,2.000000,0.042016
1779541511.093290,0,1,16.750745,9.842162,2.804359,2.000000,0.041786
1779541511.103511,0,1,16.731769,9.848479,2.807257,2.000000,0.041786
1779541511.113584,0,1,16.712779,9.854756,2.809984,2.000000,0.041786
1779541511.123915,0,1,16.693768,9.860966,2.812882,2.000000,0.041385
1779541511.133603,0,1,16.674743,9.867135,2.815608,2.000000,0.041385
1779541511.143828,0,1,16.655697,9.873239,2.818507,2.000000,0.040918
1779541511.153413,0,1,16.636638,9.879301,2.821233,2.000000,0.040918
1779541511.163473,0,1,16.617558,9.885297,2.824131,2.000000,0.040918
1779541511.173790,0,1,16.598466,9.891252,2.826858,2.000000,0.040174
1779541511.183785,0,1,16.579352,9.897141,2.829756,2.000000,0.040174
1779541511.193303,0,1,16.560226,9.902989,2.832483,2.000000,0.039724
1779541511.203457,0,1,16.541080,9.908770,2.835381,2.000000,0.039724
1779541511.214579,0,1,16.521921,9.914510,2.838107,2.000000,0.039724
1779541511.223523,0,1,16.502743,9.920183,2.841006,2.000000,0.039219
1779541511.233549,0,1,16.483552,9.925815,2.843732,2.000000,0.039219
1779541511.243628,0,1,16.464342,9.931380,2.846631,2.000000,0.039219
1779541511.253273,0,1,16.445120,9.936904,2.849357,2.000000,0.038343
1779541511.263664,0,1,16.425879,9.942361,2.852255,2.000000,0.038343
1779541511.273265,0,1,16.406626,9.947777,2.854982,2.000000,0.038343
1779541511.283687,0,1,16.387355,9.953126,2.857880,2.000000,0.037784
1779541511.293422,0,1,16.368072,9.958434,2.860606,2.000000,0.037784
1779541511.303613,0,1,16.348771,9.963674,2.863505,2.000000,0.037004
1779541511.313629,0,1,16.329458,9.968873,2.866231,2.000000,0.037004
1779541511.323544,0,1,16.310128,9.974005,2.869130,2.000000,0.037004
1779541511.333891,0,1,16.290786,9.979095,2.871856,2.000000,0.035849
1779541511.343594,0,1,16.271427,9.984118,2.874754,2.000000,0.035849
1779541511.354140,0,1,16.252058,9.989099,2.877481,2.000000,0.035849
1779541511.363725,0,1,16.232671,9.994013,2.880379,2.000000,0.035849
1779541511.373289,0,1,16.213273,9.998886,2.883106,2.000000,0.035849
1779541511.383502,0,1,16.193859,10.003690,2.886004,2.000000,0.035849
1779541511.393300,0,1,16.174435,10.008453,2.888730,2.000000,0.035849
1779541511.403273,0,1,16.154994,10.013149,2.891629,2.000000,0.035849
1779541511.413913,0,1,16.135543,10.017803,2.894355,2.000000,0.035849
1779541511.423541,0,1,16.116076,10.022389,2.897253,2.000000,0.035849
1779541511.434006,0,1,16.096599,10.026933,2.899980,2.000000,0.035849
1779541511.443603,0,1,16.077106,10.031410,2.902878,2.000000,0.035849
1779541511.454018,0,1,16.057604,10.035845,2.905605,2.000000,0.035849
1779541511.463614,0,1,16.038087,10.040211,2.908503,2.000000,0.035849
1779541511.473729,0,1,16.018560,10.044536,2.911229,2.000000,0.035849
1779541511.483940,0,1,15.999018,10.048793,2.914128,2.000000,0.035849
1779541511.493604,0,1,15.979467,10.053008,2.916854,2.000000,0.035849
1779541511.503178,0,1,15.959902,10.057155,2.919752,2.000000,0.035849
1779541511.513654,0,1,15.940328,10.061260,2.922479,2.000000,0.031447
1779541511.524003,0,1,15.920739,10.065297,2.925377,2.000000,0.031447
1779541511.533571,0,1,15.901148,10.069317,2.927811,2.000000,0.026898
1779541511.543840,0,1,15.881560,10.073360,2.929486,2.000000,0.026898
1779541511.553536,0,1,15.861971,10.077390,2.930993,2.000000,0.025887
1779541511.563801,0,1,15.842383,10.081429,2.932129,2.000000,0.025887
1779541511.573339,0,1,15.822790,10.085445,2.933321,2.000000,0.024735
1779541511.583749,0,1,15.803198,10.089463,2.934273,2.000000,0.024369
1779541511.593845,0,1,15.783600,10.093454,2.935358,2.000000,0.024369
1779541511.603701,0,1,15.764002,10.097444,2.936247,2.000000,0.025879
1779541511.613282,0,1,15.744398,10.101404,2.937293,2.000000,0.025879
1779541511.623441,0,1,15.724794,10.105361,2.938159,2.000000,0.028121
1779541511.633728,0,1,15.705183,10.109288,2.939192,2.000000,0.028121
1779541511.643821,0,1,15.685571,10.113211,2.940050,2.000000,0.030961
1779541511.653775,0,1,15.665954,10.117103,2.941077,2.000000,0.030961
1779541511.663901,0,1,15.646335,10.120991,2.941931,2.000000,0.033965
1779541511.673208,0,1,15.626711,10.124847,2.942957,2.000000,0.033965
1779541511.683901,0,1,15.607085,10.128699,2.943810,2.000000,0.037057
1779541511.693475,0,1,15.587448,10.132494,2.945126,2.000000,0.038644
1779541511.703589,0,1,15.567793,10.136193,2.947202,2.000000,0.038644
1779541511.713403,0,1,15.548127,10.139831,2.949446,2.000000,0.042104
1779541511.724039,0,1,15.528446,10.143386,2.952060,2.000000,0.042104
1779541511.733622,0,1,15.508755,10.146891,2.954618,2.000000,0.045461
1779541511.743971,0,1,15.489051,10.150320,2.957415,2.000000,0.045461
1779541511.753465,0,1,15.469339,10.153702,2.960081,2.000000,0.047449
1779541511.763634,0,1,15.449615,10.157012,2.962942,2.000000,0.047449
1779541511.773658,0,1,15.429883,10.160277,2.965645,2.000000,0.047846
1779541511.783747,0,1,15.410140,10.163471,2.968529,2.000000,0.047846
1779541511.793513,0,1,15.390390,10.166622,2.971246,2.000000,0.047832
1779541511.803773,0,1,15.370629,10.169703,2.974139,2.000000,0.047691
1779541511.813774,0,1,15.350861,10.172740,2.976861,2.000000,0.047691
1779541511.823722,0,1,15.331082,10.175709,2.979757,2.000000,0.047337
1779541511.833302,0,1,15.311297,10.178634,2.982481,2.000000,0.047337
1779541511.843736,0,1,15.291502,10.181490,2.985378,2.000000,0.046815
1779541511.853318,0,1,15.271701,10.184304,2.988104,2.000000,0.046815
1779541511.863334,0,1,15.251890,10.187048,2.991001,2.000000,0.046815
1779541511.873547,0,1,15.232074,10.189750,2.993727,2.000000,0.046815
1779541511.883699,0,1,15.212248,10.192382,2.996625,2.000000,0.046815
1779541511.893394,0,1,15.192416,10.194972,2.999351,2.000000,0.046815
1779541511.903510,0,1,15.172576,10.197493,3.002250,2.000000,0.046815
1779541511.913565,0,1,15.152730,10.199971,3.004976,2.000000,0.046815
1779541511.923723,0,1,15.132875,10.202380,3.007874,2.000000,0.046815
1779541511.933491,0,1,15.113016,10.204747,3.010600,2.000000,0.046815
1779541511.943421,0,1,15.093148,10.207044,3.013499,2.000000,0.046815
1779541511.953259,0,1,15.073276,10.209299,3.016225,2.000000,0.046815
1779541511.963586,0,1,15.053396,10.211484,3.019123,2.000000,0.042540
1779541511.973418,0,1,15.033511,10.213627,3.021850,2.000000,0.042540
1779541511.983788,0,1,15.013619,10.215701,3.024748,2.000000,0.041520
1779541511.993600,0,1,14.993722,10.217732,3.027475,2.000000,0.041520
1779541512.003959,0,1,14.973818,10.219694,3.030373,2.000000,0.040518
1779541512.013623,0,1,14.953911,10.221613,3.033099,2.000000,0.040518
1779541512.024104,0,1,14.933996,10.223463,3.035998,2.000000,0.039507
1779541512.033294,0,1,14.914078,10.225270,3.038724,2.000000,0.039507
1779541512.043290,0,1,14.894154,10.227007,3.041622,2.000000,0.038370
1779541512.053217,0,1,14.874226,10.228702,3.044349,2.000000,0.038370
1779541512.063739,0,1,14.854292,10.230328,3.047247,2.000000,0.037641
1779541512.073460,0,1,14.834355,10.231911,3.049974,2.000000,0.036557
1779541512.083471,0,1,14.814412,10.233424,3.052872,2.000000,0.036557
1779541512.093739,0,1,14.794466,10.234895,3.055598,2.000000,0.035197
1779541512.103365,0,1,14.774515,10.236296,3.058497,2.000000,0.035197
1779541512.113530,0,1,14.754562,10.237655,3.061223,2.000000,0.033974
1779541512.123689,0,1,14.734603,10.238944,3.064121,2.000000,0.033974
1779541512.133594,0,1,14.714642,10.240190,3.066848,2.000000,0.032547
1779541512.143471,0,1,14.694677,10.241367,3.069746,2.000000,0.032547
1779541512.153743,0,1,14.674709,10.242501,3.072473,2.000000,0.031191
1779541512.163126,0,1,14.654737,10.243565,3.075371,2.000000,0.029633
1779541512.173567,0,1,14.634765,10.244612,3.077805,2.000000,0.029633
1779541512.183348,0,1,14.614793,10.245683,3.079480,2.000000,0.028915
1779541512.193793,0,1,14.594821,10.246740,3.080986,2.000000,0.028915
1779541512.203363,0,1,14.574850,10.247807,3.082122,2.000000,0.027356
1779541512.213843,0,1,14.554877,10.248850,3.083315,2.000000,0.027356
1779541512.223363,0,1,14.534904,10.249895,3.084267,2.000000,0.026051
1779541512.233916,0,1,14.514930,10.250913,3.085352,2.000000,0.026358
1779541512.243940,0,1,14.494956,10.251929,3.086240,2.000000,0.026358
1779541512.253745,0,1,14.474981,10.252915,3.087287,2.000000,0.027815
1779541512.263677,0,1,14.455005,10.253899,3.088153,2.000000,0.027815
1779541512.273437,0,1,14.435027,10.254851,3.089186,2.000000,0.029942
1779541512.283683,0,1,14.415050,10.255799,3.090043,2.000000,0.029942
1779541512.293615,0,1,14.395071,10.256716,3.091071,2.000000,0.032224
1779541512.303894,0,1,14.375092,10.257629,3.091925,2.000000,0.032224
1779541512.313767,0,1,14.355110,10.258484,3.093243,2.000000,0.034734
1779541512.323659,0,1,14.335124,10.259241,3.095319,2.000000,0.034734
1779541512.333480,0,1,14.315137,10.259936,3.097564,2.000000,0.037351
1779541512.343401,0,1,14.295146,10.260548,3.100178,2.000000,0.037351
1779541512.353628,0,1,14.275154,10.261108,3.102736,2.000000,0.040136
1779541512.363875,0,1,14.255160,10.261591,3.105534,2.000000,0.040136
1779541512.374008,0,1,14.235164,10.262027,3.108199,2.000000,0.040136
1779541512.383829,0,1,14.215168,10.262390,3.111061,2.000000,0.040136
1779541512.393732,0,1,14.195170,10.262707,3.113764,2.000000,0.040136
1779541512.403579,0,1,14.175172,10.262953,3.116648,2.000000,0.040136
1779541512.413724,0,1,14.155173,10.263155,3.119365,2.000000,0.040136
1779541512.423650,0,1,14.135173,10.263285,3.122257,2.000000,0.040136
1779541512.433594,0,1,14.115173,10.263372,3.124980,2.000000,0.040136
1779541512.443545,0,1,14.095173,10.263389,3.127875,2.000000,0.040136
1779541512.453507,0,1,14.075173,10.263363,3.130600,2.000000,0.040136
1779541512.463484,0,1,14.055174,10.263266,3.133497,2.000000,0.040136
1779541512.473846,0,1,14.035174,10.263127,3.136223,2.000000,0.036841
1779541512.483683,0,1,14.015175,10.262917,3.139120,2.000000,0.036841
1779541512.495129,0,1,13.995177,10.262665,3.141846,2.000000,0.035166
1779541512.503915,0,1,13.975179,10.262343,3.144744,2.000000,0.035166
1779541512.513535,0,1,13.955183,10.261978,3.147470,2.000000,0.034501
1779541512.523779,0,1,13.935188,10.261543,3.150368,2.000000,0.033045
1779541512.533608,0,1,13.915193,10.261065,3.153095,2.000000,0.033045
1779541512.543761,0,1,13.895201,10.260518,3.155993,2.000000,0.031479
1779541512.553615,0,1,13.875209,10.259928,3.158719,2.000000,0.031479
1779541512.563996,0,1,13.855220,10.259268,3.161618,2.000000,0.029846
1779541512.574032,0,1,13.835232,10.258591,3.164051,2.000000,0.029846
1779541512.583250,0,1,13.815243,10.257937,3.165726,2.000000,0.028026
1779541512.594193,0,1,13.795254,10.257270,3.167233,2.000000,0.028026
1779541512.603725,0,1,13.775264,10.256612,3.168369,2.000000,0.026344
1779541512.613907,0,1,13.755276,10.255931,3.169561,2.000000,0.026344
1779541512.623880,0,1,13.735288,10.255252,3.170514,2.000000,0.025244
1779541512.633655,0,1,13.715300,10.254546,3.171598,2.000000,0.025244
1779541512.643371,0,1,13.695313,10.253837,3.172487,2.000000,0.025563
1779541512.653798,0,1,13.675326,10.253099,3.173533,2.000000,0.025563
1779541512.663527,0,1,13.655340,10.252358,3.174399,2.000000,0.026985
1779541512.673776,0,1,13.635355,10.251586,3.175432,2.000000,0.026985
1779541512.683504,0,1,13.615370,10.250810,3.176290,2.000000,0.028987
1779541512.693575,0,1,13.595386,10.250003,3.177317,2.000000,0.028987
1779541512.703940,0,1,13.575403,10.249191,3.178171,2.000000,0.031174
1779541512.713595,0,1,13.555421,10.248347,3.179197,2.000000,0.031174
1779541512.723705,0,1,13.535439,10.247498,3.180050,2.000000,0.032421
1779541512.733201,0,1,13.515458,10.246618,3.181074,2.000000,0.034830
1779541512.743626,0,1,13.495478,10.245732,3.181926,2.000000,0.034830
1779541512.753626,0,1,13.475500,10.244789,3.183243,2.000000,0.037304
1779541512.763442,0,1,13.455527,10.243747,3.185318,2.000000,0.037304
1779541512.773402,0,1,13.435558,10.242644,3.187562,2.000000,0.039891
1779541512.783762,0,1,13.415593,10.241457,3.190176,2.000000,0.039891
1779541512.793302,0,1,13.395631,10.240218,3.192733,2.000000,0.042572
1779541512.803529,0,1,13.375675,10.238903,3.195531,2.000000,0.042572
1779541512.813438,0,1,13.355721,10.237540,3.198196,2.000000,0.043746
1779541512.823584,0,1,13.335773,10.236104,3.201057,2.000000,0.043746
1779541512.833920,0,1,13.315828,10.234623,3.203761,2.000000,0.043400
1779541512.843704,0,1,13.295888,10.233071,3.206644,2.000000,0.043400
1779541512.853693,0,1,13.275952,10.231474,3.209362,2.000000,0.042462
1779541512.863562,0,1,13.256021,10.229807,3.212254,2.000000,0.042462
1779541512.873740,0,1,13.236095,10.228096,3.214976,2.000000,0.042462
1779541512.883528,0,1,13.216174,10.226315,3.217872,2.000000,0.042462
1779541512.893452,0,1,13.196257,10.224492,3.220596,2.000000,0.042462
1779541512.903713,0,1,13.176347,10.222598,3.223493,2.000000,0.042462
1779541512.913815,0,1,13.156441,10.220662,3.226219,2.000000,0.042462
1779541512.923857,0,1,13.136542,10.218656,3.229116,2.000000,0.042462
1779541512.933855,0,1,13.116647,10.216607,3.231842,2.000000,0.042462
1779541512.943700,0,1,13.096760,10.214489,3.234740,2.000000,0.042462
1779541512.953890,0,1,13.076877,10.212328,3.237466,2.000000,0.042462
1779541512.963747,0,1,13.057002,10.210098,3.240365,2.000000,0.042462
1779541512.973835,0,1,13.037131,10.207825,3.243091,2.000000,0.033749
1779541512.984187,0,1,13.017269,10.205483,3.245989,2.000000,0.033749
1779541512.993485,0,1,12.997411,10.203099,3.248715,2.000000,0.033749
1779541513.003329,0,1,12.977563,10.200645,3.251614,2.000000,0.032042
1779541513.013648,0,1,12.957719,10.198149,3.254340,2.000000,0.030243
1779541513.023911,0,1,12.937884,10.195584,3.257238,2.000000,0.030243
1779541513.033247,0,1,12.918052,10.193001,3.259672,2.000000,0.028356
1779541513.043615,0,1,12.898216,10.190442,3.261347,2.000000,0.028356
1779541513.053350,0,1,12.878382,10.187870,3.262854,2.000000,0.026383
1779541513.063393,0,1,12.858547,10.185306,3.263990,2.000000,0.026383
1779541513.073568,0,1,12.838715,10.182720,3.265182,2.000000,0.024380
1779541513.083236,0,1,12.818883,10.180136,3.266135,2.000000,0.024380
1779541513.093853,0,1,12.799054,10.177524,3.267219,2.000000,0.023874
1779541513.103583,0,1,12.779225,10.174911,3.268108,2.000000,0.023874
1779541513.113700,0,1,12.759401,10.172268,3.269154,2.000000,0.024857
1779541513.123608,0,1,12.739577,10.169622,3.270020,2.000000,0.024857
1779541513.133612,0,1,12.719757,10.166945,3.271053,2.000000,0.026532
1779541513.143524,0,1,12.699937,10.164265,3.271911,2.000000,0.026532
1779541513.153730,0,1,12.680122,10.161553,3.272938,2.000000,0.028416
1779541513.163630,0,1,12.660307,10.158837,3.273792,2.000000,0.028416
1779541513.173740,0,1,12.640497,10.156089,3.274818,2.000000,0.030484
1779541513.183773,0,1,12.620687,10.153336,3.275671,2.000000,0.031373
1779541513.193234,0,1,12.600882,10.150552,3.276695,2.000000,0.031373
1779541513.204043,0,1,12.581077,10.147763,3.277547,2.000000,0.033692
1779541513.213587,0,1,12.561277,10.144942,3.278571,2.000000,0.033692
1779541513.224016,0,1,12.541478,10.142116,3.279423,2.000000,0.035943
1779541513.233999,0,1,12.521687,10.139232,3.280739,2.000000,0.035943
1779541513.243599,0,1,12.501910,10.136252,3.282814,2.000000,0.038404
1779541513.253592,0,1,12.482143,10.133210,3.285058,2.000000,0.038404
1779541513.263508,0,1,12.462388,10.130085,3.287672,2.000000,0.040838
1779541513.273143,0,1,12.442642,10.126909,3.290229,2.000000,0.040838
1779541513.283926,0,1,12.422908,10.123658,3.293027,2.000000,0.043187
1779541513.293467,0,1,12.403182,10.120359,3.295692,2.000000,0.043187
1779541513.303837,0,1,12.383468,10.116989,3.298553,2.000000,0.043207
1779541513.313456,0,1,12.363762,10.113573,3.301257,2.000000,0.042799
1779541513.323710,0,1,12.344068,10.110087,3.304140,2.000000,0.042799
1779541513.333890,0,1,12.324382,10.106557,3.306857,2.000000,0.041766
1779541513.343857,0,1,12.304709,10.102958,3.309750,2.000000,0.041766
1779541513.353485,0,1,12.285043,10.099316,3.312472,2.000000,0.040396
1779541513.363515,0,1,12.265391,10.095604,3.315368,2.000000,0.040396
1779541513.373575,0,1,12.245746,10.091850,3.318092,2.000000,0.040396
1779541513.383990,0,1,12.226115,10.088028,3.320989,2.000000,0.040396
1779541513.393527,0,1,12.206492,10.084163,3.323715,2.000000,0.040396
1779541513.403616,0,1,12.186882,10.080229,3.326612,2.000000,0.040396
1779541513.413198,0,1,12.167282,10.076254,3.329338,2.000000,0.040396
1779541513.423763,0,1,12.147695,10.072210,3.332236,2.000000,0.040396
1779541513.433564,0,1,12.128117,10.068124,3.334962,2.000000,0.040396
1779541513.443428,0,1,12.108553,10.063970,3.337861,2.000000,0.040396
1779541513.453695,0,1,12.088998,10.059774,3.340587,2.000000,0.040396
1779541513.463594,0,1,12.069458,10.055509,3.343485,2.000000,0.040396
1779541513.473326,0,1,12.049927,10.051203,3.346211,2.000000,0.030380
1779541513.483279,0,1,12.030411,10.046829,3.349110,2.000000,0.030380
1779541513.493593,0,1,12.010899,10.042438,3.351544,2.000000,0.028429
1779541513.503748,0,1,11.991382,10.038070,3.353219,2.000000,0.028429
1779541513.513449,0,1,11.971868,10.033689,3.354725,2.000000,0.026350
1779541513.523704,0,1,11.952351,10.029317,3.355861,2.000000,0.026350
1779541513.533812,0,1,11.932840,10.024922,3.357053,2.000000,0.024336
1779541513.543587,0,1,11.913329,10.020529,3.358006,2.000000,0.023581
1779541513.553781,0,1,11.893823,10.016109,3.359090,2.000000,0.023581
1779541513.563589,0,1,11.874318,10.011688,3.359979,2.000000,0.024045
1779541513.573707,0,1,11.854819,10.007237,3.361025,2.000000,0.024045
1779541513.583260,0,1,11.835322,10.002784,3.361892,2.000000,0.025321
1779541513.593629,0,1,11.815831,9.998300,3.362924,2.000000,0.025321
1779541513.603938,0,1,11.796340,9.993813,3.363782,2.000000,0.026222
1779541513.613487,0,1,11.776858,9.989295,3.364809,2.000000,0.028165
1779541513.623691,0,1,11.757376,9.984772,3.365664,2.000000,0.028165
1779541513.633644,0,1,11.737901,9.980218,3.366689,2.000000,0.030081
1779541513.643583,0,1,11.718427,9.975660,3.367542,2.000000,0.030081
1779541513.653210,0,1,11.698961,9.971070,3.368566,2.000000,0.032296
1779541513.663419,0,1,11.679496,9.966476,3.369418,2.000000,0.032296
1779541513.673669,0,1,11.660044,9.961826,3.370735,2.000000,0.034458
1779541513.683281,0,1,11.640615,9.957079,3.372810,2.000000,0.034458
1779541513.693414,0,1,11.621202,9.952273,3.375054,2.000000,0.036840
1779541513.703260,0,1,11.601808,9.947386,3.377668,2.000000,0.036840
1779541513.713250,0,1,11.582427,9.942448,3.380225,2.000000,0.039188
1779541513.723787,0,1,11.563065,9.937436,3.383023,2.000000,0.040110
1779541513.733232,0,1,11.543715,9.932378,3.385688,2.000000,0.040110
1779541513.743305,0,1,11.524384,9.927249,3.388549,2.000000,0.040062
1779541513.753365,0,1,11.505065,9.922076,3.391253,2.000000,0.040062
1779541513.763326,0,1,11.485764,9.916834,3.394137,2.000000,0.039125
1779541513.773546,0,1,11.466475,9.911549,3.396854,2.000000,0.039125
1779541513.783622,0,1,11.447205,9.906196,3.399746,2.000000,0.037764
1779541513.793744,0,1,11.427946,9.900801,3.402468,2.000000,0.037764
1779541513.803395,0,1,11.408706,9.895339,3.405364,2.000000,0.036882
1779541513.813765,0,1,11.389479,9.889835,3.408088,2.000000,0.036882
1779541513.823725,0,1,11.370270,9.884263,3.410985,2.000000,0.035260
1779541513.834094,0,1,11.351074,9.878650,3.413711,2.000000,0.033383
1779541513.843404,0,1,11.331898,9.872970,3.416609,2.000000,0.033383
1779541513.853653,0,1,11.312733,9.867249,3.419335,2.000000,0.033383
1779541513.863954,0,1,11.293589,9.861461,3.422233,2.000000,0.033383
1779541513.873935,0,1,11.274458,9.855632,3.424959,2.000000,0.033383
1779541513.884168,0,1,11.255346,9.849736,3.427857,2.000000,0.033383
1779541513.893691,0,1,11.236248,9.843800,3.430583,2.000000,0.033383
1779541513.904072,0,1,11.217170,9.837797,3.433481,2.000000,0.033383
1779541513.913896,0,1,11.198105,9.831753,3.436208,2.000000,0.033383
1779541513.924016,0,1,11.179061,9.825642,3.439106,2.000000,0.033383
1779541513.933266,0,1,11.160031,9.819491,3.441832,2.000000,0.033383
1779541513.943746,0,1,11.141022,9.813273,3.444731,2.000000,0.033383
1779541513.953678,0,1,11.122026,9.807015,3.447457,2.000000,0.033383
1779541513.963777,0,1,11.103052,9.800691,3.450355,2.000000,0.033383
1779541513.973915,0,1,11.084092,9.794326,3.453082,2.000000,0.033383
1779541513.983615,0,1,11.065154,9.787895,3.455980,2.000000,0.033383
1779541513.993241,0,1,11.046230,9.781424,3.458706,2.000000,0.016197
1779541514.003730,0,1,11.027329,9.774886,3.461605,2.000000,0.016197
1779541514.013282,0,1,11.008433,9.768332,3.464039,2.000000,0.011076
1779541514.023702,0,1,10.989530,9.761801,3.465714,2.000000,0.009493
1779541514.033630,0,1,10.970631,9.755257,3.467220,2.000000,0.009493
1779541514.043375,0,1,10.951729,9.748722,3.468356,2.000000,0.004926
1779541514.053656,0,1,10.932834,9.742164,3.469548,2.000000,0.004926
1779541514.063441,0,1,10.913939,9.735609,3.470501,2.000000,0.003320
1779541514.073309,0,1,10.895053,9.729027,3.471585,2.000000,0.003320
1779541514.083754,0,1,10.876168,9.722444,3.472474,2.000000,0.002510
1779541514.093204,0,1,10.857292,9.715833,3.473521,2.000000,0.002510
1779541514.104025,0,1,10.838417,9.709219,3.474387,2.000000,0.002710
1779541514.113566,0,1,10.819553,9.702576,3.475420,2.000000,0.002710
1779541514.123831,0,1,10.800690,9.695929,3.476277,2.000000,0.003083
1779541514.133471,0,1,10.781837,9.689252,3.477305,2.000000,0.003083
1779541514.143239,0,1,10.762986,9.682571,3.478159,2.000000,0.003295
1779541514.153549,0,1,10.744145,9.675860,3.479184,2.000000,0.003952
1779541514.163576,0,1,10.725307,9.669144,3.480037,2.000000,0.003952
1779541514.173363,0,1,10.706479,9.662398,3.481061,2.000000,0.004439
1779541514.183529,0,1,10.687652,9.655648,3.481914,2.000000,0.004439
1779541514.193323,0,1,10.668837,9.648867,3.482938,2.000000,0.005192
1779541514.203637,0,1,10.650023,9.642081,3.483789,2.000000,0.005192
1779541514.213803,0,1,10.631220,9.635266,3.484813,2.000000,0.005774
1779541514.223618,0,1,10.612419,9.628445,3.485665,2.000000,0.005774
1779541514.233811,0,1,10.593629,9.621594,3.486688,2.000000,0.006518
1779541514.243602,0,1,10.574841,9.614738,3.487540,2.000000,0.006518
1779541514.253593,0,1,10.556064,9.607852,3.488564,2.000000,0.007240
1779541514.263600,0,1,10.537289,9.600961,3.489415,2.000000,0.007240
1779541514.273271,0,1,10.518524,9.594040,3.490439,2.000000,0.007901
1779541514.283787,0,1,10.499762,9.587114,3.491290,2.000000,0.007901
1779541514.293451,0,1,10.481011,9.580157,3.492314,2.000000,0.008636
1779541514.303316,0,1,10.462261,9.573196,3.493165,2.000000,0.009321
1779541514.313783,0,1,10.443523,9.566204,3.494189,2.000000,0.009321
1779541514.323248,0,1,10.424787,9.559208,3.495040,2.000000,0.009394
1779541514.333387,0,1,10.406062,9.552181,3.496063,2.000000,0.009394
1779541514.343875,0,1,10.387339,9.545150,3.496915,2.000000,0.009394
1779541514.353462,0,1,10.368627,9.538088,3.497938,2.000000,0.009394
1779541514.363697,0,1,10.349917,9.531021,3.498790,2.000000,0.009394
1779541514.373809,0,1,10.331218,9.523924,3.499813,2.000000,0.009394
1779541514.383739,0,1,10.312522,9.516823,3.500665,2.000000,0.009394
1779541514.393689,0,1,10.293837,9.509691,3.501688,2.000000,0.009394
1779541514.403833,0,1,10.275153,9.502554,3.502540,2.000000,0.009394
1779541514.413880,0,1,10.256481,9.495387,3.503563,2.000000,0.009394
1779541514.423767,0,1,10.237812,9.488216,3.504415,2.000000,0.009394
1779541514.434132,0,1,10.219153,9.481014,3.505438,2.000000,0.009394
1779541514.443590,0,1,10.200497,9.473807,3.506290,2.000000,0.009394
1779541514.453315,0,1,10.181852,9.466570,3.507313,2.000000,0.009394
1779541514.463756,0,1,10.163209,9.459328,3.508165,2.000000,0.009394
1779541514.473597,0,1,10.144578,9.452057,3.509188,2.000000,0.009394
1779541514.483917,0,1,10.125949,9.444780,3.510039,2.000000,0.009394
1779541514.493628,0,1,10.107331,9.437473,3.511063,2.000000,0.009394
1779541514.503797,0,1,10.088716,9.430162,3.511914,2.000000,0.019225
1779541514.513565,0,1,10.070112,9.422820,3.512938,2.000000,0.019225
1779541514.523779,0,1,10.051510,9.415474,3.513789,2.000000,0.019225
1779541514.533573,0,1,10.032920,9.408097,3.514813,2.000000,0.017259
1779541514.543597,0,1,10.014332,9.400716,3.515664,2.000000,0.017259
1779541514.553768,0,1,9.995756,9.393304,3.516688,2.000000,0.017259
1779541514.563717,0,1,9.977182,9.385888,3.517539,2.000000,0.018086
1779541514.573722,0,1,9.958619,9.378442,3.518563,2.000000,0.018086
1779541514.584201,0,1,9.940059,9.370991,3.519414,2.000000,0.018446
1779541514.593748,0,1,9.921511,9.363510,3.520437,2.000000,0.018446
1779541514.603745,0,1,9.902965,9.356024,3.521289,2.000000,0.019094
1779541514.613725,0,1,9.884431,9.348509,3.522312,2.000000,0.019094
1779541514.623436,0,1,9.865898,9.340988,3.523164,2.000000,0.019094
1779541514.633563,0,1,9.847378,9.333438,3.524187,2.000000,0.020150
1779541514.643778,0,1,9.828860,9.325883,3.525039,2.000000,0.020150
1779541514.653402,0,1,9.810354,9.318297,3.526062,2.000000,0.020150
1779541514.664332,0,1,9.791851,9.310707,3.526914,2.000000,0.020732
1779541514.673682,0,1,9.773359,9.303088,3.527937,2.000000,0.020732
1779541514.683381,0,1,9.754869,9.295463,3.528789,2.000000,0.020732
1779541514.693968,0,1,9.736392,9.287809,3.529812,2.000000,0.021447
1779541514.703741,0,1,9.717917,9.280149,3.530664,2.000000,0.021447
1779541514.713944,0,1,9.699454,9.272460,3.531687,2.000000,0.021786
1779541514.724233,0,1,9.680993,9.264766,3.532538,2.000000,0.021786
1779541514.736466,0,1,9.662545,9.257042,3.533562,2.000000,0.022186
1779541514.743743,0,1,9.644098,9.249314,3.534413,2.000000,0.022186
1779541514.753554,0,1,9.625664,9.241556,3.535437,2.000000,0.022550
1779541514.763763,0,1,9.607233,9.233793,3.536288,2.000000,0.022550
1779541514.773263,0,1,9.588813,9.226000,3.537312,2.000000,0.022804
1779541514.783466,0,1,9.570396,9.218202,3.538163,2.000000,0.022804
1779541514.793620,0,1,9.551991,9.210375,3.539187,2.000000,0.022804
1779541514.803710,0,1,9.533589,9.202543,3.540038,2.000000,0.023073
1779541514.813695,0,1,9.515199,9.194681,3.541062,2.000000,0.023073
1779541514.824111,0,1,9.496811,9.186814,3.541913,2.000000,0.023326
1779541514.833538,0,1,9.478436,9.178918,3.542937,2.000000,0.023326
1779541514.843667,0,1,9.460062,9.171017,3.543788,2.000000,0.023459
1779541514.853917,0,1,9.441702,9.163086,3.544811,2.000000,0.023459
1779541514.863800,0,1,9.423344,9.155150,3.545663,2.000000,0.023459
1779541514.873629,0,1,9.404998,9.147185,3.546686,2.000000,0.023459
1779541514.883693,0,1,9.386655,9.139215,3.547538,2.000000,0.023459
1779541514.893666,0,1,9.368324,9.131216,3.548561,2.000000,0.023459
1779541514.903875,0,1,9.349996,9.123211,3.549413,2.000000,0.023459
1779541514.913385,0,1,9.331681,9.115178,3.550436,2.000000,0.023459
1779541514.923835,0,1,9.313367,9.107139,3.551288,2.000000,0.023459
1779541514.933761,0,1,9.295067,9.099071,3.552311,2.000000,0.023459
1779541514.943707,0,1,9.276769,9.090998,3.553163,2.000000,0.023459
1779541514.953498,0,1,9.258483,9.082895,3.554186,2.000000,0.023459
1779541514.965241,0,1,9.240200,9.074788,3.555038,2.000000,0.023459
1779541514.974171,0,1,9.221930,9.066651,3.556061,2.000000,0.022536
1779541514.983391,0,1,9.203662,9.058509,3.556912,2.000000,0.022536
1779541514.993804,0,1,9.185408,9.050338,3.557936,2.000000,0.022536
1779541515.003648,0,1,9.167155,9.042163,3.558787,2.000000,0.023067
1779541515.013554,0,1,9.148916,9.033957,3.559811,2.000000,0.023067
1779541515.023761,0,1,9.130679,9.025747,3.560662,2.000000,0.022470
1779541515.033663,0,1,9.112455,9.017508,3.561686,2.000000,0.022470
1779541515.043793,0,1,9.094233,9.009264,3.562537,2.000000,0.022096
1779541515.053959,0,1,9.076024,9.000990,3.563561,2.000000,0.022096
1779541515.063790,0,1,9.057818,8.992712,3.564412,2.000000,0.021634
1779541515.074019,0,1,9.039625,8.984404,3.565436,2.000000,0.021634
1779541515.083654,0,1,9.021434,8.976092,3.566287,2.000000,0.021059
1779541515.093753,0,1,9.003257,8.967750,3.567311,2.000000,0.021059
1779541515.103673,0,1,8.985082,8.959403,3.568162,2.000000,0.020501
1779541515.113494,0,1,8.966920,8.951028,3.569185,2.000000,0.020501
1779541515.123604,0,1,8.948761,8.942647,3.570037,2.000000,0.019829
1779541515.133874,0,1,8.930615,8.934237,3.571060,2.000000,0.019829
1779541515.143578,0,1,8.912471,8.925822,3.571912,2.000000,0.018716
1779541515.154456,0,1,8.894341,8.917378,3.572935,2.000000,0.018716
1779541515.164023,0,1,8.876213,8.908930,3.573787,2.000000,0.018716
1779541515.173577,0,1,8.858099,8.900452,3.574810,2.000000,0.017924
1779541515.183970,0,1,8.839987,8.891969,3.575662,2.000000,0.017924
1779541515.193586,0,1,8.821889,8.883457,3.576685,2.000000,0.016994
1779541515.203740,0,1,8.803793,8.874941,3.577537,2.000000,0.016994
1779541515.213782,0,1,8.785710,8.866395,3.578560,2.000000,0.015980
1779541515.223600,0,1,8.767630,8.857845,3.579412,2.000000,0.015980
1779541515.233271,0,1,8.749564,8.849265,3.580435,2.000000,0.014901
1779541515.243957,0,1,8.731500,8.840681,3.581286,2.000000,0.014901
1779541515.253305,0,1,8.713450,8.832067,3.582310,2.000000,0.013736
1779541515.263839,0,1,8.695402,8.823449,3.583161,2.000000,0.013736
1779541515.273663,0,1,8.677368,8.814802,3.584185,2.000000,0.012483
1779541515.284111,0,1,8.659336,8.806150,3.585036,2.000000,0.012483
1779541515.293594,0,1,8.641319,8.797469,3.586060,2.000000,0.011144
1779541515.303762,0,1,8.623303,8.788783,3.586911,2.000000,0.011144
1779541515.313257,0,1,8.605302,8.780068,3.587935,2.000000,0.009728
1779541515.323544,0,1,8.587303,8.771348,3.588786,2.000000,0.008947
1779541515.333713,0,1,8.569318,8.762600,3.589810,2.000000,0.008947
1779541515.344028,0,1,8.551335,8.753846,3.590661,2.000000,0.007344
1779541515.353690,0,1,8.533366,8.745064,3.591684,2.000000,0.007344
1779541515.363899,0,1,8.515400,8.736277,3.592536,2.000000,0.007344
1779541515.373273,0,1,8.497448,8.727461,3.593559,2.000000,0.007344
1779541515.383480,0,1,8.479498,8.718640,3.594411,2.000000,0.007344
1779541515.393478,0,1,8.461563,8.709791,3.595434,2.000000,0.007344
1779541515.403330,0,1,8.443629,8.700936,3.596286,2.000000,0.007344
1779541515.413643,0,1,8.425710,8.692053,3.597309,2.000000,0.007344
1779541515.424146,0,1,8.407794,8.683165,3.598161,2.000000,0.007344
1779541515.433748,0,1,8.389892,8.674248,3.599184,2.000000,0.007344
1779541515.444159,0,1,8.371992,8.665327,3.600036,2.000000,0.007344
1779541515.453695,0,1,8.354106,8.656376,3.601059,2.000000,0.007344
1779541515.464003,0,1,8.336223,8.647421,3.601911,2.000000,0.007344
1779541515.473722,0,1,8.318354,8.638437,3.602934,2.000000,-0.004433
1779541515.483785,0,1,8.300488,8.629449,3.603785,2.000000,-0.004433
1779541515.493669,0,1,8.282636,8.620431,3.604809,2.000000,-0.007162
1779541515.503498,0,1,8.264775,8.611432,3.605368,2.000000,-0.007162
1779541515.513535,0,1,8.246887,8.602487,3.605168,2.000000,-0.009530
1779541515.523349,0,1,8.228988,8.593564,3.604799,2.000000,-0.009530
1779541515.533593,0,1,8.211068,8.584683,3.604061,2.000000,-0.011986
1779541515.543660,0,1,8.193142,8.575814,3.603378,2.000000,-0.011986
1779541515.553350,0,1,8.175198,8.566981,3.602456,2.000000,-0.014305
1779541515.564269,0,1,8.157250,8.558157,3.601665,2.000000,-0.014305
1779541515.573298,0,1,8.139286,8.549365,3.600679,2.000000,-0.014239
1779541515.583675,0,1,8.121319,8.540580,3.599851,2.000000,-0.014239
1779541515.593630,0,1,8.103337,8.531826,3.598842,2.000000,-0.013606
1779541515.603303,0,1,8.085351,8.523077,3.598000,2.000000,-0.013606
1779541515.613665,0,1,8.067352,8.514359,3.596982,2.000000,-0.012380
1779541515.623521,0,1,8.049349,8.505647,3.596135,2.000000,-0.012380
1779541515.633381,0,1,8.031332,8.496963,3.595114,2.000000,-0.010930
1779541515.643399,0,1,8.013313,8.488285,3.594265,2.000000,-0.010930
1779541515.653474,0,1,7.995280,8.479637,3.593243,2.000000,-0.009454
1779541515.663710,0,1,7.977244,8.470993,3.592392,2.000000,-0.009454
1779541515.673534,0,1,7.959194,8.462379,3.591369,2.000000,-0.007278
1779541515.683720,0,1,7.941142,8.453769,3.590518,2.000000,-0.007278
1779541515.693541,0,1,7.923076,8.445189,3.589495,2.000000,-0.005111
1779541515.703760,0,1,7.905008,8.436614,3.588644,2.000000,-0.005111
1779541515.713388,0,1,7.886926,8.428068,3.587621,2.000000,-0.002388
1779541515.723432,0,1,7.868842,8.419526,3.586769,2.000000,-0.002388
1779541515.733814,0,1,7.850744,8.411014,3.585746,2.000000,0.000515
1779541515.743905,0,1,7.832643,8.402506,3.584895,2.000000,0.000515
1779541515.753774,0,1,7.814529,8.394028,3.583871,2.000000,0.003688
1779541515.763654,0,1,7.796424,8.385532,3.583312,2.000000,0.003688
1779541515.773298,0,1,7.778344,8.376980,3.583512,2.000000,0.007020
1779541515.783358,0,1,7.760275,8.368406,3.583881,2.000000,0.007020
1779541515.793630,0,1,7.742226,8.359791,3.584620,2.000000,0.010628
1779541515.803761,0,1,7.724183,8.351162,3.585302,2.000000,0.010628
1779541515.813628,0,1,7.706157,8.342498,3.586225,2.000000,0.014025
1779541515.823615,0,1,7.688136,8.333825,3.587015,2.000000,0.014025
1779541515.833606,0,1,7.670130,8.325119,3.588001,2.000000,0.015486
1779541515.843674,0,1,7.652127,8.316407,3.588830,2.000000,0.015486
1779541515.853601,0,1,7.634139,8.307663,3.589839,2.000000,0.015486
1779541515.863716,0,1,7.616155,8.298914,3.590681,2.000000,0.015486
1779541515.873594,0,1,7.598185,8.290135,3.591698,2.000000,0.015486
1779541515.883677,0,1,7.580217,8.281350,3.592546,2.000000,0.015486
1779541515.893754,0,1,7.562264,8.272536,3.593566,2.000000,0.015486
1779541515.903785,0,1,7.544314,8.263716,3.594416,2.000000,0.015486
1779541515.913750,0,1,7.526378,8.254868,3.595438,2.000000,0.015486
1779541515.923416,0,1,7.508444,8.246014,3.596288,2.000000,0.015486
1779541515.934005,0,1,7.490525,8.237131,3.597311,2.000000,0.015486
1779541515.943497,0,1,7.472608,8.228244,3.598162,2.000000,0.015486
1779541515.953211,0,1,7.454706,8.219327,3.599185,2.000000,0.015486
1779541515.963519,0,1,7.436806,8.210406,3.600036,2.000000,0.017431
1779541515.973751,0,1,7.418920,8.201456,3.601060,2.000000,0.017431
1779541515.983664,0,1,7.401037,8.192501,3.601911,2.000000,0.018576
1779541515.993728,0,1,7.383168,8.183517,3.602934,2.000000,0.018576
1779541516.003212,0,1,7.365302,8.174529,3.603786,2.000000,0.019647
1779541516.013504,0,1,7.347450,8.165511,3.604809,2.000000,0.019647
1779541516.023921,0,1,7.329601,8.156489,3.605661,2.000000,0.019647
1779541516.033523,0,1,7.311766,8.147439,3.606684,2.000000,0.020559
1779541516.043680,0,1,7.293933,8.138383,3.607535,2.000000,0.020559
1779541516.053618,0,1,7.276115,8.129299,3.608559,2.000000,0.020559
1779541516.063604,0,1,7.258300,8.120210,3.609410,2.000000,0.021780
1779541516.073503,0,1,7.240499,8.111092,3.610434,2.000000,0.021780
1779541516.083291,0,1,7.222701,8.101970,3.611285,2.000000,0.021780
1779541516.093460,0,1,7.204917,8.092819,3.612309,2.000000,0.023503
1779541516.103667,0,1,7.187136,8.083663,3.613160,2.000000,0.023503
1779541516.113142,0,1,7.169369,8.074479,3.614184,2.000000,0.024853
1779541516.124016,0,1,7.151605,8.065290,3.615035,2.000000,0.024853
1779541516.133576,0,1,7.133856,8.056072,3.616058,2.000000,0.024853
1779541516.143351,0,1,7.116109,8.046850,3.616910,2.000000,0.026872
1779541516.153511,0,1,7.098377,8.037599,3.617933,2.000000,0.026872
1779541516.163543,0,1,7.080648,8.028344,3.618785,2.000000,0.026872
1779541516.173748,0,1,7.062933,8.019060,3.619808,2.000000,0.029306
1779541516.183781,0,1,7.045221,8.009771,3.620660,2.000000,0.029306
1779541516.193244,0,1,7.027524,8.000453,3.621683,2.000000,0.029306
1779541516.203369,0,1,7.009829,7.991131,3.622535,2.000000,0.032025
1779541516.213257,0,1,6.992150,7.981781,3.623558,2.000000,0.032025
1779541516.223676,0,1,6.974473,7.972426,3.624410,2.000000,0.032025
1779541516.233516,0,1,6.956817,7.963031,3.625579,2.000000,0.035213
1779541516.243791,0,1,6.939185,7.953590,3.627042,2.000000,0.036469
1779541516.253481,0,1,6.921582,7.944097,3.628822,2.000000,0.036469
1779541516.264028,0,1,6.904022,7.934524,3.631166,2.000000,0.038679
1779541516.273840,0,1,6.886489,7.924900,3.633567,2.000000,0.038679
1779541516.283587,0,1,6.868996,7.915206,3.636273,2.000000,0.041122
1779541516.293908,0,1,6.851526,7.905469,3.638884,2.000000,0.041122
1779541516.303756,0,1,6.834093,7.895666,3.641713,2.000000,0.042404
1779541516.313519,0,1,6.816683,7.885823,3.644398,2.000000,0.042404
1779541516.323698,0,1,6.799309,7.875917,3.647270,2.000000,0.042205
1779541516.333766,0,1,6.781957,7.865972,3.649980,2.000000,0.042205
1779541516.343717,0,1,6.764640,7.855965,3.652868,2.000000,0.041472
1779541516.353592,0,1,6.747346,7.845920,3.655588,2.000000,0.041472
1779541516.363712,0,1,6.730087,7.835814,3.658482,2.000000,0.041472
1779541516.373955,0,1,6.712850,7.825671,3.661205,2.000000,0.041472
1779541516.383590,0,1,6.695649,7.815467,3.664102,2.000000,0.041472
1779541516.393825,0,1,6.678470,7.805226,3.666826,2.000000,0.041472
1779541516.403653,0,1,6.661326,7.794925,3.669724,2.000000,0.041472
1779541516.413592,0,1,6.644205,7.784587,3.672450,2.000000,0.041472
1779541516.423765,0,1,6.627120,7.774190,3.675347,2.000000,0.041472
1779541516.433473,0,1,6.610058,7.763755,3.678073,2.000000,0.041472
1779541516.443866,0,1,6.593032,7.753262,3.680971,2.000000,0.041472
1779541516.453740,0,1,6.576029,7.742732,3.683698,2.000000,0.041472
1779541516.463884,0,1,6.559062,7.732142,3.686596,2.000000,0.035483
1779541516.473559,0,1,6.542118,7.721517,3.689322,2.000000,0.035483
1779541516.483667,0,1,6.525211,7.710832,3.692220,2.000000,0.036056
1779541516.493489,0,1,6.508328,7.700111,3.694947,2.000000,0.036056
1779541516.503728,0,1,6.491481,7.689332,3.697845,2.000000,0.035401
1779541516.513235,0,1,6.474658,7.678516,3.700571,2.000000,0.035401
1779541516.523399,0,1,6.457873,7.667642,3.703470,2.000000,0.035040
1779541516.533667,0,1,6.441110,7.656732,3.706196,2.000000,0.035040
1779541516.543391,0,1,6.424386,7.645763,3.709094,2.000000,0.034540
1779541516.553607,0,1,6.407686,7.634759,3.711821,2.000000,0.034540
1779541516.563760,0,1,6.391024,7.623697,3.714719,2.000000,0.034441
1779541516.573741,0,1,6.374386,7.612599,3.717446,2.000000,0.034206
1779541516.583303,0,1,6.357786,7.601443,3.720344,2.000000,0.034206
1779541516.593921,0,1,6.341210,7.590251,3.723070,2.000000,0.034170
1779541516.604140,0,1,6.324674,7.579002,3.725969,2.000000,0.034170
1779541516.613511,0,1,6.308161,7.567718,3.728695,2.000000,0.034204
1779541516.623801,0,1,6.291688,7.556376,3.731593,2.000000,0.034204
1779541516.633644,0,1,6.275240,7.544998,3.734320,2.000000,0.034204
1779541516.643689,0,1,6.258831,7.533564,3.737218,2.000000,0.034756
1779541516.653619,0,1,6.242446,7.522095,3.739945,2.000000,0.034756
1779541516.664020,0,1,6.226102,7.510568,3.742843,2.000000,0.034756
1779541516.673606,0,1,6.209782,7.499006,3.745569,2.000000,0.035324
1779541516.683931,0,1,6.193503,7.487388,3.748468,2.000000,0.035324
1779541516.693619,0,1,6.177249,7.475735,3.751194,2.000000,0.035924
1779541516.703935,0,1,6.161035,7.464025,3.754093,2.000000,0.035924
1779541516.713567,0,1,6.144846,7.452281,3.756819,2.000000,0.036778
1779541516.723531,0,1,6.128699,7.440480,3.759717,2.000000,0.036778
1779541516.733413,0,1,6.112577,7.428645,3.762444,2.000000,0.037777
1779541516.743637,0,1,6.096496,7.416754,3.765342,2.000000,0.037777
1779541516.753587,0,1,6.080440,7.404828,3.768068,2.000000,0.038985
1779541516.763768,0,1,6.064427,7.392846,3.770967,2.000000,0.039717
1779541516.773578,0,1,6.048438,7.380831,3.773693,2.000000,0.039717
1779541516.783715,0,1,6.032492,7.368759,3.776592,2.000000,0.041077
1779541516.793958,0,1,6.016572,7.356654,3.779318,2.000000,0.041077
1779541516.803643,0,1,6.000694,7.344493,3.782216,2.000000,0.043004
1779541516.813644,0,1,5.984842,7.332298,3.784943,2.000000,0.043004
1779541516.823778,0,1,5.969033,7.320048,3.787841,2.000000,0.044704
1779541516.833638,0,1,5.953250,7.307764,3.790568,2.000000,0.044704
1779541516.843908,0,1,5.937510,7.295425,3.793466,2.000000,0.047079
1779541516.853639,0,1,5.921796,7.283052,3.796192,2.000000,0.047079
1779541516.863714,0,1,5.906125,7.270625,3.799091,2.000000,0.047079
1779541516.874113,0,1,5.890481,7.258165,3.801817,2.000000,0.047079
1779541516.883733,0,1,5.874881,7.245649,3.804715,2.000000,0.047079
1779541516.893715,0,1,5.859307,7.233101,3.807442,2.000000,0.047079
1779541516.903541,0,1,5.843778,7.220498,3.810340,2.000000,0.047079
1779541516.913688,0,1,5.828275,7.207862,3.813067,2.000000,0.047079
1779541516.924452,0,1,5.812816,7.195173,3.815965,2.000000,0.047079
1779541516.933407,0,1,5.797385,7.182450,3.818691,2.000000,0.047079
1779541516.943360,0,1,5.781998,7.169673,3.821590,2.000000,0.047079
1779541516.953681,0,1,5.766638,7.156864,3.824316,2.000000,0.047079
1779541516.963921,0,1,5.751324,7.144001,3.827214,2.000000,0.047079
1779541516.973630,0,1,5.736036,7.131105,3.829941,2.000000,0.067539
1779541516.983598,0,1,5.720794,7.118156,3.832839,2.000000,0.067539
1779541516.993610,0,1,5.705579,7.105175,3.835566,2.000000,0.070976
1779541517.003731,0,1,5.690427,7.092121,3.838756,2.000000,0.070976
1779541517.013522,0,1,5.675363,7.078965,3.842706,2.000000,0.075405
1779541517.023661,0,1,5.660366,7.065733,3.846825,2.000000,0.075405
1779541517.033606,0,1,5.645448,7.052412,3.851313,2.000000,0.080015
1779541517.043686,0,1,5.630591,7.039023,3.855746,2.000000,0.080015
1779541517.053834,0,1,5.615810,7.025550,3.860418,2.000000,0.084765
1779541517.063685,0,1,5.601087,7.012014,3.864958,2.000000,0.084765
1779541517.073549,0,1,5.586438,6.998397,3.869694,2.000000,0.087405
1779541517.083245,0,1,5.571847,6.984719,3.874273,2.000000,0.088497
1779541517.093644,0,1,5.557330,6.970962,3.879031,2.000000,0.088497
1779541517.103826,0,1,5.542870,6.957145,3.883623,2.000000,0.088497
1779541517.113729,0,1,5.528484,6.943250,3.888390,2.000000,0.091248
1779541517.123540,0,1,5.514156,6.929297,3.892988,2.000000,0.092313
1779541517.133791,0,1,5.499902,6.915267,3.897758,2.000000,0.092313
1779541517.143765,0,1,5.485706,6.901180,3.902358,2.000000,0.092313
1779541517.153976,0,1,5.471585,6.887017,3.907130,2.000000,0.095232
1779541517.163659,0,1,5.457521,6.872796,3.911730,2.000000,0.095232
1779541517.173579,0,1,5.443534,6.858501,3.916503,2.000000,0.097644
1779541517.183774,0,1,5.429605,6.844149,3.921103,2.000000,0.099933
1779541517.193870,0,1,5.415771,6.829705,3.926169,2.000000,0.099933
1779541517.203541,0,1,5.402063,6.815142,3.931993,2.000000,0.101348
1779541517.213863,0,1,5.388456,6.800485,3.937986,2.000000,0.101348
1779541517.223579,0,1,5.374965,6.785720,3.944350,2.000000,0.103810
1779541517.234230,0,1,5.361568,6.770870,3.950657,2.000000,0.103810
1779541517.243653,0,1,5.348284,6.755919,3.957204,2.000000,0.106656
1779541517.253902,0,1,5.335092,6.740887,3.963619,2.000000,0.106656
1779541517.263212,0,1,5.322012,6.725757,3.970230,2.000000,0.106955
1779541517.273566,0,1,5.309024,6.710548,3.976683,2.000000,0.106851
1779541517.283262,0,1,5.296147,6.695245,3.983317,2.000000,0.106851
1779541517.293519,0,1,5.283361,6.679866,3.989784,2.000000,0.106851
1779541517.303314,0,1,5.270689,6.664393,3.996426,2.000000,0.106006
1779541517.313274,0,1,5.258108,6.648846,4.002898,2.000000,0.106006
1779541517.323341,0,1,5.245640,6.633207,4.009543,2.000000,0.106006
1779541517.333797,0,1,5.233265,6.617496,4.016018,2.000000,0.105257
1779541517.343303,0,1,5.221004,6.601695,4.022665,2.000000,0.105257
1779541517.353885,0,1,5.208837,6.585821,4.029140,2.000000,0.105257
1779541517.363674,0,1,5.196786,6.569860,4.035787,2.000000,0.105257
1779541517.373610,0,1,5.184828,6.553829,4.042263,2.000000,0.105257
1779541517.384151,0,1,5.172987,6.537711,4.048911,2.000000,0.105257
1779541517.393275,0,1,5.161241,6.521523,4.055387,2.000000,0.105257
1779541517.403730,0,1,5.149613,6.505251,4.062035,2.000000,0.105257
1779541517.413352,0,1,5.138080,6.488911,4.068511,2.000000,0.105257
1779541517.423678,0,1,5.126667,6.472488,4.075159,2.000000,0.105257
1779541517.433429,0,1,5.115350,6.455998,4.081635,2.000000,0.105257
1779541517.443357,0,1,5.104152,6.439426,4.088283,2.000000,0.105257
1779541517.454137,0,1,5.093053,6.422789,4.094760,2.000000,0.105257
1779541517.463939,0,1,5.082074,6.406071,4.101408,2.000000,0.105257
1779541517.473649,0,1,5.071194,6.389290,4.107884,2.000000,0.105257
1779541517.483819,0,1,5.060436,6.372430,4.114532,2.000000,0.105257
1779541517.493818,0,1,5.049777,6.355507,4.121008,2.000000,0.105257
1779541517.503914,0,1,5.039241,6.338507,4.127657,2.000000,0.100508
1779541517.513613,0,1,5.028805,6.321446,4.134133,2.000000,0.101292
1779541517.524029,0,1,5.018493,6.304309,4.140781,2.000000,0.101292
1779541517.534303,0,1,5.008282,6.287113,4.147257,2.000000,0.100299
1779541517.543708,0,1,4.998195,6.269842,4.153905,2.000000,0.100299
1779541517.553625,0,1,4.988211,6.252513,4.160382,2.000000,0.098881
1779541517.563693,0,1,4.978352,6.235112,4.167030,2.000000,0.098881
1779541517.573669,0,1,4.968596,6.217653,4.173506,2.000000,0.058868
1779541517.583764,0,1,4.958966,6.200124,4.180154,2.000000,0.058868
1779541517.593748,0,1,4.949418,6.182550,4.186338,2.000000,0.090667
1779541517.603963,0,1,4.939892,6.164964,4.191471,2.000000,0.090667
1779541517.613714,0,1,4.930361,6.147381,4.195503,2.000000,0.090667
1779541517.623916,0,1,4.920885,6.129769,4.199462,2.000000,0.094543
1779541517.633259,0,1,4.911509,6.112103,4.203865,2.000000,0.092119
1779541517.643964,0,1,4.902206,6.094398,4.208253,2.000000,0.092119
1779541517.653293,0,1,4.893000,6.076643,4.212904,2.000000,0.092362
1779541517.663882,0,1,4.883867,6.058850,4.217435,2.000000,0.092362
1779541517.673720,0,1,4.874829,6.041008,4.222167,2.000000,0.095764
1779541517.683810,0,1,4.865863,6.023131,4.226745,2.000000,0.095764
1779541517.693504,0,1,4.856994,6.005205,4.231505,2.000000,0.098957
1779541517.703710,0,1,4.848196,5.987244,4.236099,2.000000,0.100137
1779541517.713590,0,1,4.839518,5.969225,4.241160,2.000000,0.100137
1779541517.723716,0,1,4.830997,5.951131,4.246982,2.000000,0.102847
1779541517.733545,0,1,4.822600,5.932979,4.252974,2.000000,0.102847
1779541517.743822,0,1,4.814347,5.914761,4.259337,2.000000,0.102847
1779541517.753752,0,1,4.806210,5.896491,4.265644,2.000000,0.106814
1779541517.763935,0,1,4.798212,5.878160,4.272191,2.000000,0.106814
1779541517.773995,0,1,4.790326,5.859781,4.278606,2.000000,0.108358
1779541517.783907,0,1,4.782577,5.841343,4.285217,2.000000,0.108358
1779541517.793849,0,1,4.774939,5.822859,4.291670,2.000000,0.107853
1779541517.803877,0,1,4.767437,5.804319,4.298304,2.000000,0.107853
1779541517.814030,0,1,4.760045,5.785736,4.304770,2.000000,0.107339
1779541517.823783,0,1,4.752789,5.767098,4.311413,2.000000,0.107339
1779541517.833804,0,1,4.745644,5.748418,4.317885,2.000000,0.106079
1779541517.843865,0,1,4.738635,5.729687,4.324530,2.000000,0.106079
1779541517.853801,0,1,4.731736,5.710914,4.331004,2.000000,0.105241
1779541517.863550,0,1,4.724974,5.692092,4.337651,2.000000,0.105241
1779541517.873746,0,1,4.718323,5.673230,4.344127,2.000000,0.105241
1779541517.884251,0,1,4.711809,5.654321,4.350774,2.000000,0.105241
1779541517.894658,0,1,4.705406,5.635373,4.357250,2.000000,0.105241
1779541517.904183,0,1,4.699141,5.616380,4.363898,2.000000,0.105241
1779541517.913774,0,1,4.692988,5.597350,4.370374,2.000000,0.105241
1779541517.924170,0,1,4.686973,5.578276,4.377022,2.000000,0.105241
1779541517.933607,0,1,4.681070,5.559167,4.383498,2.000000,0.105241
1779541517.943587,0,1,4.675306,5.540016,4.390146,2.000000,0.105241
1779541517.953872,0,1,4.669655,5.520831,4.396622,2.000000,0.105241
1779541517.963502,0,1,4.664142,5.501606,4.403270,2.000000,0.105241
1779541517.974025,0,1,4.658743,5.482348,4.409746,2.000000,0.105241
1779541517.983959,0,1,4.653484,5.463052,4.416395,2.000000,0.097580
1779541517.993900,0,1,4.648338,5.443726,4.422871,2.000000,0.096507
1779541518.004579,0,1,4.643332,5.424362,4.429519,2.000000,0.096507
1779541518.013783,0,1,4.638441,5.404970,4.435995,2.000000,0.096507
1779541518.023745,0,1,4.633689,5.385542,4.442643,2.000000,0.095515
1779541518.033629,0,1,4.629053,5.366087,4.449120,2.000000,0.095515
1779541518.043515,0,1,4.624557,5.346599,4.455768,2.000000,0.093705
1779541518.053730,0,1,4.620151,5.327090,4.461952,2.000000,0.093705
1779541518.063464,0,1,4.615795,5.307570,4.467377,2.000000,0.092549
1779541518.073884,0,1,4.611525,5.288032,4.472633,2.000000,0.091646
1779541518.083703,0,1,4.607320,5.268479,4.477519,2.000000,0.091646
1779541518.093874,0,1,4.603211,5.248905,4.482461,2.000000,0.091646
1779541518.103934,0,1,4.599174,5.229317,4.487163,2.000000,0.090616
1779541518.113904,0,1,4.595237,5.209709,4.491997,2.000000,0.090616
1779541518.123886,0,1,4.591375,5.190085,4.496636,2.000000,0.091986
1779541518.133902,0,1,4.587616,5.170441,4.501432,2.000000,0.091986
1779541518.143554,0,1,4.583934,5.150783,4.506048,2.000000,0.094623
1779541518.153680,0,1,4.580355,5.131106,4.510831,2.000000,0.094623
1779541518.163828,0,1,4.576855,5.111415,4.515438,2.000000,0.097613
1779541518.173977,0,1,4.573459,5.091705,4.520216,2.000000,0.097613
1779541518.183631,0,1,4.570142,5.071982,4.524820,2.000000,0.099453
1779541518.193688,0,1,4.566956,5.052238,4.529887,2.000000,0.102809
1779541518.203589,0,1,4.563940,5.032466,4.535713,2.000000,0.102809
1779541518.213770,0,1,4.561060,5.012675,4.541708,2.000000,0.106828
1779541518.223988,0,1,4.558337,4.992861,4.548072,2.000000,0.106828
1779541518.233846,0,1,4.555740,4.973031,4.554380,2.000000,0.110650
1779541518.243553,0,1,4.553292,4.953181,4.560927,2.000000,0.110650
1779541518.253743,0,1,4.550967,4.933317,4.567343,2.000000,0.113587
1779541518.263592,0,1,4.548789,4.913436,4.573954,2.000000,0.113587
1779541518.274267,0,1,4.546730,4.893542,4.580407,2.000000,0.114729
1779541518.283470,0,1,4.544818,4.873634,4.587041,2.000000,0.114729
1779541518.293861,0,1,4.543024,4.853714,4.593508,2.000000,0.115880
1779541518.303563,0,1,4.541375,4.833782,4.600150,2.000000,0.116394
1779541518.314168,0,1,4.539845,4.813841,4.606622,2.000000,0.116394
1779541518.324065,0,1,4.538459,4.793889,4.613268,2.000000,0.117104
1779541518.334115,0,1,4.537191,4.773929,4.619742,2.000000,0.117104
1779541518.344001,0,1,4.536069,4.753961,4.626389,2.000000,0.118212
1779541518.354005,0,1,4.535064,4.733986,4.632864,2.000000,0.118212
1779541518.363865,0,1,4.534204,4.714005,4.639512,2.000000,0.118212
1779541518.374017,0,1,4.533461,4.694019,4.645988,2.000000,0.118212
1779541518.383365,0,1,4.532864,4.674028,4.652636,2.000000,0.118212
1779541518.393496,0,1,4.532384,4.654033,4.659112,2.000000,0.118212
1779541518.403979,0,1,4.532049,4.634036,4.665760,2.000000,0.118212
1779541518.413858,0,1,4.531832,4.614037,4.672236,2.000000,0.118212
1779541518.424083,0,1,4.531760,4.594038,4.678884,2.000000,0.118212
1779541518.433665,0,1,4.531805,4.574038,4.685360,2.000000,0.118212
1779541518.443570,0,1,4.531995,4.554039,4.692008,2.000000,0.118212
1779541518.453600,0,1,4.532303,4.534041,4.698484,2.000000,0.118212
1779541518.464039,0,1,4.532756,4.514046,4.705132,2.000000,0.118212
1779541518.473756,0,1,4.533326,4.494054,4.711609,2.000000,0.125640
1779541518.483403,0,1,4.534041,4.474067,4.718257,2.000000,0.129715
1779541518.493836,0,1,4.534874,4.454085,4.724733,2.000000,0.129715
1779541518.503865,0,1,4.535876,4.434110,4.731674,2.000000,0.131009
1779541518.514045,0,1,4.537090,4.414147,4.739373,2.000000,0.131009
1779541518.523916,0,1,4.538477,4.394195,4.747242,2.000000,0.133044
1779541518.533479,0,1,4.540060,4.374258,4.755480,2.000000,0.133044
1779541518.543613,0,1,4.541808,4.354334,4.763662,2.000000,0.135957
1779541518.553470,0,1,4.543743,4.334428,4.772085,2.000000,0.135957
1779541518.563633,0,1,4.545838,4.314538,4.780375,2.000000,0.136809
1779541518.574296,0,1,4.548117,4.294669,4.788861,2.000000,0.136809
1779541518.583949,0,1,4.550554,4.274818,4.797189,2.000000,0.136898
1779541518.593939,0,1,4.553173,4.254990,4.805697,2.000000,0.136898
1779541518.603653,0,1,4.555947,4.235184,4.814039,2.000000,0.135889
1779541518.613521,0,1,4.558903,4.215403,4.822556,2.000000,0.135889
1779541518.624000,0,1,4.562013,4.195647,4.830903,2.000000,0.135539
1779541518.633814,0,1,4.565304,4.175919,4.839423,2.000000,0.135539
1779541518.643510,0,1,4.568748,4.156218,4.847773,2.000000,0.134495
1779541518.653932,0,1,4.572371,4.136549,4.856294,2.000000,0.134495
1779541518.663908,0,1,4.576148,4.116909,4.864645,2.000000,0.134179
1779541518.673480,0,1,4.580103,4.097304,4.873167,2.000000,0.134179
1779541518.683488,0,1,4.584211,4.077731,4.881518,2.000000,0.133276
1779541518.693844,0,1,4.588497,4.058195,4.890041,2.000000,0.133276
1779541518.703655,0,1,4.592935,4.038694,4.898391,2.000000,0.133276
1779541518.713378,0,1,4.597550,4.019234,4.906914,2.000000,0.132884
1779541518.724034,0,1,4.602316,3.999810,4.915265,2.000000,0.132884
1779541518.733378,0,1,4.607259,3.980431,4.923788,2.000000,0.132884
1779541518.744090,0,1,4.612353,3.961090,4.932139,2.000000,0.132673
1779541518.753875,0,1,4.617622,3.941797,4.940663,2.000000,0.132673
1779541518.764200,0,1,4.623041,3.922545,4.949014,2.000000,0.132545
1779541518.774222,0,1,4.628635,3.903343,4.957537,2.000000,0.132587
1779541518.783965,0,1,4.634378,3.884186,4.965888,2.000000,0.132587
1779541518.793844,0,1,4.640296,3.865081,4.974411,2.000000,0.132679
1779541518.803762,0,1,4.646361,3.846023,4.982762,2.000000,0.132679
1779541518.813894,0,1,4.652600,3.827021,4.991285,2.000000,0.133003
1779541518.823483,0,1,4.658987,3.808068,4.999636,2.000000,0.133003
1779541518.834033,0,1,4.665545,3.789174,5.008160,2.000000,0.133409
1779541518.844160,0,1,4.672250,3.770332,5.016511,2.000000,0.133409
1779541518.853843,0,1,4.679127,3.751551,5.025034,2.000000,0.133409
1779541518.863539,0,1,4.686149,3.732825,5.033385,2.000000,0.133409
1779541518.874088,0,1,4.693342,3.714163,5.041908,2.000000,0.133409
1779541518.883524,0,1,4.700679,3.695557,5.050259,2.000000,0.133409
1779541518.893818,0,1,4.708185,3.677019,5.058782,2.000000,0.133409
1779541518.903917,0,1,4.715835,3.658540,5.067134,2.000000,0.133409
1779541518.913549,0,1,4.723653,3.640132,5.075657,2.000000,0.133409
1779541518.923705,0,1,4.731614,3.621785,5.084008,2.000000,0.133409
1779541518.933394,0,1,4.739741,3.603511,5.092531,2.000000,0.133409
1779541518.943514,0,1,4.748011,3.585300,5.100882,2.000000,0.133409
1779541518.953903,0,1,4.756445,3.567166,5.109405,2.000000,0.133409
1779541518.963656,0,1,4.765021,3.549098,5.117756,2.000000,0.133409
1779541518.973900,0,1,4.773760,3.531108,5.126280,2.000000,0.138261
1779541518.983841,0,1,4.782639,3.513187,5.134631,2.000000,0.138261
1779541518.993492,0,1,4.791681,3.495348,5.143154,2.000000,0.138261
1779541519.003351,0,1,4.800861,3.477579,5.151505,2.000000,0.137398
1779541519.013598,0,1,4.810203,3.459895,5.160028,2.000000,0.136003
1779541519.023480,0,1,4.819681,3.442284,5.168379,2.000000,0.136003
1779541519.034120,0,1,4.829320,3.424760,5.176902,2.000000,0.134330
1779541519.043702,0,1,4.839094,3.407311,5.185254,2.000000,0.134330
1779541519.053802,0,1,4.849027,3.389952,5.193777,2.000000,0.132401
1779541519.064022,0,1,4.859095,3.372671,5.202128,2.000000,0.132401
1779541519.073795,0,1,4.869319,3.355482,5.210651,2.000000,0.130236
1779541519.083715,0,1,4.879677,3.338373,5.219002,2.000000,0.130236
1779541519.093371,0,1,4.890190,3.321359,5.227525,2.000000,0.127840
1779541519.103577,0,1,4.900835,3.304427,5.235876,2.000000,0.127840
1779541519.113661,0,1,4.911633,3.287593,5.244400,2.000000,0.125133
1779541519.124032,0,1,4.922541,3.270829,5.252458,2.000000,0.125133
1779541519.133590,0,1,4.933523,3.254114,5.259758,2.000000,0.122137
1779541519.143760,0,1,4.944610,3.237468,5.266889,2.000000,0.120424
1779541519.153625,0,1,4.955783,3.220880,5.273650,2.000000,0.120424
1779541519.163679,0,1,4.967068,3.204368,5.280467,2.000000,0.116862
1779541519.173963,0,1,4.978444,3.187919,5.287044,2.000000,0.116862
1779541519.183795,0,1,4.989935,3.171550,5.293754,2.000000,0.114914
1779541519.193818,0,1,5.001520,3.155247,5.300267,2.000000,0.114914
1779541519.204051,0,1,5.013220,3.139026,5.306938,2.000000,0.113864
1779541519.213550,0,1,5.025013,3.122873,5.313429,2.000000,0.113864
1779541519.223479,0,1,5.036923,3.106806,5.320087,2.000000,0.113490
1779541519.233618,0,1,5.048925,3.090808,5.326569,2.000000,0.113490
1779541519.244117,0,1,5.061043,3.074896,5.333221,2.000000,0.112892
1779541519.253646,0,1,5.073253,3.059056,5.339700,2.000000,0.112892
1779541519.263757,0,1,5.085577,3.043305,5.346351,2.000000,0.112482
1779541519.273677,0,1,5.097994,3.027626,5.352828,2.000000,0.111937
1779541519.283310,0,1,5.110523,3.012037,5.359477,2.000000,0.111937
1779541519.293863,0,1,5.123144,2.996522,5.365954,2.000000,0.111152
1779541519.303634,0,1,5.135877,2.981099,5.372603,2.000000,0.111152
1779541519.313804,0,1,5.148700,2.965751,5.379080,2.000000,0.110092
1779541519.324023,0,1,5.161634,2.950496,5.385728,2.000000,0.110092
1779541519.333581,0,1,5.174657,2.935317,5.392204,2.000000,0.108916
1779541519.344135,0,1,5.187790,2.920234,5.398853,2.000000,0.108916
1779541519.353352,0,1,5.201012,2.905227,5.405329,2.000000,0.108916
1779541519.363829,0,1,5.214341,2.890317,5.411977,2.000000,0.108916
1779541519.373861,0,1,5.227759,2.875485,5.418454,2.000000,0.108916
1779541519.383831,0,1,5.241283,2.860751,5.425102,2.000000,0.108916
1779541519.393969,0,1,5.254894,2.846097,5.431578,2.000000,0.108916
1779541519.403867,0,1,5.268610,2.831541,5.438227,2.000000,0.108916
1779541519.413847,0,1,5.282412,2.817067,5.444703,2.000000,0.108916
1779541519.423540,0,1,5.296318,2.802693,5.451351,2.000000,0.108916
1779541519.433549,0,1,5.310309,2.788401,5.457827,2.000000,0.108916
1779541519.443692,0,1,5.324402,2.774210,5.464476,2.000000,0.108916
1779541519.453234,0,1,5.338579,2.760103,5.470952,2.000000,0.108916
1779541519.463401,0,1,5.352858,2.746099,5.477600,2.000000,0.108916
1779541519.473359,0,1,5.367219,2.732179,5.484076,2.000000,0.095387
1779541519.483355,0,1,5.381680,2.718364,5.490724,2.000000,0.092934
1779541519.493691,0,1,5.396205,2.704615,5.496908,2.000000,0.092934
1779541519.503896,0,1,5.410765,2.690904,5.502333,2.000000,0.090030
1779541519.513371,0,1,5.425385,2.677256,5.507589,2.000000,0.090030
1779541519.523799,0,1,5.440051,2.663658,5.512475,2.000000,0.086497
1779541519.533638,0,1,5.454783,2.650131,5.517417,2.000000,0.086497
1779541519.543727,0,1,5.469564,2.636659,5.522120,2.000000,0.083387
1779541519.553654,0,1,5.484414,2.623262,5.526954,2.000000,0.083387
1779541519.563762,0,1,5.499316,2.609922,5.531593,2.000000,0.082016
1779541519.573556,0,1,5.514287,2.596661,5.536389,2.000000,0.081748
1779541519.583611,0,1,5.529310,2.583458,5.541005,2.000000,0.081748
1779541519.593539,0,1,5.544402,2.570335,5.545788,2.000000,0.081437
1779541519.603431,0,1,5.559546,2.557271,5.550395,2.000000,0.081437
1779541519.613799,0,1,5.574760,2.544289,5.555172,2.000000,0.081164
1779541519.623881,0,1,5.590025,2.531367,5.559776,2.000000,0.081164
1779541519.634052,0,1,5.605359,2.518526,5.564552,2.000000,0.080843
1779541519.643842,0,1,5.620744,2.505748,5.569154,2.000000,0.080843
1779541519.653721,0,1,5.636197,2.493051,5.573928,2.000000,0.080408
1779541519.664027,0,1,5.651701,2.480417,5.578530,2.000000,0.080408
1779541519.673696,0,1,5.667272,2.467865,5.583304,2.000000,0.079965
1779541519.683880,0,1,5.682893,2.455377,5.587906,2.000000,0.079965
1779541519.693791,0,1,5.698582,2.442972,5.592680,2.000000,0.079252
1779541519.703828,0,1,5.714319,2.430630,5.597281,2.000000,0.079252
1779541519.714147,0,1,5.730123,2.418372,5.602054,2.000000,0.078577
1779541519.723831,0,1,5.745976,2.406178,5.606656,2.000000,0.078577
1779541519.733623,0,1,5.761893,2.394070,5.611429,2.000000,0.077616
1779541519.743632,0,1,5.777860,2.382025,5.616031,2.000000,0.077616
1779541519.753977,0,1,5.793890,2.370066,5.620804,2.000000,0.076692
1779541519.763741,0,1,5.809969,2.358171,5.625405,2.000000,0.075913
1779541519.773727,0,1,5.826111,2.346363,5.630179,2.000000,0.075913
1779541519.783572,0,1,5.842300,2.334620,5.634780,2.000000,0.074795
1779541519.794177,0,1,5.858552,2.322963,5.639553,2.000000,0.074795
1779541519.803450,0,1,5.874851,2.311372,5.644155,2.000000,0.073463
1779541519.813319,0,1,5.891211,2.299869,5.648928,2.000000,0.073463
1779541519.823945,0,1,5.907618,2.288431,5.653529,2.000000,0.072043
1779541519.833887,0,1,5.924086,2.277081,5.658303,2.000000,0.072043
1779541519.843878,0,1,5.940599,2.265798,5.662904,2.000000,0.070388
1779541519.853457,0,1,5.957172,2.254603,5.667677,2.000000,0.070388
1779541519.863273,0,1,5.973790,2.243475,5.672278,2.000000,0.070388
1779541519.873809,0,1,5.990468,2.232436,5.677052,2.000000,0.070388
1779541519.883791,0,1,6.007189,2.221464,5.681653,2.000000,0.070388
1779541519.893879,0,1,6.023970,2.210582,5.686426,2.000000,0.070388
1779541519.903392,0,1,6.040793,2.199767,5.691028,2.000000,0.070388
1779541519.913824,0,1,6.057675,2.189043,5.695801,2.000000,0.070388
1779541519.923782,0,1,6.074600,2.178386,5.700402,2.000000,0.070388
1779541519.934039,0,1,6.091581,2.167820,5.705176,2.000000,0.070388
1779541519.944073,0,1,6.108605,2.157323,5.709777,2.000000,0.070388
1779541519.953426,0,1,6.125684,2.146917,5.714550,2.000000,0.070388
1779541519.963993,0,1,6.142805,2.136580,5.719152,2.000000,0.070388
1779541519.973571,0,1,6.159982,2.126334,5.723925,2.000000,0.057931
1779541519.983860,0,1,6.177199,2.116158,5.728526,2.000000,0.057931
1779541519.993587,0,1,6.194471,2.106074,5.733299,2.000000,0.053732
1779541520.003692,0,1,6.211771,2.096037,5.737608,2.000000,0.053732
1779541520.013454,0,1,6.229077,2.086013,5.741158,2.000000,0.050794
1779541520.023816,0,1,6.246408,2.076032,5.744540,2.000000,0.050794
1779541520.033608,0,1,6.263754,2.066076,5.747551,2.000000,0.047849
1779541520.043677,0,1,6.281130,2.056173,5.750618,2.000000,0.047849
1779541520.053628,0,1,6.298524,2.046301,5.753445,2.000000,0.044846
1779541520.063739,0,1,6.315950,2.036485,5.756404,2.000000,0.044168
1779541520.073570,0,1,6.333394,2.026704,5.759168,2.000000,0.044168
1779541520.084094,0,1,6.350872,2.016981,5.762090,2.000000,0.044033
1779541520.093714,0,1,6.368369,2.007293,5.764831,2.000000,0.044033
1779541520.103956,0,1,6.385899,1.997666,5.767738,2.000000,0.044469
1779541520.113308,0,1,6.403450,1.988075,5.770471,2.000000,0.044469
1779541520.123360,0,1,6.421033,1.978544,5.773373,2.000000,0.045118
1779541520.133476,0,1,6.438636,1.969051,5.776102,2.000000,0.045118
1779541520.143757,0,1,6.456272,1.959618,5.779003,2.000000,0.045231
1779541520.153775,0,1,6.473928,1.950223,5.781730,2.000000,0.045231
1779541520.163944,0,1,6.491617,1.940890,5.784630,2.000000,0.045793
1779541520.173747,0,1,6.509325,1.931594,5.787357,2.000000,0.045793
1779541520.183743,0,1,6.527066,1.922360,5.790256,2.000000,0.046430
1779541520.193821,0,1,6.544826,1.913163,5.792983,2.000000,0.046430
1779541520.203645,0,1,6.562618,1.904029,5.795881,2.000000,0.047043
1779541520.213851,0,1,6.580430,1.894932,5.798608,2.000000,0.047043
1779541520.223666,0,1,6.598273,1.885898,5.801506,2.000000,0.047345
1779541520.233770,0,1,6.616135,1.876901,5.804233,2.000000,0.047345
1779541520.243641,0,1,6.634029,1.867968,5.807131,2.000000,0.047944
1779541520.253690,0,1,6.651942,1.859072,5.809858,2.000000,0.047923
1779541520.263556,0,1,6.669885,1.850239,5.812756,2.000000,0.047923
1779541520.274026,0,1,6.687848,1.841444,5.815483,2.000000,0.048506
1779541520.283743,0,1,6.705841,1.832712,5.818381,2.000000,0.048506
1779541520.293624,0,1,6.723852,1.824018,5.821107,2.000000,0.048964
1779541520.303528,0,1,6.741894,1.815387,5.824006,2.000000,0.048964
1779541520.313616,0,1,6.759955,1.806795,5.826732,2.000000,0.049461
1779541520.323682,0,1,6.778045,1.798266,5.829631,2.000000,0.049461
1779541520.333747,0,1,6.796153,1.789775,5.832357,2.000000,0.049859
1779541520.343725,0,1,6.814291,1.781348,5.835255,2.000000,0.049859
1779541520.353584,0,1,6.832447,1.772959,5.837982,2.000000,0.051192
1779541520.363542,0,1,6.850632,1.764634,5.840880,2.000000,0.051192
1779541520.373405,0,1,6.868834,1.756348,5.843606,2.000000,0.051192
1779541520.383590,0,1,6.887066,1.748125,5.846505,2.000000,0.051192
1779541520.393835,0,1,6.905315,1.739941,5.849231,2.000000,0.051192
1779541520.404025,0,1,6.923592,1.731821,5.852130,2.000000,0.051192
1779541520.413329,0,1,6.941887,1.723740,5.854856,2.000000,0.051192
1779541520.423307,0,1,6.960210,1.715723,5.857754,2.000000,0.051192
1779541520.433899,0,1,6.978550,1.707745,5.860481,2.000000,0.051192
1779541520.443989,0,1,6.996917,1.699831,5.863379,2.000000,0.051192
1779541520.453611,0,1,7.015302,1.691957,5.866106,2.000000,0.051192
1779541520.463887,0,1,7.033713,1.684146,5.869004,2.000000,0.051192
1779541520.473371,0,1,7.052142,1.676375,5.871730,2.000000,0.053708
1779541520.483287,0,1,7.070597,1.668668,5.874629,2.000000,0.053708
1779541520.493267,0,1,7.089069,1.661001,5.877355,2.000000,0.053451
1779541520.503496,0,1,7.107568,1.653398,5.880253,2.000000,0.053451
1779541520.513617,0,1,7.126083,1.645835,5.882980,2.000000,0.053828
1779541520.523237,0,1,7.144624,1.638336,5.885878,2.000000,0.053828
1779541520.533271,0,1,7.163181,1.630877,5.888605,2.000000,0.054065
1779541520.543581,0,1,7.181763,1.623483,5.891503,2.000000,0.054065
1779541520.553569,0,1,7.200362,1.616128,5.894229,2.000000,0.054434
1779541520.563665,0,1,7.218986,1.608838,5.897128,2.000000,0.054630
1779541520.573584,0,1,7.237626,1.601588,5.899854,2.000000,0.054630
1779541520.583567,0,1,7.256291,1.594404,5.902752,2.000000,0.054876
1779541520.593966,0,1,7.274971,1.587259,5.905479,2.000000,0.054876
1779541520.603687,0,1,7.293676,1.580179,5.908377,2.000000,0.055182
1779541520.613758,0,1,7.312396,1.573139,5.911104,2.000000,0.055182
1779541520.623733,0,1,7.331141,1.566165,5.914002,2.000000,0.055378
1779541520.633560,0,1,7.349900,1.559231,5.916728,2.000000,0.055378
1779541520.643636,0,1,7.368684,1.552362,5.919627,2.000000,0.055674
1779541520.653981,0,1,7.387482,1.545533,5.922353,2.000000,0.055674
1779541520.663441,0,1,7.406303,1.538770,5.925252,2.000000,0.055862
1779541520.673519,0,1,7.425140,1.532047,5.927978,2.000000,0.055862
1779541520.683485,0,1,7.443999,1.525390,5.930876,2.000000,0.056193
1779541520.693852,0,1,7.462873,1.518773,5.933603,2.000000,0.056193
1779541520.703305,0,1,7.481770,1.512222,5.936501,2.000000,0.056422
1779541520.713274,0,1,7.500680,1.505712,5.939227,2.000000,0.056422
1779541520.723616,0,1,7.519614,1.499267,5.942126,2.000000,0.056849
1779541520.733629,0,1,7.538561,1.492863,5.944852,2.000000,0.056849
1779541520.743865,0,1,7.557530,1.486525,5.947751,2.000000,0.057153
1779541520.753650,0,1,7.576512,1.480228,5.950477,2.000000,0.057153
1779541520.763745,0,1,7.595517,1.473997,5.953375,2.000000,0.057607
1779541520.773858,0,1,7.614535,1.467806,5.956102,2.000000,0.057607
1779541520.783506,0,1,7.633574,1.461682,5.959000,2.000000,0.058020
1779541520.793299,0,1,7.652626,1.455599,5.961727,2.000000,0.058020
1779541520.803452,0,1,7.671700,1.449582,5.964625,2.000000,0.058493
1779541520.813861,0,1,7.690786,1.443606,5.967351,2.000000,0.058493
1779541520.823853,0,1,7.709893,1.437696,5.970250,2.000000,0.058843
1779541520.833545,0,1,7.729013,1.431827,5.972976,2.000000,0.058843
1779541520.843773,0,1,7.748153,1.426025,5.975874,2.000000,0.059368
1779541520.853871,0,1,7.767305,1.420264,5.978601,2.000000,0.059368
1779541520.863332,0,1,7.786477,1.414570,5.981499,2.000000,0.059368
1779541520.874086,0,1,7.805661,1.408917,5.984226,2.000000,0.059368
1779541520.883666,0,1,7.824865,1.403330,5.987124,2.000000,0.059368
1779541520.893799,0,1,7.844081,1.397785,5.989850,2.000000,0.059368
1779541520.903787,0,1,7.863316,1.392307,5.992749,2.000000,0.059368
1779541520.913869,0,1,7.882563,1.386870,5.995475,2.000000,0.059368
1779541520.923592,0,1,7.901829,1.381500,5.998373,2.000000,0.059368
1779541520.934143,0,1,7.921106,1.376171,6.001100,2.000000,0.059368
1779541520.943715,0,1,7.940401,1.370909,6.003998,2.000000,0.059368
1779541520.953552,0,1,7.959708,1.365689,6.006725,2.000000,0.059368
1779541520.963719,0,1,7.979033,1.360536,6.009623,2.000000,0.059368
1779541520.973286,0,1,7.998368,1.355425,6.012349,2.000000,0.059368
1779541520.983781,0,1,8.017722,1.350381,6.015248,2.000000,0.059368
1779541520.993528,0,1,8.037086,1.345378,6.017974,2.000000,0.059778
1779541521.003466,0,1,8.056468,1.340443,6.020873,2.000000,0.059778
1779541521.013208,0,1,8.075860,1.335549,6.023599,2.000000,0.063177
1779541521.023675,0,1,8.095269,1.330723,6.026497,2.000000,0.063668
1779541521.033205,0,1,8.114688,1.325938,6.029224,2.000000,0.063668
1779541521.043318,0,1,8.134124,1.321222,6.032122,2.000000,0.063668
1779541521.053736,0,1,8.153570,1.316546,6.034848,2.000000,0.064158
1779541521.063584,0,1,8.173032,1.311939,6.037747,2.000000,0.064526
1779541521.073204,0,1,8.192504,1.307373,6.040473,2.000000,0.064526
1779541521.083848,0,1,8.211997,1.302900,6.043664,2.000000,0.065001
1779541521.093596,0,1,8.231520,1.298559,6.047614,2.000000,0.065001
1779541521.103684,0,1,8.251065,1.294316,6.051732,2.000000,0.065483
1779541521.113504,0,1,8.270635,1.290192,6.056221,2.000000,0.065483
1779541521.123443,0,1,8.290223,1.286155,6.060653,2.000000,0.065989
1779541521.133501,0,1,8.309834,1.282229,6.065326,2.000000,0.065989
1779541521.143931,0,1,8.329462,1.278388,6.069866,2.000000,0.065935
1779541521.153709,0,1,8.349110,1.274655,6.074602,2.000000,0.063731
1779541521.163687,0,1,8.368774,1.271004,6.079180,2.000000,0.063731
1779541521.173619,0,1,8.388458,1.267460,6.083939,2.000000,0.063731
1779541521.183439,0,1,8.408151,1.263971,6.088238,2.000000,0.060638
1779541521.193720,0,1,8.427847,1.260498,6.091782,2.000000,0.060638
1779541521.203605,0,1,8.447552,1.257074,6.095159,2.000000,0.057066
1779541521.213173,0,1,8.467262,1.253680,6.098168,2.000000,0.053249
1779541521.224282,0,1,8.486982,1.250346,6.101233,2.000000,0.053249
1779541521.233282,0,1,8.506708,1.247048,6.104059,2.000000,0.049572
1779541521.243187,0,1,8.526445,1.243813,6.107017,2.000000,0.049572
1779541521.253673,0,1,8.546188,1.240618,6.109780,2.000000,0.047929
1779541521.263544,0,1,8.565942,1.237489,6.112701,2.000000,0.047929
1779541521.273509,0,1,8.585702,1.234400,6.115442,2.000000,0.047070
1779541521.283314,0,1,8.605472,1.231380,6.118350,2.000000,0.047030
1779541521.293566,0,1,8.625249,1.228400,6.121082,2.000000,0.047030
1779541521.303782,0,1,8.645036,1.225488,6.123984,2.000000,0.046437
1779541521.313169,0,1,8.664829,1.222619,6.126713,2.000000,0.046437
1779541521.323600,0,1,8.684632,1.219817,6.129613,2.000000,0.046176
1779541521.333509,0,1,8.704441,1.217058,6.132341,2.000000,0.046176
1779541521.343824,0,1,8.724259,1.214368,6.135240,2.000000,0.045759
1779541521.353513,0,1,8.744083,1.211720,6.137967,2.000000,0.045759
1779541521.363643,0,1,8.763916,1.209141,6.140866,2.000000,0.045759
1779541521.373153,0,1,8.783754,1.206604,6.143593,2.000000,0.045759
1779541521.383782,0,1,8.803601,1.204136,6.146492,2.000000,0.045759
1779541521.393564,0,1,8.823454,1.201711,6.149218,2.000000,0.045759
1779541521.403502,0,1,8.843314,1.199355,6.152117,2.000000,0.045759
1779541521.413808,0,1,8.863180,1.197041,6.154843,2.000000,0.045759
1779541521.423133,0,1,8.883054,1.194796,6.157742,2.000000,0.045759
1779541521.433511,0,1,8.902932,1.192594,6.160468,2.000000,0.045759
1779541521.443414,0,1,8.922818,1.190462,6.163366,2.000000,0.045759
1779541521.453870,0,1,8.942709,1.188371,6.166093,2.000000,0.045759
1779541521.463910,0,1,8.962606,1.186351,6.168991,2.000000,0.043276
1779541521.473530,0,1,8.982508,1.184372,6.171718,2.000000,0.043276
1779541521.483370,0,1,9.002417,1.182463,6.174616,2.000000,0.043520
1779541521.493466,0,1,9.022330,1.180597,6.177342,2.000000,0.043520
1779541521.503349,0,1,9.042249,1.178800,6.180241,2.000000,0.043095
1779541521.513479,0,1,9.062172,1.177046,6.182967,2.000000,0.043095
1779541521.523175,0,1,9.082100,1.175361,6.185866,2.000000,0.042794
1779541521.533264,0,1,9.102033,1.173719,6.188592,2.000000,0.042794
1779541521.543365,0,1,9.121971,1.172146,6.191490,2.000000,0.042354
1779541521.553591,0,1,9.141912,1.170616,6.194217,2.000000,0.042354
1779541521.563487,0,1,9.161859,1.169156,6.197115,2.000000,0.042027
1779541521.573547,0,1,9.181809,1.167738,6.199842,2.000000,0.042027
1779541521.583576,0,1,9.201763,1.166389,6.202740,2.000000,0.041567
1779541521.593595,0,1,9.221720,1.165084,6.205466,2.000000,0.041567
1779541521.603852,0,1,9.241682,1.163848,6.208365,2.000000,0.041210
1779541521.613297,0,1,9.261647,1.162654,6.211091,2.000000,0.041210
1779541521.623466,0,1,9.281615,1.161531,6.213989,2.000000,0.040903
1779541521.633348,0,1,9.301586,1.160450,6.216716,2.000000,0.040903
1779541521.643228,0,1,9.321560,1.159438,6.219614,2.000000,0.040352
1779541521.653186,0,1,9.341537,1.158469,6.222341,2.000000,0.040011
1779541521.663709,0,1,9.361516,1.157570,6.225239,2.000000,0.040011
1779541521.673675,0,1,9.381498,1.156714,6.227965,2.000000,0.039495
1779541521.683571,0,1,9.401483,1.155927,6.230864,2.000000,0.039495
1779541521.693967,0,1,9.421469,1.155183,6.233590,2.000000,0.039079
1779541521.705118,0,1,9.441457,1.154509,6.236489,2.000000,0.039079
1779541521.713372,0,1,9.461447,1.153878,6.239215,2.000000,0.038508
1779541521.723557,0,1,9.481439,1.153316,6.242113,2.000000,0.038508
1779541521.733475,0,1,9.501433,1.152797,6.244840,2.000000,0.038508
1779541521.744368,0,1,9.521428,1.152348,6.247738,2.000000,0.037867
1779541521.753650,0,1,9.541423,1.151941,6.250464,2.000000,0.037867
1779541521.763877,0,1,9.561421,1.151604,6.253363,2.000000,0.037867
1779541521.773210,0,1,9.581418,1.151310,6.256089,2.000000,0.037055
1779541521.783454,0,1,9.601417,1.151086,6.258988,2.000000,0.037055
1779541521.793778,0,1,9.621416,1.150904,6.261714,2.000000,0.036312
1779541521.803253,0,1,9.641416,1.150792,6.264612,2.000000,0.036312
1779541521.813253,0,1,9.661416,1.150723,6.267339,2.000000,0.035769
1779541521.823644,0,1,9.681416,1.150724,6.270237,2.000000,0.035769
1779541521.833290,0,1,9.701416,1.150767,6.272964,2.000000,0.035059
1779541521.843221,0,1,9.721415,1.150880,6.275862,2.000000,0.034491
1779541521.853297,0,1,9.741415,1.151036,6.278588,2.000000,0.034491
1779541521.863264,0,1,9.761414,1.151261,6.281487,2.000000,0.034491
1779541521.873242,0,1,9.781412,1.151530,0.001028,2.000000,0.034491
1779541521.883226,0,1,9.801409,1.151868,0.003926,2.000000,0.034491
1779541521.893528,0,1,9.821405,1.152249,0.006652,2.000000,0.034491
1779541521.903633,0,1,9.841400,1.152699,0.009551,2.000000,0.034491
1779541521.913989,0,1,9.861394,1.153193,0.012277,2.000000,0.034491
1779541521.923202,0,1,9.881386,1.153756,0.015176,2.000000,0.034491
1779541521.933524,0,1,9.901377,1.154361,0.017902,2.000000,0.034491
1779541521.943592,0,1,9.921366,1.155037,0.020800,2.000000,0.034491
1779541521.953337,0,1,9.941353,1.155755,0.023527,2.000000,0.034491
1779541521.963414,0,1,9.961337,1.156543,0.026425,2.000000,0.034491
1779541521.973737,0,1,9.981320,1.157373,0.029152,2.000000,0.031927
1779541521.983572,0,1,10.001300,1.158274,0.032050,2.000000,0.031927
1779541521.993493,0,1,10.021278,1.159204,0.034630,2.000000,0.029068
1779541522.004090,0,1,10.041255,1.160157,0.036917,2.000000,0.029068
1779541522.013546,0,1,10.061232,1.161126,0.038887,2.000000,0.028257
1779541522.023430,0,1,10.081209,1.162078,0.040292,2.000000,0.027251
1779541522.033448,0,1,10.101185,1.163048,0.041642,2.000000,0.027251
1779541522.043384,0,1,10.121162,1.164014,0.042686,2.000000,0.026938
1779541522.053951,0,1,10.141138,1.165004,0.043824,2.000000,0.026938
1779541522.063557,0,1,10.161113,1.165994,0.044745,2.000000,0.027425
1779541522.073699,0,1,10.181087,1.167013,0.045811,2.000000,0.027425
1779541522.083613,0,1,10.201061,1.168034,0.046688,2.000000,0.029621
1779541522.093521,0,1,10.221033,1.169085,0.047728,2.000000,0.029621
1779541522.103873,0,1,10.241006,1.170140,0.048590,2.000000,0.032398
1779541522.113642,0,1,10.260976,1.171226,0.049620,2.000000,0.033835
1779541522.123243,0,1,10.280946,1.172317,0.050476,2.000000,0.033835
1779541522.133301,0,1,10.300913,1.173464,0.051794,2.000000,0.037247
1779541522.143179,0,1,10.320875,1.174709,0.053871,2.000000,0.037247
1779541522.153502,0,1,10.340832,1.176017,0.056116,2.000000,0.040450
1779541522.163925,0,1,10.360783,1.177406,0.058731,2.000000,0.040450
1779541522.173511,0,1,10.380731,1.178848,0.061289,2.000000,0.044138
1779541522.183687,0,1,10.400674,1.180366,0.064087,2.000000,0.044138
1779541522.193205,0,1,10.420612,1.181932,0.066753,2.000000,0.046067
1779541522.203628,0,1,10.440545,1.183570,0.069614,2.000000,0.046067
1779541522.213446,0,1,10.460474,1.185254,0.072318,2.000000,0.046772
1779541522.223908,0,1,10.480397,1.187009,0.075202,2.000000,0.046772
1779541522.233717,0,1,10.500316,1.188808,0.077919,2.000000,0.046676
1779541522.243505,0,1,10.520228,1.190678,0.080811,2.000000,0.046676
1779541522.253710,0,1,10.540136,1.192590,0.083534,2.000000,0.046545
1779541522.263386,0,1,10.560038,1.194573,0.086429,2.000000,0.046545
1779541522.273913,0,1,10.579935,1.196599,0.089154,2.000000,0.046129
1779541522.283239,0,1,10.599825,1.198695,0.092051,2.000000,0.046129
1779541522.293664,0,1,10.619710,1.200833,0.094776,2.000000,0.045789
1779541522.303858,0,1,10.639588,1.203041,0.097674,2.000000,0.045789
1779541522.313772,0,1,10.659461,1.205292,0.100400,2.000000,0.045240
1779541522.323491,0,1,10.679326,1.207612,0.103298,2.000000,0.045073
1779541522.333827,0,1,10.699186,1.209974,0.106024,2.000000,0.045073
1779541522.343355,0,1,10.719038,1.212406,0.108922,2.000000,0.044572
1779541522.353716,0,1,10.738884,1.214880,0.111649,2.000000,0.044572
1779541522.363616,0,1,10.758722,1.217423,0.114547,2.000000,0.044572
1779541522.373589,0,1,10.778554,1.220009,0.117273,2.000000,0.044572
1779541522.383668,0,1,10.798377,1.222664,0.120171,2.000000,0.044572
1779541522.393533,0,1,10.818194,1.225362,0.122898,2.000000,0.044572
1779541522.403802,0,1,10.838002,1.228128,0.125796,2.000000,0.044572
1779541522.413780,0,1,10.857803,1.230937,0.128522,2.000000,0.044572
1779541522.423609,0,1,10.877595,1.233815,0.131421,2.000000,0.044572
1779541522.433240,0,1,10.897381,1.236736,0.134147,2.000000,0.044572
1779541522.443558,0,1,10.917156,1.239725,0.137046,2.000000,0.044572
1779541522.453481,0,1,10.936925,1.242756,0.139772,2.000000,0.044572
1779541522.463695,0,1,10.956683,1.245857,0.142670,2.000000,0.040801
1779541522.473670,0,1,10.976435,1.248999,0.145397,2.000000,0.040801
1779541522.483651,0,1,10.996175,1.252211,0.148295,2.000000,0.039247
1779541522.493179,0,1,11.015909,1.255464,0.151021,2.000000,0.039247
1779541522.503233,0,1,11.035631,1.258787,0.153920,2.000000,0.039247
1779541522.513392,0,1,11.055346,1.262152,0.156646,2.000000,0.037585
1779541522.523578,0,1,11.075049,1.265585,0.159545,2.000000,0.037585
1779541522.533487,0,1,11.094745,1.269060,0.162271,2.000000,0.036494
1779541522.543618,0,1,11.114428,1.272605,0.165169,2.000000,0.036494
1779541522.553402,0,1,11.134104,1.276191,0.167896,2.000000,0.036494
1779541522.563704,0,1,11.153767,1.279846,0.170794,2.000000,0.035282
1779541522.573709,0,1,11.173423,1.283542,0.173520,2.000000,0.034047
1779541522.583515,0,1,11.193065,1.287308,0.176419,2.000000,0.034047
1779541522.593579,0,1,11.212699,1.291115,0.179145,2.000000,0.034047
1779541522.603753,0,1,11.232320,1.294991,0.182044,2.000000,0.032689
1779541522.613710,0,1,11.251933,1.298909,0.184770,2.000000,0.031357
1779541522.623207,0,1,11.271531,1.302895,0.187668,2.000000,0.031357
1779541522.633740,0,1,11.291127,1.306898,0.190102,2.000000,0.029807
1779541522.643161,0,1,11.310727,1.310878,0.191777,2.000000,0.029807
1779541522.653590,0,1,11.330324,1.314870,0.193284,2.000000,0.028350
1779541522.663584,0,1,11.349923,1.318854,0.194420,2.000000,0.028350
1779541522.673668,0,1,11.369518,1.322861,0.195612,2.000000,0.026756
1779541522.683871,0,1,11.389113,1.326866,0.196565,2.000000,0.026719
1779541522.693465,0,1,11.408702,1.330898,0.197649,2.000000,0.026719
1779541522.703599,0,1,11.428291,1.334931,0.198538,2.000000,0.027168
1779541522.713186,0,1,11.447874,1.338994,0.199584,2.000000,0.027168
1779541522.723616,0,1,11.467457,1.343059,0.200450,2.000000,0.028963
1779541522.733560,0,1,11.487033,1.347155,0.201483,2.000000,0.028963
1779541522.743460,0,1,11.506608,1.351255,0.202341,2.000000,0.031365
1779541522.753840,0,1,11.526177,1.355386,0.203368,2.000000,0.031365
1779541522.763770,0,1,11.545745,1.359521,0.204223,2.000000,0.033600
1779541522.773958,0,1,11.565306,1.363687,0.205248,2.000000,0.033600
1779541522.783795,0,1,11.584866,1.367858,0.206101,2.000000,0.036242
1779541522.793447,0,1,11.604414,1.372085,0.207418,2.000000,0.036242
1779541522.803920,0,1,11.623941,1.376408,0.209493,2.000000,0.038820
1779541522.813533,0,1,11.643455,1.380792,0.211737,2.000000,0.038820
1779541522.823808,0,1,11.662950,1.385257,0.214351,2.000000,0.041595
1779541522.833123,0,1,11.682434,1.389773,0.216909,2.000000,0.041595
1779541522.843680,0,1,11.701900,1.394363,0.219707,2.000000,0.044036
1779541522.853652,0,1,11.721355,1.399000,0.222372,2.000000,0.044036
1779541522.863626,0,1,11.740793,1.403708,0.225233,2.000000,0.044036
1779541522.873381,0,1,11.760220,1.408460,0.227937,2.000000,0.044036
1779541522.883395,0,1,11.779630,1.413281,0.230820,2.000000,0.044036
1779541522.893279,0,1,11.799030,1.418146,0.233538,2.000000,0.044036
1779541522.903695,0,1,11.818412,1.423079,0.236430,2.000000,0.044036
1779541522.913333,0,1,11.837783,1.428054,0.239152,2.000000,0.044036
1779541522.923635,0,1,11.857137,1.433098,0.242048,2.000000,0.044036
1779541522.933191,0,1,11.876479,1.438183,0.244772,2.000000,0.044036
1779541522.943493,0,1,11.895804,1.443336,0.247669,2.000000,0.044036
1779541522.953461,0,1,11.915118,1.448531,0.250395,2.000000,0.044036
1779541522.963871,0,1,11.934413,1.453793,0.253293,2.000000,0.038506
1779541522.973639,0,1,11.953697,1.459096,0.256018,2.000000,0.038506
1779541522.983847,0,1,11.972962,1.464467,0.258916,2.000000,0.037159
1779541522.993409,0,1,11.992216,1.469879,0.261643,2.000000,0.037159
1779541523.003473,0,1,12.011451,1.475358,0.264541,2.000000,0.035435
1779541523.013424,0,1,12.030674,1.480878,0.267267,2.000000,0.035435
1779541523.023490,0,1,12.049878,1.486466,0.270165,2.000000,0.033780
1779541523.033442,0,1,12.069069,1.492094,0.272892,2.000000,0.033780
1779541523.043501,0,1,12.088241,1.497790,0.275790,2.000000,0.031881
1779541523.053573,0,1,12.107401,1.503526,0.278516,2.000000,0.030875
1779541523.063513,0,1,12.126541,1.509329,0.281415,2.000000,0.030875
1779541523.073982,0,1,12.145675,1.515149,0.283849,2.000000,0.028929
1779541523.083558,0,1,12.164816,1.520946,0.285524,2.000000,0.028929
1779541523.093412,0,1,12.183954,1.526756,0.287030,2.000000,0.026869
1779541523.103593,0,1,12.203094,1.532557,0.288166,2.000000,0.026869
1779541523.113293,0,1,12.222228,1.538380,0.289358,2.000000,0.024712
1779541523.123197,0,1,12.241362,1.544202,0.290311,2.000000,0.024712
1779541523.133545,0,1,12.260488,1.550050,0.291395,2.000000,0.023981
1779541523.143553,0,1,12.279613,1.555899,0.292284,2.000000,0.023981
1779541523.153726,0,1,12.298730,1.561777,0.293330,2.000000,0.024885
1779541523.163094,0,1,12.317846,1.567658,0.294197,2.000000,0.024885
1779541523.173299,0,1,12.336952,1.573568,0.295229,2.000000,0.026263
1779541523.183294,0,1,12.356058,1.579482,0.296087,2.000000,0.026263
1779541523.193508,0,1,12.375154,1.585427,0.297114,2.000000,0.027999
1779541523.203461,0,1,12.394249,1.591375,0.297969,2.000000,0.027999
1779541523.213860,0,1,12.413334,1.597354,0.298994,2.000000,0.029719
1779541523.223188,0,1,12.432418,1.603338,0.299847,2.000000,0.029719
1779541523.233558,0,1,12.451493,1.609352,0.300871,2.000000,0.031633
1779541523.243464,0,1,12.470565,1.615371,0.301723,2.000000,0.031633
1779541523.253509,0,1,12.489629,1.621421,0.302747,2.000000,0.033565
1779541523.263570,0,1,12.508690,1.627475,0.303599,2.000000,0.034475
1779541523.273679,0,1,12.527734,1.633585,0.304915,2.000000,0.034475
1779541523.283584,0,1,12.546748,1.639788,0.306990,2.000000,0.034475
1779541523.293236,0,1,12.565742,1.646050,0.309234,2.000000,0.037630
1779541523.303481,0,1,12.584710,1.652391,0.311848,2.000000,0.037630
1779541523.313452,0,1,12.603662,1.658782,0.314405,2.000000,0.039761
1779541523.323184,0,1,12.622589,1.665245,0.317203,2.000000,0.039761
1779541523.333472,0,1,12.641500,1.671754,0.319868,2.000000,0.040349
1779541523.343569,0,1,12.660387,1.678331,0.322729,2.000000,0.040349
1779541523.353420,0,1,12.679260,1.684952,0.325433,2.000000,0.039384
1779541523.363747,0,1,12.698108,1.691640,0.328317,2.000000,0.039384
1779541523.373742,0,1,12.716942,1.698369,0.331034,2.000000,0.039384
1779541523.383455,0,1,12.735752,1.705166,0.333926,2.000000,0.039384
1779541523.393545,0,1,12.754547,1.712003,0.336648,2.000000,0.039384
1779541523.403388,0,1,12.773318,1.718906,0.339544,2.000000,0.039384
1779541523.413432,0,1,12.792074,1.725850,0.342268,2.000000,0.039384
1779541523.423239,0,1,12.810805,1.732860,0.345165,2.000000,0.039384
1779541523.433451,0,1,12.829521,1.739910,0.347891,2.000000,0.039384
1779541523.443513,0,1,12.848213,1.747025,0.350789,2.000000,0.039384
1779541523.453168,0,1,12.866889,1.754181,0.353514,2.000000,0.039384
1779541523.463769,0,1,12.885540,1.761401,0.356412,2.000000,0.039384
1779541523.473105,0,1,12.904176,1.768662,0.359139,2.000000,0.027030
1779541523.483822,0,1,12.922786,1.775987,0.362037,2.000000,0.027030
1779541523.493648,0,1,12.941389,1.783329,0.364471,2.000000,0.027030
1779541523.504449,0,1,12.960002,1.790649,0.366145,2.000000,0.024310
1779541523.513235,0,1,12.978609,1.797981,0.367652,2.000000,0.024310
1779541523.523498,0,1,12.997220,1.805305,0.368788,2.000000,0.020376
1779541523.533304,0,1,13.015823,1.812650,0.369980,2.000000,0.020376
1779541523.543670,0,1,13.034426,1.819993,0.370932,2.000000,0.017831
1779541523.553495,0,1,13.053018,1.827362,0.372017,2.000000,0.017831
1779541523.563754,0,1,13.071611,1.834733,0.372906,2.000000,0.017464
1779541523.573298,0,1,13.090192,1.842131,0.373952,2.000000,0.017464
1779541523.583629,0,1,13.108772,1.849533,0.374818,2.000000,0.018011
1779541523.593260,0,1,13.127341,1.856962,0.375851,2.000000,0.018011
1779541523.603171,0,1,13.145908,1.864396,0.376709,2.000000,0.018913
1779541523.613613,0,1,13.164464,1.871859,0.377736,2.000000,0.018913
1779541523.623840,0,1,13.183017,1.879326,0.378590,2.000000,0.020063
1779541523.633364,0,1,13.201559,1.886823,0.379616,2.000000,0.020063
1779541523.643436,0,1,13.220099,1.894324,0.380468,2.000000,0.021423
1779541523.653559,0,1,13.238627,1.901855,0.381493,2.000000,0.021423
1779541523.663589,0,1,13.257153,1.909390,0.382345,2.000000,0.022493
1779541523.673788,0,1,13.275667,1.916955,0.383369,2.000000,0.022493
1779541523.683647,0,1,13.294179,1.924525,0.384221,2.000000,0.023501
1779541523.693783,0,1,13.312679,1.932125,0.385244,2.000000,0.023501
1779541523.703659,0,1,13.331177,1.939730,0.386096,2.000000,0.024711
1779541523.713534,0,1,13.349663,1.947364,0.387120,2.000000,0.024711
1779541523.723586,0,1,13.368146,1.955003,0.387971,2.000000,0.025972
1779541523.733138,0,1,13.386618,1.962672,0.388995,2.000000,0.025972
1779541523.743650,0,1,13.405087,1.970346,0.389846,2.000000,0.027308
1779541523.753429,0,1,13.423544,1.978049,0.390870,2.000000,0.027308
1779541523.763281,0,1,13.441999,1.985757,0.391721,2.000000,0.028623
1779541523.773748,0,1,13.460441,1.993495,0.392745,2.000000,0.028623
1779541523.783763,0,1,13.478881,2.001238,0.393596,2.000000,0.030054
1779541523.793484,0,1,13.497309,2.009011,0.394620,2.000000,0.030054
1779541523.804032,0,1,13.515735,2.016788,0.395471,2.000000,0.031444
1779541523.813733,0,1,13.534148,2.024595,0.396495,2.000000,0.031444
1779541523.823581,0,1,13.552560,2.032407,0.397346,2.000000,0.032909
1779541523.833407,0,1,13.570958,2.040249,0.398370,2.000000,0.032909
1779541523.843544,0,1,13.589355,2.048095,0.399221,2.000000,0.034360
1779541523.853433,0,1,13.607729,2.055995,0.400537,2.000000,0.034360
1779541523.863566,0,1,13.626063,2.063985,0.402612,2.000000,0.034360
1779541523.873571,0,1,13.644373,2.072032,0.404855,2.000000,0.034360
1779541523.884047,0,1,13.662649,2.080155,0.407469,2.000000,0.034360
1779541523.893587,0,1,13.680904,2.088326,0.410027,2.000000,0.034360
1779541523.903588,0,1,13.699127,2.096566,0.412824,2.000000,0.034360
1779541523.913812,0,1,13.717331,2.104850,0.415489,2.000000,0.034360
1779541523.924109,0,1,13.735504,2.113201,0.418351,2.000000,0.034360
1779541523.933498,0,1,13.753658,2.121593,0.421054,2.000000,0.034360
1779541523.943617,0,1,13.771782,2.130050,0.423938,2.000000,0.034360
1779541523.953439,0,1,13.789887,2.138547,0.426655,2.000000,0.034360
1779541523.963462,0,1,13.807962,2.147109,0.429547,2.000000,0.034360
1779541523.973266,0,1,13.826019,2.155709,0.432269,2.000000,0.034360
1779541523.983584,0,1,13.844045,2.164373,0.435165,2.000000,0.029617
1779541523.993138,0,1,13.862052,2.173076,0.437889,2.000000,0.029617
1779541524.003599,0,1,13.880028,2.181842,0.440786,2.000000,0.027805
1779541524.013511,0,1,13.897997,2.190624,0.443219,2.000000,0.027805
1779541524.023537,0,1,13.915976,2.199385,0.444894,2.000000,0.024812
1779541524.033176,0,1,13.933950,2.208157,0.446400,2.000000,0.024812
1779541524.043806,0,1,13.951927,2.216922,0.447535,2.000000,0.021675
1779541524.053139,0,1,13.969894,2.225708,0.448727,2.000000,0.021675
1779541524.063146,0,1,13.987861,2.234492,0.449680,2.000000,0.018697
1779541524.073312,0,1,14.005817,2.243301,0.450764,2.000000,0.018697
1779541524.083407,0,1,14.023772,2.252111,0.451653,2.000000,0.017858
1779541524.093154,0,1,14.041714,2.260948,0.452699,2.000000,0.017858
1779541524.103425,0,1,14.059654,2.269788,0.453565,2.000000,0.017893
1779541524.113213,0,1,14.077581,2.278655,0.454598,2.000000,0.017893
1779541524.123830,0,1,14.095506,2.287527,0.455455,2.000000,0.018244
1779541524.133525,0,1,14.113417,2.296426,0.456483,2.000000,0.018244
1779541524.143518,0,1,14.131326,2.305329,0.457337,2.000000,0.018744
1779541524.153151,0,1,14.149220,2.314261,0.458362,2.000000,0.018744
1779541524.163507,0,1,14.167113,2.323198,0.459215,2.000000,0.019301
1779541524.173579,0,1,14.184991,2.332163,0.460240,2.000000,0.019632
1779541524.183545,0,1,14.202867,2.341132,0.461092,2.000000,0.019632
1779541524.193713,0,1,14.220728,2.350130,0.462116,2.000000,0.019632
1779541524.203499,0,1,14.238587,2.359133,0.462967,2.000000,0.020287
1779541524.213657,0,1,14.256432,2.368165,0.463991,2.000000,0.020868
1779541524.223627,0,1,14.274274,2.377201,0.464843,2.000000,0.020868
1779541524.233501,0,1,14.292102,2.386266,0.465866,2.000000,0.021539
1779541524.243631,0,1,14.309928,2.395335,0.466718,2.000000,0.021539
1779541524.253697,0,1,14.327738,2.404433,0.467742,2.000000,0.022164
1779541524.263696,0,1,14.345547,2.413536,0.468593,2.000000,0.022164
1779541524.273509,0,1,14.363340,2.422668,0.469617,2.000000,0.022871
1779541524.284780,0,1,14.381132,2.431804,0.470468,2.000000,0.022871
1779541524.293555,0,1,14.398908,2.440969,0.471492,2.000000,0.023520
1779541524.303705,0,1,14.416683,2.450138,0.472343,2.000000,0.023520
1779541524.314598,0,1,14.434442,2.459336,0.473367,2.000000,0.024256
1779541524.323847,0,1,14.452199,2.468539,0.474218,2.000000,0.024256
1779541524.333846,0,1,14.469941,2.477770,0.475241,2.000000,0.024931
1779541524.343601,0,1,14.487680,2.487006,0.476093,2.000000,0.024931
1779541524.353524,0,1,14.505405,2.496271,0.477116,2.000000,0.024931
1779541524.363531,0,1,14.523128,2.505540,0.477968,2.000000,0.024931
1779541524.373562,0,1,14.540835,2.514838,0.478991,2.000000,0.024931
1779541524.383531,0,1,14.558540,2.524141,0.479843,2.000000,0.024931
1779541524.394090,0,1,14.576230,2.533472,0.480866,2.000000,0.024931
1779541524.403572,0,1,14.593917,2.542807,0.481718,2.000000,0.024931
1779541524.413797,0,1,14.611589,2.552172,0.482741,2.000000,0.024931
1779541524.423207,0,1,14.629259,2.561541,0.483593,2.000000,0.024931
1779541524.433313,0,1,14.646914,2.570938,0.484616,2.000000,0.024931
1779541524.443606,0,1,14.664566,2.580340,0.485468,2.000000,0.024931
1779541524.453468,0,1,14.682203,2.589770,0.486491,2.000000,0.024931
1779541524.463521,0,1,14.699838,2.599205,0.487343,2.000000,0.028571
1779541524.473548,0,1,14.717457,2.608669,0.488366,2.000000,0.028571
1779541524.483843,0,1,14.735074,2.618137,0.489217,2.000000,0.030488
1779541524.493365,0,1,14.752676,2.627633,0.490241,2.000000,0.030488
1779541524.503769,0,1,14.770275,2.637134,0.491092,2.000000,0.031420
1779541524.513181,0,1,14.787859,2.646664,0.492116,2.000000,0.031420
1779541524.523532,0,1,14.805440,2.656198,0.492967,2.000000,0.032417
1779541524.533530,0,1,14.823006,2.665760,0.493991,2.000000,0.032417
1779541524.543737,0,1,14.840569,2.675327,0.494842,2.000000,0.033745
1779541524.553169,0,1,14.858105,2.684945,0.496158,2.000000,0.033745
1779541524.563692,0,1,14.875593,2.694649,0.498233,2.000000,0.036190
1779541524.573581,0,1,14.893051,2.704407,0.500476,2.000000,0.036190
1779541524.583586,0,1,14.910468,2.714238,0.503090,2.000000,0.038490
1779541524.594027,0,1,14.927859,2.724114,0.505648,2.000000,0.038490
1779541524.603693,0,1,14.945213,2.734057,0.508445,2.000000,0.040171
1779541524.613352,0,1,14.962542,2.744042,0.511110,2.000000,0.040171
1779541524.623564,0,1,14.979835,2.754089,0.513972,2.000000,0.039546
1779541524.633995,0,1,14.997105,2.764176,0.516675,2.000000,0.039546
1779541524.643538,0,1,15.014339,2.774325,0.519559,2.000000,0.038591
1779541524.654424,0,1,15.031550,2.784512,0.522276,2.000000,0.038591
1779541524.663579,0,1,15.048725,2.794760,0.525168,2.000000,0.038591
1779541524.673856,0,1,15.065878,2.805045,0.527890,2.000000,0.036304
1779541524.683407,0,1,15.082994,2.815390,0.530786,2.000000,0.036304
1779541524.693516,0,1,15.100088,2.825773,0.533510,2.000000,0.034893
1779541524.703709,0,1,15.117146,2.836215,0.536407,2.000000,0.034893
1779541524.713600,0,1,15.134181,2.846694,0.539133,2.000000,0.033588
1779541524.723586,0,1,15.151179,2.857232,0.542031,2.000000,0.033588
1779541524.733195,0,1,15.168155,2.867807,0.544756,2.000000,0.032195
1779541524.743588,0,1,15.185093,2.878441,0.547654,2.000000,0.032195
1779541524.753737,0,1,15.202009,2.889112,0.550381,2.000000,0.030946
1779541524.763765,0,1,15.218887,2.899841,0.553279,2.000000,0.030946
1779541524.774005,0,1,15.235756,2.910585,0.555712,2.000000,0.029717
1779541524.783553,0,1,15.252638,2.921309,0.557387,2.000000,0.029717
1779541524.793453,0,1,15.269513,2.932044,0.558894,2.000000,0.028603
1779541524.803913,0,1,15.286392,2.942772,0.560030,2.000000,0.028603
1779541524.813450,0,1,15.303259,2.953519,0.561222,2.000000,0.027544
1779541524.823543,0,1,15.320127,2.964265,0.562174,2.000000,0.027544
1779541524.833843,0,1,15.336980,2.975034,0.563259,2.000000,0.028236
1779541524.843208,0,1,15.353833,2.985804,0.564148,2.000000,0.029257
1779541524.853722,0,1,15.370669,2.996600,0.565194,2.000000,0.029257
1779541524.863612,0,1,15.387504,3.007398,0.566060,2.000000,0.029257
1779541524.873800,0,1,15.404322,3.018222,0.567093,2.000000,0.029257
1779541524.883618,0,1,15.421137,3.029049,0.567950,2.000000,0.029257
1779541524.893442,0,1,15.437936,3.039903,0.568978,2.000000,0.029257
1779541524.903441,0,1,15.454732,3.050760,0.569832,2.000000,0.029257
1779541524.913157,0,1,15.471511,3.061645,0.570858,2.000000,0.029257
1779541524.923902,0,1,15.488287,3.072533,0.571710,2.000000,0.029257
1779541524.933549,0,1,15.505046,3.083449,0.572735,2.000000,0.029257
1779541524.943641,0,1,15.521802,3.094368,0.573587,2.000000,0.029257
1779541524.953495,0,1,15.538540,3.105315,0.574611,2.000000,0.029257
1779541524.963975,0,1,15.555276,3.116265,0.575463,2.000000,0.029257
1779541524.973617,0,1,15.571994,3.127243,0.576486,2.000000,0.054541
1779541524.983485,0,1,15.588709,3.138225,0.577338,2.000000,0.054541
1779541524.993500,0,1,15.605393,3.149255,0.578654,2.000000,0.061657
1779541525.003697,0,1,15.622022,3.160367,0.580729,2.000000,0.061657
1779541525.013165,0,1,15.638616,3.171531,0.582973,2.000000,0.067733
1779541525.023334,0,1,15.655164,3.182763,0.585587,2.000000,0.067733
1779541525.033283,0,1,15.671682,3.194039,0.588144,2.000000,0.074079
1779541525.043488,0,1,15.688142,3.205399,0.591234,2.000000,0.077261
1779541525.053524,0,1,15.704522,3.216875,0.595123,2.000000,0.077261
1779541525.063378,0,1,15.720843,3.228435,0.599204,2.000000,0.081342
1779541525.073290,0,1,15.737092,3.240096,0.603669,2.000000,0.081342
1779541525.083319,0,1,15.753287,3.251831,0.608087,2.000000,0.085503
1779541525.093543,0,1,15.769414,3.263660,0.612750,2.000000,0.085503
1779541525.103539,0,1,15.785490,3.275558,0.617285,2.000000,0.087616
1779541525.113722,0,1,15.801499,3.287545,0.622016,2.000000,0.087616
1779541525.123200,0,1,15.817459,3.299600,0.626592,2.000000,0.088823
1779541525.133739,0,1,15.833351,3.311741,0.631349,2.000000,0.088823
1779541525.143467,0,1,15.849194,3.323948,0.635939,2.000000,0.089366
1779541525.153708,0,1,15.864971,3.336240,0.640706,2.000000,0.089366
1779541525.163804,0,1,15.880697,3.348597,0.645302,2.000000,0.090083
1779541525.173641,0,1,15.896356,3.361038,0.650072,2.000000,0.090083
1779541525.183538,0,1,15.911965,3.373543,0.654671,2.000000,0.090684
1779541525.193078,0,1,15.927506,3.386131,0.659443,2.000000,0.091341
1779541525.203554,0,1,15.942997,3.398782,0.664043,2.000000,0.091341
1779541525.213448,0,1,15.958419,3.411516,0.668815,2.000000,0.092809
1779541525.223770,0,1,15.973790,3.424312,0.673416,2.000000,0.092809
1779541525.233177,0,1,15.989092,3.437190,0.678189,2.000000,0.094111
1779541525.243779,0,1,16.004342,3.450130,0.682790,2.000000,0.094111
1779541525.253343,0,1,16.019522,3.463151,0.687563,2.000000,0.095944
1779541525.263525,0,1,16.034650,3.476233,0.692164,2.000000,0.095944
1779541525.273553,0,1,16.049700,3.489406,0.697084,2.000000,0.097944
1779541525.283528,0,1,16.064665,3.502673,0.702296,2.000000,0.099509
1779541525.293298,0,1,16.079541,3.516042,0.707826,2.000000,0.099509
1779541525.303537,0,1,16.094305,3.529533,0.713920,2.000000,0.101796
1779541525.313736,0,1,16.108979,3.543122,0.720070,2.000000,0.101796
1779541525.323321,0,1,16.123548,3.556825,0.726526,2.000000,0.105238
1779541525.333636,0,1,16.138031,3.570617,0.732887,2.000000,0.105238
1779541525.343586,0,1,16.152381,3.584491,0.739493,1.957714,0.106979
1779541525.353163,0,1,16.166594,3.598400,0.745972,1.957714,0.106979
1779541525.363559,0,1,16.180661,3.612374,0.752637,1.957714,0.106979
1779541525.373887,0,1,16.194610,3.626399,0.759119,1.957714,0.106979
1779541525.383629,0,1,16.208427,3.640499,0.765761,1.957714,0.106979
1779541525.393795,0,1,16.222139,3.654659,0.772210,1.957714,0.106979
1779541525.403539,0,1,16.235728,3.668901,0.778817,1.957714,0.106979
1779541525.413578,0,1,16.249218,3.683208,0.785234,1.957714,0.106979
1779541525.423525,0,1,16.262592,3.697602,0.791811,1.957714,0.106979
1779541525.433681,0,1,16.275872,3.712064,0.798204,1.957714,0.106979
1779541525.443624,0,1,16.289039,3.726614,0.804761,1.957714,0.106979
1779541525.453714,0,1,16.302115,3.741234,0.811138,1.957714,0.106979
1779541525.463605,0,1,16.315039,3.755896,0.817722,1.891198,0.111060
1779541525.473522,0,1,16.327798,3.770542,0.824151,1.891198,0.111060
1779541525.483981,0,1,16.340386,3.785207,0.830746,1.891198,0.116956
1779541525.493499,0,1,16.352836,3.799885,0.837131,1.891198,0.116956
1779541525.503837,0,1,16.365138,3.814605,0.843658,1.891198,0.119794
1779541525.513524,0,1,16.377321,3.829357,0.849973,1.891198,0.119794
1779541525.523892,0,1,16.389370,3.844165,0.856432,1.891198,0.123291
1779541525.534086,0,1,16.401311,3.859015,0.862689,1.891198,0.123291
1779541525.543896,0,1,16.413128,3.873929,0.869099,1.889792,0.127060
1779541525.553452,0,1,16.424843,3.888891,0.875317,1.889792,0.127060
1779541525.563556,0,1,16.436440,3.903920,0.881693,1.889792,0.131474
1779541525.573442,0,1,16.447941,3.919002,0.887883,1.889792,0.131474
1779541525.583375,0,1,16.459283,3.934141,0.894558,1.850680,0.136524
1779541525.593300,0,1,16.470404,3.949318,0.902021,1.826662,0.138928
1779541525.603319,0,1,16.481333,3.964506,0.909624,1.826662,0.138928
1779541525.613518,0,1,16.492064,3.979731,0.917551,1.826662,0.149096
1779541525.623641,0,1,16.502633,3.994985,0.925355,1.826662,0.149096
1779541525.633443,0,1,16.513029,4.010292,0.933347,1.826662,0.159381
1779541525.643492,0,1,16.523281,4.025640,0.941153,1.826662,0.159381
1779541525.653574,0,1,16.533374,4.041051,0.949118,1.826662,0.165334
1779541525.663561,0,1,16.543335,4.056512,0.956887,1.826662,0.165334
1779541525.673112,0,1,16.553124,4.072054,0.965104,1.826662,0.169164
1779541525.683622,0,1,16.562710,4.087700,0.974041,1.826662,0.169164
1779541525.693634,0,1,16.572127,4.103429,0.983100,1.826662,0.173063
1779541525.703610,0,1,16.581358,4.119254,0.992491,1.826662,0.173063
1779541525.713685,0,1,16.590434,4.135157,1.001794,1.826662,0.177139
1779541525.723550,0,1,16.599332,4.151150,1.011315,1.826662,0.178759
1779541525.733455,0,1,16.608080,4.167218,1.020686,1.826662,0.178759
1779541525.743884,0,1,16.616656,4.183373,1.030241,1.826662,0.182593
1779541525.753587,0,1,16.625083,4.199600,1.039628,1.826662,0.182593
1779541525.763773,0,1,16.633340,4.215911,1.049191,1.826662,0.186063
1779541525.773622,0,1,16.641450,4.232292,1.058581,1.826662,0.186063
1779541525.783707,0,1,16.649389,4.248754,1.068144,1.826662,0.189813
1779541525.793282,0,1,16.657183,4.265284,1.077533,1.826662,0.189813
1779541525.803514,0,1,16.664805,4.281891,1.087094,1.826662,0.192031
1779541525.813538,0,1,16.672280,4.298564,1.096481,1.826662,0.195698
1779541525.823845,0,1,16.679572,4.315317,1.106185,1.826662,0.195698
1779541525.833238,0,1,16.686663,4.332155,1.116311,1.826662,0.201220
1779541525.843746,0,1,16.693525,4.349086,1.127041,1.826662,0.201220
1779541525.853423,0,1,16.700191,4.366095,1.137838,1.826662,0.205936
1779541525.863607,0,1,16.706641,4.383187,1.148941,1.826662,0.205936
1779541525.873230,0,1,16.712902,4.400349,1.159945,1.826662,0.205936
1779541525.883766,0,1,16.718950,4.417586,1.171164,1.826662,0.205936
1779541525.893945,0,1,16.724813,4.434887,1.182233,1.826662,0.205936
1779541525.903841,0,1,16.730466,4.452258,1.193490,1.826662,0.205936
1779541525.913391,0,1,16.735933,4.469688,1.204582,1.826662,0.205936
1779541525.923456,0,1,16.741191,4.487182,1.215851,1.826662,0.205936
1779541525.933719,0,1,16.746264,4.504730,1.226951,1.826662,0.205936
1779541525.943831,0,1,16.751125,4.522338,1.238225,1.826662,0.205936
1779541525.953909,0,1,16.755802,4.539996,1.249328,1.826662,0.205936
1779541525.963467,0,1,16.760267,4.557709,1.260604,1.826662,0.205936
1779541525.973295,0,1,16.764546,4.575467,1.271708,1.826662,0.238113
1779541525.983884,0,1,16.768613,4.593275,1.282985,1.826662,0.238113
1779541525.994094,0,1,16.772493,4.611125,1.294089,1.826662,0.241478
1779541526.003907,0,1,16.776135,4.629025,1.305655,1.826662,0.241478
1779541526.013685,0,1,16.779496,4.646966,1.317966,1.812975,0.246061
1779541526.023837,0,1,16.782612,4.664928,1.330422,1.812975,0.246061
1779541526.033682,0,1,16.785460,4.682901,1.343234,1.798118,0.249977
1779541526.043453,0,1,16.788070,4.700868,1.355963,1.798118,0.249977
1779541526.053385,0,1,16.790419,4.718823,1.368915,1.783501,0.253918
1779541526.063869,0,1,16.792535,4.736756,1.381703,1.783501,0.253918
1779541526.073291,0,1,16.794395,4.754668,1.394656,1.777939,0.255441
1779541526.083463,0,1,16.796027,4.772559,1.407406,1.777939,0.255441
1779541526.093624,0,1,16.797409,4.790435,1.420299,1.777048,0.255686
1779541526.103479,0,1,16.798568,4.808297,1.432983,1.777048,0.255686
1779541526.113901,0,1,16.799480,4.826148,1.445809,1.776775,0.255762
1779541526.123588,0,1,16.800173,4.843983,1.458437,1.771080,0.257337
1779541526.133906,0,1,16.800621,4.861799,1.471220,1.771080,0.257337
1779541526.143494,0,1,16.800854,4.879588,1.483815,1.759836,0.260490
1779541526.153723,0,1,16.800818,4.897342,1.496862,1.759836,0.260490
1779541526.163704,0,1,16.800477,4.915046,1.510633,1.741736,0.265682
1779541526.173572,0,1,16.799871,4.932687,1.524510,1.741736,0.265682
1779541526.183707,0,1,16.798980,4.950284,1.538672,1.755083,0.261839
1779541526.193805,0,1,16.797837,4.967854,1.552693,1.755083,0.261839
1779541526.203747,0,1,16.796421,4.985400,1.566892,1.771066,0.256843
1779541526.213884,0,1,16.794760,5.002930,1.580916,1.771066,0.256843
1779541526.224401,0,1,16.792830,5.020444,1.595109,1.795044,0.238234
1779541526.233636,0,1,16.790659,5.037944,1.609129,1.795044,0.238234
1779541526.244037,0,1,16.788223,5.055430,1.623324,1.815059,0.226857
1779541526.253299,0,1,16.785571,5.072908,1.637070,1.815059,0.226857
1779541526.263561,0,1,16.782744,5.090386,1.650114,1.831248,0.220756
1779541526.274073,0,1,16.779704,5.107861,1.663043,1.851183,0.208407
1779541526.283887,0,1,16.776494,5.125344,1.675372,1.851183,0.208407
1779541526.293958,0,1,16.773146,5.142842,1.686917,1.871190,0.196187
1779541526.303701,0,1,16.769621,5.160348,1.698305,1.871190,0.196187
1779541526.314172,0,1,16.765934,5.177866,1.709352,1.887085,0.184626
1779541526.323401,0,1,16.762052,5.195389,1.720483,1.887085,0.184626
1779541526.333696,0,1,16.758019,5.212929,1.731124,1.911187,0.174055
1779541526.343711,0,1,16.753869,5.230496,1.741040,1.911187,0.174055
1779541526.353275,0,1,16.749562,5.248077,1.750831,1.911187,0.174055
1779541526.363761,0,1,16.745118,5.265673,1.760299,1.911187,0.174055
1779541526.373677,0,1,16.740503,5.283273,1.769860,1.911187,0.174055
1779541526.383464,0,1,16.735738,5.300878,1.779219,1.911187,0.174055
1779541526.393819,0,1,16.730796,5.318477,1.788738,1.911187,0.174055
1779541526.403844,0,1,16.725699,5.336074,1.798091,1.911187,0.174055
1779541526.413262,0,1,16.720420,5.353655,1.807623,1.911187,0.174055
1779541526.423347,0,1,16.714983,5.371227,1.816999,1.911187,0.174055
1779541526.433528,0,1,16.709362,5.388776,1.826560,1.911187,0.174055
1779541526.443811,0,1,16.703582,5.406307,1.835968,1.911187,0.174055
1779541526.453671,0,1,16.697609,5.423829,1.845545,2.000000,0.133585
1779541526.463500,0,1,16.691463,5.441366,1.854957,2.000000,0.133585
1779541526.473336,0,1,16.685119,5.458904,1.864555,2.000000,0.125319
1779541526.483401,0,1,16.678625,5.476455,1.873731,2.000000,0.125319
1779541526.493442,0,1,16.672041,5.494038,1.881933,2.000000,0.118827
1779541526.503332,0,1,16.665395,5.511660,1.889127,2.000000,0.118827
1779541526.513780,0,1,16.658648,5.529303,1.896022,2.000000,0.111258
1779541526.523542,0,1,16.651814,5.546970,1.902490,2.000000,0.111258
1779541526.533267,0,1,16.644862,5.564644,1.908984,2.000000,0.104012
1779541526.543477,0,1,16.637812,5.582330,1.915234,2.000000,0.104012
1779541526.555105,0,1,16.630634,5.600015,1.921615,2.000000,0.100239
1779541526.563636,0,1,16.623352,5.617704,1.927810,2.000000,0.100239
1779541526.573793,0,1,16.615939,5.635384,1.934170,2.000000,0.098235
1779541526.583741,0,1,16.608419,5.653061,1.940363,2.000000,0.098235
1779541526.593773,0,1,16.600766,5.670721,1.946732,2.000000,0.097010
1779541526.604073,0,1,16.593004,5.688374,1.952939,2.000000,0.095960
1779541526.613660,0,1,16.585109,5.706004,1.959326,2.000000,0.095960
1779541526.623752,0,1,16.577115,5.723626,1.965411,2.000000,0.095154
1779541526.633661,0,1,16.569030,5.741240,1.971220,2.000000,0.095154
1779541526.644102,0,1,16.560861,5.758847,1.976731,2.000000,0.093635
1779541526.654167,0,1,16.552634,5.776459,1.981702,2.000000,0.093635
1779541526.664010,0,1,16.544320,5.794059,1.986633,2.000000,0.092903
1779541526.673792,0,1,16.535939,5.811655,1.991274,2.000000,0.092903
1779541526.684163,0,1,16.527463,5.829234,1.996019,2.000000,0.092070
1779541526.693677,0,1,16.518917,5.846803,2.000557,2.000000,0.092070
1779541526.703864,0,1,16.510273,5.864349,2.005247,2.000000,0.092591
1779541526.714117,0,1,16.501556,5.881882,2.009756,2.000000,0.093116
1779541526.723744,0,1,16.492741,5.899389,2.014432,2.000000,0.093116
1779541526.734086,0,1,16.483851,5.916879,2.018937,2.000000,0.095084
1779541526.743915,0,1,16.474863,5.934339,2.023615,2.000000,0.095084
1779541526.753500,0,1,16.465801,5.951780,2.028124,2.000000,0.097386
1779541526.764334,0,1,16.456641,5.969189,2.032807,2.000000,0.097386
1779541526.773657,0,1,16.447406,5.986575,2.037322,2.000000,0.099457
1779541526.784299,0,1,16.438051,6.003915,2.042302,2.000000,0.099457
1779541526.793779,0,1,16.428541,6.021185,2.048036,2.000000,0.101697
1779541526.804031,0,1,16.418908,6.038403,2.053937,2.000000,0.101697
1779541526.813661,0,1,16.409135,6.055557,2.060208,2.000000,0.104029
1779541526.823663,0,1,16.399248,6.072660,2.066423,2.000000,0.104029
1779541526.833730,0,1,16.389228,6.089698,2.072880,2.000000,0.106144
1779541526.843634,0,1,16.379100,6.106685,2.079209,2.000000,0.106144
1779541526.854258,0,1,16.368843,6.123607,2.085736,2.000000,0.106144
1779541526.863385,0,1,16.358480,6.140476,2.092110,2.000000,0.106144
1779541526.873968,0,1,16.347990,6.157279,2.098667,2.000000,0.106144
1779541526.883723,0,1,16.337398,6.174027,2.105061,2.000000,0.106144
1779541526.893631,0,1,16.326680,6.190705,2.111633,2.000000,0.106144
1779541526.903871,0,1,16.315861,6.207328,2.118039,2.000000,0.106144
1779541526.914100,0,1,16.304918,6.223880,2.124621,2.000000,0.106144
1779541526.923802,0,1,16.293875,6.240373,2.131036,2.000000,0.106144
1779541526.933760,0,1,16.282709,6.256793,2.137625,2.000000,0.106144
1779541526.943832,0,1,16.271445,6.273154,2.144046,2.000000,0.106144
1779541526.953738,0,1,16.260060,6.289438,2.150641,2.000000,0.098157
1779541526.963924,0,1,16.248576,6.305661,2.157068,2.000000,0.098157
1779541526.973495,0,1,16.236973,6.321805,2.163668,2.000000,0.094333
1779541526.983439,0,1,16.225273,6.337887,2.170099,2.000000,0.094333
1779541526.993582,0,1,16.213454,6.353888,2.176704,2.000000,0.091712
1779541527.003773,0,1,16.201559,6.369840,2.182848,2.000000,0.091712
1779541527.013682,0,1,16.189622,6.385765,2.188238,2.000000,0.088981
1779541527.023876,0,1,16.177613,6.401642,2.193463,2.000000,0.088981
1779541527.033322,0,1,16.165549,6.417484,2.198321,2.000000,0.086062
1779541527.043411,0,1,16.153406,6.433270,2.203237,2.000000,0.086062
1779541527.053586,0,1,16.141204,6.449015,2.207916,2.000000,0.083420
1779541527.063736,0,1,16.128919,6.464700,2.212728,2.000000,0.083420
1779541527.073786,0,1,16.116573,6.480342,2.217345,2.000000,0.082982
1779541527.083872,0,1,16.104143,6.495923,2.222122,2.000000,0.082982
1779541527.093501,0,1,16.091651,6.511457,2.226719,2.000000,0.083327
1779541527.103367,0,1,16.079076,6.526928,2.231484,2.000000,0.083458
1779541527.113754,0,1,16.066438,6.542352,2.236074,2.000000,0.083458
1779541527.123767,0,1,16.053716,6.557710,2.240835,2.000000,0.085004
1779541527.134042,0,1,16.040932,6.573021,2.245424,2.000000,0.085004
1779541527.143690,0,1,16.028065,6.588265,2.250184,2.000000,0.086123
1779541527.154100,0,1,16.015136,6.603459,2.254773,2.000000,0.086123
1779541527.163627,0,1,16.002125,6.618587,2.259534,2.000000,0.090044
1779541527.173904,0,1,15.989052,6.633664,2.264123,2.000000,0.090044
1779541527.183778,0,1,15.975898,6.648672,2.268885,2.000000,0.091959
1779541527.193532,0,1,15.962682,6.663630,2.273475,2.000000,0.091959
1779541527.203745,0,1,15.949385,6.678518,2.278238,2.000000,0.094104
1779541527.213773,0,1,15.936028,6.693354,2.282829,2.000000,0.092945
1779541527.223850,0,1,15.922590,6.708121,2.287592,2.000000,0.092945
1779541527.233778,0,1,15.909093,6.722834,2.292184,2.000000,0.092671
1779541527.243389,0,1,15.895516,6.737476,2.296948,2.000000,0.092671
1779541527.253846,0,1,15.881879,6.752065,2.301541,2.000000,0.094108
1779541527.264199,0,1,15.868164,6.766582,2.306306,2.000000,0.094108
1779541527.273685,0,1,15.854390,6.781045,2.310900,2.000000,0.095616
1779541527.283603,0,1,15.840537,6.795434,2.315666,2.000000,0.095616
1779541527.293416,0,1,15.826626,6.809770,2.320260,2.000000,0.097297
1779541527.303460,0,1,15.812638,6.824031,2.325026,2.000000,0.097297
1779541527.313326,0,1,15.798592,6.838237,2.329621,2.000000,0.098949
1779541527.323269,0,1,15.784452,6.852350,2.334681,2.000000,0.100047
1779541527.333915,0,1,15.770189,6.866341,2.340499,2.000000,0.100047
1779541527.343379,0,1,15.755830,6.880235,2.346485,2.000000,0.101774
1779541527.353352,0,1,15.741360,6.894015,2.352842,2.000000,0.101774
1779541527.364037,0,1,15.726803,6.907704,2.359143,2.000000,0.101774
1779541527.373647,0,1,15.712142,6.921282,2.365684,2.000000,0.101774
1779541527.383892,0,1,15.697397,6.934771,2.372092,2.000000,0.101774
1779541527.393671,0,1,15.682553,6.948151,2.378697,2.000000,0.101774
1779541527.403835,0,1,15.667627,6.961442,2.385145,2.000000,0.101774
1779541527.413821,0,1,15.652604,6.974624,2.391773,2.000000,0.101774
1779541527.423700,0,1,15.637502,6.987716,2.398234,2.000000,0.101774
1779541527.433512,0,1,15.622305,7.000698,2.404871,2.000000,0.101774
1779541527.443243,0,1,15.607031,7.013591,2.411339,2.000000,0.101774
1779541527.453272,0,1,15.591663,7.026373,2.417980,2.000000,0.101774
1779541527.464005,0,1,15.576220,7.039064,2.424450,2.000000,0.101774
1779541527.473984,0,1,15.560684,7.051643,2.431092,2.000000,0.097235
1779541527.483725,0,1,15.545075,7.064131,2.437564,2.000000,0.097712
1779541527.493296,0,1,15.529375,7.076505,2.444207,2.000000,0.097712
1779541527.503985,0,1,15.513602,7.088787,2.450680,2.000000,0.096019
1779541527.513183,0,1,15.497740,7.100955,2.457324,2.000000,0.096019
1779541527.523465,0,1,15.481814,7.113040,2.463651,2.000000,0.094748
1779541527.533632,0,1,15.465828,7.125047,2.469684,2.000000,0.094748
1779541527.544264,0,1,15.449789,7.136982,2.475401,2.000000,0.094153
1779541527.553479,0,1,15.433714,7.148869,2.480554,2.000000,0.094153
1779541527.563664,0,1,15.417584,7.160683,2.485651,2.000000,0.092657
1779541527.573564,0,1,15.401413,7.172440,2.490443,2.000000,0.091825
1779541527.583926,0,1,15.385182,7.184116,2.495329,2.000000,0.091825
1779541527.593681,0,1,15.368908,7.195731,2.499998,2.000000,0.091995
1779541527.603598,0,1,15.352574,7.207262,2.504812,2.000000,0.091995
1779541527.613682,0,1,15.336195,7.218731,2.509438,2.000000,0.094427
1779541527.624137,0,1,15.319755,7.230112,2.514226,2.000000,0.094427
1779541527.633585,0,1,15.303271,7.241430,2.518836,2.000000,0.097298
1779541527.643852,0,1,15.286727,7.252660,2.523615,2.000000,0.097298
1779541527.653558,0,1,15.270138,7.263824,2.528219,2.000000,0.101227
1779541527.663631,0,1,15.253476,7.274878,2.533287,2.000000,0.101227
1779541527.673862,0,1,15.236719,7.285789,2.539112,2.000000,0.105151
1779541527.683305,0,1,15.219887,7.296584,2.545106,2.000000,0.105151
1779541527.693609,0,1,15.202970,7.307246,2.551469,2.000000,0.110468
1779541527.703301,0,1,15.185986,7.317801,2.557776,2.000000,0.113103
1779541527.713201,0,1,15.168922,7.328226,2.564322,2.000000,0.113103
1779541527.723580,0,1,15.151794,7.338547,2.570737,2.000000,0.117678
1779541527.733552,0,1,15.134591,7.348741,2.577347,2.000000,0.117678
1779541527.743612,0,1,15.117326,7.358832,2.583799,2.000000,0.121116
1779541527.753582,0,1,15.099988,7.368795,2.590432,2.000000,0.121116
1779541527.763786,0,1,15.082590,7.378656,2.596898,2.000000,0.123197
1779541527.773299,0,1,15.065121,7.388389,2.603539,2.000000,0.123197
1779541527.783365,0,1,15.047595,7.398018,2.610010,2.000000,0.124169
1779541527.793560,0,1,15.029999,7.407520,2.616655,2.000000,0.124169
1779541527.803621,0,1,15.012346,7.416918,2.623128,2.000000,0.124840
1779541527.813897,0,1,14.994627,7.426188,2.629774,2.000000,0.127974
1779541527.823925,0,1,14.976852,7.435353,2.636249,2.000000,0.127974
1779541527.833669,0,1,14.959006,7.444378,2.643042,2.000000,0.130696
1779541527.843961,0,1,14.941087,7.453256,2.650129,2.000000,0.130696
1779541527.853681,0,1,14.923091,7.461978,2.657532,2.000000,0.133389
1779541527.863707,0,1,14.905007,7.470518,2.665500,2.000000,0.133389
1779541527.873513,0,1,14.886852,7.478903,2.673525,2.000000,0.133389
1779541527.883625,0,1,14.868616,7.487113,2.681854,2.000000,0.133389
1779541527.893800,0,1,14.850315,7.495175,2.690090,2.000000,0.133389
1779541527.903658,0,1,14.831938,7.503065,2.698543,2.000000,0.133389
1779541527.913734,0,1,14.813500,7.510809,2.706851,2.000000,0.133389
1779541527.923683,0,1,14.794990,7.518382,2.715348,2.000000,0.133389
1779541527.933676,0,1,14.776422,7.525809,2.723682,2.000000,0.133389
1779541527.943752,0,1,14.757785,7.533065,2.732194,2.000000,0.133389
1779541527.953306,0,1,14.739093,7.540175,2.740538,2.000000,0.133389
1779541527.963689,0,1,14.720336,7.547114,2.749056,2.000000,0.133389
1779541527.973352,0,1,14.701526,7.553907,2.757404,2.000000,0.127924
1779541527.983237,0,1,14.682655,7.560527,2.765925,2.000000,0.127924
1779541527.993306,0,1,14.663736,7.567012,2.774128,2.000000,0.127156
1779541528.003510,0,1,14.644774,7.573369,2.782038,2.000000,0.127156
1779541528.013256,0,1,14.625772,7.579605,2.789632,2.000000,0.124263
1779541528.023689,0,1,14.606740,7.585748,2.796661,2.000000,0.124263
1779541528.033240,0,1,14.587668,7.591768,2.803635,2.000000,0.120700
1779541528.043789,0,1,14.568564,7.597684,2.810303,2.000000,0.119353
1779541528.053957,0,1,14.549419,7.603469,2.817066,2.000000,0.119353
1779541528.063430,0,1,14.530243,7.609147,2.823611,2.000000,0.117042
1779541528.073474,0,1,14.511027,7.614689,2.830301,2.000000,0.117042
1779541528.083297,0,1,14.491779,7.620120,2.836803,2.000000,0.116027
1779541528.094115,0,1,14.472493,7.625414,2.843467,2.000000,0.115933
1779541528.103278,0,1,14.453176,7.630596,2.849953,2.000000,0.115933
1779541528.113690,0,1,14.433823,7.635639,2.856608,2.000000,0.115292
1779541528.123249,0,1,14.414440,7.640569,2.863088,2.000000,0.115292
1779541528.133808,0,1,14.395023,7.645358,2.869739,2.000000,0.115935
1779541528.143435,0,1,14.375578,7.650035,2.876217,2.000000,0.115935
1779541528.153823,0,1,14.356099,7.654570,2.882867,2.000000,0.116259
1779541528.163714,0,1,14.336594,7.658991,2.889344,2.000000,0.116259
1779541528.173313,0,1,14.317058,7.663271,2.895993,2.000000,0.115330
1779541528.183687,0,1,14.297497,7.667436,2.902469,2.000000,0.114561
1779541528.193524,0,1,14.277906,7.671460,2.909118,2.000000,0.114561
1779541528.203457,0,1,14.258292,7.675368,2.915594,2.000000,0.113054
1779541528.213789,0,1,14.238650,7.679134,2.922243,2.000000,0.113054
1779541528.223701,0,1,14.218987,7.682785,2.928719,2.000000,0.111622
1779541528.233803,0,1,14.199297,7.686293,2.935367,2.000000,0.111622
1779541528.243629,0,1,14.179587,7.689685,2.941843,2.000000,0.109912
1779541528.253563,0,1,14.159853,7.692935,2.948491,2.000000,0.109912
1779541528.263265,0,1,14.140100,7.696068,2.954968,2.000000,0.108223
1779541528.273849,0,1,14.120325,7.699059,2.961616,2.000000,0.108223
1779541528.283479,0,1,14.100533,7.701933,2.968092,2.000000,0.107278
1779541528.293853,0,1,14.080721,7.704663,2.974740,2.000000,0.105266
1779541528.303585,0,1,14.060893,7.707277,2.981216,2.000000,0.105266
1779541528.313260,0,1,14.041046,7.709748,2.987865,2.000000,0.102813
1779541528.323568,0,1,14.021185,7.712101,2.994341,2.000000,0.102813
1779541528.333537,0,1,14.001308,7.714311,3.000989,2.000000,0.100269
1779541528.343774,0,1,13.981418,7.716403,3.007465,2.000000,0.097250
1779541528.353520,0,1,13.961513,7.718352,3.014113,2.000000,0.097250
1779541528.363551,0,1,13.941597,7.720183,3.020589,2.000000,0.097250
1779541528.373603,0,1,13.921669,7.721871,3.027238,2.000000,0.097250
1779541528.383569,0,1,13.901731,7.723441,3.033714,2.000000,0.097250
1779541528.393677,0,1,13.881782,7.724866,3.040362,2.000000,0.097250
1779541528.403317,0,1,13.861825,7.726174,3.046838,2.000000,0.097250
1779541528.413620,0,1,13.841859,7.727338,3.053486,2.000000,0.097250
1779541528.423650,0,1,13.821886,7.728384,3.059962,2.000000,0.097250
1779541528.433578,0,1,13.801907,7.729285,3.066611,2.000000,0.097250
1779541528.443573,0,1,13.781922,7.730069,3.073087,2.000000,0.097250
1779541528.453286,0,1,13.761932,7.730708,3.079735,2.000000,0.097250
1779541528.463717,0,1,13.741939,7.731230,3.086211,2.000000,0.076508
1779541528.473291,0,1,13.721943,7.731607,3.092859,2.000000,0.076508
1779541528.483577,0,1,13.701945,7.731891,3.099043,2.000000,0.070718
1779541528.493580,0,1,13.681947,7.732124,3.104468,2.000000,0.070718
1779541528.503806,0,1,13.661947,7.732270,3.109724,2.000000,0.068165
1779541528.513451,0,1,13.641947,7.732348,3.114610,2.000000,0.062673
1779541528.523786,0,1,13.621947,7.732329,3.119552,2.000000,0.062673
1779541528.533594,0,1,13.601948,7.732262,3.123962,2.000000,0.057063
1779541528.543371,0,1,13.581948,7.732186,3.127573,2.000000,0.057063
1779541528.553606,0,1,13.561948,7.732063,3.130992,2.000000,0.053463
1779541528.563565,0,1,13.541949,7.731914,3.134026,2.000000,0.053463
1779541528.573495,0,1,13.521950,7.731707,3.137107,2.000000,0.050643
1779541528.583997,0,1,13.501952,7.731465,3.139944,2.000000,0.050643
1779541528.593534,0,1,13.481954,7.731159,3.142910,2.000000,0.048955
1779541528.603418,0,1,13.461957,7.730815,3.145677,2.000000,0.048955
1779541528.613281,0,1,13.441961,7.730404,3.148602,2.000000,0.049194
1779541528.623279,0,1,13.421966,7.729953,3.151345,2.000000,0.049194
1779541528.633741,0,1,13.401973,7.729435,3.154254,2.000000,0.049878
1779541528.643601,0,1,13.381981,7.728874,3.156987,2.000000,0.049878
1779541528.653625,0,1,13.361991,7.728246,3.159890,2.000000,0.050600
1779541528.663820,0,1,13.342002,7.727575,3.162620,2.000000,0.050600
1779541528.673583,0,1,13.322016,7.726835,3.165520,2.000000,0.051281
1779541528.683842,0,1,13.302031,7.726053,3.168248,2.000000,0.051281
1779541528.693258,0,1,13.282049,7.725201,3.171148,2.000000,0.051962
1779541528.703812,0,1,13.262070,7.724307,3.173875,2.000000,0.051962
1779541528.713292,0,1,13.242093,7.723344,3.176774,2.000000,0.052446
1779541528.723742,0,1,13.222118,7.722338,3.179501,2.000000,0.052446
1779541528.733295,0,1,13.202147,7.721262,3.182400,2.000000,0.052883
1779541528.743728,0,1,13.182178,7.720144,3.185126,2.000000,0.052883
1779541528.753614,0,1,13.162214,7.718956,3.188025,2.000000,0.053145
1779541528.763557,0,1,13.142252,7.717726,3.190751,2.000000,0.053322
1779541528.773271,0,1,13.122294,7.716426,3.193650,2.000000,0.053322
1779541528.784616,0,1,13.102339,7.715083,3.196376,2.000000,0.053128
1779541528.793661,0,1,13.082389,7.713671,3.199275,2.000000,0.053128
1779541528.803477,0,1,13.062442,7.712217,3.202001,2.000000,0.053076
1779541528.813756,0,1,13.042500,7.710692,3.204900,2.000000,0.053076
1779541528.823643,0,1,13.022562,7.709125,3.207626,2.000000,0.052994
1779541528.833545,0,1,13.002629,7.707489,3.210524,2.000000,0.052994
1779541528.843645,0,1,12.982699,7.705810,3.213251,2.000000,0.052819
1779541528.853563,0,1,12.962776,7.704062,3.216149,2.000000,0.052819
1779541528.864437,0,1,12.942856,7.702271,3.218876,2.000000,0.052819
1779541528.873798,0,1,12.922943,7.700410,3.221774,2.000000,0.052819
1779541528.883814,0,1,12.903034,7.698507,3.224500,2.000000,0.052819
1779541528.893705,0,1,12.883131,7.696534,3.227399,2.000000,0.052819
1779541528.903595,0,1,12.863233,7.694519,3.230125,2.000000,0.052819
1779541528.913451,0,1,12.843342,7.692435,3.233024,2.000000,0.052819
1779541528.923609,0,1,12.823456,7.690308,3.235750,2.000000,0.052819
1779541528.933899,0,1,12.803577,7.688112,3.238648,2.000000,0.052819
1779541528.943634,0,1,12.783702,7.685873,3.241375,2.000000,0.052819
1779541528.953708,0,1,12.763836,7.683565,3.244273,2.000000,0.052819
1779541528.963655,0,1,12.743975,7.681215,3.246999,2.000000,0.052819
1779541528.973340,0,1,12.724121,7.678795,3.249898,2.000000,0.052819
1779541528.983257,0,1,12.704274,7.676333,3.252624,2.000000,0.045679
1779541528.993562,0,1,12.684434,7.673801,3.255523,2.000000,0.045679
1779541529.003411,0,1,12.664601,7.671228,3.258249,2.000000,0.044195
1779541529.013552,0,1,12.644776,7.668585,3.261147,2.000000,0.042263
1779541529.023424,0,1,12.624957,7.665899,3.263874,2.000000,0.042263
1779541529.033546,0,1,12.605148,7.663145,3.266772,2.000000,0.040061
1779541529.044029,0,1,12.585344,7.660348,3.269499,2.000000,0.040061
1779541529.053603,0,1,12.565551,7.657483,3.272397,2.000000,0.037562
1779541529.063994,0,1,12.545763,7.654574,3.275123,2.000000,0.037562
1779541529.073284,0,1,12.525986,7.651597,3.278022,2.000000,0.034975
1779541529.083602,0,1,12.506215,7.648578,3.280748,2.000000,0.034975
1779541529.093800,0,1,12.486455,7.645490,3.283646,2.000000,0.032080
1779541529.103638,0,1,12.466702,7.642359,3.286373,2.000000,0.028924
1779541529.113536,0,1,12.446959,7.639160,3.289271,2.000000,0.028924
1779541529.123346,0,1,12.427220,7.635944,3.291705,2.000000,0.027099
1779541529.133632,0,1,12.407476,7.632750,3.293380,2.000000,0.027099
1779541529.143420,0,1,12.387735,7.629545,3.294887,2.000000,0.023575
1779541529.153315,0,1,12.367992,7.626347,3.296023,2.000000,0.023575
1779541529.163636,0,1,12.348253,7.623127,3.297215,2.000000,0.019853
1779541529.173643,0,1,12.328514,7.619909,3.298167,2.000000,0.019853
1779541529.184596,0,1,12.308779,7.616663,3.299252,2.000000,0.017349
1779541529.193587,0,1,12.289044,7.613416,3.300141,2.000000,0.017349
1779541529.203676,0,1,12.269314,7.610140,3.301187,2.000000,0.016224
1779541529.213737,0,1,12.249585,7.606860,3.302053,2.000000,0.016224
1779541529.223711,0,1,12.229861,7.603551,3.303086,2.000000,0.015660
1779541529.233657,0,1,12.210137,7.600237,3.303944,2.000000,0.015014
1779541529.243740,0,1,12.190419,7.596892,3.304971,2.000000,0.015014
1779541529.253621,0,1,12.170702,7.593542,3.305825,2.000000,0.014288
1779541529.263921,0,1,12.150989,7.590161,3.306851,2.000000,0.014288
1779541529.273509,0,1,12.131278,7.586776,3.307703,2.000000,0.013385
1779541529.283831,0,1,12.111572,7.583358,3.308728,2.000000,0.013385
1779541529.293782,0,1,12.091867,7.579936,3.309580,2.000000,0.012497
1779541529.303538,0,1,12.072168,7.576482,3.310604,2.000000,0.012497
1779541529.313371,0,1,12.052469,7.573024,3.311456,2.000000,0.011344
1779541529.323998,0,1,12.032776,7.569533,3.312480,2.000000,0.011344
1779541529.333553,0,1,12.013084,7.566037,3.313331,2.000000,0.010123
1779541529.343992,0,1,11.993397,7.562510,3.314355,2.000000,0.010123
1779541529.353887,0,1,11.973712,7.558978,3.315206,2.000000,0.008673
1779541529.363619,0,1,11.954032,7.555414,3.316230,2.000000,0.008673
1779541529.373563,0,1,11.934353,7.551844,3.317081,2.000000,0.008673
1779541529.383853,0,1,11.914680,7.548243,3.318105,2.000000,0.008673
1779541529.393745,0,1,11.895008,7.544637,3.318957,2.000000,0.008673
1779541529.403543,0,1,11.875341,7.540999,3.319980,2.000000,0.008673
1779541529.413446,0,1,11.855676,7.537356,3.320831,2.000000,0.008673
1779541529.423541,0,1,11.836016,7.533681,3.321855,2.000000,0.008673
1779541529.433859,0,1,11.816358,7.530002,3.322706,2.000000,0.008673
1779541529.443338,0,1,11.796705,7.526290,3.323730,2.000000,0.008673
1779541529.453765,0,1,11.777054,7.522573,3.324581,2.000000,0.008673
1779541529.463584,0,1,11.757408,7.518825,3.325605,2.000000,0.008673
1779541529.473140,0,1,11.737763,7.515071,3.326456,2.000000,-0.002245
1779541529.483721,0,1,11.718125,7.511286,3.327480,2.000000,-0.002245
1779541529.493285,0,1,11.698482,7.507521,3.328039,2.000000,-0.006656
1779541529.503229,0,1,11.678829,7.503815,3.327839,2.000000,-0.009726
1779541529.513537,0,1,11.659170,7.500134,3.327470,2.000000,-0.009726
1779541529.523530,0,1,11.639504,7.496498,3.326731,2.000000,-0.011335
1779541529.533777,0,1,11.619834,7.492877,3.326049,2.000000,-0.011335
1779541529.543457,0,1,11.600158,7.489293,3.325126,2.000000,-0.014291
1779541529.553953,0,1,11.580480,7.485720,3.324336,2.000000,-0.014291
1779541529.563253,0,1,11.560795,7.482182,3.323350,2.000000,-0.015339
1779541529.573842,0,1,11.541109,7.478652,3.322521,2.000000,-0.015339
1779541529.583601,0,1,11.521417,7.475156,3.321513,2.000000,-0.015084
1779541529.593259,0,1,11.501724,7.471666,3.320670,2.000000,-0.015084
1779541529.603666,0,1,11.482025,7.468209,3.319653,2.000000,-0.014829
1779541529.613284,0,1,11.462325,7.464758,3.318806,2.000000,-0.014829
1779541529.623613,0,1,11.442619,7.461340,3.317785,2.000000,-0.013289
1779541529.633682,0,1,11.422913,7.457927,3.316935,2.000000,-0.013289
1779541529.643475,0,1,11.403200,7.454546,3.315913,2.000000,-0.012011
1779541529.653314,0,1,11.383487,7.451171,3.315063,2.000000,-0.012011
1779541529.663554,0,1,11.363769,7.447827,3.314040,2.000000,-0.011288
1779541529.673457,0,1,11.344049,7.444489,3.313189,2.000000,-0.011288
1779541529.683522,0,1,11.324324,7.441183,3.312166,2.000000,-0.009688
1779541529.693572,0,1,11.304599,7.437882,3.311315,2.000000,-0.008088
1779541529.703475,0,1,11.284868,7.434613,3.310292,2.000000,-0.008088
1779541529.713537,0,1,11.265136,7.431349,3.309440,2.000000,-0.008088
1779541529.723607,0,1,11.245399,7.428117,3.308417,2.000000,-0.006430
1779541529.733551,0,1,11.225661,7.424891,3.307565,2.000000,-0.006430
1779541529.743488,0,1,11.205918,7.421696,3.306542,2.000000,-0.003834
1779541529.753573,0,1,11.186174,7.418506,3.305691,2.000000,-0.002945
1779541529.763726,0,1,11.166424,7.415348,3.304667,2.000000,-0.002945
1779541529.773275,0,1,11.146674,7.412196,3.303816,2.000000,-0.001062
1779541529.783994,0,1,11.126919,7.409075,3.302792,2.000000,-0.001062
1779541529.793437,0,1,11.107164,7.405959,3.301941,2.000000,0.000896
1779541529.804164,0,1,11.087403,7.402876,3.300918,2.000000,0.000896
1779541529.813563,0,1,11.067645,7.399772,3.300358,2.000000,0.002938
1779541529.823622,0,1,11.047897,7.396608,3.300558,2.000000,0.003844
1779541529.833348,0,1,11.028153,7.393420,3.300927,2.000000,0.003844
1779541529.843267,0,1,11.008416,7.390186,3.301666,2.000000,0.005978
1779541529.853213,0,1,10.988681,7.386938,3.302348,2.000000,0.005978
1779541529.863900,0,1,10.968953,7.383651,3.303271,2.000000,0.005978
1779541529.873658,0,1,10.949227,7.380355,3.304061,2.000000,0.005978
1779541529.883860,0,1,10.929506,7.377022,3.305048,2.000000,0.005978
1779541529.893677,0,1,10.909787,7.373683,3.305876,2.000000,0.005978
1779541529.903252,0,1,10.890074,7.370309,3.306885,2.000000,0.005978
1779541529.913495,0,1,10.870362,7.366929,3.307727,2.000000,0.005978
1779541529.923911,0,1,10.850655,7.363516,3.308744,2.000000,0.005978
1779541529.933609,0,1,10.830949,7.360097,3.309592,2.000000,0.005978
1779541529.943895,0,1,10.811249,7.356645,3.310612,2.000000,0.005978
1779541529.953554,0,1,10.791550,7.353188,3.311462,2.000000,0.005978
1779541529.963533,0,1,10.771857,7.349699,3.312484,2.000000,0.005978
1779541529.973755,0,1,10.752165,7.346204,3.313335,2.000000,-0.000261
1779541529.983511,0,1,10.732478,7.342678,3.314357,2.000000,-0.000261
1779541529.993467,0,1,10.712788,7.339171,3.314916,2.000000,-0.002406
1779541530.003813,0,1,10.693087,7.335724,3.314716,2.000000,-0.002406
1779541530.013639,0,1,10.673382,7.332302,3.314347,2.000000,-0.004618
1779541530.023521,0,1,10.653670,7.328924,3.313608,2.000000,-0.004618
1779541530.033721,0,1,10.633954,7.325561,3.312925,2.000000,-0.006935
1779541530.043488,0,1,10.614233,7.322237,3.312002,2.000000,-0.006935
1779541530.053697,0,1,10.594509,7.318922,3.311212,2.000000,-0.007703
1779541530.063607,0,1,10.574780,7.315643,3.310226,2.000000,-0.007703
1779541530.073120,0,1,10.555049,7.312372,3.309397,2.000000,-0.007009
1779541530.083261,0,1,10.535313,7.309134,3.308388,2.000000,-0.006498
1779541530.093637,0,1,10.515576,7.305903,3.307546,2.000000,-0.006498
1779541530.103398,0,1,10.495833,7.302705,3.306529,2.000000,-0.004991
1779541530.113519,0,1,10.476089,7.299513,3.305681,2.000000,-0.004991
1779541530.123346,0,1,10.456341,7.296354,3.304661,2.000000,-0.003328
1779541530.133399,0,1,10.436591,7.293200,3.303811,2.000000,-0.003328
1779541530.143415,0,1,10.416836,7.290078,3.302789,2.000000,-0.001557
1779541530.153741,0,1,10.397080,7.286961,3.301938,2.000000,-0.001557
1779541530.163153,0,1,10.377320,7.283877,3.300916,2.000000,0.000338
1779541530.173344,0,1,10.357558,7.280798,3.300065,2.000000,0.001398
1779541530.183582,0,1,10.337791,7.277751,3.299042,2.000000,0.001398
1779541530.193430,0,1,10.318028,7.274684,3.298483,2.000000,0.003413
1779541530.203755,0,1,10.298274,7.271557,3.298683,2.000000,0.003413
1779541530.213476,0,1,10.278524,7.268406,3.299052,2.000000,0.005508
1779541530.223359,0,1,10.258781,7.265209,3.299791,2.000000,0.005508
1779541530.233760,0,1,10.239040,7.261998,3.300473,2.000000,0.007715
1779541530.243512,0,1,10.219306,7.258748,3.301396,2.000000,0.007715
1779541530.253441,0,1,10.199574,7.255488,3.302186,2.000000,0.008394
1779541530.263386,0,1,10.179847,7.252193,3.303172,2.000000,0.007530
1779541530.273446,0,1,10.160122,7.248890,3.304001,2.000000,0.007530
1779541530.283270,0,1,10.140402,7.245553,3.305010,2.000000,0.006978
1779541530.293890,0,1,10.120683,7.242210,3.305852,2.000000,0.006978
1779541530.303393,0,1,10.100970,7.238834,3.306869,2.000000,0.005382
1779541530.313720,0,1,10.081258,7.235452,3.307717,2.000000,0.005382
1779541530.323298,0,1,10.061552,7.232038,3.308737,2.000000,0.003580
1779541530.333776,0,1,10.041847,7.228617,3.309587,2.000000,0.002581
1779541530.343679,0,1,10.022147,7.225165,3.310609,2.000000,0.002581
1779541530.353855,0,1,10.002448,7.221707,3.311460,2.000000,0.002581
1779541530.363441,0,1,9.982755,7.218218,3.312482,2.000000,0.002581
1779541530.373226,0,1,9.963063,7.214723,3.313333,2.000000,0.002581
1779541530.383172,0,1,9.943376,7.211196,3.314356,2.000000,0.002581
1779541530.393787,0,1,9.923690,7.207664,3.315208,2.000000,0.002581
1779541530.403561,0,1,9.904010,7.204100,3.316231,2.000000,0.002581
1779541530.413658,0,1,9.884331,7.200531,3.317082,2.000000,0.002581
1779541530.423576,0,1,9.864658,7.196930,3.318105,2.000000,0.002581
1779541530.433473,0,1,9.844986,7.193324,3.318957,2.000000,0.002581
1779541530.443564,0,1,9.825320,7.189687,3.319980,2.000000,0.002581
1779541530.453489,0,1,9.805654,7.186044,3.320832,2.000000,0.002581
1779541530.464164,0,1,9.785995,7.182369,3.321855,2.000000,-0.009504
1779541530.473590,0,1,9.766336,7.178689,3.322707,2.000000,-0.009504
1779541530.483388,0,1,9.746684,7.174978,3.323730,2.000000,-0.012635
1779541530.493633,0,1,9.727027,7.171286,3.324289,2.000000,-0.012635
1779541530.503751,0,1,9.707360,7.167654,3.324089,2.000000,-0.016211
1779541530.513508,0,1,9.687688,7.164047,3.323720,2.000000,-0.016211
1779541530.523366,0,1,9.668008,7.160484,3.322982,2.000000,-0.018829
1779541530.533865,0,1,9.648325,7.156937,3.322299,2.000000,-0.018829
1779541530.543689,0,1,9.628635,7.153427,3.321377,2.000000,-0.021163
1779541530.554557,0,1,9.608944,7.149928,3.320586,2.000000,-0.021163
1779541530.563562,0,1,9.589246,7.146464,3.319600,2.000000,-0.021196
1779541530.573627,0,1,9.569547,7.143008,3.318772,2.000000,-0.021196
1779541530.584016,0,1,9.549842,7.139585,3.317763,2.000000,-0.020462
1779541530.593572,0,1,9.530136,7.136170,3.316921,2.000000,-0.020462
1779541530.603681,0,1,9.510424,7.132786,3.315903,2.000000,-0.020462
1779541530.613453,0,1,9.490711,7.129409,3.315056,2.000000,-0.018329
1779541530.623652,0,1,9.470993,7.126065,3.314035,2.000000,-0.018329
1779541530.633681,0,1,9.451273,7.122726,3.313186,2.000000,-0.016940
1779541530.643290,0,1,9.431549,7.119419,3.312163,2.000000,-0.016940
1779541530.653258,0,1,9.411823,7.116117,3.311313,2.000000,-0.015341
1779541530.663635,0,1,9.392092,7.112848,3.310290,2.000000,-0.015341
1779541530.673755,0,1,9.372360,7.109584,3.309439,2.000000,-0.013603
1779541530.683654,0,1,9.352623,7.106352,3.308416,2.000000,-0.013603
1779541530.693638,0,1,9.332885,7.103125,3.307565,2.000000,-0.011785
1779541530.703719,0,1,9.313142,7.099930,3.306542,2.000000,-0.011785
1779541530.713966,0,1,9.293398,7.096740,3.305690,2.000000,-0.009837
1779541530.723570,0,1,9.273649,7.093582,3.304667,2.000000,-0.009837
1779541530.733926,0,1,9.253899,7.090429,3.303816,2.000000,-0.007823
1779541530.743547,0,1,9.234144,7.087309,3.302792,2.000000,-0.007823
1779541530.753647,0,1,9.214388,7.084193,3.301941,2.000000,-0.005697
1779541530.763568,0,1,9.194627,7.081109,3.300917,2.000000,-0.005697
1779541530.773558,0,1,9.174866,7.078031,3.300066,2.000000,-0.003483
1779541530.783700,0,1,9.155099,7.074984,3.299043,2.000000,-0.003483
1779541530.793592,0,1,9.135332,7.071943,3.298191,2.000000,-0.001159
1779541530.803348,0,1,9.115559,7.068933,3.297168,2.000000,-0.001159
1779541530.813890,0,1,9.095786,7.065929,3.296316,2.000000,0.001258
1779541530.823377,0,1,9.076008,7.062956,3.295293,2.000000,0.001258
1779541530.833770,0,1,9.056234,7.059964,3.294734,2.000000,0.003778
1779541530.843852,0,1,9.036468,7.056911,3.294934,2.000000,0.003778
1779541530.853549,0,1,9.016706,7.053834,3.295302,2.000000,0.003778
1779541530.863627,0,1,8.996951,7.050711,3.296041,2.000000,0.003778
1779541530.873688,0,1,8.977199,7.047574,3.296724,2.000000,0.003778
1779541530.883760,0,1,8.957453,7.044398,3.297646,2.000000,0.003778
1779541530.893438,0,1,8.937708,7.041213,3.298437,2.000000,0.003778
1779541530.903686,0,1,8.917969,7.037991,3.299423,2.000000,0.003778
1779541530.913391,0,1,8.898232,7.034763,3.300251,2.000000,0.003778
1779541530.924005,0,1,8.878499,7.031500,3.301260,2.000000,0.003778
1779541530.933653,0,1,8.858768,7.028231,3.302102,2.000000,0.003778
1779541530.943381,0,1,8.839043,7.024928,3.303119,2.000000,0.003778
1779541530.953208,0,1,8.819318,7.021620,3.303967,2.000000,0.003778
1779541530.963880,0,1,8.799599,7.018280,3.304988,2.000000,0.007656
1779541530.973640,0,1,8.779881,7.014934,3.305837,2.000000,0.007656
1779541530.983804,0,1,8.760169,7.011555,3.306859,2.000000,0.006388
1779541530.993792,0,1,8.740457,7.008171,3.307710,2.000000,0.006388
1779541531.003825,0,1,8.720751,7.004756,3.308732,2.000000,0.005076
1779541531.014613,0,1,8.701046,7.001335,3.309583,2.000000,0.005076
1779541531.023977,0,1,8.681346,6.997882,3.310607,2.000000,0.005076
1779541531.033653,0,1,8.661647,6.994424,3.311458,2.000000,0.002907
1779541531.044023,0,1,8.641954,6.990933,3.312481,2.000000,0.002907
1779541531.053614,0,1,8.622262,6.987438,3.313332,2.000000,0.001416
1779541531.063474,0,1,8.602575,6.983911,3.314356,2.000000,0.001416
1779541531.073790,0,1,8.582890,6.980379,3.315207,2.000000,-0.000110
1779541531.083832,0,1,8.563210,6.976815,3.316230,2.000000,-0.000110
1779541531.094090,0,1,8.543526,6.973271,3.316789,2.000000,-0.001686
1779541531.103246,0,1,8.523832,6.969787,3.316590,2.000000,-0.003325
1779541531.114342,0,1,8.504134,6.966327,3.316221,2.000000,-0.003325
1779541531.123615,0,1,8.484427,6.962912,3.315482,2.000000,-0.004113
1779541531.133825,0,1,8.464719,6.959512,3.314799,2.000000,-0.004113
1779541531.143317,0,1,8.445003,6.956151,3.313877,2.000000,-0.004113
1779541531.153792,0,1,8.425286,6.952799,3.313086,2.000000,-0.005097
1779541531.163266,0,1,8.405563,6.949483,3.312100,2.000000,-0.005097
1779541531.174115,0,1,8.385838,6.946175,3.311272,2.000000,-0.003730
1779541531.184002,0,1,8.366108,6.942900,3.310263,2.000000,-0.003730
1779541531.193739,0,1,8.346377,6.939632,3.309421,2.000000,-0.001707
1779541531.203861,0,1,8.326640,6.936397,3.308404,2.000000,-0.001707
1779541531.213780,0,1,8.306903,6.933168,3.307556,2.000000,0.000658
1779541531.224648,0,1,8.287160,6.929971,3.306535,2.000000,0.000658
1779541531.233668,0,1,8.267420,6.926755,3.305978,2.000000,0.003118
1779541531.243849,0,1,8.247690,6.923479,3.306180,2.000000,0.003118
1779541531.253600,0,1,8.227964,6.920179,3.306549,2.000000,0.005798
1779541531.263838,0,1,8.208246,6.916834,3.307289,2.000000,0.005798
1779541531.273264,0,1,8.188530,6.913474,3.307972,2.000000,0.008554
1779541531.283568,0,1,8.168821,6.910076,3.308895,2.000000,0.008554
1779541531.293420,0,1,8.149114,6.906668,3.309685,2.000000,0.009876
1779541531.303926,0,1,8.129412,6.903225,3.310672,2.000000,0.009876
1779541531.313588,0,1,8.109712,6.899774,3.311500,2.000000,0.009678
1779541531.323443,0,1,8.090018,6.896290,3.312509,2.000000,0.009678
1779541531.333850,0,1,8.070325,6.892799,3.313351,2.000000,0.008942
1779541531.343592,0,1,8.050638,6.889275,3.314369,2.000000,0.008942
1779541531.353501,0,1,8.030952,6.885745,3.315216,2.000000,0.007965
1779541531.363290,0,1,8.011272,6.882183,3.316237,2.000000,0.007965
1779541531.373621,0,1,7.991593,6.878615,3.317087,2.000000,0.007965
1779541531.383899,0,1,7.971919,6.875015,3.318109,2.000000,0.007965
1779541531.393448,0,1,7.952247,6.871409,3.318959,2.000000,0.007965
1779541531.403766,0,1,7.932581,6.867772,3.319982,2.000000,0.007965
1779541531.413573,0,1,7.912915,6.864130,3.320833,2.000000,0.007965
1779541531.423745,0,1,7.893255,6.860455,3.321856,2.000000,0.007965
1779541531.433588,0,1,7.873597,6.856776,3.322707,2.000000,0.007965
1779541531.443483,0,1,7.853944,6.853064,3.323731,2.000000,0.007965
1779541531.453780,0,1,7.834293,6.849348,3.324582,2.000000,0.007965
1779541531.463531,0,1,7.814647,6.845600,3.325605,2.000000,0.007965
1779541531.473225,0,1,7.795002,6.841846,3.326457,2.000000,0.000875
1779541531.483675,0,1,7.775364,6.838061,3.327480,2.000000,0.000875
1779541531.493387,0,1,7.755726,6.834271,3.328331,2.000000,-0.001267
1779541531.503630,0,1,7.736095,6.830449,3.329355,2.000000,-0.001267
1779541531.513195,0,1,7.716460,6.826646,3.329914,2.000000,-0.002892
1779541531.523652,0,1,7.696813,6.822904,3.329714,2.000000,-0.002892
1779541531.533221,0,1,7.677161,6.819186,3.329345,2.000000,-0.004571
1779541531.543745,0,1,7.657502,6.815513,3.328606,2.000000,-0.004571
1779541531.553419,0,1,7.637839,6.811855,3.327924,2.000000,-0.006318
1779541531.563260,0,1,7.618169,6.808235,3.327001,2.000000,-0.006318
1779541531.573534,0,1,7.598498,6.804625,3.326211,2.000000,-0.006544
1779541531.583397,0,1,7.578820,6.801050,3.325225,2.000000,-0.006544
1779541531.593578,0,1,7.559141,6.797483,3.324396,2.000000,-0.005273
1779541531.603588,0,1,7.539455,6.793950,3.323387,2.000000,-0.005273
1779541531.613379,0,1,7.519769,6.790423,3.322545,2.000000,-0.003274
1779541531.623799,0,1,7.500076,6.786929,3.321528,2.000000,-0.003274
1779541531.633673,0,1,7.480383,6.783442,3.320681,2.000000,-0.001064
1779541531.643562,0,1,7.460683,6.779986,3.319660,2.000000,-0.001064
1779541531.653537,0,1,7.440983,6.776536,3.318810,2.000000,0.001299
1779541531.664062,0,1,7.421277,6.773118,3.317788,2.000000,0.001299
1779541531.673536,0,1,7.401575,6.769681,3.317230,2.000000,0.003827
1779541531.683659,0,1,7.381883,6.766184,3.317431,2.000000,0.003827
1779541531.693614,0,1,7.362196,6.762662,3.317800,2.000000,0.006445
1779541531.703523,0,1,7.342516,6.759096,3.318539,2.000000,0.007681
1779541531.713917,0,1,7.322839,6.755515,3.319222,2.000000,0.007681
1779541531.723621,0,1,7.303170,6.751895,3.320145,2.000000,0.010167
1779541531.733644,0,1,7.283502,6.748266,3.320935,2.000000,0.010167
1779541531.743290,0,1,7.263840,6.744602,3.321921,2.000000,0.010451
1779541531.753817,0,1,7.244180,6.740929,3.322750,2.000000,0.010451
1779541531.764136,0,1,7.224527,6.737224,3.323759,2.000000,0.009816
1779541531.773949,0,1,7.204874,6.733511,3.324601,2.000000,0.009816
1779541531.783811,0,1,7.185228,6.729766,3.325618,2.000000,0.009257
1779541531.793167,0,1,7.165583,6.726015,3.326466,2.000000,0.008145
1779541531.803796,0,1,7.145944,6.722232,3.327487,2.000000,0.008145
1779541531.813539,0,1,7.126306,6.718443,3.328336,2.000000,0.006913
1779541531.823881,0,1,7.106675,6.714622,3.329358,2.000000,0.006913
1779541531.833641,0,1,7.087044,6.710795,3.330209,2.000000,0.005576
1779541531.843886,0,1,7.067420,6.706937,3.331232,2.000000,0.005576
1779541531.853447,0,1,7.047796,6.703073,3.332083,2.000000,0.004181
1779541531.863741,0,1,7.028179,6.699178,3.333106,2.000000,0.004181
1779541531.873509,0,1,7.008563,6.695278,3.333957,2.000000,0.004181
1779541531.884136,0,1,6.988954,6.691346,3.334980,2.000000,0.004181
1779541531.893569,0,1,6.969345,6.687408,3.335831,2.000000,0.004181
1779541531.903315,0,1,6.949743,6.683439,3.336855,2.000000,0.004181
1779541531.913837,0,1,6.930142,6.679465,3.337706,2.000000,0.004181
1779541531.923685,0,1,6.910547,6.675459,3.338729,2.000000,0.004181
1779541531.933802,0,1,6.890953,6.671448,3.339581,2.000000,0.004181
1779541531.943618,0,1,6.871366,6.667405,3.340604,2.000000,0.004181
1779541531.953650,0,1,6.851780,6.663358,3.341456,2.000000,0.004181
1779541531.963596,0,1,6.832201,6.659278,3.342479,2.000000,0.004181
1779541531.973552,0,1,6.812622,6.655194,3.343331,2.000000,-0.004597
1779541531.983880,0,1,6.793050,6.651078,3.344354,2.000000,-0.004597
1779541531.993717,0,1,6.773474,6.646982,3.344913,2.000000,-0.007563
1779541532.004048,0,1,6.753886,6.642945,3.344713,2.000000,-0.007563
1779541532.013518,0,1,6.734292,6.638933,3.344345,2.000000,-0.009502
1779541532.023686,0,1,6.714690,6.634965,3.343606,2.000000,-0.009502
1779541532.033984,0,1,6.695084,6.631012,3.342923,2.000000,-0.011511
1779541532.043856,0,1,6.675471,6.627098,3.342001,2.000000,-0.011511
1779541532.053594,0,1,6.655856,6.623193,3.341210,2.000000,-0.012013
1779541532.063234,0,1,6.636234,6.619324,3.340224,2.000000,-0.011806
1779541532.073209,0,1,6.616610,6.615462,3.339396,2.000000,-0.011806
1779541532.083569,0,1,6.596980,6.611634,3.338387,2.000000,-0.010276
1779541532.094009,0,1,6.577349,6.607812,3.337545,2.000000,-0.010276
1779541532.103609,0,1,6.557711,6.604023,3.336527,2.000000,-0.008460
1779541532.114179,0,1,6.538072,6.600241,3.335680,2.000000,-0.008460
1779541532.123443,0,1,6.518427,6.596490,3.334659,2.000000,-0.006453
1779541532.133212,0,1,6.498780,6.592745,3.333810,2.000000,-0.006453
1779541532.143455,0,1,6.479128,6.589032,3.332788,2.000000,-0.004370
1779541532.153337,0,1,6.459475,6.585324,3.331937,2.000000,-0.004370
1779541532.163669,0,1,6.439815,6.581649,3.330914,2.000000,-0.003166
1779541532.173763,0,1,6.420155,6.577978,3.330063,2.000000,-0.000795
1779541532.183644,0,1,6.400489,6.574340,3.329040,2.000000,-0.000795
1779541532.193900,0,1,6.380822,6.570707,3.328189,2.000000,0.001604
1779541532.203579,0,1,6.361149,6.567105,3.327166,2.000000,0.001604
1779541532.213809,0,1,6.341479,6.563484,3.326607,2.000000,0.004071
1779541532.223826,0,1,6.321821,6.559803,3.326807,2.000000,0.004071
1779541532.233590,0,1,6.302167,6.556097,3.327176,2.000000,0.006684
1779541532.243562,0,1,6.282522,6.552347,3.327915,2.000000,0.009373
1779541532.253720,0,1,6.262880,6.548582,3.328597,2.000000,0.009373
1779541532.263627,0,1,6.243245,6.544778,3.329520,2.000000,0.010334
1779541532.273916,0,1,6.223612,6.540965,3.330310,2.000000,0.010334
1779541532.283491,0,1,6.203985,6.537116,3.331296,2.000000,0.010562
1779541532.293736,0,1,6.184361,6.533260,3.332125,2.000000,0.010562
1779541532.303978,0,1,6.164743,6.529370,3.333134,2.000000,0.009870
1779541532.313481,0,1,6.145126,6.525474,3.333976,2.000000,0.009269
1779541532.323798,0,1,6.125515,6.521545,3.334993,2.000000,0.009269
1779541532.333609,0,1,6.105906,6.517610,3.335840,2.000000,0.008091
1779541532.343741,0,1,6.086304,6.513642,3.336861,2.000000,0.008091
1779541532.353307,0,1,6.066702,6.509669,3.337711,2.000000,0.006771
1779541532.363612,0,1,6.047107,6.505665,3.338733,2.000000,0.006771
1779541532.373617,0,1,6.027514,6.501654,3.339583,2.000000,0.006771
1779541532.383901,0,1,6.007926,6.497612,3.340606,2.000000,0.006771
1779541532.393700,0,1,5.988340,6.493565,3.341457,2.000000,0.006771
1779541532.403320,0,1,5.968761,6.489486,3.342480,2.000000,0.006771
1779541532.413619,0,1,5.949182,6.485402,3.343331,2.000000,0.006771
1779541532.423851,0,1,5.929610,6.481286,3.344355,2.000000,0.006771
1779541532.433743,0,1,5.910039,6.477165,3.345206,2.000000,0.006771
1779541532.443364,0,1,5.890475,6.473012,3.346229,2.000000,0.006771
1779541532.453809,0,1,5.870912,6.468855,3.347081,2.000000,0.006771
1779541532.463402,0,1,5.851356,6.464665,3.348104,2.000000,0.006771
1779541532.473210,0,1,5.831801,6.460471,3.348956,2.000000,-0.002143
1779541532.483628,0,1,5.812252,6.456245,3.349979,2.000000,-0.002143
1779541532.493709,0,1,5.792700,6.452038,3.350538,2.000000,-0.004806
1779541532.504504,0,1,5.773134,6.447892,3.350338,2.000000,-0.004806
1779541532.514475,0,1,5.753564,6.443769,3.349969,2.000000,-0.004806
1779541532.524326,0,1,5.733984,6.439692,3.349231,2.000000,-0.006643
1779541532.533566,0,1,5.714401,6.435629,3.348548,2.000000,-0.006643
1779541532.543956,0,1,5.694810,6.431604,3.347625,2.000000,-0.006643
1779541532.553653,0,1,5.675217,6.427589,3.346835,2.000000,-0.009053
1779541532.563745,0,1,5.655617,6.423609,3.345849,2.000000,-0.009053
1779541532.573724,0,1,5.636015,6.419637,3.345020,2.000000,-0.009053
1779541532.584119,0,1,5.616407,6.415698,3.344012,2.000000,-0.008151
1779541532.593766,0,1,5.596797,6.411767,3.343169,2.000000,-0.008151
1779541532.603779,0,1,5.577181,6.407867,3.342152,2.000000,-0.005674
1779541532.614165,0,1,5.557564,6.403974,3.341305,2.000000,-0.005674
1779541532.623980,0,1,5.537940,6.400113,3.340284,2.000000,-0.003862
1779541532.633789,0,1,5.518315,6.396258,3.339434,2.000000,-0.003862
1779541532.643765,0,1,5.498684,6.392434,3.338412,2.000000,-0.001711
1779541532.653443,0,1,5.479052,6.388616,3.337562,2.000000,-0.001711
1779541532.663959,0,1,5.459413,6.384830,3.336539,2.000000,0.000496
1779541532.673865,0,1,5.439774,6.381049,3.335688,2.000000,0.000496
1779541532.683906,0,1,5.420129,6.377300,3.334665,2.000000,0.002812
1779541532.693951,0,1,5.400487,6.373531,3.334106,2.000000,0.002812
1779541532.703656,0,1,5.380857,6.369703,3.334306,2.000000,0.005149
1779541532.713941,0,1,5.361231,6.365850,3.334675,2.000000,0.005149
1779541532.724141,0,1,5.341615,6.361952,3.335414,2.000000,0.007632
1779541532.733785,0,1,5.322001,6.358040,3.336097,2.000000,0.007632
1779541532.743828,0,1,5.302395,6.354089,3.337019,2.000000,0.009880
1779541532.753691,0,1,5.282791,6.350128,3.337810,2.000000,0.009880
1779541532.763927,0,1,5.263195,6.346133,3.338796,2.000000,0.009944
1779541532.773590,0,1,5.243599,6.342129,3.339624,2.000000,0.009944
1779541532.783737,0,1,5.224011,6.338093,3.340633,2.000000,0.009050
1779541532.793667,0,1,5.204424,6.334049,3.341475,2.000000,0.009050
1779541532.803765,0,1,5.184844,6.329973,3.342493,2.000000,0.007803
1779541532.813625,0,1,5.165265,6.325891,3.343340,2.000000,0.007803
1779541532.823830,0,1,5.145693,6.321777,3.344361,2.000000,0.006348
1779541532.833770,0,1,5.126122,6.317657,3.345210,2.000000,0.006348
1779541532.843750,0,1,5.106557,6.313505,3.346233,2.000000,0.004778
1779541532.853871,0,1,5.086994,6.309348,3.347083,2.000000,0.004778
1779541532.863272,0,1,5.067438,6.305160,3.348106,2.000000,0.004778
1779541532.873756,0,1,5.047882,6.300965,3.348957,2.000000,0.004778
1779541532.883850,0,1,5.028334,6.296740,3.349980,2.000000,0.004778
1779541532.893470,0,1,5.008786,6.292509,3.350831,2.000000,0.004778
1779541532.904246,0,1,4.989246,6.288246,3.351854,2.000000,0.004778
1779541532.913511,0,1,4.969707,6.283979,3.352706,2.000000,0.004778
1779541532.924003,0,1,4.950174,6.279679,3.353729,2.000000,0.004778
1779541532.933745,0,1,4.930643,6.275375,3.354580,2.000000,0.004778
1779541532.943392,0,1,4.911118,6.271039,3.355604,2.000000,0.004778
1779541532.953716,0,1,4.891595,6.266698,3.356455,2.000000,0.004778
1779541532.963634,0,1,4.872079,6.262326,3.357479,2.000000,-0.005605
1779541532.973345,0,1,4.852564,6.257948,3.358330,2.000000,-0.005605
1779541532.983511,0,1,4.833056,6.253539,3.359353,2.000000,-0.008602
1779541532.993840,0,1,4.813544,6.249149,3.359913,2.000000,-0.008602
1779541533.003654,0,1,4.794018,6.244819,3.359713,2.000000,-0.009844
1779541533.013662,0,1,4.774487,6.240514,3.359344,2.000000,-0.012067
1779541533.023947,0,1,4.754946,6.236253,3.358605,2.000000,-0.012067
1779541533.033590,0,1,4.735402,6.232006,3.357922,2.000000,-0.014494
1779541533.043745,0,1,4.715850,6.227798,3.357000,2.000000,-0.014494
1779541533.053553,0,1,4.696296,6.223600,3.356210,2.000000,-0.015328
1779541533.063827,0,1,4.676734,6.219436,3.355223,2.000000,-0.015328
1779541533.073661,0,1,4.657170,6.215281,3.354395,2.000000,-0.014585
1779541533.084031,0,1,4.637600,6.211158,3.353386,2.000000,-0.014203
1779541533.093801,0,1,4.618028,6.207043,3.352544,2.000000,-0.014203
1779541533.103523,0,1,4.598449,6.202960,3.351527,2.000000,-0.012663
1779541533.113882,0,1,4.578869,6.198883,3.350679,2.000000,-0.012663
1779541533.123709,0,1,4.559282,6.194838,3.349659,2.000000,-0.011127
1779541533.133558,0,1,4.539694,6.190799,3.348809,2.000000,-0.011127
1779541533.143535,0,1,4.520100,6.186791,3.347787,2.000000,-0.009313
1779541533.153763,0,1,4.500504,6.182790,3.346936,2.000000,-0.009313
1779541533.163930,0,1,4.480902,6.178819,3.345914,2.000000,-0.008391
1779541533.173334,0,1,4.461299,6.174855,3.345063,2.000000,-0.006446
1779541533.183811,0,1,4.441690,6.170922,3.344040,2.000000,-0.006446
1779541533.194349,0,1,4.422079,6.166994,3.343188,2.000000,-0.004489
1779541533.203777,0,1,4.402463,6.163098,3.342165,2.000000,-0.004489
1779541533.213452,0,1,4.382845,6.159207,3.341314,2.000000,-0.002453
1779541533.223667,0,1,4.363221,6.155347,3.340291,2.000000,-0.002453
1779541533.233693,0,1,4.343595,6.151493,3.339439,2.000000,-0.000385
1779541533.244272,0,1,4.323964,6.147671,3.338416,2.000000,-0.000385
1779541533.253610,0,1,4.304332,6.143854,3.337564,2.000000,0.001831
1779541533.263505,0,1,4.284693,6.140068,3.336541,2.000000,0.001831
1779541533.273651,0,1,4.265059,6.136263,3.335982,2.000000,0.004122
1779541533.283703,0,1,4.245436,6.132397,3.336182,2.000000,0.004122
1779541533.293780,0,1,4.225818,6.128508,3.336550,2.000000,0.006472
1779541533.303784,0,1,4.206208,6.124573,3.337289,2.000000,0.006472
1779541533.313694,0,1,4.186602,6.120624,3.337972,2.000000,0.008896
1779541533.323885,0,1,4.167004,6.116637,3.338894,2.000000,0.008896
1779541533.333389,0,1,4.147407,6.112640,3.339685,2.000000,0.009812
1779541533.343897,0,1,4.127818,6.108608,3.340671,2.000000,0.009812
1779541533.353624,0,1,4.108230,6.104567,3.341499,2.000000,0.009185
1779541533.363746,0,1,4.088650,6.100494,3.342508,2.000000,0.009185
1779541533.373635,0,1,4.069070,6.096414,3.343350,2.000000,0.009185
1779541533.383898,0,1,4.049498,6.092301,3.344368,2.000000,0.009185
1779541533.393472,0,1,4.029926,6.088182,3.345215,2.000000,0.009185
1779541533.403356,0,1,4.010362,6.084031,3.346236,2.000000,0.009185
1779541533.413314,0,1,3.990798,6.079875,3.347085,2.000000,0.009185
1779541533.423566,0,1,3.971242,6.075687,3.348107,2.000000,0.009185
1779541533.433661,0,1,3.951687,6.071493,3.348958,2.000000,0.009185
1779541533.443914,0,1,3.932138,6.067267,3.349981,2.000000,0.009185
1779541533.453608,0,1,3.912591,6.063037,3.350832,2.000000,0.009185
1779541533.463751,0,1,3.893050,6.058774,3.351855,2.000000,0.009185
1779541533.473733,0,1,3.873511,6.054507,3.352706,2.000000,-0.000462
1779541533.483942,0,1,3.853978,6.050208,3.353729,2.000000,-0.000462
1779541533.493487,0,1,3.834441,6.045928,3.354288,2.000000,-0.002716
1779541533.503563,0,1,3.814892,6.041708,3.354088,2.000000,-0.002716
1779541533.513881,0,1,3.795337,6.037513,3.353719,2.000000,-0.004808
1779541533.524507,0,1,3.775772,6.033362,3.352981,2.000000,-0.004808
1779541533.533273,0,1,3.756205,6.029225,3.352298,2.000000,-0.007029
1779541533.543358,0,1,3.736629,6.025127,3.351375,2.000000,-0.007029
1779541533.553500,0,1,3.717051,6.021039,3.350585,2.000000,-0.007781
1779541533.563748,0,1,3.697466,6.016985,3.349599,2.000000,-0.007781
1779541533.573416,0,1,3.677880,6.012940,3.348770,2.000000,-0.006932
1779541533.583731,0,1,3.658286,6.008928,3.347762,2.000000,-0.006932
1779541533.593260,0,1,3.638692,6.004922,3.346919,2.000000,-0.005523
1779541533.603660,0,1,3.619090,6.000950,3.345902,2.000000,-0.005523
1779541533.613680,0,1,3.599487,5.996983,3.345055,2.000000,-0.003845
1779541533.623861,0,1,3.579878,5.993048,3.344034,2.000000,-0.003845
1779541533.633692,0,1,3.560268,5.989119,3.343184,2.000000,-0.002051
1779541533.643745,0,1,3.540651,5.985222,3.342162,2.000000,-0.002051
1779541533.653759,0,1,3.521034,5.981331,3.341312,2.000000,-0.000147
1779541533.663420,0,1,3.501410,5.977471,3.340289,2.000000,-0.000147
1779541533.673426,0,1,3.481785,5.973616,3.339438,2.000000,0.001833
1779541533.683259,0,1,3.462153,5.969794,3.338415,2.000000,0.001833
1779541533.693639,0,1,3.442526,5.965951,3.337856,2.000000,0.003897
1779541533.703579,0,1,3.422910,5.962049,3.338056,2.000000,0.006028
1779541533.713876,0,1,3.403300,5.958123,3.338425,2.000000,0.006028
1779541533.723688,0,1,3.383698,5.954151,3.339164,2.000000,0.007050
1779541533.733663,0,1,3.364099,5.950165,3.339847,2.000000,0.007050
1779541533.743707,0,1,3.344508,5.946141,3.340769,2.000000,0.007050
1779541533.753805,0,1,3.324919,5.942107,3.341560,2.000000,0.008904
1779541533.763746,0,1,3.305337,5.938038,3.342546,2.000000,0.008744
1779541533.773825,0,1,3.285757,5.933961,3.343374,2.000000,0.008744
1779541533.783331,0,1,3.266184,5.929851,3.344383,2.000000,0.007498
1779541533.793610,0,1,3.246613,5.925734,3.345225,2.000000,0.007498
1779541533.803668,0,1,3.227048,5.921585,3.346243,2.000000,0.005893
1779541533.813596,0,1,3.207484,5.917429,3.347090,2.000000,0.005893
1779541533.824064,0,1,3.187927,5.913242,3.348111,2.000000,0.004088
1779541533.833465,0,1,3.168372,5.909049,3.348960,2.000000,0.004088
1779541533.843376,0,1,3.148823,5.904824,3.349982,2.000000,0.002149
1779541533.853418,0,1,3.129276,5.900593,3.350833,2.000000,0.002149
1779541533.863404,0,1,3.109735,5.896331,3.351856,2.000000,0.002149
1779541533.873936,0,1,3.090196,5.892064,3.352707,2.000000,0.002149
1779541533.883928,0,1,3.070663,5.887765,3.353730,2.000000,0.002149
1779541533.893577,0,1,3.051132,5.883461,3.354581,2.000000,0.002149
1779541533.903746,0,1,3.031608,5.879125,3.355604,2.000000,0.002149
1779541533.913449,0,1,3.012084,5.874784,3.356456,2.000000,0.002149
1779541533.923779,0,1,2.992568,5.870411,3.357479,2.000000,0.002149
1779541533.933412,0,1,2.973053,5.866034,3.358330,2.000000,0.002149
1779541533.943710,0,1,2.953545,5.861625,3.359354,2.000000,0.002149
1779541533.953559,0,1,2.934038,5.857211,3.360205,2.000000,0.002149
1779541533.963405,0,1,2.914539,5.852765,3.361228,2.000000,0.002149
1779541533.973246,0,1,2.895040,5.848314,3.362080,2.000000,0.002149
1779541533.983660,0,1,2.875549,5.843832,3.363103,2.000000,-0.012743
1779541533.993551,0,1,2.856059,5.839345,3.363955,2.000000,-0.015619
1779541534.003180,0,1,2.836576,5.834826,3.364978,2.000000,-0.015619
1779541534.013740,0,1,2.817089,5.830327,3.365537,2.000000,-0.018370
1779541534.023651,0,1,2.797588,5.825887,3.365337,2.000000,-0.018370
1779541534.033562,0,1,2.778081,5.821471,3.364969,2.000000,-0.021139
1779541534.043382,0,1,2.758565,5.817101,3.364230,2.000000,-0.021139
1779541534.053648,0,1,2.739045,5.812744,3.363547,2.000000,-0.024135
1779541534.063894,0,1,2.719517,5.808426,3.362625,2.000000,-0.024135
1779541534.073671,0,1,2.699986,5.804118,3.361834,2.000000,-0.025494
1779541534.083669,0,1,2.680448,5.799844,3.360848,2.000000,-0.025494
1779541534.093828,0,1,2.660908,5.795579,3.360020,2.000000,-0.025422
1779541534.103460,0,1,2.641361,5.791347,3.359011,2.000000,-0.025422
1779541534.113676,0,1,2.621813,5.787121,3.358169,2.000000,-0.024730
1779541534.123288,0,1,2.602257,5.782928,3.357152,2.000000,-0.024730
1779541534.133599,0,1,2.582700,5.778741,3.356304,2.000000,-0.023846
1779541534.143623,0,1,2.563137,5.774586,3.355283,2.000000,-0.023846
1779541534.153584,0,1,2.543572,5.770437,3.354434,2.000000,-0.022796
1779541534.163728,0,1,2.524000,5.766319,3.353412,2.000000,-0.022796
1779541534.173787,0,1,2.504428,5.762207,3.352561,2.000000,-0.021649
1779541534.183245,0,1,2.484848,5.758127,3.351538,2.000000,-0.021281
1779541534.193769,0,1,2.465268,5.754052,3.350687,2.000000,-0.021281
1779541534.203437,0,1,2.445681,5.750009,3.349664,2.000000,-0.019880
1779541534.213625,0,1,2.426093,5.745970,3.348813,2.000000,-0.019880
1779541534.223557,0,1,2.406498,5.741964,3.347790,2.000000,-0.018551
1779541534.233609,0,1,2.386902,5.737963,3.346939,2.000000,-0.018551
1779541534.243702,0,1,2.367300,5.733993,3.345915,2.000000,-0.017161
1779541534.253636,0,1,2.347697,5.730029,3.345064,2.000000,-0.017161
1779541534.263362,0,1,2.328088,5.726096,3.344041,2.000000,-0.015697
1779541534.273363,0,1,2.308477,5.722168,3.343189,2.000000,-0.015697
1779541534.283443,0,1,2.288860,5.718272,3.342166,2.000000,-0.014293
1779541534.293853,0,1,2.269242,5.714382,3.341314,2.000000,-0.014293
1779541534.303627,0,1,2.249618,5.710522,3.340291,2.000000,-0.012583
1779541534.313897,0,1,2.229993,5.706668,3.339439,2.000000,-0.012583
1779541534.323719,0,1,2.210362,5.702846,3.338416,2.000000,-0.011788
1779541534.333491,0,1,2.190729,5.699029,3.337564,2.000000,-0.009987
1779541534.343467,0,1,2.171091,5.695243,3.336541,2.000000,-0.009987
1779541534.353267,0,1,2.151451,5.691463,3.335690,2.000000,-0.009987
1779541534.363836,0,1,2.131806,5.687714,3.334666,2.000000,-0.009987
1779541534.373699,0,1,2.112159,5.683971,3.333815,2.000000,-0.009987
1779541534.383866,0,1,2.092507,5.680259,3.332791,2.000000,-0.009987
1779541534.393817,0,1,2.072853,5.676552,3.331940,2.000000,-0.009987
1779541534.403687,0,1,2.053194,5.672877,3.330916,2.000000,-0.009987
1779541534.413688,0,1,2.033534,5.669207,3.330065,2.000000,-0.009987
1779541534.424020,0,1,2.013867,5.665569,3.329041,2.000000,-0.009987
1779541534.433797,0,1,1.994200,5.661936,3.328190,2.000000,-0.009987
1779541534.443635,0,1,1.974527,5.658335,3.327166,2.000000,-0.009987
1779541534.453607,0,1,1.954853,5.654739,3.326315,2.000000,-0.009987
1779541534.463566,0,1,1.935173,5.651174,3.325292,2.000000,-0.009987
1779541534.473729,0,1,1.915492,5.647615,3.324440,2.000000,0.004379
1779541534.483691,0,1,1.895806,5.644087,3.323417,2.000000,0.004379
1779541534.493968,0,1,1.876123,5.640540,3.322858,2.000000,0.005823
1779541534.503242,0,1,1.856451,5.636933,3.323057,2.000000,0.005823
1779541534.513733,0,1,1.836783,5.633301,3.323426,2.000000,0.008065
1779541534.523500,0,1,1.817124,5.629624,3.324165,2.000000,0.008065
1779541534.533667,0,1,1.797468,5.625933,3.324848,2.000000,0.010385
1779541534.543581,0,1,1.777819,5.622203,3.325770,2.000000,0.010385
1779541534.553221,0,1,1.758172,5.618464,3.326560,2.000000,0.011196
1779541534.564282,0,1,1.738531,5.614689,3.327547,2.000000,0.010445
1779541534.573180,0,1,1.718892,5.610906,3.328375,2.000000,0.010445
1779541534.583766,0,1,1.699259,5.607090,3.329384,2.000000,0.010445
1779541534.593530,0,1,1.679628,5.603267,3.330226,2.000000,0.009083
1779541534.603597,0,1,1.660003,5.599411,3.331243,2.000000,0.009083
1779541534.613378,0,1,1.640380,5.595550,3.332091,2.000000,0.007438
1779541534.623330,0,1,1.620762,5.591656,3.333111,2.000000,0.005623
1779541534.633459,0,1,1.601146,5.587757,3.333961,2.000000,0.005623
1779541534.644024,0,1,1.581536,5.583826,3.334983,2.000000,0.003674
1779541534.653451,0,1,1.561928,5.579889,3.335834,2.000000,0.003674
1779541534.663347,0,1,1.542325,5.575920,3.336856,2.000000,0.003674
1779541534.673331,0,1,1.522724,5.571946,3.337707,2.000000,0.001634
1779541534.683253,0,1,1.503129,5.567941,3.338730,2.000000,0.000670
1779541534.693349,0,1,1.483536,5.563930,3.339582,2.000000,0.000670
1779541534.703840,0,1,1.463948,5.559888,3.340605,2.000000,0.000670
1779541534.713503,0,1,1.444362,5.555840,3.341456,2.000000,-0.002717
1779541534.724015,0,1,1.424783,5.551761,3.342479,2.000000,-0.002717
1779541534.733661,0,1,1.405199,5.547701,3.343038,2.000000,-0.005071
1779541534.743429,0,1,1.385603,5.543702,3.342839,2.000000,-0.005071
1779541534.753526,0,1,1.366002,5.539726,3.342470,2.000000,-0.007511
1779541534.763672,0,1,1.346392,5.535795,3.341731,2.000000,-0.007511
1779541534.773751,0,1,1.326779,5.531879,3.341048,2.000000,-0.010055
1779541534.783665,0,1,1.307159,5.528002,3.340126,2.000000,-0.010055
1779541534.793283,0,1,1.287536,5.524134,3.339335,2.000000,-0.011100
1779541534.803577,0,1,1.267907,5.520301,3.338349,2.000000,-0.011100
1779541534.813637,0,1,1.248276,5.516476,3.337521,2.000000,-0.010692
1779541534.823680,0,1,1.228639,5.512685,3.336512,2.000000,-0.010692
1779541534.833873,0,1,1.209000,5.508900,3.335670,2.000000,-0.009638
1779541534.843639,0,1,1.189355,5.505148,3.334652,2.000000,-0.009638
1779541534.853647,0,1,1.169709,5.501402,3.333805,2.000000,-0.009638
1779541534.863266,0,1,1.150057,5.497688,3.332784,2.000000,-0.009638
1779541534.873610,0,1,1.130404,5.493980,3.331935,2.000000,-0.009638
1779541534.883882,0,1,1.110745,5.490304,3.330913,2.000000,-0.009638
1779541534.893284,0,1,1.091084,5.486633,3.330062,2.000000,-0.009638
1779541534.903575,0,1,1.071418,5.482995,3.329039,2.000000,-0.009638
1779541534.913631,0,1,1.051751,5.479361,3.328188,2.000000,-0.009638
1779541534.923979,0,1,1.032078,5.475759,3.327165,2.000000,-0.009638
1779541534.933306,0,1,1.012404,5.472163,3.326314,2.000000,-0.009638
1779541534.943372,0,1,0.992724,5.468598,3.325291,2.000000,-0.009638
1779541534.953467,0,1,0.973044,5.465039,3.324440,2.000000,-0.009638
1779541534.963582,0,1,0.953357,5.461512,3.323416,2.000000,-0.001540
1779541534.974020,0,1,0.933670,5.457989,3.322565,2.000000,-0.001540
1779541534.983823,0,1,0.913977,5.454498,3.321541,2.000000,-0.001096
1779541534.993213,0,1,0.894283,5.451013,3.320690,2.000000,-0.001096
1779541535.004160,0,1,0.874583,5.447559,3.319667,2.000000,-0.000224
1779541535.013534,0,1,0.854883,5.444111,3.318815,2.000000,-0.000224
1779541535.023381,0,1,0.835177,5.440694,3.317792,2.000000,0.000526
1779541535.033108,0,1,0.815470,5.437283,3.316940,2.000000,0.001271
1779541535.043453,0,1,0.795758,5.433903,3.315917,2.000000,0.001271
1779541535.053156,0,1,0.776049,5.430503,3.315358,2.000000,0.001901
1779541535.063631,0,1,0.756350,5.427044,3.315558,2.000000,0.001901
1779541535.073245,0,1,0.736656,5.423559,3.315926,2.000000,0.001901
1779541535.083584,0,1,0.716970,5.420030,3.316665,2.000000,0.002592
1779541535.093479,0,1,0.697286,5.416486,3.317348,2.000000,0.002592
1779541535.103979,0,1,0.677610,5.412904,3.318270,2.000000,0.002592
1779541535.113162,0,1,0.657935,5.409312,3.319061,2.000000,0.001858
1779541535.123481,0,1,0.638267,5.405684,3.320047,2.000000,0.001858
1779541535.133380,0,1,0.618600,5.402049,3.320875,2.000000,0.001858
1779541535.143493,0,1,0.598939,5.398380,3.321884,2.000000,-0.001028
1779541535.153776,0,1,0.579280,5.394705,3.322726,2.000000,-0.001028
1779541535.163172,0,1,0.559627,5.390996,3.323744,2.000000,-0.006491
1779541535.173143,0,1,0.539970,5.387307,3.324299,2.000000,-0.006491
1779541535.183257,0,1,0.520302,5.383677,3.324096,2.000000,-0.010567
1779541535.193717,0,1,0.500630,5.380071,3.323725,2.000000,-0.010567
1779541535.203584,0,1,0.480949,5.376510,3.322985,2.000000,-0.010567
1779541535.213702,0,1,0.461266,5.372963,3.322302,2.000000,-0.017557
1779541535.223717,0,1,0.441577,5.369455,3.321378,2.000000,-0.017557
1779541535.233764,0,1,0.421885,5.365956,3.320588,2.000000,-0.020828
1779541535.243594,0,1,0.402187,5.362492,3.319601,2.000000,-0.020828
1779541535.253725,0,1,0.382488,5.359036,3.318772,2.000000,-0.022878
1779541535.263735,0,1,0.362783,5.355614,3.317763,2.000000,-0.022878
1779541535.273247,0,1,0.343077,5.352198,3.316921,2.000000,-0.024426
1779541535.283699,0,1,0.323365,5.348815,3.315904,2.000000,-0.024426
1779541535.293359,0,1,0.303652,5.345438,3.315056,2.000000,-0.026049
1779541535.303492,0,1,0.283934,5.342094,3.314035,2.000000,-0.026049
1779541535.313513,0,1,0.264215,5.338755,3.313186,2.000000,-0.027605
1779541535.323684,0,1,0.244490,5.335448,3.312164,2.000000,-0.029399
1779541535.333575,0,1,0.224764,5.332146,3.311313,2.000000,-0.029399
1779541535.343520,0,1,0.205033,5.328877,3.310290,2.000000,-0.029399
1779541535.353566,0,1,0.185301,5.325613,3.309439,2.000000,-0.031178
1779541535.363553,0,1,0.165564,5.322381,3.308416,2.000000,-0.031178
1779541535.373168,0,1,0.145826,5.319154,3.307565,2.000000,-0.031178
1779541535.383222,0,1,0.126083,5.315959,3.306542,2.000000,-0.031178
1779541535.393579,0,1,0.106339,5.312769,3.305690,2.000000,-0.031178
1779541535.403485,0,1,0.086590,5.309611,3.304667,2.000000,-0.031178
1779541535.413561,0,1,0.066840,5.306459,3.303816,2.000000,-0.031178
1779541535.423683,0,1,0.047085,5.303338,3.302792,2.000000,-0.031178
1779541535.433483,0,1,0.027329,5.300222,3.301941,2.000000,-0.031178
1779541535.443347,0,1,0.007569,5.297138,3.300917,2.000000,-0.031178
1779541535.453128,0,1,-0.012193,5.294060,3.300066,2.000000,-0.031178
1779541535.463419,0,1,-0.031960,5.291013,3.299043,2.000000,-0.031178
1779541535.473330,0,1,-0.051727,5.287972,3.298191,2.000000,-0.043525
1779541535.483657,0,1,-0.071499,5.284962,3.297168,2.000000,-0.047457
1779541535.493226,0,1,-0.091272,5.281958,3.296316,2.000000,-0.047457
1779541535.503868,0,1,-0.111054,5.279010,3.295000,2.000000,-0.050462
1779541535.513430,0,1,-0.130850,5.276161,3.292926,2.000000,-0.050462
1779541535.523304,0,1,-0.150655,5.273372,3.290682,2.000000,-0.053818
1779541535.534772,0,1,-0.170471,5.270667,3.288068,2.000000,-0.053818
1779541535.543724,0,1,-0.190294,5.268013,3.285511,2.000000,-0.057461
1779541535.553596,0,1,-0.210127,5.265435,3.282713,2.000000,-0.057461
1779541535.563349,0,1,-0.229966,5.262904,3.280048,2.000000,-0.059581
1779541535.573457,0,1,-0.249815,5.260446,3.277187,2.000000,-0.059581
1779541535.583574,0,1,-0.269668,5.258033,3.274484,2.000000,-0.060307
1779541535.593915,0,1,-0.289531,5.255692,3.271600,2.000000,-0.060307
1779541535.603669,0,1,-0.309398,5.253394,3.268883,2.000000,-0.060546
1779541535.613439,0,1,-0.329274,5.251166,3.265991,2.000000,-0.061103
1779541535.623865,0,1,-0.349154,5.248982,3.263268,2.000000,-0.061103
1779541535.633296,0,1,-0.369042,5.246868,3.260373,2.000000,-0.061206
1779541535.643274,0,1,-0.388935,5.244797,3.257648,2.000000,-0.061206
1779541535.653183,0,1,-0.408834,5.242796,3.254751,2.000000,-0.061607
1779541535.663596,0,1,-0.428738,5.240837,3.252026,2.000000,-0.061607
1779541535.673580,0,1,-0.448649,5.238948,3.249128,2.000000,-0.061722
1779541535.683563,0,1,-0.468563,5.237102,3.246402,2.000000,-0.061722
1779541535.693168,0,1,-0.488484,5.235325,3.243504,2.000000,-0.062397
1779541535.703249,0,1,-0.508409,5.233591,3.240778,2.000000,-0.062793
1779541535.713439,0,1,-0.528340,5.231927,3.237880,2.000000,-0.062793
1779541535.723494,0,1,-0.548274,5.230305,3.235153,2.000000,-0.063369
1779541535.733724,0,1,-0.568213,5.228753,3.232255,2.000000,-0.063369
1779541535.743345,0,1,-0.588156,5.227243,3.229529,2.000000,-0.063966
1779541535.753332,0,1,-0.608104,5.225803,3.226631,2.000000,-0.063966
1779541535.763390,0,1,-0.628056,5.224406,3.223904,2.000000,-0.064836
1779541535.773200,0,1,-0.648012,5.223091,3.220860,2.000000,-0.064836
1779541535.783922,0,1,-0.667975,5.221877,3.217375,2.000000,-0.066114
1779541535.793667,0,1,-0.687946,5.220795,3.213255,2.000000,-0.066114
1779541535.803830,0,1,-0.707922,5.219810,3.209038,2.000000,-0.067103
1779541535.813467,0,1,-0.727903,5.218943,3.204491,2.000000,-0.067103
1779541535.823890,0,1,-0.747888,5.218165,3.200025,2.000000,-0.068390
1779541535.833595,0,1,-0.767877,5.217500,3.195333,2.000000,-0.068390
1779541535.843605,0,1,-0.787868,5.216919,3.190780,2.000000,-0.067784
1779541535.853154,0,1,-0.807863,5.216449,3.186037,2.000000,-0.067784
1779541535.863725,0,1,-0.827859,5.216061,3.181455,2.000000,-0.067784
1779541535.873623,0,1,-0.847857,5.215782,3.176694,2.000000,-0.067784
1779541535.883686,0,1,-0.867856,5.215584,3.172100,2.000000,-0.067784
1779541535.893284,0,1,-0.887856,5.215495,3.167332,2.000000,-0.067784
1779541535.903730,0,1,-0.907856,5.215487,3.162734,2.000000,-0.067784
1779541535.913584,0,1,-0.927855,5.215586,3.157963,2.000000,-0.067784
1779541535.923672,0,1,-0.947855,5.215766,3.153363,2.000000,-0.067784
1779541535.933692,0,1,-0.967853,5.216054,3.148591,2.000000,-0.067784
1779541535.943300,0,1,-0.987849,5.216422,3.143991,2.000000,-0.067784
1779541535.953195,0,1,-1.007843,5.216898,3.139218,2.000000,-0.067784
1779541535.963249,0,1,-1.027836,5.217454,3.134617,2.000000,-0.052615
1779541535.973232,0,1,-1.047825,5.218117,3.129844,2.000000,-0.052615
1779541535.983229,0,1,-1.067812,5.218835,3.125535,2.000000,-0.053787
1779541535.993164,0,1,-1.087798,5.219567,3.121986,2.000000,-0.053787
1779541536.003306,0,1,-1.107783,5.220349,3.118605,2.000000,-0.051643
1779541536.013156,0,1,-1.127767,5.221161,3.115594,2.000000,-0.051643
1779541536.023564,0,1,-1.147748,5.222033,3.112527,2.000000,-0.049965
1779541536.033367,0,1,-1.167727,5.222940,3.109699,2.000000,-0.049965
1779541536.043750,0,1,-1.187703,5.223913,3.106740,2.000000,-0.049693
1779541536.053413,0,1,-1.207678,5.224924,3.103976,2.000000,-0.049693
1779541536.063480,0,1,-1.227649,5.226003,3.101055,2.000000,-0.051481
1779541536.073576,0,1,-1.247617,5.227122,3.098314,2.000000,-0.051481
1779541536.084011,0,1,-1.267582,5.228309,3.095406,2.000000,-0.053698
1779541536.093206,0,1,-1.287544,5.229538,3.092674,2.000000,-0.055170
1779541536.103294,0,1,-1.307502,5.230836,3.089771,2.000000,-0.055170
1779541536.113255,0,1,-1.327457,5.232176,3.087042,2.000000,-0.058136
1779541536.123445,0,1,-1.347407,5.233585,3.084142,2.000000,-0.058136
1779541536.133093,0,1,-1.367355,5.235036,3.081414,2.000000,-0.061648
1779541536.143734,0,1,-1.387297,5.236557,3.078515,2.000000,-0.061648
1779541536.153768,0,1,-1.407236,5.238120,3.075788,2.000000,-0.065324
1779541536.163650,0,1,-1.427169,5.239752,3.072889,2.000000,-0.065324
1779541536.173924,0,1,-1.447099,5.241427,3.070162,2.000000,-0.069496
1779541536.183837,0,1,-1.467020,5.243197,3.066971,2.000000,-0.069496
1779541536.193315,0,1,-1.486929,5.245101,3.063021,2.000000,-0.073834
1779541536.203582,0,1,-1.506828,5.247106,3.058902,2.000000,-0.073834
1779541536.213635,0,1,-1.526715,5.249230,3.054414,2.000000,-0.078631
1779541536.223822,0,1,-1.546592,5.251444,3.049981,2.000000,-0.078631
1779541536.233449,0,1,-1.566456,5.253770,3.045309,2.000000,-0.083440
1779541536.243538,0,1,-1.586311,5.256182,3.040768,2.000000,-0.083440
1779541536.253168,0,1,-1.606151,5.258703,3.036032,2.000000,-0.086419
1779541536.263766,0,1,-1.625981,5.261307,3.031454,2.000000,-0.086419
1779541536.273692,0,1,-1.645796,5.264018,3.026695,2.000000,-0.088601
1779541536.283667,0,1,-1.665600,5.266811,3.022103,2.000000,-0.088601
1779541536.293681,0,1,-1.685389,5.269711,3.017336,2.000000,-0.090826
1779541536.303575,0,1,-1.705165,5.272691,3.012739,2.000000,-0.090826
1779541536.313562,0,1,-1.724926,5.275778,3.007968,2.000000,-0.093040
1779541536.323218,0,1,-1.744673,5.278944,3.003369,2.000000,-0.093040
1779541536.333477,0,1,-1.764404,5.282217,2.998597,2.000000,-0.095611
1779541536.344028,0,1,-1.784121,5.285569,2.993997,2.000000,-0.095611
1779541536.353347,0,1,-1.803820,5.289027,2.989224,2.000000,-0.098224
1779541536.363885,0,1,-1.823504,5.292564,2.984623,2.000000,-0.098224
1779541536.373453,0,1,-1.843165,5.296232,2.979558,2.000000,-0.098224
1779541536.383545,0,1,-1.862793,5.300070,2.973733,2.000000,-0.098224
1779541536.393517,0,1,-1.882395,5.304043,2.967740,2.000000,-0.098224
1779541536.403779,0,1,-1.901964,5.308171,2.961377,2.000000,-0.098224
1779541536.413486,0,1,-1.921507,5.312424,2.955069,2.000000,-0.098224
1779541536.423440,0,1,-1.941017,5.316824,2.948522,2.000000,-0.098224
1779541536.433444,0,1,-1.960499,5.321344,2.942107,2.000000,-0.098224
1779541536.443446,0,1,-1.979947,5.326009,2.935496,2.000000,-0.098224
1779541536.453482,0,1,-1.999367,5.330790,2.929043,2.000000,-0.098224
1779541536.463193,0,1,-2.018752,5.335714,2.922410,2.000000,-0.098224
1779541536.473688,0,1,-2.038107,5.340753,2.915943,2.000000,-0.108114
1779541536.483505,0,1,-2.057424,5.345933,2.909301,2.000000,-0.108114
1779541536.493476,0,1,-2.076710,5.351228,2.902829,2.000000,-0.110988
1779541536.503525,0,1,-2.095958,5.356663,2.896183,2.000000,-0.110988
1779541536.513235,0,1,-2.115173,5.362211,2.889709,2.000000,-0.111215
1779541536.523326,0,1,-2.134347,5.367899,2.883062,2.000000,-0.111318
1779541536.533688,0,1,-2.153487,5.373699,2.876587,2.000000,-0.111318
1779541536.543464,0,1,-2.172585,5.379639,2.869939,2.000000,-0.111929
1779541536.553450,0,1,-2.191647,5.385690,2.863463,2.000000,-0.111929
1779541536.563668,0,1,-2.210665,5.391880,2.856816,2.000000,-0.112136
1779541536.573318,0,1,-2.229647,5.398182,2.850340,2.000000,-0.112136
1779541536.583625,0,1,-2.248582,5.404621,2.843692,2.000000,-0.113360
1779541536.593560,0,1,-2.267479,5.411171,2.837215,2.000000,-0.113360
1779541536.603530,0,1,-2.286328,5.417858,2.830567,2.000000,-0.114133
1779541536.613574,0,1,-2.305137,5.424655,2.824091,2.000000,-0.114133
1779541536.623904,0,1,-2.323897,5.431589,2.817443,2.000000,-0.115245
1779541536.633435,0,1,-2.342615,5.438633,2.810967,2.000000,-0.115245
1779541536.643749,0,1,-2.361282,5.445813,2.804319,2.000000,-0.115734
1779541536.653541,0,1,-2.379906,5.453102,2.797843,2.000000,-0.115734
1779541536.663640,0,1,-2.398477,5.460526,2.791194,2.000000,-0.112603
1779541536.673489,0,1,-2.417004,5.468058,2.784718,2.000000,-0.112603
1779541536.683790,0,1,-2.435477,5.475725,2.778070,2.000000,-0.108562
1779541536.693500,0,1,-2.453903,5.483501,2.771594,2.000000,-0.108562
1779541536.703767,0,1,-2.472273,5.491409,2.764945,2.000000,-0.105810
1779541536.713646,0,1,-2.490596,5.499426,2.758469,2.000000,-0.104319
1779541536.723816,0,1,-2.508861,5.507575,2.751821,2.000000,-0.104319
1779541536.733539,0,1,-2.527077,5.515831,2.745345,2.000000,-0.101115
1779541536.743911,0,1,-2.545233,5.524220,2.738697,2.000000,-0.101115
1779541536.753853,0,1,-2.563339,5.532714,2.732220,2.000000,-0.097720
1779541536.763752,0,1,-2.581383,5.541340,2.725572,2.000000,-0.097720
1779541536.773697,0,1,-2.599377,5.550072,2.719096,2.000000,-0.093924
1779541536.783882,0,1,-2.617306,5.558933,2.712448,2.000000,-0.093924
1779541536.793763,0,1,-2.635195,5.567878,2.706264,2.000000,-0.093924
1779541536.803601,0,1,-2.653060,5.576868,2.700839,2.000000,-0.089870
1779541536.813204,0,1,-2.670886,5.585937,2.695583,2.000000,-0.089870
1779541536.823319,0,1,-2.688681,5.595065,2.690697,2.000000,-0.083168
1779541536.833150,0,1,-2.706432,5.604279,2.685755,2.000000,-0.083168
1779541536.843802,0,1,-2.724149,5.613559,2.681052,2.000000,-0.078447
1779541536.853227,0,1,-2.741818,5.622930,2.676218,2.000000,-0.078447
1779541536.863739,0,1,-2.759451,5.632368,2.671580,2.000000,-0.078447
1779541536.873300,0,1,-2.777034,5.641898,2.666783,2.000000,-0.078447
1779541536.883454,0,1,-2.794580,5.651497,2.662167,2.000000,-0.078447
1779541536.893809,0,1,-2.812075,5.661189,2.657385,2.000000,-0.078447
1779541536.903882,0,1,-2.829531,5.670950,2.652777,2.000000,-0.078447
1779541536.913666,0,1,-2.846935,5.680803,2.648000,2.000000,-0.078447
1779541536.923732,0,1,-2.864300,5.690726,2.643396,2.000000,-0.078447
1779541536.933673,0,1,-2.881612,5.700741,2.638621,2.000000,-0.078447
1779541536.943353,0,1,-2.898883,5.710826,2.634018,2.000000,-0.078447
1779541536.954031,0,1,-2.916101,5.721002,2.629244,2.000000,-0.078447
1779541536.963655,0,1,-2.933277,5.731248,2.624642,2.000000,-0.078447
1779541536.973446,0,1,-2.950398,5.741585,2.619868,2.000000,-0.063925
1779541536.983754,0,1,-2.967478,5.751991,2.615266,2.000000,-0.063925
1779541536.993566,0,1,-2.984502,5.762488,2.610493,2.000000,-0.060195
1779541537.003882,0,1,-3.001490,5.773043,2.606037,2.000000,-0.060195
1779541537.013752,0,1,-3.018453,5.783638,2.602022,2.000000,-0.056949
1779541537.023711,0,1,-3.035406,5.794249,2.598642,2.000000,-0.056949
1779541537.033980,0,1,-3.052331,5.804905,2.595360,2.000000,-0.053621
1779541537.043623,0,1,-3.069239,5.815587,2.592407,2.000000,-0.053621
1779541537.053940,0,1,-3.086115,5.826321,2.589373,2.000000,-0.049856
1779541537.063831,0,1,-3.102970,5.837086,2.586566,2.000000,-0.049856
1779541537.073725,0,1,-3.119790,5.847907,2.583618,2.000000,-0.047805
1779541537.083637,0,1,-3.136589,5.858761,2.580862,2.000000,-0.047805
1779541537.095015,0,1,-3.153351,5.869671,2.577944,2.000000,-0.046834
1779541537.103718,0,1,-3.170090,5.880616,2.575206,2.000000,-0.046834
1779541537.113497,0,1,-3.186792,5.891618,2.572300,2.000000,-0.046209
1779541537.123756,0,1,-3.203471,5.902655,2.569568,2.000000,-0.046209
1779541537.133394,0,1,-3.220112,5.913749,2.566667,2.000000,-0.045462
1779541537.143674,0,1,-3.236729,5.924879,2.563938,2.000000,-0.045462
1779541537.153681,0,1,-3.253308,5.936066,2.561038,2.000000,-0.044672
1779541537.163213,0,1,-3.269863,5.947288,2.558310,2.000000,-0.044672
1779541537.173784,0,1,-3.286379,5.958567,2.555411,2.000000,-0.043689
1779541537.183643,0,1,-3.302870,5.969882,2.552684,2.000000,-0.043689
1779541537.193227,0,1,-3.319322,5.981254,2.549785,2.000000,-0.042580
1779541537.203408,0,1,-3.335750,5.992661,2.547059,2.000000,-0.042580
1779541537.213974,0,1,-3.352138,6.004126,2.544160,2.000000,-0.041256
1779541537.223558,0,1,-3.368502,6.015625,2.541434,2.000000,-0.040376
1779541537.233690,0,1,-3.384825,6.027181,2.538535,2.000000,-0.040376
1779541537.243804,0,1,-3.401124,6.038772,2.535809,2.000000,-0.038890
1779541537.253496,0,1,-3.417382,6.050420,2.532910,2.000000,-0.038890
1779541537.263962,0,1,-3.433616,6.062102,2.530184,2.000000,-0.037124
1779541537.273211,0,1,-3.449808,6.073841,2.527285,2.000000,-0.037124
1779541537.283244,0,1,-3.465975,6.085615,2.524559,2.000000,-0.035060
1779541537.293486,0,1,-3.482102,6.097445,2.521660,2.000000,-0.035060
1779541537.303694,0,1,-3.498202,6.109309,2.518934,2.000000,-0.032968
1779541537.313644,0,1,-3.514262,6.121230,2.516036,2.000000,-0.032968
1779541537.323957,0,1,-3.530296,6.133184,2.513309,2.000000,-0.031800
1779541537.333486,0,1,-3.546288,6.145195,2.510411,2.000000,-0.029375
1779541537.343791,0,1,-3.562269,6.157219,2.507977,2.000000,-0.029375
1779541537.353632,0,1,-3.578265,6.169225,2.506302,2.000000,-0.029375
1779541537.363730,0,1,-3.594253,6.181241,2.504796,2.000000,-0.029375
1779541537.373167,0,1,-3.610246,6.193250,2.503659,2.000000,-0.029375
1779541537.383255,0,1,-3.626226,6.205277,2.502467,2.000000,-0.029375
1779541537.393320,0,1,-3.642206,6.217303,2.501515,2.000000,-0.029375
1779541537.403726,0,1,-3.658170,6.229351,2.500430,2.000000,-0.029375
1779541537.413234,0,1,-3.674133,6.241400,2.499541,2.000000,-0.029375
1779541537.423229,0,1,-3.690079,6.253473,2.498495,2.000000,-0.029375
1779541537.433521,0,1,-3.706022,6.265548,2.497629,2.000000,-0.029375
1779541537.443314,0,1,-3.721946,6.277648,2.496596,2.000000,-0.029375
1779541537.453615,0,1,-3.737868,6.289752,2.495738,2.000000,-0.029375
1779541537.463720,0,1,-3.753771,6.301880,2.494711,2.000000,-0.021990
1779541537.473432,0,1,-3.769672,6.314012,2.493857,2.000000,-0.020072
1779541537.483751,0,1,-3.785552,6.326169,2.492831,2.000000,-0.020072
1779541537.493490,0,1,-3.801430,6.338330,2.491979,2.000000,-0.020140
1779541537.503466,0,1,-3.817289,6.350516,2.490954,2.000000,-0.020140
1779541537.513465,0,1,-3.833144,6.362707,2.490102,2.000000,-0.020084
1779541537.523635,0,1,-3.848980,6.374923,2.489078,2.000000,-0.020084
1779541537.533105,0,1,-3.864813,6.387143,2.488226,2.000000,-0.019823
1779541537.543648,0,1,-3.880626,6.399388,2.487202,2.000000,-0.019823
1779541537.553493,0,1,-3.896435,6.411637,2.486351,2.000000,-0.019648
1779541537.563525,0,1,-3.912225,6.423912,2.485327,2.000000,-0.019648
1779541537.573218,0,1,-3.928012,6.436191,2.484476,2.000000,-0.019278
1779541537.583553,0,1,-3.943779,6.448496,2.483452,2.000000,-0.019002
1779541537.593173,0,1,-3.959543,6.460804,2.482601,2.000000,-0.019002
1779541537.603310,0,1,-3.975287,6.473138,2.481577,2.000000,-0.018409
1779541537.613543,0,1,-3.991028,6.485476,2.480726,2.000000,-0.018409
1779541537.623380,0,1,-4.006749,6.497840,2.479702,2.000000,-0.017982
1779541537.633049,0,1,-4.022467,6.510207,2.478851,2.000000,-0.017169
1779541537.643197,0,1,-4.038164,6.522600,2.477827,2.000000,-0.017169
1779541537.653490,0,1,-4.053859,6.534997,2.476976,2.000000,-0.016153
1779541537.663553,0,1,-4.069533,6.547420,2.475952,2.000000,-0.016153
1779541537.673678,0,1,-4.085204,6.559846,2.475101,2.000000,-0.015006
1779541537.683263,0,1,-4.100855,6.572298,2.474077,2.000000,-0.015006
1779541537.693565,0,1,-4.116503,6.584753,2.473226,2.000000,-0.013675
1779541537.703009,0,1,-4.132131,6.597234,2.472202,2.000000,-0.012995
1779541537.713939,0,1,-4.147755,6.609719,2.471351,2.000000,-0.012995
1779541537.723306,0,1,-4.163359,6.622230,2.470327,2.000000,-0.011433
1779541537.733173,0,1,-4.178960,6.634744,2.469476,2.000000,-0.011433
1779541537.743130,0,1,-4.194541,6.647284,2.468452,2.000000,-0.009662
1779541537.753276,0,1,-4.210119,6.659827,2.467601,2.000000,-0.009662
1779541537.763709,0,1,-4.225676,6.672396,2.466578,2.000000,-0.007630
1779541537.773412,0,1,-4.241230,6.684969,2.465726,2.000000,-0.007630
1779541537.783678,0,1,-4.256764,6.697566,2.464703,2.000000,-0.005512
1779541537.793156,0,1,-4.272294,6.710168,2.463851,2.000000,-0.005512
1779541537.803390,0,1,-4.287804,6.722795,2.462828,2.000000,-0.004193
1779541537.813285,0,1,-4.303311,6.735426,2.461976,2.000000,-0.001792
1779541537.823153,0,1,-4.318797,6.748082,2.460953,2.000000,-0.001792
1779541537.833180,0,1,-4.334280,6.760742,2.460101,2.000000,0.000956
1779541537.843487,0,1,-4.349743,6.773427,2.459078,2.000000,0.000956
1779541537.853656,0,1,-4.365218,6.786097,2.458519,2.000000,0.003881
1779541537.863587,0,1,-4.380732,6.798719,2.458719,2.000000,0.003881
1779541537.873693,0,1,-4.396261,6.811322,2.459087,2.000000,0.003881
1779541537.883188,0,1,-4.411820,6.823889,2.459826,2.000000,0.003881
1779541537.893661,0,1,-4.427388,6.836445,2.460509,2.000000,0.003881
1779541537.903506,0,1,-4.442980,6.848970,2.461431,2.000000,0.003881
1779541537.913627,0,1,-4.458578,6.861487,2.462222,2.000000,0.003881
1779541537.923478,0,1,-4.474199,6.873977,2.463208,2.000000,0.003881
1779541537.933588,0,1,-4.489825,6.886460,2.464036,2.000000,0.003881
1779541537.943532,0,1,-4.505472,6.898916,2.465045,2.000000,0.003881
1779541537.953125,0,1,-4.521124,6.911368,2.465887,2.000000,0.003881
1779541537.964061,0,1,-4.536796,6.923793,2.466904,2.000000,0.003881
1779541537.973438,0,1,-4.552472,6.936213,2.467752,2.000000,0.012131
1779541537.983777,0,1,-4.568168,6.948608,2.468773,2.000000,0.012131
1779541537.993447,0,1,-4.583868,6.960998,2.469622,2.000000,0.013797
1779541538.003654,0,1,-4.599588,6.973363,2.470644,2.000000,0.013797
1779541538.013421,0,1,-4.615311,6.985723,2.471495,2.000000,0.014095
1779541538.023817,0,1,-4.631055,6.998057,2.472518,2.000000,0.014095
1779541538.033420,0,1,-4.646801,7.010388,2.473369,2.000000,0.014794
1779541538.043838,0,1,-4.662568,7.022693,2.474392,2.000000,0.015668
1779541538.053486,0,1,-4.678338,7.034994,2.475243,2.000000,0.015668
1779541538.063410,0,1,-4.694128,7.047269,2.476266,2.000000,0.016204
1779541538.073642,0,1,-4.709921,7.059540,2.477117,2.000000,0.016204
1779541538.083455,0,1,-4.725734,7.071785,2.478141,2.000000,0.016857
1779541538.093509,0,1,-4.741550,7.084027,2.478992,2.000000,0.016857
1779541538.103246,0,1,-4.757386,7.096242,2.480015,2.000000,0.017502
1779541538.114563,0,1,-4.773225,7.108454,2.480867,2.000000,0.017502
1779541538.123671,0,1,-4.789084,7.120640,2.481890,2.000000,0.018672
1779541538.133178,0,1,-4.804946,7.132822,2.482742,2.000000,0.018672
1779541538.143636,0,1,-4.820827,7.144978,2.483765,2.000000,0.019832
1779541538.153794,0,1,-4.836712,7.157130,2.484617,2.000000,0.019832
1779541538.163559,0,1,-4.852616,7.169257,2.485640,2.000000,0.021340
1779541538.173453,0,1,-4.868524,7.181379,2.486492,2.000000,0.021340
1779541538.183613,0,1,-4.884451,7.193476,2.487515,2.000000,0.022842
1779541538.193417,0,1,-4.900381,7.205568,2.488366,2.000000,0.022842
1779541538.203289,0,1,-4.916331,7.217635,2.489390,2.000000,0.024727
1779541538.213282,0,1,-4.932284,7.229698,2.490241,2.000000,0.024727
1779541538.223379,0,1,-4.948256,7.241735,2.491265,2.000000,0.025592
1779541538.233301,0,1,-4.964231,7.253767,2.492116,2.000000,0.027652
1779541538.243108,0,1,-4.980226,7.265774,2.493140,2.000000,0.027652
1779541538.253705,0,1,-4.996224,7.277777,2.493991,2.000000,0.029948
1779541538.263454,0,1,-5.012242,7.289754,2.495015,2.000000,0.029948
1779541538.273583,0,1,-5.028262,7.301726,2.495866,2.000000,0.032430
1779541538.283407,0,1,-5.044302,7.313673,2.496890,2.000000,0.035048
1779541538.293466,0,1,-5.060345,7.325616,2.497741,2.000000,0.035048
1779541538.303621,0,1,-5.076422,7.337512,2.499057,2.000000,0.036504
1779541538.313495,0,1,-5.092558,7.349329,2.501132,2.000000,0.036504
1779541538.323565,0,1,-5.108730,7.361095,2.503375,2.000000,0.039241
1779541538.333256,0,1,-5.124951,7.372795,2.505989,2.000000,0.039241
1779541538.343693,0,1,-5.141203,7.384451,2.508547,2.000000,0.040493
1779541538.353484,0,1,-5.157499,7.396046,2.511344,2.000000,0.040493
1779541538.363961,0,1,-5.173823,7.407601,2.514009,2.000000,0.040493
1779541538.373619,0,1,-5.190189,7.419097,2.516870,2.000000,0.040493
1779541538.383544,0,1,-5.206581,7.430555,2.519574,2.000000,0.040493
1779541538.393539,0,1,-5.223015,7.441955,2.522457,2.000000,0.040493
1779541538.403692,0,1,-5.239473,7.453318,2.525174,2.000000,0.040493
1779541538.413468,0,1,-5.255971,7.464623,2.528067,2.000000,0.040493
1779541538.423188,0,1,-5.272495,7.475892,2.530789,2.000000,0.040493
1779541538.433190,0,1,-5.289057,7.487103,2.533685,2.000000,0.040493
1779541538.443596,0,1,-5.305644,7.498278,2.536409,2.000000,0.040493
1779541538.453232,0,1,-5.322270,7.509394,2.539306,2.000000,0.036616
1779541538.463223,0,1,-5.338919,7.520475,2.542032,2.000000,0.036616
1779541538.473424,0,1,-5.355608,7.531498,2.544929,2.000000,0.036616
1779541538.483568,0,1,-5.372320,7.542484,2.547655,2.000000,0.036616
1779541538.493473,0,1,-5.389070,7.553413,2.550553,2.000000,0.035060
1779541538.503734,0,1,-5.405844,7.564305,2.553279,2.000000,0.035060
1779541538.513525,0,1,-5.422655,7.575139,2.556178,2.000000,0.033540
1779541538.523164,0,1,-5.439490,7.585937,2.558904,2.000000,0.033540
1779541538.533844,0,1,-5.456362,7.596676,2.561802,2.000000,0.031963
1779541538.543533,0,1,-5.473257,7.607379,2.564528,2.000000,0.030372
1779541538.553621,0,1,-5.490190,7.618023,2.567427,2.000000,0.030372
1779541538.563473,0,1,-5.507132,7.628652,2.569861,2.000000,0.029552
1779541538.573504,0,1,-5.524061,7.639301,2.571536,2.000000,0.029552
1779541538.583788,0,1,-5.540997,7.649939,2.573042,2.000000,0.027841
1779541538.593539,0,1,-5.557928,7.660585,2.574178,2.000000,0.027841
1779541538.603573,0,1,-5.574872,7.671211,2.575370,2.000000,0.026330
1779541538.613543,0,1,-5.591814,7.681838,2.576323,2.000000,0.026330
1779541538.623772,0,1,-5.608772,7.692443,2.577407,2.000000,0.026191
1779541538.633595,0,1,-5.625730,7.703045,2.578296,2.000000,0.026191
1779541538.643285,0,1,-5.642704,7.713623,2.579342,2.000000,0.027876
1779541538.653498,0,1,-5.659679,7.724198,2.580208,2.000000,0.027876
1779541538.663770,0,1,-5.676671,7.734747,2.581241,2.000000,0.030037
1779541538.673418,0,1,-5.693665,7.745292,2.582099,2.000000,0.030037
1779541538.683531,0,1,-5.710676,7.755811,2.583126,2.000000,0.031243
1779541538.693405,0,1,-5.727689,7.766326,2.583981,2.000000,0.034005
1779541538.703453,0,1,-5.744718,7.776813,2.585006,2.000000,0.034005
1779541538.713162,0,1,-5.761751,7.787297,2.585859,2.000000,0.036891
1779541538.723340,0,1,-5.778813,7.797731,2.587176,2.000000,0.036891
1779541538.733364,0,1,-5.795926,7.808082,2.589251,2.000000,0.040041
1779541538.743269,0,1,-5.813072,7.818379,2.591495,2.000000,0.040041
1779541538.753509,0,1,-5.830260,7.828605,2.594109,2.000000,0.043297
1779541538.763929,0,1,-5.847474,7.838786,2.596667,2.000000,0.043297
1779541538.773107,0,1,-5.864728,7.848901,2.599465,2.000000,0.046475
1779541538.783215,0,1,-5.882006,7.858975,2.602130,2.000000,0.046475
1779541538.793663,0,1,-5.899320,7.868985,2.604991,2.000000,0.047512
1779541538.803442,0,1,-5.916657,7.878957,2.607695,2.000000,0.047512
1779541538.813447,0,1,-5.934030,7.888866,2.610579,2.000000,0.047817
1779541538.823484,0,1,-5.951424,7.898736,2.613296,2.000000,0.047817
1779541538.833310,0,1,-5.968854,7.908545,2.616188,2.000000,0.047696
1779541538.843441,0,1,-5.986304,7.918316,2.618910,2.000000,0.047696
1779541538.853249,0,1,-6.003789,7.928026,2.621806,2.000000,0.047618
1779541538.863291,0,1,-6.021295,7.937698,2.624530,2.000000,0.047618
1779541538.873199,0,1,-6.038835,7.947308,2.627427,2.000000,0.047618
1779541538.883266,0,1,-6.056395,7.956880,2.630153,2.000000,0.047618
1779541538.893450,0,1,-6.073989,7.966392,2.633051,2.000000,0.047618
1779541538.903413,0,1,-6.091603,7.975865,2.635777,2.000000,0.047618
1779541538.913160,0,1,-6.109250,7.985277,2.638675,2.000000,0.047618
1779541538.923689,0,1,-6.126917,7.994651,2.641401,2.000000,0.047618
1779541538.933632,0,1,-6.144617,8.003963,2.644299,2.000000,0.047618
1779541538.943662,0,1,-6.162337,8.013237,2.647025,2.000000,0.047618
1779541538.953615,0,1,-6.180089,8.022450,2.649923,2.000000,0.047618
1779541538.963498,0,1,-6.197860,8.031624,2.652650,2.000000,0.047618
1779541538.973410,0,1,-6.215664,8.040737,2.655548,2.000000,0.047618
1779541538.983849,0,1,-6.233487,8.049811,2.658274,2.000000,0.047618
1779541538.993147,0,1,-6.251341,8.058823,2.661173,2.000000,0.047618
1779541539.003703,0,1,-6.269215,8.067797,2.663899,2.000000,0.047618
1779541539.013577,0,1,-6.287120,8.076708,2.666797,2.000000,0.046304
1779541539.023744,0,1,-6.305043,8.085582,2.669524,2.000000,0.046304
1779541539.033076,0,1,-6.322998,8.094392,2.672422,2.000000,0.047552
1779541539.043462,0,1,-6.340972,8.103165,2.675148,2.000000,0.047552
1779541539.053165,0,1,-6.358976,8.111874,2.678047,2.000000,0.047921
1779541539.063355,0,1,-6.376998,8.120545,2.680773,2.000000,0.047921
1779541539.073851,0,1,-6.395051,8.129153,2.683672,2.000000,0.048142
1779541539.083463,0,1,-6.413122,8.137723,2.686398,2.000000,0.048142
1779541539.093533,0,1,-6.431223,8.146229,2.689296,2.000000,0.048677
1779541539.103493,0,1,-6.449342,8.154697,2.692023,2.000000,0.048677
1779541539.113476,0,1,-6.467490,8.163101,2.694921,2.000000,0.049005
1779541539.123797,0,1,-6.485656,8.171467,2.697647,2.000000,0.049005
1779541539.133176,0,1,-6.503852,8.179769,2.700546,2.000000,0.049719
1779541539.143652,0,1,-6.522065,8.188033,2.703272,2.000000,0.049719
1779541539.153780,0,1,-6.540307,8.196233,2.706171,2.000000,0.050216
1779541539.163477,0,1,-6.558566,8.204393,2.708897,2.000000,0.050216
1779541539.173442,0,1,-6.576854,8.212490,2.711795,2.000000,0.051082
1779541539.183617,0,1,-6.595159,8.220548,2.714522,2.000000,0.051082
1779541539.193173,0,1,-6.613491,8.228542,2.717420,2.000000,0.051767
1779541539.203298,0,1,-6.631841,8.236497,2.720147,2.000000,0.051767
1779541539.213160,0,1,-6.650219,8.244388,2.723045,2.000000,0.052834
1779541539.223037,0,1,-6.668613,8.252240,2.725771,2.000000,0.053214
1779541539.233449,0,1,-6.687035,8.260027,2.728670,2.000000,0.053214
1779541539.243294,0,1,-6.705473,8.267775,2.731396,2.000000,0.054287
1779541539.253226,0,1,-6.723938,8.275459,2.734294,2.000000,0.054287
1779541539.263715,0,1,-6.742420,8.283103,2.737021,2.000000,0.055475
1779541539.273684,0,1,-6.760928,8.290682,2.739919,2.000000,0.055475
1779541539.283523,0,1,-6.779452,8.298222,2.742646,2.000000,0.056760
1779541539.293434,0,1,-6.798003,8.305698,2.745544,2.000000,0.056760
1779541539.303685,0,1,-6.816569,8.313133,2.748270,2.000000,0.057605
1779541539.313411,0,1,-6.835161,8.320504,2.751169,2.000000,0.058871
1779541539.323579,0,1,-6.853769,8.327836,2.753895,2.000000,0.058871
1779541539.333562,0,1,-6.872402,8.335102,2.756793,2.000000,0.058871
1779541539.343417,0,1,-6.891051,8.342328,2.759520,2.000000,0.061320
1779541539.353791,0,1,-6.909725,8.349489,2.762418,2.000000,0.061320
1779541539.363507,0,1,-6.928414,8.356611,2.765145,2.000000,0.061320
1779541539.373497,0,1,-6.947128,8.363667,2.768043,2.000000,0.061320
1779541539.383521,0,1,-6.965857,8.370683,2.770769,2.000000,0.061320
1779541539.393348,0,1,-6.984610,8.377634,2.773668,2.000000,0.061320
1779541539.403550,0,1,-7.003379,8.384545,2.776394,2.000000,0.061320
1779541539.413673,0,1,-7.022171,8.391390,2.779293,2.000000,0.061320
1779541539.423708,0,1,-7.040977,8.398195,2.782019,2.000000,0.061320
1779541539.433420,0,1,-7.059808,8.404934,2.784917,2.000000,0.061320
1779541539.443568,0,1,-7.078652,8.411633,2.787644,2.000000,0.061320
1779541539.453625,0,1,-7.097520,8.418267,2.790542,2.000000,0.061320
1779541539.463591,0,1,-7.116402,8.424860,2.793268,2.000000,0.061320
1779541539.473363,0,1,-7.135307,8.431387,2.796167,2.000000,0.061320
1779541539.483359,0,1,-7.154226,8.437874,2.798893,2.000000,0.061320
1779541539.493509,0,1,-7.173167,8.444294,2.801792,2.000000,0.074965
1779541539.504432,0,1,-7.192122,8.450675,2.804518,2.000000,0.074965
1779541539.513436,0,1,-7.211107,8.456965,2.807709,2.000000,0.081224
1779541539.523678,0,1,-7.230135,8.463125,2.811659,2.000000,0.081224
1779541539.533485,0,1,-7.249193,8.469191,2.815777,2.000000,0.084451
1779541539.543497,0,1,-7.268287,8.475141,2.820266,2.000000,0.084451
1779541539.553442,0,1,-7.287408,8.481006,2.824698,2.000000,0.087420
1779541539.563613,0,1,-7.306562,8.486761,2.829370,2.000000,0.087420
1779541539.573137,0,1,-7.325740,8.492435,2.833911,2.000000,0.089493
1779541539.583754,0,1,-7.344950,8.498003,2.838647,2.000000,0.089493
1779541539.593430,0,1,-7.364182,8.503491,2.843225,2.000000,0.089738
1779541539.603633,0,1,-7.383444,8.508873,2.847984,2.000000,0.089738
1779541539.613837,0,1,-7.402728,8.514178,2.852576,2.000000,0.089807
1779541539.623797,0,1,-7.422040,8.519377,2.857343,2.000000,0.089807
1779541539.633481,0,1,-7.441373,8.524498,2.861940,2.000000,0.089451
1779541539.643809,0,1,-7.460734,8.529515,2.866711,2.000000,0.089451
1779541539.653499,0,1,-7.480114,8.534454,2.871310,2.000000,0.089358
1779541539.663890,0,1,-7.499521,8.539288,2.876082,2.000000,0.088982
1779541539.673513,0,1,-7.518948,8.544044,2.880682,2.000000,0.088982
1779541539.683691,0,1,-7.538399,8.548696,2.885455,2.000000,0.089206
1779541539.693449,0,1,-7.557869,8.553269,2.890056,2.000000,0.089206
1779541539.703578,0,1,-7.577363,8.557738,2.894829,2.000000,0.088936
1779541539.713477,0,1,-7.596876,8.562129,2.899430,2.000000,0.088936
1779541539.723842,0,1,-7.616411,8.566415,2.904203,2.000000,0.088698
1779541539.733705,0,1,-7.635963,8.570622,2.908804,2.000000,0.088698
1779541539.743076,0,1,-7.655538,8.574724,2.913577,2.000000,0.088759
1779541539.753515,0,1,-7.675129,8.578748,2.918178,2.000000,0.088759
1779541539.763705,0,1,-7.694741,8.582667,2.922952,2.000000,0.088629
1779541539.773413,0,1,-7.714369,8.586507,2.927553,2.000000,0.088629
1779541539.783616,0,1,-7.734017,8.590242,2.932326,2.000000,0.088994
1779541539.793469,0,1,-7.753681,8.593897,2.936927,2.000000,0.088994
1779541539.803612,0,1,-7.773363,8.597448,2.941701,2.000000,0.088838
1779541539.813481,0,1,-7.793059,8.600919,2.946302,2.000000,0.089130
1779541539.823799,0,1,-7.812774,8.604284,2.951075,2.000000,0.089130
1779541539.833387,0,1,-7.832502,8.607571,2.955677,2.000000,0.089157
1779541539.843678,0,1,-7.852248,8.610751,2.960450,2.000000,0.089157
1779541539.853597,0,1,-7.872006,8.613853,2.965051,2.000000,0.089157
1779541539.863634,0,1,-7.891780,8.616848,2.969824,2.000000,0.089157
1779541539.873906,0,1,-7.911566,8.619764,2.974426,2.000000,0.089157
1779541539.883359,0,1,-7.931368,8.622574,2.979199,2.000000,0.089157
1779541539.893799,0,1,-7.951181,8.625304,2.983800,2.000000,0.089157
1779541539.903537,0,1,-7.971008,8.627928,2.988574,2.000000,0.089157
1779541539.913457,0,1,-7.990845,8.630473,2.993175,2.000000,0.089157
1779541539.923606,0,1,-8.010696,8.632911,2.997948,2.000000,0.089157
1779541539.933643,0,1,-8.030556,8.635269,3.002550,2.000000,0.089157
1779541539.943512,0,1,-8.050429,8.637521,3.007323,2.000000,0.089157
1779541539.953431,0,1,-8.070311,8.639694,3.011924,2.000000,0.089157
1779541539.963763,0,1,-8.090204,8.641759,3.016697,2.000000,0.089602
1779541539.973713,0,1,-8.110105,8.643745,3.021299,2.000000,0.089602
1779541539.983225,0,1,-8.130017,8.645624,3.026072,2.000000,0.094306
1779541539.993191,0,1,-8.149936,8.647423,3.030673,2.000000,0.094306
1779541540.003594,0,1,-8.169864,8.649115,3.035447,2.000000,0.094807
1779541540.013862,0,1,-8.189799,8.650727,3.040048,2.000000,0.095870
1779541540.023451,0,1,-8.209742,8.652232,3.044821,2.000000,0.095870
1779541540.033124,0,1,-8.229691,8.653658,3.049423,2.000000,0.097270
1779541540.043947,0,1,-8.249648,8.654976,3.054196,2.000000,0.097270
1779541540.053457,0,1,-8.269609,8.656214,3.058797,2.000000,0.098479
1779541540.063530,0,1,-8.289579,8.657320,3.063863,2.000000,0.098479
1779541540.073508,0,1,-8.309557,8.658252,3.069688,2.000000,0.099977
1779541540.083674,0,1,-8.329541,8.659048,3.075681,2.000000,0.099977
1779541540.093749,0,1,-8.349531,8.659685,3.082045,2.000000,0.101845
1779541540.103539,0,1,-8.369524,8.660195,3.088352,2.000000,0.101845
1779541540.113448,0,1,-8.389521,8.660553,3.094899,2.000000,0.103949
1779541540.123783,0,1,-8.409519,8.660789,3.101314,2.000000,0.103949
1779541540.133649,0,1,-8.429519,8.660876,3.107925,2.000000,0.103949
1779541540.143466,0,1,-8.449519,8.660843,3.114378,2.000000,0.101263
1779541540.153488,0,1,-8.469518,8.660663,3.121012,2.000000,0.101263
1779541540.163886,0,1,-8.489516,8.660364,3.127479,2.000000,0.101263
1779541540.173464,0,1,-8.509511,8.659920,3.134121,2.000000,0.096007
1779541540.183614,0,1,-8.529503,8.659357,3.140593,2.000000,0.096007
1779541540.193507,0,1,-8.549491,8.658648,3.147239,2.000000,0.096007
1779541540.203202,0,1,-8.569474,8.657834,3.153567,2.000000,0.091815
1779541540.213234,0,1,-8.589453,8.656922,3.159602,2.000000,0.091815
1779541540.223796,0,1,-8.609428,8.655919,3.165321,2.000000,0.085540
1779541540.233411,0,1,-8.629400,8.654857,3.170476,2.000000,0.085540
1779541540.243347,0,1,-8.649366,8.653703,3.175574,2.000000,0.085540
1779541540.253471,0,1,-8.669329,8.652479,3.180368,2.000000,0.079451
1779541540.263139,0,1,-8.689285,8.651154,3.185256,2.000000,0.079451
1779541540.273580,0,1,-8.709236,8.649755,3.189926,2.000000,0.079451
1779541540.283430,0,1,-8.729179,8.648252,3.194742,2.000000,0.075538
1779541540.293612,0,1,-8.749117,8.646672,3.199369,2.000000,0.075538
1779541540.303489,0,1,-8.769046,8.644988,3.204158,2.000000,0.075538
1779541540.313261,0,1,-8.788968,8.643225,3.208770,2.000000,0.073799
1779541540.323326,0,1,-8.808880,8.641356,3.213550,2.000000,0.073799
1779541540.333413,0,1,-8.828785,8.639408,3.218155,2.000000,0.073799
1779541540.343494,0,1,-8.848679,8.637354,3.222932,2.000000,0.072504
1779541540.353435,0,1,-8.868565,8.635221,3.227535,2.000000,0.072504
1779541540.363638,0,1,-8.888439,8.632981,3.232310,2.000000,0.072504
1779541540.373102,0,1,-8.908305,8.630662,3.236912,2.000000,0.072504
1779541540.383324,0,1,-8.928157,8.628237,3.241686,2.000000,0.072504
1779541540.393149,0,1,-8.947999,8.625732,3.246288,2.000000,0.072504
1779541540.403719,0,1,-8.967828,8.623121,3.251061,2.000000,0.072504
1779541540.413445,0,1,-8.987646,8.620431,3.255663,2.000000,0.072504
1779541540.423904,0,1,-9.007450,8.617634,3.260437,2.000000,0.072504
1779541540.433309,0,1,-9.027242,8.614758,3.265038,2.000000,0.072504
1779541540.443342,0,1,-9.047019,8.611776,3.269811,2.000000,0.072504
1779541540.453210,0,1,-9.066783,8.608715,3.274413,2.000000,0.072504
1779541540.463232,0,1,-9.086530,8.605547,3.279186,2.000000,0.072504
1779541540.473512,0,1,-9.106265,8.602301,3.283788,2.000000,0.065194
1779541540.483497,0,1,-9.125982,8.598949,3.288561,2.000000,0.065194
1779541540.493532,0,1,-9.145686,8.595518,3.293162,2.000000,0.063422
1779541540.503756,0,1,-9.165370,8.591981,3.297936,2.000000,0.063422
1779541540.513592,0,1,-9.185045,8.588390,3.302244,2.000000,0.061892
1779541540.523665,0,1,-9.204718,8.584785,3.305794,2.000000,0.061892
1779541540.533439,0,1,-9.224381,8.581131,3.309176,2.000000,0.060140
1779541540.543422,0,1,-9.244039,8.577449,3.312187,2.000000,0.060140
1779541540.553794,0,1,-9.263686,8.573707,3.315254,2.000000,0.058372
1779541540.563627,0,1,-9.283326,8.569930,3.318081,2.000000,0.058372
1779541540.573729,0,1,-9.302954,8.566089,3.321041,2.000000,0.057954
1779541540.583534,0,1,-9.322574,8.562210,3.323804,2.000000,0.057954
1779541540.593213,0,1,-9.342181,8.558265,3.326726,2.000000,0.059183
1779541540.603640,0,1,-9.361780,8.554280,3.329467,2.000000,0.059183
1779541540.613961,0,1,-9.381365,8.550228,3.332375,2.000000,0.060737
1779541540.623612,0,1,-9.400942,8.546136,3.335107,2.000000,0.060737
1779541540.633542,0,1,-9.420505,8.541976,3.338010,2.000000,0.062717
1779541540.643502,0,1,-9.440059,8.537774,3.340739,2.000000,0.062717
1779541540.653614,0,1,-9.459598,8.533505,3.343639,2.000000,0.064697
1779541540.663438,0,1,-9.479128,8.529195,3.346367,2.000000,0.064697
1779541540.673625,0,1,-9.498637,8.524792,3.349558,2.000000,0.066997
1779541540.683197,0,1,-9.518116,8.520257,3.353509,2.000000,0.066997
1779541540.693542,0,1,-9.537572,8.515624,3.357628,2.000000,0.069366
1779541540.703574,0,1,-9.557000,8.510875,3.362117,2.000000,0.070811
1779541540.713324,0,1,-9.576406,8.506038,3.366550,2.000000,0.070811
1779541540.723429,0,1,-9.595785,8.501091,3.371222,2.000000,0.073472
1779541540.733763,0,1,-9.615142,8.496061,3.375763,2.000000,0.073472
1779541540.743587,0,1,-9.634471,8.490924,3.380499,2.000000,0.073472
1779541540.753793,0,1,-9.653778,8.485707,3.385077,2.000000,0.072649
1779541540.763558,0,1,-9.673057,8.480385,3.389836,2.000000,0.070158
1779541540.773785,0,1,-9.692314,8.474984,3.394428,2.000000,0.070158
1779541540.783605,0,1,-9.711541,8.469479,3.399195,2.000000,0.066761
1779541540.793667,0,1,-9.730746,8.463896,3.403792,2.000000,0.066761
1779541540.803575,0,1,-9.749921,8.458209,3.408563,2.000000,0.065611
1779541540.813575,0,1,-9.769072,8.452445,3.413162,2.000000,0.065611
1779541540.823722,0,1,-9.788193,8.446579,3.417934,2.000000,0.063192
1779541540.833705,0,1,-9.807289,8.440635,3.422535,2.000000,0.063192
1779541540.843567,0,1,-9.826353,8.434589,3.427307,2.000000,0.060483
1779541540.853769,0,1,-9.845401,8.428490,3.431616,2.000000,0.060483
1779541540.863612,0,1,-9.864444,8.422378,3.435165,2.000000,0.060483
1779541540.873764,0,1,-9.883471,8.416218,3.438546,2.000000,0.060483
1779541540.883551,0,1,-9.902490,8.410031,3.441557,2.000000,0.060483
1779541540.893751,0,1,-9.921490,8.403786,3.444624,2.000000,0.060483
1779541540.903656,0,1,-9.940479,8.397506,3.447451,2.000000,0.060483
1779541540.913169,0,1,-9.959447,8.391166,3.450411,2.000000,0.060483
1779541540.923251,0,1,-9.978403,8.384788,3.453174,2.000000,0.060483
1779541540.933763,0,1,-9.997337,8.378346,3.456096,2.000000,0.060483
1779541540.943620,0,1,-10.016258,8.371866,3.458837,2.000000,0.060483
1779541540.953279,0,1,-10.035157,8.365322,3.461744,2.000000,0.060483
1779541540.963709,0,1,-10.054043,8.358738,3.464477,2.000000,0.060483
1779541540.973219,0,1,-10.072905,8.352089,3.467379,2.000000,0.060483
1779541540.983730,0,1,-10.091753,8.345400,3.470108,2.000000,0.060483
1779541540.993563,0,1,-10.110578,8.338646,3.473009,2.000000,0.060483
1779541541.003726,0,1,-10.129389,8.331852,3.475736,2.000000,0.060483
1779541541.013587,0,1,-10.148176,8.324993,3.478636,2.000000,0.060483
1779541541.023159,0,1,-10.166948,8.318094,3.481363,2.000000,0.060483
1779541541.033554,0,1,-10.185697,8.311129,3.484262,2.000000,0.060483
1779541541.043543,0,1,-10.204430,8.304125,3.486988,2.000000,0.052756
1779541541.053545,0,1,-10.223139,8.297056,3.489887,2.000000,0.052756
1779541541.063443,0,1,-10.241833,8.289946,3.492614,2.000000,0.052509
1779541541.073146,0,1,-10.260501,8.282771,3.495512,2.000000,0.052509
1779541541.083572,0,1,-10.279155,8.275557,3.498239,2.000000,0.052679
1779541541.093152,0,1,-10.297783,8.268278,3.501137,2.000000,0.052679
1779541541.103779,0,1,-10.316396,8.260958,3.503864,2.000000,0.052679
1779541541.113360,0,1,-10.334983,8.253574,3.506762,2.000000,0.052915
1779541541.123282,0,1,-10.353554,8.246151,3.509488,2.000000,0.052806
1779541541.133216,0,1,-10.372099,8.238662,3.512387,2.000000,0.052806
1779541541.144126,0,1,-10.390628,8.231134,3.515113,2.000000,0.052824
1779541541.153686,0,1,-10.409131,8.223541,3.518012,2.000000,0.052824
1779541541.163616,0,1,-10.427617,8.215909,3.520738,2.000000,0.052632
1779541541.173470,0,1,-10.446077,8.208213,3.523636,2.000000,0.052632
1779541541.183757,0,1,-10.464520,8.200477,3.526363,2.000000,0.052486
1779541541.193635,0,1,-10.482936,8.192676,3.529261,2.000000,0.052486
1779541541.203338,0,1,-10.501336,8.184837,3.531988,2.000000,0.052243
1779541541.213346,0,1,-10.519708,8.176933,3.534886,2.000000,0.052243
1779541541.223638,0,1,-10.538063,8.168990,3.537612,2.000000,0.051921
1779541541.233461,0,1,-10.556390,8.160983,3.540511,2.000000,0.051921
1779541541.243651,0,1,-10.574700,8.152937,3.543237,2.000000,0.051526
1779541541.253515,0,1,-10.592982,8.144827,3.546135,2.000000,0.051526
1779541541.263467,0,1,-10.611247,8.136678,3.548862,2.000000,0.051040
1779541541.273605,0,1,-10.629483,8.128465,3.551760,2.000000,0.051040
1779541541.283695,0,1,-10.647701,8.120214,3.554487,2.000000,0.050481
1779541541.293508,0,1,-10.665891,8.111899,3.557385,2.000000,0.050481
1779541541.303546,0,1,-10.684062,8.103545,3.560111,2.000000,0.049819
1779541541.313591,0,1,-10.702205,8.095128,3.563010,2.000000,0.049819
1779541541.323458,0,1,-10.720329,8.086672,3.565736,2.000000,0.049087
1779541541.333702,0,1,-10.738424,8.078152,3.568634,2.000000,0.049087
1779541541.343556,0,1,-10.756501,8.069595,3.571361,2.000000,0.048240
1779541541.353198,0,1,-10.774547,8.060974,3.574259,2.000000,0.048240
1779541541.363711,0,1,-10.792576,8.052314,3.576986,2.000000,0.048240
1779541541.373328,0,1,-10.810574,8.043592,3.579884,2.000000,0.048240
1779541541.383731,0,1,-10.828553,8.034832,3.582610,2.000000,0.048240
1779541541.393310,0,1,-10.846501,8.026008,3.585509,2.000000,0.048240
1779541541.403770,0,1,-10.864431,8.017147,3.588235,2.000000,0.048240
1779541541.413207,0,1,-10.882329,8.008223,3.591134,2.000000,0.048240
1779541541.423368,0,1,-10.900209,7.999260,3.593860,2.000000,0.048240
1779541541.433237,0,1,-10.918057,7.990236,3.596758,2.000000,0.048240
1779541541.443386,0,1,-10.935886,7.981173,3.599485,2.000000,0.048240
1779541541.453375,0,1,-10.953683,7.972048,3.602383,2.000000,0.048240
1779541541.463349,0,1,-10.971461,7.962885,3.605109,2.000000,0.048240
1779541541.473422,0,1,-10.989206,7.953660,3.608008,2.000000,0.048240
1779541541.483606,0,1,-11.006932,7.944398,3.610734,2.000000,0.048240
1779541541.493642,0,1,-11.024625,7.935073,3.613633,2.000000,0.048240
1779541541.503500,0,1,-11.042298,7.925711,3.616359,2.000000,0.048240
1779541541.513125,0,1,-11.059939,7.916287,3.619257,2.000000,0.048240
1779541541.523452,0,1,-11.077559,7.906825,3.621984,2.000000,0.048240
1779541541.533118,0,1,-11.095147,7.897303,3.624882,2.000000,0.035111
1779541541.543162,0,1,-11.112714,7.887742,3.627609,2.000000,0.035111
1779541541.553690,0,1,-11.130247,7.878120,3.630507,2.000000,0.033386
1779541541.563431,0,1,-11.147760,7.868461,3.633233,2.000000,0.033386
1779541541.573428,0,1,-11.165239,7.858741,3.636132,2.000000,0.031280
1779541541.583444,0,1,-11.182697,7.848983,3.638858,2.000000,0.029122
1779541541.593257,0,1,-11.200121,7.839165,3.641756,2.000000,0.029122
1779541541.603278,0,1,-11.217537,7.829332,3.644190,2.000000,0.027859
1779541541.613404,0,1,-11.234964,7.819519,3.645865,2.000000,0.027859
1779541541.623399,0,1,-11.252385,7.809695,3.647372,2.000000,0.025683
1779541541.633544,0,1,-11.269810,7.799878,3.648508,2.000000,0.025683
1779541541.643610,0,1,-11.287224,7.790041,3.649700,2.000000,0.023950
1779541541.653580,0,1,-11.304639,7.780206,3.650653,2.000000,0.023950
1779541541.663746,0,1,-11.322040,7.770347,3.651737,2.000000,0.023333
1779541541.673109,0,1,-11.339440,7.760487,3.652626,2.000000,0.023333
1779541541.683796,0,1,-11.356826,7.750601,3.653672,2.000000,0.023396
1779541541.693814,0,1,-11.374210,7.740711,3.654538,2.000000,0.023396
1779541541.703498,0,1,-11.391579,7.730796,3.655571,2.000000,0.023964
1779541541.713562,0,1,-11.408945,7.720876,3.656429,2.000000,0.023964
1779541541.723603,0,1,-11.426297,7.710930,3.657456,2.000000,0.025194
1779541541.733479,0,1,-11.443646,7.700979,3.658311,2.000000,0.025194
1779541541.743897,0,1,-11.460979,7.691001,3.659336,2.000000,0.026293
1779541541.753381,0,1,-11.478309,7.681018,3.660189,2.000000,0.026293
1779541541.764803,0,1,-11.495624,7.671008,3.661213,2.000000,0.026902
1779541541.773186,0,1,-11.512936,7.660993,3.662065,2.000000,0.028272
1779541541.783649,0,1,-11.530232,7.650951,3.663089,2.000000,0.028272
1779541541.793776,0,1,-11.547525,7.640904,3.663941,2.000000,0.029644
1779541541.803573,0,1,-11.564803,7.630830,3.664965,2.000000,0.029644
1779541541.813387,0,1,-11.582077,7.620751,3.665816,2.000000,0.031070
1779541541.823586,0,1,-11.599336,7.610644,3.666840,2.000000,0.031070
1779541541.833771,0,1,-11.616591,7.600533,3.667692,2.000000,0.032472
1779541541.843819,0,1,-11.633831,7.590393,3.668715,2.000000,0.032472
1779541541.853505,0,1,-11.651067,7.580250,3.669567,2.000000,0.032472
1779541541.863558,0,1,-11.668275,7.570057,3.670883,2.000000,0.032472
1779541541.873662,0,1,-11.685432,7.559779,3.672957,2.000000,0.032472
1779541541.883474,0,1,-11.702557,7.549447,3.675201,2.000000,0.032472
1779541541.893280,0,1,-11.719639,7.539045,3.677815,2.000000,0.032472
1779541541.903781,0,1,-11.736693,7.528598,3.680372,2.000000,0.032472
1779541541.913474,0,1,-11.753708,7.518085,3.683170,2.000000,0.032472
1779541541.924229,0,1,-11.770697,7.507533,3.685835,2.000000,0.032472
1779541541.933487,0,1,-11.787648,7.496917,3.688696,2.000000,0.032472
1779541541.943560,0,1,-11.804574,7.486264,3.691400,2.000000,0.032472
1779541541.953832,0,1,-11.821462,7.475550,3.694283,2.000000,0.032472
1779541541.963251,0,1,-11.838326,7.464798,3.697000,2.000000,0.032733
1779541541.973699,0,1,-11.855152,7.453987,3.699893,2.000000,0.032733
1779541541.983830,0,1,-11.871955,7.443140,3.702615,2.000000,0.032408
1779541541.993237,0,1,-11.888719,7.432233,3.705511,2.000000,0.032408
1779541542.003596,0,1,-11.905460,7.421290,3.708235,2.000000,0.028563
1779541542.013426,0,1,-11.922162,7.410288,3.711132,2.000000,0.028563
1779541542.023641,0,1,-11.938855,7.399272,3.713565,2.000000,0.027366
1779541542.033040,0,1,-11.955560,7.388275,3.715239,2.000000,0.024849
1779541542.046517,0,1,-11.972259,7.377268,3.716745,2.000000,0.024849
1779541542.053813,0,1,-11.988961,7.366267,3.717881,2.000000,0.024849
1779541542.063819,0,1,-12.005652,7.355247,3.719073,2.000000,0.022321
1779541542.073639,0,1,-12.022343,7.344229,3.720025,2.000000,0.022321
1779541542.083542,0,1,-12.039019,7.333187,3.721110,2.000000,0.022321
1779541542.093635,0,1,-12.055694,7.322145,3.721998,2.000000,0.020039
1779541542.103642,0,1,-12.072352,7.311077,3.723045,2.000000,0.020039
1779541542.113662,0,1,-12.089009,7.300007,3.723911,2.000000,0.021003
1779541542.123533,0,1,-12.105649,7.288911,3.724943,2.000000,0.021003
1779541542.133514,0,1,-12.122287,7.277812,3.725801,2.000000,0.022351
1779541542.143619,0,1,-12.138907,7.266686,3.726829,2.000000,0.022351
1779541542.153474,0,1,-12.155524,7.255557,3.727683,2.000000,0.024702
1779541542.163609,0,1,-12.172124,7.244401,3.728708,2.000000,0.024702
1779541542.173098,0,1,-12.188721,7.233242,3.729561,2.000000,0.027977
1779541542.183462,0,1,-12.205300,7.222055,3.730585,2.000000,0.027977
1779541542.193154,0,1,-12.221876,7.210865,3.731437,2.000000,0.030189
1779541542.203516,0,1,-12.238434,7.199648,3.732461,2.000000,0.030189
1779541542.213231,0,1,-12.254990,7.188426,3.733313,2.000000,0.031208
1779541542.223230,0,1,-12.271527,7.177178,3.734337,2.000000,0.031208
1779541542.233292,0,1,-12.288062,7.165926,3.735189,2.000000,0.032814
1779541542.243668,0,1,-12.304578,7.154647,3.736212,2.000000,0.032814
1779541542.253512,0,1,-12.321091,7.143364,3.737064,2.000000,0.035163
1779541542.263682,0,1,-12.337572,7.132034,3.738380,2.000000,0.035163
1779541542.273078,0,1,-12.353997,7.120622,3.740455,2.000000,0.037644
1779541542.283145,0,1,-12.370386,7.109159,3.742698,2.000000,0.037644
1779541542.293135,0,1,-12.386727,7.097628,3.745312,2.000000,0.040320
1779541542.303567,0,1,-12.403038,7.086055,3.747870,2.000000,0.040320
1779541542.313277,0,1,-12.419305,7.074419,3.750667,2.000000,0.042752
1779541542.323789,0,1,-12.435544,7.062744,3.753332,2.000000,0.042752
1779541542.333601,0,1,-12.451740,7.051010,3.756193,2.000000,0.043162
1779541542.343518,0,1,-12.467909,7.039239,3.758897,2.000000,0.043162
1779541542.353437,0,1,-12.484036,7.027410,3.761780,2.000000,0.042593
1779541542.364016,0,1,-12.500137,7.015546,3.764498,2.000000,0.042593
1779541542.373493,0,1,-12.516195,7.003624,3.767390,2.000000,0.042593
1779541542.384179,0,1,-12.532228,6.991668,3.770112,2.000000,0.042593
1779541542.393617,0,1,-12.548219,6.979656,3.773008,2.000000,0.042593
1779541542.403451,0,1,-12.564183,6.967608,3.775732,2.000000,0.042593
1779541542.413584,0,1,-12.580105,6.955505,3.778629,2.000000,0.042593
1779541542.423119,0,1,-12.596001,6.943368,3.781355,2.000000,0.042593
1779541542.433085,0,1,-12.611855,6.931175,3.784252,2.000000,0.042593
1779541542.443194,0,1,-12.627682,6.918949,3.786978,2.000000,0.042593
1779541542.453333,0,1,-12.643467,6.906667,3.789876,2.000000,0.042593
1779541542.463091,0,1,-12.659225,6.894351,3.792602,2.000000,0.042593
1779541542.473523,0,1,-12.674940,6.881980,3.795501,2.000000,0.036596
1779541542.483525,0,1,-12.690629,6.869576,3.798227,2.000000,0.036596
1779541542.493935,0,1,-12.706274,6.857117,3.801125,2.000000,0.036596
1779541542.503179,0,1,-12.721893,6.844625,3.803851,2.000000,0.035808
1779541542.513447,0,1,-12.737468,6.832078,3.806750,2.000000,0.035808
1779541542.523670,0,1,-12.753016,6.819498,3.809476,2.000000,0.035536
1779541542.533462,0,1,-12.768520,6.806864,3.812374,2.000000,0.035536
1779541542.543710,0,1,-12.783997,6.794196,3.815101,2.000000,0.034828
1779541542.553376,0,1,-12.799430,6.781475,3.817999,2.000000,0.034552
1779541542.563720,0,1,-12.814835,6.768721,3.820725,2.000000,0.034552
1779541542.573516,0,1,-12.830196,6.755913,3.823624,2.000000,0.035780
1779541542.583550,0,1,-12.845530,6.743072,3.826350,2.000000,0.035780
1779541542.593161,0,1,-12.860818,6.730178,3.829249,2.000000,0.036235
1779541542.603312,0,1,-12.876079,6.717252,3.831975,2.000000,0.036235
1779541542.613535,0,1,-12.891295,6.704272,3.834873,2.000000,0.034964
1779541542.623724,0,1,-12.906483,6.691259,3.837600,2.000000,0.034964
1779541542.633042,0,1,-12.921626,6.678194,3.840498,2.000000,0.033758
1779541542.643244,0,1,-12.936741,6.665097,3.843224,2.000000,0.033758
1779541542.653805,0,1,-12.951810,6.651946,3.846123,2.000000,0.033355
1779541542.663231,0,1,-12.966850,6.638764,3.848849,2.000000,0.033355
1779541542.673122,0,1,-12.981845,6.625529,3.851748,2.000000,0.032893
1779541542.683502,0,1,-12.996812,6.612263,3.854474,2.000000,0.032893
1779541542.693304,0,1,-13.011732,6.598944,3.857372,2.000000,0.032979
1779541542.703438,0,1,-13.026623,6.585593,3.860099,2.000000,0.032979
1779541542.713587,0,1,-13.041468,6.572190,3.862997,2.000000,0.032962
1779541542.723523,0,1,-13.056284,6.558756,3.865724,2.000000,0.032994
1779541542.733582,0,1,-13.071053,6.545270,3.868622,2.000000,0.032994
1779541542.743513,0,1,-13.085794,6.531753,3.871348,2.000000,0.033268
1779541542.753428,0,1,-13.100487,6.518184,3.874247,2.000000,0.033268
1779541542.763416,0,1,-13.115151,6.504584,3.876973,2.000000,0.033766
1779541542.773642,0,1,-13.129768,6.490933,3.879871,2.000000,0.033766
1779541542.783227,0,1,-13.144355,6.477250,3.882598,2.000000,0.034257
1779541542.793132,0,1,-13.158895,6.463517,3.885496,2.000000,0.034257
1779541542.803324,0,1,-13.173405,6.449753,3.888223,2.000000,0.035061
1779541542.813168,0,1,-13.187867,6.435938,3.891121,2.000000,0.035061
1779541542.823435,0,1,-13.202300,6.422093,3.893847,2.000000,0.035894
1779541542.833459,0,1,-13.216684,6.408197,3.896746,2.000000,0.035894
1779541542.843114,0,1,-13.231038,6.394270,3.899472,2.000000,0.037038
1779541542.853157,0,1,-13.245344,6.380294,3.902370,2.000000,0.037038
1779541542.863756,0,1,-13.259620,6.366287,3.905097,2.000000,0.037038
1779541542.873322,0,1,-13.273847,6.352230,3.907995,2.000000,0.037038
1779541542.883729,0,1,-13.288044,6.338143,3.910722,2.000000,0.037038
1779541542.893539,0,1,-13.302192,6.324006,3.913620,2.000000,0.037038
1779541542.903603,0,1,-13.316309,6.309839,3.916346,2.000000,0.037038
1779541542.913889,0,1,-13.330377,6.295623,3.919245,2.000000,0.037038
1779541542.923505,0,1,-13.344414,6.281377,3.921971,2.000000,0.037038
1779541542.933582,0,1,-13.358402,6.267083,3.924870,2.000000,0.037038
1779541542.943824,0,1,-13.372359,6.252758,3.927596,2.000000,0.037038
1779541542.953374,0,1,-13.386266,6.238385,3.930494,2.000000,0.037038
1779541542.963744,0,1,-13.400143,6.223982,3.933221,2.000000,0.037038
1779541542.973640,0,1,-13.413969,6.209530,3.936119,2.000000,0.051369
1779541542.983191,0,1,-13.427764,6.195050,3.938845,2.000000,0.051369
1779541542.993224,0,1,-13.441509,6.180521,3.941744,2.000000,0.052065
1779541543.003603,0,1,-13.455222,6.165963,3.944470,2.000000,0.052065
1779541543.013624,0,1,-13.468885,6.151357,3.947369,2.000000,0.055194
1779541543.023609,0,1,-13.482516,6.136722,3.950095,2.000000,0.055194
1779541543.033900,0,1,-13.496096,6.122039,3.952993,2.000000,0.058369
1779541543.043567,0,1,-13.509645,6.107327,3.955720,2.000000,0.058369
1779541543.053623,0,1,-13.523143,6.092569,3.958618,2.000000,0.062383
1779541543.063645,0,1,-13.536608,6.077781,3.961345,2.000000,0.062383
1779541543.073461,0,1,-13.550023,6.062947,3.964243,2.000000,0.066140
1779541543.083574,0,1,-13.563405,6.048084,3.966969,2.000000,0.066140
1779541543.093595,0,1,-13.576717,6.033157,3.970160,2.000000,0.070770
1779541543.103620,0,1,-13.589927,6.018141,3.974110,2.000000,0.070770
1779541543.113495,0,1,-13.603061,6.003058,3.978228,2.000000,0.075278
1779541543.123412,0,1,-13.616105,5.987897,3.982717,2.000000,0.075278
1779541543.133141,0,1,-13.629080,5.972677,3.987149,2.000000,0.080556
1779541543.143499,0,1,-13.641968,5.957383,3.991822,2.000000,0.080556
1779541543.153164,0,1,-13.654791,5.942035,3.996362,2.000000,0.084172
1779541543.163727,0,1,-13.667528,5.926616,4.001098,2.000000,0.084172
1779541543.173774,0,1,-13.680202,5.911144,4.005676,2.000000,0.087173
1779541543.183433,0,1,-13.692791,5.895603,4.010435,2.000000,0.087173
1779541543.193174,0,1,-13.705316,5.880011,4.015027,2.000000,0.089269
1779541543.203651,0,1,-13.717757,5.864351,4.019794,2.000000,0.089269
1779541543.213449,0,1,-13.730134,5.848641,4.024391,2.000000,0.092142
1779541543.223666,0,1,-13.742426,5.832865,4.029162,2.000000,0.092142
1779541543.233112,0,1,-13.754655,5.817039,4.033761,2.000000,0.094539
1779541543.243586,0,1,-13.766798,5.801147,4.038533,2.000000,0.094539
1779541543.254079,0,1,-13.778877,5.785207,4.043134,2.000000,0.097929
1779541543.263673,0,1,-13.790870,5.769202,4.047906,2.000000,0.097929
1779541543.273620,0,1,-13.802799,5.753149,4.052507,2.000000,0.100940
1779541543.283580,0,1,-13.814621,5.737017,4.057572,2.000000,0.100940
1779541543.293366,0,1,-13.826303,5.720783,4.063397,2.000000,0.100940
1779541543.303813,0,1,-13.837873,5.704469,4.069390,2.000000,0.106924
1779541543.313416,0,1,-13.849313,5.688064,4.075753,2.000000,0.108737
1779541543.323685,0,1,-13.860648,5.671587,4.082061,2.000000,0.108737
1779541543.333114,0,1,-13.871859,5.655024,4.088608,2.000000,0.113159
1779541543.343295,0,1,-13.882967,5.638393,4.095023,2.000000,0.113159
1779541543.353104,0,1,-13.893952,5.621680,4.101634,2.000000,0.113159
1779541543.364219,0,1,-13.904836,5.604900,4.108087,2.000000,0.113159
1779541543.373716,0,1,-13.915597,5.588042,4.114720,2.000000,0.113159
1779541543.383521,0,1,-13.926257,5.571120,4.121187,2.000000,0.113159
1779541543.393196,0,1,-13.936793,5.554120,4.127829,2.000000,0.113159
1779541543.403585,0,1,-13.947228,5.537059,4.134302,2.000000,0.113159
1779541543.413682,0,1,-13.957539,5.519921,4.140947,2.000000,0.113159
1779541543.423179,0,1,-13.967749,5.502724,4.147421,2.000000,0.113159
1779541543.433739,0,1,-13.977834,5.485452,4.154068,2.000000,0.113159
1779541543.443512,0,1,-13.987816,5.468122,4.160544,2.000000,0.113159
1779541543.453491,0,1,-13.997673,5.450719,4.167191,2.000000,0.122463
1779541543.463152,0,1,-14.007427,5.433259,4.173667,2.000000,0.122463
1779541543.473372,0,1,-14.017054,5.415729,4.180315,2.000000,0.127345
1779541543.483237,0,1,-14.026577,5.398142,4.186791,2.000000,0.127345
1779541543.493273,0,1,-14.035973,5.380486,4.193439,2.000000,0.130821
1779541543.503321,0,1,-14.045265,5.362776,4.199915,2.000000,0.130821
1779541543.513663,0,1,-14.054406,5.344987,4.206855,2.000000,0.133955
1779541543.523571,0,1,-14.063359,5.327103,4.214555,2.000000,0.133955
1779541543.533477,0,1,-14.072155,5.309141,4.222423,2.000000,0.138012
1779541543.543554,0,1,-14.080775,5.291094,4.230661,2.000000,0.138012
1779541543.553436,0,1,-14.089245,5.272976,4.238844,2.000000,0.141868
1779541543.563533,0,1,-14.097544,5.254780,4.247266,2.000000,0.141868
1779541543.573502,0,1,-14.105698,5.236517,4.255556,2.000000,0.145368
1779541543.583324,0,1,-14.113681,5.218179,4.264042,2.000000,0.145368
1779541543.593603,0,1,-14.121519,5.199779,4.272370,2.000000,0.146983
1779541543.603590,0,1,-14.129187,5.181308,4.280878,2.000000,0.146983
1779541543.613621,0,1,-14.136710,5.162777,4.289220,2.000000,0.148999
1779541543.623548,0,1,-14.144063,5.144178,4.297737,2.000000,0.148999
1779541543.633518,0,1,-14.151271,5.125522,4.306084,2.000000,0.150470
1779541543.643795,0,1,-14.158308,5.106801,4.314605,2.000000,0.151629
1779541543.653509,0,1,-14.165199,5.088025,4.322954,2.000000,0.151629
1779541543.663876,0,1,-14.171918,5.069188,4.331476,2.000000,0.153951
1779541543.673570,0,1,-14.178490,5.050299,4.339826,2.000000,0.153951
1779541543.683905,0,1,-14.184890,5.031350,4.348348,2.000000,0.156210
1779541543.693545,0,1,-14.191143,5.012353,4.356699,2.000000,0.156210
1779541543.703637,0,1,-14.197222,4.993299,4.365222,2.000000,0.159077
1779541543.713609,0,1,-14.203153,4.974199,4.373573,2.000000,0.159077
1779541543.723588,0,1,-14.208909,4.955045,4.382096,2.000000,0.161948
1779541543.733581,0,1,-14.214517,4.935848,4.390447,2.000000,0.161948
1779541543.743848,0,1,-14.219925,4.916593,4.399262,2.000000,0.161948
1779541543.753697,0,1,-14.225093,4.897272,4.408836,2.000000,0.167097
1779541543.764432,0,1,-14.230056,4.877898,4.418580,2.000000,0.167097
1779541543.773469,0,1,-14.234793,4.858467,4.428693,2.000000,0.171341
1779541543.783808,0,1,-14.239332,4.838989,4.438750,2.000000,0.171341
1779541543.793681,0,1,-14.243651,4.819461,4.449047,2.000000,0.175134
1779541543.803645,0,1,-14.247777,4.799891,4.459212,2.000000,0.175134
1779541543.813581,0,1,-14.251684,4.780277,4.469573,2.000000,0.176963
1779541543.823927,0,1,-14.255399,4.760625,4.479776,2.000000,0.176963
1779541543.834081,0,1,-14.258896,4.740933,4.490159,2.000000,0.177944
1779541543.843670,0,1,-14.262201,4.721208,4.500376,2.000000,0.177944
1779541543.853726,0,1,-14.265289,4.701448,4.510768,2.000000,0.177745
1779541543.863775,0,1,-14.268185,4.681659,4.520990,2.000000,0.177745
1779541543.873466,0,1,-14.270863,4.661839,4.531385,2.000000,0.177745
1779541543.883916,0,1,-14.273349,4.641994,4.541610,2.000000,0.177745
1779541543.893620,0,1,-14.275617,4.622123,4.552006,2.000000,0.177745
1779541543.903752,0,1,-14.277693,4.602232,4.562231,2.000000,0.177745
1779541543.913624,0,1,-14.279550,4.582318,4.572629,2.000000,0.177745
1779541543.923867,0,1,-14.281215,4.562388,4.582854,2.000000,0.177745
1779541543.933315,0,1,-14.282661,4.542440,4.593252,2.000000,0.177745
1779541543.943833,0,1,-14.283914,4.522479,4.603478,2.000000,0.177745
1779541543.953675,0,1,-14.284948,4.502506,4.613876,2.000000,0.177745
1779541543.963626,0,1,-14.285790,4.482524,4.624102,2.000000,0.177745
1779541543.973525,0,1,-14.286411,4.462534,4.634500,2.000000,0.177745
1779541543.983544,0,1,-14.286841,4.442538,4.644726,2.000000,0.177745
1779541543.993701,0,1,-14.287050,4.422540,4.655124,2.000000,0.158462
1779541544.003595,0,1,-14.287066,4.402540,4.665350,2.000000,0.158462
1779541544.013210,0,1,-14.286863,4.382541,4.675748,2.000000,0.156808
1779541544.023417,0,1,-14.286493,4.362544,4.685681,2.000000,0.156808
1779541544.033497,0,1,-14.285996,4.342551,4.694856,2.000000,0.152013
1779541544.043243,0,1,-14.285336,4.322561,4.703862,2.000000,0.152013
1779541544.053246,0,1,-14.284535,4.302578,4.712498,2.000000,0.146967
1779541544.063820,0,1,-14.283561,4.282601,4.721190,2.000000,0.146967
1779541544.073622,0,1,-14.282439,4.262633,4.729642,2.000000,0.141754
1779541544.084013,0,1,-14.281140,4.242675,4.738226,2.000000,0.139923
1779541544.093158,0,1,-14.279690,4.222728,4.746614,2.000000,0.139923
1779541544.103589,0,1,-14.278061,4.202794,4.755161,2.000000,0.137227
1779541544.113731,0,1,-14.276279,4.182874,4.763526,2.000000,0.137227
1779541544.123894,0,1,-14.274317,4.162971,4.772059,2.000000,0.134400
1779541544.133435,0,1,-14.272201,4.143083,4.780416,2.000000,0.134400
1779541544.143548,0,1,-14.269906,4.123215,4.788943,2.000000,0.131897
1779541544.153620,0,1,-14.267456,4.103366,4.797297,2.000000,0.131897
1779541544.163773,0,1,-14.264827,4.083539,4.805822,2.000000,0.128776
1779541544.173727,0,1,-14.262044,4.063734,4.814175,2.000000,0.128776
1779541544.183585,0,1,-14.259081,4.043955,4.822699,2.000000,0.125845
1779541544.193260,0,1,-14.255965,4.024199,4.831051,2.000000,0.125845
1779541544.203447,0,1,-14.252668,4.004473,4.839574,2.000000,0.122217
1779541544.213331,0,1,-14.249245,3.984768,4.847633,2.000000,0.122217
1779541544.223471,0,1,-14.245733,3.965079,4.854933,2.000000,0.118726
1779541544.233623,0,1,-14.242099,3.945412,4.862065,2.000000,0.118726
1779541544.243650,0,1,-14.238362,3.925764,4.868826,2.000000,0.114561
1779541544.254160,0,1,-14.234492,3.906142,4.875643,2.000000,0.114561
1779541544.263190,0,1,-14.230514,3.886542,4.882220,2.000000,0.110712
1779541544.273221,0,1,-14.226398,3.866970,4.888930,2.000000,0.110712
1779541544.283290,0,1,-14.222171,3.847421,4.895443,2.000000,0.109592
1779541544.293818,0,1,-14.217806,3.827904,4.902114,2.000000,0.108079
1779541544.303649,0,1,-14.213327,3.808412,4.908605,2.000000,0.108079
1779541544.313985,0,1,-14.208709,3.788952,4.915263,2.000000,0.106905
1779541544.323546,0,1,-14.203978,3.769520,4.921745,2.000000,0.106905
1779541544.333746,0,1,-14.199106,3.750122,4.928398,2.000000,0.106905
1779541544.343825,0,1,-14.194122,3.730753,4.934877,2.000000,0.105728
1779541544.353626,0,1,-14.188997,3.711421,4.941527,2.000000,0.105728
1779541544.363869,0,1,-14.183759,3.692119,4.948004,2.000000,0.105728
1779541544.373665,0,1,-14.178382,3.672856,4.954653,2.000000,0.105728
1779541544.383479,0,1,-14.172892,3.653624,4.961130,2.000000,0.105728
1779541544.393786,0,1,-14.167263,3.634432,4.967779,2.000000,0.105728
1779541544.403623,0,1,-14.161521,3.615274,4.974256,2.000000,0.105728
1779541544.413630,0,1,-14.155641,3.596158,4.980904,2.000000,0.105728
1779541544.423678,0,1,-14.149649,3.577077,4.987381,2.000000,0.105728
1779541544.433860,0,1,-14.143518,3.558040,4.994029,2.000000,0.105728
1779541544.443456,0,1,-14.137276,3.539039,5.000505,2.000000,0.105728
1779541544.453484,0,1,-14.130896,3.520084,5.007154,2.000000,0.105728
1779541544.463388,0,1,-14.124405,3.501167,5.013630,2.000000,0.105728
1779541544.473687,0,1,-14.117777,3.482297,5.020278,2.000000,0.105728
1779541544.483787,0,1,-14.111038,3.463467,5.026754,2.000000,0.105728
1779541544.493571,0,1,-14.104163,3.444685,5.033403,2.000000,0.105728
1779541544.503591,0,1,-14.097178,3.425945,5.039879,2.000000,0.094225
1779541544.513969,0,1,-14.090057,3.407256,5.046527,2.000000,0.094225
1779541544.523589,0,1,-14.082850,3.388599,5.052711,2.000000,0.090012
1779541544.533892,0,1,-14.075595,3.369962,5.058136,2.000000,0.090012
1779541544.543647,0,1,-14.068258,3.351356,5.063392,2.000000,0.086999
1779541544.553547,0,1,-14.060859,3.332775,5.068278,2.000000,0.086999
1779541544.563637,0,1,-14.053370,3.314230,5.073220,2.000000,0.081338
1779541544.573547,0,1,-14.045813,3.295713,5.077922,2.000000,0.081338
1779541544.583925,0,1,-14.038160,3.277235,5.082757,2.000000,0.079771
1779541544.593530,0,1,-14.030438,3.258786,5.087395,2.000000,0.079771
1779541544.603910,0,1,-14.022618,3.240378,5.092192,2.000000,0.079062
1779541544.613527,0,1,-14.014727,3.222000,5.096808,2.000000,0.078954
1779541544.623741,0,1,-14.006739,3.203665,5.101590,2.000000,0.078954
1779541544.633693,0,1,-13.998678,3.185361,5.106198,2.000000,0.079082
1779541544.643622,0,1,-13.990520,3.167101,5.110975,2.000000,0.079082
1779541544.654181,0,1,-13.982289,3.148873,5.115579,2.000000,0.079333
1779541544.663503,0,1,-13.973961,3.130689,5.120354,2.000000,0.079333
1779541544.673599,0,1,-13.965561,3.112539,5.124957,2.000000,0.079695
1779541544.683298,0,1,-13.957064,3.094434,5.129731,2.000000,0.079695
1779541544.693500,0,1,-13.948494,3.076363,5.134333,2.000000,0.079847
1779541544.703342,0,1,-13.939827,3.058339,5.139107,2.000000,0.079967
1779541544.713626,0,1,-13.931089,3.040349,5.143709,2.000000,0.079967
1779541544.723825,0,1,-13.922254,3.022406,5.148482,2.000000,0.080125
1779541544.733566,0,1,-13.913347,3.004499,5.153084,2.000000,0.080125
1779541544.743912,0,1,-13.904344,2.986639,5.157857,2.000000,0.080316
1779541544.753736,0,1,-13.895270,2.968816,5.162459,2.000000,0.080316
1779541544.763574,0,1,-13.886101,2.951042,5.167232,2.000000,0.080151
1779541544.773660,0,1,-13.876860,2.933305,5.171833,2.000000,0.080151
1779541544.783988,0,1,-13.867524,2.915618,5.176607,2.000000,0.080304
1779541544.793225,0,1,-13.858117,2.897968,5.181208,2.000000,0.080304
1779541544.803432,0,1,-13.848616,2.880369,5.185981,2.000000,0.080092
1779541544.813475,0,1,-13.839045,2.862808,5.190583,2.000000,0.080092
1779541544.823822,0,1,-13.829379,2.845299,5.195356,2.000000,0.079970
1779541544.833387,0,1,-13.819643,2.827829,5.199957,2.000000,0.079869
1779541544.843525,0,1,-13.809814,2.810411,5.204731,2.000000,0.079869
1779541544.853603,0,1,-13.799914,2.793032,5.209332,2.000000,0.079461
1779541544.863404,0,1,-13.789922,2.775707,5.214105,2.000000,0.079461
1779541544.873566,0,1,-13.779861,2.758423,5.218707,2.000000,0.079461
1779541544.883760,0,1,-13.769706,2.741192,5.223480,2.000000,0.079461
1779541544.893980,0,1,-13.759483,2.724003,5.228081,2.000000,0.079461
1779541544.903766,0,1,-13.749168,2.706868,5.232855,2.000000,0.079461
1779541544.913686,0,1,-13.738784,2.689775,5.237456,2.000000,0.079461
1779541544.923745,0,1,-13.728308,2.672738,5.242229,2.000000,0.079461
1779541544.933316,0,1,-13.717765,2.655743,5.246831,2.000000,0.079461
1779541544.943420,0,1,-13.707130,2.638805,5.251604,2.000000,0.079461
1779541544.953454,0,1,-13.696427,2.621909,5.256205,2.000000,0.079461
1779541544.963298,0,1,-13.685634,2.605072,5.260978,2.000000,0.079461
1779541544.973646,0,1,-13.674774,2.588277,5.265580,2.000000,0.079461
1779541544.986409,0,1,-13.663823,2.571541,5.270353,2.000000,0.077256
1779541544.993835,0,1,-13.652806,2.554850,5.274954,2.000000,0.077256
1779541545.003454,0,1,-13.641699,2.538217,5.279728,2.000000,0.076172
1779541545.013782,0,1,-13.630526,2.521630,5.284329,2.000000,0.076172
1779541545.023453,0,1,-13.619263,2.505102,5.289102,2.000000,0.075383
1779541545.033394,0,1,-13.607935,2.488620,5.293704,2.000000,0.075383
1779541545.043351,0,1,-13.596518,2.472198,5.298477,2.000000,0.074378
1779541545.053298,0,1,-13.585036,2.455823,5.303078,2.000000,0.074378
1779541545.063386,0,1,-13.573466,2.439510,5.307851,2.000000,0.073527
1779541545.073969,0,1,-13.561830,2.423243,5.312453,2.000000,0.073527
1779541545.083287,0,1,-13.550107,2.407038,5.317226,2.000000,0.072576
1779541545.093864,0,1,-13.538320,2.390881,5.321827,2.000000,0.072576
1779541545.103662,0,1,-13.526446,2.374787,5.326601,2.000000,0.071660
1779541545.113670,0,1,-13.514508,2.358741,5.331202,2.000000,0.071056
1779541545.123741,0,1,-13.502483,2.342760,5.335975,2.000000,0.071056
1779541545.133775,0,1,-13.490395,2.326826,5.340577,2.000000,0.069881
1779541545.143810,0,1,-13.478221,2.310958,5.345350,2.000000,0.069881
1779541545.153846,0,1,-13.465984,2.295139,5.349951,2.000000,0.069058
1779541545.163772,0,1,-13.453662,2.279385,5.354724,2.000000,0.069058
1779541545.173765,0,1,-13.441278,2.263681,5.359326,2.000000,0.067747
1779541545.183310,0,1,-13.428809,2.248044,5.364099,2.000000,0.067747
1779541545.193487,0,1,-13.416277,2.232457,5.368700,2.000000,0.066703
1779541545.203952,0,1,-13.403662,2.216937,5.373474,2.000000,0.066703
1779541545.213627,0,1,-13.390985,2.201468,5.378075,2.000000,0.065416
1779541545.223447,0,1,-13.378225,2.186067,5.382848,2.000000,0.065416
1779541545.233402,0,1,-13.365403,2.170718,5.387450,2.000000,0.064375
1779541545.243730,0,1,-13.352500,2.155437,5.392223,2.000000,0.064375
1779541545.253641,0,1,-13.339535,2.140209,5.396824,2.000000,0.062927
1779541545.263828,0,1,-13.326488,2.125050,5.401598,2.000000,0.062927
1779541545.273297,0,1,-13.313400,2.109927,5.405906,2.000000,0.061861
1779541545.283302,0,1,-13.300302,2.094813,5.409456,2.000000,0.061861
1779541545.293647,0,1,-13.287165,2.079732,5.412838,2.000000,0.060384
1779541545.303609,0,1,-13.274007,2.064671,5.415849,2.000000,0.059211
1779541545.313606,0,1,-13.260803,2.049648,5.418916,2.000000,0.059211
1779541545.323210,0,1,-13.247573,2.034650,5.421743,2.000000,0.058736
1779541545.333552,0,1,-13.234293,2.019695,5.424703,2.000000,0.058736
1779541545.343732,0,1,-13.220985,2.004765,5.427466,2.000000,0.059994
1779541545.353409,0,1,-13.207627,1.989881,5.430388,2.000000,0.059994
1779541545.363743,0,1,-13.194238,1.975024,5.433129,2.000000,0.059994
1779541545.373869,0,1,-13.180798,1.960212,5.436036,2.000000,0.059994
1779541545.383411,0,1,-13.167328,1.945428,5.438769,2.000000,0.059994
1779541545.393590,0,1,-13.153807,1.930691,5.441671,2.000000,0.059994
1779541545.403601,0,1,-13.140255,1.915983,5.444401,2.000000,0.059994
1779541545.413732,0,1,-13.126652,1.901322,5.447301,2.000000,0.059994
1779541545.423833,0,1,-13.113018,1.886689,5.450029,2.000000,0.059994
1779541545.433794,0,1,-13.099333,1.872104,5.452928,2.000000,0.059994
1779541545.443681,0,1,-13.085617,1.857548,5.455655,2.000000,0.059994
1779541545.453813,0,1,-13.071851,1.843040,5.458554,2.000000,0.059994
1779541545.463512,0,1,-13.058053,1.828561,5.461281,2.000000,0.076037
1779541545.473413,0,1,-13.044206,1.814130,5.464179,2.000000,0.076037
1779541545.483251,0,1,-13.030327,1.799729,5.466906,2.000000,0.079096
1779541545.493917,0,1,-13.016381,1.785394,5.470097,2.000000,0.079096
1779541545.503688,0,1,-13.002337,1.771155,5.474047,2.000000,0.082246
1779541545.513493,0,1,-12.988222,1.756985,5.478165,2.000000,0.082246
1779541545.523707,0,1,-12.974022,1.742901,5.482654,2.000000,0.085525
1779541545.533570,0,1,-12.959759,1.728881,5.487086,2.000000,0.085525
1779541545.543414,0,1,-12.945416,1.714943,5.491759,2.000000,0.088553
1779541545.553667,0,1,-12.931014,1.701065,5.496299,2.000000,0.088553
1779541545.563615,0,1,-12.916536,1.687268,5.501035,2.000000,0.089373
1779541545.573692,0,1,-12.902000,1.673531,5.505613,2.000000,0.089373
1779541545.583589,0,1,-12.887389,1.659873,5.510372,2.000000,0.089245
1779541545.593756,0,1,-12.872723,1.646275,5.514964,2.000000,0.088946
1779541545.603544,0,1,-12.857984,1.632757,5.519731,2.000000,0.088946
1779541545.614008,0,1,-12.843189,1.619299,5.524328,2.000000,0.088200
1779541545.623710,0,1,-12.828323,1.605920,5.529099,2.000000,0.088200
1779541545.634051,0,1,-12.813402,1.592602,5.533698,2.000000,0.087505
1779541545.643611,0,1,-12.798410,1.579364,5.538470,2.000000,0.087505
1779541545.653842,0,1,-12.783365,1.566187,5.543071,2.000000,0.086553
1779541545.663830,0,1,-12.768249,1.553090,5.547843,2.000000,0.086553
1779541545.673596,0,1,-12.753081,1.540055,5.552444,2.000000,0.086553
1779541545.683621,0,1,-12.737843,1.527101,5.557217,2.000000,0.085459
1779541545.694030,0,1,-12.722553,1.514209,5.561818,2.000000,0.084307
1779541545.703590,0,1,-12.707194,1.501398,5.566591,2.000000,0.084307
1779541545.713659,0,1,-12.691784,1.488650,5.571192,2.000000,0.083221
1779541545.723716,0,1,-12.676306,1.475984,5.575966,2.000000,0.083221
1779541545.733801,0,1,-12.660776,1.463381,5.580567,2.000000,0.081684
1779541545.743701,0,1,-12.645180,1.450861,5.585340,2.000000,0.081684
1779541545.753686,0,1,-12.629533,1.438403,5.589941,2.000000,0.081684
1779541545.763708,0,1,-12.613820,1.426030,5.594715,2.000000,0.079473
1779541545.773444,0,1,-12.598058,1.413720,5.599316,2.000000,0.079473
1779541545.783784,0,1,-12.582229,1.401495,5.604089,2.000000,0.078745
1779541545.793246,0,1,-12.566352,1.389333,5.608690,2.000000,0.078745
1779541545.803831,0,1,-12.550410,1.377256,5.613464,2.000000,0.077036
1779541545.813452,0,1,-12.534419,1.365244,5.618065,2.000000,0.077036
1779541545.823608,0,1,-12.518364,1.353318,5.622838,2.000000,0.074220
1779541545.833886,0,1,-12.502261,1.341456,5.627440,2.000000,0.074220
1779541545.843376,0,1,-12.486095,1.329680,5.632213,2.000000,0.073373
1779541545.854005,0,1,-12.469882,1.317970,5.636814,2.000000,0.073373
1779541545.863348,0,1,-12.453607,1.306346,5.641587,2.000000,0.073373
1779541545.873387,0,1,-12.437284,1.294789,5.646189,2.000000,0.073373
1779541545.883320,0,1,-12.420901,1.283318,5.650962,2.000000,0.073373
1779541545.893229,0,1,-12.404471,1.271914,5.655563,2.000000,0.073373
1779541545.903521,0,1,-12.387980,1.260598,5.660337,2.000000,0.073373
1779541545.914799,0,1,-12.371444,1.249348,5.664938,2.000000,0.073373
1779541545.923739,0,1,-12.354848,1.238187,5.669711,2.000000,0.073373
1779541545.933692,0,1,-12.338207,1.227092,5.674313,2.000000,0.073373
1779541545.943381,0,1,-12.321507,1.216087,5.679086,2.000000,0.073373
1779541545.953327,0,1,-12.304763,1.205149,5.683687,2.000000,0.073373
1779541545.963675,0,1,-12.287961,1.194301,5.688461,2.000000,0.057128
1779541545.973394,0,1,-12.271115,1.183521,5.693062,2.000000,0.057128
1779541545.983783,0,1,-12.254212,1.172831,5.697835,2.000000,0.054861
1779541545.993641,0,1,-12.237279,1.162187,5.702144,2.000000,0.054861
1779541546.004145,0,1,-12.220339,1.151556,5.705694,2.000000,0.051932
1779541546.013472,0,1,-12.203372,1.140966,5.709075,2.000000,0.051932
1779541546.024015,0,1,-12.186390,1.130402,5.712086,2.000000,0.048670
1779541546.033307,0,1,-12.169376,1.119889,5.715153,2.000000,0.048670
1779541546.043975,0,1,-12.152344,1.109406,5.717981,2.000000,0.045765
1779541546.053596,0,1,-12.135277,1.098979,5.720940,2.000000,0.045765
1779541546.064138,0,1,-12.118190,1.088585,5.723704,2.000000,0.044829
1779541546.073256,0,1,-12.101068,1.078248,5.726625,2.000000,0.044829
1779541546.084049,0,1,-12.083926,1.067946,5.729366,2.000000,0.044853
1779541546.093642,0,1,-12.066748,1.057703,5.732274,2.000000,0.044853
1779541546.103942,0,1,-12.049549,1.047496,5.735007,2.000000,0.045104
1779541546.113610,0,1,-12.032314,1.037348,5.737909,2.000000,0.045104
1779541546.123604,0,1,-12.015059,1.027237,5.740638,2.000000,0.045436
1779541546.133335,0,1,-11.997768,1.017185,5.743538,2.000000,0.045436
1779541546.143414,0,1,-11.980456,1.007170,5.746266,2.000000,0.046102
1779541546.153850,0,1,-11.963110,0.997215,5.749165,2.000000,0.046102
1779541546.163367,0,1,-11.945742,0.987297,5.751893,2.000000,0.047360
1779541546.173640,0,1,-11.928340,0.977439,5.754791,2.000000,0.047360
1779541546.183731,0,1,-11.910917,0.967619,5.757518,2.000000,0.048426
1779541546.193207,0,1,-11.893460,0.957859,5.760417,2.000000,0.048426
1779541546.203683,0,1,-11.875982,0.948137,5.763143,2.000000,0.048556
1779541546.213705,0,1,-11.858471,0.938476,5.766042,2.000000,0.048556
1779541546.223716,0,1,-11.840939,0.928852,5.768768,2.000000,0.048476
1779541546.233585,0,1,-11.823373,0.919289,5.771667,2.000000,0.048476
1779541546.243459,0,1,-11.805787,0.909764,5.774393,2.000000,0.049028
1779541546.253785,0,1,-11.788168,0.900300,5.777292,2.000000,0.049028
1779541546.263793,0,1,-11.770528,0.890874,5.780018,2.000000,0.049352
1779541546.273984,0,1,-11.752856,0.881509,5.782917,2.000000,0.049352
1779541546.283575,0,1,-11.735164,0.872182,5.785643,2.000000,0.049952
1779541546.293571,0,1,-11.717440,0.862917,5.788541,2.000000,0.049952
1779541546.303763,0,1,-11.699695,0.853690,5.791268,2.000000,0.050310
1779541546.313754,0,1,-11.681919,0.844525,5.794166,2.000000,0.050310
1779541546.323838,0,1,-11.664123,0.835397,5.796893,2.000000,0.050670
1779541546.333807,0,1,-11.646296,0.826332,5.799791,2.000000,0.050670
1779541546.343506,0,1,-11.628449,0.817305,5.802517,2.000000,0.051156
1779541546.353856,0,1,-11.610570,0.808341,5.805416,2.000000,0.051156
1779541546.364089,0,1,-11.592673,0.799414,5.808142,2.000000,0.051156
1779541546.373260,0,1,-11.574744,0.790550,5.811041,2.000000,0.051156
1779541546.383591,0,1,-11.556797,0.781724,5.813767,2.000000,0.051156
1779541546.393429,0,1,-11.538819,0.772961,5.816665,2.000000,0.051156
1779541546.403415,0,1,-11.520822,0.764237,5.819392,2.000000,0.051156
1779541546.413659,0,1,-11.502795,0.755575,5.822290,2.000000,0.051156
1779541546.423628,0,1,-11.484750,0.746952,5.825016,2.000000,0.051156
1779541546.433253,0,1,-11.466674,0.738392,5.827915,2.000000,0.051156
1779541546.443294,0,1,-11.448581,0.729870,5.830641,2.000000,0.051156
1779541546.453300,0,1,-11.430457,0.721412,5.833540,2.000000,0.051156
1779541546.463584,0,1,-11.412316,0.712992,5.836266,2.000000,0.053348
1779541546.473218,0,1,-11.394145,0.704636,5.839164,2.000000,0.053348
1779541546.483384,0,1,-11.375957,0.696318,5.841891,2.000000,0.053631
1779541546.493640,0,1,-11.357740,0.688064,5.844789,2.000000,0.053631
1779541546.503708,0,1,-11.339505,0.679849,5.847516,2.000000,0.053754
1779541546.513592,0,1,-11.321241,0.671698,5.850414,2.000000,0.053754
1779541546.523787,0,1,-11.302960,0.663585,5.853140,2.000000,0.053996
1779541546.533906,0,1,-11.284651,0.655537,5.856039,2.000000,0.053996
1779541546.543722,0,1,-11.266325,0.647527,5.858765,2.000000,0.054055
1779541546.553962,0,1,-11.247971,0.639582,5.861663,2.000000,0.054055
1779541546.563927,0,1,-11.229600,0.631676,5.864390,2.000000,0.054055
1779541546.573800,0,1,-11.211202,0.623833,5.867288,2.000000,0.054308
1779541546.583942,0,1,-11.192787,0.616031,5.870015,2.000000,0.054308
1779541546.593385,0,1,-11.174345,0.608292,5.872913,2.000000,0.054302
1779541546.603921,0,1,-11.155886,0.600593,5.875639,2.000000,0.054302
1779541546.614821,0,1,-11.137400,0.592959,5.878538,2.000000,0.054303
1779541546.623766,0,1,-11.118899,0.585364,5.881264,2.000000,0.054303
1779541546.633269,0,1,-11.100371,0.577833,5.884162,2.000000,0.054191
1779541546.643723,0,1,-11.081826,0.570342,5.886889,2.000000,0.054191
1779541546.653636,0,1,-11.063256,0.562916,5.889787,2.000000,0.054086
1779541546.663918,0,1,-11.044670,0.555529,5.892514,2.000000,0.054086
1779541546.673297,0,1,-11.026059,0.548208,5.895412,2.000000,0.053875
1779541546.683998,0,1,-11.007431,0.540926,5.898138,2.000000,0.053875
1779541546.693420,0,1,-10.988779,0.533709,5.901037,2.000000,0.053653
1779541546.703718,0,1,-10.970111,0.526532,5.903763,2.000000,0.053653
1779541546.714429,0,1,-10.951418,0.519420,5.906662,2.000000,0.053345
1779541546.723581,0,1,-10.932710,0.512349,5.909388,2.000000,0.053345
1779541546.733598,0,1,-10.913977,0.505342,5.912286,2.000000,0.053034
1779541546.743438,0,1,-10.895230,0.498376,5.915013,2.000000,0.053034
1779541546.754020,0,1,-10.876458,0.491474,5.917911,2.000000,0.053034
1779541546.763875,0,1,-10.857672,0.484614,5.920637,2.000000,0.052575
1779541546.773225,0,1,-10.838862,0.477818,5.923536,2.000000,0.052149
1779541546.783439,0,1,-10.820037,0.471063,5.926262,2.000000,0.052149
1779541546.793737,0,1,-10.801189,0.464374,5.929161,2.000000,0.052149
1779541546.803402,0,1,-10.782327,0.457724,5.931887,2.000000,0.051554
1779541546.813934,0,1,-10.763441,0.451141,5.934785,2.000000,0.051014
1779541546.823637,0,1,-10.744542,0.444598,5.937512,2.000000,0.051014
1779541546.833418,0,1,-10.725620,0.438121,5.940410,2.000000,0.050285
1779541546.843574,0,1,-10.706684,0.431685,5.943137,2.000000,0.050285
1779541546.854320,0,1,-10.687725,0.425314,5.946035,2.000000,0.050285
1779541546.863594,0,1,-10.668754,0.418984,5.948761,2.000000,0.049595
1779541546.873860,0,1,-10.649760,0.412720,5.951660,2.000000,0.049595
1779541546.883801,0,1,-10.630753,0.406497,5.954386,2.000000,0.049595
1779541546.893910,0,1,-10.611724,0.400341,5.957284,2.000000,0.049595
1779541546.903711,0,1,-10.592682,0.394224,5.960011,2.000000,0.049595
1779541546.913816,0,1,-10.573619,0.388175,5.962909,2.000000,0.049595
1779541546.923899,0,1,-10.554543,0.382166,5.965636,2.000000,0.049595
1779541546.933356,0,1,-10.535446,0.376223,5.968534,2.000000,0.049595
1779541546.943939,0,1,-10.516337,0.370322,5.971260,2.000000,0.049595
1779541546.953488,0,1,-10.497207,0.364487,5.974159,2.000000,0.049595
1779541546.963948,0,1,-10.478064,0.358693,5.976885,2.000000,0.049595
1779541546.973258,0,1,-10.458902,0.352966,5.979783,2.000000,0.049595
1779541546.983364,0,1,-10.439727,0.347280,5.982510,2.000000,0.049595
1779541546.993819,0,1,-10.420533,0.341661,5.985408,2.000000,0.049595
1779541547.003407,0,1,-10.401327,0.336082,5.988135,2.000000,0.040581
1779541547.013768,0,1,-10.382101,0.330571,5.991033,2.000000,0.040581
1779541547.023331,0,1,-10.362864,0.325101,5.993759,2.000000,0.040162
1779541547.033989,0,1,-10.343607,0.319698,5.996658,2.000000,0.040162
1779541547.043944,0,1,-10.324339,0.314336,5.999384,2.000000,0.038678
1779541547.053653,0,1,-10.305053,0.309042,6.002283,2.000000,0.038678
1779541547.063384,0,1,-10.285755,0.303788,6.005009,2.000000,0.037120
1779541547.073429,0,1,-10.266439,0.298602,6.007907,2.000000,0.037120
1779541547.084304,0,1,-10.247112,0.293457,6.010634,2.000000,0.035478
1779541547.093363,0,1,-10.227767,0.288380,6.013532,2.000000,0.035478
1779541547.103398,0,1,-10.208412,0.283344,6.016258,2.000000,0.033727
1779541547.113869,0,1,-10.189039,0.278376,6.019157,2.000000,0.033727
1779541547.123614,0,1,-10.169655,0.273449,6.021883,2.000000,0.033727
1779541547.133304,0,1,-10.150255,0.268589,6.024782,2.000000,0.031068
1779541547.143412,0,1,-10.130844,0.263772,6.027508,2.000000,0.031068
1779541547.153420,0,1,-10.111416,0.259021,6.030406,2.000000,0.029016
1779541547.163578,0,1,-10.091984,0.254288,6.032840,2.000000,0.029016
1779541547.173599,0,1,-10.072558,0.249532,6.034515,2.000000,0.027015
1779541547.183566,0,1,-10.053129,0.244788,6.036022,2.000000,0.027015
1779541547.194623,0,1,-10.033701,0.240036,6.037158,2.000000,0.027015
1779541547.203995,0,1,-10.014269,0.235306,6.038350,2.000000,0.024821
1779541547.213279,0,1,-9.994836,0.230575,6.039302,2.000000,0.022897
1779541547.223621,0,1,-9.975398,0.225870,6.040387,2.000000,0.022897
1779541547.234098,0,1,-9.955958,0.221167,6.041276,2.000000,0.022897
1779541547.243653,0,1,-9.936512,0.216492,6.042322,2.000000,0.023746
1779541547.253834,0,1,-9.917066,0.211821,6.043188,2.000000,0.023746
1779541547.263636,0,1,-9.897612,0.207180,6.044221,2.000000,0.025086
1779541547.274021,0,1,-9.878157,0.202543,6.045079,2.000000,0.025086
1779541547.283409,0,1,-9.858694,0.197936,6.046106,2.000000,0.027478
1779541547.293687,0,1,-9.839231,0.193334,6.046960,2.000000,0.027478
1779541547.303716,0,1,-9.819760,0.188763,6.047986,2.000000,0.029131
1779541547.313663,0,1,-9.800289,0.184196,6.048839,2.000000,0.029131
1779541547.323790,0,1,-9.780810,0.179661,6.049863,2.000000,0.029131
1779541547.333746,0,1,-9.761330,0.175130,6.050715,2.000000,0.031031
1779541547.345200,0,1,-9.741842,0.170631,6.051739,2.000000,0.031031
1779541547.353723,0,1,-9.722354,0.166137,6.052591,2.000000,0.032871
1779541547.363764,0,1,-9.702858,0.161674,6.053615,2.000000,0.032871
1779541547.373952,0,1,-9.683361,0.157217,6.054466,2.000000,0.032871
1779541547.383436,0,1,-9.663851,0.152815,6.055782,2.000000,0.032871
1779541547.393626,0,1,-9.644320,0.148510,6.057857,2.000000,0.032871
1779541547.403586,0,1,-9.624776,0.144265,6.060101,2.000000,0.032871
1779541547.413288,0,1,-9.605214,0.140102,6.062715,2.000000,0.032871
1779541547.423352,0,1,-9.585641,0.135990,6.065272,2.000000,0.032871
1779541547.433658,0,1,-9.566053,0.131953,6.068070,2.000000,0.032871
1779541547.443515,0,1,-9.546455,0.127962,6.070735,2.000000,0.032871
1779541547.453496,0,1,-9.526843,0.124044,6.073596,2.000000,0.032871
1779541547.463318,0,1,-9.507222,0.120170,6.076300,2.000000,0.032871
1779541547.473466,0,1,-9.487587,0.116366,6.079183,2.000000,0.032871
1779541547.483324,0,1,-9.467943,0.112606,6.081900,2.000000,0.037131
1779541547.493257,0,1,-9.448287,0.108915,6.084793,2.000000,0.037131
1779541547.503696,0,1,-9.428622,0.105268,6.087515,2.000000,0.035996
1779541547.513550,0,1,-9.408945,0.101689,6.090411,2.000000,0.035996
1779541547.523351,0,1,-9.389260,0.098153,6.093135,2.000000,0.033825
1779541547.533836,0,1,-9.369563,0.094686,6.096032,2.000000,0.033825
1779541547.543242,0,1,-9.349858,0.091261,6.098758,2.000000,0.031561
1779541547.553778,0,1,-9.330142,0.087906,6.101655,2.000000,0.031561
1779541547.563571,0,1,-9.310423,0.084567,6.104089,2.000000,0.029126
1779541547.573746,0,1,-9.290707,0.081205,6.105763,2.000000,0.029126
1779541547.583840,0,1,-9.270989,0.077856,6.107269,2.000000,0.026606
1779541547.593612,0,1,-9.251273,0.074499,6.108405,2.000000,0.026606
1779541547.604809,0,1,-9.231553,0.071165,6.109597,2.000000,0.025330
1779541547.613696,0,1,-9.211833,0.067829,6.110550,2.000000,0.022952
1779541547.623746,0,1,-9.192109,0.064519,6.111634,2.000000,0.022952
1779541547.633548,0,1,-9.172385,0.061212,6.112523,2.000000,0.022643
1779541547.643676,0,1,-9.152655,0.057934,6.113569,2.000000,0.022643
1779541547.653710,0,1,-9.132925,0.054658,6.114436,2.000000,0.023294
1779541547.663738,0,1,-9.113190,0.051414,6.115468,2.000000,0.023294
1779541547.673484,0,1,-9.093454,0.048173,6.116326,2.000000,0.023294
1779541547.683484,0,1,-9.073713,0.044964,6.117353,2.000000,0.024861
1779541547.693206,0,1,-9.053972,0.041759,6.118208,2.000000,0.024861
1779541547.703576,0,1,-9.034225,0.038585,6.119233,2.000000,0.025326
1779541547.713224,0,1,-9.014478,0.035416,6.120086,2.000000,0.025326
1779541547.724024,0,1,-8.994726,0.032279,6.121110,2.000000,0.027188
1779541547.733627,0,1,-8.974972,0.029147,6.121962,2.000000,0.027188
1779541547.744150,0,1,-8.955214,0.026047,6.122986,2.000000,0.028447
1779541547.753699,0,1,-8.935455,0.022951,6.123838,2.000000,0.028447
1779541547.763263,0,1,-8.915691,0.019888,6.124862,2.000000,0.029771
1779541547.773635,0,1,-8.895926,0.016829,6.125713,2.000000,0.029771
1779541547.784071,0,1,-8.876157,0.013802,6.126737,2.000000,0.031467
1779541547.793828,0,1,-8.856386,0.010781,6.127589,2.000000,0.031467
1779541547.803809,0,1,-8.836611,0.007791,6.128612,2.000000,0.033014
1779541547.813597,0,1,-8.816835,0.004807,6.129464,2.000000,0.033014
1779541547.823744,0,1,-8.797050,0.001879,6.130780,2.000000,0.034091
1779541547.833909,0,1,-8.777252,-0.000951,6.132854,2.000000,0.034091
1779541547.843658,0,1,-8.757444,-0.003719,6.135098,2.000000,0.035231
1779541547.853848,0,1,-8.737625,-0.006405,6.137712,2.000000,0.035231
1779541547.863881,0,1,-8.717800,-0.009039,6.140269,2.000000,0.035231
1779541547.874151,0,1,-8.697964,-0.011597,6.143067,2.000000,0.035231
1779541547.883844,0,1,-8.678122,-0.014108,6.145732,2.000000,0.035231
1779541547.893671,0,1,-8.658271,-0.016546,6.148593,2.000000,0.035231
1779541547.903994,0,1,-8.638415,-0.018939,6.151296,2.000000,0.035231
1779541547.913665,0,1,-8.618550,-0.021261,6.154180,2.000000,0.035231
1779541547.924331,0,1,-8.598680,-0.023538,6.156897,2.000000,0.035231
1779541547.933582,0,1,-8.578802,-0.025746,6.159790,2.000000,0.035231
1779541547.943748,0,1,-8.558920,-0.027910,6.162512,2.000000,0.035231
1779541547.953722,0,1,-8.539030,-0.030004,6.165408,2.000000,0.035231
1779541547.963516,0,1,-8.519135,-0.032055,6.168132,2.000000,0.035231
1779541547.973616,0,1,-8.499234,-0.034037,6.171029,2.000000,0.035231
1779541547.983714,0,1,-8.479328,-0.035976,6.173754,2.000000,0.024711
1779541547.993727,0,1,-8.459415,-0.037845,6.176652,2.000000,0.022085
1779541548.003437,0,1,-8.439501,-0.039696,6.179086,2.000000,0.022085
1779541548.014021,0,1,-8.419589,-0.041571,6.180760,2.000000,0.018762
1779541548.023293,0,1,-8.399676,-0.043433,6.182266,2.000000,0.018762
1779541548.033597,0,1,-8.379764,-0.045304,6.183402,2.000000,0.015275
1779541548.043606,0,1,-8.359850,-0.047151,6.184594,2.000000,0.015275
1779541548.053760,0,1,-8.339935,-0.049001,6.185547,2.000000,0.015275
1779541548.063774,0,1,-8.320018,-0.050823,6.186631,2.000000,0.011956
1779541548.073701,0,1,-8.300101,-0.052643,6.187520,2.000000,0.010753
1779541548.083636,0,1,-8.280182,-0.054434,6.188566,2.000000,0.010753
1779541548.093303,0,1,-8.260262,-0.056221,6.189432,2.000000,0.010753
1779541548.103315,0,1,-8.240339,-0.057978,6.190465,2.000000,0.010433
1779541548.113742,0,1,-8.220416,-0.059731,6.191323,2.000000,0.010417
1779541548.123224,0,1,-8.200490,-0.061452,6.192350,2.000000,0.010417
1779541548.133739,0,1,-8.180564,-0.063169,6.193204,2.000000,0.010526
1779541548.143672,0,1,-8.160635,-0.064854,6.194230,2.000000,0.010526
1779541548.153546,0,1,-8.140706,-0.066535,6.195083,2.000000,0.010684
1779541548.163623,0,1,-8.120774,-0.068183,6.196107,2.000000,0.010684
1779541548.173760,0,1,-8.100842,-0.069826,6.196959,2.000000,0.010823
1779541548.183437,0,1,-8.080907,-0.071438,6.197983,2.000000,0.010823
1779541548.193659,0,1,-8.060971,-0.073044,6.198835,2.000000,0.011071
1779541548.203768,0,1,-8.041033,-0.074618,6.199859,2.000000,0.011071
1779541548.213771,0,1,-8.021095,-0.076187,6.200710,2.000000,0.011343
1779541548.223822,0,1,-8.001154,-0.077724,6.201734,2.000000,0.011343
1779541548.233721,0,1,-7.981213,-0.079256,6.202585,2.000000,0.011449
1779541548.243716,0,1,-7.961269,-0.080755,6.203609,2.000000,0.011449
1779541548.253955,0,1,-7.941325,-0.082249,6.204461,2.000000,0.011726
1779541548.264024,0,1,-7.921379,-0.083712,6.205484,2.000000,0.011726
1779541548.273401,0,1,-7.901432,-0.085169,6.206336,2.000000,0.011922
1779541548.283313,0,1,-7.881483,-0.086594,6.207359,2.000000,0.011922
1779541548.293774,0,1,-7.861533,-0.088013,6.208211,2.000000,0.012185
1779541548.303941,0,1,-7.841581,-0.089401,6.209234,2.000000,0.012185
1779541548.313581,0,1,-7.821629,-0.090783,6.210085,2.000000,0.012432
1779541548.323829,0,1,-7.801675,-0.092133,6.211109,2.000000,0.012432
1779541548.333223,0,1,-7.781720,-0.093478,6.211960,2.000000,0.012643
1779541548.343883,0,1,-7.761763,-0.094790,6.212984,2.000000,0.012802
1779541548.353401,0,1,-7.741806,-0.096098,6.213835,2.000000,0.012802
1779541548.363341,0,1,-7.721846,-0.097373,6.214859,2.000000,0.012802
1779541548.373303,0,1,-7.701887,-0.098643,6.215710,2.000000,0.012802
1779541548.383335,0,1,-7.681925,-0.099881,6.216734,2.000000,0.012802
1779541548.393651,0,1,-7.661963,-0.101113,6.217585,2.000000,0.012802
1779541548.403713,0,1,-7.641999,-0.102313,6.218609,2.000000,0.012802
1779541548.413628,0,1,-7.622035,-0.103509,6.219460,2.000000,0.012802
1779541548.423668,0,1,-7.602069,-0.104672,6.220484,2.000000,0.012802
1779541548.433687,0,1,-7.582102,-0.105829,6.221335,2.000000,0.012802
1779541548.443698,0,1,-7.562134,-0.106955,6.222358,2.000000,0.012802
1779541548.453746,0,1,-7.542165,-0.108075,6.223210,2.000000,0.012802
1779541548.463549,0,1,-7.522195,-0.109163,6.224233,2.000000,0.012802
1779541548.473929,0,1,-7.502224,-0.110246,6.225085,2.000000,0.015439
1779541548.483452,0,1,-7.482252,-0.111296,6.226108,2.000000,0.015439
1779541548.493310,0,1,-7.462279,-0.112342,6.226960,2.000000,0.014449
1779541548.503666,0,1,-7.442305,-0.113355,6.227983,2.000000,0.014449
1779541548.513292,0,1,-7.422330,-0.114363,6.228835,2.000000,0.014701
1779541548.523786,0,1,-7.402354,-0.115339,6.229858,2.000000,0.014701
1779541548.533590,0,1,-7.382378,-0.116309,6.230710,2.000000,0.014928
1779541548.543733,0,1,-7.362400,-0.117247,6.231733,2.000000,0.014928
1779541548.553510,0,1,-7.342422,-0.118180,6.232585,2.000000,0.015104
1779541548.563991,0,1,-7.322442,-0.119081,6.233608,2.000000,0.015104
1779541548.573529,0,1,-7.302462,-0.119977,6.234459,2.000000,0.015244
1779541548.583927,0,1,-7.282481,-0.120840,6.235483,2.000000,0.015244
1779541548.593536,0,1,-7.262499,-0.121698,6.236334,2.000000,0.015466
1779541548.603793,0,1,-7.242516,-0.122524,6.237358,2.000000,0.015466
1779541548.613650,0,1,-7.222533,-0.123345,6.238209,2.000000,0.015622
1779541548.623786,0,1,-7.202549,-0.124133,6.239233,2.000000,0.015622
1779541548.633193,0,1,-7.182564,-0.124916,6.240084,2.000000,0.015815
1779541548.643433,0,1,-7.162578,-0.125667,6.241108,2.000000,0.015815
1779541548.653271,0,1,-7.142592,-0.126413,6.241959,2.000000,0.015921
1779541548.663516,0,1,-7.122605,-0.127126,6.242983,2.000000,0.015921
1779541548.673372,0,1,-7.102617,-0.127834,6.243834,2.000000,0.016108
1779541548.684141,0,1,-7.082629,-0.128510,6.244858,2.000000,0.016108
1779541548.693576,0,1,-7.062640,-0.129181,6.245709,2.000000,0.016178
1779541548.703882,0,1,-7.042650,-0.129820,6.246732,2.000000,0.016178
1779541548.713705,0,1,-7.022660,-0.130453,6.247584,2.000000,0.016279
1779541548.724297,0,1,-7.002669,-0.131054,6.248607,2.000000,0.016279
1779541548.733556,0,1,-6.982678,-0.131650,6.249459,2.000000,0.016436
1779541548.743899,0,1,-6.962686,-0.132213,6.250482,2.000000,0.016436
1779541548.753248,0,1,-6.942694,-0.132771,6.251334,2.000000,0.016536
1779541548.763792,0,1,-6.922701,-0.133297,6.252357,2.000000,0.016536
1779541548.773769,0,1,-6.902707,-0.133818,6.253209,2.000000,0.016590
1779541548.783691,0,1,-6.882713,-0.134307,6.254232,2.000000,0.016590
1779541548.793311,0,1,-6.862719,-0.134790,6.255084,2.000000,0.016760
1779541548.803459,0,1,-6.842724,-0.135241,6.256107,2.000000,0.016760
1779541548.813596,0,1,-6.822729,-0.135687,6.256959,2.000000,0.016766
1779541548.823612,0,1,-6.802734,-0.136101,6.257982,2.000000,0.016766
1779541548.833740,0,1,-6.782738,-0.136509,6.258833,2.000000,0.016865
1779541548.843838,0,1,-6.762741,-0.136885,6.259857,2.000000,0.016865
1779541548.853436,0,1,-6.742745,-0.137256,6.260708,2.000000,0.016865
1779541548.863359,0,1,-6.722748,-0.137594,6.261732,2.000000,0.016865
1779541548.873797,0,1,-6.702750,-0.137928,6.262583,2.000000,0.016865
1779541548.883771,0,1,-6.682753,-0.138229,6.263607,2.000000,0.016865
1779541548.893271,0,1,-6.662755,-0.138525,6.264458,2.000000,0.016865
1779541548.903996,0,1,-6.642757,-0.138788,6.265482,2.000000,0.016865
1779541548.913920,0,1,-6.622758,-0.139047,6.266333,2.000000,0.016865
1779541548.923735,0,1,-6.602760,-0.139273,6.267357,2.000000,0.016865
1779541548.933726,0,1,-6.582761,-0.139494,6.268208,2.000000,0.016865
1779541548.943838,0,1,-6.562762,-0.139682,6.269231,2.000000,0.016865
1779541548.953548,0,1,-6.542763,-0.139866,6.270083,2.000000,0.016865
1779541548.963605,0,1,-6.522763,-0.140017,6.271106,2.000000,0.016865
1779541548.973996,0,1,-6.502764,-0.140163,6.271958,2.000000,0.016949
1779541548.983778,0,1,-6.482764,-0.140276,6.272981,2.000000,0.016949
1779541548.993486,0,1,-6.462764,-0.140385,6.273833,2.000000,0.016815
1779541549.004105,0,1,-6.442764,-0.140461,6.274856,2.000000,0.016815
1779541549.014141,0,1,-6.422765,-0.140532,6.275708,2.000000,0.016690
1779541549.023785,0,1,-6.402765,-0.140570,6.276731,2.000000,0.016690
1779541549.033459,0,1,-6.382765,-0.140604,6.277583,2.000000,0.016640
1779541549.043649,0,1,-6.362765,-0.140605,6.278606,2.000000,0.016640
1779541549.053584,0,1,-6.342765,-0.140601,6.279458,2.000000,0.016640
1779541549.063767,0,1,-6.322765,-0.140564,6.280481,2.000000,0.016505
1779541549.073619,0,1,-6.302765,-0.140523,6.281333,2.000000,0.016505
1779541549.083786,0,1,-6.282765,-0.140449,6.282356,2.000000,0.016440
1779541549.093787,0,1,-6.262765,-0.140370,0.000022,2.000000,0.016294
1779541549.103757,0,1,-6.242765,-0.140258,0.001046,2.000000,0.016294
1779541549.113526,0,1,-6.222766,-0.140142,0.001897,2.000000,0.016032
1779541549.123655,0,1,-6.202766,-0.139993,0.002920,2.000000,0.016032
1779541549.133800,0,1,-6.182767,-0.139839,0.003772,2.000000,0.015689
1779541549.143628,0,1,-6.162768,-0.139653,0.004795,2.000000,0.015689
1779541549.153543,0,1,-6.142769,-0.139461,0.005647,2.000000,0.015457
1779541549.163562,0,1,-6.122770,-0.139237,0.006670,2.000000,0.015457
1779541549.173722,0,1,-6.102771,-0.139008,0.007522,2.000000,0.015145
1779541549.183853,0,1,-6.082773,-0.138747,0.008545,2.000000,0.015145
1779541549.193601,0,1,-6.062775,-0.138480,0.009397,2.000000,0.014855
1779541549.203760,0,1,-6.042777,-0.138181,0.010420,2.000000,0.014855
1779541549.213733,0,1,-6.022779,-0.137877,0.011272,2.000000,0.014488
1779541549.223519,0,1,-6.002782,-0.137541,0.012295,2.000000,0.014488
1779541549.233984,0,1,-5.982785,-0.137199,0.013147,2.000000,0.014140
1779541549.243799,0,1,-5.962788,-0.136825,0.014170,2.000000,0.014140
1779541549.253325,0,1,-5.942792,-0.136446,0.015021,2.000000,0.013716
1779541549.263429,0,1,-5.922796,-0.136035,0.016045,2.000000,0.013716
1779541549.273288,0,1,-5.902801,-0.135618,0.016896,2.000000,0.013304
1779541549.283678,0,1,-5.882806,-0.135170,0.017920,2.000000,0.013156
1779541549.293575,0,1,-5.862811,-0.134715,0.018771,2.000000,0.013156
1779541549.303657,0,1,-5.842817,-0.134229,0.019795,2.000000,0.013156
1779541549.313699,0,1,-5.822823,-0.133738,0.020646,2.000000,0.012676
1779541549.323663,0,1,-5.802830,-0.133214,0.021670,2.000000,0.012676
1779541549.333225,0,1,-5.782837,-0.132685,0.022521,2.000000,0.011807
1779541549.343843,0,1,-5.762845,-0.132124,0.023545,2.000000,0.011807
1779541549.353731,0,1,-5.742853,-0.131557,0.024396,2.000000,0.011807
1779541549.363636,0,1,-5.722862,-0.130958,0.025420,2.000000,0.011807
1779541549.373638,0,1,-5.702871,-0.130354,0.026271,2.000000,0.011807
1779541549.383790,0,1,-5.682881,-0.129718,0.027294,2.000000,0.011807
1779541549.393966,0,1,-5.662891,-0.129077,0.028146,2.000000,0.011807
1779541549.404030,0,1,-5.642902,-0.128403,0.029169,2.000000,0.011807
1779541549.413367,0,1,-5.622914,-0.127724,0.030021,2.000000,0.011807
1779541549.423579,0,1,-5.602927,-0.127013,0.031044,2.000000,0.011807
1779541549.433262,0,1,-5.582939,-0.126296,0.031896,2.000000,0.011807
1779541549.443471,0,1,-5.562953,-0.125548,0.032919,2.000000,0.011807
1779541549.453570,0,1,-5.542968,-0.124794,0.033771,2.000000,0.011807
1779541549.463271,0,1,-5.522983,-0.124008,0.034794,2.000000,0.011807
1779541549.473662,0,1,-5.502999,-0.123216,0.035646,2.000000,0.011807
1779541549.483789,0,1,-5.483016,-0.122393,0.036669,2.000000,0.011807
1779541549.493473,0,1,-5.463033,-0.121564,0.037521,2.000000,0.011807
1779541549.503581,0,1,-5.443052,-0.120703,0.038544,2.000000,0.011807
1779541549.513439,0,1,-5.423070,-0.119836,0.039395,2.000000,0.011807
1779541549.523177,0,1,-5.403091,-0.118938,0.040419,2.000000,0.011807
1779541549.533570,0,1,-5.383111,-0.118034,0.041270,2.000000,0.011807
1779541549.543725,0,1,-5.363133,-0.117098,0.042294,2.000000,0.005522
1779541549.553474,0,1,-5.343155,-0.116157,0.043145,2.000000,0.005522
1779541549.563716,0,1,-5.323179,-0.115183,0.044169,2.000000,0.003196
1779541549.573674,0,1,-5.303203,-0.114205,0.045020,2.000000,0.003196
1779541549.583748,0,1,-5.283228,-0.113194,0.046044,2.000000,0.002182
1779541549.593229,0,1,-5.263254,-0.112178,0.046895,2.000000,0.002182
1779541549.603298,0,1,-5.243282,-0.111129,0.047919,2.000000,0.001536
1779541549.613674,0,1,-5.223309,-0.110076,0.048770,2.000000,0.000501
1779541549.623790,0,1,-5.203339,-0.108990,0.049794,2.000000,0.000501
1779541549.633481,0,1,-5.183369,-0.107899,0.050645,2.000000,-0.000607
1779541549.643245,0,1,-5.163400,-0.106776,0.051668,2.000000,-0.000607
1779541549.653195,0,1,-5.143431,-0.105673,0.052227,2.000000,-0.001840
1779541549.663835,0,1,-5.123458,-0.104630,0.052028,2.000000,-0.001840
1779541549.673449,0,1,-5.103484,-0.103613,0.051659,2.000000,-0.002978
1779541549.683665,0,1,-5.083507,-0.102641,0.050920,2.000000,-0.002978
1779541549.693218,0,1,-5.063530,-0.101685,0.050238,2.000000,-0.004240
1779541549.703651,0,1,-5.043551,-0.100767,0.049315,2.000000,-0.004240
1779541549.713732,0,1,-5.023572,-0.099859,0.048525,2.000000,-0.004012
1779541549.723408,0,1,-5.003591,-0.098987,0.047538,2.000000,-0.004012
1779541549.733792,0,1,-4.983610,-0.098123,0.046710,2.000000,-0.002125
1779541549.743774,0,1,-4.963627,-0.097293,0.045701,2.000000,-0.002125
1779541549.753566,0,1,-4.943644,-0.096470,0.044859,2.000000,0.000349
1779541549.763640,0,1,-4.923659,-0.095680,0.043842,2.000000,0.001522
1779541549.773566,0,1,-4.903676,-0.094871,0.043287,2.000000,0.001522
1779541549.783463,0,1,-4.883695,-0.094002,0.043489,2.000000,0.004455
1779541549.793793,0,1,-4.863715,-0.093108,0.043860,2.000000,0.004455
1779541549.803520,0,1,-4.843737,-0.092169,0.044600,2.000000,0.007419
1779541549.813693,0,1,-4.823760,-0.091215,0.045284,2.000000,0.007419
1779541549.823640,0,1,-4.803784,-0.090222,0.046207,2.000000,0.010284
1779541549.833387,0,1,-4.783809,-0.089220,0.046998,2.000000,0.010284
1779541549.843847,0,1,-4.763836,-0.088182,0.047984,2.000000,0.010679
1779541549.853417,0,1,-4.743864,-0.087136,0.048813,2.000000,0.010679
1779541549.863446,0,1,-4.723893,-0.086056,0.049822,2.000000,0.010679
1779541549.873676,0,1,-4.703922,-0.084969,0.050664,2.000000,0.010679
1779541549.883478,0,1,-4.683954,-0.083849,0.051682,2.000000,0.010679
1779541549.893828,0,1,-4.663986,-0.082723,0.052529,2.000000,0.010679
1779541549.903879,0,1,-4.644019,-0.081564,0.053550,2.000000,0.010679
1779541549.913619,0,1,-4.624053,-0.080400,0.054400,2.000000,0.010679
1779541549.923249,0,1,-4.604089,-0.079202,0.055422,2.000000,0.010679
1779541549.933779,0,1,-4.584125,-0.078000,0.056272,2.000000,0.010679
1779541549.943630,0,1,-4.564163,-0.076765,0.057295,2.000000,0.010679
1779541549.953374,0,1,-4.544202,-0.075525,0.058146,2.000000,0.010679
1779541549.963699,0,1,-4.524242,-0.074252,0.059169,2.000000,0.007184
1779541549.973688,0,1,-4.504283,-0.072974,0.060020,2.000000,0.007184
1779541549.983855,0,1,-4.484326,-0.071664,0.061044,2.000000,0.005444
1779541549.993398,0,1,-4.464369,-0.070349,0.061895,2.000000,0.004769
1779541550.003436,0,1,-4.444415,-0.069001,0.062918,2.000000,0.004769
1779541550.013162,0,1,-4.424461,-0.067648,0.063770,2.000000,0.003641
1779541550.023737,0,1,-4.404509,-0.066263,0.064793,2.000000,0.003641
1779541550.033805,0,1,-4.384557,-0.064872,0.065645,2.000000,0.002374
1779541550.043922,0,1,-4.364608,-0.063450,0.066668,2.000000,0.002374
1779541550.053749,0,1,-4.344659,-0.062022,0.067519,2.000000,0.001097
1779541550.063490,0,1,-4.324712,-0.060562,0.068543,2.000000,0.001097
1779541550.073679,0,1,-4.304766,-0.059097,0.069394,2.000000,-0.000179
1779541550.083838,0,1,-4.284822,-0.057599,0.070418,2.000000,-0.000179
1779541550.093774,0,1,-4.264877,-0.056122,0.070977,2.000000,-0.001664
1779541550.103722,0,1,-4.244927,-0.054706,0.070777,2.000000,-0.001664
1779541550.113435,0,1,-4.224975,-0.053314,0.070408,2.000000,-0.003115
1779541550.123459,0,1,-4.205021,-0.051968,0.069669,2.000000,-0.003115
1779541550.133482,0,1,-4.185065,-0.050637,0.068987,2.000000,-0.004641
1779541550.143587,0,1,-4.165107,-0.049345,0.068064,2.000000,-0.004641
1779541550.153562,0,1,-4.145148,-0.048062,0.067274,2.000000,-0.004684
1779541550.163553,0,1,-4.125187,-0.046816,0.066288,2.000000,-0.003162
1779541550.173775,0,1,-4.105225,-0.045578,0.065459,2.000000,-0.003162
1779541550.183828,0,1,-4.085262,-0.044373,0.064450,2.000000,-0.002320
1779541550.193607,0,1,-4.065298,-0.043176,0.063608,2.000000,-0.002320
1779541550.203622,0,1,-4.045331,-0.042011,0.062591,2.000000,0.000054
1779541550.213770,0,1,-4.025365,-0.040853,0.061744,2.000000,0.000054
1779541550.223629,0,1,-4.005397,-0.039728,0.060723,2.000000,0.002536
1779541550.234017,0,1,-3.985429,-0.038595,0.060020,2.000000,0.002536
1779541550.243667,0,1,-3.965462,-0.037436,0.059755,2.000000,0.005158
1779541550.253590,0,1,-3.945499,-0.036221,0.060126,2.000000,0.005158
1779541550.263783,0,1,-3.925538,-0.034984,0.060595,2.000000,0.005158
1779541550.273917,0,1,-3.905579,-0.033704,0.061392,2.000000,0.009395
1779541550.283532,0,1,-3.885621,-0.032410,0.062109,2.000000,0.011291
1779541550.293895,0,1,-3.865665,-0.031079,0.063052,2.000000,0.011291
1779541550.303917,0,1,-3.845710,-0.029738,0.063854,2.000000,0.011360
1779541550.313515,0,1,-3.825757,-0.028362,0.064848,2.000000,0.011360
1779541550.323996,0,1,-3.805805,-0.026978,0.065680,2.000000,0.010981
1779541550.333755,0,1,-3.785856,-0.025560,0.066692,2.000000,0.010981
1779541550.343357,0,1,-3.765906,-0.024136,0.067536,2.000000,0.010101
1779541550.353576,0,1,-3.745960,-0.022679,0.068554,2.000000,0.010101
1779541550.363760,0,1,-3.726013,-0.021216,0.069402,2.000000,0.010101
1779541550.373739,0,1,-3.706069,-0.019720,0.070423,2.000000,0.010101
1779541550.383969,0,1,-3.686126,-0.018219,0.071273,2.000000,0.010101
1779541550.393649,0,1,-3.666184,-0.016685,0.072296,2.000000,0.010101
1779541550.403791,0,1,-3.646244,-0.015146,0.073146,2.000000,0.010101
1779541550.413563,0,1,-3.626306,-0.013574,0.074169,2.000000,0.010101
1779541550.423837,0,1,-3.606368,-0.011997,0.075020,2.000000,0.010101
1779541550.433709,0,1,-3.586433,-0.010388,0.076043,2.000000,0.010101
1779541550.443280,0,1,-3.566498,-0.008773,0.076895,2.000000,0.010101
1779541550.453630,0,1,-3.546566,-0.007127,0.077918,2.000000,0.010101
1779541550.463989,0,1,-3.526634,-0.005475,0.078769,2.000000,0.010101
1779541550.473569,0,1,-3.506705,-0.003790,0.079793,2.000000,0.010101
1779541550.483269,0,1,-3.486777,-0.002101,0.080644,2.000000,0.000991
1779541550.493566,0,1,-3.466851,-0.000379,0.081667,2.000000,0.000991
1779541550.503988,0,1,-3.446926,0.001347,0.082519,2.000000,-0.001452
1779541550.513834,0,1,-3.427003,0.003106,0.083542,2.000000,-0.001452
1779541550.523601,0,1,-3.407079,0.004845,0.084101,2.000000,-0.003316
1779541550.533648,0,1,-3.387150,0.006523,0.083901,2.000000,-0.003316
1779541550.543652,0,1,-3.367218,0.008177,0.083533,2.000000,-0.005179
1779541550.553796,0,1,-3.347283,0.009785,0.082794,2.000000,-0.005179
1779541550.563406,0,1,-3.327346,0.011378,0.082111,2.000000,-0.007171
1779541550.573934,0,1,-3.307407,0.012932,0.081189,2.000000,-0.007171
1779541550.583241,0,1,-3.287466,0.014476,0.080398,2.000000,-0.007665
1779541550.593536,0,1,-3.267523,0.015984,0.079412,2.000000,-0.007665
1779541550.603696,0,1,-3.247580,0.017484,0.078584,2.000000,-0.006627
1779541550.613957,0,1,-3.227634,0.018950,0.077575,2.000000,-0.006007
1779541550.623644,0,1,-3.207687,0.020410,0.076733,2.000000,-0.006007
1779541550.633641,0,1,-3.187738,0.021836,0.075715,2.000000,-0.006007
1779541550.643662,0,1,-3.167788,0.023256,0.074868,2.000000,-0.004174
1779541550.653601,0,1,-3.147837,0.024644,0.073847,2.000000,-0.002221
1779541550.663660,0,1,-3.127884,0.026026,0.072998,2.000000,-0.002221
1779541550.673498,0,1,-3.107930,0.027375,0.071976,2.000000,-0.000149
1779541550.683905,0,1,-3.087975,0.028719,0.071125,2.000000,-0.000149
1779541550.693998,0,1,-3.068018,0.030030,0.070102,2.000000,0.002006
1779541550.704218,0,1,-3.048061,0.031336,0.069251,2.000000,0.002006
1779541550.713294,0,1,-3.028101,0.032609,0.068228,2.000000,0.004223
1779541550.723761,0,1,-3.008143,0.033903,0.067670,2.000000,0.004223
1779541550.733548,0,1,-2.988189,0.035258,0.067870,2.000000,0.006543
1779541550.743747,0,1,-2.968237,0.036637,0.068238,2.000000,0.006543
1779541550.753587,0,1,-2.948288,0.038062,0.068977,2.000000,0.008932
1779541550.763833,0,1,-2.928340,0.039501,0.069660,2.000000,0.008932
1779541550.773599,0,1,-2.908394,0.040980,0.070583,2.000000,0.011074
1779541550.783861,0,1,-2.888450,0.042468,0.071373,2.000000,0.011013
1779541550.793928,0,1,-2.868508,0.043993,0.072359,2.000000,0.011013
1779541550.803659,0,1,-2.848567,0.045525,0.073188,2.000000,0.010504
1779541550.813799,0,1,-2.828628,0.047091,0.074197,2.000000,0.010504
1779541550.823598,0,1,-2.808690,0.048664,0.075039,2.000000,0.009230
1779541550.833475,0,1,-2.788755,0.050270,0.076056,2.000000,0.009230
1779541550.843343,0,1,-2.768820,0.051883,0.076903,2.000000,0.009230
1779541550.853277,0,1,-2.748888,0.053528,0.077924,2.000000,0.006931
1779541550.863509,0,1,-2.728956,0.055178,0.078774,2.000000,0.006931
1779541550.873738,0,1,-2.709027,0.056862,0.079796,2.000000,0.006931
1779541550.883719,0,1,-2.689098,0.058550,0.080646,2.000000,0.006931
1779541550.893852,0,1,-2.669172,0.060271,0.081669,2.000000,0.006931
1779541550.903943,0,1,-2.649247,0.061998,0.082520,2.000000,0.006931
1779541550.913635,0,1,-2.629325,0.063756,0.083543,2.000000,0.006931
1779541550.924127,0,1,-2.609402,0.065520,0.084394,2.000000,0.006931
1779541550.933428,0,1,-2.589483,0.067317,0.085418,2.000000,0.006931
1779541550.944000,0,1,-2.569565,0.069118,0.086269,2.000000,0.006931
1779541550.953667,0,1,-2.549649,0.070952,0.087292,2.000000,0.006931
1779541550.963887,0,1,-2.529734,0.072790,0.088144,2.000000,0.006931
1779541550.973513,0,1,-2.509821,0.074661,0.089167,2.000000,0.006931
1779541550.983844,0,1,-2.489909,0.076538,0.090019,2.000000,-0.005850
1779541550.993689,0,1,-2.470001,0.078446,0.091042,2.000000,-0.005850
1779541551.003328,0,1,-2.450090,0.080334,0.091601,2.000000,-0.008976
1779541551.013278,0,1,-2.430174,0.082162,0.091401,2.000000,-0.008976
1779541551.023744,0,1,-2.410255,0.083965,0.091032,2.000000,-0.011489
1779541551.033680,0,1,-2.390332,0.085722,0.090294,2.000000,-0.011489
1779541551.043287,0,1,-2.370409,0.087464,0.089611,2.000000,-0.012750
1779541551.053343,0,1,-2.350481,0.089168,0.088688,2.000000,-0.015117
1779541551.063444,0,1,-2.330553,0.090861,0.087898,2.000000,-0.015117
1779541551.073255,0,1,-2.310622,0.092519,0.086912,2.000000,-0.015397
1779541551.083691,0,1,-2.290690,0.094169,0.086083,2.000000,-0.015397
1779541551.093695,0,1,-2.270755,0.095785,0.085075,2.000000,-0.014663
1779541551.103681,0,1,-2.250820,0.097394,0.084232,2.000000,-0.014663
1779541551.113470,0,1,-2.230882,0.098970,0.083215,2.000000,-0.013656
1779541551.123703,0,1,-2.210944,0.100539,0.082368,2.000000,-0.013656
1779541551.133368,0,1,-2.191003,0.102076,0.081347,2.000000,-0.012417
1779541551.143509,0,1,-2.171062,0.103608,0.080497,2.000000,-0.011112
1779541551.153579,0,1,-2.151118,0.105107,0.079475,2.000000,-0.011112
1779541551.163826,0,1,-2.131174,0.106600,0.078625,2.000000,-0.010435
1779541551.173356,0,1,-2.111228,0.108061,0.077602,2.000000,-0.010435
1779541551.183830,0,1,-2.091281,0.109516,0.076751,2.000000,-0.009025
1779541551.193526,0,1,-2.071331,0.110940,0.075728,2.000000,-0.009025
1779541551.203748,0,1,-2.051382,0.112358,0.074877,2.000000,-0.007519
1779541551.213787,0,1,-2.031430,0.113743,0.073854,2.000000,-0.007519
1779541551.223862,0,1,-2.011477,0.115124,0.073002,2.000000,-0.006025
1779541551.233623,0,1,-1.991523,0.116472,0.071979,2.000000,-0.006025
1779541551.243758,0,1,-1.971568,0.117815,0.071128,2.000000,-0.004476
1779541551.253560,0,1,-1.951611,0.119126,0.070104,2.000000,-0.004476
1779541551.263619,0,1,-1.931654,0.120431,0.069253,2.000000,-0.002889
1779541551.273792,0,1,-1.911694,0.121705,0.068229,2.000000,-0.002889
1779541551.283679,0,1,-1.891735,0.122973,0.067378,2.000000,-0.001247
1779541551.293577,0,1,-1.871773,0.124209,0.066354,2.000000,-0.000529
1779541551.303660,0,1,-1.851811,0.125439,0.065503,2.000000,-0.000529
1779541551.313734,0,1,-1.831847,0.126638,0.064480,2.000000,0.001196
1779541551.323510,0,1,-1.811882,0.127831,0.063628,2.000000,0.001196
1779541551.333834,0,1,-1.791916,0.128992,0.062605,2.000000,0.002943
1779541551.343530,0,1,-1.771951,0.130173,0.062046,2.000000,0.002943
1779541551.353949,0,1,-1.751989,0.131415,0.062245,2.000000,0.004748
1779541551.363343,0,1,-1.732030,0.132682,0.062614,2.000000,0.004748
1779541551.373968,0,1,-1.712073,0.133994,0.063353,2.000000,0.004748
1779541551.383769,0,1,-1.692117,0.135322,0.064036,2.000000,0.004748
1779541551.393525,0,1,-1.672164,0.136688,0.064958,2.000000,0.004748
1779541551.403583,0,1,-1.652211,0.138064,0.065748,2.000000,0.004748
1779541551.413414,0,1,-1.632261,0.139476,0.066735,2.000000,0.004748
1779541551.423932,0,1,-1.612311,0.140896,0.067563,2.000000,0.004748
1779541551.433461,0,1,-1.592364,0.142350,0.068572,2.000000,0.004748
1779541551.443645,0,1,-1.572418,0.143811,0.069414,2.000000,0.004748
1779541551.453413,0,1,-1.552474,0.145305,0.070431,2.000000,0.004748
1779541551.463274,0,1,-1.532530,0.146805,0.071279,2.000000,0.004748
1779541551.473396,0,1,-1.512589,0.148338,0.072299,2.000000,0.004748
1779541551.483800,0,1,-1.492648,0.149877,0.073149,2.000000,0.000874
1779541551.493513,0,1,-1.472710,0.151448,0.074171,2.000000,-0.001026
1779541551.503662,0,1,-1.452772,0.153024,0.075022,2.000000,-0.001026
1779541551.513641,0,1,-1.432837,0.154633,0.076044,2.000000,-0.003645
1779541551.523692,0,1,-1.412900,0.156222,0.076603,2.000000,-0.003645
1779541551.533775,0,1,-1.392959,0.157751,0.076403,2.000000,-0.006405
1779541551.543738,0,1,-1.373015,0.159254,0.076034,2.000000,-0.006405
1779541551.553211,0,1,-1.353068,0.160712,0.075295,2.000000,-0.009273
1779541551.563368,0,1,-1.333121,0.162155,0.074612,2.000000,-0.009273
1779541551.573405,0,1,-1.313170,0.163560,0.073689,2.000000,-0.011988
1779541551.583685,0,1,-1.293219,0.164954,0.072899,2.000000,-0.012382
1779541551.593298,0,1,-1.273265,0.166313,0.071913,2.000000,-0.012382
1779541551.603335,0,1,-1.253310,0.167663,0.071084,2.000000,-0.012341
1779541551.613404,0,1,-1.233354,0.168980,0.070075,2.000000,-0.012341
1779541551.623904,0,1,-1.213397,0.170290,0.069233,2.000000,-0.011820
1779541551.633431,0,1,-1.193438,0.171566,0.068216,2.000000,-0.011820
1779541551.643612,0,1,-1.173478,0.172837,0.067368,2.000000,-0.011054
1779541551.653309,0,1,-1.153516,0.174075,0.066348,2.000000,-0.011054
1779541551.663910,0,1,-1.133554,0.175307,0.065498,2.000000,-0.010246
1779541551.673707,0,1,-1.113590,0.176506,0.064476,2.000000,-0.010246
1779541551.683755,0,1,-1.093626,0.177700,0.063625,2.000000,-0.009307
1779541551.693293,0,1,-1.073660,0.178862,0.062603,2.000000,-0.009307
1779541551.703794,0,1,-1.053693,0.180018,0.061752,2.000000,-0.008387
1779541551.713889,0,1,-1.033725,0.181142,0.060729,2.000000,-0.008387
1779541551.723826,0,1,-1.013756,0.182261,0.059877,2.000000,-0.007996
1779541551.733606,0,1,-0.993786,0.183347,0.058854,2.000000,-0.007996
1779541551.743322,0,1,-0.973815,0.184428,0.058003,2.000000,-0.007006
1779541551.753712,0,1,-0.953842,0.185477,0.056980,2.000000,-0.005989
1779541551.763650,0,1,-0.933870,0.186520,0.056128,2.000000,-0.005989
1779541551.773262,0,1,-0.913895,0.187531,0.055105,2.000000,-0.004959
1779541551.783855,0,1,-0.893921,0.188538,0.054253,2.000000,-0.004959
1779541551.793715,0,1,-0.873944,0.189511,0.053230,2.000000,-0.003890
1779541551.803673,0,1,-0.853968,0.190480,0.052378,2.000000,-0.003890
1779541551.813630,0,1,-0.833990,0.191416,0.051355,2.000000,-0.002812
1779541551.823627,0,1,-0.814011,0.192347,0.050504,2.000000,-0.002812
1779541551.834001,0,1,-0.794032,0.193246,0.049480,2.000000,-0.001712
1779541551.843386,0,1,-0.774052,0.194140,0.048629,2.000000,-0.000590
1779541551.853781,0,1,-0.754070,0.195001,0.047605,2.000000,-0.000590
1779541551.863784,0,1,-0.734089,0.195857,0.046754,2.000000,-0.000590
1779541551.873731,0,1,-0.714105,0.196681,0.045730,2.000000,-0.000590
1779541551.883697,0,1,-0.694122,0.197500,0.044879,2.000000,-0.000590
1779541551.893516,0,1,-0.674138,0.198286,0.043855,2.000000,-0.000590
1779541551.903973,0,1,-0.654153,0.199068,0.043004,2.000000,-0.000590
1779541551.913522,0,1,-0.634167,0.199817,0.041981,2.000000,-0.000590
1779541551.923865,0,1,-0.614181,0.200560,0.041129,2.000000,-0.000590
1779541551.933332,0,1,-0.594194,0.201272,0.040106,2.000000,-0.000590
1779541551.943645,0,1,-0.574206,0.201978,0.039254,2.000000,-0.000590
1779541551.953717,0,1,-0.554217,0.202652,0.038231,2.000000,-0.000590
1779541551.963571,0,1,-0.534229,0.203321,0.037379,2.000000,-0.000590
1779541551.973618,0,1,-0.514239,0.203957,0.036356,2.000000,0.004853
1779541551.983558,0,1,-0.494249,0.204589,0.035504,2.000000,0.004853
1779541551.993737,0,1,-0.474258,0.205188,0.034481,2.000000,0.007778
1779541552.003601,0,1,-0.454267,0.205807,0.033922,2.000000,0.008619
1779541552.013577,0,1,-0.434279,0.206487,0.034122,2.000000,0.008619
1779541552.023664,0,1,-0.414291,0.207192,0.034490,2.000000,0.009740
1779541552.033347,0,1,-0.394305,0.207943,0.035229,2.000000,0.009740
1779541552.043496,0,1,-0.374320,0.208709,0.035912,2.000000,0.011150
1779541552.053164,0,1,-0.354336,0.209513,0.036834,2.000000,0.011150
1779541552.063469,0,1,-0.334353,0.210328,0.037625,2.000000,0.011377
1779541552.073553,0,1,-0.314371,0.211179,0.038611,2.000000,0.009987
1779541552.083702,0,1,-0.294389,0.212037,0.039439,2.000000,0.009987
1779541552.093638,0,1,-0.274409,0.212930,0.040448,2.000000,0.007692
1779541552.103581,0,1,-0.254430,0.213829,0.041290,2.000000,0.007692
1779541552.113541,0,1,-0.234451,0.214762,0.042307,2.000000,0.005042
1779541552.123657,0,1,-0.214473,0.215700,0.043155,2.000000,0.005042
1779541552.133739,0,1,-0.194497,0.216672,0.044176,2.000000,0.001994
1779541552.143818,0,1,-0.174521,0.217649,0.045025,2.000000,0.001994
1779541552.153527,0,1,-0.154546,0.218659,0.046047,2.000000,-0.001278
1779541552.163477,0,1,-0.134572,0.219674,0.046898,2.000000,-0.001278
1779541552.173551,0,1,-0.114600,0.220722,0.047921,2.000000,-0.004651
1779541552.183498,0,1,-0.094626,0.221750,0.048479,2.000000,-0.006403
1779541552.193634,0,1,-0.074649,0.222716,0.048279,2.000000,-0.006403
1779541552.203572,0,1,-0.054672,0.223659,0.047910,2.000000,-0.010090
1779541552.213655,0,1,-0.034692,0.224555,0.047171,2.000000,-0.010090
1779541552.223351,0,1,-0.014711,0.225437,0.046488,2.000000,-0.013888
1779541552.233259,0,1,0.005271,0.226280,0.045566,2.000000,-0.013888
1779541552.243325,0,1,0.025254,0.227112,0.044775,2.000000,-0.016218
1779541552.253517,0,1,0.045238,0.227909,0.043789,2.000000,-0.016218
1779541552.264212,0,1,0.065222,0.228698,0.042960,2.000000,-0.017104
1779541552.273571,0,1,0.085208,0.229453,0.041952,2.000000,-0.017104
1779541552.284004,0,1,0.105194,0.230201,0.041109,2.000000,-0.017487
1779541552.293563,0,1,0.125181,0.230916,0.040092,2.000000,-0.017487
1779541552.303944,0,1,0.145169,0.231625,0.039245,2.000000,-0.017723
1779541552.313737,0,1,0.165157,0.232301,0.038224,2.000000,-0.017723
1779541552.323580,0,1,0.185146,0.232971,0.037374,2.000000,-0.017866
1779541552.333225,0,1,0.205136,0.233609,0.036352,2.000000,-0.017917
1779541552.343789,0,1,0.225126,0.234241,0.035502,2.000000,-0.017917
1779541552.353998,0,1,0.245117,0.234841,0.034479,2.000000,-0.017917
1779541552.363717,0,1,0.265108,0.235435,0.033628,2.000000,-0.017917
1779541552.373661,0,1,0.285100,0.235997,0.032605,2.000000,-0.017917
1779541552.383974,0,1,0.305092,0.236554,0.031754,2.000000,-0.017917
1779541552.393218,0,1,0.325085,0.237078,0.030730,2.000000,-0.017917
1779541552.403402,0,1,0.345079,0.237597,0.029879,2.000000,-0.017917
1779541552.413453,0,1,0.365073,0.238084,0.028856,2.000000,-0.017917
1779541552.423943,0,1,0.385067,0.238565,0.028004,2.000000,-0.017917
1779541552.433294,0,1,0.405062,0.239014,0.026981,2.000000,-0.017917
1779541552.443321,0,1,0.425057,0.239458,0.026130,2.000000,-0.017917
1779541552.453497,0,1,0.445053,0.239870,0.025106,2.000000,-0.017917
1779541552.463733,0,1,0.465049,0.240276,0.024255,2.000000,-0.016218
1779541552.473669,0,1,0.485045,0.240651,0.023231,2.000000,-0.016218
1779541552.483616,0,1,0.505042,0.241019,0.022380,2.000000,-0.016028
1779541552.493589,0,1,0.525039,0.241356,0.021356,2.000000,-0.016028
1779541552.503641,0,1,0.545036,0.241688,0.020505,2.000000,-0.016028
1779541552.513881,0,1,0.565034,0.241987,0.019481,2.000000,-0.015553
1779541552.523678,0,1,0.585032,0.242281,0.018630,2.000000,-0.015553
1779541552.533460,0,1,0.605030,0.242542,0.017607,2.000000,-0.015553
1779541552.543572,0,1,0.625028,0.242799,0.016755,2.000000,-0.014817
1779541552.553200,0,1,0.645027,0.243023,0.015732,2.000000,-0.014817
1779541552.563455,0,1,0.665026,0.243242,0.014880,2.000000,-0.014817
1779541552.573224,0,1,0.685025,0.243429,0.013857,2.000000,-0.014182
1779541552.583949,0,1,0.705024,0.243610,0.013005,2.000000,-0.014182
1779541552.593427,0,1,0.725024,0.243759,0.011982,2.000000,-0.014182
1779541552.603256,0,1,0.745023,0.243903,0.011130,2.000000,-0.013306
1779541552.613729,0,1,0.765023,0.244015,0.010107,2.000000,-0.013306
1779541552.623701,0,1,0.785023,0.244121,0.009255,2.000000,-0.013306
1779541552.633837,0,1,0.805022,0.244195,0.008232,2.000000,-0.012539
1779541552.643435,0,1,0.825022,0.244264,0.007380,2.000000,-0.012539
1779541552.653712,0,1,0.845022,0.244301,0.006357,2.000000,-0.011904
1779541552.663405,0,1,0.865022,0.244332,0.005506,2.000000,-0.011904
1779541552.673452,0,1,0.885022,0.244332,0.004482,2.000000,-0.011904
1779541552.683670,0,1,0.905022,0.244326,0.003631,2.000000,-0.010831
1779541552.693820,0,1,0.925022,0.244287,0.002607,2.000000,-0.010831
1779541552.703367,0,1,0.945022,0.244244,0.001756,2.000000,-0.010831
1779541552.713456,0,1,0.965022,0.244168,0.000732,2.000000,-0.009852
1779541552.723815,0,1,0.985022,0.244087,6.283066,2.000000,-0.009852
1779541552.733876,0,1,1.005021,0.243974,6.282043,2.000000,-0.009852
1779541552.743856,0,1,1.025021,0.243855,6.281191,2.000000,-0.008607
1779541552.753785,0,1,1.045021,0.243704,6.280168,2.000000,-0.008607
1779541552.763583,0,1,1.065020,0.243548,6.279316,2.000000,-0.008607
1779541552.773924,0,1,1.085019,0.243360,6.278293,2.000000,-0.007448
1779541552.783653,0,1,1.105018,0.243166,6.277441,2.000000,-0.007448
1779541552.793272,0,1,1.125017,0.242940,6.276418,2.000000,-0.007448
1779541552.804036,0,1,1.145015,0.242709,6.275566,2.000000,-0.006583
1779541552.815304,0,1,1.165014,0.242446,6.274543,2.000000,-0.006583
1779541552.823593,0,1,1.185012,0.242178,6.273691,2.000000,-0.005097
1779541552.834036,0,1,1.205010,0.241877,6.272668,2.000000,-0.005097
1779541552.843445,0,1,1.225007,0.241571,6.271817,2.000000,-0.005097
1779541552.853622,0,1,1.245004,0.241233,6.270793,2.000000,-0.003743
1779541552.863846,0,1,1.265002,0.240889,6.269942,2.000000,-0.003743
1779541552.873448,0,1,1.284998,0.240513,6.268918,2.000000,-0.003743
1779541552.883356,0,1,1.304994,0.240132,6.268067,2.000000,-0.003743
1779541552.893616,0,1,1.324990,0.239719,6.267043,2.000000,-0.003743
1779541552.903880,0,1,1.344986,0.239300,6.266192,2.000000,-0.003743
1779541552.914543,0,1,1.364981,0.238850,6.265168,2.000000,-0.003743
1779541552.923655,0,1,1.384975,0.238394,6.264317,2.000000,-0.003743
1779541552.933610,0,1,1.404969,0.237905,6.263293,2.000000,-0.003743
1779541552.943859,0,1,1.424963,0.237412,6.262442,2.000000,-0.003743
1779541552.953600,0,1,1.444956,0.236886,6.261419,2.000000,-0.003743
1779541552.963842,0,1,1.464949,0.236355,6.260567,2.000000,-0.003743
1779541552.973711,0,1,1.484941,0.235792,6.259544,2.000000,-0.003743
1779541552.983966,0,1,1.504933,0.235224,6.258692,2.000000,-0.003743
1779541552.993326,0,1,1.524924,0.234623,6.257669,2.000000,-0.003743
1779541553.004143,0,1,1.544915,0.234017,6.256817,2.000000,-0.003743
1779541553.013288,0,1,1.564905,0.233379,6.255794,2.000000,-0.003743
1779541553.023330,0,1,1.584895,0.232735,6.254942,2.000000,0.003960
1779541553.033416,0,1,1.604883,0.232060,6.253919,2.000000,0.003960
1779541553.043736,0,1,1.624872,0.231404,6.253360,2.000000,0.008026
1779541553.053665,0,1,1.644864,0.230810,6.253560,2.000000,0.008026
1779541553.063631,0,1,1.664855,0.230240,6.253928,2.000000,0.009331
1779541553.074019,0,1,1.684849,0.229716,6.254667,2.000000,0.009331
1779541553.083624,0,1,1.704842,0.229207,6.255350,2.000000,0.009331
1779541553.093622,0,1,1.724837,0.228737,6.256272,2.000000,0.011031
1779541553.103661,0,1,1.744831,0.228277,6.257063,2.000000,0.010913
1779541553.113667,0,1,1.764827,0.227853,6.258049,2.000000,0.010913
1779541553.123858,0,1,1.784822,0.227437,6.258877,2.000000,0.009125
1779541553.133363,0,1,1.804819,0.227055,6.259886,2.000000,0.009125
1779541553.143404,0,1,1.824815,0.226679,6.260728,2.000000,0.006873
1779541553.153752,0,1,1.844812,0.226337,6.261745,2.000000,0.006873
1779541553.164108,0,1,1.864810,0.226001,6.262593,2.000000,0.004324
1779541553.173882,0,1,1.884807,0.225698,6.263614,2.000000,0.004324
1779541553.183810,0,1,1.904805,0.225401,6.264463,2.000000,0.001596
1779541553.193609,0,1,1.924803,0.225136,6.265485,2.000000,0.001596
1779541553.203577,0,1,1.944802,0.224877,6.266336,2.000000,-0.001274
1779541553.213746,0,1,1.964800,0.224650,6.267359,2.000000,-0.001274
1779541553.224023,0,1,1.984799,0.224404,6.267917,2.000000,-0.004185
1779541553.233802,0,1,2.004796,0.224096,6.267717,2.000000,-0.004185
1779541553.243354,0,1,2.024794,0.223764,6.267348,2.000000,-0.007379
1779541553.253853,0,1,2.044790,0.223385,6.266609,2.000000,-0.007379
1779541553.263661,0,1,2.064786,0.222993,6.265926,2.000000,-0.010593
1779541553.273271,0,1,2.084782,0.222561,6.265004,2.000000,-0.010593
1779541553.283514,0,1,2.104777,0.222119,6.264213,2.000000,-0.012359
1779541553.293803,0,1,2.124771,0.221641,6.263227,2.000000,-0.012359
1779541553.303747,0,1,2.144765,0.221155,6.262398,2.000000,-0.012600
1779541553.313292,0,1,2.164758,0.220635,6.261390,2.000000,-0.012600
1779541553.323785,0,1,2.184751,0.220109,6.260547,2.000000,-0.012544
1779541553.333594,0,1,2.204743,0.219549,6.259530,2.000000,-0.012123
1779541553.343787,0,1,2.224735,0.218983,6.258683,2.000000,-0.012123
1779541553.353290,0,1,2.244726,0.218384,6.257662,2.000000,-0.011488
1779541553.363576,0,1,2.264717,0.217780,6.256812,2.000000,-0.011488
1779541553.373964,0,1,2.284707,0.217143,6.255790,2.000000,-0.011488
1779541553.383774,0,1,2.304697,0.216500,6.254940,2.000000,-0.011488
1779541553.393477,0,1,2.324685,0.215825,6.253917,2.000000,-0.011488
1779541553.403708,0,1,2.344674,0.215145,6.253066,2.000000,-0.011488
1779541553.413587,0,1,2.364661,0.214432,6.252043,2.000000,-0.011488
1779541553.423753,0,1,2.384648,0.213714,6.251192,2.000000,-0.011488
1779541553.433589,0,1,2.404634,0.212963,6.250168,2.000000,-0.011488
1779541553.443645,0,1,2.424620,0.212208,6.249317,2.000000,-0.011488
1779541553.453272,0,1,2.444604,0.211420,6.248294,2.000000,-0.011488
1779541553.463272,0,1,2.464589,0.210627,6.247442,2.000000,-0.011488
1779541553.473708,0,1,2.484572,0.209801,6.246419,2.000000,-0.007039
1779541553.484035,0,1,2.504554,0.208970,6.245567,2.000000,-0.007039
1779541553.493983,0,1,2.524536,0.208107,6.244544,2.000000,-0.005327
1779541553.503801,0,1,2.544517,0.207239,6.243693,2.000000,-0.005327
1779541553.513962,0,1,2.564497,0.206339,6.242669,2.000000,-0.004226
1779541553.523833,0,1,2.584476,0.205433,6.241818,2.000000,-0.004226
1779541553.533969,0,1,2.604454,0.204495,6.240794,2.000000,-0.003076
1779541553.543761,0,1,2.624432,0.203552,6.239943,2.000000,-0.003076
1779541553.553711,0,1,2.644408,0.202577,6.238919,2.000000,-0.001854
1779541553.563741,0,1,2.664384,0.201596,6.238068,2.000000,-0.001854
1779541553.573775,0,1,2.684358,0.200583,6.237045,2.000000,-0.001076
1779541553.583755,0,1,2.704332,0.199565,6.236193,2.000000,0.000162
1779541553.593964,0,1,2.724305,0.198515,6.235170,2.000000,0.000162
