time,ego_collision,done,x,y,theta,requested_speed,steering_angle
1779541788.375585,0,1,-0.222808,0.223877,0.058250,3.000000,-0.035264
1779541788.385576,0,1,-0.192858,0.225517,0.056944,3.000000,-0.035264
1779541788.395508,0,1,-0.162907,0.227141,0.055758,3.000000,-0.035264
1779541788.405583,0,1,-0.132952,0.228695,0.054062,3.000000,-0.038843
1779541788.415541,0,1,-0.102991,0.230131,0.051470,3.000000,-0.038843
1779541788.425086,0,1,-0.073025,0.231481,0.048547,3.000000,-0.041194
1779541788.435279,0,1,-0.043055,0.232717,0.045110,3.000000,-0.041194
1779541788.445696,0,1,-0.013081,0.233867,0.041606,3.000000,-0.041194
1779541788.455939,0,1,0.016898,0.234901,0.037771,3.000000,-0.039612
1779541788.465399,0,1,0.046879,0.235845,0.033998,3.000000,-0.039612
1779541788.475605,0,1,0.076865,0.236670,0.029981,3.000000,-0.039612
1779541788.485523,0,1,0.106853,0.237400,0.026086,3.000000,-0.039612
1779541788.495712,0,1,0.136843,0.238007,0.021988,3.000000,-0.039612
1779541788.505111,0,1,0.166836,0.238516,0.018041,3.000000,-0.039612
1779541788.515480,0,1,0.196831,0.238899,0.013910,3.000000,-0.039612
1779541788.525341,0,1,0.226827,0.239181,0.009942,3.000000,-0.039612
1779541788.535794,0,1,0.256824,0.239333,0.005799,3.000000,-0.039612
1779541788.546224,0,1,0.286822,0.239383,0.001823,3.000000,-0.039612
1779541788.555589,0,1,0.316819,0.239301,6.280863,3.000000,-0.039612
1779541788.565529,0,1,0.346817,0.239115,6.276886,3.000000,-0.039612
1779541788.575423,0,1,0.376813,0.238797,6.272741,3.000000,-0.039612
1779541788.585073,0,1,0.406808,0.238373,6.268765,3.000000,-0.039612
1779541788.595467,0,1,0.436801,0.237816,6.264621,3.000000,-0.039612
1779541788.605041,0,1,0.466792,0.237152,6.260648,3.000000,-0.039612
1779541788.615384,0,1,0.496780,0.236355,6.256505,3.000000,-0.039612
1779541788.625643,0,1,0.526764,0.235451,6.252533,3.000000,-0.039612
1779541788.635288,0,1,0.556745,0.234413,6.248391,3.000000,-0.039612
1779541788.645357,0,1,0.586721,0.233267,6.244420,3.000000,-0.039612
1779541788.655169,0,1,0.616693,0.231988,6.240280,3.000000,-0.039612
1779541788.665155,0,1,0.646659,0.230600,6.236310,3.000000,0.022759
1779541788.675524,0,1,0.676619,0.229078,6.232170,3.000000,0.022759
1779541788.685563,0,1,0.706575,0.227475,6.228509,3.000000,0.022759
1779541788.695539,0,1,0.736531,0.225861,6.226030,3.000000,0.070942
1779541788.705456,0,1,0.766488,0.224278,6.224914,3.000000,0.070942
1779541788.715483,0,1,0.796445,0.222692,6.224451,3.000000,0.070942
1779541788.725414,0,1,0.826353,0.221158,6.225051,2.946002,0.094830
1779541788.735702,0,1,0.856175,0.219752,6.227267,2.946002,0.094830
1779541788.745645,0,1,0.885879,0.218521,6.231182,2.892721,0.109944
1779541788.755601,0,1,0.915435,0.217429,6.235968,2.892721,0.109944
1779541788.765372,0,1,0.944875,0.216531,6.241948,2.892721,0.109944
1779541788.775897,0,1,0.974167,0.215877,6.249344,2.836801,0.113448
1779541788.785525,0,1,1.003286,0.215435,6.257404,2.836801,0.113448
1779541788.795892,0,1,1.032265,0.215235,6.266172,2.836801,0.113448
1779541788.805528,0,1,1.061152,0.215251,6.275049,2.862297,0.099698
1779541788.815813,0,1,1.089987,0.215516,0.001054,2.862297,0.099698
1779541788.825576,0,1,1.118779,0.216005,0.010147,2.862297,0.099698
1779541788.835567,0,1,1.147552,0.216751,0.019424,2.896908,0.062100
1779541788.845493,0,1,1.176327,0.217731,0.028511,2.896908,0.062100
1779541788.855708,0,1,1.205100,0.218974,0.037754,2.896908,0.062100
1779541788.865459,0,1,1.233877,0.220431,0.046505,2.922545,0.022073
1779541788.875357,0,1,1.262666,0.222032,0.054076,2.922545,0.022073
1779541788.885652,0,1,1.291469,0.223715,0.060003,2.922545,0.022073
1779541788.895764,0,1,1.320294,0.225441,0.064272,2.952790,-0.025592
1779541788.905534,0,1,1.349146,0.227249,0.067693,2.952790,-0.025592
1779541788.915717,0,1,1.378025,0.229088,0.069954,2.952790,-0.025592
1779541788.925946,0,1,1.406940,0.230915,0.070894,2.982007,-0.072715
1779541788.935886,0,1,1.435894,0.232759,0.071217,2.982007,-0.072715
1779541788.945548,0,1,1.464889,0.234567,0.070540,2.982007,-0.072715
1779541788.955206,0,1,1.493912,0.236265,0.068340,2.920169,-0.103501
1779541788.965331,0,1,1.522951,0.237807,0.064557,2.920169,-0.103501
1779541788.975246,0,1,1.552001,0.239224,0.059981,2.920169,-0.103501
1779541788.985252,0,1,1.581065,0.240461,0.054277,2.920169,-0.103501
1779541788.995297,0,1,1.610144,0.241471,0.047267,2.920169,-0.103501
1779541789.005697,0,1,1.639233,0.242280,0.039656,2.920169,-0.103501
1779541789.015640,0,1,1.668333,0.242858,0.031353,2.920169,-0.103501
1779541789.025591,0,1,1.697441,0.243228,0.022868,2.920169,-0.103501
1779541789.035595,0,1,1.726555,0.243358,0.013978,2.920169,-0.103501
1779541789.045732,0,1,1.755674,0.243269,0.005102,2.920169,-0.103501
1779541789.055599,0,1,1.784794,0.242930,6.279139,2.920169,-0.103501
1779541789.065035,0,1,1.813915,0.242363,6.270094,2.920169,-0.103501
1779541789.075596,0,1,1.843033,0.241536,6.260837,2.920169,-0.103501
1779541789.085162,0,1,1.872147,0.240474,6.251723,2.920169,-0.103501
1779541789.095047,0,1,1.901254,0.239146,6.242423,2.920169,-0.103501
1779541789.105866,0,1,1.930351,0.237576,6.233284,2.920169,-0.103501
1779541789.115088,0,1,1.959436,0.235736,6.223970,2.920169,-0.103501
1779541789.125380,0,1,1.988506,0.233651,6.214824,2.920169,-0.103501
1779541789.135553,0,1,2.017559,0.231291,6.205507,2.920169,-0.103501
1779541789.145480,0,1,2.046593,0.228684,6.196360,2.920169,-0.103501
1779541789.155666,0,1,2.075603,0.225801,6.187043,2.920169,-0.103501
1779541789.165495,0,1,2.104589,0.222668,6.177898,2.920169,-0.103501
1779541789.175725,0,1,2.133547,0.219259,6.168583,2.920169,-0.103501
1779541789.185854,0,1,2.162476,0.215598,6.159438,2.920169,-0.103501
1779541789.195715,0,1,2.191389,0.211658,6.150152,3.000000,0.032366
1779541789.205197,0,1,2.220306,0.207461,6.141070,3.000000,0.032366
1779541789.215211,0,1,2.249218,0.202982,6.131839,3.000000,0.032366
1779541789.225388,0,1,2.278114,0.198275,6.123070,2.936034,0.096332
1779541789.235545,0,1,2.306988,0.193413,6.115444,2.936034,0.096332
1779541789.245305,0,1,2.335851,0.188461,6.109450,2.936034,0.096332
1779541789.255718,0,1,2.364659,0.183496,6.105417,2.872033,0.160333
1779541789.265468,0,1,2.393378,0.178589,6.103594,2.872033,0.160333
1779541789.275430,0,1,2.422037,0.173799,6.104152,2.872033,0.160333
1779541789.285597,0,1,2.450607,0.169197,6.107240,2.816029,0.216337
1779541789.295599,0,1,2.479069,0.164856,6.112952,2.816029,0.216337
1779541789.306084,0,1,2.507457,0.160835,6.121289,2.816029,0.216337
1779541789.315589,0,1,2.535738,0.157206,6.132356,2.752124,0.247088
1779541789.325583,0,1,2.563882,0.154017,6.145859,2.752124,0.247088
1779541789.335391,0,1,2.591915,0.151226,6.160602,2.752124,0.247088
1779541789.345867,0,1,2.619812,0.148894,6.176844,2.696069,0.248170
1779541789.355896,0,1,2.647550,0.147073,6.194660,2.696069,0.248170
1779541789.365889,0,1,2.675155,0.145730,6.213097,2.696069,0.248170
1779541789.375997,0,1,2.702591,0.144897,6.232302,2.631833,0.200942
1779541789.385739,0,1,2.729822,0.144549,6.251709,2.631833,0.200942
1779541789.395684,0,1,2.756881,0.144716,6.271411,2.631833,0.200942
1779541789.405904,0,1,2.783731,0.145343,0.007521,2.567757,0.136866
1779541789.415756,0,1,2.810344,0.146383,0.025962,2.567757,0.136866
1779541789.425421,0,1,2.836753,0.147875,0.044010,2.567757,0.136866
1779541789.435817,0,1,2.862988,0.149768,0.061063,2.567757,0.136866
1779541789.445337,0,1,2.889105,0.151996,0.076462,2.595680,0.081018
1779541789.455712,0,1,2.915146,0.154524,0.090154,2.595680,0.081018
1779541789.465698,0,1,2.941112,0.157384,0.102996,2.595680,0.081018
1779541789.475686,0,1,2.967033,0.160526,0.114653,2.627657,0.017065
1779541789.485340,0,1,2.992934,0.163883,0.124680,2.627657,0.017065
1779541789.496043,0,1,3.018825,0.167384,0.132818,2.627657,0.017065
1779541789.505677,0,1,3.044711,0.170965,0.138897,2.627657,0.017065
1779541789.515580,0,1,3.070598,0.174589,0.143104,2.627657,0.017065
1779541789.525518,0,1,3.096482,0.178289,0.146370,2.627657,0.017065
1779541789.535673,0,1,3.122364,0.182041,0.148745,2.627657,0.017065
1779541789.545599,0,1,3.148240,0.185869,0.150821,2.627657,0.017065
1779541789.555738,0,1,3.174116,0.189744,0.152426,2.627657,0.017065
1779541789.565476,0,1,3.199986,0.193690,0.154007,2.627657,0.017065
1779541789.575746,0,1,3.225855,0.197675,0.155297,2.627657,0.017065
1779541789.585399,0,1,3.251720,0.201725,0.156679,2.627657,0.017065
1779541789.595533,0,1,3.277583,0.205808,0.157844,2.627657,0.017065
1779541789.605669,0,1,3.303442,0.209949,0.159151,2.627657,0.017065
1779541789.615752,0,1,3.329301,0.214118,0.160271,2.627657,0.017065
1779541789.625740,0,1,3.355154,0.218342,0.161551,2.627657,0.017065
1779541789.635659,0,1,3.381008,0.222590,0.162657,2.627657,0.017065
1779541789.645479,0,1,3.406857,0.226889,0.163931,2.627657,0.017065
1779541789.655757,0,1,3.432706,0.231211,0.165035,2.627657,0.017065
1779541789.665668,0,1,3.458549,0.235582,0.166310,2.627657,0.017065
1779541789.675757,0,1,3.484393,0.239974,0.167415,2.627657,0.017065
1779541789.685314,0,1,3.510231,0.244413,0.168692,2.627657,0.017065
1779541789.695421,0,1,3.536069,0.248872,0.169800,2.627657,0.017065
1779541789.705357,0,1,3.561901,0.253377,0.171079,2.627657,0.017065
1779541789.715502,0,1,3.587280,0.257821,0.172239,2.139899,-0.183967
1779541789.725825,0,1,3.611832,0.262169,0.173723,2.139899,-0.183967
1779541789.735959,0,1,3.635726,0.266382,0.174627,2.139899,-0.183967
1779541789.745591,0,1,3.659044,0.270399,0.174151,2.081200,-0.242666
1779541789.755635,0,1,3.681854,0.274170,0.171879,2.081200,-0.242666
1779541789.765748,0,1,3.704264,0.277664,0.167645,2.081200,-0.242666
1779541789.778110,0,1,3.726303,0.280837,0.161333,2.019846,-0.304020
1779541789.785594,0,1,3.747995,0.283646,0.152935,2.019846,-0.304020
1779541789.795625,0,1,3.769414,0.286061,0.142555,2.019846,-0.304020
1779541789.805538,0,1,3.790573,0.288041,0.130186,1.971659,-0.352207
1779541789.816205,0,1,3.811477,0.289548,0.115879,1.971659,-0.352207
1779541789.825703,0,1,3.832175,0.290549,0.099763,1.971659,-0.352207
1779541789.835893,0,1,3.852633,0.291008,0.081742,1.899707,-0.353636
1779541789.845562,0,1,3.872816,0.290891,0.061843,1.899707,-0.353636
1779541789.855676,0,1,3.892762,0.290197,0.040578,1.899707,-0.353636
1779541789.865992,0,1,3.912443,0.288998,0.018893,1.839417,-0.322129
1779541789.875653,0,1,3.931834,0.287297,6.279973,1.839417,-0.322129
1779541789.885746,0,1,3.950979,0.285171,6.258465,1.839417,-0.322129
1779541789.895521,0,1,3.969856,0.282686,6.237872,1.779779,-0.271320
1779541789.905288,0,1,3.988440,0.279822,6.217593,1.779779,-0.271320
1779541789.915731,0,1,4.006779,0.276637,6.198277,1.779779,-0.271320
1779541789.925677,0,1,4.024943,0.273195,6.180479,1.811814,-0.207499
1779541789.935732,0,1,4.042991,0.269521,6.164111,1.811814,-0.207499
1779541789.945393,0,1,4.060924,0.265581,6.148290,1.811814,-0.207499
1779541789.956166,0,1,4.078782,0.261414,6.133389,1.844071,-0.143565
1779541789.965608,0,1,4.096605,0.257079,6.119784,1.844071,-0.143565
1779541789.975482,0,1,4.114404,0.252628,6.107654,1.844071,-0.143565
1779541789.985622,0,1,4.132192,0.248111,6.097101,1.844071,-0.143565
1779541789.995936,0,1,4.149971,0.243545,6.087896,1.844071,-0.143565
1779541790.005709,0,1,4.167728,0.238881,6.079172,1.844071,-0.143565
1779541790.015730,0,1,4.185467,0.234129,6.070985,1.844071,-0.143565
1779541790.025521,0,1,4.203175,0.229252,6.062830,1.844071,-0.143565
1779541790.035637,0,1,4.220858,0.224270,6.054963,1.844071,-0.143565
1779541790.045650,0,1,4.238505,0.219151,6.046989,1.844071,-0.143565
1779541790.055263,0,1,4.256121,0.213918,6.039226,1.844071,-0.143565
1779541790.065680,0,1,4.273698,0.208541,6.031312,1.844071,-0.143565
1779541790.075260,0,1,4.291240,0.203046,6.023583,1.844071,-0.143565
1779541790.085625,0,1,4.308740,0.197404,6.015690,1.844071,-0.143565
1779541790.095856,0,1,4.326202,0.191642,6.007973,1.844071,-0.143565
1779541790.105449,0,1,4.343618,0.185733,6.000086,1.844071,-0.143565
1779541790.115254,0,1,4.360995,0.179702,5.992372,1.844071,-0.143565
1779541790.125644,0,1,4.378322,0.173523,5.984487,1.844071,-0.143565
1779541790.135714,0,1,4.395607,0.167223,5.976774,1.844071,-0.143565
1779541790.145824,0,1,4.412840,0.160775,5.968889,1.844071,-0.143565
1779541790.155394,0,1,4.430030,0.154206,5.961175,1.844071,-0.143565
1779541790.165508,0,1,4.447164,0.147491,5.953289,1.844071,-0.143565
1779541790.175364,0,1,4.464253,0.140654,5.945574,1.844071,-0.143565
1779541790.185422,0,1,4.481284,0.133671,5.937687,1.844071,-0.143565
1779541790.195943,0,1,4.498267,0.126568,5.929971,1.844071,-0.143565
1779541790.206505,0,1,4.515245,0.119297,5.922122,2.091800,0.170735
1779541790.215591,0,1,4.532278,0.111860,5.914470,2.091800,0.170735
1779541790.225146,0,1,4.549349,0.104236,5.906646,2.091800,0.170735
1779541790.235770,0,1,4.566460,0.096479,5.899231,2.027867,0.234669
1779541790.245552,0,1,4.583617,0.088653,5.892774,2.027867,0.234669
1779541790.255539,0,1,4.600842,0.080811,5.887599,2.027867,0.234669
1779541790.265122,0,1,4.618137,0.073003,5.883903,1.971632,0.270553
1779541790.275600,0,1,4.635508,0.065276,5.881809,1.971632,0.270553
1779541790.285744,0,1,4.652968,0.057670,5.881389,1.971632,0.270553
1779541790.295191,0,1,4.670516,0.050227,5.882700,1.907826,0.305533
1779541790.305109,0,1,4.688152,0.042990,5.885779,1.907826,0.305533
1779541790.315257,0,1,4.705885,0.035993,5.890634,1.907826,0.305533
1779541790.325758,0,1,4.723677,0.029294,5.897348,1.851460,0.334064
1779541790.335428,0,1,4.741495,0.022943,5.905931,1.851460,0.334064
1779541790.345352,0,1,4.759362,0.016966,5.916312,1.851460,0.334064
1779541790.355210,0,1,4.777237,0.011412,5.928562,1.787674,0.347915
1779541790.367488,0,1,4.795083,0.006325,5.942659,1.787674,0.347915
1779541790.375175,0,1,4.812928,0.001726,5.958470,1.787674,0.347915
1779541790.385092,0,1,4.830732,-0.002373,5.975735,1.731844,0.345764
1779541790.395517,0,1,4.848447,-0.006033,5.993457,1.731844,0.345764
1779541790.405706,0,1,4.866097,-0.009258,6.011575,1.731844,0.345764
1779541790.415208,0,1,4.883631,-0.012093,6.029617,1.667446,0.320917
1779541790.425345,0,1,4.901018,-0.014521,6.047838,1.667446,0.320917
1779541790.435742,0,1,4.918282,-0.016592,6.065714,1.667446,0.320917
1779541790.445205,0,1,4.935473,-0.018295,6.083533,1.691632,0.280848
1779541790.455591,0,1,4.952625,-0.019673,6.100948,1.691632,0.280848
1779541790.467033,0,1,4.969745,-0.020708,6.118380,1.691632,0.280848
1779541790.476099,0,1,4.986858,-0.021463,6.135202,1.723660,0.230433
1779541790.485569,0,1,5.003984,-0.022009,6.150924,1.723660,0.230433
1779541790.495352,0,1,5.021118,-0.022404,6.165321,1.723660,0.230433
1779541790.505822,0,1,5.038261,-0.022671,6.178552,1.723660,0.230433
1779541790.515585,0,1,5.055409,-0.022763,6.191429,1.723660,0.230433
1779541790.527464,0,1,5.072561,-0.022693,6.203850,1.723660,0.230433
1779541790.535547,0,1,5.089716,-0.022425,6.216294,1.723660,0.230433
1779541790.545794,0,1,5.106870,-0.021978,6.228482,1.723660,0.230433
1779541790.555539,0,1,5.124022,-0.021321,6.240799,1.723660,0.230433
1779541790.565593,0,1,5.141169,-0.020478,6.252919,1.723660,0.230433
1779541790.575367,0,1,5.158307,-0.019419,6.265200,1.723660,0.230433
1779541790.585093,0,1,5.175435,-0.018169,6.277300,1.723660,0.230433
1779541790.595564,0,1,5.192549,-0.016701,0.006385,1.723660,0.230433
1779541790.605499,0,1,5.209648,-0.015040,0.018481,1.723660,0.230433
1779541790.615835,0,1,5.226728,-0.013160,0.030750,1.723660,0.230433
1779541790.625615,0,1,5.243787,-0.011086,0.042846,1.723660,0.230433
1779541790.635652,0,1,5.260821,-0.008793,0.055117,1.723660,0.230433
1779541790.645121,0,1,5.277830,-0.006305,0.067215,1.723660,0.230433
1779541790.655546,0,1,5.294807,-0.003598,0.079489,1.723660,0.230433
1779541790.665762,0,1,5.311755,-0.000698,0.091590,1.723660,0.230433
1779541790.675465,0,1,5.328666,0.002422,0.103866,1.723660,0.230433
1779541790.685752,0,1,5.345589,0.005744,0.115929,1.929110,-0.066783
1779541790.695654,0,1,5.362565,0.009303,0.128128,1.929110,-0.066783
1779541790.705810,0,1,5.379599,0.013050,0.139904,1.949054,-0.089544
1779541790.715625,0,1,5.396704,0.016924,0.150755,1.949054,-0.089544
1779541790.725532,0,1,5.413892,0.020877,0.160400,1.968934,-0.121235
1779541790.735794,0,1,5.431172,0.024864,0.168677,1.968934,-0.121235
1779541790.745624,0,1,5.448554,0.028847,0.175487,1.989147,-0.153896
1779541790.756078,0,1,5.466045,0.032789,0.180768,1.989147,-0.153896
1779541790.765938,0,1,5.483653,0.036656,0.184475,2.009114,-0.185989
1779541790.775661,0,1,5.501385,0.040414,0.186573,2.009114,-0.185989
1779541790.785568,0,1,5.519232,0.044028,0.187026,1.968725,-0.215038
1779541790.795760,0,1,5.537187,0.047461,0.185802,1.968725,-0.215038
1779541790.805832,0,1,5.555239,0.050677,0.182873,1.924212,-0.235442
1779541790.815975,0,1,5.573378,0.053642,0.178219,1.924212,-0.235442
1779541790.825538,0,1,5.591591,0.056319,0.171819,1.876049,-0.249979
1779541790.835917,0,1,5.609865,0.058674,0.163663,1.876049,-0.249979
1779541790.845126,0,1,5.628183,0.060671,0.153732,1.836113,-0.258156
1779541790.855334,0,1,5.646525,0.062302,0.142318,1.836113,-0.258156
1779541790.865540,0,1,5.664881,0.063625,0.130350,1.836113,-0.258156
1779541790.875392,0,1,5.683213,0.064608,0.117455,1.796042,-0.258512
1779541790.885536,0,1,5.701484,0.065226,0.103547,1.796042,-0.258512
1779541790.895834,0,1,5.719718,0.065531,0.089423,1.811974,-0.246322
1779541790.905510,0,1,5.737932,0.065513,0.074943,1.811974,-0.246322
1779541790.915689,0,1,5.756136,0.065236,0.060848,1.832133,-0.231128
1779541790.925394,0,1,5.774342,0.064748,0.047447,1.832133,-0.231128
1779541790.935763,0,1,5.792551,0.064018,0.034161,1.856006,-0.209568
1779541790.945820,0,1,5.810765,0.063069,0.021203,1.856006,-0.209568
1779541790.955694,0,1,5.828980,0.061874,0.008153,1.856006,-0.209568
1779541790.965989,0,1,5.847203,0.060483,6.278790,1.883910,-0.174376
1779541790.975613,0,1,5.865440,0.058935,6.266985,1.883910,-0.174376
1779541790.985753,0,1,5.883685,0.057192,6.255320,1.883910,-0.174376
1779541790.995420,0,1,5.901939,0.055298,6.244276,1.883910,-0.174376
1779541791.005102,0,1,5.920204,0.053289,6.234044,1.883910,-0.174376
1779541791.015551,0,1,5.938474,0.051123,6.223993,1.883910,-0.174376
1779541791.026234,0,1,5.956747,0.048819,6.214304,1.883910,-0.174376
1779541791.035611,0,1,5.975019,0.046342,6.204548,1.883910,-0.174376
1779541791.045336,0,1,5.993288,0.043715,6.195018,1.883910,-0.174376
1779541791.055768,0,1,6.011550,0.040908,6.185345,1.883910,-0.174376
1779541791.065666,0,1,6.029804,0.037945,6.175855,1.883910,-0.174376
1779541791.075923,0,1,6.048043,0.034798,6.166197,1.883910,-0.174376
1779541791.085110,0,1,6.066271,0.031492,6.156710,1.883910,-0.174376
1779541791.095418,0,1,6.084479,0.027999,6.147047,1.883910,-0.174376
1779541791.105106,0,1,6.102670,0.024346,6.137550,1.883910,-0.174376
1779541791.115639,0,1,6.120836,0.020505,6.127876,1.883910,-0.174376
1779541791.125608,0,1,6.139016,0.016494,6.118394,2.035920,-0.001603
1779541791.136331,0,1,6.157234,0.012281,6.108763,2.035920,-0.001603
1779541791.145386,0,1,6.175503,0.007914,6.099570,2.056001,0.009539
1779541791.155550,0,1,6.193836,0.003453,6.091351,2.056001,0.009539
1779541791.165229,0,1,6.212249,-0.001050,6.084415,2.088012,0.046254
1779541791.175834,0,1,6.230758,-0.005550,6.078942,2.088012,0.046254
1779541791.185502,0,1,6.249372,-0.010003,6.075043,2.107940,0.072062
1779541791.195282,0,1,6.268101,-0.014370,6.072788,2.107940,0.072062
1779541791.205563,0,1,6.286949,-0.018611,6.072229,2.107940,0.072062
1779541791.215572,0,1,6.305924,-0.022689,6.073399,2.131885,0.107507
1779541791.225656,0,1,6.325030,-0.026590,6.076045,2.131885,0.107507
1779541791.235529,0,1,6.344254,-0.030366,6.079297,2.155966,0.125526
1779541791.245608,0,1,6.363604,-0.033986,6.083456,2.155966,0.125526
1779541791.255265,0,1,6.383077,-0.037422,6.088633,2.155966,0.125526
1779541791.265627,0,1,6.402668,-0.040717,6.094155,2.181356,0.138433
1779541791.275533,0,1,6.422377,-0.043856,6.100156,2.181356,0.138433
1779541791.285460,0,1,6.442195,-0.046873,6.106195,2.181356,0.138433
1779541791.295201,0,1,6.462130,-0.049722,6.112811,2.211947,0.137230
1779541791.305320,0,1,6.482188,-0.052367,6.120254,2.211947,0.137230
1779541791.315670,0,1,6.502359,-0.054843,6.127942,2.211947,0.137230
1779541791.325438,0,1,6.522644,-0.057130,6.136051,2.241359,0.128772
1779541791.335541,0,1,6.543042,-0.059258,6.144162,2.241359,0.128772
1779541791.345423,0,1,6.563550,-0.061204,6.152556,2.241359,0.128772
1779541791.355174,0,1,6.584166,-0.062993,6.160870,2.271888,0.114170
1779541791.365503,0,1,6.604893,-0.064600,6.169412,2.271888,0.114170
1779541791.375716,0,1,6.625722,-0.066074,6.177563,2.271888,0.114170
1779541791.385240,0,1,6.646652,-0.067456,6.185014,2.301356,0.093475
1779541791.395703,0,1,6.667687,-0.068711,6.192321,2.301356,0.093475
1779541791.405200,0,1,6.688820,-0.069883,6.199007,2.301356,0.093475
1779541791.415405,0,1,6.710050,-0.071007,6.204848,2.331898,0.068155
1779541791.425285,0,1,6.731383,-0.072048,6.210451,2.331898,0.068155
1779541791.435573,0,1,6.752812,-0.073022,6.215654,2.331898,0.068155
1779541791.445292,0,1,6.774341,-0.073897,6.220884,2.361564,0.043363
1779541791.455659,0,1,6.795972,-0.074696,6.225872,2.361564,0.043363
1779541791.465248,0,1,6.817700,-0.075389,6.230986,2.361564,0.043363
1779541791.476017,0,1,6.839526,-0.076022,6.235633,2.391872,0.021899
1779541791.486084,0,1,6.861452,-0.076636,6.239517,2.391872,0.021899
1779541791.495541,0,1,6.883474,-0.077195,6.243204,2.391872,0.021899
1779541791.505878,0,1,6.905586,-0.077744,6.246223,2.391872,0.021899
1779541791.515529,0,1,6.927783,-0.078318,6.248348,2.391872,0.021899
1779541791.525391,0,1,6.950061,-0.078883,6.250190,2.391872,0.021899
1779541791.535130,0,1,6.972418,-0.079456,6.251591,2.391872,0.021899
1779541791.545688,0,1,6.994848,-0.080007,6.252988,2.391872,0.021899
1779541791.555431,0,1,7.017349,-0.080559,6.254115,2.391872,0.021899
1779541791.566543,0,1,7.039918,-0.081082,6.255344,2.391872,0.021899
1779541791.575627,0,1,7.062551,-0.081602,6.256367,2.391872,0.021899
1779541791.585443,0,1,7.085246,-0.082090,6.257534,2.391872,0.021899
1779541791.595592,0,1,7.107998,-0.082572,6.258519,2.391872,0.021899
1779541791.605110,0,1,7.130807,-0.083021,6.259664,2.391872,0.021899
1779541791.616016,0,1,7.153668,-0.083462,6.260638,2.391872,0.021899
1779541791.625185,0,1,7.176580,-0.083868,6.261777,2.391872,0.021899
1779541791.635484,0,1,7.199540,-0.084266,6.262748,2.391872,0.021899
1779541791.645193,0,1,7.222546,-0.084628,6.263887,2.391872,0.021899
1779541791.655166,0,1,7.245595,-0.084981,6.264860,2.391872,0.021899
1779541791.665549,0,1,7.268686,-0.085297,6.266002,2.391872,0.021899
1779541791.675663,0,1,7.291817,-0.085604,6.266978,2.391872,0.021899
1779541791.685318,0,1,7.314985,-0.085874,6.268124,2.391872,0.021899
1779541791.695866,0,1,7.338189,-0.086134,6.269103,2.391872,0.021899
1779541791.705475,0,1,7.361427,-0.086357,6.270252,2.391872,0.021899
1779541791.715649,0,1,7.384755,-0.086569,6.271231,2.631890,-0.035576
1779541791.725149,0,1,7.408225,-0.086746,6.272364,2.631890,-0.035576
1779541791.735337,0,1,7.431831,-0.086936,6.273053,2.631890,-0.035576
1779541791.745132,0,1,7.455572,-0.087206,6.272694,2.661822,-0.080657
1779541791.755204,0,1,7.479448,-0.087592,6.271180,2.661822,-0.080657
1779541791.765702,0,1,7.503459,-0.088060,6.269188,2.687888,-0.087786
1779541791.775691,0,1,7.527603,-0.088654,6.266339,2.687888,-0.087786
1779541791.785809,0,1,7.551873,-0.089412,6.262443,2.687888,-0.087786
1779541791.795640,0,1,7.576268,-0.090303,6.258131,2.715909,-0.092788
1779541791.806618,0,1,7.600788,-0.091347,6.253280,2.715909,-0.092788
1779541791.815510,0,1,7.625427,-0.092517,6.248335,2.715909,-0.092788
1779541791.825754,0,1,7.650183,-0.093839,6.243056,2.743890,-0.086472
1779541791.835189,0,1,7.675059,-0.095287,6.237819,2.743890,-0.086472
1779541791.845374,0,1,7.700045,-0.096888,6.232332,2.743890,-0.086472
1779541791.855144,0,1,7.725144,-0.098617,6.226943,2.772652,-0.068627
1779541791.865457,0,1,7.750355,-0.100502,6.221343,2.772652,-0.068627
1779541791.875578,0,1,7.775672,-0.102517,6.215863,2.772652,-0.068627
1779541791.885694,0,1,7.801093,-0.104691,6.210186,2.800953,-0.046158
1779541791.895730,0,1,7.826622,-0.107000,6.204642,2.800953,-0.046158
1779541791.906680,0,1,7.852250,-0.109470,6.198906,2.800953,-0.046158
1779541791.915720,0,1,7.877981,-0.112054,6.193595,2.831898,-0.019829
1779541791.925251,0,1,7.903823,-0.114711,6.189059,2.831898,-0.019829
1779541791.935531,0,1,7.929766,-0.117472,6.184759,2.831898,-0.019829
1779541791.945301,0,1,7.955816,-0.120292,6.181167,2.861564,0.007803
1779541791.955396,0,1,7.981980,-0.123130,6.178543,2.861564,0.007803
1779541791.965210,0,1,8.008248,-0.126020,6.176287,2.861564,0.007803
1779541791.975624,0,1,8.034626,-0.128915,6.174831,2.888158,0.027388
1779541791.985454,0,1,8.061121,-0.131773,6.174410,2.888158,0.027388
1779541791.995470,0,1,8.087723,-0.134627,6.174407,2.888158,0.027388
1779541792.005594,0,1,8.114429,-0.137453,6.174952,2.888158,0.027388
1779541792.015683,0,1,8.141233,-0.140277,6.175590,2.888158,0.027388
1779541792.025508,0,1,8.168132,-0.143073,6.176562,2.888158,0.027388
1779541792.036258,0,1,8.195119,-0.145866,6.177484,2.888158,0.027388
1779541792.045118,0,1,8.222192,-0.148630,6.178646,2.888158,0.027388
1779541792.055652,0,1,8.249346,-0.151388,6.179694,2.888158,0.027388
1779541792.065641,0,1,8.276580,-0.154113,6.180941,2.888158,0.027388
1779541792.075222,0,1,8.303886,-0.156831,6.182046,2.888158,0.027388
1779541792.085192,0,1,8.331264,-0.159513,6.183332,2.888158,0.027388
1779541792.095166,0,1,8.358709,-0.162185,6.184464,2.888158,0.027388
1779541792.105839,0,1,8.386220,-0.164819,6.185770,2.888158,0.027388
1779541792.115180,0,1,8.413792,-0.167442,6.186916,2.888158,0.027388
1779541792.125026,0,1,8.441424,-0.170025,6.188233,2.888158,0.027388
1779541792.135538,0,1,8.469111,-0.172594,6.189388,2.888158,0.027388
1779541792.145278,0,1,8.496854,-0.175123,6.190712,2.888158,0.027388
1779541792.155556,0,1,8.524646,-0.177636,6.191873,2.888158,0.027388
1779541792.165470,0,1,8.552489,-0.180108,6.193203,2.888158,0.027388
1779541792.175172,0,1,8.580378,-0.182563,6.194369,2.888158,0.027388
1779541792.185472,0,1,8.608313,-0.184975,6.195705,2.888158,0.027388
1779541792.195155,0,1,8.636289,-0.187370,6.196875,2.888158,0.027388
1779541792.205072,0,1,8.664334,-0.189723,6.198210,3.000000,0.040800
1779541792.215732,0,1,8.692469,-0.192063,6.199376,3.000000,0.040800
1779541792.225347,0,1,8.720693,-0.194337,6.201000,3.000000,0.040800
1779541792.235497,0,1,8.749006,-0.196500,6.203458,3.000000,0.088531
1779541792.245111,0,1,8.777402,-0.198584,6.206212,3.000000,0.088531
1779541792.255796,0,1,8.805880,-0.200537,6.209743,3.000000,0.089059
1779541792.265491,0,1,8.834439,-0.202316,6.214331,3.000000,0.089059
1779541792.275482,0,1,8.863072,-0.203949,6.219365,3.000000,0.089059
1779541792.285103,0,1,8.891778,-0.205412,6.224985,3.000000,0.087862
1779541792.296050,0,1,8.920550,-0.206730,6.230729,3.000000,0.087862
1779541792.305253,0,1,8.949387,-0.207873,6.236839,3.000000,0.087862
1779541792.315096,0,1,8.978283,-0.208867,6.242922,3.000000,0.076619
1779541792.325655,0,1,9.007237,-0.209680,6.249269,3.000000,0.076619
1779541792.335441,0,1,9.036244,-0.210338,6.255518,3.000000,0.076619
1779541792.345571,0,1,9.065302,-0.210811,6.261984,3.000000,0.056531
1779541792.355442,0,1,9.094406,-0.211123,6.268320,3.000000,0.056531
1779541792.365546,0,1,9.123554,-0.211245,6.274851,3.000000,0.056531
1779541792.375635,0,1,9.152743,-0.211227,6.280934,3.000000,0.040801
1779541792.385388,0,1,9.181971,-0.211112,0.002995,3.000000,0.040801
1779541792.395489,0,1,9.211234,-0.210868,0.007951,3.000000,0.040801
1779541792.405410,0,1,9.240531,-0.210517,0.012427,3.000000,0.013032
1779541792.415727,0,1,9.269860,-0.210031,0.016860,3.000000,0.013032
1779541792.425485,0,1,9.299219,-0.209461,0.020680,3.000000,0.013032
1779541792.435410,0,1,9.328607,-0.208853,0.023547,3.000000,-0.015779
1779541792.445555,0,1,9.358022,-0.208176,0.026044,3.000000,-0.015779
1779541792.455348,0,1,9.387465,-0.207480,0.027703,3.000000,-0.039711
1779541792.465854,0,1,9.416934,-0.206811,0.028251,3.000000,-0.039711
1779541792.475587,0,1,9.446428,-0.206138,0.028322,3.000000,-0.039711
1779541792.485442,0,1,9.475947,-0.205514,0.027480,3.000000,-0.039711
1779541792.495246,0,1,9.505490,-0.204985,0.025474,3.000000,-0.039711
1779541792.505408,0,1,9.535056,-0.204522,0.022956,3.000000,-0.039711
1779541792.515558,0,1,9.564644,-0.204153,0.019803,3.000000,-0.039711
1779541792.525317,0,1,9.594252,-0.203854,0.016501,3.000000,-0.039711
1779541792.535324,0,1,9.623879,-0.203654,0.012816,3.000000,-0.039711
1779541792.545728,0,1,9.653525,-0.203531,0.009155,3.000000,-0.039711
1779541792.555108,0,1,9.683187,-0.203515,0.005229,3.000000,-0.039711
1779541792.565382,0,1,9.712866,-0.203583,0.001407,3.000000,-0.039711
1779541792.575128,0,1,9.742559,-0.203764,6.280560,3.000000,-0.039711
1779541792.585307,0,1,9.772266,-0.204035,6.276668,3.000000,-0.039711
1779541792.595623,0,1,9.801986,-0.204426,6.272590,3.000000,-0.039711
1779541792.605623,0,1,9.831718,-0.204910,6.268670,3.000000,-0.039711
1779541792.615147,0,1,9.861460,-0.205518,6.264574,3.000000,-0.039711
1779541792.625617,0,1,9.891211,-0.206224,6.260643,3.000000,-0.039711
1779541792.635006,0,1,9.920971,-0.207056,6.256540,3.000000,-0.039711
1779541792.645239,0,1,9.950739,-0.207989,6.252604,3.000000,-0.039711
1779541792.655612,0,1,9.980513,-0.209050,6.248498,3.000000,-0.039711
1779541792.665373,0,1,10.010293,-0.210213,6.244561,3.000000,-0.039711
1779541792.675353,0,1,10.040076,-0.211506,6.240454,3.000000,-0.039711
1779541792.685370,0,1,10.069865,-0.212903,6.236516,3.000000,-0.039711
1779541792.695272,0,1,10.099655,-0.214430,6.232408,3.000000,-0.039711
1779541792.705299,0,1,10.129448,-0.216063,6.228469,3.000000,-0.039711
1779541792.715242,0,1,10.159241,-0.217827,6.224359,3.000000,0.022444
1779541792.724988,0,1,10.189035,-0.219696,6.220419,3.000000,0.022444
1779541792.735566,0,1,10.218827,-0.221697,6.216308,3.000000,0.022444
1779541792.745787,0,1,10.248621,-0.223779,6.212673,3.000000,0.062394
1779541792.755277,0,1,10.278420,-0.225869,6.210215,3.000000,0.062394
1779541792.765297,0,1,10.308230,-0.227902,6.209420,3.000000,0.062394
1779541792.775357,0,1,10.338051,-0.229838,6.210315,3.000000,0.080932
1779541792.785619,0,1,10.367882,-0.231712,6.212089,3.000000,0.080932
1779541792.795521,0,1,10.397726,-0.233473,6.215060,3.000000,0.080932
1779541792.805042,0,1,10.427528,-0.235067,6.219439,2.933855,0.113092
1779541792.815596,0,1,10.457240,-0.236522,6.224516,2.933855,0.113092
1779541792.825938,0,1,10.486884,-0.237783,6.230665,2.933855,0.113092
1779541792.836027,0,1,10.516422,-0.238798,6.238148,2.879907,0.123210
1779541792.845323,0,1,10.545823,-0.239596,6.246258,2.879907,0.123210
1779541792.855309,0,1,10.575114,-0.240147,6.255056,2.879907,0.123210
1779541792.865404,0,1,10.604249,-0.240477,6.264061,2.813245,0.111921
1779541792.875765,0,1,10.633196,-0.240551,6.273528,2.813245,0.111921
1779541792.885548,0,1,10.661987,-0.240395,6.282940,2.813245,0.111921
1779541792.895764,0,1,10.690679,-0.239977,0.009343,2.843835,0.088792
1779541792.905233,0,1,10.719318,-0.239320,0.018692,2.843835,0.088792
1779541792.915548,0,1,10.747909,-0.238395,0.028151,2.843835,0.088792
1779541792.925037,0,1,10.776479,-0.237251,0.037053,2.873507,0.053840
1779541792.935256,0,1,10.805048,-0.235932,0.045015,2.873507,0.053840
1779541792.945217,0,1,10.833613,-0.234405,0.052623,2.873507,0.053840
1779541792.955888,0,1,10.862183,-0.232721,0.059398,2.903781,0.015085
1779541792.965638,0,1,10.890765,-0.230921,0.065068,2.903781,0.015085
1779541792.975527,0,1,10.919357,-0.228976,0.070274,2.903781,0.015085
1779541792.985689,0,1,10.947961,-0.226936,0.074580,2.903781,0.015085
1779541792.995215,0,1,10.976578,-0.224847,0.077742,2.903781,0.015085
1779541793.005531,0,1,11.005205,-0.222678,0.080414,2.903781,0.015085
1779541793.015476,0,1,11.033845,-0.220455,0.082472,2.903781,0.015085
1779541793.025554,0,1,11.062492,-0.218155,0.084400,2.903781,0.015085
1779541793.035893,0,1,11.091151,-0.215805,0.085960,2.903781,0.015085
1779541793.045341,0,1,11.119816,-0.213382,0.087558,2.903781,0.015085
1779541793.055863,0,1,11.148491,-0.210915,0.088900,2.903781,0.015085
1779541793.065387,0,1,11.177172,-0.208380,0.090355,2.903781,0.015085
1779541793.075138,0,1,11.205861,-0.205806,0.091607,2.903781,0.015085
1779541793.085425,0,1,11.234556,-0.203170,0.093005,2.903781,0.015085
1779541793.095217,0,1,11.263258,-0.200499,0.094222,2.903781,0.015085
1779541793.104975,0,1,11.291965,-0.197768,0.095601,2.903781,0.015085
1779541793.115560,0,1,11.320678,-0.195006,0.096807,2.903781,0.015085
1779541793.125302,0,1,11.349395,-0.192187,0.098182,2.903781,0.015085
1779541793.135574,0,1,11.378118,-0.189339,0.099387,2.903781,0.015085
1779541793.145320,0,1,11.406843,-0.186435,0.100763,2.903781,0.015085
1779541793.155549,0,1,11.435574,-0.183504,0.101970,2.903781,0.015085
1779541793.165010,0,1,11.464306,-0.180519,0.103349,2.903781,0.015085
1779541793.175360,0,1,11.493044,-0.177507,0.104560,2.903781,0.015085
1779541793.185553,0,1,11.521782,-0.174441,0.105942,2.903781,0.015085
1779541793.195327,0,1,11.550547,-0.171347,0.107153,3.000000,-0.048309
1779541793.205762,0,1,11.579356,-0.168197,0.108525,3.000000,-0.048309
1779541793.215347,0,1,11.608214,-0.165041,0.109428,3.000000,-0.048309
1779541793.225363,0,1,11.637112,-0.161952,0.109172,2.941547,-0.106762
1779541793.235216,0,1,11.666038,-0.158973,0.107584,2.941547,-0.106762
1779541793.245074,0,1,11.694987,-0.156070,0.105369,2.941547,-0.106762
1779541793.255322,0,1,11.723937,-0.153298,0.102115,2.887958,-0.143659
1779541793.265164,0,1,11.752866,-0.150730,0.097283,2.887958,-0.143659
1779541793.274987,0,1,11.781734,-0.148440,0.090451,2.832016,-0.148837
1779541793.285719,0,1,11.810504,-0.146473,0.081667,2.832016,-0.148837
1779541793.295403,0,1,11.839193,-0.144790,0.071900,2.832016,-0.148837
1779541793.305273,0,1,11.867772,-0.143418,0.061135,2.781602,-0.143233
1779541793.315435,0,1,11.896211,-0.142332,0.049990,2.781602,-0.143233
1779541793.325668,0,1,11.924538,-0.141563,0.038345,2.781602,-0.143233
1779541793.335744,0,1,11.952752,-0.141086,0.026682,2.760507,-0.107907
1779541793.345426,0,1,11.980853,-0.140933,0.014732,2.760507,-0.107907
1779541793.355471,0,1,12.008860,-0.141051,0.003254,2.760507,-0.107907
1779541793.365376,0,1,12.036816,-0.141400,6.275903,2.789799,-0.057896
1779541793.375346,0,1,12.064757,-0.142016,6.265758,2.789799,-0.057896
1779541793.385042,0,1,12.092682,-0.142849,6.256473,2.789799,-0.057896
1779541793.395187,0,1,12.120605,-0.143830,6.248621,2.820491,0.001949
1779541793.405099,0,1,12.148536,-0.144923,6.242273,2.820491,0.001949
1779541793.415307,0,1,12.176473,-0.146160,6.236652,2.820491,0.001949
1779541793.425108,0,1,12.204424,-0.147491,6.232107,2.849684,0.059161
1779541793.435583,0,1,12.232399,-0.148848,6.229119,2.849684,0.059161
1779541793.445234,0,1,12.260405,-0.150164,6.228009,2.876478,0.093325
1779541793.455452,0,1,12.288449,-0.151399,6.228690,2.876478,0.093325
1779541793.465363,0,1,12.316529,-0.152586,6.230297,2.876478,0.093325
1779541793.475569,0,1,12.344631,-0.153672,6.233115,2.819903,0.132302
1779541793.485122,0,1,12.372741,-0.154608,6.237285,2.819903,0.132302
1779541793.495814,0,1,12.400859,-0.155423,6.242079,2.819903,0.132302
1779541793.504950,0,1,12.428985,-0.156062,6.247879,2.819903,0.132302
1779541793.515495,0,1,12.457118,-0.156452,6.255194,2.819903,0.132302
1779541793.525008,0,1,12.485257,-0.156548,6.264064,2.819903,0.132302
1779541793.535495,0,1,12.513398,-0.156380,6.273693,2.819903,0.132302
1779541793.545341,0,1,12.541539,-0.155920,0.000931,2.819903,0.132302
1779541793.555425,0,1,12.569676,-0.155193,0.011598,2.819903,0.132302
1779541793.565483,0,1,12.597807,-0.154167,0.022711,2.819903,0.132302
1779541793.575451,0,1,12.625929,-0.152864,0.033835,2.819903,0.132302
1779541793.585785,0,1,12.654037,-0.151253,0.045248,2.819903,0.132302
1779541793.595376,0,1,12.682129,-0.149357,0.056566,2.819903,0.132302
1779541793.605219,0,1,12.710201,-0.147146,0.068103,2.819903,0.132302
1779541793.615239,0,1,12.738249,-0.144642,0.079500,2.819903,0.132302
1779541793.625137,0,1,12.766269,-0.141817,0.091085,2.819903,0.132302
1779541793.635194,0,1,12.794260,-0.138696,0.102511,2.819903,0.132302
1779541793.645236,0,1,12.822214,-0.135249,0.114113,2.819903,0.132302
1779541793.655190,0,1,12.850130,-0.131502,0.125548,2.819903,0.132302
1779541793.665185,0,1,12.878003,-0.127428,0.137153,2.819903,0.132302
1779541793.675038,0,1,12.905831,-0.123052,0.148589,2.819903,0.132302
1779541793.685106,0,1,12.933606,-0.118347,0.160194,2.819903,0.132302
1779541793.695409,0,1,12.961330,-0.113339,0.171629,2.819903,0.132302
1779541793.705259,0,1,12.989037,-0.107995,0.183160,3.000000,-0.018391
1779541793.715200,0,1,13.016766,-0.102333,0.194429,3.000000,-0.018391
1779541793.725358,0,1,13.044506,-0.096327,0.205815,3.000000,-0.018391
1779541793.735412,0,1,13.072259,-0.090030,0.216724,3.000000,-0.074592
1779541793.744983,0,1,13.100036,-0.083508,0.226504,3.000000,-0.074592
1779541793.755287,0,1,13.127847,-0.076826,0.234706,3.000000,-0.074592
1779541793.765262,0,1,13.155689,-0.070049,0.241024,2.941946,-0.132646
1779541793.775382,0,1,13.183562,-0.063242,0.245238,2.941946,-0.132646
1779541793.785343,0,1,13.211465,-0.056469,0.247186,2.888016,-0.186576
1779541793.795258,0,1,13.239400,-0.049796,0.246751,2.888016,-0.186576
1779541793.805531,0,1,13.267381,-0.043285,0.243856,2.888016,-0.186576
1779541793.815148,0,1,13.295380,-0.037011,0.238394,2.831958,-0.242634
1779541793.825216,0,1,13.323374,-0.031051,0.230300,2.831958,-0.242634
1779541793.835368,0,1,13.351387,-0.025465,0.219586,2.831958,-0.242634
1779541793.845629,0,1,13.379382,-0.020334,0.206140,2.773398,-0.258837
1779541793.855385,0,1,13.407325,-0.015706,0.190244,2.773398,-0.258837
1779541793.865015,0,1,13.435228,-0.011545,0.173082,2.773398,-0.258837
1779541793.875469,0,1,13.463061,-0.007912,0.154388,2.719852,-0.244979
1779541793.885716,0,1,13.490798,-0.004864,0.134088,2.719852,-0.244979
1779541793.895205,0,1,13.518452,-0.002340,0.113456,2.719852,-0.244979
1779541793.905527,0,1,13.545982,-0.000300,0.093122,2.661544,-0.186670
1779541793.915268,0,1,13.573357,0.001216,0.072679,2.661544,-0.186670
1779541793.925143,0,1,13.600602,0.002257,0.052920,2.661544,-0.186670
1779541793.935100,0,1,13.627677,0.002893,0.034478,2.599859,-0.124985
1779541793.945039,0,1,13.654552,0.003161,0.017482,2.599859,-0.124985
1779541793.955222,0,1,13.681261,0.003019,0.001250,2.599859,-0.124985
1779541793.965387,0,1,13.707858,0.002516,6.269468,2.628874,-0.066955
1779541793.975169,0,1,13.734388,0.001719,6.256288,2.628874,-0.066955
1779541793.985067,0,1,13.760863,0.000698,6.245155,2.628874,-0.066955
1779541793.995223,0,1,13.787290,-0.000509,6.235919,2.628874,-0.066955
1779541794.005221,0,1,13.813675,-0.001935,6.227652,2.628874,-0.066955
1779541794.015686,0,1,13.840023,-0.003553,6.220312,2.628874,-0.066955
1779541794.025171,0,1,13.866336,-0.005388,6.213297,2.628874,-0.066955
1779541794.035202,0,1,13.892619,-0.007407,6.206781,2.628874,-0.066955
1779541794.045124,0,1,13.918871,-0.009633,6.200306,2.628874,-0.066955
1779541794.055470,0,1,13.945097,-0.012034,6.194142,2.628874,-0.066955
1779541794.065409,0,1,13.971295,-0.014632,6.187897,2.628874,-0.066955
1779541794.075658,0,1,13.997469,-0.017395,6.181881,2.628874,-0.066955
1779541794.085292,0,1,14.023617,-0.020347,6.175730,2.628874,-0.066955
1779541794.095678,0,1,14.049741,-0.023458,6.169773,2.628874,-0.066955
1779541794.105518,0,1,14.075839,-0.026752,6.163659,2.628874,-0.066955
1779541794.115616,0,1,14.101914,-0.030199,6.157723,2.628874,-0.066955
1779541794.125602,0,1,14.127962,-0.033825,6.151622,2.628874,-0.066955
1779541794.135296,0,1,14.153987,-0.037602,6.145694,2.628874,-0.066955
1779541794.145570,0,1,14.179645,-0.041502,6.139291,2.267932,0.234243
1779541794.155352,0,1,14.204665,-0.045449,6.132765,2.267932,0.234243
1779541794.165162,0,1,14.229122,-0.049485,6.125915,2.228100,0.274075
1779541794.175310,0,1,14.253090,-0.053556,6.119660,2.228100,0.274075
1779541794.185259,0,1,14.276634,-0.057595,6.114806,2.188845,0.313330
1779541794.195497,0,1,14.299806,-0.061549,6.111801,2.188845,0.313330
1779541794.205080,0,1,14.322651,-0.065366,6.110882,2.148665,0.353510
1779541794.215170,0,1,14.345203,-0.068997,6.112145,2.148665,0.353510
1779541794.225253,0,1,14.367487,-0.072395,6.115633,2.103126,0.360000
1779541794.235710,0,1,14.389522,-0.075510,6.121325,2.103126,0.360000
1779541794.245373,0,1,14.411333,-0.078299,6.129188,2.068363,0.360000
1779541794.255464,0,1,14.432938,-0.080716,6.139160,2.068363,0.360000
1779541794.265305,0,1,14.454346,-0.082717,6.151210,2.029032,0.360000
1779541794.275872,0,1,14.475561,-0.084259,6.165277,2.029032,0.360000
1779541794.284991,0,1,14.496576,-0.085302,6.181347,1.983113,0.360000
1779541794.295758,0,1,14.517381,-0.085806,6.199360,1.983113,0.360000
1779541794.305649,0,1,14.537959,-0.085736,6.219299,1.935091,0.360000
1779541794.315412,0,1,14.558293,-0.085085,6.240778,1.935091,0.360000
1779541794.325450,0,1,14.578415,-0.083919,6.262639,1.935091,0.360000
1779541794.335454,0,1,14.598309,-0.082238,0.001755,1.895014,0.360000
1779541794.345291,0,1,14.617964,-0.080093,0.023911,1.895014,0.360000
1779541794.355494,0,1,14.637365,-0.077476,0.046197,1.854848,0.360000
1779541794.365476,0,1,14.656506,-0.074434,0.068156,1.854848,0.360000
1779541794.375030,0,1,14.675373,-0.070955,0.090137,1.815077,0.360000
1779541794.385406,0,1,14.693962,-0.067084,0.111727,1.815077,0.360000
1779541794.395183,0,1,14.712260,-0.062810,0.133303,1.775007,0.343758
1779541794.405274,0,1,14.730267,-0.058177,0.154467,1.775007,0.343758
1779541794.415751,0,1,14.747967,-0.053172,0.175602,1.735140,0.304462
1779541794.425426,0,1,14.765372,-0.047865,0.196008,1.735140,0.304462
1779541794.435191,0,1,14.782556,-0.042313,0.215025,1.759165,0.256412
1779541794.445006,0,1,14.799572,-0.036538,0.232684,1.759165,0.256412
1779541794.455553,0,1,14.816439,-0.030495,0.249805,1.779111,0.216518
1779541794.465413,0,1,14.833196,-0.024223,0.266030,1.779111,0.216518
1779541794.475929,0,1,14.849879,-0.017777,0.280984,1.799136,0.176469
1779541794.485341,0,1,14.866517,-0.011203,0.294480,1.799136,0.176469
1779541794.495170,0,1,14.883128,-0.004547,0.306425,1.799136,0.176469
1779541794.505464,0,1,14.899717,0.002176,0.317054,1.799136,0.176469
1779541794.515230,0,1,14.916263,0.009013,0.327229,1.799136,0.176469
1779541794.525205,0,1,14.932771,0.015954,0.336886,1.799136,0.176469
1779541794.535783,0,1,14.949224,0.023035,0.346524,1.799136,0.176469
1779541794.545396,0,1,14.965628,0.030239,0.355883,1.799136,0.176469
1779541794.555725,0,1,14.981968,0.037593,0.365355,1.799136,0.176469
1779541794.564998,0,1,14.998253,0.045078,0.374620,1.799136,0.176469
1779541794.575467,0,1,15.014468,0.052720,0.384038,1.799136,0.176469
1779541794.585237,0,1,15.030623,0.060496,0.393272,1.799136,0.176469
1779541794.595567,0,1,15.046704,0.068431,0.402673,1.799136,0.176469
1779541794.605620,0,1,15.062749,0.076516,0.411876,1.935239,-0.045433
1779541794.615422,0,1,15.078772,0.084788,0.421228,1.935239,-0.045433
1779541794.625438,0,1,15.094793,0.093202,0.430137,1.935239,-0.045433
1779541794.635604,0,1,15.110842,0.101703,0.438071,1.959095,-0.061845
1779541794.645141,0,1,15.126945,0.110246,0.444734,1.959095,-0.061845
1779541794.655321,0,1,15.143128,0.118790,0.449957,1.983185,-0.086539
1779541794.665117,0,1,15.159411,0.127299,0.453638,1.983185,-0.086539
1779541794.675450,0,1,15.175814,0.135739,0.455716,2.003282,-0.111172
1779541794.685199,0,1,15.192353,0.144076,0.456149,2.003282,-0.111172
1779541794.695773,0,1,15.209046,0.152278,0.454909,2.023272,-0.133739
1779541794.705465,0,1,15.225906,0.160312,0.451970,2.023272,-0.133739
1779541794.715210,0,1,15.242946,0.168146,0.447315,2.043193,-0.152762
1779541794.725455,0,1,15.260169,0.175770,0.441206,2.043193,-0.152762
1779541794.735630,0,1,15.277552,0.183232,0.434515,2.068879,-0.167622
1779541794.745418,0,1,15.295096,0.190528,0.427210,2.068879,-0.167622
1779541794.755537,0,1,15.312782,0.197692,0.419790,2.068879,-0.167622
1779541794.765363,0,1,15.330622,0.204685,0.411745,2.088213,-0.169942
1779541794.775703,0,1,15.348629,0.211474,0.402854,2.088213,-0.169942
1779541794.785334,0,1,15.366786,0.218097,0.393722,2.111232,-0.164675
1779541794.795747,0,1,15.385100,0.224536,0.384168,2.111232,-0.164675
1779541794.805366,0,1,15.403557,0.230819,0.374614,2.131199,-0.157227
1779541794.815957,0,1,15.422165,0.236925,0.364778,2.131199,-0.157227
1779541794.825599,0,1,15.440907,0.242904,0.355303,2.155226,-0.145133
1779541794.835638,0,1,15.459770,0.248793,0.346490,2.155226,-0.145133
1779541794.845143,0,1,15.478765,0.254561,0.337785,2.175415,-0.131111
1779541794.855353,0,1,15.497886,0.260226,0.329389,2.175415,-0.131111
1779541794.865498,0,1,15.517140,0.265757,0.320899,2.195146,-0.114085
1779541794.875469,0,1,15.536520,0.271177,0.312601,2.195146,-0.114085
1779541794.885001,0,1,15.556030,0.276454,0.304138,2.195146,-0.114085
1779541794.895712,0,1,15.575657,0.281635,0.296112,2.219260,-0.086556
1779541794.905314,0,1,15.595393,0.286756,0.288805,2.219260,-0.086556
1779541794.915334,0,1,15.615246,0.291783,0.281651,2.239141,-0.069568
1779541794.925246,0,1,15.635207,0.296757,0.275123,2.239141,-0.069568
1779541794.935637,0,1,15.655266,0.301712,0.269435,2.259058,-0.050481
1779541794.945338,0,1,15.675433,0.306610,0.263975,2.259058,-0.050481
1779541794.955280,0,1,15.695699,0.311493,0.259192,2.279125,-0.031554
1779541794.965145,0,1,15.716056,0.316394,0.255287,2.279125,-0.031554
1779541794.975372,0,1,15.736513,0.321276,0.251640,2.299105,-0.013316
1779541794.985152,0,1,15.757061,0.326178,0.248693,2.299105,-0.013316
1779541794.995645,0,1,15.777687,0.331135,0.246645,2.299105,-0.013316
1779541795.005398,0,1,15.798396,0.336109,0.244874,2.299105,-0.013316
1779541795.015533,0,1,15.819180,0.341114,0.243536,2.299105,-0.013316
1779541795.025464,0,1,15.840042,0.346120,0.242195,2.299105,-0.013316
1779541795.035648,0,1,15.860975,0.351146,0.241118,2.299105,-0.013316
1779541795.045428,0,1,15.881982,0.356164,0.239935,2.299105,-0.013316
1779541795.055408,0,1,15.903053,0.361196,0.238955,2.299105,-0.013316
1779541795.065659,0,1,15.924193,0.366213,0.237830,2.299105,-0.013316
1779541795.075324,0,1,15.945392,0.371241,0.236885,2.299105,-0.013316
1779541795.085342,0,1,15.966654,0.376250,0.235780,2.299105,-0.013316
1779541795.095263,0,1,15.987971,0.381266,0.234846,2.299105,-0.013316
1779541795.105177,0,1,16.009376,0.386269,0.233751,2.431213,0.052952
1779541795.115366,0,1,16.030891,0.391290,0.232823,2.431213,0.052952
1779541795.125344,0,1,16.052522,0.396303,0.231733,2.455321,0.075372
1779541795.135367,0,1,16.074258,0.401357,0.231089,2.455321,0.075372
1779541795.144984,0,1,16.096079,0.406515,0.231488,2.455321,0.075372
1779541795.155704,0,1,16.117972,0.411835,0.233302,2.483105,0.091473
1779541795.165481,0,1,16.139930,0.417347,0.236484,2.483105,0.091473
1779541795.175477,0,1,16.161957,0.423012,0.240263,2.483105,0.091473
1779541795.185479,0,1,16.184050,0.428846,0.244684,2.515140,0.108338
1779541795.195158,0,1,16.206220,0.434820,0.249250,2.515140,0.108338
1779541795.205703,0,1,16.228446,0.440979,0.254468,2.515140,0.108338
1779541795.215233,0,1,16.250720,0.447361,0.260592,2.543221,0.117076
1779541795.225212,0,1,16.273050,0.453935,0.267029,2.543221,0.117076
1779541795.235667,0,1,16.295424,0.460720,0.273944,2.543221,0.117076
1779541795.245717,0,1,16.317851,0.467691,0.280903,2.575360,0.110558
1779541795.255532,0,1,16.340325,0.474872,0.288164,2.575360,0.110558
1779541795.266735,0,1,16.362848,0.482236,0.295366,2.575360,0.110558
1779541795.275466,0,1,16.385411,0.489810,0.302805,2.603220,0.099597
1779541795.285692,0,1,16.408023,0.497570,0.310139,2.603220,0.099597
1779541795.295297,0,1,16.430669,0.505540,0.317687,2.603220,0.099597
1779541795.304961,0,1,16.453358,0.513697,0.325111,2.631239,0.081105
1779541795.315567,0,1,16.476080,0.522068,0.332734,2.631239,0.081105
1779541795.325606,0,1,16.498847,0.530606,0.339941,2.631239,0.081105
1779541795.335584,0,1,16.521674,0.539272,0.346393,2.659094,0.060549
1779541795.345400,0,1,16.544550,0.548098,0.352636,2.659094,0.060549
1779541795.355167,0,1,16.567487,0.557040,0.358196,2.659094,0.060549
1779541795.365719,0,1,16.590501,0.566064,0.362824,2.691134,0.037680
1779541795.375549,0,1,16.613582,0.575202,0.367123,2.691134,0.037680
1779541795.385427,0,1,16.636733,0.584433,0.370948,2.691134,0.037680
1779541795.395799,0,1,16.659945,0.593786,0.374738,2.723185,0.018790
1779541795.405411,0,1,16.683229,0.603241,0.378242,2.723185,0.018790
1779541795.415475,0,1,16.706570,0.612820,0.381834,2.723185,0.018790
1779541795.425277,0,1,16.729988,0.622480,0.384930,2.751144,0.007220
1779541795.435571,0,1,16.753500,0.632182,0.387204,2.751144,0.007220
1779541795.445432,0,1,16.777091,0.641954,0.389213,2.751144,0.007220
1779541795.455647,0,1,16.800771,0.651777,0.390782,2.783179,0.001071
1779541795.465389,0,1,16.824531,0.661677,0.392334,2.783179,0.001071
1779541795.475553,0,1,16.848377,0.671631,0.393608,2.783179,0.001071
1779541795.485413,0,1,16.872293,0.681661,0.394973,2.783179,0.001071
1779541795.495485,0,1,16.896286,0.691742,0.396130,2.783179,0.001071
1779541795.504991,0,1,16.920342,0.701897,0.397422,2.783179,0.001071
1779541795.515315,0,1,16.944465,0.712100,0.398534,2.783179,0.001071
1779541795.525258,0,1,16.968644,0.722373,0.399803,2.783179,0.001071
1779541795.535086,0,1,16.992884,0.732692,0.400902,2.783179,0.001071
1779541795.545317,0,1,17.017171,0.743079,0.402166,2.783179,0.001071
1779541795.554988,0,1,17.041514,0.753509,0.403265,2.783179,0.001071
1779541795.565004,0,1,17.065898,0.764004,0.404532,2.783179,0.001071
1779541795.575096,0,1,17.090331,0.774541,0.405635,2.783179,0.001071
1779541795.585658,0,1,17.114800,0.785141,0.406908,2.783179,0.001071
1779541795.595463,0,1,17.139312,0.795779,0.408017,2.783179,0.001071
1779541795.605573,0,1,17.163856,0.806480,0.409296,2.783179,0.001071
1779541795.615011,0,1,17.188438,0.817217,0.410412,2.783179,0.001071
1779541795.625355,0,1,17.213083,0.828031,0.411689,2.955112,0.031802
1779541795.635115,0,1,17.237836,0.838913,0.412798,2.955112,0.031802
1779541795.645626,0,1,17.262680,0.849883,0.414068,2.955112,0.031802
1779541795.655453,0,1,17.287625,0.860919,0.415177,2.975186,0.036215
1779541795.665550,0,1,17.312663,0.872045,0.416449,2.995184,0.043630
1779541795.675600,0,1,17.337805,0.883238,0.417562,2.995184,0.043630
1779541795.685410,0,1,17.363024,0.894542,0.419132,2.995184,0.043630
1779541795.695561,0,1,17.388297,0.905995,0.421524,3.000000,0.055366
1779541795.705036,0,1,17.413634,0.917568,0.424204,3.000000,0.055366
1779541795.715524,0,1,17.439019,0.929281,0.427356,3.000000,0.055366
1779541795.725553,0,1,17.464457,0.941109,0.430558,3.000000,0.055366
1779541795.735469,0,1,17.489935,0.953072,0.434072,3.000000,0.068087
1779541795.745043,0,1,17.515457,0.965147,0.437526,3.000000,0.068087
1779541795.755019,0,1,17.540998,0.977379,0.441513,3.000000,0.068087
1779541795.764987,0,1,17.566532,0.989807,0.446387,3.000000,0.079044
1779541795.775669,0,1,17.592069,1.002403,0.451594,3.000000,0.079044
1779541795.785577,0,1,17.617593,1.015189,0.457309,3.000000,0.079044
1779541795.795531,0,1,17.643111,1.028139,0.463096,3.000000,0.083579
1779541795.805871,0,1,17.668607,1.041277,0.469214,3.000000,0.083579
1779541795.815689,0,1,17.694088,1.054580,0.475284,3.000000,0.085658
1779541795.825388,0,1,17.719537,1.068071,0.481603,3.000000,0.085658
1779541795.835418,0,1,17.744963,1.081728,0.487817,3.000000,0.085658
1779541795.845203,0,1,17.770348,1.095573,0.494242,3.000000,0.080842
1779541795.855450,0,1,17.795701,1.109584,0.500536,3.000000,0.080842
1779541795.865559,0,1,17.821005,1.123784,0.507023,3.000000,0.080842
1779541795.875277,0,1,17.846269,1.138150,0.513365,3.000000,0.074688
1779541795.885279,0,1,17.871476,1.152706,0.519893,3.000000,0.074688
1779541795.895582,0,1,17.896635,1.167427,0.526270,3.000000,0.074688
1779541795.905765,0,1,17.921730,1.182337,0.532829,3.000000,0.067185
1779541795.915102,0,1,17.946771,1.197412,0.539234,3.000000,0.067185
1779541795.925895,0,1,17.971741,1.212676,0.545819,3.000000,0.067185
1779541795.935452,0,1,17.996651,1.228103,0.552247,3.000000,0.058931
1779541795.945567,0,1,18.021483,1.243718,0.558854,3.000000,0.058931
1779541795.956180,0,1,18.046263,1.259475,0.565001,3.000000,0.058931
1779541795.965007,0,1,18.071012,1.275335,0.570298,3.000000,0.050601
1779541795.975355,0,1,18.095713,1.291326,0.575297,3.000000,0.050601
1779541795.985620,0,1,18.120375,1.307424,0.579809,3.000000,0.050601
1779541795.995214,0,1,18.144982,1.323654,0.584274,3.000000,0.050601
1779541796.005479,0,1,18.169548,1.339992,0.588425,3.000000,0.050601
1779541796.015353,0,1,18.194056,1.356459,0.592648,3.000000,0.050601
1779541796.025275,0,1,18.218520,1.373030,0.596639,3.000000,0.050601
1779541796.035301,0,1,18.242925,1.389728,0.600757,3.000000,0.050601
1779541796.045614,0,1,18.267284,1.406528,0.604681,3.000000,0.050601
1779541796.055534,0,1,18.291582,1.423450,0.608758,3.000000,0.050601
1779541796.065397,0,1,18.315833,1.440472,0.612658,3.000000,0.050601
1779541796.075488,0,1,18.340021,1.457614,0.616723,3.000000,0.050601
1779541796.085485,0,1,18.364160,1.474853,0.620618,3.000000,0.050601
1779541796.095481,0,1,18.388235,1.492211,0.624682,3.000000,0.050601
1779541796.105211,0,1,18.412259,1.509663,0.628580,3.000000,0.050601
1779541796.115457,0,1,18.436217,1.527231,0.632649,3.000000,0.050601
1779541796.125260,0,1,18.460123,1.544893,0.636553,3.000000,0.050601
1779541796.135259,0,1,18.483960,1.562670,0.640628,3.000000,0.050601
1779541796.145624,0,1,18.507744,1.580538,0.644537,3.000000,0.050601
1779541796.155068,0,1,18.531458,1.598520,0.648619,3.000000,0.050601
1779541796.166137,0,1,18.555117,1.616592,0.652535,3.000000,0.060148
1779541796.175461,0,1,18.578704,1.634776,0.656622,3.000000,0.060148
1779541796.185519,0,1,18.602234,1.653051,0.660543,3.000000,0.064807
1779541796.195877,0,1,18.625691,1.671435,0.664636,3.000000,0.064807
1779541796.205435,0,1,18.649089,1.689909,0.668561,3.000000,0.069725
1779541796.215597,0,1,18.672396,1.708513,0.672965,3.000000,0.069725
1779541796.225101,0,1,18.695582,1.727280,0.678241,3.000000,0.074398
1779541796.235751,0,1,18.718665,1.746187,0.683834,3.000000,0.074398
1779541796.245408,0,1,18.741628,1.765251,0.689932,3.000000,0.074398
1779541796.255708,0,1,18.764488,1.784451,0.696091,3.000000,0.080665
1779541796.265432,0,1,18.787224,1.803807,0.702579,3.000000,0.080665
1779541796.275379,0,1,18.809854,1.823298,0.709004,3.000000,0.087343
1779541796.285332,0,1,18.832357,1.842945,0.715674,3.000000,0.087343
1779541796.295529,0,1,18.854748,1.862728,0.722223,3.000000,0.088376
1779541796.305225,0,1,18.877008,1.882668,0.728976,3.000000,0.088376
1779541796.315627,0,1,18.899153,1.902743,0.735582,3.000000,0.088448
1779541796.325031,0,1,18.921162,1.922976,0.742372,3.000000,0.088448
1779541796.335536,0,1,18.943051,1.943344,0.749003,3.000000,0.087181
1779541796.345388,0,1,18.964801,1.963868,0.755810,3.000000,0.087181
1779541796.355472,0,1,18.986429,1.984528,0.762451,3.000000,0.087181
1779541796.365504,0,1,19.007913,2.005343,0.769265,3.000000,0.084623
1779541796.375564,0,1,19.029272,2.026293,0.775912,3.000000,0.084623
1779541796.385527,0,1,19.050484,2.047396,0.782729,3.000000,0.083450
1779541796.395136,0,1,19.071568,2.068633,0.789378,3.000000,0.083450
1779541796.405826,0,1,19.092503,2.090021,0.796197,3.000000,0.081985
1779541796.415945,0,1,19.113307,2.111542,0.802847,3.000000,0.081985
1779541796.425398,0,1,19.133959,2.133214,0.809668,3.000000,0.081985
1779541796.435717,0,1,19.154478,2.155015,0.816319,3.000000,0.079889
1779541796.445529,0,1,19.174842,2.176965,0.823141,3.000000,0.079889
1779541796.455530,0,1,19.195070,2.199044,0.829793,3.000000,0.079889
1779541796.465702,0,1,19.215142,2.221269,0.836616,3.000000,0.076001
1779541796.475497,0,1,19.235075,2.243622,0.843269,3.000000,0.076001
1779541796.485766,0,1,19.254850,2.266118,0.850093,3.000000,0.076001
1779541796.495444,0,1,19.274485,2.288739,0.856748,3.000000,0.076001
1779541796.505664,0,1,19.293958,2.311503,0.863573,3.000000,0.076001
1779541796.515512,0,1,19.313290,2.334389,0.870229,3.000000,0.076001
1779541796.525483,0,1,19.332458,2.357416,0.877056,3.000000,0.076001
1779541796.535374,0,1,19.351482,2.380564,0.883713,3.000000,0.076001
1779541796.545372,0,1,19.370341,2.403849,0.890540,3.000000,0.076001
1779541796.555597,0,1,19.389054,2.427253,0.897198,3.000000,0.076001
1779541796.565033,0,1,19.407600,2.450793,0.904027,3.000000,0.076001
1779541796.575470,0,1,19.425998,2.474449,0.910686,3.000000,0.076001
1779541796.585459,0,1,19.444227,2.498239,0.917515,3.000000,0.076001
1779541796.595460,0,1,19.462306,2.522144,0.924175,3.000000,0.076001
1779541796.605234,0,1,19.480214,2.546179,0.931006,3.000000,0.076001
1779541796.615119,0,1,19.497972,2.570328,0.937667,3.000000,0.076001
1779541796.625242,0,1,19.515556,2.594604,0.944498,3.000000,0.076001
1779541796.635082,0,1,19.532987,2.618991,0.951160,3.000000,0.063659
1779541796.645732,0,1,19.550243,2.643505,0.957992,3.000000,0.063659
1779541796.655642,0,1,19.567367,2.668112,0.964347,3.000000,0.058084
1779541796.665585,0,1,19.584395,2.692787,0.969828,3.000000,0.058084
1779541796.675402,0,1,19.601301,2.717547,0.974992,3.000000,0.056145
1779541796.685270,0,1,19.618105,2.742377,0.979651,3.000000,0.056145
1779541796.695362,0,1,19.634784,2.767292,0.984249,3.000000,0.056145
1779541796.705514,0,1,19.651361,2.792276,0.988520,3.000000,0.053481
1779541796.717051,0,1,19.667814,2.817343,0.992854,3.000000,0.053481
1779541796.725359,0,1,19.684167,2.842477,0.996945,3.000000,0.055371
1779541796.735684,0,1,19.700397,2.867691,1.001158,3.000000,0.055371
1779541796.745579,0,1,19.716529,2.892968,1.005169,3.000000,0.060086
1779541796.755598,0,1,19.732540,2.918323,1.009329,3.000000,0.060086
1779541796.765494,0,1,19.748454,2.943740,1.013306,3.000000,0.065731
1779541796.775825,0,1,19.764248,2.969231,1.017444,3.000000,0.065731
1779541796.785509,0,1,19.779947,2.994783,1.021408,3.000000,0.065731
1779541796.795651,0,1,19.795506,3.020421,1.025847,3.000000,0.075687
1779541796.805537,0,1,19.810884,3.046167,1.031159,3.000000,0.075687
1779541796.815514,0,1,19.826110,3.072005,1.036788,3.000000,0.082795
1779541796.825659,0,1,19.841162,3.097946,1.042924,3.000000,0.082795
1779541796.835959,0,1,19.856062,3.123973,1.049120,3.000000,0.090373
1779541796.845575,0,1,19.870787,3.150102,1.055645,3.000000,0.090373
1779541796.855641,0,1,19.885336,3.176277,1.062150,2.952288,0.094799
1779541796.865633,0,1,19.899667,3.202480,1.068960,2.952288,0.094799
1779541796.875330,0,1,19.913795,3.228684,1.075695,2.918235,0.096632
1779541796.885582,0,1,19.927685,3.254887,1.082679,2.918235,0.096632
1779541796.895346,0,1,19.941372,3.281095,1.089506,2.918235,0.096632
1779541796.905579,0,1,19.954826,3.307368,1.096784,2.943773,0.094628
1779541796.915658,0,1,19.968020,3.333757,1.104879,2.943773,0.094628
1779541796.925843,0,1,19.981009,3.360243,1.112925,2.966372,0.092131
1779541796.935645,0,1,19.993841,3.386814,1.120384,2.966372,0.092131
1779541796.945637,0,1,20.006487,3.413483,1.127724,2.966372,0.092131
1779541796.955729,0,1,20.018972,3.440243,1.134691,2.994982,0.086191
1779541796.965508,0,1,20.031271,3.467111,1.141683,2.994982,0.086191
1779541796.975584,0,1,20.043408,3.494073,1.148408,2.994982,0.086191
1779541796.985432,0,1,20.055356,3.521139,1.155239,2.994982,0.086191
1779541796.995402,0,1,20.067141,3.548296,1.161859,2.994982,0.086191
1779541797.005932,0,1,20.078737,3.575552,1.168623,2.994982,0.086191
1779541797.015166,0,1,20.090167,3.602894,1.175202,2.994982,0.086191
1779541797.025546,0,1,20.101406,3.630332,1.181942,2.994982,0.086191
1779541797.035631,0,1,20.112479,3.657853,1.188509,2.994982,0.086191
1779541797.045496,0,1,20.123360,3.685464,1.195245,2.994982,0.086191
1779541797.055469,0,1,20.134074,3.713155,1.201812,2.994982,0.086191
1779541797.065657,0,1,20.144594,3.740933,1.208552,2.994982,0.086191
1779541797.075786,0,1,20.154945,3.768787,1.215125,2.994982,0.086191
1779541797.085187,0,1,20.165102,3.796725,1.221871,2.994982,0.086191
1779541797.095256,0,1,20.175089,3.824735,1.228451,2.994982,0.086191
1779541797.105350,0,1,20.184879,3.852825,1.235205,2.994982,0.086191
1779541797.115748,0,1,20.194498,3.880984,1.241793,2.994982,0.086191
1779541797.125171,0,1,20.203920,3.909220,1.248552,3.000000,0.052624
1779541797.135604,0,1,20.213170,3.937526,1.255144,3.000000,0.052624
1779541797.145617,0,1,20.222222,3.965906,1.261908,3.000000,0.041570
1779541797.155448,0,1,20.231124,3.994344,1.268199,3.000000,0.041570
1779541797.165589,0,1,20.239921,4.022825,1.273623,3.000000,0.036551
1779541797.175633,0,1,20.248581,4.051357,1.278736,3.000000,0.036551
1779541797.185656,0,1,20.257129,4.079932,1.283349,3.000000,0.033004
1779541797.195974,0,1,20.265537,4.108557,1.287905,3.000000,0.033004
1779541797.205790,0,1,20.273831,4.137224,1.292138,3.000000,0.027074
1779541797.215422,0,1,20.281986,4.165938,1.296437,3.000000,0.027074
1779541797.225585,0,1,20.290055,4.194684,1.300191,3.000000,0.025036
1779541797.236243,0,1,20.298082,4.223448,1.303027,3.000000,0.025036
1779541797.245534,0,1,20.306038,4.252240,1.305518,3.000000,0.026617
1779541797.256237,0,1,20.313947,4.281050,1.307486,3.000000,0.026617
1779541797.265576,0,1,20.321786,4.309886,1.309382,3.000000,0.026617
1779541797.275325,0,1,20.329580,4.338740,1.310945,3.000000,0.032924
1779541797.285643,0,1,20.337307,4.367617,1.312567,3.000000,0.032924
1779541797.295599,0,1,20.344993,4.396510,1.313946,3.000000,0.040338
1779541797.305955,0,1,20.352591,4.425432,1.315753,3.000000,0.040338
1779541797.316508,0,1,20.360057,4.454393,1.318400,3.000000,0.057792
1779541797.325747,0,1,20.367423,4.483384,1.321343,3.000000,0.057792
1779541797.335828,0,1,20.374667,4.512410,1.324778,3.000000,0.071306
1779541797.345143,0,1,20.381817,4.541463,1.328267,3.000000,0.071306
1779541797.356089,0,1,20.388821,4.570556,1.332385,3.000000,0.078055
1779541797.365640,0,1,20.395634,4.599698,1.337482,3.000000,0.078055
1779541797.375561,0,1,20.402287,4.628880,1.342967,3.000000,0.088433
1779541797.385748,0,1,20.408754,4.658108,1.349005,3.000000,0.088433
1779541797.395869,0,1,20.415059,4.687374,1.355137,3.000000,0.088433
1779541797.405422,0,1,20.421166,4.716639,1.361663,2.948074,0.099993
1779541797.415342,0,1,20.427092,4.745861,1.368190,2.948074,0.099993
1779541797.426210,0,1,20.432776,4.775028,1.375354,2.909334,0.104566
1779541797.435440,0,1,20.438166,4.804130,1.383529,2.909334,0.104566
1779541797.445509,0,1,20.443292,4.833144,1.392106,2.868594,0.105658
1779541797.455626,0,1,20.448124,4.862057,1.401262,2.868594,0.105658
1779541797.465665,0,1,20.452689,4.890856,1.410508,2.829814,0.105403
1779541797.475759,0,1,20.456956,4.919535,1.420109,2.829814,0.105403
1779541797.485643,0,1,20.460957,4.948119,1.429590,2.829814,0.105403
1779541797.495791,0,1,20.464666,4.976634,1.439246,2.829814,0.105403
1779541797.505666,0,1,20.468112,5.005094,1.448684,2.829814,0.105403
1779541797.515855,0,1,20.471269,5.033517,1.458240,2.829814,0.105403
1779541797.525712,0,1,20.474167,5.061910,1.467556,2.829814,0.105403
1779541797.535526,0,1,20.476778,5.090285,1.476984,2.829814,0.105403
1779541797.545497,0,1,20.479133,5.118644,1.486181,2.829814,0.105403
1779541797.555316,0,1,20.481205,5.146995,1.495499,2.829814,0.105403
1779541797.565850,0,1,20.483022,5.175340,1.504600,2.829814,0.105403
1779541797.575749,0,1,20.484560,5.203680,1.513835,2.829814,0.105403
1779541797.585349,0,1,20.485846,5.232018,1.522867,2.829814,0.105403
1779541797.595380,0,1,20.486854,5.260353,1.532045,2.829814,0.105403
1779541797.605157,0,1,20.487613,5.288686,1.541031,2.829814,0.105403
1779541797.615698,0,1,20.488098,5.317056,1.550116,2.984634,0.046014
1779541797.625443,0,1,20.488337,5.345499,1.558949,2.984634,0.046014
1779541797.635573,0,1,20.488303,5.374010,1.567902,2.984634,0.046014
1779541797.645353,0,1,20.488050,5.402583,1.576373,2.984105,0.019283
1779541797.655427,0,1,20.487648,5.431214,1.583701,2.984105,0.019283
1779541797.665336,0,1,20.487162,5.459894,1.589437,2.948948,0.006417
1779541797.675853,0,1,20.486632,5.488611,1.593564,2.948948,0.006417
1779541797.685339,0,1,20.486023,5.517362,1.596882,2.948948,0.006417
1779541797.695561,0,1,20.485359,5.546140,1.599373,2.914301,-0.002913
1779541797.705761,0,1,20.484615,5.574932,1.601592,2.914301,-0.002913
1779541797.715576,0,1,20.483843,5.603739,1.603042,2.914301,-0.002913
1779541797.725720,0,1,20.483093,5.632556,1.603434,2.882735,-0.006144
1779541797.735448,0,1,20.482336,5.661372,1.603395,2.882735,-0.006144
1779541797.745608,0,1,20.481599,5.690178,1.602778,2.871831,-0.000651
1779541797.755245,0,1,20.480858,5.718966,1.602059,2.871831,-0.000651
1779541797.765498,0,1,20.480142,5.747739,1.600985,2.871831,-0.000651
1779541797.775671,0,1,20.479428,5.776501,1.599962,2.871831,0.022378
1779541797.785840,0,1,20.478745,5.805253,1.598688,2.871831,0.022378
1779541797.795630,0,1,20.478044,5.833997,1.597842,2.871831,0.022378
1779541797.806010,0,1,20.477281,5.862732,1.597829,2.871831,0.055842
1779541797.815844,0,1,20.476491,5.891462,1.598098,2.871831,0.055842
1779541797.825448,0,1,20.475625,5.920185,1.599155,2.871831,0.055842
1779541797.835590,0,1,20.474641,5.948901,1.601286,2.871831,0.095339
1779541797.845243,0,1,20.473572,5.977612,1.603862,2.871831,0.095339
1779541797.855281,0,1,20.472368,6.006314,1.607333,2.871831,0.095339
1779541797.865566,0,1,20.470984,6.034954,1.611996,2.816174,0.133906
1779541797.875622,0,1,20.469456,6.063489,1.617198,2.816174,0.133906
1779541797.885739,0,1,20.467731,6.091895,1.623400,2.776128,0.157850
1779541797.895938,0,1,20.465737,6.120151,1.631162,2.776128,0.157850
1779541797.905410,0,1,20.463432,6.148276,1.640493,2.776128,0.157850
1779541797.915714,0,1,20.460856,6.176243,1.650610,2.727987,0.175569
1779541797.925883,0,1,20.457984,6.204028,1.661560,2.727987,0.175569
1779541797.935598,0,1,20.454844,6.231658,1.672708,2.727987,0.175569
1779541797.946051,0,1,20.451383,6.259084,1.684671,2.660315,0.189841
1779541797.955361,0,1,20.447558,6.286262,1.697765,2.660315,0.189841
1779541797.965802,0,1,20.443408,6.313187,1.711287,2.615992,0.193620
1779541797.975822,0,1,20.438907,6.339847,1.725366,2.615992,0.193620
1779541797.985667,0,1,20.434082,6.366280,1.739403,2.615992,0.193620
1779541797.995569,0,1,20.428872,6.392503,1.753949,2.615992,0.193620
1779541798.005983,0,1,20.423232,6.418524,1.769310,2.615992,0.193620
1779541798.015454,0,1,20.417195,6.444365,1.784848,2.615992,0.193620
1779541798.025522,0,1,20.410737,6.470030,1.800745,2.615992,0.193620
1779541798.035717,0,1,20.403887,6.495533,1.816545,2.615992,0.193620
1779541798.045569,0,1,20.396621,6.520872,1.832538,2.615992,0.193620
1779541798.055707,0,1,20.388967,6.546057,1.848343,2.615992,0.193620
1779541798.065192,0,1,20.380902,6.571080,1.864290,2.615992,0.193620
1779541798.075728,0,1,20.372454,6.595950,1.880029,2.615992,0.193620
1779541798.086343,0,1,20.363600,6.620658,1.895903,2.615992,0.193620
1779541798.095846,0,1,20.354356,6.645243,1.911494,2.747979,0.079930
1779541798.105614,0,1,20.344686,6.669727,1.927120,2.747979,0.079930
1779541798.116196,0,1,20.334645,6.694120,1.942216,2.747979,0.079930
1779541798.125653,0,1,20.324297,6.718448,1.956158,2.773558,0.046343
1779541798.135988,0,1,20.313701,6.742737,1.968532,2.773558,0.046343
1779541798.145633,0,1,20.302912,6.767010,1.979066,2.793711,0.018169
1779541798.155642,0,1,20.291985,6.791293,1.987578,2.793711,0.018169
1779541798.165707,0,1,20.280973,6.815611,1.993948,2.814032,-0.009797
1779541798.175943,0,1,20.269905,6.839980,1.998388,2.814032,-0.009797
1779541798.185723,0,1,20.258749,6.864385,2.001827,2.833889,-0.032516
1779541798.195569,0,1,20.247546,6.888847,2.004039,2.833889,-0.032516
1779541798.205712,0,1,20.236359,6.913397,2.004631,2.853461,-0.043999
1779541798.215739,0,1,20.225224,6.938052,2.003633,2.853461,-0.043999
1779541798.225588,0,1,20.214110,6.962799,2.001852,2.873843,-0.042023
1779541798.235735,0,1,20.203041,6.987649,1.999280,2.873843,-0.042023
1779541798.245065,0,1,20.191994,7.012595,1.996457,2.895930,-0.031220
1779541798.255674,0,1,20.180993,7.037649,1.993195,2.895930,-0.031220
1779541798.265933,0,1,20.169996,7.062791,1.990210,2.913590,-0.013086
1779541798.275679,0,1,20.158964,7.088007,1.987931,2.913590,-0.013086
1779541798.286146,0,1,20.147929,7.113310,1.985855,2.935902,0.017034
1779541798.296010,0,1,20.136870,7.138694,1.984190,2.935902,0.017034
1779541798.305633,0,1,20.125815,7.164172,1.982529,2.955961,0.047840
1779541798.316084,0,1,20.114719,7.189724,1.981440,2.955961,0.047840
1779541798.325643,0,1,20.103520,7.215325,1.981548,2.973513,0.079850
1779541798.335590,0,1,20.092183,7.240957,1.982984,2.973513,0.079850
1779541798.345544,0,1,20.080744,7.266622,1.985052,2.928731,0.111246
1779541798.355556,0,1,20.069164,7.292285,1.988129,2.928731,0.111246
1779541798.365758,0,1,20.057387,7.317905,1.992727,2.880605,0.139350
1779541798.375849,0,1,20.045382,7.343451,1.998896,2.880605,0.139350
1779541798.385965,0,1,20.033180,7.368934,2.005845,2.880605,0.139350
1779541798.395760,0,1,20.020741,7.394319,2.013924,2.832519,0.171498
1779541798.405586,0,1,20.008029,7.419571,2.023312,2.832519,0.171498
1779541798.415886,0,1,19.995087,7.444671,2.033343,2.792733,0.186328
1779541798.425623,0,1,19.981881,7.469565,2.044439,2.792733,0.186328
1779541798.435713,0,1,19.968386,7.494197,2.056857,2.744591,0.190802
1779541798.445600,0,1,19.954645,7.518553,2.069889,2.744591,0.190802
1779541798.455986,0,1,19.940645,7.542602,2.083645,2.704619,0.192041
1779541798.465613,0,1,19.926416,7.566344,2.097573,2.704619,0.192041
1779541798.475821,0,1,19.911910,7.589776,2.112004,2.704619,0.192041
1779541798.485456,0,1,19.897109,7.612906,2.126834,2.704619,0.192041
1779541798.495420,0,1,19.882006,7.635747,2.141877,2.704619,0.192041
1779541798.505290,0,1,19.866598,7.658305,2.157017,2.704619,0.192041
1779541798.515872,0,1,19.850882,7.680587,2.172187,2.704619,0.192041
1779541798.525543,0,1,19.834856,7.702594,2.187348,2.704619,0.192041
1779541798.535331,0,1,19.818518,7.724329,2.202479,2.704619,0.192041
1779541798.545470,0,1,19.801870,7.745792,2.217572,2.704619,0.192041
1779541798.555551,0,1,19.784913,7.766984,2.232625,2.704619,0.192041
1779541798.565180,0,1,19.767648,7.787901,2.247640,2.704619,0.192041
1779541798.575300,0,1,19.750077,7.808545,2.262620,2.704619,0.192041
1779541798.585133,0,1,19.732205,7.828911,2.277570,2.704619,0.192041
1779541798.595734,0,1,19.714011,7.849025,2.292421,2.840554,0.049602
1779541798.605688,0,1,19.695475,7.868908,2.307152,2.840554,0.049602
1779541798.615368,0,1,19.676610,7.888567,2.321665,2.860519,0.012577
1779541798.625495,0,1,19.657462,7.908042,2.335348,2.860519,0.012577
1779541798.635464,0,1,19.638080,7.927378,2.347668,2.884610,-0.017727
1779541798.645582,0,1,19.618507,7.946621,2.358268,2.884610,-0.017727
1779541798.655791,0,1,19.598785,7.965814,2.366909,2.904728,-0.052540
1779541798.665264,0,1,19.578957,7.985001,2.373428,2.904728,-0.052540
1779541798.675799,0,1,19.559062,8.004226,2.377714,2.924538,-0.085279
1779541798.685617,0,1,19.539143,8.023534,2.379691,2.924538,-0.085279
1779541798.695815,0,1,19.519246,8.042966,2.379303,2.924538,-0.085279
1779541798.705824,0,1,19.499408,8.062540,2.376796,2.872940,-0.114130
1779541798.715959,0,1,19.479620,8.082221,2.373138,2.872940,-0.114130
1779541798.725528,0,1,19.459925,8.102038,2.368118,2.832973,-0.126583
1779541798.735825,0,1,19.440368,8.122016,2.361649,2.832973,-0.126583
1779541798.745171,0,1,19.420938,8.142125,2.354479,2.792976,-0.118725
1779541798.755641,0,1,19.401665,8.162377,2.346549,2.792976,-0.118725
1779541798.765618,0,1,19.382530,8.182761,2.338407,2.815282,-0.095318
1779541798.775912,0,1,19.363551,8.203304,2.329852,2.815282,-0.095318
1779541798.785213,0,1,19.344691,8.223975,2.321614,2.839285,-0.063836
1779541798.795402,0,1,19.325917,8.244751,2.314131,2.839285,-0.063836
1779541798.805324,0,1,19.307259,8.265656,2.306876,2.839285,-0.063836
1779541798.815539,0,1,19.288679,8.286662,2.300365,2.863235,-0.015937
1779541798.825476,0,1,19.270144,8.307745,2.294891,2.863235,-0.015937
1779541798.835453,0,1,19.251680,8.328931,2.289838,2.883217,0.024029
1779541798.845722,0,1,19.233247,8.350190,2.285651,2.883217,0.024029
1779541798.855349,0,1,19.214792,8.371482,2.282878,2.907303,0.072201
1779541798.865649,0,1,19.196284,8.392784,2.281589,2.907303,0.072201
1779541798.875493,0,1,19.177756,8.414110,2.281022,2.867484,0.112020
1779541798.885507,0,1,19.159176,8.435417,2.281526,2.867484,0.112020
1779541798.895721,0,1,19.140499,8.456652,2.283597,2.827278,0.150165
1779541798.905293,0,1,19.121682,8.477761,2.287573,2.827278,0.150165
1779541798.915859,0,1,19.102678,8.498700,2.293677,2.827278,0.150165
1779541798.925694,0,1,19.083489,8.519403,2.301823,2.776669,0.187328
1779541798.935350,0,1,19.064168,8.539863,2.311088,2.776669,0.187328
1779541798.945969,0,1,19.044698,8.560021,2.321755,2.731320,0.207060
1779541798.955480,0,1,19.025061,8.579827,2.333930,2.731320,0.207060
1779541798.965656,0,1,19.005265,8.599317,2.346756,2.731320,0.207060
1779541798.975572,0,1,18.985292,8.618433,2.360670,2.683463,0.213342
1779541798.985629,0,1,18.965128,8.637119,2.375878,2.683463,0.213342
1779541798.995652,0,1,18.944778,8.655417,2.391559,2.683463,0.213342
1779541799.005227,0,1,18.924211,8.673317,2.407779,2.683463,0.213342
1779541799.015625,0,1,18.903436,8.690849,2.424004,2.683463,0.213342
1779541799.025562,0,1,18.882428,8.707994,2.440475,2.683463,0.213342
1779541799.035761,0,1,18.861198,8.724778,2.456778,2.683463,0.213342
1779541799.046755,0,1,18.839726,8.741180,2.473227,2.683463,0.213342
1779541799.055267,0,1,18.818028,8.757222,2.489458,2.683463,0.213342
1779541799.065522,0,1,18.796087,8.772883,2.505811,2.683463,0.213342
1779541799.075712,0,1,18.773922,8.788183,2.521942,2.683463,0.213342
1779541799.085459,0,1,18.751520,8.803099,2.538198,2.683463,0.213342
1779541799.095313,0,1,18.728898,8.817652,2.554242,2.683463,0.213342
1779541799.105901,0,1,18.706016,8.831837,2.570340,2.816588,0.037781
1779541799.115739,0,1,18.682864,8.845693,2.586138,2.816588,0.037781
1779541799.125547,0,1,18.659432,8.859195,2.602021,2.839425,-0.002731
1779541799.135150,0,1,18.635751,8.872386,2.617397,2.839425,-0.002731
1779541799.145748,0,1,18.611855,8.885325,2.631633,2.859455,-0.042792
1779541799.155933,0,1,18.587778,8.898068,2.644301,2.859455,-0.042792
1779541799.165622,0,1,18.563549,8.910667,2.655116,2.877129,-0.078140
1779541799.175645,0,1,18.539194,8.923176,2.663886,2.877129,-0.078140
1779541799.185646,0,1,18.514754,8.935643,2.670485,2.838397,-0.116872
1779541799.195783,0,1,18.490266,8.948117,2.674816,2.838397,-0.116872
1779541799.206365,0,1,18.465770,8.960646,2.676807,2.796650,-0.158619
1779541799.215575,0,1,18.441305,8.973281,2.676401,2.796650,-0.158619
1779541799.225766,0,1,18.416910,8.986071,2.673550,2.752338,-0.191958
1779541799.235363,0,1,18.392629,8.999067,2.668220,2.752338,-0.191958
1779541799.245136,0,1,18.368535,9.012305,2.660323,2.704184,-0.202566
1779541799.255563,0,1,18.344689,9.025811,2.649977,2.704184,-0.202566
1779541799.265229,0,1,18.321121,9.039586,2.637682,2.664411,-0.206484
1779541799.275884,0,1,18.297867,9.053647,2.623663,2.664411,-0.206484
1779541799.285459,0,1,18.274929,9.067954,2.608791,2.624044,-0.188836
1779541799.296473,0,1,18.252336,9.082525,2.593068,2.624044,-0.188836
1779541799.305532,0,1,18.230066,9.097309,2.577432,2.592361,-0.158521
1779541799.315778,0,1,18.208099,9.112270,2.562449,2.592361,-0.158521
1779541799.325555,0,1,18.186419,9.127468,2.547712,2.616318,-0.110607
1779541799.335662,0,1,18.164968,9.142885,2.533825,2.616318,-0.110607
1779541799.345344,0,1,18.143686,9.158484,2.521394,2.636360,-0.070523
1779541799.355230,0,1,18.122532,9.174250,2.510484,2.636360,-0.070523
1779541799.365478,0,1,18.101529,9.190211,2.500292,2.636360,-0.070523
1779541799.375554,0,1,18.080645,9.206333,2.491166,2.660310,-0.022623
1779541799.385552,0,1,18.059849,9.222584,2.483270,2.660310,-0.022623
1779541799.396790,0,1,18.039158,9.238993,2.475903,2.676472,0.009702
1779541799.405543,0,1,18.018536,9.255523,2.469469,2.696350,0.049457
1779541799.415882,0,1,17.997938,9.272122,2.464470,2.696350,0.049457
1779541799.425267,0,1,17.977322,9.288739,2.461238,2.696350,0.049457
1779541799.435693,0,1,17.956648,9.305326,2.459992,2.716352,0.089462
1779541799.445215,0,1,17.935890,9.321860,2.460577,2.716352,0.089462
1779541799.455438,0,1,17.915080,9.338358,2.462092,2.668452,0.137362
1779541799.465461,0,1,17.894199,9.354774,2.464806,2.668452,0.137362
1779541799.475816,0,1,17.873224,9.371033,2.469168,2.628468,0.177346
1779541799.485505,0,1,17.852137,9.387066,2.475474,2.628468,0.177346
1779541799.495672,0,1,17.830894,9.402827,2.483889,2.628468,0.177346
1779541799.505865,0,1,17.809472,9.418289,2.494211,2.628468,0.177346
1779541799.515461,0,1,17.787891,9.433484,2.505483,2.628468,0.177346
1779541799.525641,0,1,17.766136,9.448392,2.517651,2.628468,0.177346
1779541799.535230,0,1,17.744222,9.463035,2.530110,2.628468,0.177346
1779541799.546539,0,1,17.722134,9.477389,2.543033,2.628468,0.177346
1779541799.555687,0,1,17.699886,9.491473,2.555966,2.628468,0.177346
1779541799.565476,0,1,17.677463,9.505261,2.569183,2.628468,0.177346
1779541799.575352,0,1,17.654881,9.518772,2.582295,2.628468,0.177346
1779541799.585114,0,1,17.632127,9.531979,2.595615,2.628468,0.177346
1779541799.595457,0,1,17.609216,9.544902,2.608786,2.628468,0.177346
1779541799.605493,0,1,17.586363,9.557390,2.622597,2.356222,0.176379
1779541799.615324,0,1,17.563773,9.569369,2.636737,2.356222,0.176379
1779541799.625451,0,1,17.541355,9.580854,2.651199,2.356222,0.176379
1779541799.635275,0,1,17.519098,9.591886,2.665418,2.316358,0.216243
1779541799.645072,0,1,17.496969,9.602452,2.679682,2.316358,0.216243
1779541799.655473,0,1,17.474966,9.612589,2.693559,2.276540,0.212354
1779541799.665123,0,1,17.453091,9.622240,2.707815,2.236385,0.178800
1779541799.675255,0,1,17.431315,9.631378,2.722760,2.236385,0.178800
1779541799.685421,0,1,17.409607,9.640095,2.737295,2.252328,0.146914
1779541799.695634,0,1,17.387941,9.648465,2.750883,2.252328,0.146914
1779541799.705572,0,1,17.366258,9.656480,2.764062,2.276293,0.109921
1779541799.715621,0,1,17.344544,9.664209,2.776314,2.276293,0.109921
1779541799.725688,0,1,17.322813,9.671727,2.787142,2.276293,0.109921
1779541799.735552,0,1,17.301053,9.679082,2.796539,2.296448,0.081264
1779541799.745790,0,1,17.279226,9.686250,2.805309,2.316442,0.053926
1779541799.755454,0,1,17.257345,9.693281,2.813117,2.316442,0.053926
1779541799.765459,0,1,17.235427,9.700241,2.819528,2.336359,0.028656
1779541799.775261,0,1,17.213480,9.707165,2.824567,2.336359,0.028656
1779541799.785636,0,1,17.191488,9.714020,2.829031,2.356464,0.007587
1779541799.795357,0,1,17.169463,9.720852,2.832570,2.356464,0.007587
1779541799.805605,0,1,17.147417,9.727697,2.835031,2.356464,0.007587
1779541799.815688,0,1,17.125336,9.734523,2.837096,2.376509,-0.010331
1779541799.825302,0,1,17.103223,9.741352,2.838643,2.376509,-0.010331
1779541799.835322,0,1,17.081067,9.748157,2.840141,2.400344,-0.025898
1779541799.845604,0,1,17.058876,9.754986,2.841042,2.400344,-0.025898
1779541799.855129,0,1,17.036661,9.761882,2.841069,2.424409,-0.031787
1779541799.865631,0,1,17.014408,9.768812,2.840822,2.424409,-0.031787
1779541799.875493,0,1,16.992121,9.775799,2.840131,2.444362,-0.035402
1779541799.885334,0,1,16.969789,9.782815,2.839435,2.444362,-0.035402
1779541799.895418,0,1,16.947425,9.789909,2.838170,2.464388,-0.036056
1779541799.905209,0,1,16.925040,9.797122,2.836045,2.464388,-0.036056
1779541799.915582,0,1,16.902626,9.804420,2.833649,2.464388,-0.036056
1779541799.925422,0,1,16.880187,9.811826,2.830808,2.489757,-0.027686
1779541799.935332,0,1,16.857712,9.819313,2.827958,2.489757,-0.027686
1779541799.945768,0,1,16.835207,9.826906,2.824828,2.509667,-0.022397
1779541799.955595,0,1,16.812654,9.834555,2.822083,2.509667,-0.022397
1779541799.965582,0,1,16.790037,9.842222,2.820080,2.529853,-0.009173
1779541799.975151,0,1,16.767365,9.849938,2.818277,2.529853,-0.009173
1779541799.985303,0,1,16.744635,9.857680,2.816870,2.529853,-0.009173
1779541799.995107,0,1,16.721858,9.865476,2.815442,2.529853,-0.009173
1779541800.005417,0,1,16.699030,9.873300,2.814270,2.529853,-0.009173
1779541800.015330,0,1,16.676161,9.881178,2.812989,2.529853,-0.009173
1779541800.025568,0,1,16.653246,9.889085,2.811909,2.529853,-0.009173
1779541800.035785,0,1,16.630297,9.897045,2.810684,2.529853,-0.009173
1779541800.045300,0,1,16.607306,9.905033,2.809638,2.529853,-0.009173
1779541800.055551,0,1,16.584286,9.913074,2.808432,2.529853,-0.009173
1779541800.065593,0,1,16.561229,9.921141,2.807397,2.529853,-0.009173
1779541800.075585,0,1,16.538146,9.929260,2.806195,2.529853,-0.009173
1779541800.085428,0,1,16.515030,9.937405,2.805162,2.529853,-0.009173
1779541800.095643,0,1,16.491893,9.945600,2.803959,2.529853,-0.009173
1779541800.105670,0,1,16.468694,9.953832,2.802926,2.672358,0.072457
1779541800.115387,0,1,16.445414,9.962135,2.801734,2.672358,0.072457
1779541800.125778,0,1,16.422036,9.970461,2.800995,2.692369,0.112480
1779541800.135486,0,1,16.398538,9.978748,2.801336,2.692369,0.112480
1779541800.145767,0,1,16.374913,9.986931,2.803178,2.652300,0.131376
1779541800.155527,0,1,16.351155,9.994949,2.806800,2.652300,0.131376
1779541800.165688,0,1,16.327262,10.002742,2.812398,2.604309,0.144234
1779541800.175486,0,1,16.303239,10.010273,2.819807,2.604309,0.144234
1779541800.185728,0,1,16.279104,10.017580,2.828117,2.604309,0.144234
1779541800.195785,0,1,16.254865,10.024637,2.837305,2.563484,0.157686
1779541800.205556,0,1,16.230542,10.031471,2.846797,2.563484,0.157686
1779541800.215733,0,1,16.206150,10.038050,2.856789,2.516397,0.156641
1779541800.225555,0,1,16.181716,10.044393,2.866837,2.516397,0.156641
1779541800.235461,0,1,16.157231,10.050474,2.877195,2.516397,0.156641
1779541800.245108,0,1,16.132728,10.056313,2.887497,2.487127,0.132667
1779541800.255472,0,1,16.108223,10.061875,2.898062,2.487127,0.132667
1779541800.265609,0,1,16.083712,10.067188,2.908485,2.487127,0.132667
1779541800.275703,0,1,16.059166,10.072231,2.919058,2.513451,0.116378
1779541800.285421,0,1,16.034567,10.077033,2.929417,2.513451,0.116378
1779541800.295681,0,1,16.009914,10.081568,2.939920,2.513451,0.116378
1779541800.305218,0,1,15.985212,10.085887,2.949926,2.546759,0.072922
1779541800.315701,0,1,15.960461,10.090034,2.959088,2.546759,0.072922
1779541800.325251,0,1,15.935658,10.093977,2.967987,2.546759,0.072922
1779541800.335323,0,1,15.910807,10.097762,2.976135,2.577400,0.041451
1779541800.345591,0,1,15.885908,10.101433,2.983281,2.577400,0.041451
1779541800.355702,0,1,15.860958,10.104955,2.990059,2.577400,0.041451
1779541800.365589,0,1,15.835959,10.108376,2.996026,2.609434,0.009738
1779541800.375709,0,1,15.810911,10.111738,3.000952,2.609434,0.009738
1779541800.385482,0,1,15.785811,10.115007,3.005485,2.609434,0.009738
1779541800.395870,0,1,15.760660,10.118232,3.009191,2.641468,-0.015557
1779541800.405620,0,1,15.735458,10.121453,3.011849,2.641468,-0.015557
1779541800.415566,0,1,15.710202,10.124638,3.014104,2.641468,-0.015557
1779541800.425637,0,1,15.684903,10.127834,3.015528,2.641468,-0.015557
1779541800.435704,0,1,15.659559,10.131084,3.015899,2.673412,-0.032550
1779541800.445500,0,1,15.634160,10.134356,3.015862,2.673412,-0.032550
1779541800.455653,0,1,15.608717,10.137697,3.014988,2.673412,-0.032550
1779541800.465984,0,1,15.583237,10.141148,3.013055,2.673412,-0.032550
1779541800.475650,0,1,15.557710,10.144680,3.010707,2.713559,-0.038526
1779541800.485775,0,1,15.532131,10.148315,3.007816,2.713559,-0.038526
1779541800.495892,0,1,15.506501,10.152027,3.004842,2.713559,-0.038526
1779541800.505303,0,1,15.480827,10.155842,3.001537,2.713559,-0.038526
1779541800.515198,0,1,15.455107,10.159734,2.998290,2.713559,-0.038526
1779541800.525794,0,1,15.429350,10.163730,2.994802,2.713559,-0.038526
1779541800.535773,0,1,15.403553,10.167804,2.991431,2.713559,-0.038526
1779541800.545234,0,1,15.377724,10.171983,2.987858,2.713559,-0.038526
1779541800.555707,0,1,15.351861,10.176243,2.984428,2.713559,-0.038526
1779541800.565462,0,1,15.325971,10.180609,2.980813,2.713559,-0.038526
1779541800.575811,0,1,15.300053,10.185057,2.977351,2.713559,-0.038526
1779541800.585431,0,1,15.274114,10.189613,2.973711,2.713559,-0.038526
1779541800.595773,0,1,15.248150,10.194252,2.970229,2.713559,-0.038526
1779541800.605308,0,1,15.222169,10.198999,2.966572,2.713559,-0.038526
1779541800.615627,0,1,15.196168,10.203830,2.963076,2.713559,-0.038526
1779541800.625782,0,1,15.170155,10.208771,2.959405,2.713559,-0.038526
1779541800.635744,0,1,15.144126,10.213795,2.955897,2.713559,-0.038526
1779541800.645094,0,1,15.118088,10.218930,2.952215,2.713559,-0.038526
1779541800.655416,0,1,15.092038,10.224149,2.948696,2.713559,-0.038526
1779541800.666089,0,1,15.065983,10.229478,2.945003,2.713559,-0.038526
1779541800.675333,0,1,15.039872,10.234902,2.941494,2.913446,0.078877
1779541800.685624,0,1,15.013669,10.240455,2.937849,2.913446,0.078877
1779541800.695646,0,1,14.987377,10.246084,2.934664,2.873533,0.118791
1779541800.705731,0,1,14.961007,10.251718,2.932584,2.833210,0.159113
1779541800.715704,0,1,14.934557,10.257291,2.932052,2.833210,0.159113
1779541800.725894,0,1,14.908019,10.262743,2.933370,2.833210,0.159113
1779541800.735790,0,1,14.881393,10.268011,2.936751,2.793381,0.198942
1779541800.745922,0,1,14.854690,10.273031,2.942356,2.753429,0.226685
1779541800.755536,0,1,14.827914,10.277740,2.950283,2.753429,0.226685
1779541800.765587,0,1,14.801058,10.282078,2.960592,2.753429,0.226685
1779541800.775986,0,1,14.774143,10.285978,2.973371,2.705144,0.247607
1779541800.785480,0,1,14.747190,10.289398,2.988361,2.705144,0.247607
1779541800.795636,0,1,14.720245,10.292368,3.004599,2.665332,0.252604
1779541800.805205,0,1,14.693338,10.294858,3.021988,2.665332,0.252604
1779541800.815552,0,1,14.666501,10.296894,3.039874,2.625369,0.240152
1779541800.825475,0,1,14.639758,10.298442,3.058389,2.625369,0.240152
1779541800.835869,0,1,14.613132,10.299527,3.077025,2.585531,0.211382
1779541800.845348,0,1,14.586641,10.300117,3.096024,2.585531,0.211382
1779541800.855866,0,1,14.560304,10.300268,3.114625,2.545333,0.171185
1779541800.865774,0,1,14.534136,10.300022,3.132372,2.545333,0.171185
1779541800.875741,0,1,14.508150,10.299345,3.149848,2.505303,0.131155
1779541800.885526,0,1,14.482356,10.298289,3.166482,2.505303,0.131155
1779541800.895739,0,1,14.456722,10.296926,3.181591,2.505303,0.131155
1779541800.905441,0,1,14.431193,10.295287,3.195050,2.535035,0.071689
1779541800.916044,0,1,14.405730,10.293333,3.207657,2.535035,0.071689
1779541800.925600,0,1,14.380307,10.291114,3.219081,2.561240,0.019279
1779541800.935765,0,1,14.354897,10.288699,3.228889,2.561240,0.019279
1779541800.945402,0,1,14.329495,10.286155,3.236828,2.561240,0.019279
1779541800.955680,0,1,14.304091,10.283545,3.242732,2.581221,-0.020682
1779541800.965475,0,1,14.278678,10.280904,3.246795,2.581221,-0.020682
1779541800.975882,0,1,14.253253,10.278197,3.249945,2.605210,-0.068660
1779541800.985626,0,1,14.227807,10.275471,3.251928,2.605210,-0.068660
1779541800.995635,0,1,14.202333,10.272797,3.252336,2.605210,-0.068660
1779541801.005470,0,1,14.176827,10.270239,3.250904,2.605210,-0.068660
1779541801.015507,0,1,14.151286,10.267833,3.247755,2.605210,-0.068660
1779541801.025636,0,1,14.125714,10.265546,3.243768,2.605210,-0.068660
1779541801.036035,0,1,14.100113,10.263401,3.238960,2.605210,-0.068660
1779541801.045552,0,1,14.074485,10.261369,3.233898,2.605210,-0.068660
1779541801.055426,0,1,14.048830,10.259481,3.228393,2.605210,-0.068660
1779541801.065746,0,1,14.023150,10.257711,3.222881,2.605210,-0.068660
1779541801.075644,0,1,13.997447,10.256089,3.217087,2.605210,-0.068660
1779541801.085660,0,1,13.971721,10.254590,3.211389,2.605210,-0.068660
1779541801.095644,0,1,13.945974,10.253243,3.205474,2.605210,-0.068660
1779541801.105052,0,1,13.920207,10.252024,3.199700,2.605210,-0.068660
1779541801.115374,0,1,13.894388,10.250960,3.193762,2.745323,-0.047272
1779541801.125264,0,1,13.868487,10.250025,3.188008,2.745323,-0.047272
1779541801.135521,0,1,13.842504,10.249246,3.182098,2.765131,-0.071741
1779541801.145442,0,1,13.816438,10.248573,3.176646,2.765131,-0.071741
1779541801.155470,0,1,13.790291,10.247965,3.172003,2.785128,-0.048547
1779541801.165712,0,1,13.764061,10.247479,3.167322,2.785128,-0.048547
1779541801.175476,0,1,13.737747,10.247163,3.162103,2.805225,-0.024100
1779541801.186084,0,1,13.711349,10.246963,3.157089,2.805225,-0.024100
1779541801.195689,0,1,13.684868,10.246809,3.153009,2.821258,-0.012431
1779541801.205457,0,1,13.658305,10.246662,3.150057,2.821258,-0.012431
1779541801.215605,0,1,13.631659,10.246557,3.147577,2.841364,0.012261
1779541801.225440,0,1,13.604928,10.246472,3.145682,2.841364,0.012261
1779541801.235587,0,1,13.578111,10.246436,3.143899,2.865276,0.049333
1779541801.245485,0,1,13.551208,10.246399,3.142755,2.865276,0.049333
1779541801.255387,0,1,13.524216,10.246292,3.142839,2.885111,0.071085
1779541801.265087,0,1,13.497137,10.246077,3.144254,2.885111,0.071085
1779541801.275538,0,1,13.469970,10.245787,3.146286,2.905232,0.089249
1779541801.285480,0,1,13.442714,10.245373,3.149297,2.905232,0.089249
1779541801.295275,0,1,13.415388,10.244791,3.153490,2.857272,0.104973
1779541801.305707,0,1,13.388006,10.244074,3.158209,2.857272,0.104973
1779541801.315223,0,1,13.360581,10.243168,3.163865,2.824643,0.116526
1779541801.325394,0,1,13.333126,10.242031,3.170682,2.824643,0.116526
1779541801.335247,0,1,13.305656,10.240691,3.178010,2.777189,0.117541
1779541801.345409,0,1,13.278184,10.239124,3.185971,2.777189,0.117541
1779541801.355107,0,1,13.250733,10.237355,3.194093,2.737462,0.116245
1779541801.365467,0,1,13.223322,10.235357,3.202620,2.737462,0.116245
1779541801.375490,0,1,13.195937,10.233153,3.211108,2.757461,0.107828
1779541801.385562,0,1,13.168567,10.230713,3.219838,2.757461,0.107828
1779541801.395504,0,1,13.141207,10.228060,3.228438,2.777571,0.095227
1779541801.405759,0,1,13.113858,10.225165,3.237230,2.777571,0.095227
1779541801.415777,0,1,13.086517,10.222079,3.245564,2.777571,0.095227
1779541801.425742,0,1,13.059175,10.218844,3.253057,2.802920,0.070914
1779541801.435508,0,1,13.031831,10.215425,3.260263,2.802920,0.070914
1779541801.445439,0,1,13.004480,10.211845,3.266994,2.822934,0.054882
1779541801.455336,0,1,12.977124,10.208075,3.273688,2.822934,0.054882
1779541801.465386,0,1,12.949753,10.204164,3.279775,2.843225,0.037056
1779541801.475536,0,1,12.922359,10.200156,3.284929,2.843225,0.037056
1779541801.485254,0,1,12.894947,10.196020,3.289739,2.843225,0.037056
1779541801.495321,0,1,12.867518,10.191780,3.294043,2.843225,0.037056
1779541801.505081,0,1,12.840076,10.187409,3.298290,2.843225,0.037056
1779541801.516074,0,1,12.812620,10.182933,3.302222,2.843225,0.037056
1779541801.525337,0,1,12.785157,10.178328,3.306228,2.843225,0.037056
1779541801.535855,0,1,12.757682,10.173621,3.310004,2.843225,0.037056
1779541801.545460,0,1,12.730202,10.168786,3.313912,2.843225,0.037056
1779541801.555526,0,1,12.702715,10.163851,3.317629,2.843225,0.037056
1779541801.565650,0,1,12.675226,10.158790,3.321502,2.843225,0.037056
1779541801.575132,0,1,12.647732,10.153631,3.325200,2.843225,0.037056
1779541801.585626,0,1,12.620239,10.148349,3.329065,2.843225,0.037056
1779541801.595653,0,1,12.592744,10.142969,3.332762,2.843225,0.037056
1779541801.605542,0,1,12.565253,10.137467,3.336630,2.843225,0.037056
1779541801.615189,0,1,12.537762,10.131869,3.340332,2.843225,0.037056
1779541801.625412,0,1,12.510242,10.126142,3.344184,3.000000,-0.005494
1779541801.635468,0,1,12.482653,10.120304,3.347848,3.000000,-0.005494
1779541801.645716,0,1,12.455005,10.114332,3.351666,3.000000,-0.005494
1779541801.655560,0,1,12.427292,10.108276,3.355023,3.000000,-0.037153
1779541801.665512,0,1,12.399502,10.102204,3.357254,3.000000,-0.037153
1779541801.675402,0,1,12.371627,10.096181,3.357903,3.000000,-0.037153
1779541801.685340,0,1,12.343661,10.090244,3.356951,3.000000,-0.047421
1779541801.695412,0,1,12.315615,10.084363,3.355185,3.000000,-0.047421
1779541801.705158,0,1,12.287487,10.078559,3.352588,3.000000,-0.047421
1779541801.715289,0,1,12.259286,10.072810,3.349705,3.000000,-0.056123
1779541801.725518,0,1,12.231009,10.067143,3.346348,3.000000,-0.056123
1779541801.735423,0,1,12.202665,10.061535,3.342949,3.000000,-0.056123
1779541801.745330,0,1,12.174249,10.056017,3.339244,3.000000,-0.050378
1779541801.755481,0,1,12.145769,10.050565,3.335609,3.000000,-0.050378
1779541801.765667,0,1,12.117222,10.045210,3.331743,3.000000,-0.028395
1779541801.775531,0,1,12.088616,10.039929,3.327999,3.000000,-0.028395
1779541801.785296,0,1,12.059946,10.034751,3.324058,3.000000,-0.028395
1779541801.795410,0,1,12.031225,10.029627,3.320565,3.000000,-0.003319
1779541801.805165,0,1,12.002462,10.024516,3.317911,3.000000,-0.003319
1779541801.815539,0,1,11.973653,10.019450,3.315551,3.000000,0.017461
1779541801.825292,0,1,11.944804,10.014407,3.313674,3.000000,0.017461
1779541801.835670,0,1,11.915911,10.009415,3.311845,3.000000,0.017461
1779541801.845441,0,1,11.886986,10.004424,3.310633,3.000000,0.050270
1779541801.855293,0,1,11.858037,9.999390,3.310378,3.000000,0.050270
1779541801.865719,0,1,11.829060,9.994343,3.310498,3.000000,0.069815
1779541801.875627,0,1,11.800066,9.989233,3.311460,3.000000,0.069815
1779541801.885522,0,1,11.771068,9.983991,3.313840,3.000000,0.088102
1779541801.895623,0,1,11.742077,9.978575,3.317730,3.000000,0.088102
1779541801.905125,0,1,11.713097,9.973020,3.322381,2.960903,0.103760
1779541801.915550,0,1,11.684144,9.967299,3.327843,2.960903,0.103760
1779541801.925414,0,1,11.655215,9.961439,3.333573,2.960903,0.103760
1779541801.935417,0,1,11.626365,9.955393,3.340126,2.907065,0.112767
1779541801.945871,0,1,11.597643,9.949118,3.347821,2.907065,0.112767
1779541801.955630,0,1,11.569082,9.942652,3.356038,2.851227,0.115235
1779541801.965634,0,1,11.540721,9.935973,3.364931,2.851227,0.115235
1779541801.975565,0,1,11.512528,9.929103,3.373936,2.851227,0.115235
1779541801.986305,0,1,11.484491,9.922004,3.383276,2.851227,0.115235
1779541801.995556,0,1,11.456587,9.914698,3.392516,2.851227,0.115235
1779541802.005957,0,1,11.428813,9.907152,3.401954,2.851227,0.115235
1779541802.015617,0,1,11.401153,9.899387,3.411212,2.851227,0.115235
1779541802.025509,0,1,11.373607,9.891374,3.420621,2.851227,0.115235
1779541802.035794,0,1,11.346162,9.883134,3.429827,2.851227,0.115235
1779541802.045833,0,1,11.318823,9.874641,3.439173,2.851227,0.115235
1779541802.055319,0,1,11.291579,9.865919,3.448315,2.851227,0.115235
1779541802.065128,0,1,11.264438,9.856941,3.457599,2.851227,0.115235
1779541802.075085,0,1,11.237389,9.847732,3.466687,2.851227,0.115235
1779541802.085248,0,1,11.210441,9.838268,3.475924,2.851227,0.115235
1779541802.095338,0,1,11.183585,9.828572,3.484970,2.851227,0.115235
1779541802.105541,0,1,11.156795,9.818609,3.494119,2.999179,0.009425
1779541802.116085,0,1,11.130030,9.808390,3.503020,2.999179,0.009425
1779541802.125278,0,1,11.103304,9.797893,3.512042,3.000000,-0.023567
1779541802.135181,0,1,11.076602,9.787169,3.520580,3.000000,-0.023567
1779541802.145882,0,1,11.049903,9.776283,3.527972,3.000000,-0.049038
1779541802.155243,0,1,11.023185,9.765297,3.533761,3.000000,-0.049038
1779541802.165570,0,1,10.996426,9.754272,3.537630,3.000000,-0.049038
1779541802.175761,0,1,10.969604,9.743267,3.539363,3.000000,-0.074242
1779541802.185603,0,1,10.942708,9.732317,3.539107,3.000000,-0.074242
1779541802.195441,0,1,10.915761,9.721397,3.537774,2.959745,-0.099838
1779541802.205451,0,1,10.888754,9.710559,3.535120,2.959745,-0.099838
1779541802.215450,0,1,10.861671,9.699878,3.530718,2.912009,-0.121815
1779541802.225755,0,1,10.834509,9.689399,3.524577,2.912009,-0.121815
1779541802.235294,0,1,10.807279,9.679098,3.517540,2.912009,-0.121815
1779541802.245239,0,1,10.780024,9.669021,3.509550,2.853364,-0.115520
1779541802.255296,0,1,10.752794,9.659164,3.501177,2.853364,-0.115520
1779541802.265314,0,1,10.725606,9.649568,3.492225,2.804975,-0.104538
1779541802.275276,0,1,10.698490,9.640219,3.483179,2.804975,-0.104538
1779541802.285226,0,1,10.671390,9.631135,3.473836,2.824976,-0.085333
1779541802.295610,0,1,10.644281,9.622281,3.464641,2.824976,-0.085333
1779541802.305450,0,1,10.617142,9.613686,3.455277,2.824976,-0.085333
1779541802.316398,0,1,10.589963,9.605293,3.446437,2.848949,-0.037387
1779541802.325355,0,1,10.562734,9.597056,3.438517,2.848949,-0.037387
1779541802.335416,0,1,10.535442,9.589006,3.430943,2.869023,-0.002950
1779541802.345047,0,1,10.508098,9.581097,3.424196,2.869023,-0.002950
1779541802.355403,0,1,10.480716,9.573260,3.418851,2.889081,0.033692
1779541802.365443,0,1,10.453304,9.565458,3.414991,2.889081,0.033692
1779541802.375160,0,1,10.425849,9.557721,3.411856,2.909022,0.069109
1779541802.385191,0,1,10.398362,9.550003,3.409796,2.909022,0.069109
1779541802.395453,0,1,10.370871,9.542236,3.409301,2.869233,0.102142
1779541802.405389,0,1,10.343405,9.534358,3.410709,2.869233,0.102142
1779541802.415687,0,1,10.316013,9.526313,3.414279,2.829170,0.127643
1779541802.425049,0,1,10.288732,9.518069,3.419874,2.829170,0.127643
1779541802.435496,0,1,10.261580,9.509667,3.426568,2.789185,0.147696
1779541802.445103,0,1,10.234589,9.501089,3.434311,2.789185,0.147696
1779541802.455500,0,1,10.207771,9.492365,3.442472,2.749122,0.158528
1779541802.465567,0,1,10.181160,9.483443,3.451534,2.749122,0.158528
1779541802.475297,0,1,10.154787,9.474282,3.461773,2.709155,0.155917
1779541802.488563,0,1,10.128654,9.464914,3.472486,2.709155,0.155917
1779541802.495515,0,1,10.102745,9.455303,3.483758,2.709155,0.155917
1779541802.505307,0,1,10.077032,9.445466,3.495053,2.709155,0.155917
1779541802.515333,0,1,10.051509,9.435369,3.506617,2.709155,0.155917
1779541802.525267,0,1,10.026156,9.425032,3.518031,2.709155,0.155917
1779541802.535405,0,1,10.000975,9.414422,3.529607,2.709155,0.155917
1779541802.545362,0,1,9.975949,9.403563,3.540979,2.709155,0.155917
1779541802.555041,0,1,9.951085,9.392425,3.552484,2.709155,0.155917
1779541802.565107,0,1,9.926369,9.381032,3.563776,2.709155,0.155917
1779541802.575618,0,1,9.901811,9.369358,3.575200,2.709155,0.155917
1779541802.585313,0,1,9.877398,9.357427,3.586416,2.709155,0.155917
1779541802.595423,0,1,9.853141,9.345216,3.597772,2.709155,0.155917
1779541802.605515,0,1,9.829029,9.332748,3.608930,2.709155,0.155917
1779541802.615132,0,1,9.805074,9.320002,3.620237,2.709155,0.155917
1779541802.626646,0,1,9.781232,9.306983,3.631296,2.858728,-0.016361
1779541802.635590,0,1,9.757485,9.293654,3.642426,2.858728,-0.016361
1779541802.645780,0,1,9.733810,9.280058,3.653041,2.878499,-0.055902
1779541802.655417,0,1,9.710171,9.266257,3.662506,2.878499,-0.055902
1779541802.665468,0,1,9.686538,9.252307,3.670394,2.898141,-0.095187
1779541802.675812,0,1,9.662876,9.238259,3.676416,2.898141,-0.095187
1779541802.685579,0,1,9.639168,9.224174,3.680378,2.857034,-0.136293
1779541802.695734,0,1,9.615392,9.210111,3.682139,2.857034,-0.136293
1779541802.705444,0,1,9.591529,9.196130,3.681593,2.803903,-0.172858
1779541802.715140,0,1,9.567562,9.182293,3.678662,2.803903,-0.172858
1779541802.724990,0,1,9.543471,9.168663,3.673283,2.763911,-0.204317
1779541802.735397,0,1,9.519238,9.155303,3.665414,2.763911,-0.204317
1779541802.745477,0,1,9.494836,9.142269,3.655041,2.763911,-0.204317
1779541802.755485,0,1,9.470288,9.129622,3.642372,2.715896,-0.214757
1779541802.765678,0,1,9.445646,9.117352,3.628416,2.715896,-0.214757
1779541802.775565,0,1,9.420916,9.105491,3.613294,2.683954,-0.221611
1779541802.786073,0,1,9.396124,9.094024,3.597701,2.683954,-0.221611
1779541802.795597,0,1,9.371284,9.082992,3.581466,2.636015,-0.182302
1779541802.805450,0,1,9.346429,9.072385,3.565107,2.636015,-0.182302
1779541802.815454,0,1,9.321562,9.062238,3.548370,2.594844,-0.145731
1779541802.825451,0,1,9.296714,9.052506,3.532040,2.594844,-0.145731
1779541802.835582,0,1,9.271868,9.043110,3.516980,2.614388,-0.106645
1779541802.845384,0,1,9.247000,9.034003,3.503389,2.614388,-0.106645
1779541802.855318,0,1,9.222063,9.025210,3.490544,2.638338,-0.058743
1779541802.865406,0,1,9.197047,9.016677,3.478827,2.638338,-0.058743
1779541802.875282,0,1,9.171969,9.008335,3.468696,2.658384,-0.018652
1779541802.885816,0,1,9.146840,9.000121,3.460445,2.658384,-0.018652
1779541802.895371,0,1,9.121676,8.991974,3.454261,2.683450,0.031480
1779541802.905762,0,1,9.096483,8.983858,3.449963,2.683450,0.031480
1779541802.915478,0,1,9.071251,8.975805,3.446622,2.683450,0.031480
1779541802.925711,0,1,9.045992,8.967769,3.444489,2.703402,0.071385
1779541802.935554,0,1,9.020715,8.959705,3.443673,2.703402,0.071385
1779541802.945499,0,1,8.995410,8.951642,3.443441,2.714727,0.111547
1779541802.955502,0,1,8.970092,8.943529,3.444171,2.714727,0.111547
1779541802.965430,0,1,8.944792,8.935302,3.446362,2.674454,0.151820
1779541802.975637,0,1,8.919544,8.926899,3.450351,2.674454,0.151820
1779541802.985478,0,1,8.894368,8.918261,3.456357,2.674454,0.151820
1779541802.995432,0,1,8.869280,8.909353,3.464222,2.674454,0.151820
1779541803.005589,0,1,8.844270,8.900210,3.473030,2.674454,0.151820
1779541803.015494,0,1,8.819350,8.890810,3.482739,2.674454,0.151820
1779541803.026104,0,1,8.794513,8.881177,3.492757,2.674454,0.151820
1779541803.035747,0,1,8.769773,8.871287,3.503258,2.674454,0.151820
1779541803.045626,0,1,8.745123,8.861160,3.513793,2.674454,0.151820
1779541803.055468,0,1,8.720577,8.850772,3.524628,2.674454,0.151820
1779541803.065091,0,1,8.696129,8.840144,3.535378,2.674454,0.151820
1779541803.075290,0,1,8.671795,8.829250,3.546352,2.674454,0.151820
1779541803.085204,0,1,8.647566,8.818113,3.557190,2.674454,0.151820
1779541803.095529,0,1,8.623429,8.806695,3.568171,2.809058,0.082878
1779541803.105075,0,1,8.599348,8.795005,3.578939,2.809058,0.082878
1779541803.115575,0,1,8.575342,8.783022,3.589853,2.809058,0.082878
1779541803.125266,0,1,8.551388,8.770789,3.600296,2.837164,0.085197
1779541803.135369,0,1,8.527453,8.758365,3.609616,2.837164,0.085197
1779541803.145134,0,1,8.503524,8.745786,3.617681,2.837164,0.085197
1779541803.155499,0,1,8.479615,8.733017,3.625187,2.865023,0.039852
1779541803.165707,0,1,8.455715,8.720078,3.632049,2.865023,0.039852
1779541803.175471,0,1,8.431838,8.706942,3.638762,2.885040,0.008859
1779541803.185684,0,1,8.407958,8.693653,3.644811,2.885040,0.008859
1779541803.195073,0,1,8.384042,8.680269,3.649611,2.905003,-0.019163
1779541803.205680,0,1,8.360071,8.666825,3.653061,2.905003,-0.019163
1779541803.215353,0,1,8.336058,8.653291,3.655883,2.929094,-0.043057
1779541803.225469,0,1,8.311980,8.639706,3.657718,2.929094,-0.043057
1779541803.235578,0,1,8.287801,8.626131,3.658083,2.949070,-0.066951
1779541803.245543,0,1,8.263502,8.612600,3.656943,2.949070,-0.066951
1779541803.256151,0,1,8.239101,8.599086,3.655064,2.949070,-0.066951
1779541803.265343,0,1,8.214574,8.585633,3.652120,2.974314,-0.088560
1779541803.275478,0,1,8.189896,8.572279,3.647941,2.974314,-0.088560
1779541803.285800,0,1,8.165095,8.559007,3.643193,2.933754,-0.098770
1779541803.295269,0,1,8.140175,8.545850,3.637771,2.904731,-0.101696
1779541803.305741,0,1,8.115157,8.532793,3.632168,2.904731,-0.101696
1779541803.315127,0,1,8.090013,8.519882,3.625868,2.924728,-0.095804
1779541803.325542,0,1,8.064720,8.507160,3.618572,2.924728,-0.095804
1779541803.335739,0,1,8.039302,8.494580,3.611182,2.944801,-0.085897
1779541803.345398,0,1,8.013775,8.482103,3.604258,2.944801,-0.085897
1779541803.355633,0,1,7.988125,8.469757,3.597375,2.964743,-0.072123
1779541803.365008,0,1,7.962359,8.457524,3.590799,2.964743,-0.072123
1779541803.375382,0,1,7.936462,8.445431,3.584154,2.984761,-0.052873
1779541803.385359,0,1,7.910444,8.433457,3.577740,2.984761,-0.052873
1779541803.395315,0,1,7.884293,8.421627,3.571204,3.000000,-0.030971
1779541803.405373,0,1,7.858030,8.409897,3.565159,3.000000,-0.030971
1779541803.415558,0,1,7.831684,8.398206,3.560270,3.000000,-0.008483
1779541803.425486,0,1,7.805276,8.386520,3.556696,3.000000,-0.008483
1779541803.435516,0,1,7.778793,8.374871,3.553737,3.000000,0.014879
1779541803.445084,0,1,7.752246,8.363239,3.551477,3.000000,0.014879
1779541803.454997,0,1,7.725628,8.351651,3.549409,3.000000,0.038837
1779541803.465335,0,1,7.698961,8.340059,3.548050,3.000000,0.038837
1779541803.475614,0,1,7.672276,8.328400,3.548006,3.000000,0.038837
1779541803.485175,0,1,7.645592,8.316635,3.549392,3.000000,0.038837
1779541803.495483,0,1,7.618897,8.304794,3.551476,3.000000,0.038837
1779541803.505372,0,1,7.592205,8.292854,3.554316,3.000000,0.038837
1779541803.515265,0,1,7.565508,8.280839,3.557391,3.000000,0.038837
1779541803.525429,0,1,7.538818,8.268722,3.560905,3.000000,0.038837
1779541803.535515,0,1,7.512129,8.256526,3.564436,3.000000,0.038837
1779541803.545120,0,1,7.485455,8.244223,3.568258,3.000000,0.038837
1779541803.555545,0,1,7.458787,8.231835,3.571995,3.000000,0.038837
1779541803.565474,0,1,7.432139,8.219336,3.575955,3.000000,0.038837
1779541803.575349,0,1,7.405504,8.206747,3.579784,3.000000,0.038837
1779541803.585473,0,1,7.378896,8.194043,3.583805,3.000000,0.056415
1779541803.595313,0,1,7.352304,8.181247,3.587674,3.000000,0.056415
1779541803.605080,0,1,7.325744,8.168333,3.591723,3.000000,0.081021
1779541803.615554,0,1,7.299205,8.155324,3.595610,3.000000,0.081021
1779541803.625261,0,1,7.272713,8.142172,3.599976,3.000000,0.077957
1779541803.635095,0,1,7.246291,8.128836,3.605210,3.000000,0.077957
1779541803.645185,0,1,7.219926,8.115345,3.610759,3.000000,0.070863
1779541803.655698,0,1,7.193633,8.101676,3.616808,3.000000,0.070863
1779541803.665016,0,1,7.167400,8.087853,3.622918,3.000000,0.067651
1779541803.675635,0,1,7.141243,8.073852,3.629353,3.000000,0.067651
1779541803.685370,0,1,7.115152,8.059697,3.635728,3.000000,0.060344
1779541803.695503,0,1,7.089142,8.045362,3.642345,3.000000,0.060344
1779541803.704963,0,1,7.063189,8.030892,3.648537,3.000000,0.049783
1779541803.715521,0,1,7.037275,8.016327,3.653897,3.000000,0.049783
1779541803.725308,0,1,7.011416,8.001638,3.658967,3.000000,0.037171
1779541803.735327,0,1,6.985601,7.986846,3.663553,3.000000,0.037171
1779541803.745498,0,1,6.959847,7.971926,3.668091,3.000000,0.023992
1779541803.755417,0,1,6.934140,7.956902,3.672312,3.000000,0.023992
1779541803.765352,0,1,6.908495,7.941751,3.676602,3.000000,0.023992
1779541803.775526,0,1,6.882886,7.926520,3.680349,3.000000,0.008244
1779541803.785809,0,1,6.857290,7.911248,3.683181,3.000000,0.008244
1779541803.795488,0,1,6.831723,7.895909,3.685670,3.000000,0.000777
1779541803.805336,0,1,6.806172,7.880526,3.687637,3.000000,0.000777
1779541803.815445,0,1,6.780652,7.865076,3.689533,3.000000,-0.005612
1779541803.825391,0,1,6.755149,7.849584,3.691095,3.000000,-0.005612
1779541803.835708,0,1,6.729675,7.834028,3.692717,3.000000,-0.008903
1779541803.845343,0,1,6.704204,7.818455,3.693789,3.000000,-0.008903
1779541803.855223,0,1,6.678710,7.802905,3.693941,3.000000,-0.007073
1779541803.865343,0,1,6.653209,7.787355,3.693746,3.000000,-0.007073
1779541803.875116,0,1,6.627687,7.771825,3.693027,3.000000,-0.004046
1779541803.885519,0,1,6.602159,7.756295,3.692235,3.000000,-0.004046
1779541803.895430,0,1,6.576610,7.740789,3.691109,3.000000,0.001018
1779541803.905451,0,1,6.551052,7.725287,3.690042,3.000000,0.001018
1779541803.915248,0,1,6.525471,7.709813,3.688731,3.000000,0.010148
1779541803.925529,0,1,6.499893,7.694325,3.687848,3.000000,0.010148
1779541803.935215,0,1,6.474341,7.678786,3.687804,3.000000,0.010148
1779541803.945800,0,1,6.448797,7.663223,3.688057,3.000000,0.031433
1779541803.955537,0,1,6.423274,7.647618,3.688801,3.000000,0.031433
1779541803.965595,0,1,6.397758,7.631996,3.689597,3.000000,0.047863
1779541803.975539,0,1,6.372262,7.616332,3.690716,3.000000,0.047863
1779541803.988337,0,1,6.346772,7.600652,3.691771,3.000000,0.047863
1779541803.995366,0,1,6.321316,7.584909,3.693374,3.000000,0.047863
1779541804.005679,0,1,6.295921,7.569064,3.695898,3.000000,0.047863
1779541804.015277,0,1,6.270568,7.553143,3.698772,3.000000,0.047863
1779541804.025139,0,1,6.245274,7.537125,3.702172,3.000000,0.047863
1779541804.035247,0,1,6.220023,7.521033,3.705647,3.000000,0.047863
1779541804.045501,0,1,6.194832,7.504842,3.709459,3.000000,0.047863
1779541804.055626,0,1,6.169688,7.488575,3.713215,3.000000,0.047863
1779541804.065497,0,1,6.144606,7.472206,3.717216,3.000000,0.047863
1779541804.075469,0,1,6.119574,7.455758,3.721098,3.000000,0.047863
1779541804.085311,0,1,6.094607,7.439206,3.725184,3.000000,0.047863
1779541804.095526,0,1,6.069693,7.422571,3.729121,3.000000,0.047863
1779541804.105165,0,1,6.044895,7.405863,3.733280,2.935937,0.095478
1779541804.115614,0,1,6.020239,7.389129,3.737313,2.935937,0.095478
1779541804.125542,0,1,5.995772,7.372334,3.741895,2.896283,0.134767
1779541804.135155,0,1,5.971533,7.355448,3.747424,2.896283,0.134767
1779541804.145623,0,1,5.947515,7.338505,3.753302,2.856167,0.143107
1779541804.155400,0,1,5.923756,7.321470,3.760047,2.856167,0.143107
1779541804.165544,0,1,5.900309,7.304288,3.768292,2.815999,0.151000
1779541804.175174,0,1,5.877206,7.286932,3.778121,2.815999,0.151000
1779541804.185453,0,1,5.854429,7.269440,3.788709,2.776929,0.156362
1779541804.195659,0,1,5.831999,7.251796,3.800097,2.776929,0.156362
1779541804.205506,0,1,5.809903,7.234029,3.811707,2.736440,0.157353
1779541804.215592,0,1,5.788165,7.216121,3.823748,2.736440,0.157353
1779541804.225509,0,1,5.766770,7.198097,3.835755,2.696936,0.149784
1779541804.235813,0,1,5.745741,7.179938,3.848016,2.696936,0.149784
1779541804.245406,0,1,5.725074,7.161679,3.860143,2.642859,0.132173
1779541804.256003,0,1,5.704799,7.143310,3.872470,2.642859,0.132173
1779541804.265207,0,1,5.684884,7.124843,3.884563,2.618724,0.119799
1779541804.275804,0,1,5.665340,7.106252,3.896752,2.618724,0.119799
1779541804.285556,0,1,5.646091,7.087542,3.908269,2.639002,0.098516
1779541804.295933,0,1,5.627074,7.068719,3.918715,2.639002,0.098516
1779541804.305511,0,1,5.608287,7.049737,3.928689,2.659272,0.078113
1779541804.315789,0,1,5.589693,7.030597,3.938029,2.659272,0.078113
1779541804.325463,0,1,5.571300,7.011273,3.947216,2.678998,0.058215
1779541804.335223,0,1,5.553061,6.991796,3.955707,2.678998,0.058215
1779541804.345518,0,1,5.534920,6.972214,3.962907,2.699120,0.042510
1779541804.355540,0,1,5.516844,6.952553,3.968726,2.699120,0.042510
1779541804.365509,0,1,5.498854,6.932789,3.973915,2.719011,0.031538
1779541804.375505,0,1,5.480927,6.912933,3.978407,2.733257,0.026755
1779541804.385759,0,1,5.463082,6.892967,3.982721,2.733257,0.026755
1779541804.395193,0,1,5.445278,6.872928,3.986344,2.733257,0.026755
1779541804.405495,0,1,5.427479,6.852844,3.988986,2.758673,0.023498
1779541804.415700,0,1,5.409703,6.832692,3.991261,2.758673,0.023498
1779541804.425336,0,1,5.391930,6.812485,3.993015,2.778630,0.027422
1779541804.435544,0,1,5.374176,6.792207,3.994705,2.778630,0.027422
1779541804.446023,0,1,5.356419,6.771872,3.996079,2.798278,0.036075
1779541804.455701,0,1,5.338675,6.751463,3.997523,2.798278,0.036075
1779541804.465156,0,1,5.320923,6.730996,3.998738,2.817660,0.050456
1779541804.475413,0,1,5.303199,6.710437,4.000380,2.817660,0.050456
1779541804.485761,0,1,5.285536,6.689761,4.002831,2.817660,0.050456
1779541804.495437,0,1,5.267912,6.668990,4.005550,2.817660,0.050456
1779541804.505177,0,1,5.250346,6.648112,4.008730,2.817660,0.050456
1779541804.515570,0,1,5.232817,6.627148,4.011941,2.817660,0.050456
1779541804.525761,0,1,5.215348,6.606081,4.015455,2.817660,0.050456
1779541804.535478,0,1,5.197918,6.584932,4.018894,2.817660,0.050456
1779541804.545783,0,1,5.180549,6.563685,4.022564,2.817660,0.050456
1779541804.555622,0,1,5.163224,6.542358,4.026110,2.817660,0.050456
1779541804.565478,0,1,5.145965,6.520935,4.029855,2.817660,0.050456
1779541804.575421,0,1,5.128751,6.499434,4.033455,2.817660,0.050456
1779541804.585371,0,1,5.111607,6.477839,4.037239,2.817660,0.050456
1779541804.595603,0,1,5.094644,6.456337,4.040963,2.548658,0.139794
1779541804.605941,0,1,5.077996,6.435048,4.045029,2.548658,0.139794
1779541804.615507,0,1,5.061619,6.413967,4.048964,2.508811,0.179641
1779541804.625537,0,1,5.045543,6.393038,4.053446,2.508811,0.179641
1779541804.635567,0,1,5.029818,6.372203,4.059185,2.468781,0.204437
1779541804.645601,0,1,5.014485,6.351410,4.066614,2.468781,0.204437
1779541804.655728,0,1,4.999561,6.330590,4.075943,2.468781,0.204437
1779541804.665872,0,1,4.985099,6.309720,4.087392,2.417970,0.221978
1779541804.675755,0,1,4.971127,6.288795,4.100733,2.417970,0.221978
1779541804.685648,0,1,4.957605,6.267850,4.114938,2.372653,0.233037
1779541804.695667,0,1,4.944551,6.246879,4.129943,2.372653,0.233037
1779541804.705510,0,1,4.931935,6.225911,4.145111,2.324501,0.231376
1779541804.716128,0,1,4.919806,6.204927,4.160957,2.324501,0.231376
1779541804.725590,0,1,4.908197,6.183910,4.177733,2.284624,0.191500
1779541804.736283,0,1,4.897071,6.162883,4.194707,2.284624,0.191500
1779541804.745368,0,1,4.886420,6.141791,4.211922,2.304610,0.151527
1779541804.756188,0,1,4.876167,6.120625,4.228548,2.304610,0.151527
1779541804.765789,0,1,4.866252,6.099441,4.243957,2.264739,0.168223
1779541804.775517,0,1,4.856617,6.078282,4.257740,2.264739,0.168223
1779541804.785774,0,1,4.847221,6.057141,4.269919,2.264739,0.168223
1779541804.796027,0,1,4.838106,6.035950,4.281620,2.292943,0.126004
1779541804.805899,0,1,4.829300,6.014657,4.293493,2.292943,0.126004
1779541804.815928,0,1,4.820742,5.993273,4.304871,2.312886,0.104011
1779541804.825207,0,1,4.812358,5.971816,4.315121,2.312886,0.104011
1779541804.836145,0,1,4.804109,5.950296,4.324162,2.332888,0.087447
1779541804.845493,0,1,4.796027,5.928699,4.332728,2.332888,0.087447
1779541804.855870,0,1,4.788067,5.907043,4.340432,2.332888,0.087447
1779541804.865490,0,1,4.780189,5.885337,4.347093,2.358640,0.065315
1779541804.876086,0,1,4.772425,5.863566,4.353379,2.358640,0.065315
1779541804.886171,0,1,4.764753,5.841738,4.359162,2.358640,0.065315
1779541804.895697,0,1,4.757202,5.819840,4.364906,2.380739,0.054696
1779541804.905760,0,1,4.749745,5.797877,4.370353,2.380739,0.054696
1779541804.915524,0,1,4.742407,5.775836,4.375889,2.408775,0.046169
1779541804.925454,0,1,4.735138,5.753730,4.380915,2.408775,0.046169
1779541804.935797,0,1,4.727897,5.731568,4.385121,2.429266,0.043102
1779541804.945825,0,1,4.720715,5.709339,4.389088,2.429266,0.043102
1779541804.955274,0,1,4.713571,5.687045,4.392635,2.452738,0.042946
1779541804.965624,0,1,4.706491,5.664674,4.396191,2.452738,0.042946
1779541804.975097,0,1,4.699451,5.642233,4.399485,2.472850,0.042877
1779541804.985216,0,1,4.692478,5.619711,4.402887,2.472850,0.042877
1779541804.995576,0,1,4.685546,5.597119,4.406089,2.472850,0.042877
1779541805.005972,0,1,4.678685,5.574451,4.409441,2.472850,0.042877
1779541805.015652,0,1,4.671868,5.551718,4.412618,2.472850,0.042877
1779541805.025673,0,1,4.665123,5.528913,4.415961,2.472850,0.042877
1779541805.035465,0,1,4.658426,5.506048,4.419138,2.472850,0.042877
1779541805.045381,0,1,4.651803,5.483117,4.422487,2.472850,0.042877
1779541805.055557,0,1,4.645230,5.460128,4.425673,2.472850,0.042877
1779541805.065645,0,1,4.638733,5.437078,4.429033,2.472850,0.042877
1779541805.075321,0,1,4.632288,5.413974,4.432230,2.472850,0.042877
1779541805.085135,0,1,4.625921,5.390813,4.435602,2.472850,0.042877
1779541805.095937,0,1,4.619607,5.367601,4.438811,2.472850,0.042877
1779541805.105582,0,1,4.613366,5.344307,4.442181,2.598192,0.094359
1779541805.115177,0,1,4.607163,5.320905,4.445377,2.617899,0.118986
1779541805.125176,0,1,4.601049,5.297383,4.449023,2.617899,0.118986
1779541805.135301,0,1,4.595090,5.273729,4.453754,2.617899,0.118986
1779541805.145444,0,1,4.589328,5.249950,4.459702,2.576379,0.132644
1779541805.155942,0,1,4.583733,5.226067,4.466175,2.576379,0.132644
1779541805.165358,0,1,4.578352,5.202085,4.473572,2.538206,0.144896
1779541805.175233,0,1,4.573229,5.178007,4.482085,2.538206,0.144896
1779541805.185698,0,1,4.568333,5.153854,4.491056,2.497783,0.154359
1779541805.195472,0,1,4.563691,5.129635,4.500611,2.497783,0.154359
1779541805.205765,0,1,4.559277,5.105376,4.510283,2.456429,0.157483
1779541805.215471,0,1,4.555121,5.081089,4.520324,2.456429,0.157483
1779541805.225690,0,1,4.551204,5.056820,4.530361,2.412122,0.154568
1779541805.235410,0,1,4.547558,5.032597,4.540701,2.412122,0.154568
1779541805.245268,0,1,4.544158,5.008444,4.550951,2.377512,0.153187
1779541805.255843,0,1,4.541034,4.984372,4.561430,2.377512,0.153187
1779541805.266032,0,1,4.538157,4.960385,4.571743,2.355646,0.147681
1779541805.275224,0,1,4.535556,4.936483,4.582220,2.355646,0.147681
1779541805.285664,0,1,4.533197,4.912622,4.592438,2.382328,0.139636
1779541805.295828,0,1,4.531103,4.888767,4.602729,2.382328,0.139636
1779541805.306268,0,1,4.529244,4.864915,4.612774,2.382328,0.139636
1779541805.315678,0,1,4.527646,4.841052,4.622922,2.406439,0.129492
1779541805.325734,0,1,4.526279,4.817167,4.632844,2.406439,0.129492
1779541805.336490,0,1,4.525169,4.793263,4.642904,2.406439,0.129492
1779541805.345749,0,1,4.524288,4.769335,4.652768,2.435947,0.119661
1779541805.355931,0,1,4.523663,4.745380,4.662781,2.435947,0.119661
1779541805.365746,0,1,4.523239,4.721401,4.672320,2.435947,0.119661
1779541805.375429,0,1,4.522973,4.697426,4.681070,2.383259,0.115317
1779541805.385554,0,1,4.522899,4.673477,4.689614,2.383259,0.115317
1779541805.396803,0,1,4.522994,4.649550,4.697739,2.383259,0.115317
1779541805.406049,0,1,4.523287,4.625664,4.705895,2.361541,0.106865
1779541805.415687,0,1,4.523752,4.601832,4.713790,2.361541,0.106865
1779541805.426075,0,1,4.524416,4.578047,4.721790,2.361541,0.101594
1779541805.435977,0,1,4.525252,4.554301,4.729562,2.361541,0.101594
1779541805.445966,0,1,4.526287,4.530591,4.737464,2.361541,0.101594
1779541805.455918,0,1,4.527495,4.506911,4.745158,2.361541,0.101093
1779541805.465878,0,1,4.528901,4.483261,4.752998,2.361541,0.101093
1779541805.476069,0,1,4.530477,4.459636,4.760644,2.361541,0.101093
1779541805.485539,0,1,4.532251,4.436036,4.768444,2.361541,0.101093
1779541805.496267,0,1,4.534195,4.412460,4.776060,2.361541,0.101093
1779541805.506065,0,1,4.536335,4.388909,4.783836,2.361541,0.101093
1779541805.515489,0,1,4.538643,4.365379,4.791432,2.361541,0.101093
1779541805.525964,0,1,4.541147,4.341875,4.799193,2.361541,0.101093
1779541805.535795,0,1,4.543819,4.318394,4.806777,2.361541,0.101093
1779541805.545883,0,1,4.546685,4.294939,4.814529,2.361541,0.101093
1779541805.555893,0,1,4.549718,4.271507,4.822106,2.361541,0.101093
1779541805.565281,0,1,4.552944,4.248104,4.829851,2.361541,0.101093
1779541805.575633,0,1,4.556337,4.224726,4.837423,2.361541,0.101093
1779541805.585534,0,1,4.559923,4.201378,4.845165,2.361541,0.101093
1779541805.595219,0,1,4.563674,4.178058,4.852735,2.361541,0.113348
1779541805.605467,0,1,4.567618,4.154770,4.860474,2.361541,0.113348
1779541805.616048,0,1,4.571727,4.131512,4.868042,2.361541,0.113348
1779541805.625406,0,1,4.576027,4.108288,4.875779,2.361541,0.122913
1779541805.635405,0,1,4.580491,4.085097,4.883346,2.361541,0.122913
1779541805.645627,0,1,4.585147,4.061943,4.891083,2.361541,0.122913
1779541805.655360,0,1,4.589966,4.038823,4.898649,2.361541,0.126599
1779541805.665297,0,1,4.594975,4.015744,4.906385,2.361541,0.126599
1779541805.675748,0,1,4.600148,3.992701,4.913950,2.361541,0.134490
1779541805.685722,0,1,4.605510,3.969702,4.921687,2.361541,0.134490
1779541805.695876,0,1,4.611035,3.946741,4.929252,2.361541,0.140688
1779541805.707196,0,1,4.616773,3.923833,4.937287,2.361541,0.140688
1779541805.715629,0,1,4.622766,3.900991,4.946132,2.361541,0.146131
1779541805.725531,0,1,4.628980,3.878207,4.955207,2.361541,0.146131
1779541805.735798,0,1,4.635436,3.855491,4.964705,2.361541,0.146131
1779541805.745826,0,1,4.642091,3.832884,4.974245,2.310044,0.156141
1779541805.755447,0,1,4.648958,3.810433,4.984121,2.310044,0.156141
1779541805.765448,0,1,4.656003,3.788152,4.993931,2.270262,0.162479
1779541805.775525,0,1,4.663243,3.766067,5.003984,2.270262,0.162479
1779541805.786182,0,1,4.670647,3.744184,5.013893,2.230244,0.166051
1779541805.795698,0,1,4.678259,3.722534,5.024306,2.230244,0.166051
1779541805.805747,0,1,4.686116,3.701143,5.035560,2.191022,0.170714
1779541805.815404,0,1,4.694175,3.680005,5.047004,2.191022,0.170714
1779541805.825252,0,1,4.702459,3.659118,5.058809,2.174398,0.172855
1779541805.835559,0,1,4.710939,3.638458,5.070492,2.174398,0.172855
1779541805.845238,0,1,4.719646,3.618015,5.082330,2.174357,0.172862
1779541805.855811,0,1,4.728556,3.597758,5.093929,2.174357,0.172862
1779541805.866285,0,1,4.737696,3.577685,5.105630,2.174357,0.172862
1779541805.875825,0,1,4.747052,3.557749,5.117048,2.200871,0.167385
1779541805.885621,0,1,4.756659,3.537936,5.128538,2.200871,0.167385
1779541805.896208,0,1,4.766491,3.518229,5.139789,2.224830,0.157382
1779541805.905249,0,1,4.776571,3.498635,5.151167,2.224830,0.157382
1779541805.915503,0,1,4.786851,3.479129,5.162054,2.245466,0.151644
1779541805.925651,0,1,4.797294,3.459687,5.172141,2.245466,0.151644
1779541805.935428,0,1,4.807930,3.440324,5.182014,2.264861,0.145682
1779541805.945572,0,1,4.818740,3.421028,5.191487,2.264861,0.145682
1779541805.956095,0,1,4.829751,3.401810,5.200989,2.288870,0.138925
1779541805.965831,0,1,4.840943,3.382656,5.210238,2.288870,0.138925
1779541805.975870,0,1,4.852338,3.363582,5.219612,2.288870,0.138925
1779541805.985643,0,1,4.863912,3.344580,5.228797,2.288870,0.138925
1779541805.995720,0,1,4.875687,3.325666,5.238145,2.288870,0.138925
1779541806.005575,0,1,4.887638,3.306828,5.247326,2.288870,0.138925
1779541806.015427,0,1,4.899789,3.288085,5.256683,2.288870,0.138925
1779541806.025487,0,1,4.912114,3.269426,5.265880,2.288870,0.138925
1779541806.035392,0,1,4.924635,3.250867,5.275257,2.288870,0.138925
1779541806.046507,0,1,4.937329,3.232397,5.284476,2.288870,0.138925
1779541806.055641,0,1,4.950217,3.214033,5.293876,2.288870,0.138925
1779541806.065845,0,1,4.963275,3.195765,5.303117,2.288870,0.138925
1779541806.075401,0,1,4.976525,3.177609,5.312539,2.288870,0.138925
1779541806.085629,0,1,4.989943,3.159553,5.321801,2.288870,0.138925
1779541806.095685,0,1,5.003550,3.141615,5.331243,2.288870,0.138925
1779541806.105254,0,1,5.017322,3.123781,5.340525,2.288870,0.138925
1779541806.115208,0,1,5.031281,3.106072,5.349985,2.288870,0.138925
1779541806.125538,0,1,5.045429,3.088442,5.359247,2.454051,0.100786
1779541806.135297,0,1,5.059807,3.070880,5.368635,2.454051,0.100786
1779541806.145474,0,1,5.074377,3.053356,5.377563,2.474398,0.096952
1779541806.155685,0,1,5.089107,3.035846,5.385729,2.474398,0.096952
1779541806.165334,0,1,5.104019,3.018373,5.393700,2.474398,0.096952
1779541806.175393,0,1,5.119100,3.000924,5.401290,2.504781,0.086571
1779541806.185644,0,1,5.134372,2.983518,5.408917,2.504781,0.086571
1779541806.195264,0,1,5.149797,2.966126,5.416027,2.504781,0.086571
1779541806.205621,0,1,5.165347,2.948721,5.422325,2.534403,0.077419
1779541806.215803,0,1,5.181049,2.931324,5.428387,2.534403,0.077419
1779541806.225654,0,1,5.196885,2.913927,5.434041,2.534403,0.077419
1779541806.235348,0,1,5.212878,2.896546,5.439712,2.564812,0.073275
1779541806.245588,0,1,5.229015,2.879167,5.445130,2.564812,0.073275
1779541806.255488,0,1,5.245311,2.861811,5.450666,2.564812,0.073275
1779541806.265331,0,1,5.261752,2.844461,5.456013,2.594523,0.073980
1779541806.275627,0,1,5.278358,2.827135,5.461514,2.594523,0.073980
1779541806.286182,0,1,5.295113,2.809817,5.466851,2.614025,0.076367
1779541806.295686,0,1,5.312034,2.792525,5.472358,2.614025,0.076367
1779541806.305705,0,1,5.329105,2.775243,5.477713,2.636828,0.079924
1779541806.315753,0,1,5.346346,2.757990,5.483245,2.636828,0.079924
1779541806.325698,0,1,5.363739,2.740749,5.488627,2.661014,0.083533
1779541806.335431,0,1,5.381303,2.723539,5.494189,2.661014,0.083533
1779541806.345594,0,1,5.399022,2.706343,5.499605,2.680847,0.086802
1779541806.355287,0,1,5.416914,2.689180,5.505202,2.680847,0.086802
1779541806.365977,0,1,5.434962,2.672035,5.510653,2.700813,0.090204
1779541806.375706,0,1,5.453182,2.654927,5.516287,2.700813,0.090204
1779541806.385978,0,1,5.471556,2.637843,5.521779,2.700813,0.090204
1779541806.395431,0,1,5.490102,2.620802,5.527454,2.724873,0.094546
1779541806.405734,0,1,5.508804,2.603786,5.532984,2.724873,0.094546
1779541806.417487,0,1,5.527680,2.586815,5.538694,2.748876,0.097231
1779541806.426148,0,1,5.546714,2.569871,5.544260,2.748876,0.097231
1779541806.436193,0,1,5.565938,2.552996,5.550300,2.748876,0.097231
1779541806.445623,0,1,5.585379,2.536225,5.557160,2.774100,0.100637
1779541806.455622,0,1,5.605019,2.519535,5.564294,2.774100,0.100637
1779541806.465401,0,1,5.624873,2.502945,5.571884,2.796313,0.103358
1779541806.475694,0,1,5.644924,2.486437,5.579512,2.796313,0.103358
1779541806.485602,0,1,5.665183,2.470035,5.587449,2.796313,0.103358
1779541806.495629,0,1,5.685631,2.453724,5.595328,2.796313,0.103358
1779541806.505477,0,1,5.706282,2.437529,5.603452,2.796313,0.103358
1779541806.515841,0,1,5.727114,2.421436,5.611477,2.796313,0.103358
1779541806.525275,0,1,5.748142,2.405471,5.619718,2.796313,0.103358
1779541806.535305,0,1,5.769347,2.389616,5.627839,2.796313,0.103358
1779541806.545138,0,1,5.790742,2.373899,5.636164,2.796313,0.103358
1779541806.555399,0,1,5.812308,2.358303,5.644357,2.796313,0.103358
1779541806.565724,0,1,5.834058,2.342853,5.652747,2.796313,0.103358
1779541806.575295,0,1,5.855975,2.327533,5.661000,2.796313,0.103358
1779541806.585210,0,1,5.878069,2.312368,5.669445,2.796313,0.103358
1779541806.595698,0,1,5.900351,2.297324,5.677716,2.928758,0.070133
1779541806.605686,0,1,5.922856,2.282409,5.686127,2.928758,0.070133
1779541806.615216,0,1,5.945552,2.267585,5.694085,2.928758,0.070133
1779541806.625487,0,1,5.968416,2.252819,5.701241,2.953973,0.057784
1779541806.635908,0,1,5.991465,2.238138,5.708138,2.953973,0.057784
1779541806.645398,0,1,6.014675,2.223502,5.714307,2.976836,0.047310
1779541806.655460,0,1,6.038022,2.208877,5.719485,2.976836,0.047310
1779541806.665471,0,1,6.061524,2.194292,5.724273,2.996807,0.036236
1779541806.675187,0,1,6.085167,2.179727,5.728534,2.996807,0.036236
1779541806.685251,0,1,6.108963,2.165210,5.732719,3.000000,0.029710
1779541806.695301,0,1,6.132894,2.150720,5.736590,3.000000,0.029710
1779541806.705498,0,1,6.156970,2.136284,5.740530,3.000000,0.029710
1779541806.715722,0,1,6.181160,2.121861,5.743955,3.000000,0.025277
1779541806.725489,0,1,6.205438,2.107414,5.746519,3.000000,0.025277
1779541806.735854,0,1,6.229816,2.092973,5.748778,3.000000,0.025102
1779541806.745439,0,1,6.254278,2.078518,5.750557,3.000000,0.025102
1779541806.755485,0,1,6.278835,2.064075,5.752291,3.000000,0.028371
1779541806.765404,0,1,6.303469,2.049624,5.753721,3.000000,0.028371
1779541806.775151,0,1,6.328192,2.035187,5.755226,3.000000,0.032384
1779541806.785292,0,1,6.352986,2.020743,5.756506,3.000000,0.032384
1779541806.795856,0,1,6.377874,2.006339,5.758213,3.000000,0.040864
1779541806.805156,0,1,6.402876,1.992013,5.760741,3.000000,0.040864
1779541806.815775,0,1,6.427974,1.977740,5.763556,3.000000,0.051352
1779541806.825292,0,1,6.453175,1.963542,5.766849,3.000000,0.051352
1779541806.835219,0,1,6.478464,1.949397,5.770191,3.000000,0.061893
1779541806.845239,0,1,6.503853,1.935329,5.773849,3.000000,0.061893
1779541806.855792,0,1,6.529325,1.921317,5.777444,3.000000,0.074396
1779541806.865569,0,1,6.554892,1.907387,5.781278,3.000000,0.074396
1779541806.875854,0,1,6.580540,1.893517,5.784996,3.000000,0.074396
1779541806.885461,0,1,6.606291,1.879756,5.789220,3.000000,0.080116
1779541806.895685,0,1,6.632166,1.866145,5.794325,3.000000,0.080116
1779541806.905143,0,1,6.658147,1.852660,5.799755,3.000000,0.084688
1779541806.915342,0,1,6.684244,1.839324,5.805692,3.000000,0.084688
1779541806.925235,0,1,6.710442,1.826116,5.811695,3.000000,0.088909
1779541806.935629,0,1,6.736753,1.813062,5.818029,3.000000,0.088909
1779541806.945365,0,1,6.763163,1.800141,5.824306,3.000000,0.090170
1779541806.955444,0,1,6.789682,1.787380,5.830829,3.000000,0.090170
1779541806.965341,0,1,6.816298,1.774758,5.837238,3.000000,0.087791
1779541806.975500,0,1,6.843020,1.762302,5.843853,3.000000,0.087791
1779541806.985360,0,1,6.869835,1.749990,5.850328,3.000000,0.087791
1779541806.995624,0,1,6.896755,1.737849,5.856991,3.000000,0.087791
1779541807.005381,0,1,6.923766,1.725858,5.863500,3.000000,0.087791
1779541807.015243,0,1,6.950877,1.714043,5.870190,3.000000,0.087791
1779541807.025505,0,1,6.978077,1.702381,5.876720,3.000000,0.087791
1779541807.035081,0,1,7.005374,1.690899,5.883427,3.000000,0.087791
1779541807.045527,0,1,7.032757,1.679575,5.889971,3.000000,0.087791
1779541807.055198,0,1,7.060234,1.668434,5.896691,3.000000,0.087791
1779541807.065226,0,1,7.087793,1.657454,5.903247,3.000000,0.087791
1779541807.075308,0,1,7.115443,1.646660,5.909976,3.000000,0.087791
1779541807.085576,0,1,7.143173,1.636029,5.916542,3.000000,0.087791
1779541807.095377,0,1,7.170989,1.625588,5.923281,3.000000,0.049484
1779541807.105383,0,1,7.198882,1.615313,5.929856,3.000000,0.049484
1779541807.115030,0,1,7.226859,1.605229,5.936604,3.000000,0.041829
1779541807.125600,0,1,7.254900,1.595289,5.942880,3.000000,0.037489
1779541807.135059,0,1,7.282989,1.585451,5.948292,3.000000,0.037489
1779541807.144900,0,1,7.311136,1.575744,5.953394,3.000000,0.028496
1779541807.154974,0,1,7.339333,1.566147,5.957997,3.000000,0.028496
1779541807.165101,0,1,7.367585,1.556685,5.962545,3.000000,0.019507
1779541807.175200,0,1,7.395877,1.547308,5.966465,3.000000,0.019507
1779541807.185186,0,1,7.424192,1.537974,5.969411,3.000000,0.012641
1779541807.195247,0,1,7.452539,1.528710,5.971973,3.000000,0.012641
1779541807.205548,0,1,7.480910,1.519492,5.973987,3.000000,0.008138
1779541807.215408,0,1,7.509313,1.510345,5.975912,3.000000,0.008138
1779541807.225178,0,1,7.537738,1.501242,5.977492,3.000000,0.006760
1779541807.235408,0,1,7.566192,1.492206,5.979124,3.000000,0.006760
1779541807.245178,0,1,7.594666,1.483210,5.980507,3.000000,0.009634
1779541807.255240,0,1,7.623166,1.474277,5.982008,3.000000,0.009634
1779541807.265367,0,1,7.651685,1.465380,5.983306,3.000000,0.015629
1779541807.275510,0,1,7.680228,1.456542,5.984752,3.000000,0.018322
1779541807.285450,0,1,7.708787,1.447738,5.986015,3.000000,0.018322
1779541807.295364,0,1,7.737370,1.438990,5.987440,3.000000,0.027134
1779541807.306308,0,1,7.765967,1.430272,5.988691,3.000000,0.027134
1779541807.315337,0,1,7.794586,1.421609,5.990111,3.000000,0.035856
1779541807.325218,0,1,7.823218,1.412975,5.991360,3.000000,0.035856
1779541807.335540,0,1,7.851879,1.404419,5.993086,3.000000,0.044896
1779541807.345343,0,1,7.880580,1.395985,5.995686,3.000000,0.044896
1779541807.355311,0,1,7.909312,1.387642,5.998604,3.000000,0.054706
1779541807.365299,0,1,7.938081,1.379414,6.002027,3.000000,0.054706
1779541807.375248,0,1,7.966879,1.371274,6.005511,3.000000,0.065323
1779541807.385026,0,1,7.995713,1.363249,6.009324,3.000000,0.065323
1779541807.395164,0,1,8.024575,1.355314,6.013076,3.000000,0.073160
1779541807.405822,0,1,8.053479,1.347522,6.017378,3.000000,0.073160
1779541807.415504,0,1,8.082437,1.339918,6.022602,3.000000,0.078167
1779541807.425143,0,1,8.111439,1.332473,6.028176,3.000000,0.080863
1779541807.435104,0,1,8.140490,1.325213,6.034277,3.000000,0.080863
1779541807.445501,0,1,8.169584,1.318113,6.040453,3.000000,0.083658
1779541807.455435,0,1,8.198726,1.311201,6.046965,3.000000,0.083658
1779541807.465261,0,1,8.227908,1.304454,6.053421,3.000000,0.083853
1779541807.475306,0,1,8.257137,1.297900,6.060122,3.000000,0.083853
1779541807.485422,0,1,8.286405,1.291515,6.066704,3.000000,0.083853
1779541807.495261,0,1,8.315718,1.285327,6.073489,3.000000,0.083853
1779541807.505308,0,1,8.345070,1.279314,6.080125,3.000000,0.083853
1779541807.515353,0,1,8.374463,1.273503,6.086946,3.000000,0.083853
1779541807.525641,0,1,8.403893,1.267868,6.093605,3.000000,0.083853
1779541807.535390,0,1,8.433363,1.262439,6.100439,3.000000,0.083853
1779541807.545362,0,1,8.462868,1.257190,6.107106,3.000000,0.083853
1779541807.555005,0,1,8.492410,1.252148,6.113944,3.000000,0.083853
1779541807.565183,0,1,8.521984,1.247289,6.120612,3.000000,0.083853
1779541807.575166,0,1,8.551593,1.242639,6.127451,3.000000,0.083853
1779541807.585112,0,1,8.581232,1.238173,6.134119,3.000000,0.046879
1779541807.596514,0,1,8.610903,1.233918,6.140957,3.000000,0.046879
1779541807.605074,0,1,8.640598,1.229822,6.147317,3.000000,0.038997
1779541807.615063,0,1,8.670310,1.225840,6.152802,3.000000,0.038997
1779541807.625164,0,1,8.700042,1.222005,6.157970,3.000000,0.030372
1779541807.635008,0,1,8.729790,1.218291,6.162632,3.000000,0.030372
1779541807.645512,0,1,8.759557,1.214727,6.167233,3.000000,0.021236
1779541807.654966,0,1,8.789337,1.211258,6.171198,3.000000,0.014511
1779541807.664970,0,1,8.819124,1.207839,6.174181,3.000000,0.014511
1779541807.675021,0,1,8.848920,1.204499,6.176775,3.000000,0.011567
1779541807.685641,0,1,8.878723,1.201213,6.178814,3.000000,0.011567
1779541807.695223,0,1,8.908536,1.198006,6.180760,3.000000,0.009598
1779541807.704988,0,1,8.938354,1.194849,6.182357,3.000000,0.009598
1779541807.715016,0,1,8.968181,1.191766,6.184003,3.000000,0.009636
1779541807.725384,0,1,8.998014,1.188729,6.185398,3.000000,0.009636
1779541807.735363,0,1,9.027854,1.185762,6.186910,3.000000,0.011526
1779541807.744892,0,1,9.057698,1.182835,6.188217,3.000000,0.018053
1779541807.755384,0,1,9.087550,1.179973,6.189672,3.000000,0.018053
1779541807.765801,0,1,9.117405,1.177149,6.190942,3.000000,0.025298
1779541807.775387,0,1,9.147267,1.174386,6.192374,3.000000,0.025298
1779541807.785176,0,1,9.177133,1.171657,6.193632,3.000000,0.032998
1779541807.795457,0,1,9.207004,1.168987,6.195058,3.000000,0.032998
1779541807.805757,0,1,9.236879,1.166349,6.196312,3.000000,0.042194
1779541807.815348,0,1,9.266762,1.163795,6.198045,3.000000,0.042194
1779541807.825293,0,1,9.296655,1.161369,6.200653,3.000000,0.051433
1779541807.835392,0,1,9.326557,1.159040,6.203579,3.000000,0.051433
1779541807.845552,0,1,9.356468,1.156831,6.207012,3.000000,0.061029
1779541807.855402,0,1,9.386386,1.154716,6.210508,3.000000,0.066602
1779541807.865340,0,1,9.416313,1.152721,6.214332,3.000000,0.066602
1779541807.875311,0,1,9.446246,1.150822,6.218094,3.000000,0.073721
1779541807.885632,0,1,9.476189,1.149071,6.222408,3.000000,0.073721
1779541807.895406,0,1,9.506142,1.147515,6.227645,3.000000,0.078635
1779541807.905406,0,1,9.536105,1.146126,6.233233,3.000000,0.078635
1779541807.915432,0,1,9.566075,1.144928,6.239348,3.000000,0.081209
1779541807.925730,0,1,9.596052,1.143897,6.245538,3.000000,0.083229
1779541807.935007,0,1,9.626036,1.143060,6.252065,3.000000,0.083229
1779541807.945266,0,1,9.656024,1.142393,6.258535,3.000000,0.082037
1779541807.955431,0,1,9.686016,1.141926,6.265250,3.000000,0.082037
1779541807.966161,0,1,9.716010,1.141632,6.271846,3.000000,0.077869
1779541807.975422,0,1,9.746006,1.141543,6.278644,3.000000,0.077869
1779541807.985140,0,1,9.776002,1.141631,0.002109,3.000000,0.077869
1779541807.995503,0,1,9.805997,1.141927,0.008941,3.000000,0.077869
1779541808.005127,0,1,9.835990,1.142404,0.015612,3.000000,0.077869
1779541808.015343,0,1,9.865978,1.143091,0.022458,3.000000,0.077869
1779541808.025269,0,1,9.895963,1.143962,0.029135,3.000000,0.077869
1779541808.035175,0,1,9.925940,1.145044,0.035984,3.000000,0.077869
1779541808.045579,0,1,9.955910,1.146311,0.042662,3.000000,0.077869
1779541808.055314,0,1,9.985871,1.147792,0.049510,3.000000,0.077869
1779541808.065298,0,1,10.015822,1.149458,0.056187,3.000000,0.077869
1779541808.075150,0,1,10.045761,1.151338,0.063034,3.000000,0.077869
1779541808.085476,0,1,10.075687,1.153406,0.069709,3.000000,0.077869
1779541808.095140,0,1,10.105598,1.155687,0.076554,3.000000,0.030719
1779541808.105273,0,1,10.135494,1.158156,0.083228,3.000000,0.030719
1779541808.115253,0,1,10.165372,1.160839,0.090072,3.000000,0.013344
1779541808.125639,0,1,10.195235,1.163683,0.096436,3.000000,0.013344
1779541808.135308,0,1,10.225089,1.166619,0.101618,3.000000,0.013344
1779541808.145175,0,1,10.254938,1.169604,0.105438,3.000000,-0.002452
1779541808.154905,0,1,10.284779,1.172673,0.108603,3.000000,-0.002452
1779541808.165400,0,1,10.314617,1.175774,0.110724,3.000000,-0.002452
1779541808.175333,0,1,10.344456,1.178863,0.111580,3.000000,-0.017617
1779541808.185362,0,1,10.374293,1.181968,0.111853,3.000000,-0.017617
1779541808.195363,0,1,10.404132,1.185063,0.111440,3.000000,-0.017617
1779541808.206280,0,1,10.433969,1.188170,0.110844,3.000000,-0.023631
1779541808.215028,0,1,10.463808,1.191261,0.109840,3.000000,-0.023631
1779541808.224918,0,1,10.493647,1.194356,0.108845,3.000000,-0.021069
1779541808.235231,0,1,10.523488,1.197426,0.107572,3.000000,-0.021069
1779541808.245269,0,1,10.553330,1.200494,0.106399,3.000000,-0.021069
1779541808.255221,0,1,10.583175,1.203528,0.105011,3.000000,-0.004165
1779541808.265112,0,1,10.613021,1.206553,0.103763,3.000000,-0.004165
1779541808.275162,0,1,10.642871,1.209540,0.102328,3.000000,0.007824
1779541808.285038,0,1,10.672723,1.212511,0.101053,3.000000,0.007824
1779541808.295460,0,1,10.702579,1.215440,0.099603,3.000000,0.007824
1779541808.305271,0,1,10.732434,1.218376,0.098628,3.000000,0.030721
1779541808.315226,0,1,10.762284,1.221363,0.098527,3.000000,0.030721
1779541808.325600,0,1,10.792132,1.224369,0.098744,3.000000,0.030721
1779541808.335326,0,1,10.821976,1.227418,0.099469,3.000000,0.054325
1779541808.345151,0,1,10.851819,1.230482,0.100257,3.000000,0.054325
1779541808.354988,0,1,10.881654,1.233613,0.101682,3.000000,0.077326
1779541808.365773,0,1,10.911478,1.236857,0.104090,3.000000,0.077326
1779541808.375175,0,1,10.941292,1.240184,0.106891,3.000000,0.077326
1779541808.385191,0,1,10.971091,1.243646,0.110555,3.000000,0.090481
1779541808.395243,0,1,11.000869,1.247289,0.115358,3.000000,0.090481
1779541808.405418,0,1,11.030627,1.251083,0.120659,3.000000,0.090481
1779541808.415349,0,1,11.060317,1.255050,0.126629,2.951869,0.100284
1779541808.425323,0,1,11.089904,1.259159,0.132786,2.951869,0.100284
1779541808.435306,0,1,11.119342,1.263464,0.139728,2.896000,0.106195
1779541808.445535,0,1,11.148591,1.268008,0.147795,2.896000,0.106195
1779541808.454911,0,1,11.177646,1.272758,0.156327,2.856014,0.106773
1779541808.465251,0,1,11.206492,1.277741,0.165475,2.856014,0.106773
1779541808.475205,0,1,11.235162,1.282934,0.174685,2.854428,0.100972
1779541808.485390,0,1,11.263671,1.288371,0.184194,2.854428,0.100972
1779541808.495104,0,1,11.292045,1.294030,0.193570,2.854428,0.100972
1779541808.504968,0,1,11.320291,1.299943,0.203119,2.854428,0.100972
1779541808.514934,0,1,11.348426,1.306087,0.212466,2.854428,0.100972
1779541808.525456,0,1,11.376454,1.312493,0.221947,2.854428,0.100972
1779541808.535302,0,1,11.404386,1.319134,0.231211,2.854428,0.100972
1779541808.545324,0,1,11.432222,1.326040,0.240604,2.854428,0.100972
1779541808.555254,0,1,11.459971,1.333183,0.249785,2.854428,0.100972
1779541808.565524,0,1,11.487628,1.340592,0.259101,2.854428,0.100972
1779541808.575292,0,1,11.515203,1.348239,0.268215,2.854428,0.100972
1779541808.585215,0,1,11.542690,1.356151,0.277474,2.854428,0.100972
1779541808.595331,0,1,11.570125,1.364310,0.286498,2.970455,0.005073
1779541808.605597,0,1,11.597529,1.372748,0.295613,2.970455,0.005073
1779541808.615333,0,1,11.624917,1.381417,0.304216,2.986434,-0.018619
1779541808.625199,0,1,11.652312,1.390249,0.311644,3.000000,-0.040492
1779541808.635167,0,1,11.679736,1.399182,0.317450,3.000000,-0.040492
1779541808.645625,0,1,11.707205,1.408155,0.321326,3.000000,-0.066108
1779541808.655343,0,1,11.734736,1.417106,0.323060,3.000000,-0.066108
1779541808.665238,0,1,11.762346,1.425974,0.322504,3.000000,-0.088334
1779541808.675261,0,1,11.790044,1.434722,0.319856,3.000000,-0.088334
1779541808.685443,0,1,11.817812,1.443374,0.316055,2.965878,-0.108094
1779541808.695467,0,1,11.845646,1.451903,0.311186,2.965878,-0.108094
1779541808.705392,0,1,11.873530,1.460324,0.305869,2.925495,-0.111394
1779541808.715086,0,1,11.901470,1.468581,0.299655,2.925495,-0.111394
1779541808.725516,0,1,11.929450,1.476612,0.292262,2.885687,-0.102514
1779541808.735318,0,1,11.957439,1.484436,0.284340,2.885687,-0.102514
1779541808.745236,0,1,11.985469,1.492031,0.275804,2.905933,-0.083966
1779541808.755266,0,1,12.013558,1.499424,0.267168,2.920611,-0.076143
1779541808.765542,0,1,12.041714,1.506584,0.258188,2.920611,-0.076143
1779541808.775348,0,1,12.069930,1.513559,0.249572,2.940613,-0.045428
1779541808.785227,0,1,12.098198,1.520387,0.241749,2.940613,-0.045428
1779541808.795081,0,1,12.126529,1.527035,0.234190,2.956577,-0.013500
1779541808.805480,0,1,12.154914,1.533548,0.227404,2.956577,-0.013500
1779541808.815395,0,1,12.183341,1.539991,0.221987,2.972678,0.005248
1779541808.825336,0,1,12.211803,1.546403,0.218044,2.972678,0.005248
1779541808.835036,0,1,12.240312,1.552749,0.214829,2.996541,0.052973
1779541808.845484,0,1,12.268862,1.559079,0.212694,2.996541,0.052973
1779541808.855443,0,1,12.297436,1.565460,0.212133,3.000000,0.080618
1779541808.865228,0,1,12.326025,1.571933,0.213183,3.000000,0.080618
1779541808.875270,0,1,12.354624,1.578465,0.215054,2.959887,0.112561
1779541808.885386,0,1,12.383211,1.585106,0.218079,2.959887,0.112561
1779541808.895330,0,1,12.411740,1.591921,0.222762,2.911916,0.146222
1779541808.904932,0,1,12.440176,1.598950,0.229143,2.911916,0.146222
1779541808.915309,0,1,12.468501,1.606156,0.236411,2.879914,0.157945
1779541808.925757,0,1,12.496647,1.613581,0.244956,2.839849,0.166333
1779541808.935374,0,1,12.524582,1.621268,0.254937,2.839849,0.166333
1779541808.945226,0,1,12.552300,1.629183,0.265597,2.799900,0.169139
1779541808.955065,0,1,12.579773,1.637377,0.277336,2.799900,0.169139
1779541808.965494,0,1,12.606981,1.645898,0.290364,2.767957,0.164198
1779541808.975179,0,1,12.633929,1.654712,0.303929,2.767957,0.164198
1779541808.985383,0,1,12.660631,1.663855,0.318081,2.767957,0.164198
1779541808.995237,0,1,12.687115,1.673310,0.332264,2.767957,0.164198
1779541809.005747,0,1,12.713384,1.683108,0.346709,2.767957,0.164198
1779541809.015221,0,1,12.739457,1.693231,0.360993,2.767957,0.164198
1779541809.025219,0,1,12.765330,1.703708,0.375424,2.767957,0.164198
1779541809.035069,0,1,12.791017,1.714518,0.389634,2.767957,0.164198
1779541809.045652,0,1,12.816511,1.725686,0.403961,2.767957,0.164198
1779541809.055314,0,1,12.841824,1.737189,0.418060,2.767957,0.164198
1779541809.064962,0,1,12.866945,1.749051,0.432278,2.767957,0.164198
1779541809.075103,0,1,12.891883,1.761246,0.446277,2.767957,0.164198
1779541809.085333,0,1,12.916658,1.773814,0.460335,2.891943,-0.008195
1779541809.095338,0,1,12.941307,1.786743,0.474099,2.891943,-0.008195
1779541809.104994,0,1,12.965817,1.800054,0.487950,2.911916,-0.048141
1779541809.115278,0,1,12.990208,1.813701,0.501290,2.911916,-0.048141
1779541809.125772,0,1,13.014513,1.827620,0.513475,2.927900,-0.080111
1779541809.135459,0,1,13.038763,1.841755,0.524065,2.927900,-0.080111
1779541809.145099,0,1,13.062979,1.856046,0.532770,2.893358,-0.114653
1779541809.154904,0,1,13.087184,1.870432,0.539387,2.893358,-0.114653
1779541809.165603,0,1,13.111398,1.884855,0.543767,2.853480,-0.154531
1779541809.174969,0,1,13.135646,1.899255,0.545806,2.853480,-0.154531
1779541809.185143,0,1,13.159945,1.913569,0.545419,2.813129,-0.194882
1779541809.195212,0,1,13.184286,1.927712,0.542515,2.774366,-0.233645
1779541809.205583,0,1,13.208677,1.941614,0.537039,2.774366,-0.233645
1779541809.214988,0,1,13.233135,1.955207,0.528947,2.743673,-0.264338
1779541809.225211,0,1,13.257679,1.968428,0.518227,2.743673,-0.264338
1779541809.235307,0,1,13.282319,1.981205,0.504840,2.703798,-0.276929
1779541809.245536,0,1,13.307067,1.993469,0.488788,2.703798,-0.276929
1779541809.255015,0,1,13.331925,2.005179,0.470406,2.671924,-0.273195
1779541809.265231,0,1,13.356866,2.016363,0.450806,2.671924,-0.273195
1779541809.274897,0,1,13.381876,2.026982,0.430076,2.623845,-0.234312
1779541809.285508,0,1,13.406921,2.037052,0.408918,2.623845,-0.234312
1779541809.295375,0,1,13.432006,2.046541,0.387221,2.591940,-0.202407
1779541809.305173,0,1,13.457105,2.055495,0.365859,2.591940,-0.202407
1779541809.315294,0,1,13.482181,2.063978,0.345637,2.551855,-0.162322
1779541809.325352,0,1,13.507211,2.072021,0.326771,2.551855,-0.162322
1779541809.335134,0,1,13.532204,2.079583,0.308531,2.519597,-0.130064
1779541809.344854,0,1,13.557162,2.086717,0.291418,2.539459,-0.090340
1779541809.355213,0,1,13.582106,2.093503,0.276028,2.539459,-0.090340
1779541809.365291,0,1,13.607047,2.100010,0.262684,2.552665,-0.063927
1779541809.374881,0,1,13.631994,2.106306,0.251559,2.552665,-0.063927
1779541809.385083,0,1,13.656958,2.112444,0.242590,2.572484,-0.024288
1779541809.394826,0,1,13.681964,2.118430,0.235160,2.587445,0.005633
1779541809.405190,0,1,13.707011,2.124274,0.228880,2.587445,0.005633
1779541809.415038,0,1,13.732089,2.130037,0.224045,2.603537,0.037817
1779541809.425148,0,1,13.757184,2.135787,0.220969,2.603537,0.037817
1779541809.435216,0,1,13.782286,2.141589,0.219858,2.623450,0.077643
1779541809.445086,0,1,13.807391,2.147480,0.220543,2.623450,0.077643
1779541809.455349,0,1,13.832508,2.153429,0.222115,2.639856,0.110455
1779541809.465008,0,1,13.857619,2.159481,0.224846,2.600598,0.149713
1779541809.475404,0,1,13.882697,2.165704,0.229158,2.600598,0.149713
1779541809.485535,0,1,13.907724,2.172160,0.235324,2.600598,0.149713
1779541809.494927,0,1,13.932688,2.178886,0.243224,2.600598,0.149713
1779541809.505270,0,1,13.957595,2.185846,0.251972,2.600598,0.149713
1779541809.514977,0,1,13.982437,2.193063,0.261552,2.600598,0.149713
1779541809.525462,0,1,14.007216,2.200510,0.271392,2.600598,0.149713
1779541809.535363,0,1,14.031924,2.208215,0.281679,2.600598,0.149713
1779541809.544875,0,1,14.056564,2.216152,0.291974,2.600598,0.149713
1779541809.554925,0,1,14.081125,2.224349,0.302555,2.600598,0.149713
1779541809.565017,0,1,14.105611,2.232783,0.313038,2.600598,0.149713
1779541809.575185,0,1,14.130010,2.241480,0.323739,2.600598,0.149713
1779541809.584844,0,1,14.154133,2.250343,0.334565,2.374058,0.224052
1779541809.594886,0,1,14.177774,2.259327,0.345989,2.335115,0.262994
1779541809.605445,0,1,14.200979,2.268415,0.357354,2.335115,0.262994
1779541809.615103,0,1,14.223762,2.277676,0.369242,2.304485,0.293624
1779541809.625281,0,1,14.246122,2.287186,0.382262,2.304485,0.293624
1779541809.635389,0,1,14.268046,2.297004,0.396821,2.264621,0.270212
1779541809.645433,0,1,14.289518,2.307180,0.413135,2.264621,0.270212
1779541809.655154,0,1,14.310528,2.317729,0.431020,2.224552,0.236364
1779541809.664847,0,1,14.331102,2.328601,0.449464,2.224552,0.236364
1779541809.675176,0,1,14.351239,2.339805,0.468459,2.192540,0.204352
1779541809.685421,0,1,14.370977,2.351281,0.487058,2.192540,0.204352
1779541809.695354,0,1,14.390401,2.362986,0.504378,2.212530,0.164373
1779541809.705203,0,1,14.409571,2.374905,0.520266,2.212530,0.164373
1779541809.715228,0,1,14.428497,2.387085,0.535479,2.232446,0.124541
1779541809.724966,0,1,14.447232,2.399495,0.549640,2.232446,0.124541
1779541809.735341,0,1,14.465828,2.412085,0.562320,2.248621,0.097948
1779541809.745206,0,1,14.484337,2.424814,0.573270,2.268631,0.057928
1779541809.754912,0,1,14.502781,2.437656,0.582655,2.268631,0.057928
1779541809.764869,0,1,14.521139,2.450643,0.591356,2.284504,0.026182
1779541809.775298,0,1,14.539440,2.463741,0.599070,2.284504,0.026182
1779541809.785195,0,1,14.557724,2.476897,0.605381,2.301737,-0.008282
1779541809.795044,0,1,14.576027,2.490066,0.610033,2.301737,-0.008282
1779541809.805139,0,1,14.594384,2.503207,0.612870,2.321251,-0.039374
1779541809.815078,0,1,14.612816,2.516302,0.614087,2.336751,-0.053123
1779541809.825145,0,1,14.631299,2.529386,0.614579,2.336751,-0.053123
1779541809.835074,0,1,14.649860,2.542428,0.614058,2.356509,-0.074671
1779541809.845696,0,1,14.668521,2.555399,0.612410,2.356509,-0.074671
1779541809.855382,0,1,14.687262,2.568333,0.610335,2.376531,-0.089417
1779541809.864955,0,1,14.706111,2.581193,0.607431,2.376531,-0.089417
1779541809.874938,0,1,14.725090,2.593949,0.603510,2.392472,-0.098101
1779541809.885442,0,1,14.744180,2.606630,0.599227,2.392472,-0.098101
1779541809.895203,0,1,14.763405,2.619199,0.594152,2.408575,-0.101245
1779541809.905288,0,1,14.782787,2.631623,0.588080,2.408575,-0.101245
1779541809.915321,0,1,14.802307,2.643932,0.581654,2.428497,-0.100110
1779541809.925683,0,1,14.821983,2.656112,0.574736,2.448570,-0.095409
1779541809.935339,0,1,14.841797,2.668186,0.567774,2.448570,-0.095409
1779541809.944885,0,1,14.861764,2.680135,0.560509,2.468545,-0.085852
1779541809.955389,0,1,14.881858,2.692003,0.553609,2.468545,-0.085852
1779541809.965519,0,1,14.902058,2.703827,0.547430,2.488690,-0.069142
1779541809.975332,0,1,14.922381,2.715578,0.541429,2.488690,-0.069142
1779541809.985395,0,1,14.942814,2.727274,0.535803,2.488690,-0.069142
1779541809.995286,0,1,14.963368,2.738886,0.530136,2.488690,-0.069142
1779541810.005283,0,1,14.984027,2.750433,0.524708,2.488690,-0.069142
1779541810.015402,0,1,15.004804,2.761890,0.519153,2.488690,-0.069142
1779541810.025456,0,1,15.025682,2.773276,0.513784,2.488690,-0.069142
1779541810.035193,0,1,15.046673,2.784565,0.508256,2.488690,-0.069142
1779541810.045086,0,1,15.067761,2.795778,0.502893,2.488690,-0.069142
1779541810.054978,0,1,15.088956,2.806890,0.497358,2.488690,-0.069142
1779541810.064879,0,1,15.110244,2.817921,0.491983,2.488690,-0.069142
1779541810.074951,0,1,15.131636,2.828847,0.486430,2.488690,-0.069142
1779541810.085555,0,1,15.153117,2.839688,0.481035,2.488690,-0.069142
1779541810.095214,0,1,15.174723,2.850432,0.475482,2.612486,0.061490
1779541810.105091,0,1,15.196466,2.861114,0.470106,2.612486,0.061490
1779541810.115086,0,1,15.218356,2.871709,0.464567,2.632442,0.101401
1779541810.125539,0,1,15.240373,2.882261,0.459474,2.632442,0.101401
1779541810.135545,0,1,15.262477,2.892827,0.455448,2.600292,0.128253
1779541810.145239,0,1,15.284629,2.903455,0.452897,2.600292,0.128253
1779541810.155266,0,1,15.306792,2.914192,0.452096,2.552420,0.166246
1779541810.165405,0,1,15.328927,2.925083,0.453230,2.552420,0.166246
1779541810.175627,0,1,15.351001,2.936171,0.456425,2.520113,0.184408
1779541810.185456,0,1,15.372978,2.947501,0.461764,2.520113,0.184408
1779541810.195071,0,1,15.394820,2.959113,0.469316,2.472270,0.216112
1779541810.204979,0,1,15.416496,2.971025,0.478822,2.472270,0.216112
1779541810.215213,0,1,15.437990,2.983181,0.489355,2.432190,0.225396
1779541810.224958,0,1,15.459249,2.995603,0.501165,2.432190,0.225396
1779541810.234988,0,1,15.480214,3.008333,0.514676,2.392392,0.228677
1779541810.245349,0,1,15.500818,3.021370,0.529878,2.360270,0.227954
1779541810.254998,0,1,15.521074,3.034673,0.545819,2.360270,0.227954
1779541810.265284,0,1,15.540959,3.048246,0.562511,2.320384,0.209236
1779541810.275118,0,1,15.560479,3.062054,0.579342,2.320384,0.209236
1779541810.284838,0,1,15.579610,3.076106,0.596536,2.280321,0.184096
1779541810.295368,0,1,15.598378,3.090348,0.613292,2.280321,0.184096
1779541810.304943,0,1,15.616864,3.104751,0.628787,2.300349,0.151016
1779541810.315052,0,1,15.635124,3.119309,0.642880,2.300349,0.151016
1779541810.325251,0,1,15.653154,3.134070,0.656328,2.316311,0.119090
1779541810.335387,0,1,15.671003,3.149008,0.668753,2.316311,0.119090
1779541810.345220,0,1,15.688726,3.164080,0.679706,2.333698,0.084317
1779541810.355346,0,1,15.706354,3.179268,0.689221,2.333698,0.084317
1779541810.365448,0,1,15.723867,3.194601,0.698114,2.353225,0.055211
1779541810.375296,0,1,15.741298,3.210045,0.706046,2.353225,0.055211
1779541810.384966,0,1,15.758693,3.225555,0.712574,2.373599,0.030064
1779541810.395292,0,1,15.776078,3.241107,0.717717,2.373599,0.030064
1779541810.404958,0,1,15.793419,3.256722,0.722277,2.333683,0.011032
1779541810.415426,0,1,15.810740,3.272359,0.725899,2.333683,0.011032
1779541810.425400,0,1,15.828052,3.287976,0.728425,2.311389,0.000983
1779541810.435299,0,1,15.845289,3.303562,0.730553,2.271401,-0.005327
1779541810.445334,0,1,15.862448,3.319084,0.732144,2.271401,-0.005327
1779541810.455287,0,1,15.879517,3.334575,0.733690,2.263194,-0.007110
1779541810.465194,0,1,15.896537,3.350001,0.734609,2.263194,-0.007110
1779541810.475334,0,1,15.913548,3.365341,0.734617,2.263194,-0.007110
1779541810.485342,0,1,15.930534,3.380631,0.734350,2.263194,-0.007110
1779541810.495293,0,1,15.947518,3.395860,0.733632,2.263194,-0.007110
1779541810.505308,0,1,15.964485,3.411056,0.732919,2.263194,-0.007110
1779541810.515503,0,1,15.981458,3.426205,0.731930,2.263194,-0.007110
1779541810.525282,0,1,15.998421,3.441331,0.731052,2.263194,-0.007110
1779541810.535050,0,1,16.015396,3.456416,0.729964,2.263194,-0.007110
1779541810.545117,0,1,16.032366,3.471484,0.729026,2.263194,-0.007110
1779541810.555010,0,1,16.049353,3.486517,0.727903,2.263194,-0.007110
1779541810.564932,0,1,16.066338,3.501535,0.726945,2.263194,-0.007110
1779541810.575380,0,1,16.083231,3.516420,0.725785,2.105174,0.051174
1779541810.585521,0,1,16.099920,3.531115,0.724796,2.105174,0.051174
1779541810.595275,0,1,16.116437,3.545607,0.723609,2.065016,0.067769
1779541810.605213,0,1,16.132752,3.559946,0.722940,2.065016,0.067769
1779541810.615164,0,1,16.148833,3.574199,0.723455,2.033285,0.086300
1779541810.625087,0,1,16.164649,3.588417,0.725522,2.033285,0.086300
1779541810.635052,0,1,16.180193,3.602626,0.729029,2.000952,0.095271
1779541810.645050,0,1,16.195476,3.616766,0.733084,1.961103,0.113452
1779541810.655314,0,1,16.210494,3.630855,0.737730,1.961103,0.113452
1779541810.665125,0,1,16.225281,3.644872,0.742392,1.929225,0.129263
1779541810.675142,0,1,16.239811,3.658859,0.747646,1.929225,0.129263
1779541810.685412,0,1,16.254043,3.672868,0.754061,1.895387,0.139620
1779541810.695340,0,1,16.267962,3.686916,0.761625,1.895387,0.139620
1779541810.705132,0,1,16.281627,3.700990,0.769489,1.891198,0.145472
1779541810.715387,0,1,16.295043,3.715117,0.777759,1.891198,0.145472
1779541810.725171,0,1,16.308257,3.729285,0.785931,1.891198,0.151899
1779541810.735121,0,1,16.321265,3.743523,0.794296,1.891198,0.153828
1779541810.745278,0,1,16.334105,3.757818,0.802464,1.891198,0.153828
1779541810.755254,0,1,16.346765,3.772195,0.810777,1.891198,0.154428
1779541810.765231,0,1,16.359278,3.786640,0.818880,1.891198,0.154428
1779541810.775376,0,1,16.371630,3.801173,0.827126,1.891198,0.154674
1779541810.785646,0,1,16.383846,3.815780,0.835170,1.891198,0.154674
1779541810.795328,0,1,16.395912,3.830479,0.843365,1.891198,0.154763
1779541810.805326,0,1,16.407852,3.845255,0.851367,1.891198,0.154763
1779541810.815303,0,1,16.419647,3.860126,0.859527,1.889792,0.155945
1779541810.825344,0,1,16.431319,3.875072,0.867501,1.889792,0.155945
1779541810.835577,0,1,16.442849,3.890113,0.875638,1.889792,0.156050
1779541810.845268,0,1,16.454260,3.905231,0.883593,1.889792,0.156050
1779541810.855327,0,1,16.465532,3.920443,0.891713,1.889792,0.157776
1779541810.865265,0,1,16.476687,3.935733,0.899654,1.889792,0.157776
1779541810.874993,0,1,16.487703,3.951116,0.907762,1.889792,0.157776
1779541810.885882,0,1,16.498575,3.966537,0.915724,1.838904,0.163932
1779541810.895428,0,1,16.509258,3.981979,0.923888,1.838904,0.163932
1779541810.905291,0,1,16.519785,3.997438,0.931858,1.838904,0.163932
1779541810.915764,0,1,16.530113,4.012945,0.940281,1.826662,0.171127
1779541810.925328,0,1,16.540209,4.028522,0.949429,1.826662,0.171127
1779541810.935384,0,1,16.550113,4.044155,0.958677,1.826662,0.171127
1779541810.945526,0,1,16.559813,4.059862,0.968234,1.826662,0.179647
1779541810.955309,0,1,16.569341,4.075630,0.977675,1.826662,0.179647
1779541810.965494,0,1,16.578679,4.091477,0.987311,1.826662,0.179647
1779541810.975151,0,1,16.587857,4.107389,0.996774,1.826662,0.182972
1779541810.985465,0,1,16.596855,4.123382,1.006405,1.826662,0.182972
1779541810.995443,0,1,16.605699,4.139442,1.015852,1.826662,0.182972
1779541811.005304,0,1,16.614366,4.155583,1.025464,1.826662,0.182972
1779541811.015783,0,1,16.622884,4.171793,1.034892,1.826662,0.182972
1779541811.025335,0,1,16.631228,4.188082,1.044487,1.826662,0.182972
1779541811.035395,0,1,16.639424,4.204439,1.053900,1.826662,0.182972
1779541811.045041,0,1,16.647447,4.220876,1.063482,1.826662,0.182972
1779541811.055614,0,1,16.655323,4.237378,1.072885,1.826662,0.182972
1779541811.065397,0,1,16.663027,4.253958,1.082458,1.826662,0.182972
1779541811.075360,0,1,16.670584,4.270601,1.091855,1.826662,0.182972
1779541811.085348,0,1,16.677968,4.287320,1.101422,1.826662,0.182972
1779541811.095657,0,1,16.685205,4.304101,1.110814,1.826662,0.182972
1779541811.105637,0,1,16.692269,4.320954,1.120377,1.826662,0.182972
1779541811.115351,0,1,16.699184,4.337866,1.129766,1.826662,0.182972
1779541811.125250,0,1,16.705925,4.354848,1.139327,1.826662,0.182972
1779541811.135568,0,1,16.712517,4.371887,1.148714,1.826662,0.182972
1779541811.145358,0,1,16.718935,4.388993,1.158273,1.826662,0.182972
1779541811.155323,0,1,16.725202,4.406153,1.167658,1.826662,0.205629
1779541811.165348,0,1,16.731294,4.423376,1.177216,1.826662,0.224959
1779541811.175673,0,1,16.737234,4.440651,1.186601,1.826662,0.224959
1779541811.185154,0,1,16.742974,4.457993,1.196447,1.826662,0.235028
1779541811.195176,0,1,16.748450,4.475421,1.207310,1.826662,0.235028
1779541811.204999,0,1,16.753631,4.492927,1.219224,1.815927,0.245293
1779541811.215700,0,1,16.758555,4.510489,1.231452,1.815927,0.245293
1779541811.225499,0,1,16.763198,4.528077,1.244155,1.782439,0.254208
1779541811.235339,0,1,16.767590,4.545659,1.256844,1.782439,0.254208
1779541811.245410,0,1,16.771710,4.563242,1.269775,1.776440,0.255854
1779541811.256187,0,1,16.775592,4.580825,1.282533,1.779465,0.255022
1779541811.265070,0,1,16.779216,4.598421,1.295444,1.779465,0.255022
1779541811.275491,0,1,16.782614,4.616041,1.308137,1.790645,0.251981
1779541811.285326,0,1,16.785764,4.633698,1.320966,1.790645,0.251981
1779541811.295606,0,1,16.788696,4.651385,1.333601,1.787541,0.252820
1779541811.305353,0,1,16.791382,4.669101,1.346397,1.787541,0.252820
1779541811.315473,0,1,16.793852,4.686843,1.359007,1.791761,0.251680
1779541811.325411,0,1,16.796080,4.704618,1.371778,1.791761,0.251680
1779541811.335735,0,1,16.798094,4.722417,1.384371,1.790602,0.251993
1779541811.345194,0,1,16.799866,4.740241,1.397136,1.790602,0.251993
1779541811.355154,0,1,16.801424,4.758084,1.409726,1.790602,0.251993
1779541811.365225,0,1,16.802741,4.775946,1.422487,1.794046,0.251066
1779541811.375506,0,1,16.803844,4.793825,1.435074,1.794046,0.251066
1779541811.385401,0,1,16.804707,4.811717,1.447834,1.791840,0.251659
1779541811.395530,0,1,16.805356,4.829618,1.460422,1.791840,0.251659
1779541811.405343,0,1,16.805764,4.847528,1.473183,1.795915,0.250565
1779541811.415483,0,1,16.805958,4.865444,1.485770,1.795915,0.250565
1779541811.425016,0,1,16.805912,4.883346,1.498548,1.775533,0.256104
1779541811.435443,0,1,16.805652,4.901218,1.511164,1.775533,0.256104
1779541811.445446,0,1,16.805127,4.919045,1.524258,1.757460,0.261163
1779541811.455570,0,1,16.804297,4.936811,1.538082,1.757460,0.261163
1779541811.465557,0,1,16.803202,4.954540,1.551981,1.777512,0.255183
1779541811.475453,0,1,16.801821,4.972250,1.566165,1.777512,0.255183
1779541811.485480,0,1,16.800212,4.989941,1.579951,1.777512,0.255183
1779541811.495749,0,1,16.798418,5.007615,1.593054,1.777512,0.255183
1779541811.505424,0,1,16.796405,5.025266,1.606054,1.777512,0.255183
1779541811.515445,0,1,16.794194,5.042894,1.618730,1.777512,0.255183
1779541811.525326,0,1,16.791757,5.060492,1.631498,1.777512,0.255183
1779541811.535749,0,1,16.789117,5.078061,1.644047,1.777512,0.255183
1779541811.545452,0,1,16.786247,5.095595,1.656746,1.777512,0.255183
1779541811.555395,0,1,16.783173,5.113094,1.669257,1.777512,0.255183
1779541811.564925,0,1,16.779868,5.130552,1.681934,1.777512,0.255183
1779541811.575779,0,1,16.776359,5.147970,1.694433,1.777512,0.255183
1779541811.585267,0,1,16.772612,5.165368,1.707073,1.897765,0.186493
1779541811.595597,0,1,16.768648,5.182779,1.719519,1.912077,0.184881
1779541811.605433,0,1,16.764442,5.200195,1.732138,1.912077,0.184881
1779541811.615958,0,1,16.760041,5.217627,1.744328,1.932142,0.174171
1779541811.625396,0,1,16.755505,5.235090,1.755559,1.932142,0.174171
1779541811.635403,0,1,16.750863,5.252592,1.765814,1.948006,0.162821
1779541811.645458,0,1,16.746070,5.270121,1.775804,1.948006,0.162821
1779541811.655580,0,1,16.741141,5.287681,1.785394,1.968021,0.151224
1779541811.665395,0,1,16.736038,5.305268,1.795032,1.984043,0.145434
1779541811.675395,0,1,16.730805,5.322892,1.804170,1.984043,0.145434
1779541811.685436,0,1,16.725473,5.340563,1.812575,2.004021,0.136654
1779541811.695558,0,1,16.720004,5.358271,1.820842,2.004021,0.136654
1779541811.705432,0,1,16.714413,5.376017,1.828783,2.004021,0.136654
1779541811.715276,0,1,16.708670,5.393790,1.836809,2.024066,0.129625
1779541811.725157,0,1,16.702791,5.411602,1.844629,2.044400,0.123195
1779541811.735929,0,1,16.696746,5.429444,1.852604,2.044400,0.123195
1779541811.745442,0,1,16.690583,5.447325,1.860139,2.044400,0.123195
1779541811.755252,0,1,16.684334,5.465260,1.866968,2.068007,0.117126
1779541811.765352,0,1,16.677962,5.483241,1.873663,2.084060,0.114894
1779541811.775781,0,1,16.671484,5.501273,1.880031,2.084060,0.114894
1779541811.785205,0,1,16.664871,5.519341,1.886483,2.084060,0.114894
1779541811.795588,0,1,16.658142,5.537452,1.892729,2.104088,0.111711
1779541811.805581,0,1,16.651268,5.555601,1.899124,2.124062,0.109365
1779541811.815609,0,1,16.644269,5.573797,1.905353,2.124062,0.109365
1779541811.825421,0,1,16.637119,5.592027,1.911757,2.144071,0.108943
1779541811.835380,0,1,16.629840,5.610302,1.918011,2.144071,0.108943
1779541811.845254,0,1,16.622405,5.628609,1.924450,2.164037,0.108569
1779541811.855817,0,1,16.614837,5.646959,1.930744,2.164037,0.108569
1779541811.865381,0,1,16.607111,5.665339,1.937226,2.180032,0.108613
1779541811.875455,0,1,16.599249,5.683758,1.943567,2.180032,0.108613
1779541811.885141,0,1,16.591225,5.702205,1.950097,2.204039,0.108666
1779541811.895673,0,1,16.583061,5.720691,1.956486,2.204039,0.108666
1779541811.905264,0,1,16.574732,5.739204,1.963065,2.224006,0.108794
1779541811.915576,0,1,16.566260,5.757753,1.969503,2.224006,0.108794
1779541811.925449,0,1,16.557621,5.776327,1.976132,2.244181,0.108597
1779541811.936364,0,1,16.548835,5.794935,1.982622,2.244181,0.108597
1779541811.945404,0,1,16.539880,5.813566,1.989303,2.264054,0.108649
1779541811.955515,0,1,16.530776,5.832229,1.995845,2.264054,0.108649
1779541811.965358,0,1,16.521500,5.850912,2.002578,2.284021,0.108298
1779541811.975688,0,1,16.512072,5.869624,2.009172,2.284021,0.108298
1779541811.985671,0,1,16.502471,5.888349,2.015961,2.284021,0.108298
1779541811.995431,0,1,16.492720,5.907093,2.022614,2.284021,0.108298
1779541812.005164,0,1,16.482798,5.925839,2.029463,2.284021,0.108298
1779541812.015267,0,1,16.472728,5.944593,2.036175,2.284021,0.108298
1779541812.025324,0,1,16.462488,5.963340,2.043081,2.284021,0.108298
1779541812.035536,0,1,16.452101,5.982086,2.049848,2.284021,0.108298
1779541812.045329,0,1,16.441545,6.000814,2.056807,2.284021,0.108298
1779541812.055301,0,1,16.430844,6.019533,2.063625,2.284021,0.108298
1779541812.065492,0,1,16.419975,6.038226,2.070633,2.284021,0.108298
1779541812.075467,0,1,16.408963,6.056902,2.077498,2.284021,0.108298
1779541812.085504,0,1,16.397770,6.075568,2.084529,2.404081,0.100140
1779541812.095704,0,1,16.386406,6.094257,2.091395,2.404081,0.100140
1779541812.105372,0,1,16.374847,6.112953,2.098437,2.424082,0.103525
1779541812.115542,0,1,16.363117,6.131669,2.105335,2.424082,0.103525
1779541812.125385,0,1,16.351191,6.150388,2.112420,2.444074,0.101991
1779541812.135847,0,1,16.339091,6.169122,2.119370,2.444074,0.101991
1779541812.145467,0,1,16.326794,6.187854,2.126512,2.460056,0.100627
1779541812.155951,0,1,16.314323,6.206596,2.133520,2.460056,0.100627
1779541812.165416,0,1,16.301654,6.225330,2.140722,2.480052,0.098518
1779541812.175507,0,1,16.288809,6.244070,2.147790,2.480052,0.098518
1779541812.185454,0,1,16.275765,6.262797,2.155051,2.497885,0.096714
1779541812.195643,0,1,16.262542,6.281525,2.162178,2.497885,0.096714
1779541812.205180,0,1,16.249119,6.300236,2.169498,2.517943,0.094399
1779541812.215320,0,1,16.235514,6.318946,2.176680,2.532122,0.093342
1779541812.225443,0,1,16.221706,6.337636,2.184055,2.532122,0.093342
1779541812.235476,0,1,16.207734,6.356334,2.191008,2.552084,0.089596
1779541812.245435,0,1,16.193631,6.375063,2.197216,2.552084,0.089596
1779541812.255683,0,1,16.179370,6.393802,2.203227,2.572155,0.086076
1779541812.265202,0,1,16.164968,6.412563,2.208854,2.572155,0.086076
1779541812.275680,0,1,16.150401,6.431327,2.214514,2.587986,0.082352
1779541812.285442,0,1,16.135689,6.450105,2.219935,2.587986,0.082352
1779541812.295722,0,1,16.120810,6.468878,2.225479,2.604083,0.081080
1779541812.305547,0,1,16.105780,6.487665,2.230838,2.624063,0.080872
1779541812.315203,0,1,16.090578,6.506447,2.236355,2.624063,0.080872
1779541812.325012,0,1,16.075224,6.525238,2.241711,2.644064,0.082405
1779541812.335763,0,1,16.059696,6.544020,2.247240,2.644064,0.082405
1779541812.345530,0,1,16.044015,6.562807,2.252620,2.657677,0.085058
1779541812.355435,0,1,16.028161,6.581580,2.258180,2.657677,0.085058
1779541812.365360,0,1,16.012153,6.600353,2.263594,2.677085,0.087914
1779541812.375722,0,1,15.995969,6.619111,2.269187,2.692078,0.091619
1779541812.385802,0,1,15.979627,6.637868,2.274635,2.692078,0.091619
1779541812.395338,0,1,15.963109,6.656605,2.280264,2.712074,0.098725
1779541812.405262,0,1,15.946432,6.675338,2.285749,2.712074,0.098725
1779541812.415621,0,1,15.929559,6.694032,2.291705,2.732115,0.101449
1779541812.425724,0,1,15.912457,6.712655,2.298476,2.732115,0.101449
1779541812.435773,0,1,15.895154,6.731221,2.305523,2.722423,0.102358
1779541812.444945,0,1,15.877639,6.749707,2.313035,2.722423,0.102358
1779541812.455604,0,1,15.859934,6.768125,2.320590,2.714138,0.104993
1779541812.465437,0,1,15.842026,6.786452,2.328458,2.714138,0.104993
1779541812.475405,0,1,15.823935,6.804701,2.336267,2.714138,0.104993
1779541812.485421,0,1,15.805647,6.822849,2.344318,2.714138,0.104993
1779541812.495717,0,1,15.787180,6.840910,2.352263,2.714138,0.104993
1779541812.505166,0,1,15.768519,6.858859,2.360421,2.714138,0.104993
1779541812.515017,0,1,15.749684,6.876713,2.368451,2.714138,0.104993
1779541812.525412,0,1,15.730659,6.894446,2.376679,2.714138,0.104993
1779541812.535733,0,1,15.711463,6.912075,2.384770,2.714138,0.104993
1779541812.545327,0,1,15.692081,6.929575,2.393052,2.714138,0.104993
1779541812.555366,0,1,15.672533,6.946963,2.401191,2.714138,0.104993
1779541812.565164,0,1,15.652802,6.964214,2.409518,2.714138,0.104993
1779541812.575173,0,1,15.632908,6.981345,2.417698,2.714138,0.104993
1779541812.585074,0,1,15.612852,6.998318,2.426089,2.626181,0.088306
1779541812.595439,0,1,15.592669,7.015136,2.434358,2.626181,0.087068
1779541812.605200,0,1,15.572343,7.031777,2.442827,2.626181,0.087068
1779541812.615667,0,1,15.551906,7.048280,2.450841,2.626181,0.083832
1779541812.625318,0,1,15.531388,7.064680,2.458025,2.626181,0.083832
1779541812.635433,0,1,15.510766,7.080947,2.464945,2.626181,0.081013
1779541812.645401,0,1,15.490056,7.097101,2.471410,2.626181,0.081013
1779541812.655407,0,1,15.469240,7.113118,2.477856,2.626181,0.077865
1779541812.665310,0,1,15.448336,7.129018,2.484009,2.626181,0.077865
1779541812.675453,0,1,15.427326,7.144778,2.490252,2.626181,0.077758
1779541812.685441,0,1,15.406229,7.160420,2.496272,2.626181,0.077758
1779541812.695630,0,1,15.385029,7.175921,2.502428,2.626181,0.078645
1779541812.705027,0,1,15.363742,7.191303,2.508392,2.626181,0.078645
1779541812.715048,0,1,15.342355,7.206544,2.514512,2.626181,0.085724
1779541812.724990,0,1,15.320883,7.221666,2.520452,2.626181,0.088819
1779541812.735373,0,1,15.299312,7.236646,2.526557,2.626181,0.088819
1779541812.744988,0,1,15.277658,7.251506,2.532489,2.626181,0.095177
1779541812.755157,0,1,15.255907,7.266223,2.538588,2.626181,0.095177
1779541812.765210,0,1,15.234075,7.280819,2.544516,2.626181,0.103325
1779541812.775705,0,1,15.212148,7.295272,2.550614,2.626181,0.103325
1779541812.785380,0,1,15.190141,7.309604,2.556541,2.626181,0.112350
1779541812.795417,0,1,15.168027,7.323770,2.562941,2.626181,0.112350
1779541812.805298,0,1,15.145806,7.337717,2.570212,2.598627,0.121641
1779541812.815558,0,1,15.123514,7.351461,2.577784,2.598627,0.121641
1779541812.825626,0,1,15.101134,7.364986,2.585827,2.598627,0.121641
1779541812.835449,0,1,15.078721,7.378293,2.593934,2.542453,0.139540
1779541812.845597,0,1,15.056296,7.391338,2.602399,2.542453,0.139540
1779541812.855688,0,1,15.033895,7.404135,2.610812,2.494427,0.148463
1779541812.865149,0,1,15.011508,7.416627,2.619809,2.494427,0.148463
1779541812.875188,0,1,14.989089,7.428787,2.629680,2.494427,0.148463
1779541812.885051,0,1,14.966679,7.440638,2.639835,2.443886,0.156896
1779541812.895658,0,1,14.944322,7.452131,2.650522,2.403411,0.162304
1779541812.905434,0,1,14.922034,7.463295,2.661205,2.403411,0.162304
1779541812.915431,0,1,14.899758,7.474100,2.672426,2.403411,0.162304
1779541812.925063,0,1,14.877485,7.484505,2.684531,2.364500,0.163086
1779541812.935664,0,1,14.855240,7.494543,2.696863,2.364500,0.163086
1779541812.945092,0,1,14.833024,7.504192,2.709620,2.323376,0.158592
1779541812.955209,0,1,14.810884,7.513471,2.722349,2.294439,0.156381
1779541812.965108,0,1,14.788803,7.522362,2.735298,2.294439,0.156381
1779541812.975674,0,1,14.766772,7.530935,2.747670,2.294439,0.156381
1779541812.985158,0,1,14.744782,7.539246,2.759069,2.294439,0.156381
1779541812.995241,0,1,14.722800,7.547272,2.770105,2.294439,0.156381
1779541813.005352,0,1,14.700820,7.555044,2.780584,2.294439,0.156381
1779541813.015779,0,1,14.678820,7.562544,2.790974,2.294439,0.156381
1779541813.025067,0,1,14.656799,7.569804,2.800999,2.294439,0.156381
1779541813.035197,0,1,14.634742,7.576803,2.811063,2.294439,0.156381
1779541813.045334,0,1,14.612653,7.583573,2.820854,2.294439,0.156381
1779541813.055708,0,1,14.590520,7.590092,2.830746,2.294439,0.156381
1779541813.065453,0,1,14.568349,7.596390,2.840411,2.294439,0.156381
1779541813.075464,0,1,14.546130,7.602444,2.850208,2.294439,0.156381
1779541813.085386,0,1,14.523870,7.608283,2.859804,2.294439,0.156381
1779541813.095388,0,1,14.501527,7.613892,2.869505,2.430362,0.092384
1779541813.104998,0,1,14.479075,7.619307,2.878975,2.430362,0.092384
1779541813.115309,0,1,14.456506,7.624503,2.888580,2.450372,0.085385
1779541813.125118,0,1,14.433831,7.629532,2.897715,2.466413,0.081409
1779541813.135286,0,1,14.411063,7.634459,2.905778,2.466413,0.081409
1779541813.145239,0,1,14.388209,7.639320,2.912680,2.486341,0.074787
1779541813.155104,0,1,14.365261,7.644079,2.919128,2.486341,0.074787
1779541813.165183,0,1,14.342222,7.648753,2.925027,2.506449,0.067982
1779541813.175541,0,1,14.319085,7.653314,2.930856,2.506449,0.067982
1779541813.185376,0,1,14.295857,7.657783,2.936378,2.506449,0.067982
1779541813.195338,0,1,14.272534,7.662131,2.941982,2.526316,0.062573
1779541813.205394,0,1,14.249116,7.666385,2.947371,2.542343,0.062647
1779541813.215466,0,1,14.225597,7.670516,2.952899,2.542343,0.062647
1779541813.225378,0,1,14.201986,7.674573,2.957961,2.559819,0.065930
1779541813.235324,0,1,14.178291,7.678599,2.962233,2.559819,0.065930
1779541813.245346,0,1,14.154501,7.682534,2.966564,2.579592,0.070203
1779541813.255294,0,1,14.130604,7.686334,2.971436,2.594415,0.072390
1779541813.265211,0,1,14.106606,7.690025,2.976390,2.594415,0.072390
1779541813.275262,0,1,14.082503,7.693585,2.981671,2.614490,0.077577
1779541813.284974,0,1,14.058299,7.697039,2.986898,2.614490,0.077577
1779541813.295271,0,1,14.033991,7.700361,2.992365,2.634375,0.085496
1779541813.305092,0,1,14.009582,7.703576,2.997722,2.634375,0.085496
1779541813.314938,0,1,13.985068,7.706658,3.003283,2.654600,0.091556
1779541813.325024,0,1,13.960452,7.709631,3.008712,2.654600,0.091556
1779541813.335356,0,1,13.935733,7.712468,3.014331,2.670310,0.096299
1779541813.345030,0,1,13.910910,7.715195,3.019808,2.686328,0.098656
1779541813.354978,0,1,13.885980,7.717759,3.025759,2.686328,0.098656
1779541813.364951,0,1,13.860939,7.720116,3.032528,2.702308,0.102445
1779541813.375514,0,1,13.835793,7.722295,3.039565,2.702308,0.102445
1779541813.385281,0,1,13.810541,7.724273,3.047055,2.722351,0.105698
1779541813.395415,0,1,13.785185,7.726076,3.054576,2.722351,0.105698
1779541813.405269,0,1,13.759726,7.727677,3.062395,2.739188,0.108596
1779541813.415264,0,1,13.734166,7.729100,3.070147,2.739188,0.108596
1779541813.425015,0,1,13.708506,7.730317,3.078132,2.759802,0.106651
1779541813.435427,0,1,13.682747,7.731354,3.086006,2.759802,0.106651
1779541813.444997,0,1,13.656889,7.732181,3.094086,2.779680,0.102821
1779541813.455288,0,1,13.630934,7.732823,3.102038,2.779680,0.102821
1779541813.465218,0,1,13.604883,7.733251,3.110184,2.799620,0.097264
1779541813.474988,0,1,13.578733,7.733490,3.118191,2.814442,0.094620
1779541813.484973,0,1,13.552488,7.733511,3.126388,2.814442,0.094620
1779541813.495178,0,1,13.526153,7.733363,3.134157,2.814442,0.094620
1779541813.505253,0,1,13.499733,7.733087,3.141146,2.814442,0.094620
1779541813.515177,0,1,13.473233,7.732651,3.147899,2.814442,0.094620
1779541813.524875,0,1,13.446657,7.732076,3.154230,2.814442,0.094620
1779541813.535627,0,1,13.420012,7.731332,3.160564,2.814442,0.094620
1779541813.545080,0,1,13.393300,7.730444,3.166632,2.814442,0.094620
1779541813.555202,0,1,13.366527,7.729383,3.172807,2.814442,0.094620
1779541813.564997,0,1,13.339696,7.728176,3.178785,2.814442,0.094620
1779541813.575377,0,1,13.312812,7.726793,3.184913,2.814442,0.094620
1779541813.585050,0,1,13.285877,7.725262,3.190872,2.814442,0.094620
1779541813.595031,0,1,13.258870,7.723553,3.196976,2.934357,0.055533
1779541813.605280,0,1,13.231764,7.721691,3.202894,2.934357,0.055533
1779541813.615437,0,1,13.204563,7.719647,3.208967,2.950336,0.045714
1779541813.625344,0,1,13.177266,7.717473,3.214590,2.950336,0.045714
1779541813.635227,0,1,13.149872,7.715210,3.219408,2.966368,0.042715
1779541813.645257,0,1,13.122380,7.712827,3.223958,2.982358,0.036089
1779541813.655865,0,1,13.094790,7.710346,3.228064,2.982358,0.036089
1779541813.665241,0,1,13.067106,7.707740,3.232148,2.999706,0.029141
1779541813.675457,0,1,13.039327,7.705034,3.235950,2.999706,0.029141
1779541813.685404,0,1,13.011462,7.702201,3.239843,3.000000,0.024279
1779541813.695471,0,1,12.983508,7.699291,3.243236,3.000000,0.024279
1779541813.705348,0,1,12.955468,7.696350,3.245780,3.000000,0.021269
1779541813.715268,0,1,12.927347,7.693347,3.248025,3.000000,0.018583
1779541813.725235,0,1,12.899149,7.690305,3.249796,3.000000,0.018583
1779541813.735479,0,1,12.870879,7.687199,3.251524,3.000000,0.017390
1779541813.745174,0,1,12.842539,7.684054,3.252950,3.000000,0.017390
1779541813.755254,0,1,12.814135,7.680845,3.254452,3.000000,0.016663
1779541813.765318,0,1,12.785667,7.677600,3.255730,3.000000,0.017778
1779541813.775632,0,1,12.757142,7.674293,3.257138,3.000000,0.017778
1779541813.785366,0,1,12.728560,7.670951,3.258357,3.000000,0.021439
1779541813.795478,0,1,12.699926,7.667549,3.259729,3.000000,0.021439
1779541813.805317,0,1,12.671240,7.664114,3.260928,3.000000,0.026306
1779541813.815793,0,1,12.642508,7.660620,3.262290,3.000000,0.026306
1779541813.825189,0,1,12.613730,7.657095,3.263486,3.000000,0.030432
1779541813.835271,0,1,12.584910,7.653513,3.264850,3.000000,0.030432
1779541813.845342,0,1,12.556048,7.649900,3.266049,3.000000,0.030432
1779541813.855504,0,1,12.527150,7.646230,3.267418,3.000000,0.037531
1779541813.864921,0,1,12.498213,7.642530,3.268622,3.000000,0.037531
1779541813.875316,0,1,12.469248,7.638750,3.270299,3.000000,0.041015
1779541813.885375,0,1,12.440261,7.634843,3.272834,3.000000,0.041015
1779541813.895137,0,1,12.411251,7.630842,3.275678,3.000000,0.041015
1779541813.905373,0,1,12.382224,7.626723,3.279018,3.000000,0.045779
1779541813.915284,0,1,12.353177,7.622511,3.282415,3.000000,0.045779
1779541813.925119,0,1,12.324116,7.618182,3.286135,3.000000,0.045779
1779541813.935528,0,1,12.295039,7.613758,3.289793,3.000000,0.047343
1779541813.945085,0,1,12.265953,7.609215,3.293693,3.000000,0.047343
1779541813.955395,0,1,12.236854,7.604576,3.297475,3.000000,0.047343
1779541813.964917,0,1,12.207750,7.599813,3.301461,3.000000,0.041054
1779541813.975634,0,1,12.178638,7.594953,3.305302,3.000000,0.041054
1779541813.985185,0,1,12.149523,7.589968,3.309329,3.000000,0.041054
1779541813.995248,0,1,12.120403,7.584883,3.313199,3.000000,0.041054
1779541814.005185,0,1,12.091285,7.579671,3.317247,3.000000,0.041054
1779541814.015125,0,1,12.062164,7.574357,3.321133,3.000000,0.041054
1779541814.025379,0,1,12.033048,7.568916,3.325193,3.000000,0.041054
1779541814.035388,0,1,12.003933,7.563372,3.329088,3.000000,0.041054
1779541814.045249,0,1,11.974825,7.557698,3.333156,3.000000,0.041054
1779541814.055323,0,1,11.945721,7.551922,3.337058,3.000000,0.041054
1779541814.065327,0,1,11.916627,7.546016,3.341132,3.000000,0.041054
1779541814.075266,0,1,11.887540,7.540006,3.345040,3.000000,0.041054
1779541814.085245,0,1,11.858464,7.533866,3.349119,3.000000,0.041054
1779541814.095491,0,1,11.829398,7.527621,3.353032,3.000000,0.041054
1779541814.105318,0,1,11.800346,7.521247,3.357116,3.000000,-0.009482
1779541814.115331,0,1,11.771305,7.514768,3.361033,3.000000,-0.009482
1779541814.125289,0,1,11.742281,7.508158,3.365122,3.000000,-0.042821
1779541814.135559,0,1,11.713265,7.501469,3.368737,3.000000,-0.042821
1779541814.145291,0,1,11.684239,7.494770,3.371179,3.000000,-0.057735
1779541814.154962,0,1,11.655191,7.488126,3.371963,3.000000,-0.057735
1779541814.165340,0,1,11.626112,7.481575,3.371063,3.000000,-0.078642
1779541814.175395,0,1,11.597010,7.475084,3.369289,3.000000,-0.078642
1779541814.185364,0,1,11.567899,7.468710,3.366304,2.959966,-0.094567
1779541814.195573,0,1,11.538791,7.462503,3.361931,2.959966,-0.094567
1779541814.205465,0,1,11.509717,7.456441,3.356881,2.926352,-0.107264
1779541814.215689,0,1,11.480692,7.450556,3.351066,2.926352,-0.107264
1779541814.225374,0,1,11.451742,7.444829,3.345013,2.885431,-0.106835
1779541814.235285,0,1,11.422877,7.439322,3.338171,2.885431,-0.106835
1779541814.245269,0,1,11.394083,7.434083,3.330238,2.867206,-0.100080
1779541814.255534,0,1,11.365347,7.429081,3.321894,2.881785,-0.096845
1779541814.265518,0,1,11.336635,7.424339,3.313020,2.881785,-0.096845
1779541814.275343,0,1,11.307925,7.419826,3.304119,2.897789,-0.080142
1779541814.285272,0,1,11.279192,7.415571,3.294941,2.897789,-0.080142
1779541814.295434,0,1,11.250433,7.411523,3.286187,2.917684,-0.057187
1779541814.305408,0,1,11.221641,7.407639,3.278279,2.933667,-0.045927
1779541814.315354,0,1,11.192810,7.403951,3.270668,2.933667,-0.045927
1779541814.325255,0,1,11.163942,7.400413,3.263854,2.953701,-0.017741
1779541814.335527,0,1,11.135039,7.396981,3.258122,2.953701,-0.017741
1779541814.345111,0,1,11.106095,7.393688,3.252849,2.973746,0.010890
1779541814.355071,0,1,11.077112,7.390484,3.248475,2.973746,0.010890
1779541814.364971,0,1,11.048096,7.387299,3.245552,2.989699,0.037404
1779541814.375140,0,1,11.019048,7.384092,3.244155,2.989699,0.037404
1779541814.385416,0,1,10.989964,7.380894,3.243518,3.000000,0.060112
1779541814.395280,0,1,10.960850,7.377655,3.243982,3.000000,0.060112
1779541814.405194,0,1,10.931712,7.374329,3.245731,3.000000,0.078657
1779541814.415621,0,1,10.902548,7.370942,3.248076,3.000000,0.086960
1779541814.425250,0,1,10.873367,7.367442,3.251412,3.000000,0.086960
1779541814.435448,0,1,10.844181,7.363782,3.255964,2.979864,0.092700
1779541814.445260,0,1,10.814994,7.359988,3.261065,2.979864,0.092700
1779541814.455631,0,1,10.785819,7.356032,3.266832,2.947793,0.095178
1779541814.465150,0,1,10.756661,7.351939,3.272769,2.947793,0.095178
1779541814.477097,0,1,10.727521,7.347677,3.279100,2.967826,0.088387
1779541814.485427,0,1,10.698391,7.343266,3.285408,2.967826,0.088387
1779541814.495448,0,1,10.669279,7.338677,3.291983,2.967826,0.088387
1779541814.505427,0,1,10.640183,7.333931,3.298453,2.967826,0.088387
1779541814.515308,0,1,10.611107,7.328999,3.305134,2.967826,0.088387
1779541814.525239,0,1,10.582051,7.323903,3.311671,2.967826,0.088387
1779541814.535577,0,1,10.553021,7.318615,3.318395,2.967826,0.088387
1779541814.545428,0,1,10.524013,7.313159,3.324959,2.967826,0.088387
1779541814.555246,0,1,10.495035,7.307506,3.331699,2.967826,0.088387
1779541814.565065,0,1,10.466084,7.301682,3.338273,2.967826,0.088387
1779541814.575356,0,1,10.437167,7.295659,3.345019,2.967826,0.088387
1779541814.585341,0,1,10.408279,7.289461,3.351596,2.967826,0.088387
1779541814.595354,0,1,10.379421,7.283061,3.358335,3.000000,-0.007810
1779541814.605214,0,1,10.350582,7.276482,3.364895,3.000000,-0.031320
1779541814.615358,0,1,10.321771,7.269698,3.371619,3.000000,-0.031320
1779541814.625396,0,1,10.292976,7.262760,3.377867,3.000000,-0.055046
1779541814.635311,0,1,10.264183,7.255735,3.382944,3.000000,-0.055046
1779541814.644891,0,1,10.235378,7.248690,3.386372,3.000000,-0.081268
1779541814.655155,0,1,10.206546,7.241686,3.387820,3.000000,-0.081268
1779541814.665280,0,1,10.177682,7.234789,3.387054,2.965542,-0.107045
1779541814.675184,0,1,10.148788,7.228038,3.384219,2.965542,-0.107045
1779541814.685137,0,1,10.119907,7.221412,3.380230,2.925691,-0.128932
1779541814.695108,0,1,10.091057,7.214971,3.374829,2.925691,-0.128932
1779541814.705253,0,1,10.062247,7.208795,3.367557,2.886014,-0.142869
1779541814.715107,0,1,10.033488,7.202935,3.358434,2.886014,-0.142869
1779541814.725119,0,1,10.004806,7.197362,3.348336,2.845945,-0.143018
1779541814.735181,0,1,9.976239,7.192116,3.337230,2.815813,-0.142923
1779541814.745007,0,1,9.947788,7.187171,3.325776,2.815813,-0.142923
1779541814.755430,0,1,9.919451,7.182562,3.313799,2.784109,-0.126737
1779541814.765306,0,1,9.891232,7.178266,3.301803,2.784109,-0.126737
1779541814.775301,0,1,9.863128,7.174316,3.289508,2.752069,-0.113853
1779541814.785182,0,1,9.835149,7.170661,3.277670,2.752069,-0.113853
1779541814.795137,0,1,9.807253,7.167253,3.266794,2.772113,-0.080446
1779541814.804981,0,1,9.779382,7.164125,3.256353,2.788110,-0.048452
1779541814.815662,0,1,9.751518,7.161223,3.246841,2.788110,-0.048452
1779541814.825151,0,1,9.723651,7.158479,3.238824,2.805268,-0.014136
1779541814.835097,0,1,9.695770,7.155851,3.232361,2.805268,-0.014136
1779541814.844931,0,1,9.667869,7.153372,3.226662,2.825068,0.025463
1779541814.856291,0,1,9.639948,7.150992,3.222065,2.825068,0.025463
1779541814.865425,0,1,9.612008,7.148640,3.219043,2.845748,0.065603
1779541814.875286,0,1,9.584050,7.146272,3.217613,2.845748,0.065603
1779541814.885196,0,1,9.556066,7.143921,3.216970,2.865018,0.093065
1779541814.895816,0,1,9.528059,7.141534,3.217437,2.865018,0.093065
1779541814.905325,0,1,9.500045,7.139039,3.219488,2.822528,0.113854
1779541814.915360,0,1,9.472041,7.136394,3.223143,2.822528,0.113854
1779541814.925380,0,1,9.444073,7.133630,3.227611,2.784581,0.127694
1779541814.935547,0,1,9.416171,7.130697,3.233233,2.784581,0.127694
1779541814.945135,0,1,9.388373,7.127549,3.240206,2.743306,0.133153
1779541814.954935,0,1,9.360726,7.124222,3.247828,2.714909,0.136798
1779541814.965313,0,1,9.333243,7.120662,3.256490,2.714909,0.136798
1779541814.975472,0,1,9.305936,7.116821,3.266408,2.683030,0.128760
1779541814.985127,0,1,9.278808,7.112732,3.276845,2.683030,0.128760
1779541814.995506,0,1,9.251841,7.108365,3.287873,2.683030,0.128760
1779541815.005280,0,1,9.225010,7.103744,3.298952,2.683030,0.128760
1779541815.015728,0,1,9.198307,7.098835,3.310321,2.683030,0.128760
1779541815.025339,0,1,9.171715,7.093663,3.321558,2.683030,0.128760
1779541815.035165,0,1,9.145233,7.088197,3.332973,2.683030,0.128760
1779541815.045183,0,1,9.118849,7.082461,3.344195,2.683030,0.128760
1779541815.055597,0,1,9.092565,7.076426,3.355561,2.683030,0.128760
1779541815.065072,0,1,9.066372,7.070119,3.366722,2.683030,0.128760
1779541815.074939,0,1,9.040274,7.063512,3.378022,2.683030,0.128760
1779541815.085181,0,1,9.014266,7.056632,3.389121,2.683030,0.128760
1779541815.095528,0,1,8.988321,7.049442,3.400311,2.803095,-0.030117
1779541815.105037,0,1,8.962403,7.041963,3.411246,2.803095,-0.030117
1779541815.115619,0,1,8.936519,7.034168,3.422288,2.831861,-0.087649
1779541815.124943,0,1,8.910653,7.026105,3.432834,2.831861,-0.087649
1779541815.135249,0,1,8.884795,7.017846,3.442250,2.801329,-0.118182
1779541815.145103,0,1,8.858936,7.009456,3.450104,2.801329,-0.118182
1779541815.155158,0,1,8.833069,7.000995,3.456099,2.761416,-0.158094
1779541815.165033,0,1,8.807184,6.992527,3.460029,2.761416,-0.158094
1779541815.175206,0,1,8.781272,6.984110,3.461749,2.729503,-0.190007
1779541815.185119,0,1,8.755321,6.975806,3.461161,2.729503,-0.190007
1779541815.195354,0,1,8.729346,6.967685,3.458165,2.689428,-0.230082
1779541815.205048,0,1,8.703357,6.959816,3.452699,2.689428,-0.230082
1779541815.215420,0,1,8.677357,6.952266,3.444710,2.657479,-0.252757
1779541815.225018,0,1,8.651383,6.945113,3.434106,2.617458,-0.266008
1779541815.235102,0,1,8.625437,6.938422,3.420900,2.617458,-0.266008
1779541815.244961,0,1,8.599514,6.932255,3.405108,2.585452,-0.274162
1779541815.255176,0,1,8.573618,6.926648,3.387090,2.585452,-0.274162
1779541815.265150,0,1,8.547778,6.921564,3.367919,2.545388,-0.255397
1779541815.275105,0,1,8.522005,6.917033,3.347726,2.545388,-0.255397
1779541815.285116,0,1,8.496321,6.912997,3.327532,2.511489,-0.227062
1779541815.295769,0,1,8.470739,6.909413,3.307948,2.511489,-0.227062
1779541815.305463,0,1,8.445269,6.906321,3.288480,2.471309,-0.186882
1779541815.315458,0,1,8.419927,6.903697,3.269434,2.471309,-0.186882
1779541815.324919,0,1,8.394723,6.901571,3.250388,2.431530,-0.147104
1779541815.335332,0,1,8.369671,6.899887,3.232019,2.431530,-0.147104
1779541815.345315,0,1,8.344729,6.898570,3.215111,2.452251,-0.105661
1779541815.355286,0,1,8.319846,6.897553,3.200113,2.466695,-0.076775
1779541815.365347,0,1,8.294999,6.896773,3.187226,2.466695,-0.076775
1779541815.375493,0,1,8.270169,6.896168,3.176553,2.482548,-0.045068
1779541815.385340,0,1,8.245338,6.895705,3.167835,2.482548,-0.045068
1779541815.395333,0,1,8.220500,6.895419,3.160092,2.502565,-0.005034
1779541815.405334,0,1,8.195649,6.895262,3.153554,2.518621,0.027077
1779541815.415818,0,1,8.170782,6.895163,3.148603,2.518621,0.027077
1779541815.425246,0,1,8.145895,6.895058,3.145483,2.538622,0.067079
1779541815.435483,0,1,8.120984,6.894912,3.144052,2.538622,0.067079
1779541815.445282,0,1,8.096046,6.894760,3.143427,2.558707,0.107249
1779541815.455680,0,1,8.071078,6.894555,3.143891,2.558707,0.107249
1779541815.465255,0,1,8.046088,6.894228,3.145872,2.531274,0.134682
1779541815.475361,0,1,8.021086,6.893716,3.149649,2.531274,0.134682
1779541815.485327,0,1,7.996075,6.892959,3.155401,2.531274,0.134682
1779541815.495513,0,1,7.971061,6.891923,3.162945,2.531274,0.134682
1779541815.505316,0,1,7.946045,6.890648,3.171364,2.531274,0.134682
1779541815.515271,0,1,7.921031,6.889111,3.180627,2.531274,0.134682
1779541815.525261,0,1,7.896020,6.887342,3.190153,2.531274,0.134682
1779541815.535510,0,1,7.871017,6.885314,3.200127,2.531274,0.134682
1779541815.545327,0,1,7.846024,6.883052,3.210111,2.531274,0.134682
1779541815.555287,0,1,7.821045,6.880530,3.220380,2.531274,0.134682
1779541815.564926,0,1,7.796081,6.877771,3.230553,2.531274,0.134682
1779541815.575223,0,1,7.771139,6.874749,3.240944,2.531274,0.134682
1779541815.585072,0,1,7.746324,6.871502,3.251327,2.403540,0.141933
1779541815.595229,0,1,7.721770,6.868019,3.262122,2.364276,0.181197
1779541815.605078,0,1,7.697469,6.864329,3.272827,2.364276,0.181197
1779541815.615583,0,1,7.673419,6.860374,3.284061,2.334589,0.176332
1779541815.625315,0,1,7.649620,6.856111,3.296131,2.334589,0.176332
1779541815.635064,0,1,7.626014,6.851570,3.308308,2.354613,0.144055
1779541815.645386,0,1,7.602565,6.846721,3.320757,2.354613,0.144055
1779541815.655252,0,1,7.579233,6.841617,3.332720,2.370576,0.112759
1779541815.665043,0,1,7.555983,6.836300,3.343813,2.370576,0.112759
1779541815.675498,0,1,7.532805,6.830733,3.354612,2.390588,0.078985
1779541815.685409,0,1,7.509674,6.824965,3.364630,2.390588,0.078985
1779541815.695587,0,1,7.486568,6.819059,3.373342,2.410573,0.047263
1779541815.705106,0,1,7.463476,6.813053,3.380717,2.410573,0.047263
1779541815.715183,0,1,7.440404,6.806908,3.387525,2.430536,0.016647
1779541815.725211,0,1,7.417336,6.800669,3.393402,2.430536,0.016647
1779541815.735776,0,1,7.394251,6.794398,3.397885,2.450620,-0.013476
1779541815.745067,0,1,7.371134,6.788126,3.400978,2.466525,-0.028061
1779541815.755268,0,1,7.347992,6.781817,3.403468,2.466525,-0.028061
1779541815.765311,0,1,7.324811,6.775514,3.405007,2.482561,-0.052482
1779541815.775676,0,1,7.301578,6.769254,3.405436,2.482561,-0.052482
1779541815.785448,0,1,7.278301,6.763003,3.405437,2.500309,-0.072519
1779541815.795415,0,1,7.254966,6.756805,3.404597,2.500309,-0.072519
1779541815.805162,0,1,7.231553,6.750725,3.402422,2.519717,-0.086508
1779541815.815581,0,1,7.208048,6.744793,3.398892,2.534600,-0.091895
1779541815.825245,0,1,7.184462,6.738975,3.394770,2.534600,-0.091895
1779541815.835365,0,1,7.160786,6.733291,3.389995,2.554555,-0.094024
1779541815.845244,0,1,7.137027,6.727710,3.385076,2.554555,-0.094024
1779541815.855778,0,1,7.113178,6.722258,3.379789,2.574564,-0.092560
1779541815.865448,0,1,7.089243,6.716908,3.374537,2.574564,-0.092560
1779541815.875151,0,1,7.065216,6.711686,3.369034,2.594598,-0.083673
1779541815.884983,0,1,7.041100,6.706567,3.363638,2.594598,-0.083673
1779541815.895792,0,1,7.016890,6.701578,3.358036,2.614645,-0.071147
1779541815.905031,0,1,6.992589,6.696693,3.352571,2.614645,-0.071147
1779541815.915411,0,1,6.968192,6.691939,3.346918,2.634526,-0.056792
1779541815.925515,0,1,6.943702,6.687292,3.341411,2.634526,-0.056792
1779541815.935354,0,1,6.919112,6.682778,3.335726,2.660281,-0.032065
1779541815.945208,0,1,6.894430,6.678348,3.330484,2.660281,-0.032065
1779541815.955226,0,1,6.869665,6.673947,3.326177,2.674624,-0.025235
1779541815.965518,0,1,6.844818,6.669575,3.322591,2.674624,-0.025235
1779541815.975485,0,1,6.819894,6.665227,3.319616,2.674624,-0.025235
1779541815.985431,0,1,6.794896,6.660872,3.317426,2.694571,-0.007204
1779541815.995325,0,1,6.769818,6.656542,3.315472,2.694571,-0.007204
1779541816.005434,0,1,6.744668,6.652215,3.313942,2.694571,-0.007204
1779541816.015332,0,1,6.719443,6.647919,3.312413,2.694571,-0.007204
1779541816.025606,0,1,6.694152,6.643630,3.311156,2.694571,-0.007204
1779541816.035229,0,1,6.668793,6.639374,3.309800,2.694571,-0.007204
1779541816.045085,0,1,6.643373,6.635126,3.308652,2.694571,-0.007204
1779541816.055531,0,1,6.617890,6.630913,3.307364,2.694571,-0.007204
1779541816.065032,0,1,6.592353,6.626709,3.306257,2.694571,-0.007204
1779541816.075519,0,1,6.566758,6.622540,3.304992,2.694571,-0.007204
1779541816.085355,0,1,6.541112,6.618382,3.303898,2.694571,-0.007204
1779541816.095839,0,1,6.515415,6.614259,3.302639,2.694571,-0.007204
1779541816.105003,0,1,6.489671,6.610147,3.301547,2.694571,-0.007204
1779541816.115286,0,1,6.463880,6.606072,3.300287,2.694571,-0.007204
1779541816.125384,0,1,6.438012,6.602003,3.299195,2.839997,0.038265
1779541816.135602,0,1,6.412034,6.597961,3.297946,2.839997,0.038265
1779541816.145122,0,1,6.385952,6.593895,3.297151,2.860375,0.071782
1779541816.155249,0,1,6.359775,6.589739,3.297451,2.879695,0.079360
1779541816.165731,0,1,6.333511,6.585430,3.299276,2.879695,0.079360
1779541816.175494,0,1,6.307174,6.580933,3.302626,2.879695,0.079360
1779541816.185113,0,1,6.280758,6.576282,3.306725,2.900092,0.086358
1779541816.195124,0,1,6.254269,6.571456,3.311596,2.900092,0.086358
1779541816.205117,0,1,6.227701,6.566480,3.316714,2.919862,0.091315
1779541816.215801,0,1,6.201062,6.561330,3.322272,2.919862,0.091315
1779541816.225402,0,1,6.174348,6.556028,3.327855,2.939981,0.086554
1779541816.235444,0,1,6.147565,6.550548,3.333730,2.939981,0.086554
1779541816.245286,0,1,6.120707,6.544912,3.339532,2.966587,0.072783
1779541816.255563,0,1,6.093781,6.539092,3.345560,2.966587,0.072783
1779541816.265412,0,1,6.066783,6.533112,3.351473,2.982605,0.062456
1779541816.275316,0,1,6.039721,6.526943,3.357587,2.982605,0.062456
1779541816.285163,0,1,6.012586,6.520633,3.363277,2.999936,0.045107
1779541816.295477,0,1,5.985370,6.514223,3.368171,2.999936,0.045107
1779541816.305384,0,1,5.958085,6.507683,3.372806,3.000000,0.026212
1779541816.315665,0,1,5.930732,6.501035,3.376997,3.000000,0.017616
1779541816.325423,0,1,5.903321,6.494253,3.381167,3.000000,0.017616
1779541816.335861,0,1,5.875845,6.487384,3.384759,3.000000,-0.002878
1779541816.345443,0,1,5.848297,6.480472,3.387443,3.000000,-0.002878
1779541816.355425,0,1,5.820690,6.473488,3.389788,3.000000,-0.002878
1779541816.365380,0,1,5.793013,6.466481,3.391333,3.000000,-0.026900
1779541816.375430,0,1,5.765261,6.459492,3.391811,3.000000,-0.035646
1779541816.385492,0,1,5.737443,6.452493,3.391843,3.000000,-0.035646
1779541816.395453,0,1,5.709552,6.445534,3.390994,3.000000,-0.047786
1779541816.405122,0,1,5.681578,6.438658,3.389022,3.000000,-0.047786
1779541816.415252,0,1,5.653532,6.431838,3.386560,3.000000,-0.057050
1779541816.425459,0,1,5.625410,6.425100,3.383486,3.000000,-0.057050
1779541816.435540,0,1,5.597222,6.418421,3.380276,3.000000,-0.061015
1779541816.445332,0,1,5.568963,6.411829,3.376692,3.000000,-0.061015
1779541816.455736,0,1,5.540641,6.405301,3.373136,3.000000,-0.060732
1779541816.465425,0,1,5.512252,6.398867,3.369318,3.000000,-0.060732
1779541816.475808,0,1,5.483803,6.392505,3.365602,3.000000,-0.052623
1779541816.485360,0,1,5.455291,6.386243,3.361675,3.000000,-0.052623
1779541816.495250,0,1,5.426722,6.380059,3.357885,3.000000,-0.052623
1779541816.505511,0,1,5.398094,6.373980,3.353907,3.000000,-0.052623
1779541816.515419,0,1,5.369412,6.367984,3.350081,3.000000,-0.052623
1779541816.525312,0,1,5.340674,6.362099,3.346077,3.000000,-0.052623
1779541816.535689,0,1,5.311886,6.356299,3.342232,3.000000,-0.052623
1779541816.545406,0,1,5.283044,6.350614,3.338213,3.000000,-0.052623
1779541816.555208,0,1,5.254156,6.345018,3.334356,3.000000,-0.052623
1779541816.564975,0,1,5.225217,6.339540,3.330326,3.000000,-0.052623
1779541816.575487,0,1,5.196235,6.334153,3.326460,3.000000,-0.052623
1779541816.585025,0,1,5.167205,6.328886,3.322422,3.000000,-0.052623
1779541816.595434,0,1,5.138135,6.323713,3.318548,3.000000,-0.052623
1779541816.605371,0,1,5.109020,6.318662,3.314502,3.000000,0.012865
1779541816.615680,0,1,5.079867,6.313706,3.310621,3.000000,0.026674
1779541816.625393,0,1,5.050673,6.308874,3.306567,3.000000,0.026674
1779541816.635343,0,1,5.021448,6.304113,3.302984,3.000000,0.040439
1779541816.645340,0,1,4.992203,6.299356,3.300568,3.000000,0.040439
1779541816.655833,0,1,4.962950,6.294535,3.299800,3.000000,0.056505
1779541816.665398,0,1,4.933698,6.289614,3.300706,3.000000,0.056505
1779541816.675431,0,1,4.904440,6.284627,3.302479,3.000000,0.064262
1779541816.685382,0,1,4.875183,6.279548,3.305131,3.000000,0.078603
1779541816.695471,0,1,4.845922,6.274404,3.308101,3.000000,0.078603
1779541816.705050,0,1,4.816669,6.269139,3.311875,3.000000,0.087367
1779541816.715108,0,1,4.787433,6.263706,3.316741,3.000000,0.087367
1779541816.725380,0,1,4.758211,6.258132,3.322071,3.000000,0.089754
1779541816.735635,0,1,4.729010,6.252388,3.328002,3.000000,0.089754
1779541816.745501,0,1,4.699826,6.246497,3.334058,3.000000,0.081119
1779541816.755427,0,1,4.670667,6.240430,3.340483,3.000000,0.078896
1779541816.765418,0,1,4.641531,6.234209,3.346872,3.000000,0.078896
1779541816.775582,0,1,4.612424,6.227804,3.353520,3.000000,0.062956
1779541816.785639,0,1,4.583344,6.221238,3.360058,3.000000,0.062956
1779541816.795386,0,1,4.554298,6.214480,3.366804,3.000000,0.045602
1779541816.805273,0,1,4.525277,6.207581,3.373099,3.000000,0.045602
1779541816.815697,0,1,4.496271,6.200582,3.378539,3.000000,0.026792
1779541816.825360,0,1,4.467290,6.193450,3.383674,3.000000,0.026792
1779541816.835542,0,1,4.438322,6.186233,3.388005,3.000000,0.004908
1779541816.845427,0,1,4.409358,6.178973,3.391239,3.000000,0.004908
1779541816.855796,0,1,4.380406,6.171639,3.394004,3.000000,-0.006150
1779541816.865389,0,1,4.351460,6.164255,3.396159,3.000000,-0.026574
1779541816.875254,0,1,4.322527,6.156795,3.398182,3.000000,-0.026574
1779541816.885203,0,1,4.293594,6.149312,3.399524,3.000000,-0.044672
1779541816.896027,0,1,4.264650,6.141851,3.399856,3.000000,-0.044672
1779541816.905400,0,1,4.235702,6.134385,3.399778,3.000000,-0.055731
1779541816.915462,0,1,4.206737,6.126965,3.398827,3.000000,-0.055731
1779541816.925360,0,1,4.177743,6.119637,3.396733,3.000000,-0.067889
1779541816.935673,0,1,4.148729,6.112373,3.394140,3.000000,-0.067889
1779541816.945525,0,1,4.119681,6.105225,3.390612,3.000000,-0.073234
1779541816.955603,0,1,4.090590,6.098240,3.385898,3.000000,-0.073234
1779541816.965422,0,1,4.061462,6.091392,3.380658,3.000000,-0.074154
1779541816.975738,0,1,4.032293,6.084708,3.374770,3.000000,-0.074154
1779541816.985347,0,1,4.003087,6.078167,3.368727,3.000000,-0.074154
1779541816.995568,0,1,3.973840,6.071798,3.362295,3.000000,-0.074154
1779541817.005436,0,1,3.944557,6.065580,3.355884,3.000000,-0.074154
1779541817.015764,0,1,3.915233,6.059544,3.349206,3.000000,-0.074154
1779541817.025077,0,1,3.885873,6.053667,3.342634,3.000000,-0.074154
1779541817.035243,0,1,3.856474,6.047981,3.335850,3.000000,-0.074154
1779541817.045435,0,1,3.827040,6.042462,3.329210,3.000000,-0.074154
1779541817.056104,0,1,3.797567,6.037139,3.322384,3.000000,-0.074154
1779541817.065390,0,1,3.768061,6.031989,3.315718,3.000000,-0.074154
1779541817.075381,0,1,3.738518,6.027040,3.308878,3.000000,-0.074154
1779541817.085334,0,1,3.708944,6.022268,3.302205,3.000000,-0.074154
1779541817.095568,0,1,3.679336,6.017701,3.295362,3.000000,0.016237
1779541817.105270,0,1,3.649698,6.013315,3.288689,3.000000,0.016237
1779541817.115065,0,1,3.620028,6.009136,3.281847,3.000000,0.046774
1779541817.125334,0,1,3.590335,6.005114,3.275484,3.000000,0.059943
1779541817.135722,0,1,3.560629,6.001178,3.270303,3.000000,0.059943
1779541817.145460,0,1,3.530918,5.997264,3.266791,3.000000,0.085252
1779541817.155324,0,1,3.501212,5.993306,3.265285,3.000000,0.085252
1779541817.165367,0,1,3.471548,5.989244,3.266033,2.966277,0.111226
1779541817.175601,0,1,3.441957,5.985041,3.268895,2.966277,0.111226
1779541817.185510,0,1,3.412469,5.980735,3.272936,2.919880,0.131173
1779541817.195362,0,1,3.383120,5.976274,3.278415,2.919880,0.131173
1779541817.205228,0,1,3.353938,5.971586,3.285788,2.880245,0.147218
1779541817.215638,0,1,3.324947,5.966628,3.295026,2.880245,0.147218
1779541817.225337,0,1,3.296149,5.961432,3.305232,2.845077,0.148744
1779541817.235365,0,1,3.267557,5.955970,3.316387,2.845077,0.148744
1779541817.245408,0,1,3.239179,5.950268,3.327880,2.805581,0.136782
1779541817.255795,0,1,3.211029,5.944293,3.339892,2.805581,0.136782
1779541817.265375,0,1,3.183113,5.938072,3.351941,2.764969,0.113705
1779541817.275134,0,1,3.155433,5.931569,3.364278,2.779442,0.102083
1779541817.285622,0,1,3.127936,5.924825,3.376096,2.779442,0.102083
1779541817.295545,0,1,3.100574,5.917870,3.386932,2.799499,0.064674
1779541817.305225,0,1,3.073324,5.910660,3.397348,2.799499,0.064674
1779541817.315236,0,1,3.046153,5.903238,3.406849,2.815393,0.032886
1779541817.325126,0,1,3.019034,5.895640,3.415173,2.815393,0.032886
1779541817.336004,0,1,2.991970,5.887834,3.422981,2.835417,-0.007161
1779541817.345367,0,1,2.964944,5.879867,3.429850,2.835417,-0.007161
1779541817.355334,0,1,2.937931,5.871808,3.435247,2.855358,-0.047045
1779541817.364985,0,1,2.910905,5.863717,3.438813,2.871413,-0.066252
1779541817.375697,0,1,2.883846,5.855657,3.440310,2.871413,-0.066252
1779541817.385352,0,1,2.856733,5.847687,3.439578,2.885410,-0.094247
1779541817.395435,0,1,2.829552,5.839846,3.436812,2.885410,-0.094247
1779541817.405364,0,1,2.802325,5.832105,3.432950,2.846976,-0.121433
1779541817.415558,0,1,2.775052,5.824495,3.428063,2.846976,-0.121433
1779541817.425027,0,1,2.747742,5.816993,3.422775,2.846976,-0.121433
1779541817.435564,0,1,2.720420,5.809667,3.416591,2.793350,-0.131663
1779541817.445030,0,1,2.693105,5.802575,3.409239,2.793350,-0.131663
1779541817.455786,0,1,2.665845,5.795702,3.401360,2.737295,-0.129017
1779541817.465341,0,1,2.638661,5.789112,3.392490,2.737295,-0.129017
1779541817.475305,0,1,2.611517,5.782845,3.382442,2.737295,-0.129017
1779541817.485296,0,1,2.584402,5.776867,3.371945,2.737295,-0.129017
1779541817.495882,0,1,2.557297,5.771202,3.360891,2.737295,-0.129017
1779541817.505356,0,1,2.530195,5.765822,3.349787,2.737295,-0.129017
1779541817.515079,0,1,2.503083,5.760755,3.338386,2.737295,-0.129017
1779541817.525084,0,1,2.475959,5.755976,3.327097,2.737295,-0.129017
1779541817.535514,0,1,2.448814,5.751513,3.315613,2.737295,-0.129017
1779541817.545336,0,1,2.421649,5.747340,3.304300,2.737295,-0.129017
1779541817.555169,0,1,2.394459,5.743486,3.292826,2.737295,-0.129017
1779541817.565304,0,1,2.367245,5.739924,3.281541,2.737295,-0.129017
1779541817.575776,0,1,2.340006,5.736682,3.270103,2.737295,-0.129017
1779541817.585389,0,1,2.312744,5.733735,3.258855,2.737295,-0.129017
1779541817.595359,0,1,2.285459,5.731108,3.247453,2.737295,-0.129017
1779541817.605464,0,1,2.258154,5.728776,3.236238,2.737295,-0.129017
1779541817.615455,0,1,2.230830,5.726767,3.224865,2.737295,-0.129017
1779541817.625387,0,1,2.203490,5.725052,3.213673,2.737295,-0.129017
1779541817.635275,0,1,2.176137,5.723659,3.202321,2.737295,-0.129017
1779541817.645294,0,1,2.148772,5.722562,3.191147,2.737295,-0.129017
1779541817.655417,0,1,2.121352,5.721785,3.179886,2.933273,0.086226
1779541817.665335,0,1,2.093835,5.721301,3.168895,2.933273,0.086226
1779541817.675394,0,1,2.066237,5.721136,3.157775,2.893192,0.126308
1779541817.685399,0,1,2.038576,5.721239,3.147113,2.893192,0.126308
1779541817.696031,0,1,2.010865,5.721540,3.137559,2.853354,0.166146
1779541817.705296,0,1,1.983117,5.721976,3.129559,2.853354,0.166146
1779541817.715029,0,1,1.955342,5.722483,3.123426,2.813392,0.206108
1779541817.725292,0,1,1.927551,5.722999,3.119376,2.813392,0.206108
1779541817.735555,0,1,1.899750,5.723464,3.117562,2.781284,0.238215
1779541817.744988,0,1,1.871984,5.723813,3.118114,2.741364,0.278136
1779541817.754877,0,1,1.844285,5.723981,3.121121,2.741364,0.278136
1779541817.765358,0,1,1.816677,5.723906,3.126663,2.701349,0.318150
1779541817.775480,0,1,1.789185,5.723522,3.134779,2.701349,0.318150
1779541817.785052,0,1,1.761823,5.722767,3.145497,2.669251,0.350249
1779541817.795532,0,1,1.734606,5.721578,3.158811,2.669251,0.350249
1779541817.805358,0,1,1.707559,5.719892,3.174748,2.629362,0.360000
1779541817.815671,0,1,1.680706,5.717646,3.193288,2.629362,0.360000
1779541817.825589,0,1,1.654071,5.714780,3.214421,2.594659,0.360000
1779541817.835552,0,1,1.627679,5.711233,3.238101,2.594659,0.360000
1779541817.845354,0,1,1.601563,5.706978,3.264005,2.554451,0.360000
1779541817.855987,0,1,1.575742,5.702057,3.291014,2.554451,0.360000
1779541817.865321,0,1,1.550243,5.696455,3.319016,2.514138,0.351347
1779541817.875221,0,1,1.525111,5.690215,3.347394,2.485134,0.330351
1779541817.885387,0,1,1.500359,5.683313,3.376189,2.485134,0.330351
1779541817.895463,0,1,1.475989,5.675813,3.404556,2.445115,0.290332
1779541817.905490,0,1,1.452005,5.667765,3.431995,2.445115,0.290332
1779541817.915442,0,1,1.428432,5.659146,3.459079,2.405313,0.250530
1779541817.925582,0,1,1.405266,5.650015,3.485218,2.405313,0.250530
1779541817.935012,0,1,1.382492,5.640452,3.509800,2.365006,0.210223
1779541817.945573,0,1,1.360091,5.630525,3.532429,2.365006,0.210223
1779541817.955519,0,1,1.338038,5.620298,3.552861,2.333319,0.178536
1779541817.965472,0,1,1.316317,5.609804,3.571274,2.333319,0.178536
1779541817.975201,0,1,1.294902,5.598988,3.588557,2.353300,0.138575
1779541817.985474,0,1,1.273734,5.587881,3.604420,2.353300,0.138575
1779541817.995514,0,1,1.252768,5.576545,3.618507,2.353300,0.138575
1779541818.005455,0,1,1.231975,5.565014,3.630924,2.353300,0.138575
1779541818.016097,0,1,1.211362,5.553255,3.642558,2.353300,0.138575
1779541818.025442,0,1,1.190911,5.541293,3.653404,2.353300,0.138575
1779541818.035517,0,1,1.170631,5.529103,3.664029,2.353300,0.138575
1779541818.045372,0,1,1.150501,5.516711,3.674226,2.353300,0.138575
1779541818.055541,0,1,1.130533,5.504098,3.684432,2.353300,0.138575
1779541818.065285,0,1,1.110709,5.491291,3.694359,2.353300,0.138575
1779541818.075379,0,1,1.091041,5.478268,3.704388,2.353300,0.138575
1779541818.085648,0,1,1.071512,5.465057,3.714200,2.353300,0.138575
1779541818.095655,0,1,1.052136,5.451637,3.724154,2.353300,0.138575
1779541818.105356,0,1,1.033101,5.438180,3.734201,2.089320,-0.263980
1779541818.115362,0,1,1.014588,5.424783,3.744764,2.089320,-0.263980
1779541818.125471,0,1,0.996516,5.411470,3.754835,2.054745,-0.298554
1779541818.135382,0,1,0.978805,5.398277,3.763585,2.054745,-0.298554
1779541818.145430,0,1,0.961393,5.385236,3.770567,2.014140,-0.339160
1779541818.155521,0,1,0.944228,5.372378,3.775557,2.014140,-0.339160
1779541818.165075,0,1,0.927261,5.359732,3.778455,1.974834,-0.360000
1779541818.175448,0,1,0.910448,5.347328,3.779241,1.974834,-0.360000
1779541818.185673,0,1,0.893753,5.335198,3.777925,1.934737,-0.360000
1779541818.195470,0,1,0.877140,5.323373,3.774548,1.934737,-0.360000
1779541818.205476,0,1,0.860580,5.311885,3.769147,1.894259,-0.360000
1779541818.215916,0,1,0.844077,5.300790,3.761728,1.854595,-0.360000
1779541818.225406,0,1,0.827603,5.290114,3.752378,1.854595,-0.360000
1779541818.235389,0,1,0.811126,5.279879,3.741167,1.825247,-0.360000
1779541818.245207,0,1,0.794622,5.270109,3.728170,1.825247,-0.360000
1779541818.255537,0,1,0.778073,5.260831,3.713420,1.793267,-0.360000
1779541818.265446,0,1,0.761467,5.252073,3.696971,1.793267,-0.360000
1779541818.275836,0,1,0.744803,5.243864,3.678826,1.753279,-0.360000
1779541818.285395,0,1,0.728095,5.236212,3.659345,1.753279,-0.360000
1779541818.295242,0,1,0.711384,5.229055,3.639516,1.713197,-0.360000
1779541818.305536,0,1,0.694683,5.222396,3.619324,1.713197,-0.360000
1779541818.315315,0,1,0.678015,5.216185,3.599336,1.681240,-0.360000
1779541818.327628,0,1,0.661379,5.210432,3.579290,1.681240,-0.360000
1779541818.335353,0,1,0.644810,5.205097,3.559573,1.633318,-0.360000
1779541818.345947,0,1,0.628320,5.200200,3.539852,1.633318,-0.360000
1779541818.355252,0,1,0.611891,5.195688,3.520577,1.633318,-0.360000
1779541818.365329,0,1,0.595551,5.191585,3.501295,1.574883,-0.360000
1779541818.375561,0,1,0.579336,5.187855,3.482394,1.574883,-0.360000
1779541818.385655,0,1,0.563261,5.184518,3.463490,1.521087,-0.360000
1779541818.395331,0,1,0.547350,5.181535,3.445004,1.521087,-0.360000
1779541818.405310,0,1,0.531563,5.178918,3.426623,1.521087,-0.360000
1779541818.415518,0,1,0.515911,5.176626,3.408677,1.486479,-0.357537
1779541818.425072,0,1,0.500395,5.174677,3.390783,1.486479,-0.357537
1779541818.435368,0,1,0.484970,5.173026,3.373359,1.510551,-0.315270
1779541818.445349,0,1,0.469593,5.171687,3.355998,1.510551,-0.315270
1779541818.455309,0,1,0.454258,5.170598,3.339275,1.510551,-0.315270
1779541818.465414,0,1,0.438940,5.169687,3.323657,1.535918,-0.264538
1779541818.475066,0,1,0.423613,5.168925,3.309052,1.535918,-0.264538
1779541818.485296,0,1,0.408277,5.168355,3.294685,1.535918,-0.264538
1779541818.495121,0,1,0.392936,5.167935,3.280978,1.535918,-0.264538
1779541818.505436,0,1,0.377591,5.167636,3.268045,1.535918,-0.264538
1779541818.515339,0,1,0.362243,5.167503,3.255236,1.535918,-0.264538
1779541818.525294,0,1,0.346895,5.167520,3.242753,1.535918,-0.264538
1779541818.535365,0,1,0.331547,5.167722,3.230174,1.535918,-0.264538
1779541818.545369,0,1,0.316201,5.168088,3.217810,1.535918,-0.264538
1779541818.555313,0,1,0.300861,5.168649,3.205293,1.535918,-0.264538
1779541818.565184,0,1,0.285528,5.169380,3.192964,1.535918,-0.264538
1779541818.575481,0,1,0.270206,5.170310,3.180466,1.535918,-0.264538
1779541818.585284,0,1,0.254894,5.171413,3.168148,1.535918,-0.264538
1779541818.594918,0,1,0.239598,5.172718,3.155657,1.535918,-0.264538
1779541818.604895,0,1,0.224317,5.174197,3.143342,1.535918,-0.264538
1779541818.615126,0,1,0.209057,5.175877,3.130853,1.535918,-0.264538
1779541818.625256,0,1,0.193817,5.177733,3.118539,1.535918,-0.264538
1779541818.635183,0,1,0.178562,5.179795,3.106083,1.706517,-0.011349
1779541818.644980,0,1,0.163253,5.182043,3.093809,1.706517,-0.011349
1779541818.655225,0,1,0.147900,5.184503,3.081336,1.706517,-0.011349
1779541818.665105,0,1,0.132494,5.187127,3.069262,1.735518,-0.016797
1779541818.675025,0,1,0.117023,5.189857,3.058066,1.735518,-0.016797
1779541818.685129,0,1,0.101483,5.192644,3.048001,1.735518,-0.016797
1779541818.695566,0,1,0.085864,5.195450,3.039202,1.762458,0.008574
1779541818.705426,0,1,0.070157,5.198240,3.031749,1.762458,0.008574
1779541818.714884,0,1,0.054355,5.200983,3.025690,1.790467,0.050542
1779541818.725037,0,1,0.038449,5.203650,3.021059,1.790467,0.050542
1779541818.735331,0,1,0.022441,5.206213,3.017883,1.790467,0.050542
1779541818.745132,0,1,0.006324,5.208644,3.016182,1.818575,0.087554
1779541818.755194,0,1,-0.009906,5.210918,3.015976,1.818575,0.087554
1779541818.765260,0,1,-0.026247,5.213005,3.017285,1.818575,0.087554
1779541818.775526,0,1,-0.042700,5.214904,3.019852,1.846432,0.113983
1779541818.786263,0,1,-0.059259,5.216674,3.022847,1.846432,0.113983
1779541818.795379,0,1,-0.075919,5.218291,3.026624,1.846432,0.113983
1779541818.805302,0,1,-0.092685,5.219731,3.031279,1.875528,0.127808
1779541818.815546,0,1,-0.109554,5.221044,3.036167,1.875528,0.127808
1779541818.825620,0,1,-0.126526,5.222218,3.041456,1.902538,0.129190
1779541818.834942,0,1,-0.143601,5.223290,3.046725,1.902538,0.129190
1779541818.844898,0,1,-0.160776,5.224216,3.052535,1.902538,0.129190
1779541818.855671,0,1,-0.178054,5.224963,3.059103,1.930540,0.124998
1779541818.864937,0,1,-0.195432,5.225567,3.065844,1.930540,0.124998
1779541818.875297,0,1,-0.212907,5.226013,3.072959,1.930540,0.124998
1779541818.885240,0,1,-0.230476,5.226355,3.079765,1.955295,0.115050
1779541818.895711,0,1,-0.248141,5.226636,3.085969,1.955295,0.115050
1779541818.905282,0,1,-0.265897,5.226821,3.092116,1.955295,0.115050
1779541818.915438,0,1,-0.283746,5.226932,3.097987,1.986409,0.100513
1779541818.925342,0,1,-0.301692,5.226937,3.103974,1.986409,0.100513
1779541818.935586,0,1,-0.319728,5.226859,3.109782,1.986409,0.100513
1779541818.944957,0,1,-0.337856,5.226670,3.115758,2.010493,0.088068
1779541818.955097,0,1,-0.356077,5.226392,3.121582,2.010493,0.088068
1779541818.965263,0,1,-0.374392,5.225997,3.127589,2.038451,0.072113
1779541818.975551,0,1,-0.392804,5.225534,3.133176,2.038451,0.072113
1779541818.985168,0,1,-0.411308,5.225039,3.138080,2.038451,0.072113
1779541818.995077,0,1,-0.429900,5.224477,3.142869,2.038451,0.072113
1779541819.005118,0,1,-0.448575,5.223866,3.147341,2.038451,0.072113
1779541819.015460,0,1,-0.467328,5.223173,3.151901,2.038451,0.072113
1779541819.025136,0,1,-0.486155,5.222421,3.156256,2.038451,0.072113
1779541819.035371,0,1,-0.505053,5.221580,3.160763,2.038451,0.072113
1779541819.045218,0,1,-0.524017,5.220673,3.165101,2.038451,0.072113
1779541819.055439,0,1,-0.543043,5.219673,3.169611,2.038451,0.072113
1779541819.065366,0,1,-0.562129,5.218604,3.173962,2.038451,0.072113
1779541819.075359,0,1,-0.581269,5.217438,3.178493,2.038451,0.072113
1779541819.084843,0,1,-0.600463,5.216199,3.182867,2.038451,0.072113
1779541819.095193,0,1,-0.619705,5.214862,3.187422,2.038451,0.072113
1779541819.105224,0,1,-0.638994,5.213451,3.191822,2.038451,0.072113
1779541819.115171,0,1,-0.658325,5.211939,3.196402,2.038451,0.072113
1779541819.125153,0,1,-0.677697,5.210352,3.200826,2.038451,0.072113
1779541819.135046,0,1,-0.697106,5.208662,3.205430,2.038451,0.072113
1779541819.144891,0,1,-0.716551,5.206896,3.209877,2.038451,0.072113
1779541819.155247,0,1,-0.736028,5.205027,3.214504,2.038451,0.072113
1779541819.165166,0,1,-0.755536,5.203080,3.218972,2.038451,0.072113
1779541819.175313,0,1,-0.775070,5.201030,3.223619,2.038451,0.072113
1779541819.185304,0,1,-0.794684,5.198895,3.228089,2.255378,-0.062142
1779541819.195032,0,1,-0.814419,5.196645,3.232709,2.255378,-0.062142
1779541819.205008,0,1,-0.834282,5.194328,3.236899,2.282513,-0.094743
1779541819.215625,0,1,-0.854280,5.192008,3.240105,2.282513,-0.094743
1779541819.225114,0,1,-0.874413,5.189740,3.241996,2.282513,-0.094743
1779541819.235366,0,1,-0.894685,5.187575,3.242365,2.306495,-0.126930
1779541819.244892,0,1,-0.915101,5.185561,3.241082,2.306495,-0.126930
1779541819.255040,0,1,-0.935657,5.183745,3.238053,2.306495,-0.126930
1779541819.265365,0,1,-0.956340,5.182148,3.233486,2.275924,-0.158039
1779541819.275273,0,1,-0.977132,5.180724,3.228236,2.275924,-0.158039
1779541819.285197,0,1,-0.998016,5.179510,3.221998,2.223075,-0.171827
1779541819.295261,0,1,-1.018975,5.178541,3.214661,2.223075,-0.171827
1779541819.305245,0,1,-1.040001,5.177773,3.206918,2.223075,-0.171827
1779541819.315306,0,1,-1.061079,5.177251,3.198346,2.167097,-0.176317
1779541819.325218,0,1,-1.082189,5.177010,3.188764,2.167097,-0.176317
1779541819.335332,0,1,-1.103328,5.177011,3.178843,2.167097,-0.176317
1779541819.345343,0,1,-1.124494,5.177272,3.168443,2.184285,-0.171325
1779541819.355297,0,1,-1.145688,5.177762,3.158023,2.184285,-0.171325
1779541819.364869,0,1,-1.166906,5.178503,3.147312,2.184285,-0.171325
1779541819.375365,0,1,-1.188151,5.179468,3.136695,2.215075,-0.159876
1779541819.385317,0,1,-1.209425,5.180681,3.125862,2.215075,-0.159876
1779541819.395287,0,1,-1.230728,5.182091,3.115449,2.215075,-0.159876
1779541819.405391,0,1,-1.252065,5.183656,3.105775,2.244303,-0.144713
1779541819.415389,0,1,-1.273437,5.185412,3.096272,2.244303,-0.144713
1779541819.425232,0,1,-1.294848,5.187337,3.087137,2.271224,-0.133145
1779541819.435266,0,1,-1.316299,5.189462,3.077950,2.271224,-0.133145
1779541819.444928,0,1,-1.337786,5.191764,3.068988,2.271224,-0.133145
1779541819.455020,0,1,-1.359310,5.194271,3.059891,2.299128,-0.114153
1779541819.465375,0,1,-1.380876,5.196960,3.050973,2.299128,-0.114153
1779541819.475244,0,1,-1.402475,5.199858,3.041884,2.299128,-0.114153
1779541819.485044,0,1,-1.424109,5.202916,3.033238,2.299128,-0.114153
1779541819.495627,0,1,-1.445781,5.206094,3.025345,2.299128,-0.114153
1779541819.505257,0,1,-1.467482,5.209425,3.017633,2.299128,-0.114153
1779541819.515319,0,1,-1.489212,5.212890,3.010295,2.299128,-0.114153
1779541819.525122,0,1,-1.510963,5.216518,3.002909,2.299128,-0.114153
1779541819.535556,0,1,-1.532736,5.220286,2.995758,2.299128,-0.114153
1779541819.545205,0,1,-1.554522,5.224224,2.988474,2.299128,-0.114153
1779541819.555063,0,1,-1.576322,5.228304,2.981374,2.299128,-0.114153
1779541819.565069,0,1,-1.598130,5.232556,2.974110,2.299128,-0.114153
1779541819.575152,0,1,-1.619945,5.236954,2.967013,2.299128,-0.114153
1779541819.585308,0,1,-1.641761,5.241525,2.959740,2.299128,-0.114153
1779541819.595222,0,1,-1.663580,5.246243,2.952628,2.299128,-0.114153
1779541819.604948,0,1,-1.685393,5.251134,2.945337,2.299128,-0.114153
1779541819.614949,0,1,-1.707204,5.256174,2.938205,2.299128,-0.114153
1779541819.625187,0,1,-1.729003,5.261388,2.930893,2.299128,-0.114153
1779541819.635283,0,1,-1.750835,5.266760,2.923770,2.475091,-0.044948
1779541819.644993,0,1,-1.772729,5.272326,2.916511,2.475091,-0.044948
1779541819.655505,0,1,-1.794697,5.278038,2.909702,2.495037,-0.027234
1779541819.665467,0,1,-1.816755,5.283832,2.903934,2.495037,-0.027234
1779541819.675222,0,1,-1.838918,5.289652,2.899577,2.524266,-0.018473
1779541819.685275,0,1,-1.861196,5.295469,2.896584,2.524266,-0.018473
1779541819.695373,0,1,-1.883578,5.301322,2.894177,2.539093,-0.013370
1779541819.705235,0,1,-1.906065,5.307194,2.892402,2.539093,-0.013370
1779541819.715275,0,1,-1.928650,5.313116,2.890756,2.559143,-0.012654
1779541819.725238,0,1,-1.951338,5.319067,2.889457,2.559143,-0.012654
1779541819.735569,0,1,-1.974120,5.325075,2.888109,2.575130,-0.019279
1779541819.745323,0,1,-1.997000,5.331116,2.886996,2.575130,-0.019279
1779541819.755175,0,1,-2.019972,5.337218,2.885764,2.595075,-0.033328
1779541819.765247,0,1,-2.043042,5.343355,2.884721,2.595075,-0.033328
1779541819.775689,0,1,-2.066197,5.349577,2.883245,2.615082,-0.049596
1779541819.785326,0,1,-2.089424,5.355927,2.880995,2.615082,-0.049596
1779541819.795527,0,1,-2.112731,5.362373,2.878515,2.635081,-0.068248
1779541819.805284,0,1,-2.136113,5.368938,2.875616,2.635081,-0.068248
1779541819.815465,0,1,-2.159575,5.375596,2.872714,2.655075,-0.087942
1779541819.825349,0,1,-2.183105,5.382394,2.869249,2.655075,-0.087942
1779541819.834973,0,1,-2.206688,5.389373,2.864921,2.675081,-0.107348
1779541819.845314,0,1,-2.230333,5.396503,2.860299,2.675081,-0.107348
1779541819.855664,0,1,-2.254011,5.403826,2.854911,2.635046,-0.125198
1779541819.865366,0,1,-2.277696,5.411377,2.848509,2.635046,-0.125198
1779541819.875269,0,1,-2.301382,5.419123,2.841708,2.595041,-0.140062
1779541819.885121,0,1,-2.325050,5.427080,2.834360,2.595041,-0.140062
1779541819.895628,0,1,-2.348695,5.435218,2.826921,2.554994,-0.151482
1779541819.905542,0,1,-2.372288,5.443584,2.818836,2.554994,-0.151482
1779541819.915313,0,1,-2.395803,5.452213,2.809803,2.515099,-0.157740
1779541819.925557,0,1,-2.419237,5.461072,2.800426,2.515099,-0.157740
1779541819.935342,0,1,-2.442549,5.470171,2.790507,2.474494,-0.155494
1779541819.945105,0,1,-2.465724,5.479473,2.780504,2.474494,-0.155494
1779541819.955065,0,1,-2.488724,5.488991,2.770132,2.434936,-0.153298
1779541819.965375,0,1,-2.511535,5.498692,2.759808,2.434936,-0.153298
1779541819.975298,0,1,-2.534128,5.508591,2.749212,2.395055,-0.147368
1779541819.985400,0,1,-2.556498,5.518656,2.738746,2.395055,-0.147368
1779541819.995491,0,1,-2.578656,5.528922,2.728118,2.395055,-0.147368
1779541820.004925,0,1,-2.600630,5.539369,2.717722,2.395055,-0.147368
1779541820.015671,0,1,-2.622421,5.550028,2.707216,2.395055,-0.147368
1779541820.025394,0,1,-2.644052,5.560878,2.696954,2.395055,-0.147368
1779541820.035151,0,1,-2.665519,5.571946,2.686582,2.395055,-0.147368
1779541820.045016,0,1,-2.686842,5.583209,2.676441,2.395055,-0.147368
1779541820.054981,0,1,-2.708011,5.594692,2.666176,2.395055,-0.147368
1779541820.065606,0,1,-2.729044,5.606370,2.656126,2.395055,-0.147368
1779541820.074914,0,1,-2.749930,5.618267,2.645937,2.395055,-0.147368
1779541820.085360,0,1,-2.770686,5.630360,2.635949,2.395055,-0.147368
1779541820.095720,0,1,-2.791297,5.642669,2.625811,2.395055,-0.147368
1779541820.105246,0,1,-2.811779,5.655172,2.615864,2.395055,-0.147368
1779541820.115475,0,1,-2.832118,5.667890,2.605759,2.395055,-0.147368
1779541820.125329,0,1,-2.852328,5.680799,2.595838,2.395055,-0.147368
1779541820.135754,0,1,-2.872428,5.693942,2.585805,2.559054,-0.046052
1779541820.145334,0,1,-2.892464,5.707318,2.576005,2.559054,-0.046052
1779541820.155543,0,1,-2.912421,5.720946,2.566071,2.575057,-0.018935
1779541820.165357,0,1,-2.932325,5.734783,2.556600,2.575057,-0.018935
1779541820.175844,0,1,-2.952214,5.748774,2.548207,2.595183,-0.000731
1779541820.185192,0,1,-2.972126,5.762870,2.541288,2.595183,-0.000731
1779541820.195873,0,1,-2.992092,5.777024,2.536099,2.615102,0.019060
1779541820.205418,0,1,-3.012132,5.791211,2.532516,2.615102,0.019060
1779541820.215601,0,1,-3.032224,5.805466,2.529692,2.635040,0.039378
1779541820.225108,0,1,-3.052392,5.819754,2.527914,2.635040,0.039378
1779541820.235459,0,1,-3.072674,5.834023,2.527600,2.655135,0.054342
1779541820.245318,0,1,-3.093091,5.848245,2.528733,2.655135,0.054342
1779541820.255263,0,1,-3.113621,5.862452,2.530530,2.675105,0.059875
1779541820.265512,0,1,-3.134276,5.876626,2.533030,2.675105,0.059875
1779541820.275403,0,1,-3.155041,5.890791,2.535714,2.691037,0.062499
1779541820.285239,0,1,-3.175927,5.904927,2.538790,2.691037,0.062499
1779541820.295680,0,1,-3.196922,5.919055,2.541852,2.715107,0.048181
1779541820.304998,0,1,-3.218043,5.933154,2.545176,2.715107,0.048181
1779541820.315199,0,1,-3.239274,5.947245,2.548403,2.735038,0.035387
1779541820.325237,0,1,-3.260632,5.961307,2.551839,2.735038,0.035387
1779541820.335388,0,1,-3.282098,5.975357,2.555145,2.735038,0.035387
1779541820.345402,0,1,-3.303691,5.989374,2.558639,2.764684,0.005849
1779541820.355084,0,1,-3.325398,6.003380,2.561987,2.764684,0.005849
1779541820.365106,0,1,-3.347235,6.017353,2.565512,2.787068,-0.011089
1779541820.375389,0,1,-3.369176,6.031336,2.568594,2.787068,-0.011089
1779541820.384909,0,1,-3.391186,6.045385,2.570590,2.811089,-0.031258
1779541820.395415,0,1,-3.413246,6.059533,2.571362,2.811089,-0.031258
1779541820.404958,0,1,-3.435374,6.073750,2.571599,2.827055,-0.051477
1779541820.415381,0,1,-3.457557,6.088053,2.571210,2.827055,-0.051477
1779541820.425356,0,1,-3.479811,6.102419,2.570680,2.844327,-0.072771
1779541820.435508,0,1,-3.502109,6.116888,2.569492,2.844327,-0.072771
1779541820.445172,0,1,-3.524414,6.131519,2.567069,2.871039,-0.086783
1779541820.454941,0,1,-3.546706,6.146346,2.563313,2.871039,-0.086783
1779541820.465191,0,1,-3.569000,6.161338,2.558937,2.875272,-0.099523
1779541820.475081,0,1,-3.591278,6.176513,2.553870,2.875272,-0.099523
1779541820.484967,0,1,-3.613551,6.191846,2.548610,2.875272,-0.099523
1779541820.495135,0,1,-3.635787,6.207377,2.542649,2.875272,-0.099523
1779541820.505147,0,1,-3.657953,6.223140,2.535699,2.875272,-0.099523
1779541820.515401,0,1,-3.680062,6.239110,2.528353,2.875272,-0.099523
1779541820.525251,0,1,-3.702095,6.255304,2.520461,2.875272,-0.099523
1779541820.535256,0,1,-3.724062,6.271699,2.512474,2.875272,-0.099523
1779541820.545436,0,1,-3.745942,6.288316,2.504139,2.875272,-0.099523
1779541820.555318,0,1,-3.767746,6.305133,2.495844,2.875272,-0.099523
1779541820.565239,0,1,-3.789452,6.322170,2.487291,2.875272,-0.099523
1779541820.575275,0,1,-3.811092,6.339422,2.478866,2.987390,-0.055701
1779541820.585362,0,1,-3.832664,6.356925,2.470270,2.987390,-0.055701
1779541820.595316,0,1,-3.854196,6.374639,2.462112,3.000000,-0.050407
1779541820.605231,0,1,-3.875727,6.392512,2.455049,3.000000,-0.050407
1779541820.615090,0,1,-3.897278,6.410511,2.449233,3.000000,-0.028364
1779541820.625335,0,1,-3.918823,6.428661,2.443982,3.000000,-0.028364
1779541820.635356,0,1,-3.940387,6.446922,2.439675,3.000000,-0.004188
1779541820.645298,0,1,-3.961994,6.465260,2.436522,3.000000,-0.004188
1779541820.655290,0,1,-3.983620,6.483698,2.433873,3.000000,0.008311
1779541820.665303,0,1,-4.005279,6.502213,2.431836,3.000000,0.027242
1779541820.675369,0,1,-4.026949,6.520825,2.429935,3.000000,0.027242
1779541820.685112,0,1,-4.048663,6.539491,2.428694,3.000000,0.042451
1779541820.695117,0,1,-4.070447,6.558175,2.428426,3.000000,0.042451
1779541820.705552,0,1,-4.092281,6.576896,2.428540,3.000000,0.053819
1779541820.715416,0,1,-4.114194,6.595615,2.429489,3.000000,0.053819
1779541820.725368,0,1,-4.136215,6.614293,2.431535,3.000000,0.060318
1779541820.735302,0,1,-4.158323,6.632952,2.434049,3.000000,0.060318
1779541820.745294,0,1,-4.180532,6.651570,2.437162,3.000000,0.066075
1779541820.755501,0,1,-4.202824,6.670163,2.440403,3.000000,0.066075
1779541820.765327,0,1,-4.225233,6.688689,2.444312,3.000000,0.065633
1779541820.775295,0,1,-4.247787,6.707107,2.449207,3.000000,0.065633
1779541820.785314,0,1,-4.270465,6.725439,2.454499,3.000000,0.061252
1779541820.795252,0,1,-4.293282,6.743661,2.460342,3.000000,0.059533
1779541820.805173,0,1,-4.316206,6.761810,2.465981,3.000000,0.059533
1779541820.814873,0,1,-4.339209,6.779918,2.470943,3.000000,0.049103
1779541820.825254,0,1,-4.362310,6.797957,2.475724,3.000000,0.049103
1779541820.835346,0,1,-4.385495,6.815941,2.480095,3.000000,0.036513
1779541820.845140,0,1,-4.408780,6.833847,2.484471,3.000000,0.036513
1779541820.855419,0,1,-4.432149,6.851691,2.488566,3.000000,0.019652
1779541820.865466,0,1,-4.455618,6.869452,2.492754,3.000000,0.019652
1779541820.875316,0,1,-4.479154,6.887168,2.496420,3.000000,0.013246
1779541820.885194,0,1,-4.502730,6.904874,2.499191,3.000000,0.000410
1779541820.895229,0,1,-4.526364,6.922544,2.501632,3.000000,0.000410
1779541820.905332,0,1,-4.550039,6.940197,2.503563,3.000000,-0.011063
1779541820.915363,0,1,-4.573772,6.957811,2.505430,3.000000,-0.011063
1779541820.925257,0,1,-4.597529,6.975426,2.506665,3.000000,-0.022050
1779541820.935175,0,1,-4.621283,6.993080,2.506931,3.000000,-0.022050
1779541820.945263,0,1,-4.645051,7.010748,2.506814,3.000000,-0.027674
1779541820.955509,0,1,-4.668816,7.028449,2.506151,3.000000,-0.027674
1779541820.965183,0,1,-4.692594,7.046164,2.505400,3.000000,-0.030117
1779541820.975295,0,1,-4.716365,7.063914,2.504306,3.000000,-0.030117
1779541820.984978,0,1,-4.740146,7.081679,2.503263,3.000000,-0.030117
1779541820.995102,0,1,-4.763916,7.099482,2.501973,3.000000,-0.030117
1779541821.005094,0,1,-4.787692,7.117303,2.500799,3.000000,-0.030117
1779541821.015040,0,1,-4.811453,7.135164,2.499422,3.000000,-0.030117
1779541821.025047,0,1,-4.835216,7.153046,2.498193,3.000000,-0.030117
1779541821.035356,0,1,-4.858962,7.170970,2.496780,3.000000,-0.030117
1779541821.045326,0,1,-4.882707,7.188917,2.495528,3.000000,-0.030117
1779541821.055208,0,1,-4.906432,7.206907,2.494101,3.000000,-0.030117
1779541821.065208,0,1,-4.930153,7.224920,2.492841,3.000000,-0.030117
1779541821.075294,0,1,-4.953853,7.242979,2.491411,3.000000,-0.030117
1779541821.085185,0,1,-4.977547,7.261061,2.490149,3.000000,0.017136
1779541821.095249,0,1,-5.001217,7.279189,2.488718,3.000000,0.017136
1779541821.105314,0,1,-5.024896,7.297321,2.487763,3.000000,0.026603
1779541821.115140,0,1,-5.048610,7.315420,2.487678,3.000000,0.026603
1779541821.124920,0,1,-5.072339,7.333512,2.487909,3.000000,0.040374
1779541821.135214,0,1,-5.096099,7.351577,2.488643,3.000000,0.040374
1779541821.145271,0,1,-5.119872,7.369637,2.489437,3.000000,0.040374
1779541821.155363,0,1,-5.143690,7.387649,2.490865,3.000000,0.062100
1779541821.165241,0,1,-5.167580,7.405575,2.493271,3.000000,0.062100
1779541821.175340,0,1,-5.191525,7.423440,2.496064,3.000000,0.062100
1779541821.185090,0,1,-5.215539,7.441221,2.499410,3.000000,0.076460
1779541821.195110,0,1,-5.239606,7.458940,2.502848,3.000000,0.076460
1779541821.205089,0,1,-5.263758,7.476551,2.506941,3.000000,0.076460
1779541821.215295,0,1,-5.288023,7.494016,2.512026,3.000000,0.084919
1779541821.225235,0,1,-5.312383,7.511357,2.517509,3.000000,0.084919
1779541821.235177,0,1,-5.336853,7.528551,2.523550,3.000000,0.088927
1779541821.244860,0,1,-5.361416,7.545618,2.529686,3.000000,0.088927
1779541821.255147,0,1,-5.386090,7.562532,2.536172,3.000000,0.088927
1779541821.265415,0,1,-5.410860,7.579314,2.542610,3.000000,0.088118
1779541821.275173,0,1,-5.435740,7.595937,2.549300,3.000000,0.088118
1779541821.285286,0,1,-5.460718,7.612420,2.555873,3.000000,0.088118
1779541821.295238,0,1,-5.485809,7.628738,2.562652,3.000000,0.081550
1779541821.305379,0,1,-5.510996,7.644912,2.569283,3.000000,0.081550
1779541821.315464,0,1,-5.536296,7.660915,2.576099,3.000000,0.069928
1779541821.325234,0,1,-5.561694,7.676768,2.582753,3.000000,0.069928
1779541821.335278,0,1,-5.587203,7.692447,2.589583,3.000000,0.061018
1779541821.345312,0,1,-5.612809,7.707973,2.596245,3.000000,0.061018
1779541821.355334,0,1,-5.638526,7.723320,2.603078,3.000000,0.050818
1779541821.365382,0,1,-5.664325,7.738532,2.609435,3.000000,0.045767
1779541821.375277,0,1,-5.690183,7.753649,2.614918,3.000000,0.045767
1779541821.385323,0,1,-5.716116,7.768641,2.620084,3.000000,0.034592
1779541821.395402,0,1,-5.742112,7.783529,2.624744,3.000000,0.034592
1779541821.405244,0,1,-5.768182,7.798289,2.629343,3.000000,0.023405
1779541821.415308,0,1,-5.794314,7.812945,2.633615,3.000000,0.023405
1779541821.425203,0,1,-5.820519,7.827473,2.637948,3.000000,0.014440
1779541821.435390,0,1,-5.846771,7.841921,2.641732,3.000000,0.014440
1779541821.445130,0,1,-5.873046,7.856328,2.644593,3.000000,0.014440
1779541821.455372,0,1,-5.899360,7.870669,2.647104,3.000000,0.007246
1779541821.465232,0,1,-5.925699,7.884967,2.649089,3.000000,0.007246
1779541821.475498,0,1,-5.952076,7.899198,2.651000,3.000000,0.007246
1779541821.485169,0,1,-5.978476,7.913388,2.652575,3.000000,0.007246
1779541821.495101,0,1,-6.004912,7.927514,2.654207,3.000000,0.007246
1779541821.505315,0,1,-6.031370,7.941603,2.655594,3.000000,0.007246
1779541821.515542,0,1,-6.057861,7.955631,2.657102,3.000000,0.007246
1779541821.525398,0,1,-6.084371,7.969626,2.658406,3.000000,0.007246
1779541821.535231,0,1,-6.110912,7.983564,2.659860,3.000000,0.007246
1779541821.545376,0,1,-6.137471,7.997470,2.661130,3.000000,0.007246
1779541821.555464,0,1,-6.164059,8.011323,2.662563,3.000000,0.007246
1779541821.565260,0,1,-6.190663,8.025147,2.663822,3.000000,0.007246
1779541821.575237,0,1,-6.217295,8.038918,2.665248,3.000000,0.007246
1779541821.585363,0,1,-6.243942,8.052662,2.666504,3.000000,0.007246
1779541821.595315,0,1,-6.270617,8.066355,2.667929,3.000000,0.007246
1779541821.605030,0,1,-6.297305,8.080022,2.669185,3.000000,0.007246
1779541821.615299,0,1,-6.324020,8.093639,2.670613,3.000000,0.043271
1779541821.625393,0,1,-6.350749,8.107231,2.671870,3.000000,0.043271
1779541821.635403,0,1,-6.377516,8.120750,2.673607,3.000000,0.050372
1779541821.645241,0,1,-6.404339,8.134156,2.676219,3.000000,0.050372
1779541821.655191,0,1,-6.431206,8.147477,2.679149,3.000000,0.060464
1779541821.665501,0,1,-6.458126,8.160691,2.682586,3.000000,0.060464
1779541821.675409,0,1,-6.485088,8.173822,2.686084,3.000000,0.071537
1779541821.685407,0,1,-6.512102,8.186845,2.689910,3.000000,0.071537
1779541821.695018,0,1,-6.539157,8.199783,2.693675,3.000000,0.071537
1779541821.705114,0,1,-6.566277,8.212588,2.697990,3.000000,0.083075
1779541821.715143,0,1,-6.593480,8.225216,2.703229,3.000000,0.083075
1779541821.725338,0,1,-6.620752,8.237693,2.708818,3.000000,0.089488
1779541821.735191,0,1,-6.648104,8.249996,2.714934,3.000000,0.089488
1779541821.745366,0,1,-6.675491,8.262133,2.721156,2.960881,0.094592
1779541821.755496,0,1,-6.702896,8.274065,2.727763,2.960881,0.094592
1779541821.765357,0,1,-6.730284,8.285804,2.734358,2.920634,0.096494
1779541821.775545,0,1,-6.757647,8.297314,2.741251,2.920634,0.096494
1779541821.785517,0,1,-6.785013,8.308636,2.748002,2.943032,0.095020
1779541821.795615,0,1,-6.812434,8.319730,2.755225,2.943032,0.095020
1779541821.805170,0,1,-6.839932,8.330555,2.763310,2.943032,0.095020
1779541821.815550,0,1,-6.867503,8.341170,2.771362,2.975183,0.088294
1779541821.825460,0,1,-6.895146,8.351626,2.778829,2.975183,0.088294
1779541821.835620,0,1,-6.922870,8.361891,2.786180,2.975183,0.088294
1779541821.845426,0,1,-6.950670,8.371989,2.793160,3.000000,0.081995
1779541821.855266,0,1,-6.978562,8.381896,2.800164,3.000000,0.081995
1779541821.865613,0,1,-7.006532,8.391634,2.806904,3.000000,0.081995
1779541821.875293,0,1,-7.034590,8.401176,2.813749,3.000000,0.072371
1779541821.885408,0,1,-7.062722,8.410548,2.820383,3.000000,0.072371
1779541821.895630,0,1,-7.090937,8.419723,2.827161,3.000000,0.072371
1779541821.905086,0,1,-7.119224,8.428727,2.833753,3.000000,0.064784
1779541821.915168,0,1,-7.147589,8.437532,2.840506,3.000000,0.064784
1779541821.925997,0,1,-7.176022,8.446164,2.847085,3.000000,0.064784
1779541821.935163,0,1,-7.204528,8.454598,2.853832,3.000000,0.059524
1779541821.945882,0,1,-7.233100,8.462857,2.860411,3.000000,0.059524
1779541821.955392,0,1,-7.261741,8.470915,2.867161,3.000000,0.059524
1779541821.965664,0,1,-7.290436,8.478824,2.873439,3.000000,0.054460
1779541821.975550,0,1,-7.319171,8.486626,2.878851,3.000000,0.054460
1779541821.986812,0,1,-7.347955,8.494290,2.883953,3.000000,0.054460
1779541821.995111,0,1,-7.376780,8.501840,2.888557,3.000000,0.054460
1779541822.005646,0,1,-7.405651,8.509250,2.893104,3.000000,0.054460
1779541822.015456,0,1,-7.434560,8.516545,2.897330,3.000000,0.054460
1779541822.025432,0,1,-7.463513,8.523701,2.901622,3.000000,0.054460
1779541822.035753,0,1,-7.492503,8.530744,2.905675,3.000000,0.054460
1779541822.045507,0,1,-7.521534,8.537650,2.909853,3.000000,0.054460
1779541822.055043,0,1,-7.550598,8.544445,2.913831,3.000000,0.054460
1779541822.065157,0,1,-7.579701,8.551105,2.917961,3.000000,0.054460
1779541822.075331,0,1,-7.608836,8.557657,2.921909,3.000000,0.054460
1779541822.085415,0,1,-7.638008,8.564074,2.926021,3.000000,0.054460
1779541822.095367,0,1,-7.667209,8.570384,2.929960,3.000000,0.054460
1779541822.105214,0,1,-7.696445,8.576561,2.934067,3.000000,0.054460
1779541822.115603,0,1,-7.725709,8.582632,2.938004,3.000000,0.054460
1779541822.125148,0,1,-7.755005,8.588570,2.942112,3.000000,0.054460
1779541822.135045,0,1,-7.784328,8.594403,2.946052,3.000000,0.054460
1779541822.145400,0,1,-7.813681,8.600103,2.950162,3.000000,0.054460
1779541822.155602,0,1,-7.843060,8.605699,2.954105,3.000000,0.054460
1779541822.165020,0,1,-7.872468,8.611162,2.958219,3.000000,0.054460
1779541822.175230,0,1,-7.901900,8.616520,2.962164,3.000000,0.054460
1779541822.185515,0,1,-7.931360,8.621746,2.966281,3.000000,0.054460
1779541822.194902,0,1,-7.960842,8.626866,2.970230,3.000000,0.054460
1779541822.205130,0,1,-7.990280,8.631843,2.974398,2.919459,0.096552
1779541822.215332,0,1,-8.019611,8.636693,2.978446,2.919459,0.096552
1779541822.225578,0,1,-8.048832,8.641359,2.983047,2.880274,0.135104
1779541822.235223,0,1,-8.077941,8.645767,2.988922,2.880274,0.135104
1779541822.245434,0,1,-8.106937,8.649848,2.996580,2.841034,0.148981
1779541822.255378,0,1,-8.135816,8.653563,3.006019,2.841034,0.148981
1779541822.265451,0,1,-8.164559,8.656953,3.016363,2.800046,0.161712
1779541822.275968,0,1,-8.193162,8.659992,3.027611,2.800046,0.161712
1779541822.285501,0,1,-8.221608,8.662709,3.039161,2.754694,0.170075
1779541822.295462,0,1,-8.249891,8.665048,3.051534,2.754694,0.170075
1779541822.304960,0,1,-8.278009,8.666960,3.065023,2.713837,0.169931
1779541822.315110,0,1,-8.305951,8.668480,3.078919,2.713837,0.169931
1779541822.325268,0,1,-8.333752,8.669586,3.093291,2.713837,0.169931
1779541822.335274,0,1,-8.361390,8.670306,3.107685,2.666487,0.159706
1779541822.345260,0,1,-8.388811,8.670612,3.122463,2.626422,0.148207
1779541822.355009,0,1,-8.416013,8.670565,3.136798,2.626422,0.148207
1779541822.365017,0,1,-8.442997,8.670211,3.150223,2.586408,0.129657
1779541822.375154,0,1,-8.469760,8.669517,3.163311,2.586408,0.129657
1779541822.385197,0,1,-8.496356,8.668508,3.175744,2.602312,0.106201
1779541822.395028,0,1,-8.522823,8.667155,3.187955,2.602312,0.106201
1779541822.405080,0,1,-8.549202,8.665512,3.199333,2.622303,0.078302
1779541822.415121,0,1,-8.575526,8.663628,3.209577,2.622303,0.078302
1779541822.424926,0,1,-8.601812,8.661473,3.219329,2.642323,0.053617
1779541822.435378,0,1,-8.628081,8.659098,3.228153,2.642323,0.053617
1779541822.445096,0,1,-8.654344,8.656577,3.235539,2.662410,0.032855
1779541822.455441,0,1,-8.680608,8.653952,3.241452,2.662410,0.032855
1779541822.465150,0,1,-8.706874,8.651190,3.246680,2.682697,0.017101
1779541822.475066,0,1,-8.733148,8.648317,3.251179,2.682697,0.017101
1779541822.484948,0,1,-8.759426,8.645308,3.255485,2.682697,0.017101
1779541822.495393,0,1,-8.785712,8.642216,3.259087,2.682697,0.017101
1779541822.505264,0,1,-8.812012,8.639090,3.261705,2.682697,0.017101
1779541822.515233,0,1,-8.838320,8.635899,3.263958,2.682697,0.017101
1779541822.525032,0,1,-8.864638,8.632670,3.265693,2.682697,0.017101
1779541822.535230,0,1,-8.890964,8.629378,3.267371,2.682697,0.017101
1779541822.545303,0,1,-8.917300,8.626049,3.268733,2.682697,0.017101
1779541822.555342,0,1,-8.943642,8.622661,3.270171,2.682697,0.017101
1779541822.565313,0,1,-8.969992,8.619241,3.271380,2.682697,0.017101
1779541822.575276,0,1,-8.996347,8.615765,3.272721,2.682697,0.017101
1779541822.585295,0,1,-9.022739,8.612257,3.273867,2.806356,0.038793
1779541822.595342,0,1,-9.049193,8.608688,3.275156,2.806356,0.038793
1779541822.605232,0,1,-9.075711,8.605085,3.276269,2.822410,0.038129
1779541822.615219,0,1,-9.102288,8.601399,3.277837,2.822410,0.038129
1779541822.624990,0,1,-9.128919,8.597586,3.280225,2.842396,0.052210
1779541822.635235,0,1,-9.155609,8.593678,3.282888,2.842396,0.052210
1779541822.645283,0,1,-9.182355,8.589653,3.286010,2.859624,0.066152
1779541822.655179,0,1,-9.209167,8.585535,3.289164,2.879434,0.080369
1779541822.665121,0,1,-9.236037,8.581276,3.292911,2.879434,0.080369
1779541822.675146,0,1,-9.262957,8.576832,3.297572,2.894481,0.086535
1779541822.685072,0,1,-9.289931,8.572232,3.302576,2.894481,0.086535
1779541822.694911,0,1,-9.316955,8.567452,3.308085,2.914378,0.095934
1779541822.705572,0,1,-9.344033,8.562518,3.313662,2.914378,0.095934
1779541822.715662,0,1,-9.371147,8.557394,3.319720,2.882351,0.104920
1779541822.725396,0,1,-9.398281,8.552069,3.326234,2.882351,0.104920
1779541822.735274,0,1,-9.425421,8.546536,3.333220,2.842233,0.106730
1779541822.744962,0,1,-9.452546,8.540761,3.340937,2.842233,0.106730
1779541822.755509,0,1,-9.479650,8.534774,3.348876,2.810368,0.106898
1779541822.765310,0,1,-9.506718,8.528550,3.357256,2.810368,0.106898
1779541822.775168,0,1,-9.533756,8.522113,3.365644,2.824125,0.103135
1779541822.785263,0,1,-9.560757,8.515437,3.374317,2.824125,0.103135
1779541822.795233,0,1,-9.587725,8.508545,3.382901,2.824125,0.103135
1779541822.805301,0,1,-9.614657,8.501408,3.391701,2.852105,0.096469
1779541822.815270,0,1,-9.641561,8.494050,3.400358,2.852105,0.096469
1779541822.825140,0,1,-9.668431,8.486442,3.409200,2.872058,0.089524
1779541822.835571,0,1,-9.695276,8.478609,3.417883,2.872058,0.089524
1779541822.845284,0,1,-9.722089,8.470522,3.426739,2.892129,0.077804
1779541822.855351,0,1,-9.748884,8.462230,3.435131,2.892129,0.077804
1779541822.865384,0,1,-9.775675,8.453774,3.442685,2.909229,0.066686
1779541822.875023,0,1,-9.802458,8.445121,3.449950,2.924217,0.060557
1779541822.885025,0,1,-9.829238,8.436293,3.456743,2.924217,0.060557
1779541822.895340,0,1,-9.856008,8.427262,3.463499,2.944103,0.047895
1779541822.905260,0,1,-9.882785,8.418077,3.469654,2.944103,0.047895
1779541822.915517,0,1,-9.909583,8.408779,3.474881,2.960064,0.036652
1779541822.925335,0,1,-9.936395,8.399339,3.479761,2.960064,0.036652
1779541822.935336,0,1,-9.963229,8.389777,3.484128,2.984150,0.029024
1779541822.945353,0,1,-9.990078,8.380068,3.488429,2.984150,0.029024
1779541822.955415,0,1,-10.016961,8.370260,3.492114,3.000000,0.021338
1779541822.965322,0,1,-10.043893,8.360396,3.494859,3.000000,0.021338
1779541822.975195,0,1,-10.070862,8.350449,3.497246,3.000000,0.018196
1779541822.985305,0,1,-10.097872,8.340444,3.499114,3.000000,0.018196
1779541822.995406,0,1,-10.124913,8.330356,3.500912,3.000000,0.018196
1779541823.005259,0,1,-10.151991,8.320213,3.502387,3.000000,0.018196
1779541823.015246,0,1,-10.179095,8.309992,3.503925,3.000000,0.018196
1779541823.024890,0,1,-10.206232,8.299720,3.505231,3.000000,0.018196
1779541823.035457,0,1,-10.233391,8.289375,3.506660,3.000000,0.018196
1779541823.045226,0,1,-10.260580,8.278983,3.507897,3.000000,0.018196
1779541823.055322,0,1,-10.287788,8.268523,3.509285,3.000000,0.018196
1779541823.065149,0,1,-10.315023,8.258019,3.510499,3.000000,0.018196
1779541823.075341,0,1,-10.342274,8.247450,3.511875,3.000000,0.018196
1779541823.085290,0,1,-10.369549,8.236840,3.513084,3.000000,0.018196
1779541823.095236,0,1,-10.396836,8.226167,3.514460,3.000000,0.018196
1779541823.104977,0,1,-10.424144,8.215457,3.515672,3.000000,0.053783
1779541823.115035,0,1,-10.451463,8.204685,3.517053,3.000000,0.053783
1779541823.125093,0,1,-10.478799,8.193878,3.518269,3.000000,0.062470
1779541823.135338,0,1,-10.506134,8.182987,3.519960,3.000000,0.062470
1779541823.144899,0,1,-10.533448,8.171971,3.522514,3.000000,0.071875
1779541823.155244,0,1,-10.560751,8.160860,3.525380,3.000000,0.071875
1779541823.164943,0,1,-10.588023,8.149608,3.529048,3.000000,0.081520
1779541823.175270,0,1,-10.615246,8.138174,3.533807,3.000000,0.081520
1779541823.185119,0,1,-10.642428,8.126587,3.539031,3.000000,0.090692
1779541823.195295,0,1,-10.669558,8.114825,3.544861,3.000000,0.090692
1779541823.205077,0,1,-10.696636,8.102915,3.550828,2.960227,0.096152
1779541823.214869,0,1,-10.723617,8.090845,3.557205,2.933364,0.095644
1779541823.225087,0,1,-10.750493,8.078646,3.563581,2.933364,0.095644
1779541823.235070,0,1,-10.777265,8.066284,3.570230,2.940888,0.095158
1779541823.245194,0,1,-10.803952,8.053777,3.576763,2.940888,0.095158
1779541823.255256,0,1,-10.830553,8.041095,3.583490,2.960793,0.088362
1779541823.265311,0,1,-10.857086,8.028255,3.590054,2.960793,0.088362
1779541823.275305,0,1,-10.883540,8.015231,3.596787,2.976787,0.081438
1779541823.285250,0,1,-10.909928,8.002044,3.603347,2.976787,0.081438
1779541823.295226,0,1,-10.936241,7.988669,3.610070,2.996756,0.071813
1779541823.305246,0,1,-10.962492,7.975126,3.616616,3.000000,0.067840
1779541823.315387,0,1,-10.988669,7.961391,3.623327,3.000000,0.067840
1779541823.324953,0,1,-11.014781,7.947489,3.629867,3.000000,0.056924
1779541823.335012,0,1,-11.040812,7.933396,3.636578,3.000000,0.056924
1779541823.344850,0,1,-11.066787,7.919158,3.642817,3.000000,0.045876
1779541823.355550,0,1,-11.092725,7.904816,3.648194,3.000000,0.045876
1779541823.365205,0,1,-11.118609,7.890342,3.653264,3.000000,0.034193
1779541823.375283,0,1,-11.144450,7.875758,3.657838,3.000000,0.034193
1779541823.385097,0,1,-11.170234,7.861041,3.662359,3.000000,0.021470
1779541823.395406,0,1,-11.195972,7.846215,3.666559,3.000000,0.021470
1779541823.405237,0,1,-11.221650,7.831258,3.670828,3.000000,0.011021
1779541823.415328,0,1,-11.247295,7.816217,3.674554,3.000000,0.006051
1779541823.425293,0,1,-11.272929,7.801133,3.677368,3.000000,0.006051
1779541823.435432,0,1,-11.298537,7.785978,3.679840,3.000000,-0.000390
1779541823.445292,0,1,-11.324130,7.770778,3.681793,3.000000,-0.000390
1779541823.455191,0,1,-11.349695,7.755508,3.683677,3.000000,-0.005868
1779541823.465195,0,1,-11.375259,7.740216,3.684923,3.000000,-0.005868
1779541823.475426,0,1,-11.400846,7.724942,3.685191,3.000000,-0.011186
1779541823.485527,0,1,-11.426440,7.709663,3.685072,3.000000,-0.011186
1779541823.495357,0,1,-11.452055,7.694400,3.684403,3.000000,-0.011186
1779541823.505167,0,1,-11.477678,7.679133,3.683643,3.000000,-0.011186
1779541823.515414,0,1,-11.503322,7.663886,3.682538,3.000000,-0.011186
1779541823.525033,0,1,-11.528975,7.648640,3.681483,3.000000,-0.011186
1779541823.535047,0,1,-11.554653,7.633419,3.680180,3.000000,-0.011186
1779541823.545336,0,1,-11.580342,7.618203,3.678995,3.000000,-0.011186
1779541823.555494,0,1,-11.606057,7.603018,3.677605,3.000000,-0.011186
1779541823.565326,0,1,-11.631785,7.587842,3.676364,3.000000,-0.011186
1779541823.575205,0,1,-11.657540,7.572701,3.674940,3.000000,-0.011186
1779541823.585263,0,1,-11.683309,7.557572,3.673677,3.000000,-0.011186
1779541823.595275,0,1,-11.709107,7.542480,3.672240,3.000000,0.026780
1779541823.607074,0,1,-11.734920,7.527404,3.670971,3.000000,0.026780
1779541823.615670,0,1,-11.760762,7.512367,3.669531,3.000000,0.026780
1779541823.626232,0,1,-11.786606,7.497325,3.668568,3.000000,0.041777
1779541823.635573,0,1,-11.812430,7.482239,3.668477,3.000000,0.041777
1779541823.645371,0,1,-11.838250,7.467136,3.668704,3.000000,0.041777
1779541823.655376,0,1,-11.864039,7.451975,3.669743,3.000000,0.059052
1779541823.665211,0,1,-11.889776,7.436716,3.671885,3.000000,0.059052
1779541823.675310,0,1,-11.915475,7.421386,3.674502,3.000000,0.073730
1779541823.685165,0,1,-11.941123,7.405963,3.677731,3.000000,0.073730
1779541823.695351,0,1,-11.966732,7.390471,3.681093,3.000000,0.083304
1779541823.705256,0,1,-11.992275,7.374861,3.685139,3.000000,0.083304
1779541823.715284,0,1,-12.017724,7.359094,3.690198,3.000000,0.087295
1779541823.725006,0,1,-12.043094,7.343194,3.695667,3.000000,0.087295
1779541823.734888,0,1,-12.068369,7.327140,3.701704,3.000000,0.089823
1779541823.744936,0,1,-12.093562,7.310951,3.707842,3.000000,0.089823
1779541823.755480,0,1,-12.118656,7.294605,3.714335,3.000000,0.088720
1779541823.765342,0,1,-12.143662,7.278120,3.720781,3.000000,0.088720
1779541823.775308,0,1,-12.168564,7.261473,3.727480,3.000000,0.082765
1779541823.785409,0,1,-12.193372,7.244685,3.734064,3.000000,0.082765
1779541823.795749,0,1,-12.218071,7.227730,3.740853,3.000000,0.076688
1779541823.805288,0,1,-12.242671,7.210631,3.747495,3.000000,0.076688
1779541823.815307,0,1,-12.267157,7.193363,3.754321,3.000000,0.066881
1779541823.825290,0,1,-12.291540,7.175949,3.760985,3.000000,0.061036
1779541823.835681,0,1,-12.315804,7.158366,3.767824,3.000000,0.061036
1779541823.845268,0,1,-12.339977,7.140655,3.774187,3.000000,0.061036
1779541823.854986,0,1,-12.364086,7.122854,3.779678,3.000000,0.047583
1779541823.864990,0,1,-12.388110,7.104936,3.784851,3.000000,0.047583
1779541823.875377,0,1,-12.412063,7.086922,3.789519,3.000000,0.035349
1779541823.885164,0,1,-12.435929,7.068789,3.794125,3.000000,0.035349
1779541823.895544,0,1,-12.459722,7.050560,3.798402,3.000000,0.017149
1779541823.905324,0,1,-12.483427,7.032213,3.802742,3.000000,0.017149
1779541823.915349,0,1,-12.507075,7.013793,3.806530,3.000000,0.008916
1779541823.925418,0,1,-12.530697,6.995335,3.809395,3.000000,0.008916
1779541823.935404,0,1,-12.554272,6.976817,3.811910,3.000000,0.008916
1779541823.945082,0,1,-12.577817,6.958258,3.813898,3.000000,0.000685
1779541823.955362,0,1,-12.601315,6.939639,3.815812,3.000000,0.000685
1779541823.964895,0,1,-12.624785,6.920983,3.817388,3.000000,-0.004634
1779541823.975357,0,1,-12.648210,6.902268,3.819022,3.000000,-0.004634
1779541823.985324,0,1,-12.671624,6.883540,3.820103,3.000000,-0.004634
1779541823.995119,0,1,-12.695058,6.864835,3.820260,3.000000,-0.004634
1779541824.005128,0,1,-12.718493,6.846129,3.820066,3.000000,-0.004634
1779541824.015086,0,1,-12.741946,6.827445,3.819346,3.000000,-0.004634
1779541824.025262,0,1,-12.765400,6.808762,3.818551,3.000000,-0.004634
1779541824.035002,0,1,-12.788874,6.790103,3.817421,3.000000,-0.004634
1779541824.044982,0,1,-12.812353,6.771448,3.816349,3.000000,-0.004634
1779541824.055027,0,1,-12.835855,6.752821,3.815032,3.000000,-0.004634
1779541824.065073,0,1,-12.859364,6.734203,3.813836,3.000000,-0.004634
1779541824.075208,0,1,-12.882898,6.715616,3.812437,3.000000,-0.004634
1779541824.084897,0,1,-12.906443,6.697041,3.811188,3.000000,-0.004634
1779541824.095366,0,1,-12.930016,6.678501,3.809756,3.000000,0.048866
1779541824.105322,0,1,-12.953601,6.659975,3.808487,3.000000,0.048866
1779541824.115333,0,1,-12.977215,6.641486,3.807043,3.000000,0.068697
1779541824.125005,0,1,-13.000827,6.622994,3.806076,3.000000,0.068697
1779541824.135271,0,1,-13.024392,6.604442,3.806290,3.000000,0.087191
1779541824.145314,0,1,-13.047871,6.585779,3.808174,3.000000,0.087191
1779541824.155345,0,1,-13.071206,6.566998,3.811790,2.958924,0.108016
1779541824.165267,0,1,-13.094394,6.548147,3.816326,2.958924,0.108016
1779541824.175194,0,1,-13.117384,6.529200,3.822130,2.920054,0.130207
1779541824.185425,0,1,-13.140129,6.510134,3.829378,2.920054,0.130207
1779541824.195217,0,1,-13.162636,6.490985,3.837327,2.879878,0.145486
1779541824.205377,0,1,-13.184855,6.471722,3.846380,2.879878,0.145486
1779541824.215562,0,1,-13.206744,6.452316,3.856770,2.839880,0.151455
1779541824.225294,0,1,-13.228316,6.432798,3.867754,2.839880,0.151455
1779541824.235079,0,1,-13.249540,6.413157,3.879452,2.796156,0.149075
1779541824.245333,0,1,-13.270425,6.393421,3.891310,2.796156,0.149075
1779541824.255465,0,1,-13.290949,6.373568,3.903567,2.759982,0.142777
1779541824.265607,0,1,-13.311126,6.353621,3.915755,2.759982,0.142777
1779541824.275584,0,1,-13.330929,6.333563,3.928191,2.719776,0.126077
1779541824.285357,0,1,-13.350375,6.313418,3.940458,2.719776,0.126077
1779541824.295266,0,1,-13.369478,6.293126,3.952794,2.743748,0.105182
1779541824.305303,0,1,-13.388309,6.272693,3.964473,2.743748,0.105182
1779541824.315398,0,1,-13.406920,6.252128,3.975109,2.759717,0.085696
1779541824.325454,0,1,-13.425303,6.231394,3.985301,2.759717,0.085696
1779541824.335340,0,1,-13.443469,6.210559,3.994641,2.711664,0.061831
1779541824.345073,0,1,-13.461432,6.189681,4.002885,2.711664,0.061831
1779541824.355186,0,1,-13.479154,6.168753,4.010710,2.671575,0.040573
1779541824.365166,0,1,-13.496665,6.147823,4.017636,2.671575,0.040573
1779541824.374908,0,1,-13.513994,6.126934,4.023403,2.631642,0.024537
1779541824.385188,0,1,-13.531110,6.106072,4.028697,2.631642,0.024537
1779541824.395113,0,1,-13.548049,6.085278,4.033046,2.591619,0.012798
1779541824.405283,0,1,-13.564845,6.064590,4.036201,2.591619,0.012798
1779541824.415370,0,1,-13.581467,6.043989,4.038872,2.551811,0.005093
1779541824.425336,0,1,-13.597937,6.023498,4.040916,2.551811,0.005093
1779541824.435485,0,1,-13.614229,6.003102,4.042852,2.511539,0.004119
1779541824.445322,0,1,-13.630368,5.982824,4.044407,2.511539,0.004119
1779541824.455275,0,1,-13.646332,5.962650,4.046018,2.471855,0.008732
1779541824.465523,0,1,-13.662146,5.942602,4.047354,2.471855,0.008732
1779541824.475464,0,1,-13.677813,5.922635,4.048802,2.471855,0.008732
1779541824.485390,0,1,-13.693375,5.902746,4.050015,2.471855,0.008732
1779541824.495398,0,1,-13.708827,5.882900,4.051365,2.471855,0.008732
1779541824.505024,0,1,-13.724206,5.863102,4.052506,2.471855,0.008732
1779541824.515492,0,1,-13.739501,5.843323,4.053798,2.471855,0.008732
1779541824.525434,0,1,-13.754744,5.823572,4.054899,2.471855,0.008732
1779541824.535177,0,1,-13.769919,5.803825,4.056160,2.471855,0.008732
1779541824.545295,0,1,-13.785056,5.784092,4.057238,2.471855,0.008732
1779541824.555407,0,1,-13.800137,5.764353,4.058482,2.471855,0.008732
1779541824.565269,0,1,-13.815189,5.744621,4.059548,2.471855,0.008732
1779541824.575013,0,1,-13.830192,5.724876,4.060783,2.471855,0.008732
1779541824.585381,0,1,-13.845064,5.705277,4.061861,2.282015,0.093397
1779541824.595246,0,1,-13.859694,5.685919,4.063165,2.282015,0.093397
1779541824.605364,0,1,-13.874128,5.666796,4.064283,2.251163,0.122515
1779541824.615310,0,1,-13.888338,5.647848,4.065917,2.251163,0.122515
1779541824.625386,0,1,-13.902299,5.628992,4.068734,2.251163,0.143633
1779541824.635258,0,1,-13.915987,5.610160,4.073118,2.251163,0.143633
1779541824.644967,0,1,-13.929377,5.591295,4.079287,2.251163,0.157997
1779541824.654904,0,1,-13.942464,5.572362,4.087049,2.251163,0.157997
1779541824.665107,0,1,-13.955278,5.553405,4.095506,2.211006,0.172897
1779541824.675510,0,1,-13.967797,5.534427,4.104673,2.211006,0.172897
1779541824.685093,0,1,-13.980045,5.515460,4.113972,2.171113,0.184181
1779541824.695137,0,1,-13.991976,5.496486,4.123939,2.171113,0.184181
1779541824.704953,0,1,-14.003548,5.477498,4.134844,2.125553,0.187055
1779541824.715274,0,1,-14.014791,5.458530,4.145991,2.125553,0.187055
1779541824.725199,0,1,-14.025690,5.439575,4.157543,2.090522,0.188259
1779541824.734900,0,1,-14.036274,5.420651,4.168996,2.090522,0.188259
1779541824.745125,0,1,-14.046545,5.401714,4.180593,2.099117,0.185199
1779541824.754972,0,1,-14.056546,5.382752,4.191921,2.099117,0.185199
1779541824.764880,0,1,-14.066273,5.363721,4.203305,2.119303,0.180028
1779541824.775026,0,1,-14.075769,5.344613,4.214402,2.119303,0.180028
1779541824.785208,0,1,-14.085021,5.325400,4.225575,2.138871,0.173770
1779541824.795247,0,1,-14.094064,5.306079,4.236500,2.158986,0.168579
1779541824.805382,0,1,-14.102876,5.286639,4.247549,2.158986,0.168579
1779541824.815323,0,1,-14.111486,5.267091,4.258402,2.174109,0.167155
1779541824.825441,0,1,-14.119870,5.247426,4.269413,2.174109,0.167155
1779541824.835332,0,1,-14.128054,5.227654,4.280247,2.190261,0.163871
1779541824.845335,0,1,-14.136014,5.207765,4.291251,2.190261,0.163871
1779541824.855350,0,1,-14.143776,5.187768,4.302087,2.210137,0.159513
1779541824.865208,0,1,-14.151316,5.167653,4.313096,2.210137,0.159513
1779541824.875002,0,1,-14.158682,5.147439,4.323652,2.226241,0.159238
1779541824.885157,0,1,-14.165915,5.127137,4.333444,2.232342,0.155698
1779541824.895027,0,1,-14.172980,5.106737,4.343052,2.232342,0.155698
1779541824.905322,0,1,-14.179896,5.086250,4.352286,2.232342,0.152657
1779541824.915201,0,1,-14.186634,5.065668,4.361571,2.232342,0.152657
1779541824.924931,0,1,-14.193215,5.045002,4.370621,2.232342,0.149915
1779541824.935145,0,1,-14.199611,5.024247,4.379806,2.232342,0.149915
1779541824.944988,0,1,-14.205844,5.003412,4.388807,2.232342,0.150430
1779541824.955083,0,1,-14.211887,4.982492,4.397973,2.232342,0.150430
1779541824.964997,0,1,-14.217764,4.961499,4.406972,2.232342,0.151997
1779541824.974993,0,1,-14.223446,4.940426,4.416146,2.232342,0.151997
1779541824.985157,0,1,-14.228959,4.919283,4.425159,2.232342,0.151997
1779541824.995371,0,1,-14.234274,4.898067,4.434351,2.232342,0.151997
1779541825.005250,0,1,-14.239416,4.876786,4.443382,2.232342,0.151997
1779541825.015366,0,1,-14.244357,4.855437,4.452593,2.232342,0.151997
1779541825.025479,0,1,-14.249123,4.834027,4.461644,2.232342,0.151997
1779541825.035351,0,1,-14.253685,4.812555,4.470874,2.232342,0.151997
1779541825.045325,0,1,-14.258070,4.791027,4.479944,2.232342,0.151997
1779541825.054922,0,1,-14.262249,4.769442,4.489191,2.232342,0.151997
1779541825.065027,0,1,-14.266247,4.747806,4.498278,2.232342,0.151997
1779541825.075203,0,1,-14.270038,4.726117,4.507542,2.232342,0.151997
1779541825.084925,0,1,-14.273647,4.704387,4.516647,2.216213,0.166515
1779541825.095216,0,1,-14.277044,4.682615,4.525934,2.216213,0.166515
1779541825.105296,0,1,-14.280253,4.660833,4.535080,2.182717,0.178275
1779541825.115233,0,1,-14.283218,4.639052,4.544728,2.182717,0.178275
1779541825.125117,0,1,-14.285892,4.617303,4.555229,2.142169,0.181457
1779541825.135353,0,1,-14.288307,4.595617,4.565969,2.142169,0.181457
1779541825.145389,0,1,-14.290441,4.574016,4.577148,2.102092,0.186556
1779541825.155160,0,1,-14.292322,4.552522,4.588290,2.102092,0.186556
1779541825.165274,0,1,-14.293929,4.531137,4.599676,2.076105,0.189230
1779541825.175388,0,1,-14.295291,4.509865,4.610885,2.076355,0.189186
1779541825.185433,0,1,-14.296385,4.488683,4.622224,2.076355,0.189186
1779541825.195169,0,1,-14.297244,4.467560,4.633295,2.092426,0.185135
1779541825.205044,0,1,-14.297844,4.446469,4.644447,2.092426,0.185135
1779541825.215173,0,1,-14.298216,4.425389,4.655337,2.116345,0.177118
1779541825.225360,0,1,-14.298335,4.404302,4.666327,2.116345,0.177118
1779541825.235559,0,1,-14.298231,4.383208,4.677102,2.132298,0.170506
1779541825.245364,0,1,-14.297878,4.362106,4.688022,2.132298,0.170506
1779541825.255200,0,1,-14.297304,4.340994,4.698757,2.152298,0.165332
1779541825.265208,0,1,-14.296483,4.319866,4.709648,2.168431,0.163284
1779541825.275143,0,1,-14.295444,4.298723,4.720366,2.168431,0.163284
1779541825.285100,0,1,-14.294159,4.277564,4.731252,2.188346,0.157714
1779541825.295173,0,1,-14.292655,4.256386,4.741974,2.188346,0.157714
1779541825.305240,0,1,-14.290906,4.235192,4.752870,2.208279,0.151677
1779541825.315130,0,1,-14.288963,4.213975,4.763316,2.208279,0.151677
1779541825.324960,0,1,-14.286866,4.192732,4.773005,2.224295,0.146001
1779541825.335195,0,1,-14.284580,4.171466,4.782515,2.224295,0.146001
1779541825.345001,0,1,-14.282126,4.150173,4.791652,2.241356,0.138827
1779541825.355267,0,1,-14.279474,4.128853,4.800836,2.261287,0.131810
1779541825.365394,0,1,-14.276644,4.107501,4.809785,2.261287,0.131810
1779541825.375318,0,1,-14.273611,4.086122,4.818868,2.276316,0.129599
1779541825.385256,0,1,-14.270396,4.064713,4.827771,2.276316,0.129599
1779541825.395439,0,1,-14.266973,4.043279,4.836840,2.292258,0.125033
1779541825.404965,0,1,-14.263366,4.021817,4.845749,2.292258,0.125033
1779541825.415231,0,1,-14.259547,4.000330,4.854836,2.312351,0.120533
1779541825.425220,0,1,-14.255564,3.978807,4.863480,2.328347,0.118602
1779541825.435496,0,1,-14.251458,3.957239,4.871371,2.328347,0.118602
1779541825.445299,0,1,-14.247192,3.935633,4.879078,2.348271,0.114015
1779541825.455368,0,1,-14.242787,3.913984,4.886411,2.348271,0.114015
1779541825.465633,0,1,-14.238213,3.892298,4.893790,2.364319,0.109266
1779541825.475439,0,1,-14.233492,3.870573,4.900937,2.364319,0.109266
1779541825.485175,0,1,-14.228596,3.848817,4.908218,2.364319,0.109266
1779541825.495176,0,1,-14.223550,3.827030,4.915323,2.364319,0.109266
1779541825.505434,0,1,-14.218327,3.805222,4.922596,2.364319,0.109266
1779541825.515462,0,1,-14.212952,3.783391,4.929712,2.364319,0.109266
1779541825.525265,0,1,-14.207398,3.761549,4.937009,2.364319,0.109266
1779541825.535134,0,1,-14.201691,3.739691,4.944155,2.364319,0.109266
1779541825.545201,0,1,-14.195804,3.717829,4.951484,2.364319,0.109266
1779541825.555509,0,1,-14.189763,3.695960,4.958664,2.364319,0.109266
1779541825.565274,0,1,-14.183542,3.674095,4.966028,2.364319,0.109266
1779541825.575143,0,1,-14.177166,3.652229,4.973241,2.364319,0.109266
1779541825.585119,0,1,-14.170601,3.630346,4.980614,2.484301,0.097379
1779541825.595377,0,1,-14.163865,3.608415,4.987812,2.484301,0.097379
1779541825.604976,0,1,-14.156932,3.586448,4.995178,2.501720,0.100096
1779541825.615364,0,1,-14.149825,3.564436,5.002394,2.501720,0.100096
1779541825.625042,0,1,-14.142520,3.542391,5.009792,2.521315,0.098534
1779541825.635223,0,1,-14.135039,3.520304,5.017049,2.521315,0.098534
1779541825.645384,0,1,-14.127358,3.498191,5.024497,2.521315,0.098534
1779541825.655043,0,1,-14.119500,3.476041,5.031804,2.552253,0.096018
1779541825.665207,0,1,-14.111438,3.453863,5.039298,2.552253,0.096018
1779541825.675028,0,1,-14.103206,3.431643,5.046507,2.576305,0.095480
1779541825.685250,0,1,-14.094810,3.409380,5.053432,2.576305,0.095480
1779541825.695221,0,1,-14.086259,3.387075,5.060044,2.576305,0.095480
1779541825.705060,0,1,-14.077582,3.364717,5.066082,2.601186,0.092000
1779541825.715183,0,1,-14.068747,3.342314,5.072027,2.616407,0.090975
1779541825.725004,0,1,-14.059774,3.319859,5.077653,2.616407,0.090975
1779541825.735016,0,1,-14.050637,3.297363,5.083350,2.636322,0.087906
1779541825.745022,0,1,-14.041358,3.274818,5.088831,2.636322,0.087906
1779541825.755230,0,1,-14.031911,3.252236,5.094450,2.652297,0.088027
1779541825.765274,0,1,-14.022319,3.229610,5.099897,2.652297,0.088027
1779541825.775107,0,1,-14.012558,3.206951,5.105507,2.672265,0.089530
1779541825.785038,0,1,-14.002647,3.184246,5.110958,2.688279,0.091077
1779541825.795436,0,1,-13.992563,3.161508,5.116584,2.688279,0.091077
1779541825.805608,0,1,-13.982331,3.138731,5.122062,2.688279,0.091077
1779541825.815252,0,1,-13.971924,3.115929,5.127721,2.708310,0.093183
1779541825.825265,0,1,-13.961364,3.093085,5.133231,2.728296,0.095932
1779541825.835558,0,1,-13.950626,3.070214,5.138920,2.728296,0.095932
1779541825.845407,0,1,-13.939732,3.047305,5.144462,2.748305,0.098445
1779541825.855105,0,1,-13.928648,3.024376,5.150331,2.748305,0.098445
1779541825.865738,0,1,-13.917353,3.001438,5.156681,2.764344,0.101228
1779541825.875510,0,1,-13.905819,2.978510,5.163742,2.764344,0.101228
1779541825.885539,0,1,-13.894071,2.955579,5.171006,2.784260,0.103277
1779541825.895583,0,1,-13.882089,2.932658,5.178681,2.784260,0.103277
1779541825.905415,0,1,-13.869895,2.909740,5.186366,2.795770,0.105222
1779541825.915486,0,1,-13.857469,2.886839,5.194338,2.795770,0.105222
1779541825.925780,0,1,-13.844830,2.863945,5.202235,2.813517,0.103908
1779541825.935386,0,1,-13.831957,2.841075,5.210362,2.813517,0.103908
1779541825.945365,0,1,-13.818870,2.818217,5.218377,2.833483,0.100093
1779541825.955643,0,1,-13.805545,2.795387,5.226597,2.833483,0.100093
1779541825.965481,0,1,-13.792004,2.772574,5.234688,2.853518,0.094749
1779541825.975558,0,1,-13.778223,2.749793,5.242974,2.853518,0.094749
1779541825.985466,0,1,-13.764247,2.727025,5.250837,2.853518,0.094749
1779541825.995172,0,1,-13.750113,2.704253,5.257916,2.853518,0.094749
1779541826.005554,0,1,-13.735796,2.681497,5.264757,2.853518,0.094749
1779541826.015446,0,1,-13.721318,2.658752,5.271172,2.853518,0.094749
1779541826.025431,0,1,-13.706654,2.636036,5.277586,2.853518,0.094749
1779541826.035544,0,1,-13.691829,2.613340,5.283733,2.853518,0.094749
1779541826.045520,0,1,-13.676820,2.590683,5.289984,2.853518,0.094749
1779541826.055585,0,1,-13.661652,2.568056,5.296036,2.853518,0.094749
1779541826.065471,0,1,-13.646303,2.545476,5.302237,2.853518,0.094749
1779541826.075128,0,1,-13.630797,2.522932,5.308269,2.853518,0.094749
1779541826.085259,0,1,-13.615114,2.500444,5.314469,2.853518,0.094749
1779541826.095368,0,1,-13.599258,2.477974,5.320487,2.981467,0.065756
1779541826.105152,0,1,-13.583194,2.455518,5.326644,2.981467,0.065756
1779541826.115693,0,1,-13.566941,2.433062,5.332630,3.000000,0.063056
1779541826.125466,0,1,-13.550481,2.410624,5.338781,3.000000,0.063056
1779541826.135822,0,1,-13.533856,2.388178,5.344490,3.000000,0.061938
1779541826.145553,0,1,-13.517104,2.365705,5.349395,3.000000,0.061938
1779541826.155650,0,1,-13.500202,2.343227,5.354036,3.000000,0.060302
1779541826.165599,0,1,-13.483172,2.320734,5.358230,3.000000,0.060302
1779541826.175478,0,1,-13.465994,2.298246,5.362402,3.000000,0.058515
1779541826.185513,0,1,-13.448691,2.275753,5.366292,3.000000,0.058515
1779541826.195827,0,1,-13.431244,2.253273,5.370270,3.000000,0.060208
1779541826.205508,0,1,-13.413675,2.230794,5.374039,3.000000,0.060208
1779541826.215534,0,1,-13.395968,2.208336,5.377947,3.000000,0.064167
1779541826.225769,0,1,-13.378144,2.185886,5.381678,3.000000,0.064167
1779541826.235547,0,1,-13.360164,2.163478,5.385869,3.000000,0.064167
1779541826.245404,0,1,-13.341998,2.141143,5.390905,3.000000,0.073411
1779541826.255506,0,1,-13.323670,2.118867,5.396245,3.000000,0.073411
1779541826.265272,0,1,-13.305164,2.096666,5.402077,3.000000,0.080393
1779541826.275412,0,1,-13.286502,2.074528,5.407969,3.000000,0.084629
1779541826.285444,0,1,-13.267667,2.052472,5.414186,3.000000,0.084629
1779541826.295540,0,1,-13.248679,2.030485,5.420348,3.000000,0.089684
1779541826.305479,0,1,-13.229518,2.008588,5.426756,3.000000,0.089684
1779541826.315312,0,1,-13.210209,1.986769,5.433056,2.987432,0.092233
1779541826.325181,0,1,-13.190733,1.965052,5.439570,2.987432,0.092233
1779541826.335138,0,1,-13.171111,1.943422,5.445952,2.979791,0.092704
1779541826.344951,0,1,-13.151328,1.921904,5.452530,2.975082,0.092996
1779541826.354963,0,1,-13.131403,1.900483,5.458961,2.975082,0.092996
1779541826.365349,0,1,-13.111318,1.879181,5.465579,2.973901,0.093070
1779541826.375113,0,1,-13.091093,1.857981,5.472041,2.973901,0.093070
1779541826.385049,0,1,-13.070708,1.836903,5.478680,2.979907,0.092697
1779541826.395433,0,1,-13.050183,1.815930,5.485159,2.979907,0.092697
1779541826.405882,0,1,-13.029497,1.795081,5.491809,2.992393,0.091929
1779541826.415379,0,1,-13.008668,1.774339,5.498294,2.986155,0.092312
1779541826.425394,0,1,-12.987682,1.753726,5.504954,2.986155,0.092312
1779541826.435538,0,1,-12.966554,1.733222,5.511448,3.000000,0.090742
1779541826.445459,0,1,-12.945266,1.712847,5.518112,3.000000,0.090742
1779541826.454984,0,1,-12.923836,1.692583,5.524611,3.000000,0.090294
1779541826.465210,0,1,-12.902249,1.672453,5.531283,3.000000,0.090294
1779541826.475467,0,1,-12.880523,1.652437,5.537793,3.000000,0.090045
1779541826.485273,0,1,-12.858642,1.632560,5.544477,3.000000,0.090045
1779541826.495319,0,1,-12.836625,1.612801,5.550999,3.000000,0.090045
1779541826.505202,0,1,-12.814455,1.593184,5.557696,3.000000,0.090045
1779541826.515118,0,1,-12.792153,1.573690,5.564231,3.000000,0.090045
1779541826.525400,0,1,-12.769700,1.554340,5.570940,3.000000,0.090045
1779541826.535560,0,1,-12.747117,1.535118,5.577487,3.000000,0.090045
1779541826.545739,0,1,-12.724387,1.516043,5.584208,3.000000,0.090045
1779541826.555375,0,1,-12.701528,1.497099,5.590766,3.000000,0.090045
1779541826.565317,0,1,-12.678526,1.478306,5.597498,3.000000,0.090045
1779541826.575200,0,1,-12.655397,1.459646,5.604067,3.000000,0.090045
1779541826.585101,0,1,-12.632127,1.441141,5.610809,3.000000,0.090045
1779541826.595176,0,1,-12.608733,1.422772,5.617386,3.000000,0.071871
1779541826.605148,0,1,-12.585200,1.404562,5.624137,3.000000,0.071871
1779541826.615135,0,1,-12.561547,1.386489,5.630723,3.000000,0.073753
1779541826.626387,0,1,-12.537757,1.368578,5.637483,3.000000,0.073753
1779541826.635453,0,1,-12.513849,1.350808,5.644076,3.000000,0.070725
1779541826.645936,0,1,-12.489807,1.333202,5.650843,3.000000,0.070725
1779541826.655754,0,1,-12.465649,1.315739,5.657444,3.000000,0.066835
1779541826.665195,0,1,-12.441360,1.298444,5.664218,3.000000,0.066835
1779541826.675185,0,1,-12.416957,1.281294,5.670825,3.000000,0.062882
1779541826.685277,0,1,-12.392426,1.264313,5.677605,3.000000,0.062882
1779541826.695073,0,1,-12.367798,1.247459,5.683911,3.000000,0.058709
1779541826.705080,0,1,-12.343100,1.230696,5.689349,3.000000,0.058709
1779541826.715205,0,1,-12.318314,1.214049,5.694475,3.000000,0.054129
1779541826.725589,0,1,-12.293456,1.197499,5.699100,3.000000,0.054129
1779541826.735480,0,1,-12.268510,1.181069,5.703667,3.000000,0.054129
1779541826.745338,0,1,-12.243492,1.164737,5.707910,3.000000,0.047414
1779541826.754963,0,1,-12.218390,1.148525,5.712218,3.000000,0.047414
1779541826.765089,0,1,-12.193218,1.132410,5.716286,3.000000,0.047414
1779541826.775045,0,1,-12.167965,1.116414,5.720477,3.000000,0.046742
1779541826.785182,0,1,-12.142646,1.100512,5.724468,3.000000,0.046742
1779541826.795034,0,1,-12.117247,1.084729,5.728609,3.000000,0.049132
1779541826.805290,0,1,-12.091785,1.069039,5.732568,3.000000,0.049132
1779541826.815228,0,1,-12.066247,1.053466,5.736690,3.000000,0.049132
1779541826.825136,0,1,-12.040647,1.037986,5.740638,3.000000,0.052572
1779541826.835393,0,1,-12.014972,1.022622,5.744754,3.000000,0.052572
1779541826.845578,0,1,-11.989238,1.007352,5.748700,3.000000,0.052572
1779541826.855408,0,1,-11.963431,0.992197,5.752816,3.000000,0.055340
1779541826.865360,0,1,-11.937565,0.977135,5.756763,3.000000,0.055340
1779541826.875424,0,1,-11.911629,0.962188,5.760881,3.000000,0.060427
1779541826.885667,0,1,-11.885636,0.947335,5.764830,3.000000,0.060427
1779541826.895432,0,1,-11.859574,0.932598,5.768951,3.000000,0.060427
1779541826.905344,0,1,-11.833455,0.917954,5.772902,3.000000,0.064826
1779541826.915341,0,1,-11.807269,0.903427,5.777025,3.000000,0.064826
1779541826.925608,0,1,-11.781028,0.888993,5.780979,3.000000,0.064826
1779541826.935432,0,1,-11.754708,0.874699,5.785411,3.000000,0.068372
1779541826.945238,0,1,-11.728288,0.860585,5.790718,3.000000,0.068372
1779541826.955088,0,1,-11.701784,0.846625,5.796342,3.000000,0.068372
1779541826.966032,0,1,-11.675186,0.832841,5.802473,3.000000,0.072004
1779541826.975026,0,1,-11.648507,0.819209,5.808664,3.000000,0.072004
1779541826.985223,0,1,-11.621736,0.805755,5.815184,3.000000,0.072004
1779541826.995077,0,1,-11.594886,0.792456,5.821642,3.000000,0.072004
1779541827.005641,0,1,-11.567945,0.779339,5.828343,3.000000,0.072004
1779541827.015082,0,1,-11.540924,0.766380,5.834922,3.000000,0.072004
1779541827.025419,0,1,-11.513815,0.753607,5.841705,3.000000,0.072004
1779541827.035371,0,1,-11.486627,0.740996,5.848339,3.000000,0.072004
1779541827.045588,0,1,-11.459351,0.728574,5.855157,3.000000,0.072004
1779541827.055766,0,1,-11.431999,0.716318,5.861814,3.000000,0.072004
1779541827.065302,0,1,-11.404560,0.704253,5.868646,3.000000,0.072004
1779541827.075140,0,1,-11.377046,0.692358,5.875312,3.000000,0.072004
1779541827.085293,0,1,-11.349448,0.680657,5.882149,3.000000,0.072004
1779541827.094980,0,1,-11.321776,0.669126,5.888817,3.000000,0.072004
1779541827.104927,0,1,-11.294023,0.657793,5.895656,3.000000,0.072004
1779541827.114890,0,1,-11.266198,0.646632,5.902324,3.000000,0.072004
1779541827.125487,0,1,-11.238294,0.635669,5.909163,3.000000,0.072004
1779541827.135513,0,1,-11.210320,0.624881,5.915831,3.000000,0.072004
1779541827.145316,0,1,-11.182270,0.614293,5.922668,3.000000,0.033014
1779541827.155287,0,1,-11.154153,0.603881,5.929336,3.000000,0.033014
1779541827.165613,0,1,-11.125961,0.593670,5.936173,3.000000,0.009221
1779541827.175286,0,1,-11.097713,0.583612,5.942533,3.000000,0.009221
1779541827.185328,0,1,-11.069435,0.573639,5.947710,3.000000,-0.000277
1779541827.195355,0,1,-11.041139,0.563713,5.951526,3.000000,-0.000277
1779541827.205273,0,1,-11.012815,0.553866,5.954688,3.000000,-0.000277
1779541827.215346,0,1,-10.984480,0.544049,5.956806,3.000000,-0.011169
1779541827.224861,0,1,-10.956148,0.534220,5.957660,3.000000,-0.023891
1779541827.235147,0,1,-10.927811,0.524407,5.957932,3.000000,-0.023891
1779541827.245498,0,1,-10.899476,0.514583,5.957519,3.000000,-0.030505
1779541827.255420,0,1,-10.871137,0.504771,5.956923,3.000000,-0.030505
1779541827.265458,0,1,-10.842803,0.494943,5.955918,3.000000,-0.030505
1779541827.275051,0,1,-10.814467,0.485119,5.954923,3.000000,-0.022159
1779541827.285595,0,1,-10.786139,0.475271,5.953651,3.000000,-0.022159
1779541827.295253,0,1,-10.757811,0.465420,5.952478,3.000000,-0.022159
1779541827.305199,0,1,-10.729494,0.455538,5.951090,3.000000,-0.006697
1779541827.315214,0,1,-10.701180,0.445646,5.949843,3.000000,-0.006697
1779541827.325580,0,1,-10.672878,0.435718,5.948408,3.000000,0.004535
1779541827.335679,0,1,-10.644581,0.425776,5.947134,3.000000,0.004535
1779541827.345121,0,1,-10.616298,0.415792,5.945684,3.000000,0.018467
1779541827.355241,0,1,-10.588012,0.405816,5.944709,3.000000,0.018467
1779541827.365405,0,1,-10.559709,0.395888,5.944609,3.000000,0.034002
1779541827.375372,0,1,-10.531399,0.385978,5.944826,3.000000,0.034002
1779541827.385314,0,1,-10.503066,0.376133,5.945859,3.000000,0.050194
1779541827.395001,0,1,-10.474696,0.366395,5.947999,3.000000,0.050194
1779541827.405628,0,1,-10.446300,0.356734,5.950615,3.000000,0.066704
1779541827.415194,0,1,-10.417868,0.347175,5.953847,3.000000,0.066704
1779541827.425378,0,1,-10.389411,0.337692,5.957214,3.000000,0.079230
1779541827.435349,0,1,-10.360911,0.328339,5.961267,3.000000,0.085105
1779541827.445326,0,1,-10.332354,0.319161,5.966335,3.000000,0.085105
1779541827.455373,0,1,-10.303749,0.310131,5.971815,3.000000,0.089798
1779541827.465269,0,1,-10.275090,0.301274,5.977864,3.000000,0.089798
1779541827.475300,0,1,-10.246385,0.292569,5.984015,3.000000,0.089798
1779541827.485131,0,1,-10.217625,0.284043,5.990522,3.000000,0.089798
1779541827.495133,0,1,-10.188819,0.275675,5.996982,3.000000,0.089798
1779541827.505337,0,1,-10.159960,0.267493,6.003695,3.000000,0.089798
1779541827.515299,0,1,-10.131054,0.259475,6.010293,3.000000,0.089798
1779541827.525378,0,1,-10.102096,0.251650,6.017095,3.000000,0.089798
1779541827.535456,0,1,-10.073092,0.243995,6.023750,3.000000,0.089798
1779541827.545188,0,1,-10.044036,0.236537,6.030589,3.000000,0.089798
1779541827.555277,0,1,-10.014936,0.229253,6.037266,3.000000,0.089798
1779541827.565361,0,1,-9.985786,0.222171,6.044116,3.000000,0.089798
1779541827.575064,0,1,-9.956594,0.215267,6.050799,3.000000,0.049658
1779541827.585427,0,1,-9.927354,0.208567,6.057652,3.000000,0.052789
1779541827.595276,0,1,-9.898079,0.202022,6.064026,3.000000,0.052789
1779541827.605808,0,1,-9.868779,0.195588,6.069525,3.000000,0.040875
1779541827.615410,0,1,-9.839447,0.189297,6.074705,3.000000,0.040875
1779541827.625339,0,1,-9.810091,0.183124,6.079378,3.000000,0.028536
1779541827.635343,0,1,-9.780704,0.177098,6.083989,3.000000,0.028536
1779541827.645455,0,1,-9.751298,0.171166,6.087962,3.000000,0.015639
1779541827.655160,0,1,-9.721882,0.165282,6.090953,3.000000,0.015639
1779541827.665386,0,1,-9.692451,0.159476,6.093553,3.000000,0.006942
1779541827.675264,0,1,-9.663009,0.153723,6.095597,3.000000,0.006942
1779541827.685533,0,1,-9.633552,0.148047,6.097547,3.000000,-0.000777
1779541827.695508,0,1,-9.604086,0.142421,6.099147,3.000000,-0.000777
1779541827.704925,0,1,-9.574605,0.136869,6.100797,3.000000,-0.004362
1779541827.715339,0,1,-9.545121,0.131335,6.101887,3.000000,-0.004776
1779541827.725582,0,1,-9.515642,0.125774,6.102048,3.000000,-0.004776
1779541827.735475,0,1,-9.486163,0.120214,6.101857,3.000000,-0.005294
1779541827.745348,0,1,-9.456689,0.114627,6.101137,3.000000,-0.005294
1779541827.755068,0,1,-9.427214,0.109040,6.100341,3.000000,-0.003444
1779541827.765352,0,1,-9.397746,0.103424,6.099210,3.000000,-0.003444
1779541827.775146,0,1,-9.368278,0.097801,6.098136,3.000000,0.002257
1779541827.785341,0,1,-9.338817,0.092144,6.096817,3.000000,0.005616
1779541827.795549,0,1,-9.309353,0.086502,6.095927,3.000000,0.005616
1779541827.805175,0,1,-9.279878,0.080917,6.095879,3.000000,0.015957
1779541827.815096,0,1,-9.250399,0.075356,6.096128,3.000000,0.015957
1779541827.824910,0,1,-9.220911,0.069842,6.096871,3.000000,0.027199
1779541827.835460,0,1,-9.191419,0.064347,6.097667,3.000000,0.027199
1779541827.845726,0,1,-9.161919,0.058897,6.098788,3.000000,0.039152
1779541827.855019,0,1,-9.132415,0.053464,6.099844,3.000000,0.039152
1779541827.865010,0,1,-9.102899,0.048102,6.101450,3.000000,0.047250
1779541827.875401,0,1,-9.073361,0.042857,6.103980,3.000000,0.050843
1779541827.885392,0,1,-9.043809,0.037698,6.106860,3.000000,0.050843
1779541827.895341,0,1,-9.014237,0.032651,6.110268,3.000000,0.056108
1779541827.905089,0,1,-8.984651,0.027689,6.113752,3.000000,0.056108
1779541827.915358,0,1,-8.955045,0.022841,6.117573,3.000000,0.060748
1779541827.925819,0,1,-8.925426,0.018082,6.121338,3.000000,0.060748
1779541827.935481,0,1,-8.895787,0.013441,6.125348,3.000000,0.061063
1779541827.945100,0,1,-8.866134,0.008893,6.129240,3.000000,0.061063
1779541827.955323,0,1,-8.836463,0.004467,6.133335,3.000000,0.059883
1779541827.965458,0,1,-8.806777,0.000138,6.137281,3.000000,0.059883
1779541827.975507,0,1,-8.777074,-0.004066,6.141411,3.000000,0.055956
1779541827.985014,0,1,-8.747356,-0.008171,6.145380,3.000000,0.055956
1779541827.995179,0,1,-8.717621,-0.012147,6.149523,3.000000,0.055956
1779541828.005067,0,1,-8.687873,-0.016021,6.153498,3.000000,0.055956
1779541828.015596,0,1,-8.658107,-0.019766,6.157645,3.000000,0.055956
1779541828.025467,0,1,-8.628329,-0.023406,6.161621,3.000000,0.055956
1779541828.035286,0,1,-8.598536,-0.026916,6.165767,3.000000,0.055956
1779541828.045174,0,1,-8.568730,-0.030320,6.169743,3.000000,0.055956
1779541828.055023,0,1,-8.538909,-0.033592,6.173888,3.000000,0.055956
1779541828.064973,0,1,-8.509077,-0.036759,6.177862,3.000000,0.055956
1779541828.075528,0,1,-8.479231,-0.039792,6.182005,3.000000,0.055956
1779541828.085474,0,1,-8.449374,-0.042719,6.185977,3.000000,0.055956
1779541828.095147,0,1,-8.419505,-0.045512,6.190119,3.000000,0.023734
1779541828.105051,0,1,-8.389625,-0.048199,6.194090,3.000000,0.023734
1779541828.115396,0,1,-8.359734,-0.050751,6.198231,3.000000,0.018364
1779541828.125190,0,1,-8.329836,-0.053222,6.201894,3.000000,0.018364
1779541828.135413,0,1,-8.299935,-0.055657,6.204681,3.000000,0.011159
1779541828.145350,0,1,-8.270029,-0.058025,6.207151,3.000000,0.003519
1779541828.155250,0,1,-8.240119,-0.060349,6.209114,3.000000,0.003519
1779541828.165395,0,1,-8.210204,-0.062604,6.211016,3.000000,-0.005369
1779541828.175386,0,1,-8.180286,-0.064817,6.212589,3.000000,-0.005369
1779541828.185488,0,1,-8.150363,-0.066961,6.214226,3.000000,-0.010382
1779541828.195339,0,1,-8.120439,-0.069092,6.215311,3.000000,-0.012921
1779541828.205703,0,1,-8.090517,-0.071256,6.215473,3.000000,-0.012921
1779541828.215001,0,1,-8.060596,-0.073423,6.215286,3.000000,-0.014017
1779541828.224978,0,1,-8.030676,-0.075620,6.214571,3.000000,-0.014017
1779541828.235331,0,1,-8.000757,-0.077820,6.213781,3.000000,-0.014017
1779541828.245071,0,1,-7.970841,-0.080053,6.212655,3.000000,-0.013735
1779541828.255424,0,1,-7.940924,-0.082293,6.211587,3.000000,-0.013735
1779541828.265353,0,1,-7.911011,-0.084570,6.210273,3.000000,-0.009329
1779541828.275443,0,1,-7.881099,-0.086859,6.209079,3.000000,-0.009329
1779541828.285012,0,1,-7.851189,-0.089190,6.207683,3.000000,-0.003960
1779541828.295358,0,1,-7.821281,-0.091536,6.206436,3.000000,-0.003960
1779541828.305803,0,1,-7.791377,-0.093928,6.205005,3.000000,0.004626
1779541828.315402,0,1,-7.761474,-0.096338,6.203737,3.000000,0.004626
1779541828.325834,0,1,-7.731575,-0.098796,6.202294,3.000000,0.013993
1779541828.335424,0,1,-7.701675,-0.101250,6.201327,3.000000,0.013993
1779541828.345346,0,1,-7.671772,-0.103655,6.201234,3.000000,0.023706
1779541828.355383,0,1,-7.641867,-0.106044,6.201459,3.000000,0.029072
1779541828.365335,0,1,-7.611959,-0.108391,6.202190,3.000000,0.029072
1779541828.374996,0,1,-7.582050,-0.110725,6.202983,3.000000,0.039360
1779541828.385311,0,1,-7.552138,-0.113019,6.204105,3.000000,0.039360
1779541828.395458,0,1,-7.522225,-0.115299,6.205165,3.000000,0.048020
1779541828.405531,0,1,-7.492307,-0.117510,6.206777,3.000000,0.048020
1779541828.415417,0,1,-7.462380,-0.119606,6.209313,3.000000,0.052639
1779541828.425303,0,1,-7.432447,-0.121617,6.212199,3.000000,0.055343
1779541828.435269,0,1,-7.402508,-0.123517,6.215613,3.000000,0.055343
1779541828.445358,0,1,-7.372563,-0.125332,6.219102,3.000000,0.055343
1779541828.455415,0,1,-7.342611,-0.127033,6.222927,3.000000,0.057914
1779541828.465330,0,1,-7.312654,-0.128645,6.226696,3.000000,0.058291
1779541828.475295,0,1,-7.282692,-0.130138,6.230710,3.000000,0.058291
1779541828.485493,0,1,-7.252724,-0.131539,6.234605,3.000000,0.058291
1779541828.495506,0,1,-7.222752,-0.132817,6.238703,3.000000,0.058291
1779541828.505167,0,1,-7.192775,-0.133997,6.242651,3.000000,0.058291
1779541828.514996,0,1,-7.162794,-0.135052,6.246783,3.000000,0.058291
1779541828.525500,0,1,-7.132809,-0.136006,6.250753,3.000000,0.058291
1779541828.535460,0,1,-7.102820,-0.136831,6.254897,3.000000,0.058291
1779541828.545254,0,1,-7.072829,-0.137554,6.258874,3.000000,0.058291
1779541828.555341,0,1,-7.042835,-0.138146,6.263021,3.000000,0.058291
1779541828.565343,0,1,-7.012839,-0.138633,6.266998,3.000000,0.058291
1779541828.575368,0,1,-6.982841,-0.138989,6.271145,3.000000,0.058291
1779541828.584871,0,1,-6.952842,-0.139239,6.275121,3.000000,0.058291
1779541828.594949,0,1,-6.922842,-0.139356,6.279267,3.000000,0.014091
1779541828.605533,0,1,-6.892842,-0.139366,0.000056,3.000000,0.014091
1779541828.615494,0,1,-6.862843,-0.139243,0.004199,3.000000,0.005828
1779541828.624942,0,1,-6.832843,-0.139039,0.007864,3.000000,0.005828
1779541828.634948,0,1,-6.802844,-0.138799,0.010653,3.000000,-0.003968
1779541828.645240,0,1,-6.772846,-0.138492,0.013125,3.000000,-0.003968
1779541828.655005,0,1,-6.742848,-0.138169,0.014782,3.000000,-0.013678
1779541828.665047,0,1,-6.712849,-0.137874,0.015332,3.000000,-0.019633
1779541828.675043,0,1,-6.682851,-0.137576,0.015407,3.000000,-0.019633
1779541828.685543,0,1,-6.652852,-0.137303,0.014868,3.000000,-0.027808
1779541828.695591,0,1,-6.622853,-0.137028,0.014195,3.000000,-0.027808
1779541828.705034,0,1,-6.592854,-0.136780,0.013145,3.000000,-0.032261
1779541828.715288,0,1,-6.562855,-0.136536,0.012125,3.000000,-0.032261
1779541828.725500,0,1,-6.532856,-0.136350,0.010533,3.000000,-0.030540
1779541828.735325,0,1,-6.502856,-0.136271,0.008005,3.000000,-0.026320
1779541828.745199,0,1,-6.472856,-0.136245,0.005426,3.000000,-0.026320
1779541828.755219,0,1,-6.442856,-0.136226,0.003360,3.000000,-0.024673
1779541828.765686,0,1,-6.412856,-0.136248,0.001364,3.000000,-0.024673
1779541828.775117,0,1,-6.382856,-0.136287,6.282892,3.000000,-0.017631
1779541828.785161,0,1,-6.352856,-0.136374,6.281182,3.000000,-0.012030
1779541828.795347,0,1,-6.322856,-0.136485,6.279725,3.000000,-0.012030
1779541828.805779,0,1,-6.292857,-0.136647,6.278156,3.000000,-0.001212
1779541828.815022,0,1,-6.262857,-0.136835,6.276798,3.000000,-0.001212
1779541828.825291,0,1,-6.232858,-0.137075,6.275297,3.000000,0.008699
1779541828.835100,0,1,-6.202860,-0.137343,6.273987,3.000000,0.017632
1779541828.845545,0,1,-6.172861,-0.137664,6.272520,3.000000,0.017632
1779541828.855443,0,1,-6.142863,-0.137986,6.271541,3.000000,0.026555
1779541828.865291,0,1,-6.112864,-0.138263,6.271443,3.000000,0.026555
1779541828.875354,0,1,-6.082865,-0.138528,6.271667,3.000000,0.031560
1779541828.885827,0,1,-6.052866,-0.138755,6.272400,3.000000,0.031560
1779541828.895413,0,1,-6.022867,-0.138971,6.273197,3.000000,0.044026
1779541828.905367,0,1,-5.992868,-0.139149,6.274323,3.000000,0.044026
1779541828.915008,0,1,-5.962868,-0.139315,6.275387,3.000000,0.048273
1779541828.925619,0,1,-5.932868,-0.139413,6.277003,3.000000,0.048273
1779541828.935121,0,1,-5.902868,-0.139397,6.279543,3.000000,0.051261
1779541828.945506,0,1,-5.872868,-0.139297,6.282433,3.000000,0.051261
1779541828.955321,0,1,-5.842869,-0.139087,0.002664,3.000000,0.053615
1779541828.965669,0,1,-5.812871,-0.138792,0.006156,3.000000,0.053615
1779541828.974967,0,1,-5.782873,-0.138383,0.009984,3.000000,0.055659
1779541828.985182,0,1,-5.752878,-0.137886,0.013755,3.000000,0.055659
1779541828.995024,0,1,-5.722884,-0.137271,0.017771,3.000000,0.055659
1779541829.005377,0,1,-5.692892,-0.136563,0.021667,3.000000,0.055659
1779541829.015263,0,1,-5.662904,-0.135733,0.025766,3.000000,0.055659
1779541829.025271,0,1,-5.632918,-0.134805,0.029715,3.000000,0.055659
1779541829.035228,0,1,-5.602937,-0.133752,0.033848,3.000000,0.055659
1779541829.045491,0,1,-5.572959,-0.132598,0.037818,3.000000,0.055659
1779541829.055037,0,1,-5.542986,-0.131316,0.041963,3.000000,0.055659
1779541829.065104,0,1,-5.513018,-0.129931,0.045940,3.000000,0.055659
1779541829.075202,0,1,-5.483057,-0.128415,0.050088,3.000000,0.055659
1779541829.085444,0,1,-5.453100,-0.126796,0.054066,3.000000,0.055659
1779541829.094997,0,1,-5.423152,-0.125045,0.058213,3.000000,0.055659
1779541829.104994,0,1,-5.393209,-0.123188,0.062189,3.000000,0.055659
1779541829.114890,0,1,-5.363275,-0.121199,0.066334,3.000000,0.002256
1779541829.125274,0,1,-5.333349,-0.119103,0.070309,3.000000,0.002256
1779541829.135307,0,1,-5.303431,-0.116874,0.074453,3.000000,-0.012500
1779541829.145105,0,1,-5.273521,-0.114565,0.078117,3.000000,-0.012500
1779541829.155215,0,1,-5.243610,-0.112245,0.080599,3.000000,-0.024233
1779541829.165478,0,1,-5.213698,-0.109957,0.081718,3.000000,-0.024233
1779541829.175307,0,1,-5.183785,-0.107667,0.082183,3.000000,-0.037347
1779541829.185276,0,1,-5.153871,-0.105398,0.081910,3.000000,-0.037347
1779541829.195371,0,1,-5.123957,-0.103125,0.081418,3.000000,-0.048912
1779541829.205101,0,1,-5.094040,-0.100902,0.080181,3.000000,-0.048912
1779541829.215215,0,1,-5.064115,-0.098778,0.077890,3.000000,-0.054126
1779541829.225683,0,1,-5.034186,-0.096724,0.075160,3.000000,-0.055719
1779541829.234976,0,1,-5.004250,-0.094767,0.071843,3.000000,-0.055719
1779541829.245439,0,1,-4.974309,-0.092884,0.068411,3.000000,-0.055719
1779541829.255498,0,1,-4.944361,-0.091105,0.064617,3.000000,-0.054729
1779541829.265444,0,1,-4.914410,-0.089407,0.060863,3.000000,-0.054729
1779541829.275276,0,1,-4.884452,-0.087819,0.056854,3.000000,-0.049302
1779541829.285423,0,1,-4.854489,-0.086319,0.052958,3.000000,-0.040328
1779541829.295374,0,1,-4.824521,-0.084937,0.048855,3.000000,-0.040328
1779541829.305265,0,1,-4.794549,-0.083647,0.044900,3.000000,-0.026163
1779541829.315185,0,1,-4.764572,-0.082480,0.040760,3.000000,-0.026163
1779541829.325426,0,1,-4.734592,-0.081385,0.037091,3.000000,-0.013796
1779541829.335381,0,1,-4.704611,-0.080317,0.034292,3.000000,-0.013796
1779541829.345316,0,1,-4.674627,-0.079311,0.031809,3.000000,0.001548
1779541829.355160,0,1,-4.644643,-0.078341,0.029833,3.000000,0.001548
1779541829.365570,0,1,-4.614657,-0.077437,0.027918,3.000000,0.017145
1779541829.375396,0,1,-4.584670,-0.076545,0.026640,3.000000,0.017145
1779541829.385297,0,1,-4.554684,-0.075620,0.026345,3.000000,0.030533
1779541829.395218,0,1,-4.524699,-0.074691,0.026442,3.000000,0.030533
1779541829.405623,0,1,-4.494714,-0.073734,0.027095,3.000000,0.041587
1779541829.415406,0,1,-4.464729,-0.072774,0.027843,3.000000,0.041587
1779541829.425341,0,1,-4.434747,-0.071757,0.029249,3.000000,0.050785
1779541829.435167,0,1,-4.404768,-0.070634,0.031651,3.000000,0.050785
1779541829.445414,0,1,-4.374792,-0.069435,0.034453,3.000000,0.050785
1779541829.455395,0,1,-4.344820,-0.068132,0.037815,3.000000,0.054603
1779541829.465219,0,1,-4.314852,-0.066752,0.041273,3.000000,0.054603
1779541829.475334,0,1,-4.284889,-0.065263,0.045083,3.000000,0.055684
1779541829.485505,0,1,-4.254930,-0.063690,0.048845,3.000000,0.055684
1779541829.494996,0,1,-4.224977,-0.062003,0.052857,3.000000,0.055684
1779541829.505104,0,1,-4.195030,-0.060227,0.056754,3.000000,0.055684
1779541829.515153,0,1,-4.165090,-0.058331,0.060855,3.000000,0.055684
1779541829.525407,0,1,-4.135156,-0.056340,0.064808,3.000000,0.055684
1779541829.535205,0,1,-4.105231,-0.054225,0.068944,3.000000,0.055684
1779541829.545167,0,1,-4.075313,-0.052012,0.072919,3.000000,0.055684
1779541829.554996,0,1,-4.045404,-0.049672,0.077067,3.000000,0.055684
1779541829.566005,0,1,-4.015504,-0.047231,0.081047,3.000000,0.055684
1779541829.575357,0,1,-3.985614,-0.044660,0.085198,3.000000,0.055684
1779541829.585198,0,1,-3.955733,-0.041986,0.089178,3.000000,0.055684
1779541829.595199,0,1,-3.925865,-0.039181,0.093328,3.000000,0.055684
1779541829.605298,0,1,-3.896006,-0.036272,0.097306,3.000000,0.055684
1779541829.615309,0,1,-3.866161,-0.033231,0.101453,3.000000,0.055684
1779541829.625195,0,1,-3.836326,-0.030084,0.105429,3.000000,0.055684
1779541829.635218,0,1,-3.806506,-0.026804,0.109574,3.000000,0.055684
1779541829.645226,0,1,-3.776698,-0.023419,0.113548,3.000000,0.055684
1779541829.655355,0,1,-3.746905,-0.019901,0.117691,3.000000,0.055684
1779541829.665199,0,1,-3.717125,-0.016276,0.121663,3.000000,-0.018881
1779541829.675197,0,1,-3.687361,-0.012518,0.125804,3.000000,-0.018881
1779541829.685498,0,1,-3.657608,-0.008679,0.129467,3.000000,-0.054285
1779541829.695041,0,1,-3.627856,-0.004830,0.131947,3.000000,-0.063175
1779541829.705349,0,1,-3.598096,-0.001037,0.132757,3.000000,-0.063175
1779541829.715125,0,1,-3.568325,0.002661,0.131868,3.000000,-0.078588
1779541829.725498,0,1,-3.538546,0.006297,0.130094,3.000000,-0.078588
1779541829.735343,0,1,-3.508771,0.009818,0.127105,2.982206,-0.092555
1779541829.745326,0,1,-3.479037,0.013171,0.122703,2.950213,-0.100333
1779541829.755417,0,1,-3.449368,0.016381,0.117617,2.950213,-0.100333
1779541829.765341,0,1,-3.419774,0.019392,0.111434,2.918177,-0.103844
1779541829.775771,0,1,-3.390263,0.022151,0.103934,2.918177,-0.103844
1779541829.785241,0,1,-3.360852,0.024688,0.095826,2.884285,-0.098906
1779541829.795413,0,1,-3.331550,0.026972,0.087006,2.884285,-0.098906
1779541829.805501,0,1,-3.302316,0.029029,0.078062,2.904367,-0.084920
1779541829.815199,0,1,-3.273116,0.030831,0.068786,2.904367,-0.084920
1779541829.825109,0,1,-3.243925,0.032427,0.059924,2.924777,-0.064804
1779541829.835159,0,1,-3.214722,0.033860,0.051919,2.939088,-0.054441
1779541829.845360,0,1,-3.185502,0.035094,0.044219,2.939088,-0.054441
1779541829.855467,0,1,-3.156265,0.036177,0.037325,2.959134,-0.024676
1779541829.865186,0,1,-3.127008,0.037151,0.031524,2.959134,-0.024676
1779541829.875090,0,1,-3.097728,0.037982,0.026190,2.974995,0.004489
1779541829.885139,0,1,-3.068424,0.038721,0.021764,2.974995,0.004489
1779541829.895415,0,1,-3.039093,0.039436,0.018799,2.995033,0.031634
1779541829.905137,0,1,-3.009734,0.040170,0.017372,2.995033,0.031634
1779541829.915009,0,1,-2.980346,0.040890,0.016713,3.000000,0.054846
1779541829.925333,0,1,-2.950929,0.041623,0.016861,3.000000,0.054846
1779541829.935553,0,1,-2.921485,0.042342,0.017274,3.000000,0.066120
1779541829.944971,0,1,-2.892015,0.043104,0.018453,3.000000,0.081212
1779541829.955290,0,1,-2.862525,0.043983,0.020994,3.000000,0.081212
1779541829.965231,0,1,-2.833016,0.045025,0.025007,3.000000,0.090657
1779541829.975184,0,1,-2.803489,0.046199,0.029744,3.000000,0.090657
1779541829.984951,0,1,-2.773948,0.047533,0.035261,3.000000,0.090657
1779541829.995450,0,1,-2.744393,0.049005,0.041025,3.000000,0.090657
1779541830.005395,0,1,-2.714827,0.050645,0.047240,3.000000,0.090657
1779541830.015535,0,1,-2.685251,0.052431,0.053477,3.000000,0.090657
1779541830.025006,0,1,-2.655669,0.054396,0.060011,3.000000,0.090657
1779541830.035340,0,1,-2.626081,0.056517,0.066460,3.000000,0.090657
1779541830.045199,0,1,-2.596491,0.058824,0.073135,3.000000,0.090657
1779541830.055179,0,1,-2.566899,0.061296,0.079678,3.000000,0.090657
1779541830.064946,0,1,-2.537309,0.063961,0.086414,3.000000,0.090657
1779541830.075138,0,1,-2.507721,0.066796,0.092997,3.000000,0.090657
1779541830.084986,0,1,-2.478140,0.069831,0.099759,3.000000,0.090657
1779541830.095654,0,1,-2.448564,0.073039,0.106359,3.000000,0.017828
1779541830.105145,0,1,-2.418999,0.076451,0.113132,3.000000,0.017828
1779541830.115350,0,1,-2.389441,0.080014,0.119433,3.000000,0.009730
1779541830.125409,0,1,-2.359881,0.083660,0.124560,3.000000,-0.012308
1779541830.135544,0,1,-2.330317,0.087348,0.128337,3.000000,-0.012308
1779541830.145238,0,1,-2.300752,0.091114,0.131468,3.000000,-0.035353
1779541830.155294,0,1,-2.271182,0.094908,0.133563,3.000000,-0.035353
1779541830.165485,0,1,-2.241597,0.098659,0.134098,3.000000,-0.059897
1779541830.175366,0,1,-2.211993,0.102326,0.133017,3.000000,-0.070820
1779541830.185369,0,1,-2.182375,0.105939,0.131111,3.000000,-0.070820
1779541830.195351,0,1,-2.152736,0.109446,0.128047,3.000000,-0.086012
1779541830.205367,0,1,-2.123071,0.112799,0.123646,3.000000,-0.086012
1779541830.215310,0,1,-2.093406,0.116022,0.118602,2.968381,-0.093414
1779541830.225165,0,1,-2.063753,0.119084,0.112821,2.968381,-0.093414
1779541830.235167,0,1,-2.034108,0.122007,0.106834,2.970584,-0.093276
1779541830.248135,0,1,-2.004463,0.124759,0.100427,2.970584,-0.093276
1779541830.255017,0,1,-1.974808,0.127365,0.094035,2.990565,-0.086028
1779541830.264858,0,1,-1.945129,0.129792,0.087381,3.000000,-0.081734
1779541830.275098,0,1,-1.915427,0.132062,0.080837,3.000000,-0.081734
1779541830.285381,0,1,-1.885702,0.134144,0.074086,3.000000,-0.066690
1779541830.295156,0,1,-1.855955,0.136062,0.067481,3.000000,-0.066690
1779541830.305404,0,1,-1.826188,0.137784,0.060691,3.000000,-0.048835
1779541830.315303,0,1,-1.796403,0.139336,0.054062,3.000000,-0.029256
1779541830.325590,0,1,-1.766599,0.140686,0.047259,3.000000,-0.029256
1779541830.335212,0,1,-1.736781,0.141887,0.040929,3.000000,-0.019976
1779541830.344916,0,1,-1.706953,0.143007,0.035775,3.000000,-0.019976
1779541830.355119,0,1,-1.677115,0.144085,0.031976,3.000000,0.001062
1779541830.365093,0,1,-1.647269,0.145088,0.028827,3.000000,0.001062
1779541830.376589,0,1,-1.617415,0.146065,0.026717,3.000000,0.022776
1779541830.385412,0,1,-1.587555,0.147059,0.025865,3.000000,0.022776
1779541830.395648,0,1,-1.557689,0.148042,0.025591,3.000000,0.041553
1779541830.405408,0,1,-1.527818,0.149040,0.026001,3.000000,0.041553
1779541830.415195,0,1,-1.497941,0.150028,0.026591,3.000000,0.052964
1779541830.425246,0,1,-1.468061,0.151063,0.027896,3.000000,0.052964
1779541830.435012,0,1,-1.438180,0.152193,0.030232,3.000000,0.052964
1779541830.445737,0,1,-1.408296,0.153390,0.032991,3.000000,0.059937
1779541830.455507,0,1,-1.378412,0.154684,0.036325,3.000000,0.059937
1779541830.464950,0,1,-1.348527,0.156049,0.039765,3.000000,0.059937
1779541830.474979,0,1,-1.318643,0.157518,0.043561,3.000000,0.057167
1779541830.485003,0,1,-1.288759,0.159066,0.047312,3.000000,0.057167
1779541830.495479,0,1,-1.258878,0.160724,0.051316,3.000000,0.057167
1779541830.505351,0,1,-1.228998,0.162469,0.055205,3.000000,0.057167
1779541830.515353,0,1,-1.199121,0.164330,0.059298,3.000000,0.057167
1779541830.525396,0,1,-1.169248,0.166284,0.063244,3.000000,0.057167
1779541830.535322,0,1,-1.139379,0.168360,0.067372,3.000000,0.057167
1779541830.545338,0,1,-1.109515,0.170532,0.071339,3.000000,0.057167
1779541830.554979,0,1,-1.079657,0.172830,0.075480,3.000000,0.057167
1779541830.565359,0,1,-1.049805,0.175227,0.079452,3.000000,0.057167
1779541830.575473,0,1,-1.019961,0.177753,0.083595,3.000000,0.057167
1779541830.585316,0,1,-0.990123,0.180382,0.087568,3.000000,0.057167
1779541830.595139,0,1,-0.960295,0.183140,0.091709,3.000000,0.057167
1779541830.605460,0,1,-0.930474,0.186002,0.095680,3.000000,0.057167
1779541830.615409,0,1,-0.900665,0.188995,0.099819,3.000000,0.057167
1779541830.625137,0,1,-0.870864,0.192094,0.103788,3.000000,0.057167
1779541830.634994,0,1,-0.841075,0.195324,0.107926,3.000000,0.057167
1779541830.644963,0,1,-0.811296,0.198660,0.111893,3.000000,0.057167
1779541830.654945,0,1,-0.781531,0.202128,0.116029,3.000000,0.057167
1779541830.665242,0,1,-0.751777,0.205703,0.119995,3.000000,-0.040542
1779541830.675320,0,1,-0.722037,0.209410,0.124130,3.000000,-0.040542
1779541830.685477,0,1,-0.692306,0.213199,0.127787,3.000000,-0.080494
1779541830.695296,0,1,-0.662575,0.216997,0.130262,3.000000,-0.080494
1779541830.705278,0,1,-0.632871,0.220731,0.131056,2.960101,-0.109998
1779541830.715226,0,1,-0.603215,0.224333,0.129813,2.960101,-0.109998
1779541830.725408,0,1,-0.573626,0.227734,0.126268,2.919882,-0.130557
1779541830.735504,0,1,-0.544122,0.230891,0.120565,2.919882,-0.130557
1779541830.745310,0,1,-0.514725,0.233839,0.113674,2.879930,-0.149006
1779541830.755326,0,1,-0.485446,0.236523,0.105342,2.879930,-0.149006
1779541830.765397,0,1,-0.456286,0.238891,0.095454,2.845784,-0.159045
1779541830.775446,0,1,-0.427257,0.240974,0.084826,2.845784,-0.159045
1779541830.785290,0,1,-0.398369,0.242739,0.073387,2.805159,-0.149794
1779541830.795149,0,1,-0.369634,0.244212,0.061719,2.805159,-0.149794
1779541830.805464,0,1,-0.341059,0.245357,0.049598,2.765545,-0.132970
1779541830.815388,0,1,-0.312653,0.246199,0.037500,2.765545,-0.132970
1779541830.825238,0,1,-0.284366,0.246707,0.025218,2.784246,-0.106089
1779541830.835046,0,1,-0.256147,0.246905,0.013212,2.798955,-0.092847
1779541830.845372,0,1,-0.227972,0.246763,0.001152,2.798955,-0.092847
1779541830.855943,0,1,-0.199835,0.246333,6.272858,2.798955,-0.092847
1779541830.865243,0,1,-0.171714,0.245686,6.262655,2.824200,-0.042356
1779541830.875339,0,1,-0.143589,0.244859,6.253874,2.843804,-0.003149
1779541830.885582,0,1,-0.115456,0.243818,6.245770,2.843804,-0.003149
1779541830.895398,0,1,-0.087317,0.242613,6.238708,2.843804,-0.003149
1779541830.905454,0,1,-0.059163,0.241312,6.233185,2.864764,0.033192
1779541830.915434,0,1,-0.030987,0.239958,6.229234,2.878889,0.050385
1779541830.925439,0,1,-0.002787,0.238517,6.226059,2.878889,0.050385
1779541830.935120,0,1,0.025437,0.237040,6.223989,2.878889,0.050385
1779541830.945168,0,1,0.053694,0.235601,6.223492,2.904485,0.087113
1779541830.955443,0,1,0.081991,0.234240,6.224586,2.904485,0.087113
1779541830.965193,0,1,0.110315,0.232928,6.226475,2.864968,0.106753
1779541830.975522,0,1,0.138657,0.231719,6.229487,2.864968,0.106753
1779541830.985390,0,1,0.167020,0.230687,6.234095,2.864968,0.106753
1779541830.995430,0,1,0.195403,0.229876,6.240314,2.864968,0.106753
1779541831.005665,0,1,0.223802,0.229255,6.247338,2.864968,0.106753
1779541831.015562,0,1,0.252218,0.228854,6.255185,2.864968,0.106753
1779541831.025385,0,1,0.280646,0.228648,6.263303,2.864968,0.106753
1779541831.035249,0,1,0.309085,0.228669,6.271883,2.864968,0.106753
1779541831.045610,0,1,0.337534,0.228897,6.280487,2.864968,0.106753
1779541831.055438,0,1,0.365989,0.229362,0.006204,2.864968,0.106753
1779541831.065259,0,1,0.394449,0.230043,0.015020,2.864968,0.106753
1779541831.075327,0,1,0.422910,0.230971,0.024060,2.864968,0.106753
1779541831.085268,0,1,0.451372,0.232122,0.032965,2.864968,0.106753
1779541831.095089,0,1,0.479830,0.233527,0.042061,2.864968,0.106753
1779541831.105185,0,1,0.508283,0.235162,0.051002,2.864968,0.106753
1779541831.115387,0,1,0.536728,0.237056,0.060121,2.864968,0.106753
1779541831.125241,0,1,0.565162,0.239183,0.069075,2.864968,0.106753
1779541831.135317,0,1,0.593583,0.241572,0.078202,2.864968,0.106753
1779541831.145210,0,1,0.622020,0.244202,0.087122,3.000000,-0.028417
1779541831.155205,0,1,0.650500,0.247101,0.096152,3.000000,-0.028417
1779541831.165484,0,1,0.679023,0.250220,0.104690,3.000000,-0.028417
1779541831.175099,0,1,0.707591,0.253489,0.112078,3.000000,-0.076396
1779541831.185115,0,1,0.736209,0.256844,0.117863,3.000000,-0.076396
1779541831.195374,0,1,0.764872,0.260221,0.121730,2.959837,-0.116559
1779541831.205234,0,1,0.793575,0.263556,0.123459,2.959837,-0.116559
1779541831.215399,0,1,0.822315,0.266785,0.122891,2.927713,-0.148683
1779541831.225127,0,1,0.851079,0.269841,0.119901,2.887866,-0.181626
1779541831.235434,0,1,0.879858,0.272658,0.114407,2.887866,-0.181626
1779541831.245606,0,1,0.908627,0.275165,0.106315,2.855834,-0.210402
1779541831.255434,0,1,0.937365,0.277318,0.095885,2.855834,-0.210402
1779541831.265316,0,1,0.966037,0.279146,0.084129,2.815980,-0.219857
1779541831.275386,0,1,0.994622,0.280592,0.070845,2.815980,-0.219857
1779541831.285393,0,1,1.023105,0.281604,0.055954,2.781234,-0.219996
1779541831.295335,0,1,1.051430,0.282207,0.040209,2.741241,-0.197635
1779541831.305620,0,1,1.079587,0.282371,0.023610,2.741241,-0.197635
1779541831.315761,0,1,1.107573,0.282119,0.006781,2.711780,-0.187916
1779541831.325438,0,1,1.135386,0.281418,6.272726,2.711780,-0.187916
1779541831.335525,0,1,1.163014,0.280322,6.255858,2.671816,-0.147953
1779541831.345184,0,1,1.190448,0.278874,6.239838,2.671816,-0.147953
1779541831.355014,0,1,1.217707,0.277032,6.224157,2.662868,-0.115896
1779541831.365139,0,1,1.244808,0.274848,6.209391,2.662868,-0.115896
1779541831.375391,0,1,1.271797,0.272387,6.196196,2.682785,-0.076061
1779541831.385412,0,1,1.298711,0.269682,6.184651,2.682785,-0.076061
1779541831.395563,0,1,1.325568,0.266698,6.173949,2.698838,-0.043955
1779541831.405426,0,1,1.352392,0.263482,6.164423,2.698838,-0.043955
1779541831.415236,0,1,1.379198,0.260106,6.156517,2.718947,-0.003737
1779541831.425361,0,1,1.406001,0.256610,6.150220,2.738850,0.036069
1779541831.435619,0,1,1.432801,0.252961,6.144709,2.738850,0.036069
1779541831.445297,0,1,1.459604,0.249214,6.140296,2.738850,0.036069
1779541831.455294,0,1,1.486423,0.245438,6.137438,2.758882,0.076132
1779541831.465230,0,1,1.513272,0.241700,6.136439,2.758882,0.076132
1779541831.475132,0,1,1.540158,0.238065,6.137502,2.758882,0.076132
1779541831.485504,0,1,1.567084,0.234572,6.140462,2.758882,0.076132
1779541831.495440,0,1,1.594046,0.231189,6.144401,2.758882,0.076132
1779541831.505028,0,1,1.621044,0.227941,6.149269,2.758882,0.076132
1779541831.515300,0,1,1.648075,0.224805,6.154469,2.758882,0.076132
1779541831.525037,0,1,1.675139,0.221811,6.160169,2.758882,0.076132
1779541831.535194,0,1,1.702234,0.218937,6.165916,2.758882,0.076132
1779541831.545411,0,1,1.729361,0.216214,6.171973,2.758882,0.076132
1779541831.555709,0,1,1.756516,0.213620,6.177952,2.758882,0.076132
1779541831.565439,0,1,1.783700,0.211186,6.184159,2.758882,0.076132
1779541831.575042,0,1,1.810911,0.208888,6.190235,2.758882,0.076132
1779541831.584900,0,1,1.838148,0.206756,6.196504,2.758882,0.076132
1779541831.595079,0,1,1.865409,0.204767,6.202619,2.758882,0.076132
1779541831.605440,0,1,1.892730,0.202947,6.208881,2.912462,0.079807
1779541831.615379,0,1,1.920144,0.201268,6.214945,2.912462,0.079807
1779541831.625322,0,1,1.947637,0.199761,6.221166,2.873952,0.118317
1779541831.635115,0,1,1.975189,0.198401,6.227235,2.843828,0.127283
1779541831.645135,0,1,2.002790,0.197241,6.233790,2.843828,0.127283
1779541831.655238,0,1,2.030429,0.196330,6.241212,2.803704,0.105840
1779541831.665296,0,1,2.058093,0.195636,6.248949,2.803704,0.105840
1779541831.675545,0,1,2.085783,0.195184,6.257176,2.819652,0.089014
1779541831.685658,0,1,2.113504,0.194949,6.265443,2.835763,0.079847
1779541831.695499,0,1,2.141255,0.194957,6.274017,2.835763,0.079847
1779541831.705805,0,1,2.169035,0.195157,6.282218,2.835763,0.079847
1779541831.715383,0,1,2.196846,0.195508,0.006450,2.855674,0.056041
1779541831.725087,0,1,2.224689,0.196041,0.013621,2.855674,0.056041
1779541831.735355,0,1,2.252567,0.196710,0.020044,2.875693,0.029725
1779541831.745548,0,1,2.280490,0.197473,0.025434,2.895863,0.000694
1779541831.755173,0,1,2.308457,0.198363,0.030408,2.895863,0.000694
1779541831.765295,0,1,2.336472,0.199330,0.034527,2.911725,-0.027606
1779541831.775064,0,1,2.364538,0.200333,0.037546,2.911725,-0.027606
1779541831.785203,0,1,2.392655,0.201402,0.040102,2.931649,-0.054197
1779541831.795739,0,1,2.420827,0.202488,0.041772,2.931649,-0.054197
1779541831.805004,0,1,2.449059,0.203520,0.042022,2.948707,-0.077238
1779541831.815241,0,1,2.477353,0.204459,0.040789,2.948707,-0.077238
1779541831.825462,0,1,2.505705,0.205336,0.038829,2.947336,-0.094745
1779541831.835234,0,1,2.534113,0.206100,0.035799,2.947336,-0.094745
1779541831.845440,0,1,2.562565,0.206704,0.031511,2.905906,-0.108502
1779541831.855936,0,1,2.591041,0.207176,0.026640,2.877181,-0.115196
1779541831.865436,0,1,2.619533,0.207464,0.020784,2.877181,-0.115196
1779541831.875758,0,1,2.648021,0.207518,0.013706,2.837173,-0.114900
1779541831.885689,0,1,2.676487,0.207366,0.006076,2.837173,-0.114900
1779541831.895541,0,1,2.704902,0.206982,6.280944,2.805115,-0.111919
1779541831.905881,0,1,2.733244,0.206389,6.272444,2.805115,-0.111919
1779541831.915751,0,1,2.761493,0.205557,6.263513,2.773081,-0.107517
1779541831.925443,0,1,2.789633,0.204512,6.254589,2.773081,-0.107517
1779541831.935592,0,1,2.817701,0.203221,6.245429,2.793124,-0.091465
1779541831.945452,0,1,2.845742,0.201706,6.236462,2.813989,-0.071142
1779541831.955560,0,1,2.873770,0.199936,6.227360,2.813989,-0.071142
1779541831.965095,0,1,2.901792,0.197962,6.218762,2.829993,-0.048651
1779541831.975256,0,1,2.929811,0.195828,6.211043,2.829993,-0.048651
1779541831.985143,0,1,2.957825,0.193500,6.203634,2.829993,-0.048651
1779541831.995452,0,1,2.985835,0.191026,6.197020,2.829993,-0.048651
1779541832.005508,0,1,3.013845,0.188451,6.191478,2.829993,-0.048651
1779541832.015776,0,1,3.041850,0.185742,6.186373,2.829993,-0.048651
1779541832.025578,0,1,3.069852,0.182922,6.181846,2.829993,-0.048651
1779541832.035758,0,1,3.097847,0.179966,6.177423,2.829993,-0.048651
1779541832.045075,0,1,3.125838,0.176900,6.173351,2.829993,-0.048651
1779541832.055686,0,1,3.153821,0.173699,6.169229,2.829993,-0.048651
1779541832.065554,0,1,3.181797,0.170391,6.165356,2.829993,-0.048651
1779541832.075164,0,1,3.209764,0.166952,6.161364,2.829993,-0.048651
1779541832.085289,0,1,3.237752,0.163405,6.157590,2.949284,0.055150
1779541832.095410,0,1,3.265784,0.159724,6.153693,2.949284,0.055150
1779541832.105304,0,1,3.293868,0.155959,6.150286,2.966605,0.089791
1779541832.115846,0,1,3.322004,0.152182,6.148030,2.927669,0.120014
1779541832.125517,0,1,3.350191,0.148461,6.147381,2.927669,0.120014
1779541832.135491,0,1,3.378426,0.144861,6.148659,2.897740,0.130509
1779541832.145411,0,1,3.406709,0.141446,6.152083,2.897740,0.130509
1779541832.155852,0,1,3.435035,0.138281,6.157812,2.857630,0.142665
1779541832.165128,0,1,3.463395,0.135406,6.165650,2.857630,0.142665
1779541832.175793,0,1,3.491759,0.132791,6.174661,2.825697,0.154287
1779541832.185486,0,1,3.520104,0.130466,6.184773,2.825697,0.154287
1779541832.195820,0,1,3.548397,0.128408,6.195369,2.785764,0.147986
1779541832.205185,0,1,3.576613,0.126652,6.206600,2.785764,0.147986
1779541832.215542,0,1,3.604728,0.125176,6.217979,2.745846,0.130243
1779541832.225425,0,1,3.632725,0.124014,6.229754,2.745846,0.130243
1779541832.235144,0,1,3.660645,0.123141,6.241414,2.765893,0.102313
1779541832.245135,0,1,3.688537,0.122587,6.253203,2.781971,0.088183
1779541832.255393,0,1,3.716417,0.122303,6.264446,2.781971,0.088183
1779541832.265368,0,1,3.744295,0.122219,6.274463,2.797927,0.056270
1779541832.275769,0,1,3.772178,0.122299,6.283110,2.797927,0.056270
1779541832.285635,0,1,3.800068,0.122579,0.007931,2.814915,0.022294
1779541832.295456,0,1,3.827968,0.123011,0.014915,2.814915,0.022294
1779541832.305706,0,1,3.855883,0.123526,0.020377,2.835150,-0.018174
1779541832.315655,0,1,3.883818,0.124086,0.024283,2.835150,-0.018174
1779541832.325456,0,1,3.911776,0.124723,0.027424,2.855622,-0.059119
1779541832.335505,0,1,3.939762,0.125387,0.029470,2.855622,-0.059119
1779541832.345363,0,1,3.967780,0.126009,0.029952,2.877894,-0.087807
1779541832.355585,0,1,3.995836,0.126546,0.028853,2.877894,-0.087807
1779541832.365525,0,1,4.023919,0.127029,0.026970,2.842721,-0.110537
1779541832.375474,0,1,4.052019,0.127406,0.023973,2.842721,-0.110537
1779541832.385498,0,1,4.080122,0.127602,0.019376,2.803066,-0.124692
1779541832.395730,0,1,4.108183,0.127573,0.013126,2.773783,-0.131436
1779541832.405677,0,1,4.136182,0.127350,0.006044,2.773783,-0.131436
1779541832.415441,0,1,4.164098,0.126880,6.280963,2.741906,-0.133213
1779541832.425378,0,1,4.191912,0.126116,6.271347,2.741906,-0.133213
1779541832.435695,0,1,4.219602,0.125088,6.261107,2.701752,-0.125774
1779541832.445285,0,1,4.247148,0.123769,6.250151,2.701752,-0.125774
1779541832.455096,0,1,4.274598,0.122209,6.239410,2.725712,-0.108892
1779541832.465389,0,1,4.301990,0.120449,6.229415,2.725712,-0.108892
1779541832.475768,0,1,4.329345,0.118450,6.219665,2.741741,-0.088947
1779541832.485488,0,1,4.356681,0.116232,6.210387,2.741741,-0.088947
1779541832.495603,0,1,4.383993,0.113764,6.201143,2.741741,-0.088947
1779541832.505339,0,1,4.411286,0.111097,6.192511,2.741741,-0.088947
1779541832.515704,0,1,4.438562,0.108275,6.184824,2.741741,-0.088947
1779541832.525564,0,1,4.465818,0.105264,6.177483,2.741741,-0.088947
1779541832.535388,0,1,4.493053,0.102089,6.170658,2.741741,-0.088947
1779541832.545349,0,1,4.520265,0.098721,6.163894,2.741741,-0.088947
1779541832.555644,0,1,4.547456,0.095188,6.157452,2.741741,-0.088947
1779541832.565504,0,1,4.574621,0.091463,6.150941,2.741741,-0.088947
1779541832.575360,0,1,4.601762,0.087574,6.144667,2.741741,-0.088947
1779541832.585227,0,1,4.628903,0.083492,6.138292,2.857748,0.044203
1779541832.595456,0,1,4.656072,0.079239,6.132145,2.857748,0.044203
1779541832.605098,0,1,4.683265,0.074791,6.125869,2.871253,0.071213
1779541832.615098,0,1,4.710490,0.070199,6.120077,2.871253,0.071213
1779541832.625008,0,1,4.737746,0.065535,6.115423,2.831873,0.110594
1779541832.635265,0,1,4.765027,0.060868,6.112356,2.802245,0.129195
1779541832.645116,0,1,4.792334,0.056260,6.111188,2.802245,0.129195
1779541832.655090,0,1,4.819663,0.051776,6.112138,2.762368,0.150453
1779541832.665052,0,1,4.847008,0.047480,6.115358,2.762368,0.150453
1779541832.675167,0,1,4.874351,0.043439,6.120979,2.730494,0.175366
1779541832.685505,0,1,4.901671,0.039694,6.128766,2.730494,0.175366
1779541832.695566,0,1,4.928943,0.036210,6.137725,2.698235,0.183404
1779541832.705589,0,1,4.956155,0.033041,6.148079,2.698235,0.183404
1779541832.715605,0,1,4.983291,0.030237,6.159936,2.658454,0.186934
1779541832.725029,0,1,5.010295,0.027772,6.172543,2.626134,0.182170
1779541832.735533,0,1,5.037167,0.025673,6.185917,2.626134,0.182170
1779541832.745359,0,1,5.063893,0.023913,6.199485,2.586291,0.157192
1779541832.755718,0,1,5.090466,0.022524,6.213457,2.586291,0.157192
1779541832.765571,0,1,5.116878,0.021451,6.227037,2.551338,0.127197
1779541832.775339,0,1,5.143144,0.020649,6.239734,2.571256,0.087361
1779541832.785435,0,1,5.169309,0.020157,6.252064,2.571256,0.087361
1779541832.795821,0,1,5.195405,0.019923,6.263485,2.585814,0.067460
1779541832.805624,0,1,5.221457,0.019878,6.273423,2.585814,0.067460
1779541832.815265,0,1,5.247487,0.019984,6.281831,2.601806,0.035476
1779541832.825438,0,1,5.273513,0.020277,0.006324,2.601806,0.035476
1779541832.835615,0,1,5.299540,0.020708,0.012938,2.617872,0.003345
1779541832.845383,0,1,5.325576,0.021232,0.018328,2.637941,-0.036793
1779541832.855119,0,1,5.351627,0.021882,0.023200,2.637941,-0.036793
1779541832.865407,0,1,5.377694,0.022606,0.027154,2.653856,-0.068624
1779541832.875551,0,1,5.403783,0.023334,0.029687,2.653856,-0.068624
1779541832.885278,0,1,5.429899,0.024002,0.030469,2.671350,-0.096695
1779541832.895428,0,1,5.456049,0.024547,0.029286,2.685849,-0.108867
1779541832.905435,0,1,5.482235,0.024908,0.025996,2.685849,-0.108867
1779541832.915663,0,1,5.508446,0.025050,0.020790,2.645761,-0.126220
1779541832.925393,0,1,5.534669,0.025008,0.014598,2.645761,-0.126220
1779541832.935552,0,1,5.560881,0.024759,0.007460,2.605840,-0.137383
1779541832.945413,0,1,5.587060,0.024330,6.283161,2.605840,-0.137383
1779541832.955764,0,1,5.613181,0.023666,6.274830,2.573924,-0.138360
1779541832.965468,0,1,5.639219,0.022722,6.265399,2.573924,-0.138360
1779541832.975598,0,1,5.665156,0.021529,6.255527,2.541622,-0.132912
1779541832.985522,0,1,5.690974,0.020063,6.245077,2.541622,-0.132912
1779541832.995530,0,1,5.716692,0.018350,6.234585,2.541622,-0.132912
1779541833.005535,0,1,5.742322,0.016362,6.223806,2.541622,-0.132912
1779541833.015467,0,1,5.767876,0.014124,6.213158,2.541622,-0.132912
1779541833.025341,0,1,5.793360,0.011608,6.202329,2.541622,-0.132912
1779541833.035498,0,1,5.818780,0.008840,6.191686,2.541622,-0.132912
1779541833.045511,0,1,5.844139,0.005791,6.180893,2.541622,-0.132912
1779541833.055379,0,1,5.869441,0.002490,6.170299,2.541622,-0.132912
1779541833.065252,0,1,5.894687,-0.001093,6.159558,2.541622,-0.132912
1779541833.075159,0,1,5.919879,-0.004928,6.149013,2.541622,-0.132912
1779541833.085194,0,1,5.945014,-0.009044,6.138317,2.541622,-0.132912
1779541833.095067,0,1,5.970129,-0.013417,6.127854,2.665465,0.030816
1779541833.105486,0,1,5.995251,-0.018081,6.117301,2.681509,0.062904
1779541833.115742,0,1,6.020390,-0.022983,6.107251,2.681509,0.062904
1779541833.125533,0,1,6.045556,-0.028056,6.098327,2.697524,0.094934
1779541833.135478,0,1,6.070763,-0.033240,6.090938,2.697524,0.094934
1779541833.145300,0,1,6.096013,-0.038471,6.085355,2.663806,0.128653
1779541833.155457,0,1,6.121306,-0.043691,6.081759,2.663806,0.128653
1779541833.165524,0,1,6.146643,-0.048842,6.080282,2.622236,0.170223
1779541833.175143,0,1,6.172017,-0.053861,6.081019,2.593526,0.196610
1779541833.185311,0,1,6.197431,-0.058692,6.084032,2.593526,0.196610
1779541833.195160,0,1,6.222861,-0.063269,6.089401,2.553560,0.218125
1779541833.205146,0,1,6.248287,-0.067528,6.097172,2.553560,0.218125
1779541833.215225,0,1,6.273696,-0.071408,6.107383,2.521599,0.237556
1779541833.225401,0,1,6.299072,-0.074874,6.119726,2.521599,0.237556
1779541833.235347,0,1,6.324381,-0.077965,6.133179,2.481658,0.235361
1779541833.245016,0,1,6.349609,-0.080629,6.147959,2.481658,0.235361
1779541833.255250,0,1,6.374746,-0.082824,6.164133,2.449635,0.234612
1779541833.265344,0,1,6.399739,-0.084584,6.180957,2.409633,0.208574
1779541833.275361,0,1,6.424577,-0.085883,6.198455,2.409633,0.208574
1779541833.285039,0,1,6.449260,-0.086783,6.215698,2.383121,0.182062
1779541833.295328,0,1,6.473788,-0.087331,6.232163,2.383121,0.182062
1779541833.305467,0,1,6.498205,-0.087490,6.248310,2.400264,0.142316
1779541833.315572,0,1,6.522542,-0.087314,6.263564,2.400264,0.142316
1779541833.325386,0,1,6.546831,-0.086870,6.277349,2.420385,0.102072
1779541833.335300,0,1,6.571108,-0.086195,0.006445,2.435140,0.072562
1779541833.345262,0,1,6.595378,-0.085254,0.018041,2.435140,0.072562
1779541833.355049,0,1,6.619646,-0.084094,0.028622,2.451165,0.040512
1779541833.365127,0,1,6.643916,-0.082783,0.037743,2.451165,0.040512
1779541833.375489,0,1,6.668197,-0.081384,0.045124,2.471157,0.000528
1779541833.385357,0,1,6.692496,-0.079930,0.050882,2.487177,-0.031512
1779541833.395740,0,1,6.716815,-0.078382,0.055885,2.487177,-0.031512
1779541833.405018,0,1,6.741158,-0.076785,0.059838,2.503209,-0.063575
1779541833.415181,0,1,6.765533,-0.075206,0.062314,2.503209,-0.063575
1779541833.425202,0,1,6.789946,-0.073705,0.063042,2.523149,-0.103455
1779541833.435319,0,1,6.814403,-0.072314,0.062144,2.523149,-0.103455
1779541833.445531,0,1,6.838888,-0.070996,0.060477,2.475142,-0.151462
1779541833.455036,0,1,6.863389,-0.069798,0.057739,2.475142,-0.151462
1779541833.465192,0,1,6.887887,-0.068787,0.053477,2.435178,-0.164709
1779541833.475698,0,1,6.912362,-0.068027,0.047405,2.435178,-0.164709
1779541833.485212,0,1,6.936819,-0.067574,0.039361,2.435178,-0.164709
1779541833.495401,0,1,6.961259,-0.067458,0.029548,2.435178,-0.164709
