time,ego_collision,done,x,y,theta,requested_speed,steering_angle
1779541032.664445,0,1,-0.215791,0.219007,0.041855,1.000000,-0.008430
1779541032.674613,0,1,-0.205796,0.219342,0.041279,1.000000,-0.008430
1779541032.684470,0,1,-0.195802,0.219686,0.040894,1.000000,-0.008430
1779541032.694916,0,1,-0.185808,0.220011,0.040318,1.000000,-0.008189
1779541032.704716,0,1,-0.175813,0.220345,0.039933,1.000000,-0.008189
1779541032.714508,0,1,-0.165818,0.220661,0.039357,1.000000,-0.008189
1779541032.724453,0,1,-0.155823,0.220986,0.038972,1.000000,-0.007863
1779541032.734758,0,1,-0.145828,0.221292,0.038396,1.000000,-0.007863
1779541032.744667,0,1,-0.135833,0.221607,0.038011,1.000000,-0.007671
1779541032.754596,0,1,-0.125838,0.221903,0.037435,1.000000,-0.007671
1779541032.764471,0,1,-0.115842,0.222209,0.037050,1.000000,-0.007671
1779541032.774936,0,1,-0.105846,0.222496,0.036474,1.000000,-0.007428
1779541032.784582,0,1,-0.095851,0.222791,0.036089,1.000000,-0.007428
1779541032.794669,0,1,-0.085855,0.223069,0.035513,1.000000,-0.007428
1779541032.804496,0,1,-0.075859,0.223355,0.035128,1.000000,-0.007101
1779541032.814861,0,1,-0.065862,0.223623,0.034552,1.000000,-0.007101
1779541032.824523,0,1,-0.055866,0.223899,0.034167,1.000000,-0.007101
1779541032.834250,0,1,-0.045869,0.224157,0.033591,1.000000,-0.006908
1779541032.844514,0,1,-0.035873,0.224424,0.033206,1.000000,-0.006908
1779541032.854845,0,1,-0.025876,0.224673,0.032630,1.000000,-0.006673
1779541032.864511,0,1,-0.015879,0.224930,0.032245,1.000000,-0.006673
1779541032.874541,0,1,-0.005882,0.225169,0.031669,1.000000,-0.006673
1779541032.884494,0,1,0.004115,0.225417,0.031284,1.000000,-0.006325
1779541032.894706,0,1,0.014112,0.225646,0.030708,1.000000,-0.006325
1779541032.904707,0,1,0.024109,0.225884,0.030323,1.000000,-0.006325
1779541032.914546,0,1,0.034107,0.226104,0.029747,1.000000,-0.006144
1779541032.924284,0,1,0.044104,0.226332,0.029362,1.000000,-0.006144
1779541032.934691,0,1,0.054102,0.226542,0.028786,1.000000,-0.006144
1779541032.944237,0,1,0.064100,0.226761,0.028401,1.000000,-0.006144
1779541032.954428,0,1,0.074098,0.226962,0.027825,1.000000,-0.006144
1779541032.964654,0,1,0.084095,0.227171,0.027440,1.000000,-0.006144
1779541032.974647,0,1,0.094093,0.227362,0.026864,1.000000,-0.006144
1779541032.984245,0,1,0.104091,0.227562,0.026479,1.000000,-0.006144
1779541032.994214,0,1,0.114090,0.227743,0.025903,1.000000,-0.006144
1779541033.004533,0,1,0.124088,0.227933,0.025518,1.000000,-0.006144
1779541033.014604,0,1,0.134087,0.228105,0.024942,1.000000,-0.006144
1779541033.024337,0,1,0.144085,0.228285,0.024557,1.000000,-0.006144
1779541033.034323,0,1,0.154084,0.228447,0.023981,1.000000,-0.006144
1779541033.044088,0,1,0.164082,0.228618,0.023596,1.000000,-0.006144
1779541033.054303,0,1,0.174081,0.228770,0.023020,1.000000,-0.006144
1779541033.064534,0,1,0.184080,0.228932,0.022635,1.000000,-0.006144
1779541033.074234,0,1,0.194079,0.229074,0.022059,1.000000,-0.004805
1779541033.084433,0,1,0.204077,0.229226,0.021674,1.000000,-0.004805
1779541033.094709,0,1,0.214077,0.229359,0.021098,1.000000,-0.004805
1779541033.104438,0,1,0.224076,0.229501,0.020713,1.000000,-0.003776
1779541033.114143,0,1,0.234075,0.229625,0.020137,1.000000,-0.003654
1779541033.124171,0,1,0.244074,0.229757,0.019752,1.000000,-0.003654
1779541033.134637,0,1,0.254073,0.229871,0.019176,1.000000,-0.003349
1779541033.144100,0,1,0.264072,0.229994,0.018791,1.000000,-0.003128
1779541033.154488,0,1,0.274072,0.230099,0.018215,1.000000,-0.003128
1779541033.164402,0,1,0.284071,0.230212,0.017830,1.000000,-0.002805
1779541033.174654,0,1,0.294071,0.230307,0.017254,1.000000,-0.002805
1779541033.184482,0,1,0.304070,0.230410,0.016869,1.000000,-0.002475
1779541033.194427,0,1,0.314070,0.230495,0.016293,1.000000,-0.002370
1779541033.204365,0,1,0.324069,0.230589,0.015908,1.000000,-0.002370
1779541033.214545,0,1,0.334069,0.230665,0.015332,1.000000,-0.002050
1779541033.224570,0,1,0.344069,0.230749,0.014947,1.000000,-0.002050
1779541033.234527,0,1,0.354069,0.230815,0.014371,1.000000,-0.001819
1779541033.244444,0,1,0.364068,0.230890,0.013986,1.000000,-0.001476
1779541033.254666,0,1,0.374068,0.230946,0.013410,1.000000,-0.001476
1779541033.264549,0,1,0.384068,0.231012,0.013025,1.000000,-0.001130
1779541033.274534,0,1,0.394068,0.231058,0.012449,1.000000,-0.001012
1779541033.284551,0,1,0.404068,0.231114,0.012064,1.000000,-0.001012
1779541033.294515,0,1,0.414068,0.231151,0.011488,1.000000,-0.000674
1779541033.304189,0,1,0.424067,0.231197,0.011103,1.000000,-0.000674
1779541033.314176,0,1,0.434067,0.231224,0.010527,1.000000,-0.000434
1779541033.324425,0,1,0.444067,0.231261,0.010142,1.000000,-0.000073
1779541033.334573,0,1,0.454067,0.231279,0.009566,1.000000,-0.000073
1779541033.344480,0,1,0.464067,0.231317,0.009304,1.000000,0.000277
1779541033.354561,0,1,0.474067,0.231377,0.009204,1.000000,0.000277
1779541033.364469,0,1,0.484067,0.231462,0.009287,1.000000,0.000654
1779541033.374685,0,1,0.494066,0.231594,0.009746,1.000000,0.000782
1779541033.384500,0,1,0.504065,0.231734,0.010083,1.000000,0.000782
1779541033.394548,0,1,0.514063,0.231903,0.010637,1.000000,0.001067
1779541033.404495,0,1,0.524062,0.232070,0.011012,1.000000,0.000991
1779541033.414801,0,1,0.534060,0.232258,0.011583,1.000000,0.000991
1779541033.424675,0,1,0.544059,0.232439,0.011965,1.000000,0.000312
1779541033.434506,0,1,0.554057,0.232641,0.012539,1.000000,0.000312
1779541033.444350,0,1,0.564055,0.232834,0.012924,1.000000,0.000312
1779541033.454950,0,1,0.574052,0.233046,0.013499,1.000000,0.000312
1779541033.464499,0,1,0.584050,0.233250,0.013884,1.000000,0.000312
1779541033.474452,0,1,0.594048,0.233472,0.014459,1.000000,0.000312
1779541033.484482,0,1,0.604046,0.233685,0.014844,1.000000,0.000312
1779541033.494749,0,1,0.614043,0.233917,0.015420,1.000000,0.000312
1779541033.504643,0,1,0.624040,0.234140,0.015805,1.000000,0.000312
1779541033.514415,0,1,0.634037,0.234381,0.016381,1.000000,0.000312
1779541033.524414,0,1,0.644035,0.234614,0.016766,1.000000,0.000312
1779541033.534706,0,1,0.654032,0.234865,0.017342,1.000000,0.000312
1779541033.544600,0,1,0.664029,0.235108,0.017727,1.000000,0.000312
1779541033.554548,0,1,0.674025,0.235368,0.018303,1.000000,0.000312
1779541033.564563,0,1,0.684022,0.235620,0.018688,1.000000,-0.007765
1779541033.574665,0,1,0.694018,0.235891,0.019264,1.000000,-0.008380
1779541033.584510,0,1,0.704016,0.236128,0.019403,1.000000,-0.008380
1779541033.594485,0,1,0.714014,0.236305,0.019026,1.000000,-0.008873
1779541033.604439,0,1,0.724013,0.236465,0.018721,1.000000,-0.008873
1779541033.614735,0,1,0.734012,0.236591,0.018180,1.000000,-0.010066
1779541033.624633,0,1,0.744011,0.236718,0.017811,1.000000,-0.010066
1779541033.634444,0,1,0.754011,0.236820,0.017244,1.000000,-0.010728
1779541033.644156,0,1,0.764010,0.236928,0.016863,1.000000,-0.010728
1779541033.654408,0,1,0.774010,0.237016,0.016290,1.000000,-0.011114
1779541033.664269,0,1,0.784009,0.237112,0.015906,1.000000,-0.011114
1779541033.674360,0,1,0.794009,0.237188,0.015331,1.000000,-0.011039
1779541033.684503,0,1,0.804008,0.237273,0.014946,1.000000,-0.011039
1779541033.694624,0,1,0.814008,0.237340,0.014371,1.000000,-0.011039
1779541033.704943,0,1,0.824008,0.237414,0.013985,1.000000,-0.010688
1779541033.714670,0,1,0.834008,0.237471,0.013410,1.000000,-0.010688
1779541033.725076,0,1,0.844008,0.237536,0.013025,1.000000,-0.010688
1779541033.734610,0,1,0.854007,0.237583,0.012449,1.000000,-0.010491
1779541033.744862,0,1,0.864007,0.237639,0.012064,1.000000,-0.010491
1779541033.754192,0,1,0.874007,0.237676,0.011488,1.000000,-0.010232
1779541033.764657,0,1,0.884007,0.237722,0.011103,1.000000,-0.010232
1779541033.774830,0,1,0.894007,0.237749,0.010527,1.000000,-0.010232
1779541033.784201,0,1,0.904007,0.237785,0.010142,1.000000,-0.009832
1779541033.794557,0,1,0.914007,0.237803,0.009566,1.000000,-0.009832
1779541033.804512,0,1,0.924007,0.237830,0.009181,1.000000,-0.009832
1779541033.814815,0,1,0.934007,0.237838,0.008605,1.000000,-0.009608
1779541033.824724,0,1,0.944007,0.237856,0.008220,1.000000,-0.009608
1779541033.834632,0,1,0.954007,0.237854,0.007644,1.000000,-0.009315
1779541033.844246,0,1,0.964007,0.237862,0.007259,1.000000,-0.009315
1779541033.854599,0,1,0.974007,0.237851,0.006683,1.000000,-0.009315
1779541033.864339,0,1,0.984007,0.237849,0.006298,1.000000,-0.008893
1779541033.874250,0,1,0.994007,0.237828,0.005722,1.000000,-0.008893
1779541033.884226,0,1,1.004007,0.237816,0.005337,1.000000,-0.008893
1779541033.894706,0,1,1.014007,0.237786,0.004761,1.000000,-0.008626
1779541033.904428,0,1,1.024007,0.237765,0.004376,1.000000,-0.008626
1779541033.914260,0,1,1.034007,0.237725,0.003800,1.000000,-0.008310
1779541033.924548,0,1,1.044007,0.237694,0.003415,1.000000,-0.008310
1779541033.934744,0,1,1.054006,0.237645,0.002839,1.000000,-0.008310
1779541033.944539,0,1,1.064006,0.237604,0.002454,1.000000,-0.008310
1779541033.954736,0,1,1.074006,0.237545,0.001878,1.000000,-0.008310
1779541033.964702,0,1,1.084006,0.237495,0.001493,1.000000,-0.008310
1779541033.974367,0,1,1.094006,0.237427,0.000917,1.000000,-0.008310
1779541033.984877,0,1,1.104006,0.237367,0.000532,1.000000,-0.008310
1779541033.994889,0,1,1.114005,0.237289,6.283141,1.000000,-0.008310
1779541034.004546,0,1,1.124005,0.237219,6.282756,1.000000,-0.008310
1779541034.014960,0,1,1.134005,0.237132,6.282180,1.000000,-0.008310
1779541034.024260,0,1,1.144004,0.237052,6.281795,1.000000,-0.008310
1779541034.034523,0,1,1.154004,0.236955,6.281219,1.000000,-0.008310
1779541034.044519,0,1,1.164004,0.236866,6.280834,1.000000,-0.008310
1779541034.054751,0,1,1.174003,0.236759,6.280258,1.000000,-0.008310
1779541034.064260,0,1,1.184002,0.236661,6.279873,1.000000,-0.008310
1779541034.074589,0,1,1.194002,0.236545,6.279297,1.000000,-0.008310
1779541034.084410,0,1,1.204001,0.236437,6.278912,1.000000,-0.006327
1779541034.094757,0,1,1.214000,0.236311,6.278336,1.000000,-0.005665
1779541034.104487,0,1,1.224000,0.236193,6.277951,1.000000,-0.005665
1779541034.114616,0,1,1.233999,0.236057,6.277375,1.000000,-0.005370
1779541034.124173,0,1,1.243998,0.235930,6.276990,1.000000,-0.005370
1779541034.134973,0,1,1.253997,0.235785,6.276414,1.000000,-0.005026
1779541034.144179,0,1,1.263996,0.235648,6.276029,1.000000,-0.004795
1779541034.154570,0,1,1.273995,0.235493,6.275453,1.000000,-0.004795
1779541034.164201,0,1,1.283994,0.235347,6.275068,1.000000,-0.004448
1779541034.174629,0,1,1.293992,0.235182,6.274492,1.000000,-0.004448
1779541034.184527,0,1,1.303991,0.235026,6.274107,1.000000,-0.004155
1779541034.194604,0,1,1.313990,0.234852,6.273531,1.000000,-0.004155
1779541034.204414,0,1,1.323988,0.234687,6.273146,1.000000,-0.003785
1779541034.214939,0,1,1.333986,0.234503,6.272570,1.000000,-0.003661
1779541034.224563,0,1,1.343985,0.234328,6.272185,1.000000,-0.003661
1779541034.234186,0,1,1.353983,0.234134,6.271609,1.000000,-0.003305
1779541034.244327,0,1,1.363981,0.233949,6.271224,1.000000,-0.003064
1779541034.254568,0,1,1.373979,0.233746,6.270648,1.000000,-0.003064
1779541034.264269,0,1,1.383977,0.233552,6.270263,1.000000,-0.002704
1779541034.274669,0,1,1.393975,0.233339,6.269687,1.000000,-0.002704
1779541034.284433,0,1,1.403973,0.233135,6.269302,1.000000,-0.002338
1779541034.294571,0,1,1.413971,0.232913,6.268726,1.000000,-0.002205
1779541034.304617,0,1,1.423968,0.232699,6.268341,1.000000,-0.002205
1779541034.314632,0,1,1.433966,0.232468,6.267765,1.000000,-0.001842
1779541034.324512,0,1,1.443963,0.232244,6.267380,1.000000,-0.001842
1779541034.334880,0,1,1.453960,0.232003,6.266804,1.000000,-0.001441
1779541034.344527,0,1,1.463957,0.231770,6.266419,1.000000,-0.001183
1779541034.354504,0,1,1.473954,0.231519,6.265843,1.000000,-0.001183
1779541034.364415,0,1,1.483951,0.231277,6.265458,1.000000,-0.000787
1779541034.374876,0,1,1.493948,0.231016,6.264882,1.000000,-0.000787
1779541034.384590,0,1,1.503945,0.230764,6.264497,1.000000,-0.000389
1779541034.394545,0,1,1.513941,0.230494,6.263921,1.000000,-0.000229
1779541034.404416,0,1,1.523938,0.230232,6.263536,1.000000,-0.000229
1779541034.414622,0,1,1.533934,0.229952,6.262960,1.000000,0.000170
1779541034.424499,0,1,1.543930,0.229681,6.262575,1.000000,0.000170
1779541034.434466,0,1,1.553926,0.229391,6.261999,1.000000,0.000562
1779541034.444530,0,1,1.563923,0.229135,6.261860,1.000000,0.000562
1779541034.454908,0,1,1.573921,0.228939,6.262237,1.000000,0.000562
1779541034.464616,0,1,1.583919,0.228759,6.262542,1.000000,0.000562
1779541034.474591,0,1,1.593918,0.228614,6.263083,1.000000,0.000562
1779541034.484518,0,1,1.603917,0.228468,6.263452,1.000000,0.000562
1779541034.494520,0,1,1.613916,0.228347,6.264019,1.000000,0.000562
1779541034.504521,0,1,1.623915,0.228219,6.264400,1.000000,0.000562
1779541034.514469,0,1,1.633915,0.228112,6.264973,1.000000,0.000562
1779541034.524428,0,1,1.643914,0.227997,6.265358,1.000000,0.000562
1779541034.535269,0,1,1.653914,0.227902,6.265932,1.000000,0.000562
1779541034.544591,0,1,1.663913,0.227797,6.266317,1.000000,-0.001003
1779541034.554517,0,1,1.673913,0.227712,6.266893,1.000000,-0.001003
1779541034.564609,0,1,1.683912,0.227594,6.267032,1.000000,-0.001480
1779541034.574964,0,1,1.693910,0.227415,6.266655,1.000000,-0.001892
1779541034.584576,0,1,1.703908,0.227219,6.266349,1.000000,-0.001892
1779541034.594654,0,1,1.713906,0.226990,6.265809,1.000000,-0.002940
1779541034.604462,0,1,1.723903,0.226761,6.265440,1.000000,-0.002940
1779541034.614915,0,1,1.733900,0.226508,6.264872,1.000000,-0.003780
1779541034.624596,0,1,1.743897,0.226260,6.264491,1.000000,-0.003780
1779541034.634527,0,1,1.753893,0.225993,6.263918,1.000000,-0.003678
1779541034.644397,0,1,1.763890,0.225733,6.263534,1.000000,-0.003448
1779541034.654765,0,1,1.773886,0.225454,6.262959,1.000000,-0.003448
1779541034.664201,0,1,1.783882,0.225183,6.262574,1.000000,-0.003117
1779541034.674220,0,1,1.793878,0.224894,6.261999,1.000000,-0.003117
1779541034.684191,0,1,1.803874,0.224613,6.261614,1.000000,-0.002764
1779541034.695433,0,1,1.813870,0.224314,6.261038,1.000000,-0.002404
1779541034.704275,0,1,1.823866,0.224024,6.260653,1.000000,-0.002404
1779541034.714178,0,1,1.833861,0.223715,6.260077,1.000000,-0.002243
1779541034.724574,0,1,1.843856,0.223415,6.259692,1.000000,-0.002243
1779541034.734702,0,1,1.853851,0.223097,6.259116,1.000000,-0.001867
1779541034.744625,0,1,1.863846,0.222787,6.258731,1.000000,-0.001867
1779541034.754451,0,1,1.873841,0.222459,6.258155,1.000000,-0.001500
1779541034.764535,0,1,1.883836,0.222140,6.257770,1.000000,-0.001214
1779541034.775009,0,1,1.893830,0.221802,6.257194,1.000000,-0.001214
1779541034.784503,0,1,1.903825,0.221474,6.256809,1.000000,-0.000807
1779541034.794611,0,1,1.913819,0.221127,6.256233,1.000000,-0.000807
1779541034.804438,0,1,1.923813,0.220788,6.255848,1.000000,-0.000397
1779541034.814750,0,1,1.933807,0.220431,6.255272,1.000000,-0.000243
1779541034.824256,0,1,1.943801,0.220083,6.254887,1.000000,-0.000243
1779541034.834190,0,1,1.953794,0.219717,6.254311,1.000000,0.000169
1779541034.844139,0,1,1.963787,0.219359,6.253926,1.000000,0.000447
1779541034.855160,0,1,1.973780,0.218983,6.253350,1.000000,0.000447
1779541034.864704,0,1,1.983774,0.218640,6.253211,1.000000,0.000856
1779541034.874625,0,1,1.993770,0.218358,6.253588,1.000000,0.000856
1779541034.884594,0,1,2.003767,0.218092,6.253893,1.000000,0.001327
1779541034.894710,0,1,2.013764,0.217860,6.254434,1.000000,0.001327
1779541034.904745,0,1,2.023762,0.217628,6.254803,1.000000,0.001756
1779541034.914642,0,1,2.033759,0.217420,6.255370,1.000000,0.001756
1779541034.924538,0,1,2.043757,0.217206,6.255751,1.000000,0.001364
1779541034.935087,0,1,2.053755,0.217012,6.256325,1.000000,0.001364
1779541034.944460,0,1,2.063753,0.216811,6.256709,1.000000,0.001364
1779541034.954553,0,1,2.073751,0.216629,6.257283,1.000000,0.001364
1779541034.964496,0,1,2.083750,0.216438,6.257668,1.000000,0.001364
1779541034.974776,0,1,2.093748,0.216266,6.258244,1.000000,0.001364
1779541034.984235,0,1,2.103747,0.216085,6.258629,1.000000,0.001364
1779541034.994570,0,1,2.113745,0.215923,6.259204,1.000000,0.001364
1779541035.004462,0,1,2.123744,0.215752,6.259590,1.000000,0.001364
1779541035.014855,0,1,2.133743,0.215600,6.260165,1.000000,0.001364
1779541035.024603,0,1,2.143741,0.215439,6.260551,1.000000,0.001364
1779541035.034581,0,1,2.153740,0.215296,6.261126,1.000000,-0.004325
1779541035.044495,0,1,2.163739,0.215144,6.261512,1.000000,-0.004325
1779541035.054990,0,1,2.173738,0.215011,6.262087,1.000000,-0.004387
1779541035.064587,0,1,2.183737,0.214845,6.262226,1.000000,-0.005432
1779541035.074177,0,1,2.193734,0.214618,6.261850,1.000000,-0.005432
1779541035.084240,0,1,2.203731,0.214374,6.261544,1.000000,-0.006494
1779541035.094417,0,1,2.213727,0.214097,6.261004,1.000000,-0.006950
1779541035.104256,0,1,2.223724,0.213820,6.260635,1.000000,-0.006950
1779541035.114403,0,1,2.233719,0.213519,6.260067,1.000000,-0.007877
1779541035.124201,0,1,2.243715,0.213223,6.259686,1.000000,-0.007877
1779541035.134750,0,1,2.253710,0.212908,6.259113,1.000000,-0.007779
1779541035.144181,0,1,2.263705,0.212600,6.258729,1.000000,-0.007614
1779541035.154515,0,1,2.273700,0.212273,6.258154,1.000000,-0.007614
1779541035.164264,0,1,2.283694,0.211954,6.257769,1.000000,-0.007302
1779541035.174831,0,1,2.293689,0.211617,6.257194,1.000000,-0.007302
1779541035.184620,0,1,2.303683,0.211288,6.256809,1.000000,-0.006986
1779541035.194580,0,1,2.313677,0.210941,6.256233,1.000000,-0.006657
1779541035.204468,0,1,2.323672,0.210603,6.255848,1.000000,-0.006657
1779541035.214841,0,1,2.333665,0.210246,6.255272,1.000000,-0.006511
1779541035.224225,0,1,2.343659,0.209898,6.254887,1.000000,-0.006511
1779541035.234215,0,1,2.353652,0.209532,6.254311,1.000000,-0.006209
1779541035.244578,0,1,2.363646,0.209174,6.253926,1.000000,-0.005931
1779541035.255019,0,1,2.373639,0.208798,6.253350,1.000000,-0.005931
1779541035.264182,0,1,2.383632,0.208431,6.252965,1.000000,-0.005595
1779541035.274529,0,1,2.393625,0.208045,6.252389,1.000000,-0.005230
1779541035.284573,0,1,2.403618,0.207668,6.252004,1.000000,-0.005230
1779541035.294945,0,1,2.413610,0.207273,6.251428,1.000000,-0.005090
1779541035.304617,0,1,2.423602,0.206887,6.251043,1.000000,-0.005090
1779541035.314559,0,1,2.433594,0.206482,6.250467,1.000000,-0.004717
1779541035.324558,0,1,2.443586,0.206086,6.250082,1.000000,-0.004461
1779541035.334833,0,1,2.453578,0.205672,6.249506,1.000000,-0.004461
1779541035.344591,0,1,2.463569,0.205266,6.249121,1.000000,-0.004057
1779541035.354344,0,1,2.473560,0.204842,6.248545,1.000000,-0.004057
1779541035.364510,0,1,2.483552,0.204427,6.248160,1.000000,-0.003695
1779541035.374861,0,1,2.493542,0.203993,6.247584,1.000000,-0.003695
1779541035.384269,0,1,2.503533,0.203568,6.247199,1.000000,-0.003267
1779541035.394595,0,1,2.513524,0.203125,6.246623,1.000000,-0.003112
1779541035.404536,0,1,2.523514,0.202691,6.246238,1.000000,-0.003112
1779541035.415164,0,1,2.533504,0.202238,6.245662,1.000000,-0.002720
1779541035.424615,0,1,2.543494,0.201794,6.245277,1.000000,-0.002720
1779541035.434592,0,1,2.553483,0.201331,6.244701,1.000000,-0.002270
1779541035.444469,0,1,2.563473,0.200878,6.244316,1.000000,-0.002270
1779541035.454867,0,1,2.573462,0.200406,6.243740,1.000000,-0.002270
1779541035.464740,0,1,2.583451,0.199942,6.243355,1.000000,-0.002270
1779541035.474540,0,1,2.593439,0.199461,6.242779,1.000000,-0.002270
1779541035.484390,0,1,2.603428,0.198988,6.242394,1.000000,-0.002270
1779541035.494823,0,1,2.613416,0.198497,6.241818,1.000000,-0.002270
1779541035.504684,0,1,2.623405,0.198014,6.241433,1.000000,-0.002270
1779541035.514715,0,1,2.633392,0.197514,6.240857,1.000000,-0.002270
1779541035.524219,0,1,2.643380,0.197021,6.240472,1.000000,-0.002270
1779541035.534826,0,1,2.653367,0.196511,6.239896,1.000000,-0.002270
1779541035.544307,0,1,2.663354,0.196009,6.239511,1.000000,-0.000212
1779541035.554429,0,1,2.673341,0.195489,6.238935,1.000000,-0.000212
1779541035.564415,0,1,2.683328,0.194978,6.238550,1.000000,0.000757
1779541035.575096,0,1,2.693314,0.194449,6.237974,1.000000,0.000950
1779541035.584530,0,1,2.703301,0.193952,6.237835,1.000000,0.000950
1779541035.594659,0,1,2.713292,0.193516,6.238212,1.000000,0.001437
1779541035.604636,0,1,2.723283,0.193096,6.238517,1.000000,0.001752
1779541035.614754,0,1,2.733275,0.192711,6.239058,1.000000,0.001752
1779541035.624295,0,1,2.743268,0.192325,6.239427,1.000000,0.002231
1779541035.634271,0,1,2.753261,0.191963,6.239994,1.000000,0.002231
1779541035.644234,0,1,2.763255,0.191595,6.240375,1.000000,0.001930
1779541035.655081,0,1,2.773249,0.191248,6.240949,1.000000,0.001930
1779541035.664656,0,1,2.783242,0.190893,6.241333,1.000000,0.001138
1779541035.674564,0,1,2.793237,0.190557,6.241907,1.000000,0.000787
1779541035.684447,0,1,2.803231,0.190213,6.242292,1.000000,0.000787
1779541035.694537,0,1,2.813225,0.189887,6.242868,1.000000,-0.000116
1779541035.704316,0,1,2.823220,0.189553,6.243253,1.000000,-0.000116
1779541035.714178,0,1,2.833215,0.189237,6.243828,1.000000,-0.000641
1779541035.724417,0,1,2.843209,0.188888,6.243968,1.000000,-0.001573
1779541035.734709,0,1,2.853200,0.188479,6.243591,1.000000,-0.001573
1779541035.744285,0,1,2.863191,0.188053,6.243285,1.000000,-0.002525
1779541035.754205,0,1,2.873181,0.187593,6.242745,1.000000,-0.002925
1779541035.764407,0,1,2.883170,0.187133,6.242376,1.000000,-0.002925
1779541035.774919,0,1,2.893158,0.186650,6.241808,1.000000,-0.003725
1779541035.784728,0,1,2.903147,0.186172,6.241427,1.000000,-0.003725
1779541035.794739,0,1,2.913135,0.185674,6.240854,1.000000,-0.003561
1779541035.804611,0,1,2.923123,0.185183,6.240470,1.000000,-0.003561
1779541035.815346,0,1,2.933110,0.184674,6.239895,1.000000,-0.003186
1779541035.824272,0,1,2.943097,0.184173,6.239510,1.000000,-0.003186
1779541035.834753,0,1,2.953083,0.183653,6.238935,1.000000,-0.002894
1779541035.844644,0,1,2.963070,0.183142,6.238550,1.000000,-0.002457
1779541035.854453,0,1,2.973056,0.182613,6.237974,1.000000,-0.002457
1779541035.864934,0,1,2.983043,0.182092,6.237589,1.000000,-0.002020
1779541035.874738,0,1,2.993028,0.181553,6.237013,1.000000,-0.002020
1779541035.884787,0,1,3.003014,0.181022,6.236628,1.000000,-0.001571
1779541035.894743,0,1,3.012999,0.180474,6.236052,1.000000,-0.001104
1779541035.904991,0,1,3.022984,0.179934,6.235667,1.000000,-0.001104
1779541035.915077,0,1,3.032969,0.179375,6.235091,1.000000,-0.000629
1779541035.924782,0,1,3.042954,0.178826,6.234706,1.000000,-0.000629
1779541035.935021,0,1,3.052938,0.178258,6.234130,1.000000,-0.000420
1779541035.944710,0,1,3.062922,0.177698,6.233745,1.000000,-0.000420
1779541035.954296,0,1,3.072905,0.177121,6.233169,1.000000,-0.000420
1779541035.964594,0,1,3.082889,0.176552,6.232784,1.000000,-0.000420
1779541035.974690,0,1,3.092872,0.175965,6.232208,1.000000,-0.000420
1779541035.984462,0,1,3.102855,0.175386,6.231823,1.000000,-0.000420
1779541035.994457,0,1,3.112837,0.174790,6.231247,1.000000,-0.000420
1779541036.004356,0,1,3.122820,0.174202,6.230862,1.000000,-0.000420
1779541036.014739,0,1,3.132801,0.173595,6.230286,1.000000,-0.000420
1779541036.024876,0,1,3.142784,0.172998,6.229901,1.000000,-0.000420
1779541036.034634,0,1,3.152765,0.172382,6.229325,1.000000,-0.000420
1779541036.044475,0,1,3.162746,0.171775,6.228940,1.000000,-0.000420
1779541036.054855,0,1,3.172727,0.171149,6.228364,1.000000,0.002078
1779541036.064523,0,1,3.182708,0.170532,6.227979,1.000000,0.002078
1779541036.074883,0,1,3.192687,0.169897,6.227404,1.000000,0.003159
1779541036.084652,0,1,3.202669,0.169295,6.227264,1.000000,0.003522
1779541036.095198,0,1,3.212654,0.168753,6.227641,1.000000,0.003522
1779541036.104604,0,1,3.222641,0.168228,6.227946,1.000000,0.004054
1779541036.114728,0,1,3.232629,0.167737,6.228487,1.000000,0.004054
1779541036.124778,0,1,3.242616,0.167246,6.228856,1.000000,0.004642
1779541036.135125,0,1,3.252606,0.166778,6.229423,1.000000,0.004642
1779541036.144672,0,1,3.262594,0.166305,6.229804,1.000000,0.004331
1779541036.154895,0,1,3.272584,0.165852,6.230378,1.000000,0.004331
1779541036.164704,0,1,3.282573,0.165391,6.230762,1.000000,0.003635
1779541036.174934,0,1,3.292564,0.164950,6.231336,1.000000,0.003635
1779541036.184535,0,1,3.302554,0.164500,6.231721,1.000000,0.002821
1779541036.194811,0,1,3.312544,0.164068,6.232297,1.000000,0.002821
1779541036.204648,0,1,3.322535,0.163629,6.232682,1.000000,0.001998
1779541036.214992,0,1,3.332526,0.163207,6.233257,1.000000,0.001998
1779541036.224707,0,1,3.342516,0.162777,6.233643,1.000000,0.001121
1779541036.234712,0,1,3.352508,0.162365,6.234218,1.000000,0.001121
1779541036.244485,0,1,3.362499,0.161944,6.234604,1.000000,0.000229
1779541036.254961,0,1,3.372491,0.161542,6.235179,1.000000,-0.000119
1779541036.264445,0,1,3.382482,0.161131,6.235565,1.000000,-0.000119
1779541036.274307,0,1,3.392475,0.160738,6.236140,1.000000,-0.001030
1779541036.284271,0,1,3.402466,0.160313,6.236280,1.000000,-0.001030
1779541036.294458,0,1,3.412454,0.159827,6.235903,1.000000,-0.001551
1779541036.304988,0,1,3.422441,0.159324,6.235597,1.000000,-0.002492
1779541036.314759,0,1,3.432427,0.158788,6.235057,1.000000,-0.002492
1779541036.324588,0,1,3.442412,0.158251,6.234688,1.000000,-0.003403
1779541036.334956,0,1,3.452397,0.157691,6.234120,1.000000,-0.003403
1779541036.344502,0,1,3.462381,0.157136,6.233739,1.000000,-0.003519
1779541036.354604,0,1,3.472365,0.156561,6.233166,1.000000,-0.003420
1779541036.364552,0,1,3.482349,0.155994,6.232782,1.000000,-0.003420
1779541036.375355,0,1,3.492331,0.155408,6.232207,1.000000,-0.003020
1779541036.384546,0,1,3.502315,0.154830,6.231822,1.000000,-0.003020
1779541036.394599,0,1,3.512297,0.154234,6.231247,1.000000,-0.002586
1779541036.404609,0,1,3.522280,0.153646,6.230862,1.000000,-0.002586
1779541036.414794,0,1,3.532261,0.153040,6.230286,1.000000,-0.002112
1779541036.424596,0,1,3.542243,0.152442,6.229901,1.000000,-0.001787
1779541036.434616,0,1,3.552224,0.151826,6.229325,1.000000,-0.001787
1779541036.444595,0,1,3.562206,0.151219,6.228940,1.000000,-0.001787
1779541036.454879,0,1,3.572186,0.150593,6.228364,1.000000,-0.001787
1779541036.464534,0,1,3.582167,0.149977,6.227979,1.000000,-0.001787
1779541036.474591,0,1,3.592147,0.149342,6.227403,1.000000,-0.001787
1779541036.484481,0,1,3.602127,0.148715,6.227018,1.000000,-0.001787
1779541036.494902,0,1,3.612107,0.148070,6.226442,1.000000,-0.001787
1779541036.504383,0,1,3.622086,0.147434,6.226057,1.000000,-0.001787
1779541036.514608,0,1,3.632065,0.146780,6.225482,1.000000,-0.001787
1779541036.524451,0,1,3.642044,0.146135,6.225096,1.000000,-0.001787
1779541036.534803,0,1,3.652022,0.145471,6.224521,1.000000,0.000495
1779541036.544380,0,1,3.662001,0.144816,6.224135,1.000000,0.000495
1779541036.554450,0,1,3.671978,0.144142,6.223560,1.000000,0.001488
1779541036.564295,0,1,3.681957,0.143501,6.223420,1.000000,0.001488
1779541036.574963,0,1,3.691940,0.142921,6.223797,1.000000,0.002065
1779541036.584213,0,1,3.701924,0.142358,6.224102,1.000000,0.002065
1779541036.594686,0,1,3.711910,0.141828,6.224643,1.000000,0.002410
1779541036.604460,0,1,3.721896,0.141299,6.225012,1.000000,0.002976
1779541036.614952,0,1,3.731884,0.140793,6.225579,1.000000,0.002976
1779541036.624327,0,1,3.741870,0.140281,6.225960,1.000000,0.002709
1779541036.634644,0,1,3.751858,0.139790,6.226534,1.000000,0.002709
1779541036.644504,0,1,3.761846,0.139291,6.226918,1.000000,0.001981
1779541036.654716,0,1,3.771834,0.138811,6.227492,1.000000,0.001674
1779541036.664670,0,1,3.781822,0.138322,6.227877,1.000000,0.001674
1779541036.674635,0,1,3.791811,0.137853,6.228453,1.000000,0.000838
1779541036.684554,0,1,3.801800,0.137374,6.228838,1.000000,0.000350
1779541036.695076,0,1,3.811789,0.136914,6.229413,1.000000,0.000350
1779541036.704579,0,1,3.821778,0.136446,6.229799,1.000000,-0.000511
1779541036.714659,0,1,3.831768,0.135995,6.230374,1.000000,-0.000511
1779541036.724651,0,1,3.841757,0.135513,6.230514,1.000000,-0.001390
1779541036.734989,0,1,3.851742,0.134969,6.230137,1.000000,-0.001753
1779541036.744736,0,1,3.861726,0.134408,6.229831,1.000000,-0.001753
1779541036.754645,0,1,3.871708,0.133814,6.229291,1.000000,-0.002672
1779541036.764343,0,1,3.881691,0.133220,6.228922,1.000000,-0.002672
1779541036.774779,0,1,3.891672,0.132602,6.228354,1.000000,-0.003388
1779541036.784246,0,1,3.901653,0.131990,6.227973,1.000000,-0.003388
1779541036.794271,0,1,3.911633,0.131358,6.227400,1.000000,-0.003246
1779541036.804109,0,1,3.921613,0.130733,6.227016,1.000000,-0.002863
1779541036.814813,0,1,3.931593,0.130089,6.226441,1.000000,-0.002863
1779541036.824654,0,1,3.941572,0.129454,6.226056,1.000000,-0.002396
1779541036.834526,0,1,3.951551,0.128800,6.225481,1.000000,-0.002200
1779541036.844172,0,1,3.961530,0.128154,6.225096,1.000000,-0.002200
1779541036.854558,0,1,3.971508,0.127491,6.224520,1.000000,-0.001698
1779541036.864301,0,1,3.981486,0.126836,6.224135,1.000000,-0.001698
1779541036.874644,0,1,3.991464,0.126162,6.223559,1.000000,-0.001194
1779541036.884633,0,1,4.001442,0.125497,6.223174,1.000000,-0.000845
1779541036.894820,0,1,4.011418,0.124814,6.222598,1.000000,-0.000845
1779541036.904672,0,1,4.021396,0.124140,6.222213,1.000000,-0.000305
1779541036.914705,0,1,4.031372,0.123447,6.221638,1.000000,-0.000305
1779541036.924677,0,1,4.041348,0.122763,6.221252,1.000000,0.000238
1779541036.934919,0,1,4.051323,0.122061,6.220677,1.000000,0.000238
1779541036.944268,0,1,4.061301,0.121392,6.220537,1.000000,0.000238
1779541036.954176,0,1,4.071282,0.120783,6.220914,1.000000,0.000238
1779541036.964272,0,1,4.081265,0.120191,6.221219,1.000000,0.000238
1779541036.974406,0,1,4.091249,0.119632,6.221760,1.000000,0.000238
1779541036.984308,0,1,4.101234,0.119074,6.222129,1.000000,0.000238
1779541036.994543,0,1,4.111219,0.118539,6.222696,1.000000,0.000238
1779541037.004256,0,1,4.121205,0.117999,6.223077,1.000000,0.000238
1779541037.014432,0,1,4.131191,0.117479,6.223651,1.000000,0.000238
1779541037.024328,0,1,4.141177,0.116951,6.224035,1.000000,0.000238
1779541037.034276,0,1,4.151164,0.116442,6.224609,1.000000,0.000238
1779541037.044624,0,1,4.161151,0.115925,6.224994,1.000000,0.000238
1779541037.054862,0,1,4.171138,0.115426,6.225570,1.000000,-0.000289
1779541037.064503,0,1,4.181126,0.114919,6.225955,1.000000,-0.000637
1779541037.074639,0,1,4.191114,0.114430,6.226530,1.000000,-0.000637
1779541037.084539,0,1,4.201100,0.113909,6.226670,1.000000,-0.001464
1779541037.095104,0,1,4.211083,0.113327,6.226293,1.000000,-0.001464
1779541037.104609,0,1,4.221065,0.112728,6.225987,1.000000,-0.002329
1779541037.114570,0,1,4.231045,0.112096,6.225447,1.000000,-0.002685
1779541037.124451,0,1,4.241025,0.111463,6.225078,1.000000,-0.002685
1779541037.134738,0,1,4.251003,0.110807,6.224510,1.000000,-0.003397
1779541037.144307,0,1,4.260982,0.110156,6.224129,1.000000,-0.003397
1779541037.154269,0,1,4.270960,0.109486,6.223556,1.000000,-0.003134
1779541037.164165,0,1,4.280938,0.108822,6.223172,1.000000,-0.002829
1779541037.174740,0,1,4.290914,0.108140,6.222597,1.000000,-0.002829
1779541037.184492,0,1,4.300892,0.107467,6.222212,1.000000,-0.002328
1779541037.194237,0,1,4.310868,0.106774,6.221637,1.000000,-0.002328
1779541037.204196,0,1,4.320844,0.106091,6.221252,1.000000,-0.001800
1779541037.215012,0,1,4.330820,0.105388,6.220676,1.000000,-0.001585
1779541037.224591,0,1,4.340795,0.104695,6.220291,1.000000,-0.001585
1779541037.234508,0,1,4.350770,0.103983,6.219715,1.000000,-0.001034
1779541037.244479,0,1,4.360745,0.103280,6.219330,1.000000,-0.001034
1779541037.254879,0,1,4.370719,0.102559,6.218754,1.000000,-0.000689
1779541037.264570,0,1,4.380694,0.101846,6.218369,1.000000,-0.000135
1779541037.274537,0,1,4.390667,0.101115,6.217794,1.000000,-0.000135
1779541037.284525,0,1,4.400641,0.100393,6.217408,1.000000,0.000463
1779541037.294790,0,1,4.410614,0.099652,6.216833,1.000000,0.000463
1779541037.304575,0,1,4.420588,0.098944,6.216693,1.000000,0.001049
1779541037.314670,0,1,4.430567,0.098297,6.217070,1.000000,0.001299
1779541037.324263,0,1,4.440548,0.097667,6.217375,1.000000,0.001299
1779541037.334752,0,1,4.450530,0.097070,6.217916,1.000000,0.001900
1779541037.344454,0,1,4.460512,0.096473,6.218285,1.000000,0.001900
1779541037.354514,0,1,4.470495,0.095900,6.218852,1.000000,0.002272
1779541037.364542,0,1,4.480479,0.095321,6.219233,1.000000,0.002063
1779541037.376002,0,1,4.490463,0.094763,6.219807,1.000000,0.002063
1779541037.384593,0,1,4.500447,0.094196,6.220191,1.000000,0.001387
1779541037.394620,0,1,4.510432,0.093649,6.220765,1.000000,0.001387
1779541037.404506,0,1,4.520417,0.093094,6.221150,1.000000,0.000616
1779541037.415003,0,1,4.530402,0.092557,6.221726,1.000000,0.000308
1779541037.424763,0,1,4.540387,0.092011,6.222111,1.000000,0.000308
1779541037.434647,0,1,4.550373,0.091484,6.222686,1.000000,-0.000497
1779541037.444405,0,1,4.560359,0.090948,6.223072,1.000000,-0.000497
1779541037.455204,0,1,4.570346,0.090431,6.223647,1.000000,-0.000497
1779541037.464792,0,1,4.580330,0.089881,6.223787,1.000000,-0.000497
1779541037.474735,0,1,4.590312,0.089270,6.223410,1.000000,-0.000497
1779541037.484578,0,1,4.600292,0.088642,6.223104,1.000000,-0.000497
1779541037.495145,0,1,4.610270,0.087981,6.222564,1.000000,-0.000497
1779541037.504616,0,1,4.620248,0.087320,6.222195,1.000000,-0.000497
1779541037.514521,0,1,4.630225,0.086635,6.221627,1.000000,-0.000497
1779541037.524494,0,1,4.640202,0.085955,6.221246,1.000000,-0.000497
1779541037.534508,0,1,4.650177,0.085256,6.220673,1.000000,-0.000497
1779541037.544429,0,1,4.660153,0.084564,6.220289,1.000000,-0.003347
1779541037.554628,0,1,4.670128,0.083853,6.219714,1.000000,-0.003347
1779541037.564197,0,1,4.680103,0.083151,6.219329,1.000000,-0.002519
1779541037.574896,0,1,4.690077,0.082430,6.218754,1.000000,-0.002519
1779541037.584694,0,1,4.700052,0.081717,6.218369,1.000000,-0.001963
1779541037.594671,0,1,4.710025,0.080986,6.217793,1.000000,-0.001963
1779541037.604496,0,1,4.719999,0.080264,6.217408,1.000000,-0.001397
1779541037.615303,0,1,4.729971,0.079523,6.216832,1.000000,-0.001150
1779541037.624651,0,1,4.739944,0.078792,6.216447,1.000000,-0.001150
1779541037.634611,0,1,4.749916,0.078042,6.215871,1.000000,-0.000573
1779541037.644710,0,1,4.759889,0.077300,6.215486,1.000000,-0.000573
1779541037.655129,0,1,4.769860,0.076540,6.214911,1.000000,0.000048
1779541037.664547,0,1,4.779832,0.075789,6.214525,1.000000,0.000419
1779541037.674544,0,1,4.789802,0.075020,6.213950,1.000000,0.000419
1779541037.684646,0,1,4.799775,0.074283,6.213810,1.000000,0.001043
1779541037.694860,0,1,4.809752,0.073607,6.214187,1.000000,0.001043
1779541037.704659,0,1,4.819730,0.072948,6.214492,1.000000,0.001670
1779541037.714155,0,1,4.829711,0.072322,6.215033,1.000000,0.002311
1779541037.724150,0,1,4.839691,0.071697,6.215402,1.000000,0.002311
1779541037.734842,0,1,4.849673,0.071095,6.215969,1.000000,0.002437
1779541037.744648,0,1,4.859654,0.070488,6.216350,1.000000,0.002437
1779541037.754578,0,1,4.869637,0.069900,6.216924,1.000000,0.001897
1779541037.764716,0,1,4.879619,0.069305,6.217308,1.000000,0.001510
1779541037.774887,0,1,4.889603,0.068729,6.217882,1.000000,0.001510
1779541037.784583,0,1,4.899586,0.068145,6.218267,1.000000,0.001510
1779541037.794568,0,1,4.909570,0.067579,6.218843,1.000000,0.000768
1779541037.804506,0,1,4.919553,0.067005,6.219228,1.000000,0.000026
1779541037.815046,0,1,4.929538,0.066449,6.219803,1.000000,0.000026
1779541037.824360,0,1,4.939521,0.065872,6.220066,1.000000,-0.000760
1779541037.834612,0,1,4.949503,0.065275,6.220165,1.000000,-0.000760
1779541037.844569,0,1,4.959484,0.064652,6.220082,1.000000,-0.001537
1779541037.854909,0,1,4.969461,0.063983,6.219623,1.000000,-0.001537
1779541037.864318,0,1,4.979438,0.063305,6.219286,1.000000,-0.002344
1779541037.874686,0,1,4.989413,0.062598,6.218732,1.000000,-0.002344
1779541037.884497,0,1,4.999388,0.061894,6.218357,1.000000,-0.002731
1779541037.894474,0,1,5.009362,0.061168,6.217787,1.000000,-0.002725
1779541037.904479,0,1,5.019336,0.060449,6.217404,1.000000,-0.002725
1779541037.914756,0,1,5.029309,0.059710,6.216830,1.000000,-0.002294
1779541037.924439,0,1,5.039282,0.058980,6.216446,1.000000,-0.002294
1779541037.935010,0,1,5.049254,0.058230,6.215871,1.000000,-0.001728
1779541037.944314,0,1,5.059226,0.057489,6.215486,1.000000,-0.001728
1779541037.954750,0,1,5.069198,0.056730,6.214910,1.000000,-0.001728
1779541037.964357,0,1,5.079169,0.055979,6.214525,1.000000,-0.001728
1779541037.974451,0,1,5.089140,0.055209,6.213949,1.000000,-0.001728
1779541037.984692,0,1,5.099111,0.054449,6.213564,1.000000,-0.001728
1779541037.994798,0,1,5.109080,0.053670,6.212988,1.000000,-0.001728
1779541038.004442,0,1,5.119051,0.052900,6.212603,1.000000,-0.001728
1779541038.014791,0,1,5.129019,0.052111,6.212028,1.000000,-0.001728
1779541038.024876,0,1,5.138989,0.051332,6.211642,1.000000,-0.001728
1779541038.034689,0,1,5.148957,0.050534,6.211067,1.000000,-0.001728
1779541038.044549,0,1,5.158926,0.049744,6.210681,1.000000,-0.001728
1779541038.055091,0,1,5.168893,0.048937,6.210106,1.000000,0.001795
1779541038.064672,0,1,5.178861,0.048138,6.209720,1.000000,0.001795
1779541038.074645,0,1,5.188828,0.047320,6.209145,1.000000,0.002797
1779541038.084866,0,1,5.198797,0.046536,6.209005,1.000000,0.003205
1779541038.094963,0,1,5.208771,0.045812,6.209382,1.000000,0.003205
1779541038.104342,0,1,5.218746,0.045105,6.209687,1.000000,0.003891
1779541038.114417,0,1,5.228723,0.044431,6.210228,1.000000,0.003891
1779541038.124422,0,1,5.238700,0.043758,6.210597,1.000000,0.004615
1779541038.135366,0,1,5.248679,0.043108,6.211164,1.000000,0.004615
1779541038.144538,0,1,5.258658,0.042452,6.211545,1.000000,0.004499
1779541038.154640,0,1,5.268637,0.041817,6.212119,1.000000,0.004499
1779541038.164746,0,1,5.278617,0.041174,6.212503,1.000000,0.003922
1779541038.175006,0,1,5.288597,0.040550,6.213077,1.000000,0.003256
1779541038.184981,0,1,5.298577,0.039918,6.213462,1.000000,0.003256
1779541038.194359,0,1,5.308558,0.039304,6.214038,1.000000,0.003256
1779541038.204697,0,1,5.318539,0.038682,6.214423,1.000000,0.002573
1779541038.215022,0,1,5.328521,0.038078,6.214998,1.000000,0.002302
1779541038.224763,0,1,5.338502,0.037466,6.215384,1.000000,0.002302
1779541038.234706,0,1,5.348484,0.036871,6.215959,1.000000,0.001587
1779541038.244826,0,1,5.358466,0.036268,6.216345,1.000000,0.001587
1779541038.254619,0,1,5.368449,0.035684,6.216920,1.000000,0.000852
1779541038.264840,0,1,5.378431,0.035090,6.217306,1.000000,0.000434
1779541038.274721,0,1,5.388415,0.034515,6.217881,1.000000,0.000434
1779541038.284517,0,1,5.398398,0.033932,6.218267,1.000000,-0.000316
1779541038.294393,0,1,5.408382,0.033366,6.218842,1.000000,-0.000316
1779541038.304977,0,1,5.418364,0.032768,6.218982,1.000000,-0.001051
1779541038.314748,0,1,5.428342,0.032109,6.218605,1.000000,-0.001051
1779541038.324857,0,1,5.438319,0.031434,6.218299,1.000000,-0.001813
1779541038.335038,0,1,5.448294,0.030725,6.217759,1.000000,-0.001813
1779541038.344544,0,1,5.458269,0.030015,6.217390,1.000000,-0.002587
1779541038.354761,0,1,5.468242,0.029283,6.216822,1.000000,-0.002533
1779541038.364303,0,1,5.478215,0.028555,6.216441,1.000000,-0.002533
1779541038.374297,0,1,5.488187,0.027808,6.215868,1.000000,-0.002345
1779541038.384644,0,1,5.498160,0.027068,6.215484,1.000000,-0.002345
1779541038.394728,0,1,5.508131,0.026309,6.214909,1.000000,-0.001768
1779541038.404647,0,1,5.518103,0.025559,6.214524,1.000000,-0.001768
1779541038.414859,0,1,5.528073,0.024790,6.213949,1.000000,-0.001394
1779541038.424595,0,1,5.538044,0.024029,6.213564,1.000000,-0.000765
1779541038.434751,0,1,5.548014,0.023251,6.212988,1.000000,-0.000765
1779541038.444812,0,1,5.557984,0.022481,6.212603,1.000000,-0.000765
1779541038.454486,0,1,5.567953,0.021692,6.212027,1.000000,-0.000765
1779541038.464619,0,1,5.577923,0.020912,6.211642,1.000000,-0.000765
1779541038.474763,0,1,5.587891,0.020114,6.211067,1.000000,-0.000765
1779541038.484643,0,1,5.597860,0.019325,6.210681,1.000000,-0.000765
1779541038.494594,0,1,5.607827,0.018517,6.210106,1.000000,-0.000765
1779541038.504640,0,1,5.617795,0.017718,6.209720,1.000000,-0.000765
1779541038.515101,0,1,5.627762,0.016901,6.209145,1.000000,-0.000765
1779541038.524495,0,1,5.637729,0.016093,6.208759,1.000000,-0.000765
1779541038.534644,0,1,5.647695,0.015266,6.208184,1.000000,-0.000765
1779541038.544718,0,1,5.657661,0.014448,6.207798,1.000000,0.003118
1779541038.554681,0,1,5.667626,0.013611,6.207223,1.000000,0.003118
1779541038.564628,0,1,5.677594,0.012808,6.207083,1.000000,0.004124
1779541038.574644,0,1,5.687566,0.012065,6.207460,1.000000,0.004866
1779541038.584609,0,1,5.697540,0.011338,6.207765,1.000000,0.004866
1779541038.594583,0,1,5.707516,0.010645,6.208306,1.000000,0.005194
1779541038.604601,0,1,5.717492,0.009953,6.208675,1.000000,0.005194
1779541038.614413,0,1,5.727469,0.009284,6.209242,1.000000,0.005774
1779541038.624808,0,1,5.737446,0.008609,6.209623,1.000000,0.005774
1779541038.634628,0,1,5.747425,0.007955,6.210197,1.000000,0.005387
1779541038.644416,0,1,5.757403,0.007293,6.210581,1.000000,0.005387
1779541038.654925,0,1,5.767382,0.006650,6.211155,1.000000,0.004808
1779541038.664508,0,1,5.777361,0.005998,6.211540,1.000000,0.004808
1779541038.674272,0,1,5.787341,0.005365,6.212116,1.000000,0.004193
1779541038.684630,0,1,5.797320,0.004724,6.212501,1.000000,0.003806
1779541038.694357,0,1,5.807301,0.004101,6.213076,1.000000,0.003806
1779541038.704294,0,1,5.817281,0.003469,6.213462,1.000000,0.003156
1779541038.714218,0,1,5.827262,0.002856,6.214037,1.000000,0.003156
1779541038.724358,0,1,5.837243,0.002233,6.214423,1.000000,0.002490
1779541038.734289,0,1,5.847224,0.001630,6.214998,1.000000,0.002223
1779541038.744617,0,1,5.857206,0.001017,6.215384,1.000000,0.002223
1779541038.754787,0,1,5.867188,0.000423,6.215959,1.000000,0.001529
1779541038.764693,0,1,5.877170,-0.000180,6.216345,1.000000,0.001529
1779541038.774786,0,1,5.887153,-0.000765,6.216920,1.000000,0.000852
1779541038.784768,0,1,5.897135,-0.001358,6.217306,1.000000,0.000852
1779541038.795084,0,1,5.907118,-0.001933,6.217881,1.000000,0.000146
1779541038.804581,0,1,5.917101,-0.002517,6.218267,1.000000,0.000146
1779541038.814664,0,1,5.927085,-0.003082,6.218842,1.000000,-0.000261
1779541038.824604,0,1,5.937069,-0.003656,6.219228,1.000000,-0.000983
1779541038.834593,0,1,5.947053,-0.004212,6.219803,1.000000,-0.000983
1779541038.844260,0,1,5.957036,-0.004800,6.219943,1.000000,-0.001697
1779541038.854850,0,1,5.967015,-0.005450,6.219566,1.000000,-0.001697
1779541038.864602,0,1,5.976993,-0.006116,6.219260,1.000000,-0.002427
1779541038.874687,0,1,5.986968,-0.006815,6.218720,1.000000,-0.003169
1779541038.884535,0,1,5.996944,-0.007515,6.218351,1.000000,-0.003169
1779541038.894865,0,1,6.006918,-0.008238,6.217783,1.000000,-0.003300
1779541038.904735,0,1,6.016892,-0.008956,6.217402,1.000000,-0.003300
1779541038.914631,0,1,6.026865,-0.009694,6.216829,1.000000,-0.002896
1779541038.924495,0,1,6.036838,-0.010424,6.216445,1.000000,-0.002896
1779541038.934872,0,1,6.046810,-0.011173,6.215870,1.000000,-0.002896
1779541038.944652,0,1,6.056782,-0.011914,6.215485,1.000000,-0.002896
1779541038.954525,0,1,6.066753,-0.012674,6.214910,1.000000,-0.002896
1779541038.964600,0,1,6.076725,-0.013424,6.214525,1.000000,-0.002896
1779541038.974766,0,1,6.086695,-0.014194,6.213949,1.000000,-0.002896
1779541038.984677,0,1,6.096667,-0.014954,6.213564,1.000000,-0.002896
1779541038.994536,0,1,6.106636,-0.015733,6.212988,1.000000,-0.002896
1779541039.004528,0,1,6.116606,-0.016503,6.212603,1.000000,-0.002896
1779541039.014880,0,1,6.126575,-0.017292,6.212028,1.000000,-0.002896
1779541039.024668,0,1,6.136545,-0.018071,6.211642,1.000000,-0.002896
1779541039.034659,0,1,6.146513,-0.018869,6.211067,1.000000,0.001032
1779541039.044472,0,1,6.156482,-0.019659,6.210681,1.000000,0.001633
1779541039.054786,0,1,6.166449,-0.020466,6.210106,1.000000,0.001633
1779541039.064234,0,1,6.176419,-0.021241,6.209966,1.000000,0.002378
1779541039.074368,0,1,6.186393,-0.021956,6.210343,1.000000,0.002378
1779541039.084117,0,1,6.196369,-0.022653,6.210648,1.000000,0.003132
1779541039.094463,0,1,6.206347,-0.023317,6.211189,1.000000,0.003458
1779541039.104447,0,1,6.216325,-0.023981,6.211558,1.000000,0.003458
1779541039.114220,0,1,6.226304,-0.024621,6.212125,1.000000,0.004058
1779541039.124160,0,1,6.236283,-0.025267,6.212506,1.000000,0.004058
1779541039.134487,0,1,6.246264,-0.025893,6.213080,1.000000,0.003693
1779541039.144865,0,1,6.256244,-0.026526,6.213464,1.000000,0.003354
1779541039.154580,0,1,6.266225,-0.027141,6.214038,1.000000,0.003354
1779541039.164457,0,1,6.276205,-0.027763,6.214423,1.000000,0.002749
1779541039.174698,0,1,6.286187,-0.028367,6.214999,1.000000,0.002749
1779541039.184266,0,1,6.296168,-0.028980,6.215384,1.000000,0.002142
1779541039.194619,0,1,6.306151,-0.029574,6.215959,1.000000,0.002142
1779541039.204444,0,1,6.316133,-0.030177,6.216345,1.000000,0.001493
1779541039.214566,0,1,6.326115,-0.030762,6.216920,1.000000,0.001245
1779541039.224727,0,1,6.336098,-0.031355,6.217306,1.000000,0.001245
1779541039.234417,0,1,6.346081,-0.031930,6.217881,1.000000,0.000582
1779541039.244285,0,1,6.356064,-0.032514,6.218267,1.000000,0.000582
1779541039.254408,0,1,6.366048,-0.033080,6.218842,1.000000,-0.000075
1779541039.264193,0,1,6.376032,-0.033654,6.219228,1.000000,-0.000472
1779541039.274260,0,1,6.386016,-0.034209,6.219803,1.000000,-0.000472
1779541039.284551,0,1,6.395999,-0.034798,6.219943,1.000000,-0.001144
1779541039.294627,0,1,6.405978,-0.035447,6.219566,1.000000,-0.001144
1779541039.304688,0,1,6.415956,-0.036113,6.219260,1.000000,-0.001829
1779541039.314675,0,1,6.425931,-0.036813,6.218720,1.000000,-0.001829
1779541039.324453,0,1,6.435907,-0.037512,6.218351,1.000000,-0.002526
1779541039.334472,0,1,6.445880,-0.038236,6.217783,1.000000,-0.002637
1779541039.344255,0,1,6.455855,-0.038953,6.217402,1.000000,-0.002637
1779541039.354194,0,1,6.465827,-0.039691,6.216829,1.000000,-0.002175
1779541039.364193,0,1,6.475801,-0.040421,6.216445,1.000000,-0.002175
1779541039.374296,0,1,6.485772,-0.041171,6.215870,1.000000,-0.001514
1779541039.384530,0,1,6.495745,-0.041912,6.215485,1.000000,-0.001100
1779541039.394595,0,1,6.505716,-0.042671,6.214910,1.000000,-0.001100
1779541039.404468,0,1,6.515688,-0.043422,6.214525,1.000000,-0.000380
1779541039.414222,0,1,6.525658,-0.044191,6.213949,1.000000,-0.000380
1779541039.424197,0,1,6.535629,-0.044951,6.213564,1.000000,0.000362
1779541039.434283,0,1,6.545599,-0.045730,6.212988,1.000000,0.000362
1779541039.444485,0,1,6.555571,-0.046477,6.212849,1.000000,0.000362
1779541039.454359,0,1,6.565547,-0.047162,6.213226,1.000000,0.000362
1779541039.464242,0,1,6.575525,-0.047831,6.213531,1.000000,0.000362
1779541039.474368,0,1,6.585505,-0.048466,6.214072,1.000000,0.000362
1779541039.484223,0,1,6.595485,-0.049101,6.214441,1.000000,0.000362
1779541039.494299,0,1,6.605466,-0.049713,6.215008,1.000000,0.000362
1779541039.504252,0,1,6.615447,-0.050330,6.215389,1.000000,0.000362
1779541039.514174,0,1,6.625429,-0.050927,6.215963,1.000000,0.000362
1779541039.524142,0,1,6.635411,-0.051531,6.216347,1.000000,0.000362
1779541039.534582,0,1,6.645394,-0.052117,6.216921,1.000000,0.001831
1779541039.544532,0,1,6.655376,-0.052711,6.217306,1.000000,0.001831
1779541039.554553,0,1,6.665359,-0.053286,6.217882,1.000000,0.001328
1779541039.564434,0,1,6.675342,-0.053870,6.218267,1.000000,0.000960
1779541039.574739,0,1,6.685326,-0.054436,6.218842,1.000000,0.000960
1779541039.584407,0,1,6.695310,-0.055010,6.219228,1.000000,0.000342
1779541039.594206,0,1,6.705294,-0.055566,6.219803,1.000000,0.000342
1779541039.604239,0,1,6.715278,-0.056130,6.220189,1.000000,-0.000292
1779541039.614301,0,1,6.725263,-0.056676,6.220764,1.000000,-0.000543
1779541039.624659,0,1,6.735247,-0.057255,6.220904,1.000000,-0.000543
1779541039.634213,0,1,6.745226,-0.057895,6.220527,1.000000,-0.001191
1779541039.644601,0,1,6.755205,-0.058551,6.220221,1.000000,-0.001191
1779541039.654183,0,1,6.765181,-0.059241,6.219681,1.000000,-0.001846
1779541039.664492,0,1,6.775157,-0.059931,6.219312,1.000000,-0.001846
1779541039.674486,0,1,6.785131,-0.060645,6.218744,1.000000,-0.002333
1779541039.684405,0,1,6.795106,-0.061353,6.218363,1.000000,-0.002333
1779541039.694439,0,1,6.805080,-0.062081,6.217790,1.000000,-0.002065
1779541039.704195,0,1,6.815054,-0.062802,6.217406,1.000000,-0.002065
1779541039.714185,0,1,6.825026,-0.063542,6.216831,1.000000,-0.001142
1779541039.724232,0,1,6.835000,-0.064273,6.216446,1.000000,-0.000710
1779541039.734302,0,1,6.844971,-0.065023,6.215871,1.000000,-0.000710
1779541039.744240,0,1,6.854944,-0.065764,6.215486,1.000000,0.000050
1779541039.754410,0,1,6.864915,-0.066524,6.214910,1.000000,0.000050
1779541039.764385,0,1,6.874888,-0.067263,6.214648,1.000000,0.000831
1779541039.774590,0,1,6.884862,-0.067980,6.214549,1.000000,0.000831
1779541039.784501,0,1,6.894838,-0.068674,6.214632,1.000000,0.001626
1779541039.794217,0,1,6.904817,-0.069320,6.215091,1.000000,0.001965
1779541039.804399,0,1,6.914796,-0.069957,6.215428,1.000000,0.001965
1779541039.814281,0,1,6.924778,-0.070566,6.215982,1.000000,0.002692
1779541039.824257,0,1,6.934759,-0.071178,6.216357,1.000000,0.002692
1779541039.834361,0,1,6.944742,-0.071768,6.216927,1.000000,0.002857
1779541039.844132,0,1,6.954724,-0.072364,6.217310,1.000000,0.002612
1779541039.854331,0,1,6.964707,-0.072941,6.217883,1.000000,0.002612
1779541039.864614,0,1,6.974690,-0.073526,6.218268,1.000000,0.002109
1779541039.874471,0,1,6.984674,-0.074092,6.218843,1.000000,0.002109
1779541039.884588,0,1,6.994658,-0.074666,6.219228,1.000000,0.001544
1779541039.894663,0,1,7.004642,-0.075222,6.219803,1.000000,0.001544
1779541039.904945,0,1,7.014626,-0.075787,6.220189,1.000000,0.000964
1779541039.914664,0,1,7.024611,-0.076333,6.220764,1.000000,0.000375
1779541039.924894,0,1,7.034596,-0.076888,6.221150,1.000000,0.000375
1779541039.934794,0,1,7.044581,-0.077425,6.221725,1.000000,-0.000225
1779541039.944363,0,1,7.054567,-0.077970,6.222111,1.000000,-0.000225
1779541039.954371,0,1,7.064553,-0.078497,6.222686,1.000000,-0.000225
1779541039.964223,0,1,7.074537,-0.079057,6.222826,1.000000,-0.000225
1779541039.974706,0,1,7.084518,-0.079678,6.222449,1.000000,-0.000225
1779541039.984587,0,1,7.094497,-0.080315,6.222143,1.000000,-0.000225
1779541039.994654,0,1,7.104475,-0.080986,6.221603,1.000000,-0.000225
1779541040.004212,0,1,7.114452,-0.081656,6.221234,1.000000,-0.000225
1779541040.014542,0,1,7.124428,-0.082351,6.220666,1.000000,-0.000225
1779541040.024991,0,1,7.134404,-0.083040,6.220285,1.000000,-0.000225
1779541040.034699,0,1,7.144379,-0.083749,6.219712,1.000000,-0.000225
1779541040.044443,0,1,7.154355,-0.084451,6.219328,1.000000,-0.000225
1779541040.054386,0,1,7.164329,-0.085171,6.218753,1.000000,-0.000396
1779541040.064251,0,1,7.174303,-0.085883,6.218368,1.000000,-0.000396
1779541040.074211,0,1,7.184276,-0.086614,6.217793,1.000000,-0.000122
1779541040.084473,0,1,7.194250,-0.087336,6.217408,1.000000,-0.000122
1779541040.094918,0,1,7.204223,-0.088076,6.216832,1.000000,0.000686
1779541040.104583,0,1,7.214196,-0.088808,6.216447,1.000000,0.000686
1779541040.114729,0,1,7.224168,-0.089558,6.215871,1.000000,0.000686
1779541040.124637,0,1,7.234142,-0.090276,6.215732,1.000000,0.001987
1779541040.134792,0,1,7.244120,-0.090932,6.216109,1.000000,0.001987
1779541040.144711,0,1,7.254100,-0.091572,6.216414,1.000000,0.002829
1779541040.154830,0,1,7.264082,-0.092179,6.216955,1.000000,0.002829
1779541040.164603,0,1,7.274063,-0.092785,6.217324,1.000000,0.003692
1779541040.174998,0,1,7.284046,-0.093368,6.217891,1.000000,0.003692
1779541040.184232,0,1,7.294029,-0.093956,6.218272,1.000000,0.003733
1779541040.194956,0,1,7.304013,-0.094524,6.218846,1.000000,0.003733
1779541040.204612,0,1,7.313996,-0.095100,6.219230,1.000000,0.003315
1779541040.214604,0,1,7.323981,-0.095657,6.219804,1.000000,0.003315
1779541040.224700,0,1,7.333965,-0.096222,6.220189,1.000000,0.002809
1779541040.234879,0,1,7.343950,-0.096769,6.220765,1.000000,0.002286
1779541040.244227,0,1,7.353934,-0.097324,6.221150,1.000000,0.002286
1779541040.254325,0,1,7.363920,-0.097861,6.221725,1.000000,0.002080
1779541040.264279,0,1,7.373905,-0.098406,6.222111,1.000000,0.002080
1779541040.274353,0,1,7.383891,-0.098933,6.222686,1.000000,0.001533
1779541040.284290,0,1,7.393877,-0.099469,6.223072,1.000000,0.001533
1779541040.294477,0,1,7.403863,-0.099986,6.223647,1.000000,0.001190
1779541040.304920,0,1,7.413849,-0.100512,6.224033,1.000000,0.000630
1779541040.314611,0,1,7.423836,-0.101020,6.224608,1.000000,0.000630
1779541040.324792,0,1,7.433823,-0.101537,6.224994,1.000000,0.000069
1779541040.334861,0,1,7.443811,-0.102035,6.225569,1.000000,0.000069
1779541040.344646,0,1,7.453797,-0.102554,6.225832,1.000000,-0.000506
1779541040.354609,0,1,7.463783,-0.103094,6.225931,1.000000,-0.000506
1779541040.364556,0,1,7.473767,-0.103659,6.225848,1.000000,-0.001088
1779541040.374251,0,1,7.483748,-0.104271,6.225389,1.000000,-0.001088
1779541040.384654,0,1,7.493729,-0.104892,6.225052,1.000000,-0.001676
1779541040.394682,0,1,7.503707,-0.105541,6.224498,1.000000,-0.001827
1779541040.404784,0,1,7.513687,-0.106187,6.224123,1.000000,-0.001827
1779541040.414663,0,1,7.523664,-0.106855,6.223553,1.000000,-0.001746
1779541040.424663,0,1,7.533642,-0.107517,6.223170,1.000000,-0.001746
1779541040.435052,0,1,7.543619,-0.108198,6.222596,1.000000,-0.001088
1779541040.444613,0,1,7.553596,-0.108871,6.222212,1.000000,-0.001088
1779541040.454596,0,1,7.563572,-0.109563,6.221637,1.000000,-0.001088
1779541040.464413,0,1,7.573549,-0.110247,6.221252,1.000000,-0.001088
1779541040.474798,0,1,7.583524,-0.110949,6.220676,1.000000,-0.001088
1779541040.484571,0,1,7.593500,-0.111642,6.220291,1.000000,-0.001088
1779541040.494548,0,1,7.603475,-0.112354,6.219715,1.000000,-0.001088
1779541040.504617,0,1,7.613450,-0.113057,6.219330,1.000000,-0.001088
1779541040.514495,0,1,7.623424,-0.113778,6.218754,1.000000,-0.001088
1779541040.524565,0,1,7.633399,-0.114491,6.218369,1.000000,-0.001088
1779541040.534528,0,1,7.643372,-0.115222,6.217794,1.000000,-0.001088
1779541040.544521,0,1,7.653346,-0.115944,6.217408,1.000000,0.003692
1779541040.555114,0,1,7.663318,-0.116685,6.216833,1.000000,0.003692
1779541040.564524,0,1,7.673293,-0.117393,6.216693,1.000000,0.004544
1779541040.574577,0,1,7.683272,-0.118040,6.217070,1.000000,0.004544
1779541040.584470,0,1,7.693252,-0.118670,6.217375,1.000000,0.005464
1779541040.595026,0,1,7.703234,-0.119267,6.217916,1.000000,0.005464
1779541040.604303,0,1,7.713217,-0.119864,6.218285,1.000000,0.006398
1779541040.614671,0,1,7.723200,-0.120437,6.218852,1.000000,0.006398
1779541040.624637,0,1,7.733183,-0.121016,6.219233,1.000000,0.006509
1779541040.634846,0,1,7.743168,-0.121575,6.219807,1.000000,0.006509
1779541040.644557,0,1,7.753152,-0.122141,6.220191,1.000000,0.006177
1779541040.654792,0,1,7.763137,-0.122688,6.220765,1.000000,0.005754
1779541040.664434,0,1,7.773121,-0.123243,6.221150,1.000000,0.005754
1779541040.674945,0,1,7.783107,-0.123780,6.221726,1.000000,0.005594
1779541040.684640,0,1,7.793092,-0.124326,6.222111,1.000000,0.005594
1779541040.694638,0,1,7.803078,-0.124853,6.222686,1.000000,0.005133
1779541040.704494,0,1,7.813064,-0.125389,6.223072,1.000000,0.005133
1779541040.715076,0,1,7.823050,-0.125906,6.223647,1.000000,0.004665
1779541040.724575,0,1,7.833036,-0.126433,6.224033,1.000000,0.004367
1779541040.734403,0,1,7.843023,-0.126940,6.224608,1.000000,0.004367
1779541040.744474,0,1,7.853010,-0.127457,6.224994,1.000000,0.003890
1779541040.754683,0,1,7.862998,-0.127955,6.225569,1.000000,0.003404
1779541040.764539,0,1,7.872985,-0.128462,6.225955,1.000000,0.003404
1779541040.774189,0,1,7.882973,-0.128951,6.226530,1.000000,0.003218
1779541040.784092,0,1,7.892961,-0.129448,6.226916,1.000000,0.003218
1779541040.794608,0,1,7.902949,-0.129927,6.227491,1.000000,0.002723
1779541040.804191,0,1,7.912937,-0.130415,6.227877,1.000000,0.002412
1779541040.814276,0,1,7.922926,-0.130884,6.228452,1.000000,0.002412
1779541040.824510,0,1,7.932915,-0.131363,6.228838,1.000000,0.001912
1779541040.835023,0,1,7.942904,-0.131822,6.229413,1.000000,0.001912
1779541040.844522,0,1,7.952893,-0.132291,6.229799,1.000000,0.001396
1779541040.854573,0,1,7.962883,-0.132741,6.230374,1.000000,0.001396
1779541040.864484,0,1,7.972872,-0.133200,6.230760,1.000000,0.000875
1779541040.874807,0,1,7.982863,-0.133641,6.231335,1.000000,0.000875
1779541040.884650,0,1,7.992853,-0.134090,6.231721,1.000000,0.000357
1779541040.894542,0,1,8.002843,-0.134521,6.232296,1.000000,0.000357
1779541040.904488,0,1,8.012834,-0.134961,6.232682,1.000000,-0.000174
1779541040.914757,0,1,8.022825,-0.135382,6.233257,1.000000,-0.000381
1779541040.924626,0,1,8.032814,-0.135837,6.233397,1.000000,-0.000381
1779541040.934600,0,1,8.042801,-0.136352,6.233020,1.000000,-0.000918
1779541040.944510,0,1,8.052787,-0.136883,6.232714,1.000000,-0.000918
1779541040.954860,0,1,8.062771,-0.137448,6.232174,1.000000,-0.000918
1779541040.964585,0,1,8.072755,-0.138014,6.231805,1.000000,-0.000918
1779541040.974638,0,1,8.082738,-0.138603,6.231237,1.000000,-0.000918
1779541040.984446,0,1,8.092721,-0.139186,6.230856,1.000000,-0.000918
1779541040.994695,0,1,8.102702,-0.139790,6.230283,1.000000,-0.000918
1779541041.004535,0,1,8.112684,-0.140386,6.229899,1.000000,-0.000918
1779541041.014468,0,1,8.122666,-0.141001,6.229324,1.000000,-0.000918
1779541041.024381,0,1,8.132647,-0.141608,6.228939,1.000000,-0.000918
1779541041.034711,0,1,8.142628,-0.142233,6.228364,1.000000,-0.000918
1779541041.044478,0,1,8.152609,-0.142849,6.227979,1.000000,-0.000918
1779541041.054493,0,1,8.162588,-0.143484,6.227403,1.000000,0.001470
1779541041.064440,0,1,8.172569,-0.144111,6.227018,1.000000,0.001824
1779541041.075096,0,1,8.182548,-0.144755,6.226442,1.000000,0.001824
1779541041.084489,0,1,8.192529,-0.145367,6.226303,1.000000,0.002735
1779541041.094246,0,1,8.202514,-0.145919,6.226680,1.000000,0.002735
1779541041.104442,0,1,8.212500,-0.146453,6.226985,1.000000,0.003664
1779541041.114735,0,1,8.222487,-0.146954,6.227526,1.000000,0.003664
1779541041.124474,0,1,8.232474,-0.147455,6.227895,1.000000,0.004611
1779541041.134544,0,1,8.242463,-0.147932,6.228462,1.000000,0.004611
1779541041.144547,0,1,8.252451,-0.148415,6.228843,1.000000,0.004743
1779541041.154596,0,1,8.262441,-0.148877,6.229417,1.000000,0.004416
1779541041.164570,0,1,8.272430,-0.149347,6.229801,1.000000,0.004416
1779541041.174606,0,1,8.282419,-0.149799,6.230375,1.000000,0.004269
1779541041.184420,0,1,8.292409,-0.150258,6.230760,1.000000,0.004269
1779541041.194390,0,1,8.302399,-0.150699,6.231336,1.000000,0.003844
1779541041.204217,0,1,8.312389,-0.151149,6.231721,1.000000,0.003844
1779541041.214205,0,1,8.322380,-0.151580,6.232296,1.000000,0.003401
1779541041.224125,0,1,8.332370,-0.152020,6.232682,1.000000,0.003401
1779541041.234509,0,1,8.342361,-0.152441,6.233257,1.000000,0.003112
1779541041.244211,0,1,8.352352,-0.152871,6.233643,1.000000,0.002654
1779541041.254233,0,1,8.362343,-0.153283,6.234218,1.000000,0.002654
1779541041.264160,0,1,8.372335,-0.153704,6.234604,1.000000,0.002190
1779541041.274996,0,1,8.382326,-0.154106,6.235179,1.000000,0.001719
1779541041.284528,0,1,8.392318,-0.154517,6.235565,1.000000,0.001719
1779541041.294433,0,1,8.402310,-0.154910,6.236140,1.000000,0.001545
1779541041.304467,0,1,8.412302,-0.155311,6.236526,1.000000,0.001545
1779541041.314256,0,1,8.422295,-0.155694,6.237101,1.000000,0.001070
1779541041.324528,0,1,8.432287,-0.156086,6.237487,1.000000,0.001070
1779541041.334402,0,1,8.442280,-0.156459,6.238062,1.000000,0.000763
1779541041.344565,0,1,8.452273,-0.156841,6.238448,1.000000,0.000763
1779541041.354973,0,1,8.462266,-0.157205,6.239023,1.000000,0.000104
1779541041.364267,0,1,8.472259,-0.157578,6.239409,1.000000,-0.000221
1779541041.374143,0,1,8.482253,-0.157932,6.239984,1.000000,-0.000221
1779541041.384305,0,1,8.492246,-0.158319,6.240124,1.000000,-0.000715
1779541041.394946,0,1,8.502235,-0.158767,6.239747,1.000000,-0.001216
1779541041.404226,0,1,8.512225,-0.159231,6.239441,1.000000,-0.001216
1779541041.414486,0,1,8.522212,-0.159729,6.238901,1.000000,-0.001417
1779541041.424505,0,1,8.532200,-0.160227,6.238532,1.000000,-0.001417
1779541041.434799,0,1,8.542186,-0.160749,6.237964,1.000000,-0.001762
1779541041.444321,0,1,8.552173,-0.161266,6.237583,1.000000,-0.001762
1779541041.454234,0,1,8.562158,-0.161802,6.237010,1.000000,-0.001762
1779541041.464191,0,1,8.572144,-0.162331,6.236626,1.000000,-0.001762
1779541041.474610,0,1,8.582129,-0.162879,6.236051,1.000000,-0.001762
1779541041.484169,0,1,8.592115,-0.163418,6.235666,1.000000,-0.001762
1779541041.494385,0,1,8.602099,-0.163976,6.235091,1.000000,-0.001762
1779541041.504133,0,1,8.612084,-0.164526,6.234706,1.000000,-0.001762
1779541041.514799,0,1,8.622068,-0.165094,6.234130,1.000000,-0.001762
1779541041.524325,0,1,8.632052,-0.165653,6.233745,1.000000,-0.001762
1779541041.534170,0,1,8.642036,-0.166230,6.233169,1.000000,-0.001762
1779541041.544186,0,1,8.652020,-0.166799,6.232784,1.000000,-0.001762
1779541041.554481,0,1,8.662002,-0.167386,6.232208,1.000000,-0.001762
1779541041.564188,0,1,8.671986,-0.167965,6.231823,1.000000,-0.001762
1779541041.574538,0,1,8.681968,-0.168561,6.231247,1.000000,0.004709
1779541041.584587,0,1,8.691950,-0.169149,6.230862,1.000000,0.004709
1779541041.594862,0,1,8.701932,-0.169756,6.230286,1.000000,0.005455
1779541041.604612,0,1,8.711915,-0.170329,6.230147,1.000000,0.005455
1779541041.614644,0,1,8.721902,-0.170842,6.230524,1.000000,0.006486
1779541041.624548,0,1,8.731890,-0.171338,6.230829,1.000000,0.006486
1779541041.634742,0,1,8.741879,-0.171801,6.231370,1.000000,0.007521
1779541041.644558,0,1,8.751869,-0.172263,6.231739,1.000000,0.007521
1779541041.654593,0,1,8.761859,-0.172702,6.232306,1.000000,0.008396
1779541041.664413,0,1,8.771849,-0.173146,6.232687,1.000000,0.008318
1779541041.674689,0,1,8.781840,-0.173571,6.233261,1.000000,0.008318
1779541041.684607,0,1,8.791831,-0.174002,6.233645,1.000000,0.008087
1779541041.694527,0,1,8.801822,-0.174415,6.234219,1.000000,0.008087
1779541041.704482,0,1,8.811813,-0.174836,6.234604,1.000000,0.007779
1779541041.714582,0,1,8.821805,-0.175239,6.235180,1.000000,0.007672
1779541041.724554,0,1,8.831797,-0.175650,6.235565,1.000000,0.007672
1779541041.734574,0,1,8.841789,-0.176043,6.236140,1.000000,0.007325
1779541041.744440,0,1,8.851781,-0.176444,6.236526,1.000000,0.007081
1779541041.754649,0,1,8.861774,-0.176827,6.237101,1.000000,0.007081
1779541041.764585,0,1,8.871766,-0.177219,6.237487,1.000000,0.006727
1779541041.774543,0,1,8.881759,-0.177592,6.238062,1.000000,0.006727
1779541041.784207,0,1,8.891752,-0.177975,6.238448,1.000000,0.006360
1779541041.794532,0,1,8.901745,-0.178338,6.239023,1.000000,0.006360
1779541041.804548,0,1,8.911738,-0.178711,6.239409,1.000000,0.006001
1779541041.814477,0,1,8.921732,-0.179065,6.239984,1.000000,0.005621
1779541041.824424,0,1,8.931725,-0.179428,6.240370,1.000000,0.005621
1779541041.834956,0,1,8.941719,-0.179773,6.240945,1.000000,0.005477
1779541041.844270,0,1,8.951713,-0.180126,6.241331,1.000000,0.005477
1779541041.854122,0,1,8.961707,-0.180461,6.241906,1.000000,0.005117
1779541041.864115,0,1,8.971701,-0.180805,6.242292,1.000000,0.004856
1779541041.874610,0,1,8.981696,-0.181130,6.242867,1.000000,0.004856
1779541041.884631,0,1,8.991691,-0.181464,6.243253,1.000000,0.004464
1779541041.894629,0,1,9.001686,-0.181780,6.243828,1.000000,0.004464
1779541041.904629,0,1,9.011680,-0.182105,6.244214,1.000000,0.004073
1779541041.914239,0,1,9.021676,-0.182411,6.244789,1.000000,0.003927
1779541041.924404,0,1,9.031671,-0.182726,6.245175,1.000000,0.003927
1779541041.934278,0,1,9.041666,-0.183022,6.245750,1.000000,0.003927
1779541041.944329,0,1,9.051662,-0.183328,6.246136,1.000000,0.003927
1779541041.954718,0,1,9.061657,-0.183615,6.246711,1.000000,0.003927
1779541041.964691,0,1,9.071653,-0.183911,6.247097,1.000000,0.003927
1779541041.974572,0,1,9.081649,-0.184188,6.247672,1.000000,0.003927
1779541041.984617,0,1,9.091645,-0.184474,6.248058,1.000000,0.003927
1779541041.994715,0,1,9.101642,-0.184742,6.248633,1.000000,0.003927
1779541042.004675,0,1,9.111638,-0.185018,6.249019,1.000000,0.003927
1779541042.014229,0,1,9.121634,-0.185276,6.249594,1.000000,0.003927
1779541042.024482,0,1,9.131631,-0.185543,6.249980,1.000000,0.003927
1779541042.034895,0,1,9.141628,-0.185792,6.250555,1.000000,0.003927
1779541042.044365,0,1,9.151624,-0.186049,6.250941,1.000000,0.001464
1779541042.054177,0,1,9.161621,-0.186288,6.251516,1.000000,0.001464
1779541042.064479,0,1,9.171618,-0.186536,6.251902,1.000000,0.000736
1779541042.074635,0,1,9.181616,-0.186765,6.252477,1.000000,0.000736
1779541042.084536,0,1,9.191613,-0.187003,6.252863,1.000000,0.000299
1779541042.094591,0,1,9.201611,-0.187223,6.253438,1.000000,0.000299
1779541042.104420,0,1,9.211608,-0.187451,6.253824,1.000000,-0.000131
1779541042.114389,0,1,9.221606,-0.187662,6.254399,1.000000,-0.000131
1779541042.124339,0,1,9.231603,-0.187904,6.254538,1.000000,-0.000573
1779541042.134566,0,1,9.241598,-0.188208,6.254162,1.000000,-0.000573
1779541042.144541,0,1,9.251593,-0.188529,6.253856,1.000000,-0.001031
1779541042.154863,0,1,9.261587,-0.188883,6.253316,1.000000,-0.001216
1779541042.164806,0,1,9.271580,-0.189237,6.252947,1.000000,-0.001216
1779541042.174941,0,1,9.281573,-0.189615,6.252379,1.000000,-0.001483
1779541042.184210,0,1,9.291566,-0.189987,6.251998,1.000000,-0.001483
1779541042.194834,0,1,9.301559,-0.190379,6.251425,1.000000,-0.000788
1779541042.204433,0,1,9.311551,-0.190764,6.251041,1.000000,-0.000788
1779541042.214436,0,1,9.321543,-0.191168,6.250466,1.000000,0.000141
1779541042.224536,0,1,9.331535,-0.191564,6.250081,1.000000,0.000141
1779541042.234694,0,1,9.341527,-0.191978,6.249506,1.000000,0.001063
1779541042.244388,0,1,9.351519,-0.192359,6.249367,1.000000,0.001063
1779541042.254345,0,1,9.361514,-0.192680,6.249744,1.000000,0.002066
1779541042.264232,0,1,9.371510,-0.192984,6.250049,1.000000,0.002622
1779541042.274920,0,1,9.381506,-0.193254,6.250590,1.000000,0.002622
1779541042.284521,0,1,9.391502,-0.193525,6.250959,1.000000,0.003632
1779541042.294482,0,1,9.401499,-0.193771,6.251526,1.000000,0.003632
1779541042.304595,0,1,9.411496,-0.194024,6.251907,1.000000,0.003846
1779541042.317300,0,1,9.421493,-0.194256,6.252481,1.000000,0.003784
1779541042.324593,0,1,9.431490,-0.194495,6.252865,1.000000,0.003784
1779541042.334531,0,1,9.441488,-0.194716,6.253439,1.000000,0.003480
1779541042.344493,0,1,9.451485,-0.194945,6.253824,1.000000,0.003480
1779541042.354349,0,1,9.461483,-0.195156,6.254400,1.000000,0.003246
1779541042.364230,0,1,9.471481,-0.195375,6.254785,1.000000,0.003246
1779541042.374251,0,1,9.481479,-0.195575,6.255360,1.000000,0.002806
1779541042.384526,0,1,9.491476,-0.195785,6.255746,1.000000,0.002806
1779541042.394876,0,1,9.501475,-0.195976,6.256321,1.000000,0.002386
1779541042.404616,0,1,9.511473,-0.196175,6.256707,1.000000,0.002386
1779541042.414631,0,1,9.521471,-0.196357,6.257282,1.000000,0.002129
1779541042.424464,0,1,9.531469,-0.196547,6.257668,1.000000,0.001771
1779541042.434732,0,1,9.541468,-0.196718,6.258243,1.000000,0.001771
1779541042.444575,0,1,9.551466,-0.196899,6.258629,1.000000,0.001771
1779541042.454563,0,1,9.561465,-0.197061,6.259204,1.000000,0.001771
1779541042.464372,0,1,9.571463,-0.197232,6.259590,1.000000,0.001771
1779541042.474886,0,1,9.581462,-0.197384,6.260165,1.000000,0.001771
1779541042.484509,0,1,9.591461,-0.197545,6.260551,1.000000,0.001771
1779541042.494617,0,1,9.601460,-0.197688,6.261126,1.000000,0.001771
1779541042.504462,0,1,9.611459,-0.197840,6.261512,1.000000,0.001771
1779541042.514973,0,1,9.621458,-0.197973,6.262087,1.000000,0.001771
1779541042.524503,0,1,9.631457,-0.198115,6.262473,1.000000,0.001771
1779541042.534679,0,1,9.641456,-0.198239,6.263048,1.000000,-0.000221
1779541042.544566,0,1,9.651455,-0.198371,6.263434,1.000000,-0.000221
1779541042.554662,0,1,9.661454,-0.198485,6.264009,1.000000,-0.000774
1779541042.564493,0,1,9.671453,-0.198632,6.264148,1.000000,-0.000774
1779541042.574446,0,1,9.681451,-0.198840,6.263772,1.000000,-0.001181
1779541042.584399,0,1,9.691449,-0.199064,6.263466,1.000000,-0.001181
1779541042.594716,0,1,9.701445,-0.199322,6.262926,1.000000,-0.001449
1779541042.604554,0,1,9.711442,-0.199580,6.262557,1.000000,-0.001846
1779541042.614584,0,1,9.721438,-0.199862,6.261989,1.000000,-0.001846
1779541042.624494,0,1,9.731434,-0.200138,6.261608,1.000000,-0.001457
1779541042.634816,0,1,9.741430,-0.200435,6.261035,1.000000,-0.001457
1779541042.644324,0,1,9.751426,-0.200723,6.260651,1.000000,-0.000582
1779541042.654320,0,1,9.761421,-0.201031,6.260076,1.000000,0.000415
1779541042.664242,0,1,9.771416,-0.201331,6.259691,1.000000,0.000415
1779541042.674423,0,1,9.781411,-0.201649,6.259116,1.000000,0.000834
1779541042.684212,0,1,9.791407,-0.201934,6.258977,1.000000,0.000834
1779541042.694355,0,1,9.801405,-0.202159,6.259354,1.000000,0.001865
1779541042.704439,0,1,9.811402,-0.202367,6.259659,1.000000,0.002448
1779541042.714993,0,1,9.821401,-0.202541,6.260200,1.000000,0.002448
1779541042.724589,0,1,9.831399,-0.202715,6.260569,1.000000,0.003496
1779541042.734424,0,1,9.841398,-0.202866,6.261136,1.000000,0.003496
1779541042.744400,0,1,9.851397,-0.203022,6.261517,1.000000,0.003750
1779541042.754665,0,1,9.861396,-0.203158,6.262090,1.000000,0.003724
1779541042.764567,0,1,9.871395,-0.203302,6.262475,1.000000,0.003724
1779541042.774794,0,1,9.881394,-0.203426,6.263049,1.000000,0.003478
1779541042.784177,0,1,9.891393,-0.203559,6.263434,1.000000,0.003478
1779541042.794727,0,1,9.901393,-0.203674,6.264010,1.000000,0.003163
1779541042.804506,0,1,9.911392,-0.203797,6.264395,1.000000,0.003163
1779541042.814590,0,1,9.921391,-0.203901,6.264970,1.000000,0.002821
1779541042.824514,0,1,9.931391,-0.204014,6.265356,1.000000,0.002598
1779541042.834763,0,1,9.941390,-0.204109,6.265931,1.000000,0.002598
1779541042.844465,0,1,9.951390,-0.204213,6.266317,1.000000,0.002271
1779541042.854409,0,1,9.961389,-0.204298,6.266892,1.000000,0.002271
1779541042.864416,0,1,9.971389,-0.204392,6.267278,1.000000,0.001950
1779541042.874965,0,1,9.981389,-0.204468,6.267853,1.000000,0.001950
1779541042.884557,0,1,9.991388,-0.204552,6.268239,1.000000,0.001588
1779541042.894232,0,1,10.001388,-0.204618,6.268814,1.000000,0.001588
1779541042.904504,0,1,10.011388,-0.204693,6.269200,1.000000,0.001264
1779541042.914715,0,1,10.021388,-0.204749,6.269775,1.000000,0.001136
1779541042.924588,0,1,10.031387,-0.204814,6.270161,1.000000,0.001136
1779541042.934661,0,1,10.041387,-0.204861,6.270736,1.000000,0.000813
1779541042.944434,0,1,10.051387,-0.204916,6.271122,1.000000,0.000813
1779541042.954772,0,1,10.061387,-0.204954,6.271697,1.000000,0.000813
1779541042.964419,0,1,10.071387,-0.204999,6.272083,1.000000,0.000813
1779541042.974217,0,1,10.081387,-0.205027,6.272658,1.000000,0.000813
1779541042.984364,0,1,10.091387,-0.205063,6.273044,1.000000,0.000813
1779541042.994459,0,1,10.101387,-0.205081,6.273619,1.000000,0.000813
1779541043.004550,0,1,10.111387,-0.205108,6.274005,1.000000,0.000813
1779541043.014371,0,1,10.121387,-0.205116,6.274580,1.000000,0.000813
1779541043.024229,0,1,10.131387,-0.205133,6.274966,1.000000,0.000813
1779541043.034946,0,1,10.141387,-0.205132,6.275541,1.000000,0.000813
1779541043.044313,0,1,10.151387,-0.205140,6.275927,1.000000,0.000813
1779541043.054188,0,1,10.161387,-0.205129,6.276502,1.000000,-0.000831
1779541043.064429,0,1,10.171387,-0.205127,6.276888,1.000000,-0.001631
1779541043.074614,0,1,10.181387,-0.205106,6.277463,1.000000,-0.001631
1779541043.084437,0,1,10.191387,-0.205118,6.277602,1.000000,-0.002000
1779541043.094603,0,1,10.201386,-0.205191,6.277226,1.000000,-0.002000
1779541043.104529,0,1,10.211386,-0.205281,6.276920,1.000000,-0.002375
1779541043.114876,0,1,10.221385,-0.205405,6.276380,1.000000,-0.002515
1779541043.124508,0,1,10.231384,-0.205528,6.276011,1.000000,-0.002515
1779541043.134365,0,1,10.241383,-0.205676,6.275443,1.000000,-0.002731
1779541043.144423,0,1,10.251382,-0.205817,6.275062,1.000000,-0.002317
1779541043.154689,0,1,10.261381,-0.205979,6.274489,1.000000,-0.002317
1779541043.164210,0,1,10.271380,-0.206134,6.274105,1.000000,-0.001368
1779541043.174413,0,1,10.281378,-0.206307,6.273530,1.000000,-0.001368
1779541043.184444,0,1,10.291377,-0.206472,6.273145,1.000000,-0.000379
1779541043.194657,0,1,10.301375,-0.206655,6.272570,1.000000,-0.000379
1779541043.204589,0,1,10.311374,-0.206830,6.272185,1.000000,0.000673
1779541043.214509,0,1,10.321372,-0.207024,6.271609,1.000000,0.000673
1779541043.224573,0,1,10.331371,-0.207184,6.271470,1.000000,0.001769
1779541043.234658,0,1,10.341370,-0.207284,6.271847,1.000000,0.001769
1779541043.244251,0,1,10.351370,-0.207367,6.272152,1.000000,0.002878
1779541043.254263,0,1,10.361370,-0.207417,6.272693,1.000000,0.003338
1779541043.264189,0,1,10.371369,-0.207466,6.273062,1.000000,0.003338
1779541043.274713,0,1,10.381369,-0.207492,6.273629,1.000000,0.004298
1779541043.284377,0,1,10.391369,-0.207523,6.274010,1.000000,0.004298
1779541043.294429,0,1,10.401369,-0.207534,6.274583,1.000000,0.004292
1779541043.304176,0,1,10.411369,-0.207553,6.274968,1.000000,0.004119
1779541043.314735,0,1,10.421369,-0.207552,6.275542,1.000000,0.004119
1779541043.324441,0,1,10.431369,-0.207560,6.275927,1.000000,0.003894
1779541043.334342,0,1,10.441369,-0.207550,6.276503,1.000000,0.003894
1779541043.344081,0,1,10.451369,-0.207548,6.276888,1.000000,0.003646
1779541043.354772,0,1,10.461369,-0.207527,6.277463,1.000000,0.003564
1779541043.364499,0,1,10.471369,-0.207516,6.277849,1.000000,0.003564
1779541043.374570,0,1,10.481369,-0.207486,6.278424,1.000000,0.003319
1779541043.384380,0,1,10.491369,-0.207464,6.278810,1.000000,0.003319
1779541043.394824,0,1,10.501369,-0.207425,6.279385,1.000000,0.003039
1779541043.404432,0,1,10.511369,-0.207394,6.279771,1.000000,0.002842
1779541043.414525,0,1,10.521369,-0.207344,6.280346,1.000000,0.002842
1779541043.424475,0,1,10.531369,-0.207304,6.280732,1.000000,0.002567
1779541043.434710,0,1,10.541369,-0.207245,6.281307,1.000000,0.002567
1779541043.444497,0,1,10.551369,-0.207195,6.281693,1.000000,0.002567
1779541043.454360,0,1,10.561368,-0.207126,6.282268,1.000000,0.002567
1779541043.464432,0,1,10.571368,-0.207066,6.282654,1.000000,0.002567
1779541043.474933,0,1,10.581368,-0.206988,0.000044,1.000000,0.002567
1779541043.484605,0,1,10.591368,-0.206919,0.000429,1.000000,0.002567
1779541043.494510,0,1,10.601367,-0.206831,0.001005,1.000000,0.002567
1779541043.504569,0,1,10.611367,-0.206752,0.001390,1.000000,0.002567
1779541043.514823,0,1,10.621366,-0.206655,0.001966,1.000000,0.002567
1779541043.524558,0,1,10.631366,-0.206566,0.002351,1.000000,0.002567
1779541043.534516,0,1,10.641365,-0.206459,0.002927,1.000000,0.001649
1779541043.544564,0,1,10.651365,-0.206361,0.003312,1.000000,0.001649
1779541043.554638,0,1,10.661364,-0.206244,0.003888,1.000000,0.000780
1779541043.564220,0,1,10.671364,-0.206136,0.004273,1.000000,0.000780
1779541043.574249,0,1,10.681363,-0.206010,0.004849,1.000000,0.000543
1779541043.584244,0,1,10.691362,-0.205893,0.005234,1.000000,0.000543
1779541043.594642,0,1,10.701361,-0.205757,0.005810,1.000000,0.000189
1779541043.604961,0,1,10.711360,-0.205630,0.006195,1.000000,0.000189
1779541043.614669,0,1,10.721359,-0.205484,0.006771,1.000000,-0.000030
1779541043.624745,0,1,10.731358,-0.205348,0.007156,1.000000,-0.000030
1779541043.634539,0,1,10.741357,-0.205193,0.007732,1.000000,-0.000305
1779541043.644553,0,1,10.751356,-0.205058,0.007994,1.000000,-0.000305
1779541043.654704,0,1,10.761356,-0.204957,0.007971,1.000000,-0.000659
1779541043.664725,0,1,10.771356,-0.204909,0.007534,1.000000,-0.000659
1779541043.674665,0,1,10.781356,-0.204872,0.007206,1.000000,-0.000932
1779541043.684628,0,1,10.791356,-0.204865,0.006656,1.000000,-0.001223
1779541043.694368,0,1,10.801355,-0.204857,0.006283,1.000000,-0.001223
1779541043.704844,0,1,10.811355,-0.204871,0.005714,1.000000,-0.001223
1779541043.714834,0,1,10.821355,-0.204879,0.005332,1.000000,-0.001033
1779541043.724776,0,1,10.831355,-0.204907,0.004758,1.000000,-0.000102
1779541043.734715,0,1,10.841355,-0.204927,0.004374,1.000000,-0.000102
1779541043.744261,0,1,10.851355,-0.204966,0.003799,1.000000,0.000942
1779541043.754980,0,1,10.861355,-0.204997,0.003414,1.000000,0.000942
1779541043.764950,0,1,10.871355,-0.205046,0.002839,1.000000,0.002082
1779541043.775027,0,1,10.881355,-0.205062,0.002700,1.000000,0.002082
1779541043.784626,0,1,10.891355,-0.205018,0.003076,1.000000,0.003226
1779541043.794757,0,1,10.901355,-0.204957,0.003382,1.000000,0.003226
1779541043.804619,0,1,10.911354,-0.204862,0.003923,1.000000,0.003226
1779541043.814972,0,1,10.921354,-0.204767,0.004292,1.000000,0.005116
1779541043.824671,0,1,10.931353,-0.204649,0.004859,1.000000,0.005116
1779541043.835336,0,1,10.941353,-0.204536,0.005240,1.000000,0.005426
1779541043.844604,0,1,10.951352,-0.204403,0.005813,1.000000,0.005426
1779541043.854744,0,1,10.961351,-0.204277,0.006197,1.000000,0.005329
1779541043.864506,0,1,10.971350,-0.204133,0.006772,1.000000,0.005329
1779541043.874802,0,1,10.981349,-0.203997,0.007157,1.000000,0.005293
1779541043.884751,0,1,10.991348,-0.203842,0.007732,1.000000,0.005147
1779541043.894769,0,1,11.001347,-0.203696,0.008117,1.000000,0.005147
1779541043.904502,0,1,11.011345,-0.203531,0.008693,1.000000,0.004956
1779541043.914848,0,1,11.021344,-0.203376,0.009078,1.000000,0.004956
1779541043.924552,0,1,11.031342,-0.203201,0.009654,1.000000,0.004725
1779541043.934617,0,1,11.041341,-0.203036,0.010039,1.000000,0.004725
1779541043.944480,0,1,11.051339,-0.202852,0.010615,1.000000,0.004725
1779541043.955041,0,1,11.061338,-0.202677,0.011000,1.000000,0.004725
1779541043.964562,0,1,11.071336,-0.202483,0.011576,1.000000,0.004725
1779541043.974269,0,1,11.081334,-0.202299,0.011961,1.000000,0.004725
1779541043.984574,0,1,11.091332,-0.202096,0.012537,1.000000,0.004725
1779541043.995246,0,1,11.101330,-0.201901,0.012922,1.000000,0.004725
1779541044.004419,0,1,11.111328,-0.201689,0.013498,1.000000,0.004725
1779541044.014709,0,1,11.121326,-0.201485,0.013883,1.000000,0.004725
1779541044.024616,0,1,11.131324,-0.201262,0.014459,1.000000,0.004725
1779541044.034525,0,1,11.141321,-0.201049,0.014844,1.000000,0.004725
1779541044.044605,0,1,11.151319,-0.200817,0.015420,1.000000,0.004725
1779541044.054497,0,1,11.161316,-0.200594,0.015805,1.000000,0.004064
1779541044.064537,0,1,11.171313,-0.200352,0.016381,1.000000,0.004064
1779541044.074734,0,1,11.181310,-0.200120,0.016766,1.000000,0.003134
1779541044.084750,0,1,11.191307,-0.199868,0.017342,1.000000,0.003134
1779541044.094558,0,1,11.201304,-0.199626,0.017727,1.000000,0.002907
1779541044.104406,0,1,11.211301,-0.199365,0.018303,1.000000,0.002907
1779541044.114569,0,1,11.221298,-0.199113,0.018688,1.000000,0.002706
1779541044.124531,0,1,11.231294,-0.198843,0.019264,1.000000,0.002706
1779541044.134714,0,1,11.241291,-0.198581,0.019649,1.000000,0.002503
1779541044.144229,0,1,11.251287,-0.198302,0.020225,1.000000,0.002503
1779541044.154609,0,1,11.261283,-0.198030,0.020610,1.000000,0.002258
1779541044.164259,0,1,11.271279,-0.197741,0.021186,1.000000,0.002258
1779541044.174354,0,1,11.281275,-0.197460,0.021571,1.000000,0.002073
1779541044.184474,0,1,11.291270,-0.197161,0.022147,1.000000,0.002073
1779541044.194728,0,1,11.301266,-0.196870,0.022532,1.000000,0.001817
1779541044.204564,0,1,11.311261,-0.196562,0.023108,1.000000,0.001817
1779541044.214723,0,1,11.321257,-0.196262,0.023493,1.000000,0.001765
1779541044.224507,0,1,11.331252,-0.195943,0.024069,1.000000,0.001555
1779541044.234938,0,1,11.341247,-0.195634,0.024454,1.000000,0.001555
1779541044.244484,0,1,11.351242,-0.195306,0.025030,1.000000,0.001302
1779541044.254619,0,1,11.361237,-0.194987,0.025415,1.000000,0.001302
1779541044.264540,0,1,11.371231,-0.194649,0.025991,1.000000,0.001048
1779541044.274982,0,1,11.381225,-0.194320,0.026376,1.000000,0.001048
1779541044.284577,0,1,11.391219,-0.193973,0.026952,1.000000,0.000793
1779541044.294677,0,1,11.401214,-0.193635,0.027337,1.000000,0.000793
1779541044.304695,0,1,11.411207,-0.193278,0.027913,1.000000,0.000569
1779541044.314756,0,1,11.421201,-0.192930,0.028298,1.000000,0.000569
1779541044.324765,0,1,11.431194,-0.192563,0.028874,1.000000,0.000349
1779541044.334680,0,1,11.441188,-0.192206,0.029259,1.000000,0.000091
1779541044.344604,0,1,11.451181,-0.191830,0.029835,1.000000,0.000091
1779541044.354901,0,1,11.461175,-0.191475,0.030097,1.000000,-0.000126
1779541044.364548,0,1,11.471169,-0.191141,0.030197,1.000000,-0.000126
1779541044.374499,0,1,11.481164,-0.190831,0.030114,1.000000,-0.000126
1779541044.384464,0,1,11.491161,-0.190569,0.029655,1.000000,-0.000333
1779541044.395010,0,1,11.501158,-0.190316,0.029318,1.000000,-0.000608
1779541044.404156,0,1,11.511155,-0.190091,0.028764,1.000000,-0.000608
1779541044.414188,0,1,11.521153,-0.189863,0.028388,1.000000,-0.000404
1779541044.424448,0,1,11.531150,-0.189657,0.027818,1.000000,-0.000404
1779541044.434656,0,1,11.541148,-0.189445,0.027436,1.000000,0.000420
1779541044.444520,0,1,11.551146,-0.189252,0.026862,1.000000,0.000420
1779541044.454615,0,1,11.561144,-0.189027,0.026723,1.000000,0.000420
1779541044.464627,0,1,11.571140,-0.188742,0.027101,1.000000,0.000420
1779541044.474575,0,1,11.581135,-0.188441,0.027406,1.000000,0.000420
1779541044.484551,0,1,11.591129,-0.188106,0.027947,1.000000,0.000420
1779541044.494279,0,1,11.601124,-0.187771,0.028317,1.000000,0.000420
1779541044.504513,0,1,11.611117,-0.187412,0.028884,1.000000,0.000420
1779541044.514501,0,1,11.621111,-0.187059,0.029265,1.000000,0.000420
1779541044.524566,0,1,11.631104,-0.186685,0.029838,1.000000,0.000420
1779541044.534566,0,1,11.641097,-0.186320,0.030222,1.000000,0.000420
1779541044.544899,0,1,11.651090,-0.185935,0.030797,1.000000,0.000420
1779541044.554634,0,1,11.661083,-0.185559,0.031182,1.000000,0.000420
1779541044.564538,0,1,11.671075,-0.185164,0.031757,1.000000,0.004891
1779541044.574367,0,1,11.681068,-0.184778,0.032142,1.000000,0.003934
1779541044.584454,0,1,11.691060,-0.184373,0.032718,1.000000,0.003934
1779541044.594560,0,1,11.701052,-0.183977,0.033103,1.000000,0.003817
1779541044.604641,0,1,11.711043,-0.183563,0.033679,1.000000,0.003817
1779541044.614340,0,1,11.721035,-0.183157,0.034064,1.000000,0.003632
1779541044.624528,0,1,11.731026,-0.182733,0.034640,1.000000,0.003632
1779541044.634558,0,1,11.741017,-0.182318,0.035025,1.000000,0.003534
1779541044.644330,0,1,11.751008,-0.181884,0.035601,1.000000,0.003534
1779541044.654236,0,1,11.760999,-0.181459,0.035986,1.000000,0.003294
1779541044.664254,0,1,11.770989,-0.181016,0.036562,1.000000,0.003294
1779541044.674601,0,1,11.780979,-0.180582,0.036947,1.000000,0.003269
1779541044.684555,0,1,11.790969,-0.180129,0.037523,1.000000,0.003147
1779541044.694487,0,1,11.800959,-0.179685,0.037908,1.000000,0.003147
1779541044.704715,0,1,11.810949,-0.179222,0.038484,1.000000,0.002926
1779541044.714372,0,1,11.820938,-0.178769,0.038869,1.000000,0.002926
1779541044.724080,0,1,11.830927,-0.178297,0.039445,1.000000,0.002814
1779541044.734322,0,1,11.840916,-0.177834,0.039830,1.000000,0.002612
1779541044.744677,0,1,11.850905,-0.177352,0.040406,1.000000,0.002612
1779541044.754202,0,1,11.860894,-0.176879,0.040791,1.000000,0.002448
1779541044.764663,0,1,11.870882,-0.176388,0.041367,1.000000,0.002448
1779541044.774239,0,1,11.880870,-0.175905,0.041752,1.000000,0.002320
1779541044.784820,0,1,11.890857,-0.175405,0.042328,1.000000,0.002268
1779541044.794559,0,1,11.900845,-0.174913,0.042713,1.000000,0.002268
1779541044.804449,0,1,11.910832,-0.174402,0.043289,1.000000,0.002121
1779541044.814374,0,1,11.920820,-0.173901,0.043674,1.000000,0.002121
1779541044.824817,0,1,11.930806,-0.173381,0.044250,1.000000,0.001898
1779541044.834573,0,1,11.940793,-0.172869,0.044635,1.000000,0.001898
1779541044.844523,0,1,11.950779,-0.172340,0.045211,1.000000,0.001744
1779541044.854998,0,1,11.960765,-0.171819,0.045596,1.000000,0.001595
1779541044.864570,0,1,11.970751,-0.171280,0.046172,1.000000,0.001595
1779541044.874441,0,1,11.980737,-0.170749,0.046557,1.000000,0.001399
1779541044.884424,0,1,11.990722,-0.170201,0.047133,1.000000,0.001399
1779541044.894687,0,1,12.000707,-0.169661,0.047518,1.000000,0.001220
1779541044.904578,0,1,12.010691,-0.169102,0.048094,1.000000,0.001220
1779541044.914598,0,1,12.020676,-0.168553,0.048479,1.000000,0.001071
1779541044.924537,0,1,12.030660,-0.167985,0.049055,1.000000,0.001071
1779541044.934922,0,1,12.040645,-0.167425,0.049440,1.000000,0.001016
1779541044.944492,0,1,12.050628,-0.166848,0.050016,1.000000,0.001016
1779541044.954551,0,1,12.060612,-0.166279,0.050401,1.000000,0.001016
1779541044.964151,0,1,12.070594,-0.165692,0.050977,1.000000,0.001016
1779541044.974344,0,1,12.080578,-0.165113,0.051362,1.000000,0.001016
1779541044.984257,0,1,12.090560,-0.164517,0.051938,1.000000,0.001016
1779541044.994556,0,1,12.100543,-0.163929,0.052323,1.000000,0.001016
1779541045.004549,0,1,12.110524,-0.163322,0.052899,1.000000,0.001016
1779541045.014541,0,1,12.120506,-0.162725,0.053284,1.000000,0.001016
1779541045.024473,0,1,12.130487,-0.162109,0.053860,1.000000,0.001016
1779541045.034399,0,1,12.140469,-0.161502,0.054245,1.000000,0.001016
1779541045.044687,0,1,12.150449,-0.160876,0.054821,1.000000,0.000818
1779541045.054445,0,1,12.160430,-0.160259,0.055206,1.000000,0.000818
1779541045.064360,0,1,12.170410,-0.159624,0.055782,1.000000,-0.000247
1779541045.074250,0,1,12.180390,-0.158998,0.056167,1.000000,-0.000247
1779541045.084291,0,1,12.190370,-0.158353,0.056743,1.000000,-0.000453
1779541045.094556,0,1,12.200351,-0.157741,0.056882,1.000000,-0.000626
1779541045.104377,0,1,12.210336,-0.157190,0.056505,1.000000,-0.000626
1779541045.114473,0,1,12.220321,-0.156655,0.056200,1.000000,-0.000766
1779541045.125637,0,1,12.230309,-0.156154,0.055659,1.000000,-0.000766
1779541045.134207,0,1,12.240296,-0.155653,0.055290,1.000000,-0.001001
1779541045.144094,0,1,12.250285,-0.155176,0.054723,1.000000,-0.001001
1779541045.154122,0,1,12.260273,-0.154694,0.054342,1.000000,-0.000869
1779541045.164163,0,1,12.270262,-0.154231,0.053769,1.000000,0.000153
1779541045.174623,0,1,12.280251,-0.153761,0.053385,1.000000,0.000153
1779541045.184216,0,1,12.290241,-0.153310,0.052810,1.000000,0.001300
1779541045.194472,0,1,12.300229,-0.152826,0.052671,1.000000,0.001300
1779541045.204571,0,1,12.310215,-0.152282,0.053048,1.000000,0.002545
1779541045.214421,0,1,12.320199,-0.151721,0.053354,1.000000,0.003222
1779541045.224300,0,1,12.330181,-0.151127,0.053894,1.000000,0.003222
1779541045.234267,0,1,12.340163,-0.150533,0.054264,1.000000,0.004500
1779541045.244384,0,1,12.350144,-0.149915,0.054831,1.000000,0.004927
1779541045.254364,0,1,12.360126,-0.149303,0.055212,1.000000,0.004927
1779541045.264434,0,1,12.370106,-0.148671,0.055785,1.000000,0.005082
1779541045.274559,0,1,12.380086,-0.148046,0.056169,1.000000,0.005082
1779541045.284137,0,1,12.390065,-0.147402,0.056744,1.000000,0.005059
1779541045.294228,0,1,12.400045,-0.146767,0.057129,1.000000,0.004940
1779541045.304322,0,1,12.410024,-0.146113,0.057704,1.000000,0.004940
1779541045.314291,0,1,12.420003,-0.145467,0.058089,1.000000,0.004860
1779541045.324180,0,1,12.429981,-0.144804,0.058665,1.000000,0.004860
1779541045.334592,0,1,12.439959,-0.144148,0.059050,1.000000,0.004828
1779541045.344537,0,1,12.449937,-0.143475,0.059626,1.000000,0.004818
1779541045.354540,0,1,12.459914,-0.142810,0.060011,1.000000,0.004818
1779541045.364315,0,1,12.469891,-0.142127,0.060587,1.000000,0.004730
1779541045.374432,0,1,12.479868,-0.141453,0.060972,1.000000,0.004730
1779541045.384856,0,1,12.489844,-0.140760,0.061548,1.000000,0.004643
1779541045.394582,0,1,12.499821,-0.140076,0.061933,1.000000,0.004507
1779541045.404387,0,1,12.509796,-0.139374,0.062509,1.000000,0.004507
1779541045.414404,0,1,12.519772,-0.138681,0.062894,1.000000,0.004445
1779541045.424608,0,1,12.529747,-0.137969,0.063470,1.000000,0.004445
1779541045.434526,0,1,12.539722,-0.137266,0.063855,1.000000,0.004399
1779541045.444330,0,1,12.549696,-0.136544,0.064431,1.000000,0.004399
1779541045.454349,0,1,12.559670,-0.135832,0.064816,1.000000,0.004399
1779541045.464563,0,1,12.569644,-0.135101,0.065392,1.000000,0.004399
1779541045.474408,0,1,12.579618,-0.134378,0.065777,1.000000,0.004399
1779541045.484385,0,1,12.589590,-0.133638,0.066353,1.000000,0.004399
1779541045.494704,0,1,12.599563,-0.132906,0.066738,1.000000,0.004399
1779541045.504584,0,1,12.609535,-0.132156,0.067314,1.000000,0.004399
1779541045.514624,0,1,12.619508,-0.131414,0.067699,1.000000,0.004399
1779541045.524231,0,1,12.629479,-0.130655,0.068275,1.000000,0.004399
1779541045.534632,0,1,12.639450,-0.129904,0.068660,1.000000,0.004399
1779541045.544521,0,1,12.649421,-0.129134,0.069236,1.000000,0.004784
1779541045.554537,0,1,12.659392,-0.128374,0.069621,1.000000,0.004784
1779541045.564420,0,1,12.669361,-0.127595,0.070197,1.000000,0.003846
1779541045.574424,0,1,12.679332,-0.126825,0.070582,1.000000,0.003846
1779541045.584087,0,1,12.689301,-0.126036,0.071158,1.000000,0.003792
1779541045.594198,0,1,12.699270,-0.125256,0.071543,1.000000,0.003634
1779541045.604585,0,1,12.709238,-0.124458,0.072119,1.000000,0.003634
1779541045.614412,0,1,12.719207,-0.123669,0.072504,1.000000,0.003550
1779541045.624310,0,1,12.729174,-0.122861,0.073080,1.000000,0.003550
1779541045.634688,0,1,12.739142,-0.122062,0.073465,1.000000,0.003563
1779541045.644476,0,1,12.749109,-0.121245,0.074041,1.000000,0.003563
1779541045.654341,0,1,12.759076,-0.120437,0.074426,1.000000,0.003483
1779541045.664398,0,1,12.769042,-0.119610,0.075002,1.000000,0.003483
1779541045.674281,0,1,12.779008,-0.118792,0.075387,1.000000,0.003284
1779541045.684324,0,1,12.788973,-0.117956,0.075963,1.000000,0.003284
1779541045.694742,0,1,12.798939,-0.117128,0.076348,1.000000,0.003224
1779541045.704508,0,1,12.808903,-0.116282,0.076924,1.000000,0.003224
1779541045.714617,0,1,12.818868,-0.115445,0.077309,1.000000,0.003199
1779541045.724483,0,1,12.828831,-0.114589,0.077885,1.000000,0.003199
1779541045.734728,0,1,12.838795,-0.113742,0.078270,1.000000,0.003144
1779541045.744447,0,1,12.848758,-0.112877,0.078846,1.000000,0.003065
1779541045.754304,0,1,12.858721,-0.112021,0.079231,1.000000,0.003065
1779541045.764781,0,1,12.868683,-0.111146,0.079807,1.000000,0.003065
1779541045.774569,0,1,12.878645,-0.110280,0.080192,1.000000,0.002900
1779541045.784723,0,1,12.888606,-0.109396,0.080768,1.000000,0.002900
1779541045.794772,0,1,12.898568,-0.108521,0.081153,1.000000,0.002900
1779541045.804497,0,1,12.908528,-0.107627,0.081729,1.000000,0.002867
1779541045.814878,0,1,12.918488,-0.106742,0.082114,1.000000,0.002867
1779541045.824687,0,1,12.928448,-0.105838,0.082690,1.000000,0.002867
1779541045.834942,0,1,12.938407,-0.104944,0.083075,1.000000,0.002770
1779541045.844596,0,1,12.948366,-0.104031,0.083651,1.000000,0.002770
1779541045.854838,0,1,12.958325,-0.103126,0.084036,1.000000,0.002576
1779541045.864579,0,1,12.968282,-0.102204,0.084612,1.000000,0.002576
1779541045.874182,0,1,12.978240,-0.101290,0.084997,1.000000,0.002576
1779541045.884415,0,1,12.988197,-0.100358,0.085573,1.000000,0.002493
1779541045.894579,0,1,12.998154,-0.099435,0.085958,1.000000,0.002493
1779541045.904982,0,1,13.008110,-0.098493,0.086534,1.000000,0.002493
1779541045.914533,0,1,13.018066,-0.097560,0.086919,1.000000,0.002309
1779541045.924513,0,1,13.028021,-0.096609,0.087495,1.000000,0.002309
1779541045.935666,0,1,13.037976,-0.095666,0.087880,1.000000,0.002309
1779541045.944113,0,1,13.047930,-0.094705,0.088456,1.000000,0.002309
1779541045.954867,0,1,13.057884,-0.093753,0.088841,1.000000,0.002309
1779541045.964507,0,1,13.067837,-0.092783,0.089417,1.000000,0.002309
1779541045.974754,0,1,13.077791,-0.091821,0.089802,1.000000,0.002309
1779541045.984572,0,1,13.087743,-0.090841,0.090378,1.000000,0.002309
1779541045.994627,0,1,13.097695,-0.089870,0.090763,1.000000,0.002309
1779541046.004183,0,1,13.107646,-0.088881,0.091339,1.000000,0.002309
1779541046.014626,0,1,13.117598,-0.087900,0.091724,1.000000,0.002309
1779541046.024481,0,1,13.127548,-0.086901,0.092300,1.000000,0.002309
1779541046.034731,0,1,13.137499,-0.085910,0.092685,1.000000,0.002309
1779541046.044204,0,1,13.147448,-0.084902,0.093261,1.000000,0.002309
1779541046.054527,0,1,13.157398,-0.083902,0.093646,1.000000,0.002309
1779541046.064555,0,1,13.167346,-0.082884,0.094222,1.000000,0.002309
1779541046.074925,0,1,13.177295,-0.081874,0.094607,1.000000,0.002309
1779541046.084503,0,1,13.187242,-0.080847,0.095183,1.000000,0.002309
1779541046.094480,0,1,13.197190,-0.079828,0.095568,1.000000,0.003082
1779541046.104458,0,1,13.207136,-0.078790,0.096144,1.000000,0.003082
1779541046.114976,0,1,13.217083,-0.077762,0.096529,1.000000,0.001353
1779541046.124497,0,1,13.227028,-0.076715,0.097105,1.000000,0.001353
1779541046.134810,0,1,13.236974,-0.075677,0.097490,1.000000,0.001232
1779541046.144479,0,1,13.246918,-0.074620,0.098066,1.000000,0.001232
1779541046.154643,0,1,13.256863,-0.073573,0.098451,1.000000,0.001154
1779541046.164445,0,1,13.266806,-0.072507,0.099027,1.000000,0.001154
1779541046.174520,0,1,13.276750,-0.071449,0.099412,1.000000,0.001062
1779541046.184598,0,1,13.286692,-0.070374,0.099988,1.000000,0.001062
1779541046.194577,0,1,13.296635,-0.069307,0.100373,1.000000,0.001034
1779541046.204828,0,1,13.306576,-0.068222,0.100949,1.000000,0.000936
1779541046.214527,0,1,13.316517,-0.067146,0.101334,1.000000,0.000936
1779541046.224128,0,1,13.326457,-0.066051,0.101910,1.000000,0.000955
1779541046.234674,0,1,13.336398,-0.064965,0.102295,1.000000,0.000955
1779541046.244832,0,1,13.346337,-0.063861,0.102871,1.000000,0.000781
1779541046.254712,0,1,13.356277,-0.062765,0.103256,1.000000,0.000781
1779541046.264498,0,1,13.366215,-0.061652,0.103832,1.000000,0.000733
1779541046.274736,0,1,13.376153,-0.060547,0.104217,1.000000,0.000733
1779541046.284586,0,1,13.386090,-0.059423,0.104793,1.000000,0.000733
1779541046.294552,0,1,13.396028,-0.058309,0.105178,1.000000,0.000683
1779541046.304284,0,1,13.405963,-0.057176,0.105754,1.000000,0.000683
1779541046.314498,0,1,13.415900,-0.056052,0.106139,1.000000,0.000683
1779541046.324203,0,1,13.425835,-0.054910,0.106715,1.000000,0.000643
1779541046.334752,0,1,13.435770,-0.053776,0.107100,1.000000,0.000643
1779541046.344925,0,1,13.445703,-0.052624,0.107676,1.000000,0.000428
1779541046.354429,0,1,13.455638,-0.051481,0.108061,1.000000,0.000428
1779541046.364144,0,1,13.465570,-0.050319,0.108637,1.000000,0.000428
1779541046.374544,0,1,13.475504,-0.049166,0.109022,1.000000,0.000347
1779541046.384748,0,1,13.485435,-0.047995,0.109598,1.000000,0.000347
1779541046.394576,0,1,13.495367,-0.046833,0.109983,1.000000,0.000347
1779541046.404633,0,1,13.505297,-0.045653,0.110559,1.000000,0.000253
1779541046.414829,0,1,13.515228,-0.044481,0.110944,1.000000,0.000253
1779541046.424865,0,1,13.525157,-0.043291,0.111520,1.000000,0.000253
1779541046.434211,0,1,13.535087,-0.042109,0.111905,1.000000,0.000103
1779541046.444171,0,1,13.545015,-0.040910,0.112481,1.000000,0.000103
1779541046.454643,0,1,13.554944,-0.039719,0.112866,1.000000,0.000103
1779541046.464472,0,1,13.564870,-0.038509,0.113442,1.000000,0.000103
1779541046.474655,0,1,13.574798,-0.037309,0.113827,1.000000,0.000103
1779541046.484515,0,1,13.584723,-0.036090,0.114403,1.000000,0.000103
1779541046.494386,0,1,13.594650,-0.034880,0.114788,1.000000,0.000103
1779541046.504175,0,1,13.604574,-0.033652,0.115364,1.000000,0.000103
1779541046.514670,0,1,13.614499,-0.032432,0.115749,1.000000,0.000103
1779541046.524543,0,1,13.624423,-0.031195,0.116325,1.000000,0.000103
1779541046.534475,0,1,13.634347,-0.029966,0.116710,1.000000,0.000103
1779541046.544683,0,1,13.644269,-0.028718,0.117286,1.000000,0.000103
1779541046.554237,0,1,13.654192,-0.027480,0.117671,1.000000,0.000103
1779541046.564547,0,1,13.664112,-0.026223,0.118247,1.000000,0.000103
1779541046.574399,0,1,13.674034,-0.024975,0.118632,1.000000,0.000103
1779541046.584509,0,1,13.683954,-0.023708,0.119208,1.000000,0.000103
1779541046.594553,0,1,13.693874,-0.022450,0.119593,1.000000,0.000951
1779541046.604451,0,1,13.703792,-0.021175,0.120169,1.000000,0.000951
1779541046.614633,0,1,13.713712,-0.019907,0.120554,1.000000,-0.000692
1779541046.624532,0,1,13.723629,-0.018622,0.121130,1.000000,-0.000692
1779541046.634492,0,1,13.733550,-0.017369,0.121269,1.000000,-0.000746
1779541046.644456,0,1,13.743479,-0.016176,0.120892,1.000000,-0.000746
1779541046.654533,0,1,13.753409,-0.015000,0.120587,1.000000,-0.000814
1779541046.664132,0,1,13.763344,-0.013858,0.120046,1.000000,-0.000814
1779541046.674291,0,1,13.773278,-0.012715,0.119677,1.000000,-0.000814
1779541046.684211,0,1,13.783216,-0.011597,0.119110,1.000000,-0.000695
1779541046.694363,0,1,13.793152,-0.010472,0.118729,1.000000,-0.000695
1779541046.704596,0,1,13.803091,-0.009368,0.118156,1.000000,0.000367
1779541046.714548,0,1,13.813029,-0.008256,0.117772,1.000000,0.001014
1779541046.724461,0,1,13.822969,-0.007163,0.117197,1.000000,0.001014
1779541046.734376,0,1,13.832905,-0.006038,0.117058,1.000000,0.002432
1779541046.744664,0,1,13.842835,-0.004852,0.117435,1.000000,0.002432
1779541046.754142,0,1,13.852762,-0.003650,0.117741,1.000000,0.003764
1779541046.764093,0,1,13.862686,-0.002415,0.118281,1.000000,0.004396
1779541046.774819,0,1,13.872609,-0.001180,0.118651,1.000000,0.004396
1779541046.784477,0,1,13.882530,0.000079,0.119218,1.000000,0.005708
1779541046.794514,0,1,13.892451,0.001332,0.119599,1.000000,0.005708
1779541046.804332,0,1,13.902369,0.002605,0.120172,1.000000,0.006049
1779541046.814586,0,1,13.912289,0.003871,0.120556,1.000000,0.006049
1779541046.824949,0,1,13.922206,0.005155,0.121131,1.000000,0.006237
1779541046.834561,0,1,13.932124,0.006432,0.121516,1.000000,0.006146
1779541046.844554,0,1,13.942040,0.007726,0.122091,1.000000,0.006146
1779541046.854931,0,1,13.951957,0.009012,0.122476,1.000000,0.006322
1779541046.864655,0,1,13.961872,0.010317,0.123052,1.000000,0.006322
1779541046.874845,0,1,13.971787,0.011613,0.123437,1.000000,0.006461
1779541046.884561,0,1,13.981701,0.012927,0.124013,1.000000,0.006461
1779541046.894503,0,1,13.991615,0.014232,0.124398,1.000000,0.006538
1779541046.904713,0,1,14.001527,0.015555,0.124974,1.000000,0.006538
1779541046.914629,0,1,14.011440,0.016870,0.125359,1.000000,0.006663
1779541046.924528,0,1,14.021351,0.018203,0.125935,1.000000,0.006820
1779541046.934627,0,1,14.031263,0.019528,0.126320,1.000000,0.006820
1779541046.944789,0,1,14.041172,0.020870,0.126896,1.000000,0.006820
1779541046.954465,0,1,14.051083,0.022204,0.127281,1.000000,0.006820
1779541046.964464,0,1,14.060991,0.023556,0.127857,1.000000,0.006820
1779541046.974631,0,1,14.070901,0.024900,0.128242,1.000000,0.006820
1779541046.984514,0,1,14.080807,0.026262,0.128818,1.000000,0.006820
1779541046.994465,0,1,14.090715,0.027615,0.129203,1.000000,0.006820
1779541047.004750,0,1,14.100621,0.028986,0.129779,1.000000,0.006820
1779541047.014583,0,1,14.110528,0.030348,0.130164,1.000000,0.006820
1779541047.024465,0,1,14.120432,0.031729,0.130740,1.000000,0.006820
1779541047.034785,0,1,14.130337,0.033101,0.131125,1.000000,0.006820
1779541047.044319,0,1,14.140240,0.034491,0.131701,1.000000,0.006820
1779541047.054141,0,1,14.150144,0.035873,0.132086,1.000000,0.008931
1779541047.064582,0,1,14.160046,0.037272,0.132662,1.000000,0.008931
1779541047.074525,0,1,14.169949,0.038664,0.133047,1.000000,0.007913
1779541047.084565,0,1,14.179849,0.040073,0.133623,1.000000,0.007913
1779541047.094501,0,1,14.189750,0.041473,0.134008,1.000000,0.008078
1779541047.104649,0,1,14.199649,0.042892,0.134584,1.000000,0.008078
1779541047.114456,0,1,14.209549,0.044302,0.134969,1.000000,0.008233
1779541047.124492,0,1,14.219447,0.045730,0.135545,1.000000,0.008395
1779541047.134510,0,1,14.229345,0.047150,0.135930,1.000000,0.008395
1779541047.144139,0,1,14.239242,0.048588,0.136506,1.000000,0.008578
1779541047.154416,0,1,14.249139,0.050017,0.136891,1.000000,0.008578
1779541047.164690,0,1,14.259034,0.051464,0.137467,1.000000,0.008764
1779541047.174461,0,1,14.268930,0.052903,0.137852,1.000000,0.008775
1779541047.184394,0,1,14.278823,0.054360,0.138428,1.000000,0.008775
1779541047.194441,0,1,14.288717,0.055808,0.138813,1.000000,0.009012
1779541047.204286,0,1,14.298609,0.057274,0.139389,1.000000,0.009012
1779541047.214534,0,1,14.308503,0.058732,0.139774,1.000000,0.009186
1779541047.224442,0,1,14.318393,0.060208,0.140350,1.000000,0.009392
1779541047.234542,0,1,14.328285,0.061675,0.140735,1.000000,0.009392
1779541047.244570,0,1,14.338174,0.063160,0.141311,1.000000,0.009603
1779541047.254351,0,1,14.348064,0.064637,0.141696,1.000000,0.009624
1779541047.265360,0,1,14.357952,0.066132,0.142272,1.000000,0.009624
1779541047.274555,0,1,14.367841,0.067618,0.142657,1.000000,0.009887
1779541047.284338,0,1,14.377727,0.069122,0.143233,1.000000,0.010073
1779541047.294683,0,1,14.387615,0.070618,0.143618,1.000000,0.010073
1779541047.304551,0,1,14.397499,0.072131,0.144194,1.000000,0.010307
1779541047.314486,0,1,14.407385,0.073637,0.144579,1.000000,0.010307
1779541047.324292,0,1,14.417269,0.075160,0.145155,1.000000,0.010548
1779541047.334537,0,1,14.427153,0.076675,0.145540,1.000000,0.010548
1779541047.344409,0,1,14.437035,0.078207,0.146116,1.000000,0.010833
1779541047.354939,0,1,14.446918,0.079732,0.146501,1.000000,0.010850
1779541047.364516,0,1,14.456799,0.081274,0.147077,1.000000,0.010850
1779541047.374625,0,1,14.466680,0.082808,0.147462,1.000000,0.011175
1779541047.384477,0,1,14.476559,0.084359,0.148038,1.000000,0.011175
1779541047.394631,0,1,14.486439,0.085903,0.148423,1.000000,0.011387
1779541047.404579,0,1,14.496317,0.087464,0.148999,1.000000,0.011387
1779541047.414754,0,1,14.506195,0.089016,0.149384,1.000000,0.011686
1779541047.424331,0,1,14.516071,0.090587,0.149960,1.000000,0.011864
1779541047.434519,0,1,14.525949,0.092149,0.150345,1.000000,0.011864
1779541047.444610,0,1,14.535823,0.093730,0.150921,1.000000,0.011864
1779541047.454570,0,1,14.545699,0.095301,0.151306,1.000000,0.011864
1779541047.464510,0,1,14.555571,0.096891,0.151882,1.000000,0.011864
1779541047.474603,0,1,14.565446,0.098472,0.152267,1.000000,0.011864
1779541047.484367,0,1,14.575317,0.100071,0.152843,1.000000,0.011864
1779541047.494538,0,1,14.585190,0.101662,0.153228,1.000000,0.011864
1779541047.504499,0,1,14.595059,0.103271,0.153804,1.000000,0.011864
1779541047.514889,0,1,14.604930,0.104871,0.154189,1.000000,0.011864
1779541047.524420,0,1,14.614799,0.106489,0.154765,1.000000,0.011864
1779541047.534171,0,1,14.624668,0.108099,0.155150,1.000000,0.011864
1779541047.544264,0,1,14.634535,0.109726,0.155726,1.000000,0.011864
1779541047.554251,0,1,14.644403,0.111345,0.156111,1.000000,0.014701
1779541047.564256,0,1,14.654268,0.112983,0.156687,1.000000,0.014013
1779541047.574762,0,1,14.664135,0.114611,0.157072,1.000000,0.014013
1779541047.584278,0,1,14.673998,0.116258,0.157648,1.000000,0.014364
1779541047.594152,0,1,14.683863,0.117896,0.158033,1.000000,0.014364
1779541047.604697,0,1,14.693725,0.119552,0.158609,1.000000,0.014793
1779541047.614713,0,1,14.703588,0.121200,0.158994,1.000000,0.014793
1779541047.624488,0,1,14.713449,0.122865,0.159570,1.000000,0.015114
1779541047.634616,0,1,14.723310,0.124522,0.159955,1.000000,0.015114
1779541047.644425,0,1,14.733169,0.126197,0.160531,1.000000,0.015457
1779541047.654474,0,1,14.743029,0.127864,0.160916,1.000000,0.015457
1779541047.664937,0,1,14.752886,0.129548,0.161492,1.000000,0.015805
1779541047.674441,0,1,14.762745,0.131224,0.161877,1.000000,0.016227
1779541047.684617,0,1,14.772600,0.132918,0.162453,1.000000,0.016227
1779541047.694346,0,1,14.782457,0.134604,0.162838,1.000000,0.016309
1779541047.704783,0,1,14.792311,0.136307,0.163414,1.000000,0.016309
1779541047.714572,0,1,14.802166,0.138002,0.163799,1.000000,0.016703
1779541047.724666,0,1,14.812018,0.139715,0.164375,1.000000,0.016703
1779541047.734607,0,1,14.821872,0.141419,0.164760,1.000000,0.017113
1779541047.744436,0,1,14.831723,0.143142,0.165336,1.000000,0.017113
1779541047.754831,0,1,14.841575,0.144856,0.165721,1.000000,0.017555
1779541047.764994,0,1,14.851424,0.146588,0.166297,1.000000,0.017795
1779541047.774505,0,1,14.861274,0.148311,0.166682,1.000000,0.017795
1779541047.784202,0,1,14.871121,0.150052,0.167258,1.000000,0.018219
1779541047.794408,0,1,14.880970,0.151785,0.167643,1.000000,0.018219
1779541047.804615,0,1,14.890815,0.153536,0.168219,1.000000,0.018669
1779541047.814929,0,1,14.900663,0.155278,0.168604,1.000000,0.018669
1779541047.824520,0,1,14.910506,0.157038,0.169180,1.000000,0.019082
1779541047.834326,0,1,14.920352,0.158790,0.169565,1.000000,0.019082
1779541047.844505,0,1,14.930194,0.160560,0.170141,1.000000,0.019638
1779541047.854596,0,1,14.940038,0.162321,0.170526,1.000000,0.019638
1779541047.864902,0,1,14.949878,0.164100,0.171102,1.000000,0.020008
1779541047.874579,0,1,14.959720,0.165871,0.171487,1.000000,0.020008
1779541047.884787,0,1,14.969559,0.167659,0.172063,1.000000,0.020008
1779541047.894440,0,1,14.979399,0.169440,0.172448,1.000000,0.020527
1779541047.904724,0,1,14.989236,0.171238,0.173024,1.000000,0.020527
1779541047.914889,0,1,14.999075,0.173027,0.173409,1.000000,0.020527
1779541047.924932,0,1,15.008910,0.174835,0.173985,1.000000,0.021583
1779541047.934786,0,1,15.018747,0.176634,0.174370,1.000000,0.021583
1779541047.944162,0,1,15.028580,0.178451,0.174946,1.000000,0.021583
1779541047.954646,0,1,15.038415,0.180259,0.175331,1.000000,0.021583
1779541047.964277,0,1,15.048247,0.182086,0.175907,1.000000,0.021583
1779541047.974393,0,1,15.058081,0.183904,0.176292,1.000000,0.021583
1779541047.984388,0,1,15.067911,0.185739,0.176868,1.000000,0.021583
1779541047.994389,0,1,15.077742,0.187567,0.177253,1.000000,0.021583
1779541048.004733,0,1,15.087570,0.189412,0.177829,1.000000,0.021583
1779541048.014608,0,1,15.097400,0.191249,0.178214,1.000000,0.021583
1779541048.024533,0,1,15.107227,0.193104,0.178790,1.000000,0.021583
1779541048.034624,0,1,15.117055,0.194950,0.179175,1.000000,0.021583
1779541048.044356,0,1,15.126880,0.196814,0.179751,1.000000,0.021583
1779541048.054337,0,1,15.136706,0.198670,0.180136,1.000000,0.021583
1779541048.064507,0,1,15.146529,0.200544,0.180712,1.000000,0.025931
1779541048.074445,0,1,15.156353,0.202409,0.181097,1.000000,0.025931
1779541048.084631,0,1,15.166174,0.204292,0.181673,1.000000,0.025757
1779541048.094909,0,1,15.175997,0.206166,0.182058,1.000000,0.025757
1779541048.104656,0,1,15.185816,0.208059,0.182634,1.000000,0.026343
1779541048.114675,0,1,15.195637,0.209943,0.183019,1.000000,0.026343
1779541048.124677,0,1,15.205455,0.211845,0.183595,1.000000,0.026343
1779541048.134796,0,1,15.215274,0.213738,0.183980,1.000000,0.026917
1779541048.144522,0,1,15.225089,0.215650,0.184556,1.000000,0.026917
1779541048.154779,0,1,15.234907,0.217553,0.184941,1.000000,0.026917
1779541048.164243,0,1,15.244720,0.219473,0.185517,1.000000,0.028228
1779541048.174548,0,1,15.254536,0.221386,0.185902,1.000000,0.028228
1779541048.184222,0,1,15.264348,0.223316,0.186478,1.000000,0.028821
1779541048.194672,0,1,15.274161,0.225238,0.186863,1.000000,0.028821
1779541048.204516,0,1,15.283972,0.227178,0.187439,1.000000,0.029404
1779541048.214888,0,1,15.293783,0.229109,0.187824,1.000000,0.029404
1779541048.224525,0,1,15.303591,0.231058,0.188400,1.000000,0.030035
1779541048.234705,0,1,15.313401,0.232998,0.188785,1.000000,0.030035
1779541048.244441,0,1,15.323208,0.234957,0.189361,1.000000,0.030707
1779541048.254621,0,1,15.333016,0.236907,0.189746,1.000000,0.030707
1779541048.264415,0,1,15.342820,0.238875,0.190322,1.000000,0.031406
1779541048.275013,0,1,15.352626,0.240834,0.190707,1.000000,0.031406
1779541048.284645,0,1,15.362429,0.242812,0.191283,1.000000,0.032093
1779541048.295003,0,1,15.372233,0.244781,0.191668,1.000000,0.032093
1779541048.304606,0,1,15.382031,0.246779,0.192367,1.000000,0.032093
1779541048.315216,0,1,15.391823,0.248808,0.193228,1.000000,0.032750
1779541048.324372,0,1,15.401611,0.250859,0.194149,1.000000,0.033491
1779541048.334751,0,1,15.411392,0.252938,0.195216,1.000000,0.033491
1779541048.344089,0,1,15.421162,0.255070,0.196645,1.000000,0.034220
1779541048.354683,0,1,15.430929,0.257218,0.197947,1.000000,0.034220
1779541048.364190,0,1,15.440688,0.259402,0.199464,1.000000,0.034522
1779541048.374755,0,1,15.450445,0.261592,0.200801,1.000000,0.034522
1779541048.384293,0,1,15.460195,0.263812,0.202333,1.000000,0.034492
1779541048.394619,0,1,15.469945,0.266035,0.203677,1.000000,0.034492
1779541048.404173,0,1,15.479688,0.268287,0.205212,1.000000,0.034003
1779541048.414380,0,1,15.489431,0.270540,0.206557,1.000000,0.034003
1779541048.425080,0,1,15.499167,0.272821,0.208093,1.000000,0.033385
1779541048.434899,0,1,15.508904,0.275102,0.209439,1.000000,0.033385
1779541048.444721,0,1,15.518633,0.277411,0.210976,1.000000,0.032703
1779541048.454744,0,1,15.528363,0.279722,0.212322,1.000000,0.032703
1779541048.464756,0,1,15.538086,0.282059,0.213859,1.000000,0.032703
1779541048.475011,0,1,15.547809,0.284397,0.215205,1.000000,0.032703
1779541048.484432,0,1,15.557525,0.286762,0.216742,1.000000,0.032703
1779541048.494792,0,1,15.567241,0.289128,0.218088,1.000000,0.032703
1779541048.504632,0,1,15.576950,0.291522,0.219625,1.000000,0.032703
1779541048.515015,0,1,15.586660,0.293916,0.220971,1.000000,0.032703
1779541048.524408,0,1,15.596362,0.296337,0.222508,1.000000,0.032703
1779541048.534975,0,1,15.606064,0.298759,0.223854,1.000000,0.032703
1779541048.544522,0,1,15.615760,0.301209,0.225391,1.000000,0.032703
1779541048.555123,0,1,15.625455,0.303659,0.226737,1.000000,0.032703
1779541048.564376,0,1,15.635143,0.306136,0.228274,1.000000,0.028798
1779541048.574435,0,1,15.644831,0.308614,0.229620,1.000000,0.028798
1779541048.584618,0,1,15.654512,0.311119,0.231157,1.000000,0.027755
1779541048.594611,0,1,15.664199,0.313602,0.232257,1.000000,0.027755
1779541048.604233,0,1,15.673899,0.316035,0.232841,1.000000,0.026991
1779541048.614448,0,1,15.683600,0.318461,0.233497,1.000000,0.026991
1779541048.624381,0,1,15.693307,0.320864,0.233917,1.000000,0.026207
1779541048.635018,0,1,15.703012,0.323276,0.234509,1.000000,0.026207
1779541048.644194,0,1,15.712720,0.325675,0.234903,1.000000,0.025663
1779541048.655377,0,1,15.722424,0.328088,0.235483,1.000000,0.025663
1779541048.664222,0,1,15.732131,0.330490,0.235871,1.000000,0.026076
1779541048.674299,0,1,15.741834,0.332910,0.236448,1.000000,0.026663
1779541048.684615,0,1,15.751539,0.335320,0.236834,1.000000,0.026663
1779541048.694642,0,1,15.761240,0.337748,0.237410,1.000000,0.027272
1779541048.704680,0,1,15.770943,0.340168,0.237796,1.000000,0.027272
1779541048.714704,0,1,15.780642,0.342604,0.238371,1.000000,0.027272
1779541048.724788,0,1,15.790342,0.345033,0.238757,1.000000,0.027669
1779541048.734651,0,1,15.800038,0.347479,0.239332,1.000000,0.028404
1779541048.744506,0,1,15.809737,0.349916,0.239718,1.000000,0.028404
1779541048.754611,0,1,15.819431,0.352372,0.240293,1.000000,0.029106
1779541048.764717,0,1,15.829127,0.354818,0.240679,1.000000,0.029106
1779541048.775023,0,1,15.838818,0.357283,0.241254,1.000000,0.029784
1779541048.784656,0,1,15.848512,0.359739,0.241640,1.000000,0.029784
1779541048.794785,0,1,15.858201,0.362213,0.242215,1.000000,0.030526
1779541048.804278,0,1,15.867892,0.364678,0.242601,1.000000,0.030526
1779541048.814755,0,1,15.877579,0.367162,0.243176,1.000000,0.031303
1779541048.824537,0,1,15.887268,0.369636,0.243562,1.000000,0.031303
1779541048.834893,0,1,15.896952,0.372129,0.244137,1.000000,0.032069
1779541048.844567,0,1,15.906639,0.374613,0.244523,1.000000,0.032069
1779541048.854646,0,1,15.916318,0.377126,0.245222,1.000000,0.032825
1779541048.864475,0,1,15.925989,0.379670,0.246083,1.000000,0.032825
1779541048.874730,0,1,15.935651,0.382246,0.247127,1.000000,0.033612
1779541048.884453,0,1,15.945299,0.384878,0.248547,1.000000,0.033612
1779541048.894390,0,1,15.954942,0.387527,0.249845,1.000000,0.034455
1779541048.904803,0,1,15.964574,0.390212,0.251360,1.000000,0.034455
1779541048.914742,0,1,15.974205,0.392905,0.252696,1.000000,0.034713
1779541048.924664,0,1,15.983827,0.395627,0.254227,1.000000,0.034713
1779541048.935104,0,1,15.993449,0.398353,0.255571,1.000000,0.034881
1779541048.944567,0,1,16.003062,0.401107,0.257106,1.000000,0.034881
1779541048.954659,0,1,16.012675,0.403862,0.258451,1.000000,0.034881
1779541048.964616,0,1,16.022280,0.406645,0.259987,1.000000,0.034881
1779541048.974450,0,1,16.031885,0.409428,0.261333,1.000000,0.034881
1779541048.984672,0,1,16.041482,0.412239,0.262870,1.000000,0.034881
1779541048.994783,0,1,16.051078,0.415050,0.264216,1.000000,0.034881
1779541049.004426,0,1,16.060667,0.417889,0.265753,1.000000,0.034881
1779541049.014804,0,1,16.070255,0.420728,0.267099,1.000000,0.034881
1779541049.024523,0,1,16.079836,0.423594,0.268636,1.000000,0.034881
1779541049.034237,0,1,16.089416,0.426461,0.269982,1.000000,0.034881
1779541049.044463,0,1,16.098988,0.429355,0.271519,1.000000,0.034881
1779541049.054549,0,1,16.108560,0.432250,0.272865,1.000000,0.031521
1779541049.064590,0,1,16.118124,0.435171,0.274402,1.000000,0.031521
1779541049.074488,0,1,16.127694,0.438070,0.275502,1.000000,0.031058
1779541049.084523,0,1,16.137280,0.440920,0.276086,1.000000,0.030467
1779541049.094658,0,1,16.146867,0.443763,0.276742,1.000000,0.030467
1779541049.104504,0,1,16.156461,0.446584,0.277162,1.000000,0.029822
1779541049.114762,0,1,16.166052,0.449413,0.277754,1.000000,0.029822
1779541049.124512,0,1,16.175648,0.452229,0.278148,1.000000,0.029418
1779541049.134781,0,1,16.185239,0.455059,0.278728,1.000000,0.029418
1779541049.144479,0,1,16.194833,0.457880,0.279116,1.000000,0.030011
1779541049.154439,0,1,16.204422,0.460716,0.279692,1.000000,0.030765
1779541049.164626,0,1,16.214014,0.463544,0.280079,1.000000,0.030765
1779541049.174551,0,1,16.223601,0.466389,0.280655,1.000000,0.031202
1779541049.184512,0,1,16.233190,0.469225,0.281040,1.000000,0.031202
1779541049.194568,0,1,16.242774,0.472079,0.281616,1.000000,0.032016
1779541049.204113,0,1,16.252361,0.474925,0.282002,1.000000,0.032016
1779541049.214624,0,1,16.261939,0.477799,0.282700,1.000000,0.032923
1779541049.224229,0,1,16.271508,0.480703,0.283562,1.000000,0.033293
1779541049.234592,0,1,16.281067,0.483640,0.284606,1.000000,0.033293
1779541049.244573,0,1,16.290609,0.486631,0.286026,1.000000,0.034175
1779541049.254490,0,1,16.300146,0.489639,0.287324,1.000000,0.034175
1779541049.264999,0,1,16.309671,0.492684,0.288839,1.000000,0.034964
1779541049.274401,0,1,16.319194,0.495735,0.290175,1.000000,0.034964
1779541049.284521,0,1,16.328708,0.498817,0.291706,1.000000,0.035246
1779541049.294564,0,1,16.338220,0.501901,0.293050,1.000000,0.035246
1779541049.304506,0,1,16.347723,0.505013,0.294585,1.000000,0.034948
1779541049.314610,0,1,16.357226,0.508126,0.295930,1.000000,0.034948
1779541049.324579,0,1,16.366720,0.511267,0.297466,1.000000,0.034508
1779541049.334928,0,1,16.376214,0.514408,0.298812,1.000000,0.034508
1779541049.344556,0,1,16.385699,0.517577,0.300349,1.000000,0.034012
1779541049.354558,0,1,16.395183,0.520746,0.301695,1.000000,0.034012
1779541049.364812,0,1,16.404659,0.523942,0.303232,1.000000,0.033557
1779541049.374579,0,1,16.414134,0.527138,0.304578,1.000000,0.033260
1779541049.384507,0,1,16.423601,0.530361,0.306115,1.000000,0.033260
1779541049.394807,0,1,16.433067,0.533585,0.307461,1.000000,0.032809
1779541049.404543,0,1,16.442524,0.536836,0.308998,1.000000,0.032809
1779541049.414332,0,1,16.451981,0.540087,0.310344,1.000000,0.032312
1779541049.424137,0,1,16.461428,0.543365,0.311881,1.000000,0.032312
1779541049.434352,0,1,16.470875,0.546643,0.313227,1.000000,0.031784
1779541049.444129,0,1,16.480314,0.549948,0.314764,1.000000,0.031784
1779541049.454513,0,1,16.489759,0.553231,0.315864,1.000000,0.031784
1779541049.464158,0,1,16.499222,0.556465,0.316448,1.000000,0.031784
1779541049.474547,0,1,16.508686,0.559693,0.317104,1.000000,0.031784
1779541049.484354,0,1,16.518159,0.562898,0.317524,1.000000,0.031784
1779541049.494712,0,1,16.527628,0.566112,0.318116,1.000000,0.031784
1779541049.504580,0,1,16.537102,0.569313,0.318510,1.000000,0.031784
1779541049.514247,0,1,16.546571,0.572528,0.319090,1.000000,0.031784
1779541049.524597,0,1,16.556044,0.575733,0.319477,1.000000,0.031784
1779541049.534544,0,1,16.565511,0.578955,0.320054,1.000000,0.031784
1779541049.544488,0,1,16.574981,0.582167,0.320441,1.000000,0.031784
1779541049.554781,0,1,16.584445,0.585397,0.321017,1.000000,0.032793
1779541049.564514,0,1,16.593912,0.588618,0.321402,1.000000,0.032793
1779541049.574691,0,1,16.603365,0.591879,0.322224,1.000000,0.033427
1779541049.584629,0,1,16.612795,0.595206,0.323562,1.000000,0.033427
1779541049.594804,0,1,16.622217,0.598558,0.324829,1.000000,0.034381
1779541049.604620,0,1,16.631623,0.601951,0.326330,1.000000,0.034381
1779541049.614948,0,1,16.641027,0.605353,0.327660,1.000000,0.035442
1779541049.624698,0,1,16.650419,0.608786,0.329189,1.000000,0.035442
1779541049.634805,0,1,16.659810,0.612224,0.330531,1.000000,0.035670
1779541049.644774,0,1,16.669190,0.615689,0.332065,1.000000,0.035670
1779541049.654273,0,1,16.678570,0.619156,0.333410,1.000000,0.035382
1779541049.664436,0,1,16.687940,0.622649,0.334946,1.000000,0.035382
1779541049.674626,0,1,16.697309,0.626144,0.336292,1.000000,0.035016
1779541049.684701,0,1,16.706669,0.629666,0.337828,1.000000,0.035016
1779541049.694606,0,1,16.716028,0.633188,0.339174,1.000000,0.034721
1779541049.704510,0,1,16.725377,0.636736,0.340711,1.000000,0.034721
1779541049.714669,0,1,16.734726,0.640286,0.342057,1.000000,0.034388
1779541049.724796,0,1,16.744065,0.643861,0.343594,1.000000,0.034388
1779541049.734591,0,1,16.753404,0.647438,0.344940,1.000000,0.034021
1779541049.744640,0,1,16.762732,0.651040,0.346476,1.000000,0.034021
1779541049.754210,0,1,16.772060,0.654643,0.347823,1.000000,0.033620
1779541049.764668,0,1,16.781379,0.658273,0.349359,1.000000,0.033620
1779541049.774200,0,1,16.790696,0.661903,0.350706,1.000000,0.033520
1779541049.784477,0,1,16.800004,0.665559,0.352242,1.000000,0.033520
1779541049.794699,0,1,16.809311,0.669216,0.353589,1.000000,0.033221
1779541049.804763,0,1,16.818608,0.672899,0.355125,1.000000,0.033221
1779541049.814607,0,1,16.827905,0.676583,0.356472,1.000000,0.032641
1779541049.824807,0,1,16.837192,0.680293,0.358008,1.000000,0.032641
1779541049.834857,0,1,16.846478,0.684003,0.359355,1.000000,0.032481
1779541049.844615,0,1,16.855753,0.687740,0.360891,1.000000,0.032481
1779541049.855032,0,1,16.865029,0.691477,0.362238,1.000000,0.031947
1779541049.864579,0,1,16.874293,0.695240,0.363774,1.000000,0.031947
1779541049.874661,0,1,16.883562,0.698994,0.364998,1.000000,0.031823
1779541049.885132,0,1,16.892836,0.702736,0.366058,1.000000,0.031502
1779541049.894637,0,1,16.902115,0.706464,0.366936,1.000000,0.031502
1779541049.904566,0,1,16.911408,0.710157,0.367438,1.000000,0.031502
1779541049.914991,0,1,16.920701,0.713851,0.368062,1.000000,0.031132
1779541049.924820,0,1,16.930000,0.717528,0.368469,1.000000,0.031132
1779541049.934921,0,1,16.939295,0.721216,0.369055,1.000000,0.031015
1779541049.944551,0,1,16.948595,0.724892,0.369446,1.000000,0.031015
1779541049.955184,0,1,16.957888,0.728584,0.370024,1.000000,0.031015
1779541049.964231,0,1,16.967186,0.732266,0.370411,1.000000,0.031015
1779541049.975073,0,1,16.976477,0.735965,0.370988,1.000000,0.031015
1779541049.984905,0,1,16.985771,0.739655,0.371374,1.000000,0.031015
1779541049.994844,0,1,16.995058,0.743362,0.371950,1.000000,0.031015
1779541050.004539,0,1,17.004349,0.747061,0.372335,1.000000,0.031015
1779541050.014873,0,1,17.013633,0.750777,0.372911,1.000000,0.031015
1779541050.024488,0,1,17.022921,0.754484,0.373297,1.000000,0.031015
1779541050.034948,0,1,17.032201,0.758209,0.373872,1.000000,0.031015
1779541050.044382,0,1,17.041485,0.761925,0.374258,1.000000,0.031015
1779541050.054198,0,1,17.050762,0.765658,0.374833,1.000000,0.031015
1779541050.064904,0,1,17.060042,0.769384,0.375219,1.000000,0.038307
1779541050.074804,0,1,17.069315,0.773126,0.375794,1.000000,0.039108
1779541050.084501,0,1,17.078592,0.776860,0.376180,1.000000,0.039108
1779541050.094676,0,1,17.087853,0.780634,0.377001,1.000000,0.039804
1779541050.104707,0,1,17.097087,0.784472,0.378339,1.000000,0.039804
1779541050.114552,0,1,17.106310,0.788335,0.379606,1.000000,0.041125
1779541050.124610,0,1,17.115517,0.792238,0.381107,1.000000,0.041125
1779541050.134784,0,1,17.124720,0.796150,0.382437,1.000000,0.042413
1779541050.144238,0,1,17.133911,0.800092,0.383966,1.000000,0.042413
1779541050.154583,0,1,17.143099,0.804038,0.385308,1.000000,0.042854
1779541050.164880,0,1,17.152276,0.808012,0.386842,1.000000,0.042854
1779541050.174567,0,1,17.161452,0.811987,0.388187,1.000000,0.042934
1779541050.184776,0,1,17.170616,0.815988,0.389723,1.000000,0.042934
1779541050.194529,0,1,17.179780,0.819991,0.391069,1.000000,0.042935
1779541050.204796,0,1,17.188933,0.824020,0.392605,1.000000,0.042935
1779541050.214580,0,1,17.198085,0.828049,0.393951,1.000000,0.042883
1779541050.224564,0,1,17.207226,0.832104,0.395488,1.000000,0.042883
1779541050.234181,0,1,17.216366,0.836160,0.396834,1.000000,0.042793
1779541050.244614,0,1,17.225496,0.840241,0.398370,1.000000,0.042793
1779541050.254800,0,1,17.234624,0.844324,0.399717,1.000000,0.042793
1779541050.264589,0,1,17.243742,0.848431,0.401253,1.000000,0.042867
1779541050.274753,0,1,17.252859,0.852540,0.402600,1.000000,0.042760
1779541050.284187,0,1,17.261964,0.856674,0.404136,1.000000,0.042760
1779541050.294942,0,1,17.271069,0.860809,0.405483,1.000000,0.042742
1779541050.304620,0,1,17.280163,0.864969,0.407019,1.000000,0.042742
1779541050.314843,0,1,17.289256,0.869130,0.408366,1.000000,0.042739
1779541050.324512,0,1,17.298337,0.873317,0.409902,1.000000,0.042739
1779541050.334937,0,1,17.307419,0.877504,0.411249,1.000000,0.042759
1779541050.344738,0,1,17.316488,0.881717,0.412785,1.000000,0.042759
1779541050.354786,0,1,17.325557,0.885930,0.414132,1.000000,0.042759
1779541050.364451,0,1,17.334614,0.890169,0.415668,1.000000,0.042762
1779541050.374866,0,1,17.343671,0.894408,0.417015,1.000000,0.042762
1779541050.384227,0,1,17.352716,0.898673,0.418551,1.000000,0.042735
1779541050.394517,0,1,17.361760,0.902939,0.419898,1.000000,0.042623
1779541050.404538,0,1,17.370793,0.907230,0.421434,1.000000,0.042623
1779541050.414590,0,1,17.379825,0.911522,0.422781,1.000000,0.042672
1779541050.424283,0,1,17.388845,0.915839,0.424317,1.000000,0.042672
1779541050.434335,0,1,17.397865,0.920156,0.425664,1.000000,0.042672
1779541050.444418,0,1,17.406873,0.924499,0.427200,1.000000,0.042672
1779541050.454429,0,1,17.415880,0.928843,0.428547,1.000000,0.042672
1779541050.464257,0,1,17.424875,0.933212,0.430083,1.000000,0.042672
1779541050.474864,0,1,17.433870,0.937582,0.431430,1.000000,0.042672
1779541050.484793,0,1,17.442853,0.941977,0.432966,1.000000,0.042672
1779541050.494639,0,1,17.451835,0.946372,0.434313,1.000000,0.042672
1779541050.504770,0,1,17.460805,0.950793,0.435849,1.000000,0.042672
1779541050.514568,0,1,17.469774,0.955214,0.437196,1.000000,0.042672
1779541050.524573,0,1,17.478731,0.959661,0.438732,1.000000,0.042672
1779541050.534538,0,1,17.487688,0.964108,0.440079,1.000000,0.042672
1779541050.544800,0,1,17.496632,0.968581,0.441615,1.000000,0.043368
1779541050.554717,0,1,17.505576,0.973054,0.442962,1.000000,0.043368
1779541050.564573,0,1,17.514507,0.977552,0.444498,1.000000,0.042981
1779541050.574969,0,1,17.523438,0.982051,0.445845,1.000000,0.042981
1779541050.584644,0,1,17.532356,0.986575,0.447381,1.000000,0.043123
1779541050.594562,0,1,17.541274,0.991099,0.448728,1.000000,0.043123
1779541050.604943,0,1,17.550179,0.995649,0.450264,1.000000,0.043232
1779541050.614795,0,1,17.559084,1.000199,0.451611,1.000000,0.043232
1779541050.625018,0,1,17.567976,1.004774,0.453147,1.000000,0.043303
1779541050.634691,0,1,17.576867,1.009350,0.454494,1.000000,0.043303
1779541050.644621,0,1,17.585746,1.013951,0.456030,1.000000,0.043303
1779541050.655071,0,1,17.594624,1.018552,0.457377,1.000000,0.043317
1779541050.664664,0,1,17.603490,1.023179,0.458913,1.000000,0.043317
1779541050.674819,0,1,17.612355,1.027806,0.460260,1.000000,0.043495
1779541050.684969,0,1,17.621207,1.032458,0.461796,1.000000,0.043628
1779541050.694893,0,1,17.630059,1.037111,0.463143,1.000000,0.043628
1779541050.704759,0,1,17.638897,1.041788,0.464679,1.000000,0.043729
1779541050.714923,0,1,17.647735,1.046466,0.466026,1.000000,0.043729
1779541050.724428,0,1,17.656561,1.051169,0.467562,1.000000,0.043779
1779541050.734787,0,1,17.665385,1.055873,0.468909,1.000000,0.043779
1779541050.744408,0,1,17.674197,1.060601,0.470445,1.000000,0.044026
1779541050.754716,0,1,17.683008,1.065330,0.471792,1.000000,0.044026
1779541050.764165,0,1,17.691806,1.070084,0.473328,1.000000,0.044181
1779541050.774603,0,1,17.700603,1.074838,0.474675,1.000000,0.044181
1779541050.784667,0,1,17.709387,1.079617,0.476211,1.000000,0.044181
1779541050.794411,0,1,17.718171,1.084397,0.477558,1.000000,0.044321
1779541050.804397,0,1,17.726941,1.089202,0.479094,1.000000,0.044428
1779541050.814670,0,1,17.735711,1.094007,0.480441,1.000000,0.044428
1779541050.824214,0,1,17.744468,1.098836,0.481977,1.000000,0.044655
1779541050.834540,0,1,17.753224,1.103667,0.483324,1.000000,0.044655
1779541050.844355,0,1,17.761966,1.108521,0.484860,1.000000,0.044888
1779541050.854299,0,1,17.770708,1.113377,0.486207,1.000000,0.044888
1779541050.864295,0,1,17.779436,1.118257,0.487743,1.000000,0.045071
1779541050.874846,0,1,17.788164,1.123138,0.489090,1.000000,0.045071
1779541050.884443,0,1,17.796879,1.128043,0.490626,1.000000,0.045205
1779541050.894653,0,1,17.805593,1.132949,0.491973,1.000000,0.045205
1779541050.907938,0,1,17.814293,1.137879,0.493509,1.000000,0.045205
1779541050.915467,0,1,17.822993,1.142810,0.494856,1.000000,0.045537
1779541050.925003,0,1,17.831678,1.147766,0.496392,1.000000,0.045537
1779541050.936091,0,1,17.840364,1.152722,0.497739,1.000000,0.045537
1779541050.944754,0,1,17.849035,1.157702,0.499275,1.000000,0.045854
1779541050.954915,0,1,17.857707,1.162683,0.500622,1.000000,0.045854
1779541050.964717,0,1,17.866364,1.167688,0.502158,1.000000,0.045854
1779541050.974771,0,1,17.875020,1.172694,0.503505,1.000000,0.045854
1779541050.984730,0,1,17.883663,1.177725,0.505041,1.000000,0.045854
1779541050.994524,0,1,17.892305,1.182756,0.506388,1.000000,0.045854
1779541051.004248,0,1,17.900934,1.187811,0.507924,1.000000,0.045854
1779541051.014480,0,1,17.909561,1.192867,0.509271,1.000000,0.045854
1779541051.024806,0,1,17.918175,1.197947,0.510807,1.000000,0.045854
1779541051.034421,0,1,17.926788,1.203028,0.512154,1.000000,0.045854
1779541051.044245,0,1,17.935387,1.208132,0.513690,1.000000,0.045854
1779541051.054552,0,1,17.943985,1.213238,0.515037,1.000000,0.045854
1779541051.064311,0,1,17.952569,1.218368,0.516573,1.000000,0.045854
1779541051.074678,0,1,17.961153,1.223498,0.517920,1.000000,0.048360
1779541051.084401,0,1,17.969722,1.228652,0.519456,1.000000,0.048360
1779541051.094261,0,1,17.978291,1.233807,0.520803,1.000000,0.048360
1779541051.104452,0,1,17.986846,1.238986,0.522339,1.000000,0.048390
1779541051.114399,0,1,17.995400,1.244166,0.523686,1.000000,0.048390
1779541051.124922,0,1,18.003939,1.249370,0.525222,1.000000,0.048652
1779541051.134191,0,1,18.012478,1.254574,0.526569,1.000000,0.048652
1779541051.144723,0,1,18.021002,1.259802,0.528105,1.000000,0.049061
1779541051.154620,0,1,18.029526,1.265031,0.529452,1.000000,0.049061
1779541051.164261,0,1,18.038036,1.270284,0.530988,1.000000,0.049469
1779541051.174683,0,1,18.046544,1.275538,0.532335,1.000000,0.049469
1779541051.184694,0,1,18.055039,1.280815,0.533871,1.000000,0.049839
1779541051.194518,0,1,18.063532,1.286093,0.535218,1.000000,0.049839
1779541051.204672,0,1,18.072011,1.291395,0.536754,1.000000,0.050181
1779541051.214750,0,1,18.080489,1.296697,0.538101,1.000000,0.050181
1779541051.224581,0,1,18.088953,1.302023,0.539637,1.000000,0.050638
1779541051.234752,0,1,18.097416,1.307350,0.540984,1.000000,0.050638
1779541051.244342,0,1,18.105864,1.312701,0.542520,1.000000,0.051095
1779541051.254278,0,1,18.114312,1.318052,0.543867,1.000000,0.051095
1779541051.264432,0,1,18.122745,1.323427,0.545403,1.000000,0.051523
1779541051.274394,0,1,18.131177,1.328803,0.546750,1.000000,0.051523
1779541051.284534,0,1,18.139594,1.334202,0.548286,1.000000,0.051913
1779541051.294184,0,1,18.148011,1.339602,0.549633,1.000000,0.052418
1779541051.304601,0,1,18.156412,1.345025,0.551169,1.000000,0.052418
1779541051.314584,0,1,18.164813,1.350450,0.552516,1.000000,0.052592
1779541051.324204,0,1,18.173199,1.355897,0.554052,1.000000,0.052592
1779541051.334863,0,1,18.181585,1.361346,0.555399,1.000000,0.053113
1779541051.344551,0,1,18.189955,1.366817,0.556935,1.000000,0.053113
1779541051.354655,0,1,18.198324,1.372290,0.558282,1.000000,0.053557
1779541051.364586,0,1,18.206679,1.377786,0.559818,1.000000,0.053557
1779541051.374816,0,1,18.215033,1.383282,0.561165,1.000000,0.054057
1779541051.385658,0,1,18.223371,1.388802,0.562701,1.000000,0.054057
1779541051.394829,0,1,18.231709,1.394323,0.564048,1.000000,0.054399
1779541051.405076,0,1,18.240032,1.399867,0.565584,1.000000,0.054399
1779541051.414739,0,1,18.248354,1.405412,0.566931,1.000000,0.055217
1779541051.424814,0,1,18.256660,1.410980,0.568467,1.000000,0.055217
1779541051.434738,0,1,18.264966,1.416548,0.569814,1.000000,0.055508
1779541051.444643,0,1,18.273257,1.422140,0.571350,1.000000,0.055508
1779541051.455003,0,1,18.281546,1.427733,0.572697,1.000000,0.055508
1779541051.464506,0,1,18.289821,1.433349,0.574233,1.000000,0.055508
1779541051.475551,0,1,18.298094,1.438965,0.575580,1.000000,0.055508
1779541051.484241,0,1,18.306352,1.444605,0.577116,1.000000,0.055508
1779541051.496515,0,1,18.314610,1.450245,0.578463,1.000000,0.055508
1779541051.504224,0,1,18.322852,1.455908,0.579999,1.000000,0.055508
1779541051.514208,0,1,18.331093,1.461572,0.581346,1.000000,0.055508
1779541051.524542,0,1,18.339318,1.467260,0.582882,1.000000,0.055508
1779541051.534560,0,1,18.347543,1.472947,0.584229,1.000000,0.055508
1779541051.544362,0,1,18.355752,1.478658,0.585765,1.000000,0.055508
1779541051.554612,0,1,18.363961,1.484370,0.587112,1.000000,0.059773
1779541051.564618,0,1,18.372153,1.490104,0.588648,1.000000,0.059773
1779541051.574826,0,1,18.380345,1.495839,0.589995,1.000000,0.060050
1779541051.584541,0,1,18.388521,1.501597,0.591531,1.000000,0.060050
1779541051.594520,0,1,18.396696,1.507356,0.592878,1.000000,0.060050
1779541051.604405,0,1,18.404855,1.513138,0.594414,1.000000,0.061083
1779541051.614487,0,1,18.413014,1.518920,0.595761,1.000000,0.061083
1779541051.624303,0,1,18.421157,1.524725,0.597297,1.000000,0.061945
1779541051.634257,0,1,18.429299,1.530531,0.598644,1.000000,0.061945
1779541051.644857,0,1,18.437425,1.536359,0.600180,1.000000,0.062988
1779541051.654116,0,1,18.445550,1.542189,0.601527,1.000000,0.064002
1779541051.664415,0,1,18.453659,1.548041,0.603063,1.000000,0.064002
1779541051.674270,0,1,18.461767,1.553893,0.604410,1.000000,0.064414
1779541051.684720,0,1,18.469852,1.559778,0.606069,1.000000,0.064414
1779541051.694242,0,1,18.477906,1.565705,0.608015,1.000000,0.065413
1779541051.704339,0,1,18.485917,1.571690,0.610373,1.000000,0.065413
1779541051.714379,0,1,18.493910,1.577700,0.612623,1.000000,0.065413
1779541051.724779,0,1,18.501873,1.583749,0.615095,1.000000,0.066893
1779541051.734617,0,1,18.509825,1.589812,0.617390,1.000000,0.066893
1779541051.744479,0,1,18.517752,1.595908,0.619881,1.000000,0.066893
1779541051.754233,0,1,18.525671,1.602015,0.622185,1.000000,0.067290
1779541051.764501,0,1,18.533566,1.608153,0.624681,1.000000,0.067290
1779541051.774173,0,1,18.541454,1.614299,0.626987,1.000000,0.066587
1779541051.784484,0,1,18.549319,1.620475,0.629484,1.000000,0.066587
1779541051.794319,0,1,18.557177,1.626660,0.631791,1.000000,0.066587
1779541051.804407,0,1,18.565011,1.632875,0.634289,1.000000,0.065471
1779541051.814395,0,1,18.572839,1.639098,0.636596,1.000000,0.065471
1779541051.824235,0,1,18.580643,1.645350,0.639093,1.000000,0.065471
1779541051.834498,0,1,18.588441,1.651611,0.641401,1.000000,0.064069
1779541051.844514,0,1,18.596215,1.657900,0.643898,1.000000,0.064069
1779541051.854849,0,1,18.603991,1.664189,0.646083,1.000000,0.064069
1779541051.864165,0,1,18.611767,1.670476,0.648104,1.000000,0.062894
1779541051.874305,0,1,18.619539,1.676768,0.650066,1.000000,0.062894
1779541051.884704,0,1,18.627312,1.683060,0.651882,1.000000,0.062894
1779541051.894618,0,1,18.635100,1.689332,0.653336,1.000000,0.061944
1779541051.904316,0,1,18.642881,1.695614,0.654917,1.000000,0.061944
1779541051.914807,0,1,18.650666,1.701890,0.656283,1.000000,0.061944
1779541051.924245,0,1,18.658438,1.708183,0.657829,1.000000,0.061654
1779541051.935044,0,1,18.666211,1.714475,0.659180,1.000000,0.061654
1779541051.944293,0,1,18.673967,1.720786,0.660720,1.000000,0.061654
1779541051.954715,0,1,18.681724,1.727098,0.662067,1.000000,0.061654
1779541051.964612,0,1,18.689463,1.733430,0.663605,1.000000,0.061654
1779541051.974378,0,1,18.697202,1.739763,0.664952,1.000000,0.061654
1779541051.984649,0,1,18.704924,1.746118,0.666489,1.000000,0.061654
1779541051.994601,0,1,18.712645,1.752473,0.667835,1.000000,0.061654
1779541052.004374,0,1,18.720348,1.758849,0.669372,1.000000,0.061654
1779541052.014487,0,1,18.728051,1.765226,0.670718,1.000000,0.061654
1779541052.024369,0,1,18.735736,1.771625,0.672255,1.000000,0.061654
1779541052.034215,0,1,18.743420,1.778024,0.673601,1.000000,0.061654
1779541052.044206,0,1,18.751087,1.784445,0.675138,1.000000,0.061654
1779541052.054181,0,1,18.758752,1.790866,0.676484,1.000000,0.061654
1779541052.064212,0,1,18.766400,1.797309,0.678021,1.000000,0.061654
1779541052.074248,0,1,18.774048,1.803752,0.679367,1.000000,0.061654
1779541052.084185,0,1,18.781677,1.810217,0.680904,1.000000,0.061654
1779541052.094615,0,1,18.789306,1.816683,0.682250,1.000000,0.068379
1779541052.104600,0,1,18.796916,1.823169,0.683787,1.000000,0.068379
1779541052.114616,0,1,18.804527,1.829657,0.685133,1.000000,0.068379
1779541052.124639,0,1,18.812103,1.836184,0.686916,1.000000,0.069605
1779541052.134593,0,1,18.819627,1.842771,0.689215,1.000000,0.069605
1779541052.144470,0,1,18.827126,1.849385,0.691442,1.000000,0.069605
1779541052.154349,0,1,18.834591,1.856039,0.693905,1.000000,0.070524
1779541052.164239,0,1,18.842044,1.862707,0.696196,1.000000,0.070524
1779541052.174705,0,1,18.849467,1.869408,0.698685,1.000000,0.071616
1779541052.184511,0,1,18.856881,1.876118,0.700988,1.000000,0.071616
1779541052.194579,0,1,18.864269,1.882858,0.703483,1.000000,0.071616
1779541052.204637,0,1,18.871649,1.889606,0.705790,1.000000,0.071233
1779541052.214308,0,1,18.879003,1.896382,0.708286,1.000000,0.071233
1779541052.224468,0,1,18.886350,1.903166,0.710593,1.000000,0.071233
1779541052.234823,0,1,18.893671,1.909978,0.713091,1.000000,0.070656
1779541052.244361,0,1,18.900984,1.916798,0.715398,1.000000,0.070656
1779541052.254403,0,1,18.908272,1.923645,0.717895,1.000000,0.070656
1779541052.264484,0,1,18.915553,1.930500,0.720203,1.000000,0.069843
1779541052.274670,0,1,18.922808,1.937382,0.722700,1.000000,0.069843
1779541052.284750,0,1,18.930056,1.944272,0.725008,1.000000,0.069843
1779541052.294864,0,1,18.937278,1.951189,0.727505,1.000000,0.069291
1779541052.304248,0,1,18.944492,1.958114,0.729813,1.000000,0.069291
1779541052.314290,0,1,18.951681,1.965065,0.732310,1.000000,0.069291
1779541052.324267,0,1,18.958862,1.972024,0.734618,1.000000,0.068470
1779541052.334508,0,1,18.966017,1.979011,0.737115,1.000000,0.068470
1779541052.344264,0,1,18.973165,1.986004,0.739422,1.000000,0.068470
1779541052.354433,0,1,18.980286,1.993025,0.741920,1.000000,0.067951
1779541052.364326,0,1,18.987400,2.000052,0.744227,1.000000,0.067951
1779541052.374334,0,1,18.994488,2.007107,0.746725,1.000000,0.067356
1779541052.384608,0,1,19.001568,2.014169,0.749032,1.000000,0.067356
1779541052.394500,0,1,19.008621,2.021258,0.751530,1.000000,0.067356
1779541052.404254,0,1,19.015667,2.028353,0.753837,1.000000,0.066499
1779541052.414891,0,1,19.022687,2.035476,0.756335,1.000000,0.066499
1779541052.424746,0,1,19.029699,2.042605,0.758642,1.000000,0.066499
1779541052.434601,0,1,19.036684,2.049761,0.761140,1.000000,0.065823
1779541052.444192,0,1,19.043661,2.056925,0.763447,1.000000,0.065823
1779541052.454837,0,1,19.050612,2.064114,0.765945,1.000000,0.065823
1779541052.464889,0,1,19.057555,2.071311,0.768252,1.000000,0.065823
1779541052.474689,0,1,19.064471,2.078534,0.770750,1.000000,0.065823
1779541052.484716,0,1,19.071380,2.085764,0.773057,1.000000,0.065823
1779541052.494900,0,1,19.078261,2.093020,0.775555,1.000000,0.065823
1779541052.504421,0,1,19.085135,2.100283,0.777862,1.000000,0.065823
1779541052.514549,0,1,19.091981,2.107572,0.780360,1.000000,0.065823
1779541052.524177,0,1,19.098820,2.114868,0.782667,1.000000,0.065823
1779541052.534646,0,1,19.105631,2.122189,0.785165,1.000000,0.065823
1779541052.544221,0,1,19.112434,2.129518,0.787472,1.000000,0.065823
1779541052.554301,0,1,19.119210,2.136873,0.789970,1.000000,0.065823
1779541052.564586,0,1,19.125978,2.144234,0.792277,1.000000,0.065823
1779541052.574251,0,1,19.132719,2.151621,0.794775,1.000000,0.065823
1779541052.584576,0,1,19.139452,2.159015,0.797082,1.000000,0.065823
1779541052.594573,0,1,19.146157,2.166434,0.799580,1.000000,0.065823
1779541052.604846,0,1,19.152854,2.173860,0.801887,1.000000,0.065823
1779541052.614623,0,1,19.159523,2.181311,0.804385,1.000000,0.061602
1779541052.624937,0,1,19.166184,2.188770,0.806692,1.000000,0.061602
1779541052.634275,0,1,19.172818,2.196253,0.809190,1.000000,0.061602
1779541052.644479,0,1,19.179461,2.203727,0.811251,1.000000,0.060078
1779541052.654678,0,1,19.186136,2.211174,0.812797,1.000000,0.060078
1779541052.664572,0,1,19.192809,2.218622,0.814413,1.000000,0.060078
1779541052.674554,0,1,19.199492,2.226060,0.815794,1.000000,0.059272
1779541052.684719,0,1,19.206161,2.233512,0.817347,1.000000,0.059272
1779541052.695613,0,1,19.212834,2.240960,0.818702,1.000000,0.059272
1779541052.704584,0,1,19.219488,2.248425,0.820243,1.000000,0.059211
1779541052.714689,0,1,19.226142,2.255889,0.821592,1.000000,0.059211
1779541052.724780,0,1,19.232777,2.263371,0.823130,1.000000,0.059211
1779541052.734339,0,1,19.239412,2.270853,0.824477,1.000000,0.060193
1779541052.744905,0,1,19.246026,2.278353,0.826014,1.000000,0.060193
1779541052.754725,0,1,19.252639,2.285854,0.827361,1.000000,0.060193
1779541052.764740,0,1,19.259231,2.293374,0.828898,1.000000,0.061548
1779541052.774727,0,1,19.265823,2.300893,0.830244,1.000000,0.061548
1779541052.784555,0,1,19.272394,2.308431,0.831781,1.000000,0.061548
1779541052.794620,0,1,19.278965,2.315970,0.833127,1.000000,0.062793
1779541052.804293,0,1,19.285514,2.323527,0.834664,1.000000,0.062793
1779541052.814734,0,1,19.292062,2.331085,0.836010,1.000000,0.062793
1779541052.824672,0,1,19.298590,2.338660,0.837547,1.000000,0.064110
1779541052.834747,0,1,19.305116,2.346237,0.838893,1.000000,0.064110
1779541052.844536,0,1,19.311604,2.353847,0.840676,1.000000,0.064110
1779541052.854459,0,1,19.318030,2.361509,0.842975,1.000000,0.065065
1779541052.864836,0,1,19.324428,2.369194,0.845202,1.000000,0.065065
1779541052.875506,0,1,19.330786,2.376913,0.847665,1.000000,0.066406
1779541052.884629,0,1,19.337129,2.384644,0.849956,1.000000,0.066406
1779541052.894652,0,1,19.343438,2.392402,0.852445,1.000000,0.066406
1779541052.904427,0,1,19.349738,2.400168,0.854748,1.000000,0.066960
1779541052.914804,0,1,19.356006,2.407960,0.857243,1.000000,0.066960
1779541052.924542,0,1,19.362265,2.415759,0.859549,1.000000,0.066960
1779541052.934704,0,1,19.368495,2.423581,0.862046,1.000000,0.066581
1779541052.944335,0,1,19.374716,2.431411,0.864353,1.000000,0.066581
1779541052.954551,0,1,19.380907,2.439264,0.866850,1.000000,0.066581
1779541052.965090,0,1,19.387090,2.447123,0.869158,1.000000,0.066581
1779541052.974398,0,1,19.393243,2.455006,0.871655,1.000000,0.066581
1779541052.984723,0,1,19.399388,2.462895,0.873962,1.000000,0.066581
1779541052.994714,0,1,19.405504,2.470807,0.876460,1.000000,0.066581
1779541053.004525,0,1,19.411611,2.478725,0.878767,1.000000,0.066581
1779541053.014524,0,1,19.417688,2.486667,0.881265,1.000000,0.066581
1779541053.024282,0,1,19.423757,2.494615,0.883572,1.000000,0.066581
1779541053.034312,0,1,19.429796,2.502585,0.886070,1.000000,0.066581
1779541053.044503,0,1,19.435827,2.510562,0.888377,1.000000,0.066581
1779541053.054739,0,1,19.441827,2.518562,0.890875,1.000000,0.066581
1779541053.064271,0,1,19.447820,2.526568,0.893182,1.000000,0.066581
1779541053.074668,0,1,19.453782,2.534596,0.895680,1.000000,0.066581
1779541053.084582,0,1,19.459735,2.542630,0.897987,1.000000,0.066581
1779541053.094634,0,1,19.465659,2.550687,0.900485,1.000000,0.066581
1779541053.104551,0,1,19.471574,2.558750,0.902792,1.000000,0.066581
1779541053.114848,0,1,19.477459,2.566835,0.905290,1.000000,0.066581
1779541053.124227,0,1,19.483335,2.574927,0.907597,1.000000,0.066581
1779541053.134434,0,1,19.489181,2.583040,0.910095,1.000000,0.066581
1779541053.144237,0,1,19.495018,2.591159,0.912402,1.000000,0.066581
1779541053.154665,0,1,19.500825,2.599301,0.914900,1.000000,0.066581
1779541053.164864,0,1,19.506623,2.607448,0.917207,1.000000,0.061926
1779541053.174629,0,1,19.512390,2.615617,0.919705,1.000000,0.061926
1779541053.187003,0,1,19.518169,2.623779,0.921766,1.000000,0.061926
1779541053.194547,0,1,19.523982,2.631916,0.923311,1.000000,0.060065
1779541053.204814,0,1,19.529792,2.640055,0.924928,1.000000,0.060065
1779541053.214230,0,1,19.535614,2.648185,0.926309,1.000000,0.060065
1779541053.224339,0,1,19.541421,2.656326,0.927862,1.000000,0.059056
1779541053.234779,0,1,19.547231,2.664465,0.929217,1.000000,0.059056
1779541053.244805,0,1,19.553021,2.672618,0.930758,1.000000,0.059336
1779541053.255121,0,1,19.558812,2.680771,0.932107,1.000000,0.059336
1779541053.264547,0,1,19.564581,2.688939,0.933645,1.000000,0.059336
1779541053.274945,0,1,19.570350,2.697107,0.934992,1.000000,0.060439
1779541053.284600,0,1,19.576097,2.705291,0.936529,1.000000,0.060439
1779541053.294486,0,1,19.581842,2.713476,0.937876,1.000000,0.060439
1779541053.304679,0,1,19.587565,2.721676,0.939412,1.000000,0.061681
1779541053.314800,0,1,19.593288,2.729877,0.940759,1.000000,0.061681
1779541053.324565,0,1,19.598987,2.738094,0.942296,1.000000,0.061681
1779541053.335009,0,1,19.604686,2.746311,0.943642,1.000000,0.062578
1779541053.344496,0,1,19.610362,2.754544,0.945179,1.000000,0.062578
1779541053.354979,0,1,19.616037,2.762778,0.946525,1.000000,0.062578
1779541053.364666,0,1,19.621689,2.771028,0.948062,1.000000,0.063850
1779541053.375022,0,1,19.627340,2.779278,0.949408,1.000000,0.063850
1779541053.384638,0,1,19.632968,2.787543,0.950945,1.000000,0.065197
1779541053.394804,0,1,19.638596,2.795810,0.952291,1.000000,0.065197
1779541053.404639,0,1,19.644180,2.804105,0.954074,1.000000,0.065197
1779541053.414624,0,1,19.649698,2.812445,0.956373,1.000000,0.066544
1779541053.424899,0,1,19.655186,2.820805,0.958600,1.000000,0.066544
1779541053.434258,0,1,19.660630,2.829193,0.961063,1.000000,0.066544
1779541053.444316,0,1,19.666057,2.837592,0.963354,1.000000,0.066544
1779541053.454651,0,1,19.671448,2.846014,0.965843,1.000000,0.066544
1779541053.464367,0,1,19.676828,2.854444,0.968146,1.000000,0.066544
1779541053.475117,0,1,19.682174,2.862895,0.970641,1.000000,0.066544
1779541053.484142,0,1,19.687511,2.871352,0.972947,1.000000,0.066544
1779541053.494686,0,1,19.692815,2.879829,0.975444,1.000000,0.066544
1779541053.504481,0,1,19.698110,2.888312,0.977751,1.000000,0.066544
1779541053.514365,0,1,19.703373,2.896815,0.980248,1.000000,0.066544
1779541053.524420,0,1,19.708627,2.905324,0.982555,1.000000,0.066544
1779541053.534797,0,1,19.713849,2.913852,0.985053,1.000000,0.066544
1779541053.544612,0,1,19.719062,2.922386,0.987360,1.000000,0.066544
1779541053.555023,0,1,19.724243,2.930939,0.989858,1.000000,0.066544
1779541053.564512,0,1,19.729415,2.939498,0.992165,1.000000,0.066544
1779541053.574465,0,1,19.734554,2.948076,0.994663,1.000000,0.066544
1779541053.584382,0,1,19.739685,2.956659,0.996970,1.000000,0.066544
1779541053.594998,0,1,19.744783,2.965262,0.999468,1.000000,0.066544
1779541053.604789,0,1,19.749872,2.973870,1.001775,1.000000,0.066544
1779541053.614979,0,1,19.754929,2.982497,1.004273,1.000000,0.066544
1779541053.624348,0,1,19.759977,2.991130,1.006580,1.000000,0.066544
1779541053.634699,0,1,19.764993,2.999781,1.009078,1.000000,0.066544
1779541053.645241,0,1,19.769999,3.008438,1.011385,1.000000,0.064792
1779541053.654713,0,1,19.774973,3.017113,1.013883,1.000000,0.064792
1779541053.664430,0,1,19.779937,3.025794,1.016190,1.000000,0.063056
1779541053.674819,0,1,19.784869,3.034493,1.018688,1.000000,0.063056
1779541053.684584,0,1,19.789813,3.043185,1.020749,1.000000,0.063056
1779541053.694574,0,1,19.794793,3.051857,1.022294,1.000000,0.062209
1779541053.704655,0,1,19.799771,3.060530,1.023911,1.000000,0.062209
1779541053.714611,0,1,19.804761,3.069196,1.025292,1.000000,0.062209
1779541053.724609,0,1,19.809735,3.077871,1.026845,1.000000,0.061195
1779541053.735202,0,1,19.814713,3.086544,1.028200,1.000000,0.061195
1779541053.744276,0,1,19.819669,3.095230,1.029741,1.000000,0.061195
1779541053.754709,0,1,19.824626,3.103915,1.031090,1.000000,0.061397
1779541053.764457,0,1,19.829559,3.112613,1.032628,1.000000,0.061397
1779541053.774635,0,1,19.834493,3.121311,1.033975,1.000000,0.061397
1779541053.784251,0,1,19.839402,3.130023,1.035512,1.000000,0.062719
1779541053.794634,0,1,19.844311,3.138735,1.036859,1.000000,0.062719
1779541053.804742,0,1,19.849196,3.147461,1.038395,1.000000,0.063374
1779541053.815096,0,1,19.854080,3.156187,1.039742,1.000000,0.063374
1779541053.824723,0,1,19.858939,3.164927,1.041278,1.000000,0.063374
1779541053.834864,0,1,19.863798,3.173668,1.042625,1.000000,0.063374
1779541053.844711,0,1,19.868632,3.182421,1.044162,1.000000,0.064750
1779541053.855086,0,1,19.873466,3.191176,1.045508,1.000000,0.064750
1779541053.864905,0,1,19.878254,3.199955,1.047291,1.000000,0.064750
1779541053.874848,0,1,19.882972,3.208772,1.049589,1.000000,0.065320
1779541053.884366,0,1,19.887657,3.217606,1.051817,1.000000,0.065320
1779541053.894797,0,1,19.892297,3.226465,1.054280,1.000000,0.065320
1779541053.904532,0,1,19.896918,3.235333,1.056571,1.000000,0.066768
1779541053.914566,0,1,19.901502,3.244220,1.059060,1.000000,0.066768
1779541053.924860,0,1,19.906074,3.253114,1.061363,1.000000,0.066768
1779541053.935080,0,1,19.910611,3.262026,1.063858,1.000000,0.066333
1779541053.944688,0,1,19.915137,3.270943,1.066164,1.000000,0.066333
1779541053.954957,0,1,19.919629,3.279877,1.068661,1.000000,0.066333
1779541053.964531,0,1,19.924112,3.288816,1.070968,1.000000,0.066333
1779541053.975046,0,1,19.928560,3.297772,1.073465,1.000000,0.066333
1779541053.984717,0,1,19.933000,3.306733,1.075772,1.000000,0.066333
1779541053.994571,0,1,19.937405,3.315710,1.078270,1.000000,0.066333
1779541054.004922,0,1,19.941801,3.324692,1.080577,1.000000,0.066333
1779541054.015351,0,1,19.946163,3.333690,1.083075,1.000000,0.066333
1779541054.024725,0,1,19.950516,3.342693,1.085382,1.000000,0.066333
1779541054.034806,0,1,19.954834,3.351713,1.087880,1.000000,0.066333
1779541054.044489,0,1,19.959144,3.360736,1.090187,1.000000,0.066333
1779541054.054404,0,1,19.963419,3.369776,1.092685,1.000000,0.066333
1779541054.064377,0,1,19.967685,3.378821,1.094992,1.000000,0.066333
1779541054.075037,0,1,19.971917,3.387881,1.097490,1.000000,0.066333
1779541054.084614,0,1,19.976140,3.396946,1.099797,1.000000,0.066333
1779541054.094771,0,1,19.980328,3.406027,1.102295,1.000000,0.066333
1779541054.104290,0,1,19.984507,3.415112,1.104602,1.000000,0.066333
1779541054.114744,0,1,19.988651,3.424212,1.107100,1.000000,0.066333
1779541054.124480,0,1,19.992786,3.433317,1.109407,1.000000,0.066333
1779541054.134332,0,1,19.996887,3.442438,1.111905,1.000000,0.066333
1779541054.144748,0,1,20.000979,3.451562,1.114212,1.000000,0.066333
1779541054.154664,0,1,20.005036,3.460702,1.116710,1.000000,0.058976
1779541054.164715,0,1,20.009083,3.469847,1.119017,1.000000,0.058976
1779541054.175001,0,1,20.013096,3.479006,1.121515,1.000000,0.058976
1779541054.184381,0,1,20.017122,3.488160,1.123576,1.000000,0.056230
1779541054.194560,0,1,20.021185,3.497297,1.125121,1.000000,0.056230
1779541054.204555,0,1,20.025246,3.506436,1.126738,1.000000,0.056230
1779541054.214582,0,1,20.029321,3.515568,1.128119,1.000000,0.055052
1779541054.224527,0,1,20.033378,3.524708,1.129672,1.000000,0.055052
1779541054.234535,0,1,20.037439,3.533846,1.131027,1.000000,0.055052
1779541054.244318,0,1,20.041477,3.542994,1.132568,1.000000,0.054448
1779541054.254850,0,1,20.045517,3.552142,1.133917,1.000000,0.054448
1779541054.264881,0,1,20.049531,3.561301,1.135454,1.000000,0.054759
1779541054.274875,0,1,20.053546,3.570460,1.136802,1.000000,0.054759
1779541054.284613,0,1,20.057535,3.579630,1.138339,1.000000,0.054759
1779541054.295204,0,1,20.061524,3.588800,1.139685,1.000000,0.055458
1779541054.304395,0,1,20.065487,3.597981,1.141222,1.000000,0.055458
1779541054.314920,0,1,20.069449,3.607162,1.142569,1.000000,0.055458
1779541054.324727,0,1,20.073386,3.616355,1.144105,1.000000,0.056294
1779541054.334719,0,1,20.077322,3.625548,1.145452,1.000000,0.056294
1779541054.344616,0,1,20.081232,3.634751,1.146988,1.000000,0.056294
1779541054.354954,0,1,20.085142,3.643956,1.148335,1.000000,0.056933
1779541054.364487,0,1,20.089026,3.653171,1.149871,1.000000,0.056933
1779541054.375087,0,1,20.092909,3.662386,1.151218,1.000000,0.057517
1779541054.384539,0,1,20.096766,3.671612,1.152754,1.000000,0.057517
1779541054.394716,0,1,20.100622,3.680839,1.154101,1.000000,0.057517
1779541054.404530,0,1,20.104453,3.690076,1.155637,1.000000,0.058456
1779541054.414460,0,1,20.108282,3.699313,1.156984,1.000000,0.058456
1779541054.424799,0,1,20.112086,3.708562,1.158520,1.000000,0.058456
1779541054.435039,0,1,20.115889,3.717810,1.159867,1.000000,0.059160
1779541054.444759,0,1,20.119667,3.727069,1.161403,1.000000,0.059160
1779541054.455130,0,1,20.123443,3.736329,1.162750,1.000000,0.059160
1779541054.464679,0,1,20.127194,3.745599,1.164286,1.000000,0.059160
1779541054.474779,0,1,20.130943,3.754869,1.165633,1.000000,0.059160
1779541054.484695,0,1,20.134667,3.764150,1.167169,1.000000,0.059160
1779541054.494462,0,1,20.138390,3.773431,1.168516,1.000000,0.059160
1779541054.504766,0,1,20.142087,3.782723,1.170052,1.000000,0.059160
1779541054.514776,0,1,20.145783,3.792014,1.171399,1.000000,0.059160
1779541054.524841,0,1,20.149454,3.801317,1.172935,1.000000,0.059160
1779541054.534796,0,1,20.153123,3.810619,1.174282,1.000000,0.059160
1779541054.544693,0,1,20.156766,3.819932,1.175818,1.000000,0.059160
1779541054.554639,0,1,20.160409,3.829245,1.177165,1.000000,0.059160
1779541054.564696,0,1,20.164025,3.838568,1.178701,1.000000,0.059160
1779541054.574510,0,1,20.167641,3.847891,1.180048,1.000000,0.059160
1779541054.584801,0,1,20.171231,3.857225,1.181584,1.000000,0.059160
1779541054.594356,0,1,20.174820,3.866559,1.182931,1.000000,0.059160
1779541054.604302,0,1,20.178382,3.875902,1.184467,1.000000,0.059160
1779541054.614636,0,1,20.181944,3.885247,1.185814,1.000000,0.059160
1779541054.625210,0,1,20.185480,3.894601,1.187350,1.000000,0.059160
1779541054.634721,0,1,20.189015,3.903955,1.188697,1.000000,0.059160
1779541054.644679,0,1,20.192524,3.913319,1.190233,1.000000,0.059160
1779541054.654417,0,1,20.196032,3.922684,1.191580,1.000000,0.067127
1779541054.664365,0,1,20.199513,3.932058,1.193116,1.000000,0.067127
1779541054.674488,0,1,20.202994,3.941433,1.194463,1.000000,0.067127
1779541054.684744,0,1,20.206426,3.950825,1.196245,1.000000,0.067320
1779541054.694628,0,1,20.209783,3.960245,1.198544,1.000000,0.067320
1779541054.704567,0,1,20.213106,3.969677,1.200772,1.000000,0.068101
1779541054.714928,0,1,20.216379,3.979126,1.203234,1.000000,0.068101
1779541054.724733,0,1,20.219634,3.988581,1.205525,1.000000,0.068101
1779541054.734564,0,1,20.222848,3.998051,1.208015,1.000000,0.068974
1779541054.744586,0,1,20.226049,4.007524,1.210318,1.000000,0.068974
1779541054.754577,0,1,20.229213,4.017011,1.212813,1.000000,0.068974
1779541054.764277,0,1,20.232366,4.026501,1.215119,1.000000,0.068156
1779541054.774446,0,1,20.235483,4.036003,1.217616,1.000000,0.068156
1779541054.784427,0,1,20.238589,4.045508,1.219923,1.000000,0.068156
1779541054.794722,0,1,20.241659,4.055025,1.222420,1.000000,0.067582
1779541054.804628,0,1,20.244719,4.064545,1.224727,1.000000,0.067582
1779541054.814750,0,1,20.247744,4.074077,1.227225,1.000000,0.066637
1779541054.824713,0,1,20.250758,4.083612,1.229532,1.000000,0.066637
1779541054.834895,0,1,20.253736,4.093158,1.232029,1.000000,0.065876
1779541054.844273,0,1,20.256705,4.102707,1.234337,1.000000,0.065876
1779541054.855105,0,1,20.259637,4.112267,1.236834,1.000000,0.065238
1779541054.864456,0,1,20.262560,4.121831,1.239142,1.000000,0.065238
1779541054.874624,0,1,20.265446,4.131405,1.241639,1.000000,0.064829
1779541054.884853,0,1,20.268323,4.140983,1.243947,1.000000,0.064829
1779541054.894859,0,1,20.271163,4.150571,1.246444,1.000000,0.063879
1779541054.904884,0,1,20.273994,4.160162,1.248752,1.000000,0.063879
1779541054.914676,0,1,20.276788,4.169763,1.251249,1.000000,0.063392
1779541054.924897,0,1,20.279595,4.179361,1.253311,1.000000,0.063392
1779541054.934824,0,1,20.282443,4.188947,1.254856,1.000000,0.062433
1779541054.944844,0,1,20.285288,4.198534,1.256473,1.000000,0.062433
1779541054.954614,0,1,20.288146,4.208117,1.257854,1.000000,0.062433
1779541054.964321,0,1,20.290987,4.217705,1.259407,1.000000,0.062433
1779541054.974505,0,1,20.293831,4.227292,1.260761,1.000000,0.062433
1779541054.984668,0,1,20.296652,4.236886,1.262302,1.000000,0.062433
1779541054.994355,0,1,20.299474,4.246479,1.263651,1.000000,0.062433
1779541055.005021,0,1,20.302270,4.256080,1.265189,1.000000,0.062433
1779541055.014809,0,1,20.305066,4.265681,1.266537,1.000000,0.062433
1779541055.024387,0,1,20.307836,4.275290,1.268074,1.000000,0.062433
1779541055.034539,0,1,20.310604,4.284899,1.269420,1.000000,0.062433
1779541055.044336,0,1,20.313346,4.294516,1.270957,1.000000,0.062433
1779541055.054513,0,1,20.316088,4.304133,1.272304,1.000000,0.062433
1779541055.064911,0,1,20.318802,4.313758,1.273840,1.000000,0.064454
1779541055.074793,0,1,20.321516,4.323382,1.275187,1.000000,0.064204
1779541055.084356,0,1,20.324180,4.333021,1.276969,1.000000,0.064204
1779541055.094992,0,1,20.326766,4.342681,1.279268,1.000000,0.064204
1779541055.104632,0,1,20.329317,4.352350,1.281495,1.000000,0.065508
1779541055.114678,0,1,20.331818,4.362032,1.283958,1.000000,0.065508
1779541055.124499,0,1,20.334300,4.371719,1.286249,1.000000,0.065508
1779541055.134478,0,1,20.336740,4.381417,1.288739,1.000000,0.066424
1779541055.144691,0,1,20.339167,4.391118,1.291042,1.000000,0.066424
1779541055.154520,0,1,20.341555,4.400828,1.293537,1.000000,0.066424
1779541055.164359,0,1,20.343933,4.410542,1.295843,1.000000,0.065643
1779541055.175376,0,1,20.346273,4.420264,1.298339,1.000000,0.065643
1779541055.184403,0,1,20.348602,4.429989,1.300646,1.000000,0.065643
1779541055.195183,0,1,20.350895,4.439722,1.303144,1.000000,0.065105
1779541055.204694,0,1,20.353178,4.449458,1.305451,1.000000,0.065105
1779541055.214843,0,1,20.355424,4.459203,1.307948,1.000000,0.065105
1779541055.224852,0,1,20.357659,4.468950,1.310256,1.000000,0.063879
1779541055.234731,0,1,20.359858,4.478705,1.312753,1.000000,0.063879
1779541055.244492,0,1,20.362070,4.488457,1.314815,1.000000,0.063136
1779541055.254664,0,1,20.364323,4.498200,1.316360,1.000000,0.063136
1779541055.264376,0,1,20.366573,4.507944,1.317977,1.000000,0.062579
1779541055.274416,0,1,20.368838,4.517684,1.319358,1.000000,0.062579
1779541055.284409,0,1,20.371083,4.527429,1.320911,1.000000,0.062579
1779541055.294527,0,1,20.373333,4.537172,1.322265,1.000000,0.061859
1779541055.304398,0,1,20.375559,4.546921,1.323806,1.000000,0.061859
1779541055.314707,0,1,20.377786,4.556670,1.325155,1.000000,0.061859
1779541055.324779,0,1,20.379987,4.566425,1.326693,1.000000,0.062736
1779541055.334767,0,1,20.382187,4.576180,1.328040,1.000000,0.062736
1779541055.344426,0,1,20.384361,4.585941,1.329577,1.000000,0.062736
1779541055.354478,0,1,20.386534,4.595702,1.330924,1.000000,0.063916
1779541055.364515,0,1,20.388680,4.605469,1.332461,1.000000,0.063916
1779541055.374990,0,1,20.390825,4.615236,1.333807,1.000000,0.063916
1779541055.385278,0,1,20.392931,4.625012,1.335467,1.000000,0.064684
1779541055.394475,0,1,20.394997,4.634796,1.337290,1.000000,0.064684
1779541055.404836,0,1,20.397021,4.644589,1.339295,1.000000,0.065911
1779541055.414340,0,1,20.398979,4.654396,1.341676,1.000000,0.065911
1779541055.424587,0,1,20.400910,4.664207,1.343935,1.000000,0.065911
1779541055.434403,0,1,20.402794,4.674028,1.346411,1.000000,0.067171
1779541055.444350,0,1,20.404662,4.683852,1.348708,1.000000,0.067171
1779541055.454375,0,1,20.406490,4.693684,1.351200,1.000000,0.067171
1779541055.464643,0,1,20.408305,4.703518,1.353505,1.000000,0.067171
1779541055.474435,0,1,20.410082,4.713358,1.356001,1.000000,0.067171
1779541055.484740,0,1,20.411848,4.723201,1.358307,1.000000,0.067171
1779541055.494700,0,1,20.413576,4.733051,1.360804,1.000000,0.067171
1779541055.505111,0,1,20.415294,4.742902,1.363111,1.000000,0.067171
1779541055.514631,0,1,20.416975,4.752760,1.365609,1.000000,0.067171
1779541055.524996,0,1,20.418645,4.762619,1.367916,1.000000,0.067171
1779541055.534366,0,1,20.420278,4.772485,1.370413,1.000000,0.067171
1779541055.544708,0,1,20.421901,4.782353,1.372721,1.000000,0.067171
1779541055.554424,0,1,20.423487,4.792226,1.375218,1.000000,0.067171
1779541055.564316,0,1,20.425062,4.802101,1.377526,1.000000,0.067171
1779541055.574718,0,1,20.426600,4.811982,1.380023,1.000000,0.067171
1779541055.584571,0,1,20.428128,4.821865,1.382331,1.000000,0.067171
1779541055.594695,0,1,20.429619,4.831753,1.384828,1.000000,0.067171
1779541055.604324,0,1,20.431099,4.841643,1.387136,1.000000,0.067171
1779541055.614454,0,1,20.432542,4.851538,1.389633,1.000000,0.067171
1779541055.624776,0,1,20.433975,4.861435,1.391941,1.000000,0.067171
1779541055.634884,0,1,20.435371,4.871337,1.394438,1.000000,0.063735
1779541055.644905,0,1,20.436756,4.881241,1.396746,1.000000,0.063735
1779541055.654680,0,1,20.438104,4.891149,1.399243,1.000000,0.063735
1779541055.664960,0,1,20.439465,4.901056,1.401305,1.000000,0.062266
1779541055.674757,0,1,20.440868,4.910957,1.402850,1.000000,0.062266
1779541055.685517,0,1,20.442268,4.920859,1.404466,1.000000,0.062266
1779541055.694716,0,1,20.443683,4.930758,1.405848,1.000000,0.061651
1779541055.704371,0,1,20.445078,4.940660,1.407401,1.000000,0.061651
1779541055.714714,0,1,20.446478,4.950562,1.408755,1.000000,0.061651
1779541055.725032,0,1,20.447854,4.960467,1.410296,1.000000,0.061581
1779541055.734370,0,1,20.449230,4.970372,1.411645,1.000000,0.061581
1779541055.745087,0,1,20.450580,4.980280,1.413183,1.000000,0.062470
1779541055.755201,0,1,20.451929,4.990189,1.414530,1.000000,0.062470
1779541055.764668,0,1,20.453252,5.000101,1.416067,1.000000,0.062470
1779541055.774784,0,1,20.454573,5.010013,1.417414,1.000000,0.063849
1779541055.784363,0,1,20.455867,5.019929,1.418951,1.000000,0.063849
1779541055.794499,0,1,20.457161,5.029845,1.420297,1.000000,0.063849
1779541055.804371,0,1,20.458426,5.039765,1.421834,1.000000,0.065293
1779541055.814323,0,1,20.459691,5.049684,1.423180,1.000000,0.065293
1779541055.824639,0,1,20.460904,5.059610,1.424963,1.000000,0.065293
1779541055.834839,0,1,20.462038,5.069546,1.427262,1.000000,0.066696
1779541055.844349,0,1,20.463136,5.079486,1.429489,1.000000,0.066696
1779541055.854708,0,1,20.464181,5.089431,1.431952,1.000000,0.068808
1779541055.864347,0,1,20.465207,5.099378,1.434243,1.000000,0.068808
1779541055.874904,0,1,20.466191,5.109329,1.436732,1.000000,0.068808
1779541055.884546,0,1,20.467161,5.119282,1.439035,1.000000,0.070121
1779541055.894567,0,1,20.468092,5.129239,1.441531,1.000000,0.070121
1779541055.904745,0,1,20.469011,5.139197,1.443837,1.000000,0.070122
1779541055.914793,0,1,20.469892,5.149158,1.446333,1.000000,0.070122
1779541055.924634,0,1,20.470762,5.159120,1.448640,1.000000,0.070122
1779541055.935171,0,1,20.471594,5.169085,1.451138,1.000000,0.069881
1779541055.944592,0,1,20.472416,5.179051,1.453445,1.000000,0.069881
1779541055.954847,0,1,20.473201,5.189020,1.455942,1.000000,0.069881
1779541055.964589,0,1,20.473975,5.198990,1.458250,1.000000,0.069881
1779541055.974419,0,1,20.474711,5.208963,1.460747,1.000000,0.069881
1779541055.984339,0,1,20.475437,5.218937,1.463055,1.000000,0.069881
1779541055.994608,0,1,20.476126,5.228913,1.465552,1.000000,0.069881
1779541056.004849,0,1,20.476804,5.238890,1.467860,1.000000,0.069881
1779541056.014739,0,1,20.477444,5.248869,1.470357,1.000000,0.069881
1779541056.024613,0,1,20.478075,5.258850,1.472665,1.000000,0.069881
1779541056.034423,0,1,20.478667,5.268832,1.475162,1.000000,0.069881
1779541056.044518,0,1,20.479249,5.278815,1.477470,1.000000,0.069881
1779541056.054620,0,1,20.479794,5.288800,1.479967,1.000000,0.069881
1779541056.064452,0,1,20.480328,5.298786,1.482275,1.000000,0.069881
1779541056.074570,0,1,20.480825,5.308773,1.484772,1.000000,0.069881
1779541056.084484,0,1,20.481311,5.318762,1.487080,1.000000,0.069881
1779541056.094481,0,1,20.481759,5.328752,1.489577,1.000000,0.069881
1779541056.104405,0,1,20.482198,5.338742,1.491885,1.000000,0.069881
1779541056.114655,0,1,20.482598,5.348734,1.494382,1.000000,0.069881
1779541056.124423,0,1,20.482988,5.358726,1.496690,1.000000,0.069881
1779541056.134640,0,1,20.483341,5.368720,1.499187,1.000000,0.069881
1779541056.144272,0,1,20.483683,5.378714,1.501494,1.000000,0.067524
1779541056.154850,0,1,20.483988,5.388710,1.503992,1.000000,0.067524
1779541056.164991,0,1,20.484282,5.398705,1.506299,1.000000,0.067524
1779541056.174451,0,1,20.484538,5.408702,1.508797,1.000000,0.066568
1779541056.184817,0,1,20.484785,5.418699,1.511104,1.000000,0.066568
1779541056.194814,0,1,20.484993,5.428697,1.513602,1.000000,0.066568
1779541056.204765,0,1,20.485191,5.438695,1.515909,1.000000,0.066206
1779541056.214414,0,1,20.485352,5.448693,1.518407,1.000000,0.066206
1779541056.224379,0,1,20.485502,5.458692,1.520714,1.000000,0.066206
1779541056.234833,0,1,20.485614,5.468692,1.523212,1.000000,0.066138
1779541056.244427,0,1,20.485716,5.478691,1.525519,1.000000,0.066138
1779541056.254722,0,1,20.485780,5.488691,1.528017,1.000000,0.066126
1779541056.264396,0,1,20.485834,5.498691,1.530324,1.000000,0.066126
1779541056.274668,0,1,20.485851,5.508691,1.532822,1.000000,0.066126
1779541056.284743,0,1,20.485857,5.518691,1.535129,1.000000,0.065851
1779541056.294466,0,1,20.485825,5.528691,1.537627,1.000000,0.065851
1779541056.304418,0,1,20.485783,5.538691,1.539934,1.000000,0.065851
1779541056.314897,0,1,20.485703,5.548690,1.542432,1.000000,0.065936
1779541056.324758,0,1,20.485613,5.558690,1.544739,1.000000,0.065936
1779541056.334419,0,1,20.485485,5.568689,1.547237,1.000000,0.065936
1779541056.344340,0,1,20.485347,5.578688,1.549544,1.000000,0.065842
1779541056.354481,0,1,20.485171,5.588687,1.552042,1.000000,0.065842
1779541056.364641,0,1,20.484984,5.598685,1.554349,1.000000,0.065732
1779541056.374830,0,1,20.484761,5.608682,1.556847,1.000000,0.065732
1779541056.384550,0,1,20.484526,5.618680,1.559154,1.000000,0.065732
1779541056.394938,0,1,20.484254,5.628676,1.561652,1.000000,0.065887
1779541056.404521,0,1,20.483972,5.638672,1.563959,1.000000,0.065887
1779541056.414504,0,1,20.483652,5.648667,1.566457,1.000000,0.065887
1779541056.424574,0,1,20.483321,5.658661,1.568764,1.000000,0.065931
1779541056.434945,0,1,20.482953,5.668654,1.571262,1.000000,0.065931
1779541056.444975,0,1,20.482575,5.678647,1.573569,1.000000,0.065931
1779541056.454813,0,1,20.482159,5.688639,1.576067,1.000000,0.065931
1779541056.464615,0,1,20.481733,5.698629,1.578374,1.000000,0.065931
1779541056.474796,0,1,20.481269,5.708619,1.580872,1.000000,0.065931
1779541056.484739,0,1,20.480794,5.718607,1.583179,1.000000,0.065931
1779541056.494795,0,1,20.480282,5.728594,1.585677,1.000000,0.065931
1779541056.505978,0,1,20.479760,5.738581,1.587984,1.000000,0.065931
1779541056.515020,0,1,20.479200,5.748565,1.590482,1.000000,0.065931
1779541056.524868,0,1,20.478629,5.758549,1.592789,1.000000,0.065931
1779541056.534532,0,1,20.478021,5.768530,1.595287,1.000000,0.065931
1779541056.544290,0,1,20.477403,5.778511,1.597594,1.000000,0.065931
1779541056.554839,0,1,20.476747,5.788489,1.600092,1.000000,0.065931
1779541056.564307,0,1,20.476081,5.798467,1.602399,1.000000,0.065931
1779541056.574709,0,1,20.475377,5.808442,1.604897,1.000000,0.065931
1779541056.585047,0,1,20.474663,5.818417,1.607204,1.000000,0.065931
1779541056.594393,0,1,20.473911,5.828389,1.609702,1.000000,0.065931
1779541056.605139,0,1,20.473149,5.838359,1.612009,1.000000,0.065931
1779541056.614981,0,1,20.472349,5.848327,1.614507,1.000000,0.065931
1779541056.624724,0,1,20.471539,5.858295,1.616814,1.000000,0.065931
1779541056.634276,0,1,20.470691,5.868259,1.619312,1.000000,0.065931
1779541056.644253,0,1,20.469833,5.878222,1.621619,1.000000,0.065931
1779541056.654946,0,1,20.468938,5.888182,1.624117,1.000000,0.069680
1779541056.665276,0,1,20.468032,5.898140,1.626424,1.000000,0.067891
1779541056.674980,0,1,20.467089,5.908096,1.628922,1.000000,0.067891
1779541056.684607,0,1,20.466135,5.918050,1.631229,1.000000,0.068152
1779541056.694933,0,1,20.465144,5.928001,1.633727,1.000000,0.068152
1779541056.704875,0,1,20.464143,5.937951,1.636034,1.000000,0.068503
1779541056.714714,0,1,20.463104,5.947897,1.638532,1.000000,0.068503
1779541056.724674,0,1,20.462055,5.957841,1.640839,1.000000,0.068948
1779541056.734747,0,1,20.460968,5.967782,1.643337,1.000000,0.069344
1779541056.744722,0,1,20.459871,5.977722,1.645644,1.000000,0.069344
1779541056.754732,0,1,20.458736,5.987657,1.648142,1.000000,0.069513
1779541056.764973,0,1,20.457592,5.997591,1.650449,1.000000,0.069513
1779541056.774888,0,1,20.456409,6.007521,1.652947,1.000000,0.069863
1779541056.784804,0,1,20.455217,6.017450,1.655254,1.000000,0.069863
1779541056.794759,0,1,20.453987,6.027374,1.657752,1.000000,0.070449
1779541056.804663,0,1,20.452747,6.037297,1.660059,1.000000,0.070449
1779541056.814633,0,1,20.451469,6.047215,1.662557,1.000000,0.071045
1779541056.824681,0,1,20.450181,6.057132,1.664864,1.000000,0.071045
1779541056.834512,0,1,20.448856,6.067043,1.667362,1.000000,0.071404
1779541056.844877,0,1,20.447521,6.076954,1.669669,1.000000,0.071404
1779541056.855030,0,1,20.446148,6.086859,1.672167,1.000000,0.071846
1779541056.864657,0,1,20.444765,6.096763,1.674474,1.000000,0.072151
1779541056.874976,0,1,20.443345,6.106662,1.676972,1.000000,0.072151
1779541056.884606,0,1,20.441914,6.116559,1.679279,1.000000,0.072842
1779541056.894415,0,1,20.440446,6.126450,1.681777,1.000000,0.072842
1779541056.904578,0,1,20.438968,6.136341,1.684084,1.000000,0.073386
1779541056.914731,0,1,20.437452,6.146225,1.686582,1.000000,0.073386
1779541056.924517,0,1,20.435927,6.156108,1.688889,1.000000,0.073942
1779541056.934936,0,1,20.434364,6.165985,1.691387,1.000000,0.073942
1779541056.944677,0,1,20.432790,6.175861,1.693694,1.000000,0.073942
1779541056.954867,0,1,20.431180,6.185730,1.696192,1.000000,0.073942
1779541056.964817,0,1,20.429560,6.195598,1.698499,1.000000,0.073942
1779541056.974806,0,1,20.427902,6.205459,1.700997,1.000000,0.073942
1779541056.984407,0,1,20.426234,6.215319,1.703304,1.000000,0.073942
1779541056.994834,0,1,20.424529,6.225173,1.705802,1.000000,0.073942
1779541057.004828,0,1,20.422813,6.235025,1.708109,1.000000,0.073942
1779541057.014736,0,1,20.421061,6.244870,1.710607,1.000000,0.073942
1779541057.024884,0,1,20.419298,6.254713,1.712914,1.000000,0.073942
1779541057.034813,0,1,20.417498,6.264550,1.715412,1.000000,0.073942
1779541057.044669,0,1,20.415688,6.274385,1.717719,1.000000,0.079775
1779541057.054929,0,1,20.413841,6.284213,1.720217,1.000000,0.079775
1779541057.064708,0,1,20.411984,6.294039,1.722524,1.000000,0.079414
1779541057.074885,0,1,20.410090,6.303858,1.725022,1.000000,0.079414
1779541057.084927,0,1,20.408186,6.313675,1.727329,1.000000,0.080150
1779541057.094754,0,1,20.406244,6.323484,1.729827,1.000000,0.080150
1779541057.105023,0,1,20.404293,6.333292,1.732134,1.000000,0.081181
1779541057.114807,0,1,20.402304,6.343093,1.734632,1.000000,0.081181
1779541057.124734,0,1,20.400306,6.352891,1.736939,1.000000,0.082212
1779541057.134432,0,1,20.398270,6.362681,1.739437,1.000000,0.082212
1779541057.144476,0,1,20.396224,6.372470,1.741744,1.000000,0.083154
1779541057.154674,0,1,20.394142,6.382251,1.744242,1.000000,0.083154
1779541057.164769,0,1,20.392049,6.392029,1.746549,1.000000,0.084107
1779541057.174896,0,1,20.389920,6.401800,1.749047,1.000000,0.084543
1779541057.184734,0,1,20.387780,6.411568,1.751354,1.000000,0.084543
1779541057.194903,0,1,20.385604,6.421328,1.753852,1.000000,0.085884
1779541057.204802,0,1,20.383417,6.431086,1.756159,1.000000,0.085884
1779541057.215119,0,1,20.381194,6.440836,1.758657,1.000000,0.087028
1779541057.224768,0,1,20.378960,6.450584,1.760964,1.000000,0.087028
1779541057.235162,0,1,20.376690,6.460322,1.763462,1.000000,0.088067
1779541057.244610,0,1,20.374410,6.470059,1.765769,1.000000,0.088067
1779541057.254873,0,1,20.372093,6.479787,1.768267,1.000000,0.089151
1779541057.264617,0,1,20.369766,6.489512,1.770574,1.000000,0.089779
1779541057.274735,0,1,20.367402,6.499229,1.773072,1.000000,0.089779
1779541057.285218,0,1,20.365029,6.508943,1.775379,1.000000,0.091070
1779541057.294714,0,1,20.362618,6.518648,1.777877,1.000000,0.091070
1779541057.305262,0,1,20.360198,6.528351,1.780184,1.000000,0.092302
1779541057.314387,0,1,20.357741,6.538045,1.782682,1.000000,0.092302
1779541057.325092,0,1,20.355274,6.547735,1.784989,1.000000,0.093509
1779541057.334875,0,1,20.352771,6.557417,1.787487,1.000000,0.093509
1779541057.344798,0,1,20.350257,6.567096,1.789794,1.000000,0.094773
1779541057.354720,0,1,20.347707,6.576765,1.792292,1.000000,0.094773
1779541057.364655,0,1,20.345147,6.586432,1.794599,1.000000,0.095893
1779541057.374675,0,1,20.342551,6.596089,1.797097,1.000000,0.096446
1779541057.384490,0,1,20.339945,6.605744,1.799404,1.000000,0.096446
1779541057.394849,0,1,20.337279,6.615382,1.802148,1.000000,0.096446
1779541057.404721,0,1,20.334527,6.624995,1.805408,1.000000,0.098043
1779541057.415111,0,1,20.331731,6.634597,1.808596,1.000000,0.098475
1779541057.424997,0,1,20.328875,6.644180,1.812020,1.000000,0.098475
1779541057.434535,0,1,20.325991,6.653755,1.815272,1.000000,0.098475
1779541057.444627,0,1,20.323057,6.663315,1.818722,1.000000,0.098475
1779541057.455079,0,1,20.320101,6.672868,1.821986,1.000000,0.098475
1779541057.464795,0,1,20.317098,6.682407,1.825442,1.000000,0.098475
1779541057.474950,0,1,20.314075,6.691939,1.828709,1.000000,0.098475
1779541057.484724,0,1,20.311007,6.701456,1.832167,1.000000,0.098475
1779541057.494900,0,1,20.307919,6.710968,1.835435,1.000000,0.098475
1779541057.504433,0,1,20.304785,6.720464,1.838893,1.000000,0.098475
1779541057.514744,0,1,20.301633,6.729954,1.842161,1.000000,0.098475
1779541057.524779,0,1,20.298436,6.739429,1.845620,1.000000,0.098475
1779541057.535003,0,1,20.295219,6.748898,1.848888,1.000000,0.098475
1779541057.544794,0,1,20.291959,6.758351,1.852347,1.000000,0.098475
1779541057.554418,0,1,20.288679,6.767798,1.855615,1.000000,0.097843
1779541057.565153,0,1,20.285354,6.777229,1.859074,1.000000,0.097843
1779541057.575004,0,1,20.282011,6.786654,1.862342,1.000000,0.095908
1779541057.584728,0,1,20.278623,6.796062,1.865801,1.000000,0.095908
1779541057.594830,0,1,20.275227,6.805468,1.868946,1.000000,0.095303
1779541057.604806,0,1,20.271825,6.814872,1.871928,1.000000,0.095303
1779541057.614790,0,1,20.268418,6.824274,1.874728,1.000000,0.094518
1779541057.624891,0,1,20.265029,6.833682,1.877153,1.000000,0.094518
1779541057.634693,0,1,20.261621,6.843083,1.879698,1.000000,0.093743
1779541057.644755,0,1,20.258212,6.852484,1.882027,1.000000,0.093743
1779541057.654799,0,1,20.254774,6.861875,1.884535,1.000000,0.093269
1779541057.664694,0,1,20.251330,6.871263,1.886848,1.000000,0.093269
1779541057.675326,0,1,20.247852,6.880638,1.889349,1.000000,0.093626
1779541057.684607,0,1,20.244365,6.890011,1.891658,1.000000,0.093773
1779541057.695350,0,1,20.240844,6.899370,1.894156,1.000000,0.093773
1779541057.704539,0,1,20.237314,6.908727,1.896464,1.000000,0.094334
1779541057.714761,0,1,20.233749,6.918069,1.898962,1.000000,0.094334
1779541057.724659,0,1,20.230174,6.927409,1.901270,1.000000,0.094780
1779541057.734619,0,1,20.226564,6.936734,1.903767,1.000000,0.094780
1779541057.744500,0,1,20.222944,6.946056,1.906075,1.000000,0.095414
1779541057.754709,0,1,20.219290,6.955364,1.908572,1.000000,0.095414
1779541057.764402,0,1,20.215626,6.964669,1.910880,1.000000,0.095975
1779541057.774750,0,1,20.211926,6.973960,1.913378,1.000000,0.095975
1779541057.784345,0,1,20.208218,6.983246,1.915685,1.000000,0.096536
1779541057.794577,0,1,20.204463,6.992515,1.918306,1.000000,0.096795
1779541057.804428,0,1,20.200650,7.001759,1.921212,1.000000,0.096795
1779541057.815006,0,1,20.196763,7.010973,1.924531,1.000000,0.096795
1779541057.824820,0,1,20.192838,7.020171,1.927742,1.000000,0.097635
1779541057.834529,0,1,20.188859,7.029345,1.931175,1.000000,0.097635
1779541057.844324,0,1,20.184856,7.038508,1.934431,1.000000,0.098061
1779541057.854515,0,1,20.180805,7.047651,1.937884,1.000000,0.098061
1779541057.864695,0,1,20.176733,7.056784,1.941149,1.000000,0.097582
1779541057.874496,0,1,20.172617,7.065898,1.944605,1.000000,0.097582
1779541057.884855,0,1,20.168482,7.075003,1.947873,1.000000,0.096693
1779541057.894384,0,1,20.164303,7.084088,1.951331,1.000000,0.096220
1779541057.904939,0,1,20.160106,7.093165,1.954599,1.000000,0.096220
1779541057.914637,0,1,20.155866,7.102221,1.958057,1.000000,0.095429
1779541057.924905,0,1,20.151608,7.111269,1.961325,1.000000,0.095429
1779541057.934510,0,1,20.147307,7.120297,1.964784,1.000000,0.095429
1779541057.944681,0,1,20.143009,7.129327,1.967806,1.000000,0.095429
1779541057.954943,0,1,20.138741,7.138370,1.970312,1.000000,0.095429
1779541057.964765,0,1,20.134461,7.147408,1.972890,1.000000,0.095429
1779541057.975029,0,1,20.130186,7.156448,1.975232,1.000000,0.095429
1779541057.984644,0,1,20.125885,7.165476,1.977746,1.000000,0.095429
1779541057.995039,0,1,20.121579,7.174501,1.980062,1.000000,0.095429
1779541058.004633,0,1,20.117242,7.183512,1.982564,1.000000,0.095429
1779541058.014969,0,1,20.112898,7.192519,1.984874,1.000000,0.095429
1779541058.024986,0,1,20.108521,7.201510,1.987372,1.000000,0.095429
1779541058.034581,0,1,20.104134,7.210497,1.989681,1.000000,0.095429
1779541058.044643,0,1,20.099715,7.219467,1.992179,1.000000,0.095429
1779541058.054561,0,1,20.095286,7.228433,1.994486,1.000000,0.092921
1779541058.064735,0,1,20.090824,7.237382,1.996984,1.000000,0.092291
1779541058.074810,0,1,20.086352,7.246327,1.999292,1.000000,0.092291
1779541058.084631,0,1,20.081847,7.255254,2.001789,1.000000,0.092605
1779541058.094508,0,1,20.077333,7.264177,2.004097,1.000000,0.092605
1779541058.104543,0,1,20.072785,7.273083,2.006594,1.000000,0.092829
1779541058.114651,0,1,20.068227,7.281984,2.008902,1.000000,0.092829
1779541058.124322,0,1,20.063637,7.290868,2.011399,1.000000,0.093051
1779541058.134851,0,1,20.059037,7.299748,2.013707,1.000000,0.093043
1779541058.144722,0,1,20.054403,7.308609,2.016204,1.000000,0.093043
1779541058.154676,0,1,20.049761,7.317466,2.018512,1.000000,0.093404
1779541058.164869,0,1,20.045085,7.326306,2.021009,1.000000,0.093404
1779541058.174692,0,1,20.040400,7.335140,2.023317,1.000000,0.093621
1779541058.184989,0,1,20.035682,7.343957,2.025814,1.000000,0.093621
1779541058.194843,0,1,20.030954,7.352769,2.028122,1.000000,0.093850
1779541058.205370,0,1,20.026194,7.361564,2.030619,1.000000,0.093961
1779541058.214756,0,1,20.021424,7.370353,2.032927,1.000000,0.093961
1779541058.224655,0,1,20.016621,7.379124,2.035424,1.000000,0.094192
1779541058.235006,0,1,20.011809,7.387890,2.037732,1.000000,0.094192
1779541058.244645,0,1,20.006965,7.396638,2.040229,1.000000,0.094396
1779541058.254938,0,1,20.002111,7.405381,2.042537,1.000000,0.094396
1779541058.264863,0,1,19.997224,7.414106,2.045034,1.000000,0.094589
1779541058.274917,0,1,19.992328,7.422825,2.047342,1.000000,0.094589
1779541058.284485,0,1,19.987399,7.431526,2.049839,1.000000,0.094737
1779541058.295221,0,1,19.982461,7.440222,2.052147,1.000000,0.094879
1779541058.304774,0,1,19.977491,7.448899,2.054644,1.000000,0.094879
1779541058.314754,0,1,19.972511,7.457571,2.056952,1.000000,0.094879
1779541058.324736,0,1,19.967499,7.466224,2.059449,1.000000,0.095069
1779541058.334687,0,1,19.962478,7.474872,2.061757,1.000000,0.095042
1779541058.344645,0,1,19.957425,7.483502,2.064254,1.000000,0.095042
1779541058.354724,0,1,19.952362,7.492125,2.066562,1.000000,0.095188
1779541058.364542,0,1,19.947267,7.500730,2.069059,1.000000,0.095188
1779541058.374368,0,1,19.942163,7.509329,2.071367,1.000000,0.095214
1779541058.384521,0,1,19.937027,7.517910,2.073864,1.000000,0.095214
1779541058.394420,0,1,19.931881,7.526484,2.076172,1.000000,0.095384
1779541058.404839,0,1,19.926704,7.535040,2.078669,1.000000,0.095489
1779541058.414331,0,1,19.921518,7.543589,2.080977,1.000000,0.095489
1779541058.424362,0,1,19.916299,7.552120,2.083474,1.000000,0.095596
1779541058.434656,0,1,19.911072,7.560645,2.085782,1.000000,0.095596
1779541058.444757,0,1,19.905812,7.569150,2.088279,1.000000,0.095596
1779541058.454751,0,1,19.900544,7.577650,2.090587,1.000000,0.095596
1779541058.464363,0,1,19.895244,7.586129,2.093084,1.000000,0.095596
1779541058.475032,0,1,19.889934,7.594604,2.095392,1.000000,0.095596
1779541058.484730,0,1,19.884594,7.603058,2.097889,1.000000,0.095596
1779541058.494929,0,1,19.879244,7.611507,2.100197,1.000000,0.095596
1779541058.504893,0,1,19.873862,7.619935,2.102694,1.000000,0.095596
1779541058.514415,0,1,19.868472,7.628358,2.105002,1.000000,0.095596
1779541058.524981,0,1,19.863050,7.636761,2.107499,1.000000,0.095596
1779541058.534758,0,1,19.857619,7.645157,2.109807,1.000000,0.095596
1779541058.544716,0,1,19.852157,7.653534,2.112304,1.000000,0.095596
1779541058.554655,0,1,19.846686,7.661904,2.114612,1.000000,0.095596
1779541058.564671,0,1,19.841184,7.670254,2.117109,1.000000,0.096041
1779541058.574884,0,1,19.835673,7.678599,2.119417,1.000000,0.096041
1779541058.584848,0,1,19.830120,7.686916,2.122037,1.000000,0.095726
1779541058.594758,0,1,19.824526,7.695205,2.124821,1.000000,0.095726
1779541058.604691,0,1,19.818908,7.703477,2.127541,1.000000,0.095649
1779541058.614706,0,1,19.813292,7.711751,2.129930,1.000000,0.095649
1779541058.624691,0,1,19.807652,7.720009,2.132460,1.000000,0.095556
1779541058.634765,0,1,19.802007,7.728263,2.134780,1.000000,0.095556
1779541058.644356,0,1,19.796334,7.736498,2.137284,1.000000,0.095090
1779541058.654361,0,1,19.790653,7.744728,2.139594,1.000000,0.095090
1779541058.664783,0,1,19.784943,7.752937,2.142093,1.000000,0.095090
1779541058.675180,0,1,19.779224,7.761141,2.144402,1.000000,0.094796
1779541058.685126,0,1,19.773475,7.769323,2.146900,1.000000,0.094591
1779541058.694477,0,1,19.767717,7.777499,2.149207,1.000000,0.094591
1779541058.704556,0,1,19.761929,7.785654,2.151705,1.000000,0.094399
1779541058.714585,0,1,19.756133,7.793802,2.154013,1.000000,0.094399
1779541058.724479,0,1,19.750306,7.801929,2.156510,1.000000,0.094304
1779541058.734631,0,1,19.744470,7.810050,2.158818,1.000000,0.094304
1779541058.744758,0,1,19.738604,7.818149,2.161315,1.000000,0.094144
1779541058.754593,0,1,19.732729,7.826241,2.163623,1.000000,0.094144
1779541058.765081,0,1,19.726825,7.834312,2.166120,1.000000,0.093944
1779541058.774608,0,1,19.720911,7.842376,2.168428,1.000000,0.093944
1779541058.784332,0,1,19.714968,7.850418,2.170925,1.000000,0.093682
1779541058.794398,0,1,19.709016,7.858454,2.173233,1.000000,0.093682
1779541058.804378,0,1,19.703033,7.866467,2.175730,1.000000,0.093525
1779541058.814563,0,1,19.697043,7.874474,2.178038,1.000000,0.093525
1779541058.824572,0,1,19.691022,7.882458,2.180535,1.000000,0.093309
1779541058.834708,0,1,19.684993,7.890437,2.182843,1.000000,0.093309
1779541058.844853,0,1,19.678934,7.898392,2.185340,1.000000,0.093038
1779541058.854865,0,1,19.672867,7.906341,2.187648,1.000000,0.093038
1779541058.864796,0,1,19.666770,7.914268,2.190145,1.000000,0.092714
1779541058.874801,0,1,19.660665,7.922187,2.192453,1.000000,0.092714
1779541058.884919,0,1,19.654530,7.930084,2.194950,1.000000,0.092478
1779541058.894803,0,1,19.648386,7.937975,2.197258,1.000000,0.092478
1779541058.904797,0,1,19.642213,7.945842,2.199755,1.000000,0.092197
1779541058.915515,0,1,19.636032,7.953703,2.202063,1.000000,0.092197
1779541058.924882,0,1,19.629822,7.961541,2.204560,1.000000,0.091860
1779541058.934863,0,1,19.623603,7.969372,2.206868,1.000000,0.091860
1779541058.944790,0,1,19.617355,7.977179,2.209365,1.000000,0.091860
1779541058.954966,0,1,19.611098,7.984980,2.211673,1.000000,0.091860
1779541058.964433,0,1,19.604812,7.992758,2.214170,1.000000,0.091860
1779541058.975073,0,1,19.598519,8.000529,2.216478,1.000000,0.091860
1779541058.984544,0,1,19.592196,8.008276,2.218975,1.000000,0.091860
1779541058.994973,0,1,19.585864,8.016017,2.221283,1.000000,0.091860
1779541059.004695,0,1,19.579504,8.023733,2.223780,1.000000,0.091860
1779541059.014358,0,1,19.573136,8.031443,2.226088,1.000000,0.091860
1779541059.024684,0,1,19.566739,8.039130,2.228585,1.000000,0.091860
1779541059.034877,0,1,19.560334,8.046809,2.230893,1.000000,0.091860
1779541059.044769,0,1,19.553900,8.054464,2.233390,1.000000,0.091860
1779541059.054703,0,1,19.547458,8.062113,2.235698,1.000000,0.091860
1779541059.064621,0,1,19.540987,8.069737,2.238195,1.000000,0.091860
1779541059.074687,0,1,19.534508,8.077354,2.240503,1.000000,0.091860
1779541059.084394,0,1,19.528001,8.084948,2.243000,1.000000,0.091860
1779541059.094785,0,1,19.521486,8.092534,2.245308,1.000000,0.091860
1779541059.104957,0,1,19.514942,8.100096,2.247805,1.000000,0.091860
1779541059.114538,0,1,19.508390,8.107650,2.250113,1.000000,0.087324
1779541059.125174,0,1,19.501810,8.115181,2.252610,1.000000,0.087324
1779541059.134756,0,1,19.495223,8.122704,2.254918,1.000000,0.087324
1779541059.144708,0,1,19.488607,8.130203,2.257415,1.000000,0.087131
1779541059.154746,0,1,19.481983,8.137694,2.259723,1.000000,0.087131
1779541059.164688,0,1,19.475331,8.145161,2.262220,1.000000,0.087131
1779541059.175000,0,1,19.468671,8.152620,2.264527,1.000000,0.086218
1779541059.184515,0,1,19.461983,8.160055,2.267025,1.000000,0.086218
1779541059.194826,0,1,19.455287,8.167483,2.269332,1.000000,0.086218
1779541059.204683,0,1,19.448564,8.174885,2.271830,1.000000,0.085419
1779541059.214869,0,1,19.441833,8.182280,2.274137,1.000000,0.085419
1779541059.224672,0,1,19.435074,8.189650,2.276635,1.000000,0.085419
1779541059.235265,0,1,19.428307,8.197013,2.278942,1.000000,0.084475
1779541059.244696,0,1,19.421513,8.204350,2.281440,1.000000,0.084475
1779541059.254398,0,1,19.414711,8.211681,2.283747,1.000000,0.084475
1779541059.264665,0,1,19.407881,8.218985,2.286245,1.000000,0.083543
1779541059.274948,0,1,19.401044,8.226283,2.288552,1.000000,0.083543
1779541059.284656,0,1,19.394180,8.233555,2.291050,1.000000,0.083543
1779541059.295210,0,1,19.387308,8.240819,2.293357,1.000000,0.082910
1779541059.304721,0,1,19.380408,8.248058,2.295855,1.000000,0.082910
1779541059.314775,0,1,19.373501,8.255289,2.298162,1.000000,0.082910
1779541059.324714,0,1,19.366567,8.262495,2.300660,1.000000,0.081540
1779541059.334841,0,1,19.359626,8.269693,2.302967,1.000000,0.081540
1779541059.344438,0,1,19.352657,8.276865,2.305465,1.000000,0.080805
1779541059.354843,0,1,19.345681,8.284030,2.307772,1.000000,0.080805
1779541059.364742,0,1,19.338678,8.291169,2.310270,1.000000,0.080805
1779541059.374742,0,1,19.331668,8.298300,2.312577,1.000000,0.079654
1779541059.384374,0,1,19.324631,8.305404,2.315075,1.000000,0.079654
1779541059.394431,0,1,19.317586,8.312502,2.317382,1.000000,0.079654
1779541059.404381,0,1,19.310515,8.319573,2.319880,1.000000,0.079654
1779541059.414755,0,1,19.303436,8.326636,2.322187,1.000000,0.078556
1779541059.425124,0,1,19.296331,8.333673,2.324685,1.000000,0.078556
1779541059.434449,0,1,19.289218,8.340702,2.326992,1.000000,0.077240
1779541059.444421,0,1,19.282079,8.347705,2.329490,1.000000,0.077240
1779541059.454757,0,1,19.274933,8.354700,2.331797,1.000000,0.077240
1779541059.464324,0,1,19.267761,8.361668,2.334295,1.000000,0.077240
1779541059.474431,0,1,19.260581,8.368629,2.336602,1.000000,0.077240
1779541059.484322,0,1,19.253375,8.375563,2.339100,1.000000,0.077240
1779541059.494972,0,1,19.246162,8.382489,2.341407,1.000000,0.077240
1779541059.504719,0,1,19.238923,8.389388,2.343905,1.000000,0.077240
1779541059.514684,0,1,19.231677,8.396279,2.346212,1.000000,0.077240
1779541059.524536,0,1,19.224405,8.403143,2.348710,1.000000,0.077240
1779541059.534415,0,1,19.217125,8.410000,2.351017,1.000000,0.077240
1779541059.544365,0,1,19.209820,8.416829,2.353515,1.000000,0.077240
1779541059.554406,0,1,19.202508,8.423650,2.355822,1.000000,0.077240
1779541059.564410,0,1,19.195170,8.430444,2.358320,1.000000,0.077240
1779541059.574332,0,1,19.187826,8.437230,2.360627,1.000000,0.077240
1779541059.584810,0,1,19.180455,8.443989,2.363125,1.000000,0.077240
1779541059.594527,0,1,19.173078,8.450740,2.365432,1.000000,0.077240
1779541059.605082,0,1,19.165675,8.457463,2.367930,1.000000,0.077240
1779541059.614441,0,1,19.158265,8.464178,2.370237,1.000000,0.077240
1779541059.624587,0,1,19.150830,8.470866,2.372735,1.000000,0.077240
1779541059.634706,0,1,19.143389,8.477545,2.375042,1.000000,0.077240
1779541059.644269,0,1,19.135922,8.484197,2.377540,1.000000,0.077240
1779541059.654782,0,1,19.128448,8.490841,2.379847,1.000000,0.077240
1779541059.664824,0,1,19.120949,8.497456,2.382345,1.000000,0.066048
1779541059.674716,0,1,19.113443,8.504064,2.384652,1.000000,0.066048
1779541059.684658,0,1,19.105912,8.510644,2.387150,1.000000,0.065488
1779541059.694998,0,1,19.098375,8.517215,2.389457,1.000000,0.064912
1779541059.704730,0,1,19.090813,8.523759,2.391955,1.000000,0.064912
1779541059.714854,0,1,19.083244,8.530294,2.394262,1.000000,0.064912
1779541059.724257,0,1,19.075651,8.536801,2.396760,1.000000,0.063312
1779541059.734790,0,1,19.068050,8.543300,2.399067,1.000000,0.062687
1779541059.744669,0,1,19.060426,8.549770,2.401565,1.000000,0.062687
1779541059.754690,0,1,19.052810,8.556251,2.403626,1.000000,0.061485
1779541059.765113,0,1,19.045221,8.562763,2.405171,1.000000,0.061485
1779541059.774639,0,1,19.037631,8.569274,2.406788,1.000000,0.060358
1779541059.784642,0,1,19.030050,8.575795,2.408169,1.000000,0.060358
1779541059.794725,0,1,19.022456,8.582302,2.409722,1.000000,0.059191
1779541059.804374,0,1,19.014866,8.588812,2.411077,1.000000,0.059191
1779541059.814577,0,1,19.007259,8.595304,2.412618,1.000000,0.058796
1779541059.824668,0,1,18.999653,8.601796,2.413967,1.000000,0.058796
1779541059.835118,0,1,18.992030,8.608267,2.415505,1.000000,0.058732
1779541059.844706,0,1,18.984406,8.614739,2.416852,1.000000,0.058842
1779541059.854696,0,1,18.976765,8.621189,2.418389,1.000000,0.058842
1779541059.864610,0,1,18.969123,8.627640,2.419736,1.000000,0.059042
1779541059.874811,0,1,18.961463,8.634068,2.421273,1.000000,0.059042
1779541059.884773,0,1,18.953803,8.640496,2.422619,1.000000,0.059221
1779541059.894727,0,1,18.946125,8.646903,2.424156,1.000000,0.059221
1779541059.904622,0,1,18.938446,8.653309,2.425502,1.000000,0.059366
1779541059.915223,0,1,18.930749,8.659694,2.427039,1.000000,0.059366
1779541059.924624,0,1,18.923052,8.666078,2.428385,1.000000,0.059527
1779541059.935151,0,1,18.915337,8.672440,2.429922,1.000000,0.059527
1779541059.944599,0,1,18.907622,8.678802,2.431268,1.000000,0.059527
1779541059.954606,0,1,18.899889,8.685142,2.432805,1.000000,0.059527
1779541059.964580,0,1,18.892155,8.691481,2.434151,1.000000,0.059527
1779541059.974577,0,1,18.884404,8.697799,2.435688,1.000000,0.059527
1779541059.984745,0,1,18.876652,8.704116,2.437034,1.000000,0.059527
1779541059.994826,0,1,18.868882,8.710412,2.438571,1.000000,0.059527
1779541060.004782,0,1,18.861112,8.716707,2.439917,1.000000,0.059527
1779541060.014699,0,1,18.853324,8.722980,2.441454,1.000000,0.059527
1779541060.024830,0,1,18.845536,8.729252,2.442800,1.000000,0.059527
1779541060.034502,0,1,18.837730,8.735502,2.444337,1.000000,0.059527
1779541060.044996,0,1,18.829923,8.741752,2.445683,1.000000,0.060506
1779541060.054766,0,1,18.822100,8.747980,2.447220,1.000000,0.060506
1779541060.064650,0,1,18.814275,8.754208,2.448566,1.000000,0.060767
1779541060.074267,0,1,18.806434,8.760413,2.450103,1.000000,0.060767
1779541060.084424,0,1,18.798591,8.766618,2.451449,1.000000,0.060909
1779541060.095094,0,1,18.790732,8.772801,2.452986,1.000000,0.060909
1779541060.104303,0,1,18.782872,8.778983,2.454332,1.000000,0.061119
1779541060.114719,0,1,18.774994,8.785143,2.455869,1.000000,0.061119
1779541060.124725,0,1,18.767116,8.791302,2.457215,1.000000,0.061119
1779541060.134691,0,1,18.759221,8.797439,2.458752,1.000000,0.061301
1779541060.144835,0,1,18.751326,8.803576,2.460098,1.000000,0.061301
1779541060.154743,0,1,18.743413,8.809691,2.461635,1.000000,0.061567
1779541060.164681,0,1,18.735500,8.815805,2.462981,1.000000,0.061567
1779541060.174590,0,1,18.727569,8.821896,2.464518,1.000000,0.061757
1779541060.185126,0,1,18.719638,8.827987,2.465864,1.000000,0.061798
1779541060.194736,0,1,18.711690,8.834056,2.467401,1.000000,0.061798
1779541060.204481,0,1,18.703742,8.840124,2.468747,1.000000,0.061969
1779541060.214292,0,1,18.695777,8.846170,2.470284,1.000000,0.061969
1779541060.224546,0,1,18.687811,8.852216,2.471630,1.000000,0.062118
1779541060.234916,0,1,18.679828,8.858238,2.473167,1.000000,0.062118
1779541060.244623,0,1,18.671845,8.864261,2.474513,1.000000,0.062245
1779541060.254745,0,1,18.663845,8.870261,2.476050,1.000000,0.062245
1779541060.264649,0,1,18.655844,8.876260,2.477396,1.000000,0.062448
1779541060.274936,0,1,18.647827,8.882237,2.478933,1.000000,0.062448
1779541060.284314,0,1,18.639809,8.888213,2.480279,1.000000,0.062618
1779541060.294888,0,1,18.631774,8.894166,2.481816,1.000000,0.062768
1779541060.304688,0,1,18.623739,8.900119,2.483162,1.000000,0.062768
1779541060.315231,0,1,18.615688,8.906050,2.484699,1.000000,0.062881
1779541060.324724,0,1,18.607635,8.911980,2.486045,1.000000,0.062881
1779541060.334712,0,1,18.599567,8.917887,2.487582,1.000000,0.063056
1779541060.344685,0,1,18.591497,8.923793,2.488928,1.000000,0.063056
1779541060.354999,0,1,18.583412,8.929677,2.490465,1.000000,0.063234
1779541060.364326,0,1,18.575325,8.935560,2.491811,1.000000,0.063234
1779541060.374740,0,1,18.567223,8.941421,2.493348,1.000000,0.063387
1779541060.384333,0,1,18.559120,8.947281,2.494694,1.000000,0.063387
1779541060.394461,0,1,18.551000,8.953118,2.496231,1.000000,0.063395
1779541060.404294,0,1,18.542880,8.958955,2.497577,1.000000,0.063496
1779541060.414750,0,1,18.534744,8.964769,2.499114,1.000000,0.063496
1779541060.425653,0,1,18.526607,8.970582,2.500460,1.000000,0.063704
1779541060.435086,0,1,18.518454,8.976372,2.501997,1.000000,0.063704
1779541060.445084,0,1,18.510300,8.982162,2.503343,1.000000,0.063704
1779541060.454937,0,1,18.502131,8.987928,2.504880,1.000000,0.063704
1779541060.464663,0,1,18.493960,8.993694,2.506226,1.000000,0.063704
1779541060.474489,0,1,18.485774,8.999438,2.507763,1.000000,0.063704
1779541060.484414,0,1,18.477587,9.005180,2.509109,1.000000,0.063704
1779541060.494815,0,1,18.469384,9.010900,2.510646,1.000000,0.063704
1779541060.504430,0,1,18.461181,9.016619,2.511992,1.000000,0.063704
1779541060.514793,0,1,18.452962,9.022314,2.513529,1.000000,0.063704
1779541060.524603,0,1,18.444742,9.028010,2.514875,1.000000,0.063704
1779541060.534978,0,1,18.436506,9.033682,2.516412,1.000000,0.063704
1779541060.544686,0,1,18.428270,9.039353,2.517758,1.000000,0.063704
1779541060.554611,0,1,18.420018,9.045002,2.519295,1.000000,0.064292
1779541060.564675,0,1,18.411766,9.050649,2.520641,1.000000,0.064292
1779541060.575124,0,1,18.403484,9.056254,2.522424,1.000000,0.064828
1779541060.584897,0,1,18.395158,9.061792,2.524723,1.000000,0.064828
1779541060.594672,0,1,18.386812,9.067301,2.526950,1.000000,0.065002
1779541060.604753,0,1,18.378436,9.072765,2.529413,1.000000,0.065002
1779541060.614727,0,1,18.370051,9.078213,2.531704,1.000000,0.065027
1779541060.625043,0,1,18.361642,9.083624,2.534193,1.000000,0.065027
1779541060.634711,0,1,18.353225,9.089025,2.536496,1.000000,0.064967
1779541060.644600,0,1,18.344788,9.094392,2.538991,1.000000,0.064967
1779541060.654543,0,1,18.336344,9.099749,2.541297,1.000000,0.063892
1779541060.664716,0,1,18.327879,9.105074,2.543794,1.000000,0.062699
1779541060.674674,0,1,18.319422,9.110410,2.545855,1.000000,0.062699
1779541060.684814,0,1,18.310987,9.115781,2.547400,1.000000,0.061442
1779541060.694697,0,1,18.302551,9.121150,2.549016,1.000000,0.061442
1779541060.704246,0,1,18.294122,9.126531,2.550397,1.000000,0.060100
1779541060.714421,0,1,18.285683,9.131896,2.551950,1.000000,0.060100
1779541060.724825,0,1,18.277246,9.137265,2.553305,1.000000,0.058865
1779541060.734791,0,1,18.268796,9.142612,2.554846,1.000000,0.058865
1779541060.744767,0,1,18.260347,9.147961,2.556195,1.000000,0.058716
1779541060.754661,0,1,18.251883,9.153287,2.557733,1.000000,0.058804
1779541060.764754,0,1,18.243419,9.158612,2.559080,1.000000,0.058804
1779541060.774618,0,1,18.234940,9.163915,2.560617,1.000000,0.058815
1779541060.784317,0,1,18.226461,9.169216,2.561964,1.000000,0.058815
1779541060.794941,0,1,18.217968,9.174494,2.563500,1.000000,0.058830
1779541060.804862,0,1,18.209474,9.179772,2.564847,1.000000,0.058830
1779541060.814730,0,1,18.200965,9.185025,2.566383,1.000000,0.058880
1779541060.824641,0,1,18.192456,9.190278,2.567730,1.000000,0.058880
1779541060.834453,0,1,18.183932,9.195507,2.569267,1.000000,0.058976
1779541060.844362,0,1,18.175408,9.200736,2.570613,1.000000,0.058976
1779541060.854790,0,1,18.166869,9.205940,2.572150,1.000000,0.059054
1779541060.864817,0,1,18.158329,9.211144,2.573496,1.000000,0.059054
1779541060.875030,0,1,18.149775,9.216324,2.575033,1.000000,0.059099
1779541060.884714,0,1,18.141221,9.221503,2.576379,1.000000,0.059099
1779541060.895008,0,1,18.132652,9.226659,2.577916,1.000000,0.059145
1779541060.904835,0,1,18.124083,9.231813,2.579262,1.000000,0.059145
1779541060.914486,0,1,18.115500,9.236944,2.580799,1.000000,0.059156
1779541060.925336,0,1,18.106916,9.242073,2.582145,1.000000,0.059156
1779541060.935121,0,1,18.098317,9.247179,2.583682,1.000000,0.059324
1779541060.944968,0,1,18.089719,9.252284,2.585028,1.000000,0.059324
1779541060.954632,0,1,18.081106,9.257365,2.586565,1.000000,0.059324
1779541060.964916,0,1,18.072492,9.262445,2.587911,1.000000,0.059324
1779541060.974981,0,1,18.063865,9.267501,2.589448,1.000000,0.059324
1779541060.984924,0,1,18.055237,9.272557,2.590794,1.000000,0.059324
1779541060.994486,0,1,18.046594,9.277588,2.592331,1.000000,0.059324
1779541061.005135,0,1,18.037952,9.282619,2.593677,1.000000,0.059324
1779541061.014642,0,1,18.029295,9.287625,2.595214,1.000000,0.059324
1779541061.024672,0,1,18.020638,9.292630,2.596560,1.000000,0.059324
1779541061.034972,0,1,18.011967,9.297612,2.598097,1.000000,0.059324
1779541061.044723,0,1,18.003296,9.302592,2.599443,1.000000,0.059324
1779541061.054354,0,1,17.994610,9.307548,2.600980,1.000000,0.059239
1779541061.064316,0,1,17.985924,9.312504,2.602326,1.000000,0.059239
1779541061.074615,0,1,17.977225,9.317435,2.603863,1.000000,0.059803
1779541061.084602,0,1,17.968525,9.322366,2.605209,1.000000,0.059803
1779541061.094780,0,1,17.959811,9.327272,2.606746,1.000000,0.059856
1779541061.104625,0,1,17.951097,9.332177,2.608092,1.000000,0.059856
1779541061.114828,0,1,17.942369,9.337058,2.609629,1.000000,0.059894
1779541061.124622,0,1,17.933641,9.341938,2.610975,1.000000,0.059894
1779541061.134599,0,1,17.924899,9.346794,2.612511,1.000000,0.059911
1779541061.144693,0,1,17.916156,9.351649,2.613858,1.000000,0.059911
1779541061.154923,0,1,17.907401,9.356480,2.615394,1.000000,0.060008
1779541061.164754,0,1,17.898644,9.361309,2.616741,1.000000,0.060008
1779541061.174860,0,1,17.889874,9.366115,2.618277,1.000000,0.060072
1779541061.184327,0,1,17.881104,9.370919,2.619624,1.000000,0.060072
1779541061.194359,0,1,17.872321,9.375699,2.621160,1.000000,0.060102
1779541061.205067,0,1,17.863537,9.380478,2.622507,1.000000,0.060102
1779541061.214395,0,1,17.854739,9.385233,2.624043,1.000000,0.060059
1779541061.225090,0,1,17.845942,9.389987,2.625390,1.000000,0.060059
1779541061.234480,0,1,17.837131,9.394716,2.626926,1.000000,0.060093
1779541061.244749,0,1,17.828319,9.399445,2.628273,1.000000,0.060165
1779541061.254364,0,1,17.819495,9.404149,2.629809,1.000000,0.060165
1779541061.264768,0,1,17.810670,9.408852,2.631156,1.000000,0.060205
1779541061.274263,0,1,17.801831,9.413530,2.632692,1.000000,0.060205
1779541061.285103,0,1,17.792993,9.418208,2.634039,1.000000,0.060205
1779541061.294751,0,1,17.784141,9.422861,2.635575,1.000000,0.060212
1779541061.304577,0,1,17.775289,9.427513,2.636922,1.000000,0.060212
1779541061.314927,0,1,17.766424,9.432140,2.638458,1.000000,0.060248
1779541061.325146,0,1,17.757559,9.436767,2.639805,1.000000,0.060312
1779541061.334828,0,1,17.748681,9.441368,2.641341,1.000000,0.060312
1779541061.344600,0,1,17.739802,9.445969,2.642688,1.000000,0.060312
1779541061.354639,0,1,17.730911,9.450546,2.644224,1.000000,0.060342
1779541061.364703,0,1,17.722019,9.455121,2.645571,1.000000,0.060342
1779541061.374385,0,1,17.713114,9.459671,2.647107,1.000000,0.060372
1779541061.384568,0,1,17.704209,9.464221,2.648454,1.000000,0.060372
1779541061.394387,0,1,17.695291,9.468746,2.649990,1.000000,0.060462
1779541061.404408,0,1,17.686373,9.473270,2.651337,1.000000,0.060462
1779541061.414449,0,1,17.677442,9.477769,2.652873,1.000000,0.060501
1779541061.424461,0,1,17.668511,9.482267,2.654220,1.000000,0.060501
1779541061.434618,0,1,17.659568,9.486741,2.655756,1.000000,0.060507
1779541061.444314,0,1,17.650623,9.491213,2.657103,1.000000,0.060507
1779541061.454451,0,1,17.641667,9.495661,2.658639,1.000000,0.060507
1779541061.464435,0,1,17.632710,9.500108,2.659986,1.000000,0.060507
1779541061.474958,0,1,17.623741,9.504529,2.661522,1.000000,0.060507
1779541061.484408,0,1,17.614771,9.508950,2.662869,1.000000,0.060507
1779541061.494802,0,1,17.605789,9.513346,2.664405,1.000000,0.060507
1779541061.504702,0,1,17.596807,9.517741,2.665752,1.000000,0.060507
1779541061.515127,0,1,17.587812,9.522111,2.667288,1.000000,0.060507
1779541061.524693,0,1,17.578817,9.526480,2.668635,1.000000,0.060507
1779541061.534739,0,1,17.569810,9.530824,2.670171,1.000000,0.060507
1779541061.544756,0,1,17.560802,9.535167,2.671518,1.000000,0.060507
1779541061.554687,0,1,17.551782,9.539485,2.673054,1.000000,0.060507
1779541061.564607,0,1,17.542762,9.543802,2.674401,1.000000,0.059853
1779541061.575042,0,1,17.533730,9.548094,2.675937,1.000000,0.059853
1779541061.584786,0,1,17.524698,9.552385,2.677284,1.000000,0.059853
1779541061.594356,0,1,17.515653,9.556651,2.678820,1.000000,0.060467
1779541061.604374,0,1,17.506608,9.560916,2.680167,1.000000,0.060467
1779541061.614740,0,1,17.497552,9.565156,2.681703,1.000000,0.060462
1779541061.625156,0,1,17.488495,9.569395,2.683050,1.000000,0.060462
1779541061.634865,0,1,17.479426,9.573609,2.684586,1.000000,0.060462
1779541061.644656,0,1,17.470356,9.577821,2.685933,1.000000,0.060419
1779541061.655047,0,1,17.461275,9.582009,2.687469,1.000000,0.060419
1779541061.664675,0,1,17.452194,9.586196,2.688816,1.000000,0.060419
1779541061.674748,0,1,17.443101,9.590357,2.690352,1.000000,0.060430
1779541061.684318,0,1,17.434008,9.594517,2.691699,1.000000,0.060430
1779541061.694912,0,1,17.424903,9.598653,2.693235,1.000000,0.060430
1779541061.704427,0,1,17.415797,9.602787,2.694582,1.000000,0.060319
1779541061.714943,0,1,17.406680,9.606896,2.696118,1.000000,0.060319
1779541061.724711,0,1,17.397563,9.611004,2.697465,1.000000,0.060319
1779541061.734762,0,1,17.388434,9.615086,2.699001,1.000000,0.060386
1779541061.744775,0,1,17.379305,9.619168,2.700348,1.000000,0.060386
1779541061.754855,0,1,17.370165,9.623224,2.701884,1.000000,0.060386
1779541061.764879,0,1,17.361024,9.627279,2.703231,1.000000,0.060238
1779541061.774904,0,1,17.351872,9.631309,2.704767,1.000000,0.060238
1779541061.784897,0,1,17.342720,9.635338,2.706114,1.000000,0.060238
1779541061.795052,0,1,17.333556,9.639341,2.707650,1.000000,0.060236
1779541061.804865,0,1,17.324392,9.643344,2.708997,1.000000,0.060236
1779541061.814751,0,1,17.315217,9.647321,2.710533,1.000000,0.060236
1779541061.824980,0,1,17.306041,9.651297,2.711880,1.000000,0.060118
1779541061.834705,0,1,17.296855,9.655248,2.713416,1.000000,0.060118
1779541061.844986,0,1,17.287668,9.659197,2.714763,1.000000,0.060118
1779541061.854472,0,1,17.278470,9.663121,2.716299,1.000000,0.060065
1779541061.864977,0,1,17.269271,9.667044,2.717646,1.000000,0.060065
1779541061.874868,0,1,17.260062,9.670942,2.719182,1.000000,0.060065
1779541061.884704,0,1,17.250853,9.674839,2.720529,1.000000,0.059971
1779541061.894897,0,1,17.241632,9.678709,2.722065,1.000000,0.059971
1779541061.904647,0,1,17.232411,9.682579,2.723412,1.000000,0.059971
1779541061.914495,0,1,17.223180,9.686424,2.724948,1.000000,0.059920
1779541061.924329,0,1,17.213948,9.690267,2.726295,1.000000,0.059920
1779541061.934366,0,1,17.204705,9.694085,2.727831,1.000000,0.059920
1779541061.944380,0,1,17.195462,9.697902,2.729178,1.000000,0.059920
1779541061.954387,0,1,17.186209,9.701693,2.730714,1.000000,0.059920
1779541061.964280,0,1,17.176955,9.705483,2.732061,1.000000,0.059920
1779541061.975153,0,1,17.167691,9.709247,2.733597,1.000000,0.059920
1779541061.984893,0,1,17.158426,9.713011,2.734944,1.000000,0.059920
1779541061.994717,0,1,17.149151,9.716748,2.736480,1.000000,0.059920
1779541062.004747,0,1,17.139875,9.720485,2.737827,1.000000,0.059920
1779541062.014803,0,1,17.130589,9.724196,2.739363,1.000000,0.059920
1779541062.024398,0,1,17.121303,9.727906,2.740710,1.000000,0.059920
1779541062.034873,0,1,17.112006,9.731590,2.742246,1.000000,0.059920
1779541062.044593,0,1,17.102709,9.735273,2.743593,1.000000,0.059920
1779541062.054739,0,1,17.093402,9.738930,2.745129,1.000000,0.059920
1779541062.064403,0,1,17.084094,9.742587,2.746476,1.000000,0.059920
1779541062.074514,0,1,17.074776,9.746217,2.748012,1.000000,0.059920
1779541062.084806,0,1,17.065458,9.749847,2.749359,1.000000,0.059920
1779541062.095039,0,1,17.056130,9.753450,2.750895,1.000000,0.059920
1779541062.104820,0,1,17.046802,9.757053,2.752242,1.000000,0.059920
1779541062.114687,0,1,17.037463,9.760629,2.753778,1.000000,0.059920
1779541062.124746,0,1,17.028124,9.764205,2.755125,1.000000,0.059920
1779541062.134682,0,1,17.018776,9.767755,2.756661,1.000000,0.057588
1779541062.144463,0,1,17.009427,9.771304,2.758008,1.000000,0.057588
1779541062.154333,0,1,17.000068,9.774826,2.759544,1.000000,0.057588
1779541062.164831,0,1,16.990708,9.778348,2.760891,1.000000,0.058703
1779541062.174637,0,1,16.981339,9.781844,2.762427,1.000000,0.058703
1779541062.184572,0,1,16.971970,9.785339,2.763774,1.000000,0.058551
1779541062.195036,0,1,16.962591,9.788807,2.765310,1.000000,0.058551
1779541062.204610,0,1,16.953211,9.792275,2.766657,1.000000,0.058551
1779541062.215128,0,1,16.943822,9.795717,2.768193,1.000000,0.058466
1779541062.224329,0,1,16.934433,9.799157,2.769540,1.000000,0.058466
1779541062.234740,0,1,16.925034,9.802572,2.771076,1.000000,0.058466
1779541062.244284,0,1,16.915634,9.805986,2.772423,1.000000,0.058191
1779541062.254508,0,1,16.906226,9.809373,2.773959,1.000000,0.058191
1779541062.264564,0,1,16.896816,9.812760,2.775306,1.000000,0.058191
1779541062.274548,0,1,16.887398,9.816120,2.776842,1.000000,0.057982
1779541062.284323,0,1,16.877979,9.819479,2.778189,1.000000,0.057982
1779541062.294502,0,1,16.868551,9.822812,2.779725,1.000000,0.057982
1779541062.304490,0,1,16.859122,9.826145,2.781072,1.000000,0.057779
1779541062.314337,0,1,16.849685,9.829451,2.782608,1.000000,0.057779
1779541062.324300,0,1,16.840247,9.832756,2.783955,1.000000,0.057779
1779541062.334722,0,1,16.830799,9.836034,2.785491,1.000000,0.057536
1779541062.344771,0,1,16.821352,9.839312,2.786838,1.000000,0.057536
1779541062.354432,0,1,16.811895,9.842564,2.788374,1.000000,0.057536
1779541062.364259,0,1,16.802438,9.845814,2.789721,1.000000,0.057240
1779541062.374457,0,1,16.792972,9.849038,2.791257,1.000000,0.057240
1779541062.384383,0,1,16.783506,9.852262,2.792604,1.000000,0.057240
1779541062.394708,0,1,16.774031,9.855459,2.794140,1.000000,0.057099
1779541062.404906,0,1,16.764555,9.858655,2.795487,1.000000,0.057099
1779541062.414634,0,1,16.755071,9.861824,2.797023,1.000000,0.057099
1779541062.424818,0,1,16.745586,9.864993,2.798370,1.000000,0.056863
1779541062.434839,0,1,16.736093,9.868135,2.799906,1.000000,0.056863
1779541062.444316,0,1,16.726599,9.871276,2.801253,1.000000,0.056863
1779541062.454508,0,1,16.717097,9.874391,2.802789,1.000000,0.056863
1779541062.464306,0,1,16.707594,9.877505,2.804136,1.000000,0.056863
1779541062.474650,0,1,16.698082,9.880592,2.805672,1.000000,0.056863
1779541062.484870,0,1,16.688570,9.883679,2.807019,1.000000,0.056863
1779541062.494747,0,1,16.679050,9.886739,2.808555,1.000000,0.056863
1779541062.504400,0,1,16.669530,9.889798,2.809902,1.000000,0.056863
1779541062.514664,0,1,16.660000,9.892830,2.811438,1.000000,0.056863
1779541062.524906,0,1,16.650471,9.895862,2.812785,1.000000,0.056863
1779541062.534446,0,1,16.640933,9.898867,2.814321,1.000000,0.056863
1779541062.544255,0,1,16.631395,9.901871,2.815668,1.000000,0.056863
1779541062.554647,0,1,16.621849,9.904849,2.817204,1.000000,0.056863
1779541062.564582,0,1,16.612302,9.907825,2.818551,1.000000,0.056863
1779541062.574978,0,1,16.602747,9.910775,2.820087,1.000000,0.056863
1779541062.584713,0,1,16.593192,9.913724,2.821434,1.000000,0.056863
1779541062.594275,0,1,16.583628,9.916647,2.822970,1.000000,0.053845
1779541062.604582,0,1,16.574065,9.919568,2.824317,1.000000,0.053845
1779541062.614667,0,1,16.564493,9.922463,2.825853,1.000000,0.053845
1779541062.624452,0,1,16.554921,9.925357,2.827200,1.000000,0.054594
1779541062.634691,0,1,16.545341,9.928224,2.828736,1.000000,0.054391
1779541062.644637,0,1,16.535760,9.931091,2.830083,1.000000,0.054391
1779541062.654688,0,1,16.526172,9.933930,2.831619,1.000000,0.054347
1779541062.664335,0,1,16.516583,9.936769,2.832966,1.000000,0.054347
1779541062.674368,0,1,16.506987,9.939581,2.834502,1.000000,0.054055
1779541062.684766,0,1,16.497390,9.942392,2.835849,1.000000,0.054055
1779541062.694609,0,1,16.487785,9.945176,2.837385,1.000000,0.053801
1779541062.704417,0,1,16.478181,9.947959,2.838732,1.000000,0.053801
1779541062.714534,0,1,16.468568,9.950716,2.840268,1.000000,0.053544
1779541062.724390,0,1,16.458955,9.953472,2.841615,1.000000,0.053544
1779541062.734799,0,1,16.449335,9.956200,2.843151,1.000000,0.053544
1779541062.744602,0,1,16.439714,9.958928,2.844498,1.000000,0.052966
1779541062.754684,0,1,16.430086,9.961629,2.846034,1.000000,0.052966
1779541062.764491,0,1,16.420457,9.964330,2.847381,1.000000,0.052966
1779541062.775051,0,1,16.410821,9.967003,2.848917,1.000000,0.052617
1779541062.784415,0,1,16.401185,9.969675,2.850264,1.000000,0.052617
1779541062.794861,0,1,16.391541,9.972321,2.851800,1.000000,0.052617
1779541062.804632,0,1,16.381897,9.974966,2.853147,1.000000,0.052128
1779541062.814921,0,1,16.372246,9.977583,2.854683,1.000000,0.052128
1779541062.824861,0,1,16.362594,9.980200,2.856030,1.000000,0.052128
1779541062.835102,0,1,16.352936,9.982790,2.857566,1.000000,0.051818
1779541062.844383,0,1,16.343277,9.985379,2.858913,1.000000,0.051818
1779541062.854481,0,1,16.333610,9.987941,2.860449,1.000000,0.051429
1779541062.864393,0,1,16.323944,9.990502,2.861796,1.000000,0.051429
1779541062.875000,0,1,16.314270,9.993036,2.863332,1.000000,0.051429
1779541062.884352,0,1,16.304596,9.995569,2.864679,1.000000,0.050910
1779541062.894741,0,1,16.294916,9.998076,2.866215,1.000000,0.050910
1779541062.905083,0,1,16.285235,10.000581,2.867562,1.000000,0.050910
1779541062.914891,0,1,16.275546,10.003059,2.869098,1.000000,0.050402
1779541062.924433,0,1,16.265858,10.005537,2.870445,1.000000,0.050402
1779541062.934726,0,1,16.256163,10.007987,2.871981,1.000000,0.050402
1779541062.944519,0,1,16.246468,10.010437,2.873328,1.000000,0.050402
1779541062.954386,0,1,16.236766,10.012859,2.874864,1.000000,0.050402
1779541062.964361,0,1,16.227063,10.015280,2.876211,1.000000,0.050402
1779541062.974763,0,1,16.217354,10.017675,2.877747,1.000000,0.050402
1779541062.984415,0,1,16.207645,10.020068,2.879094,1.000000,0.050402
1779541062.994738,0,1,16.197929,10.022435,2.880630,1.000000,0.050402
1779541063.004416,0,1,16.188213,10.024800,2.881977,1.000000,0.050402
1779541063.014717,0,1,16.178490,10.027139,2.883513,1.000000,0.050402
1779541063.024494,0,1,16.168767,10.029476,2.884860,1.000000,0.050402
1779541063.034948,0,1,16.159038,10.031787,2.886396,1.000000,0.050402
1779541063.044525,0,1,16.149308,10.034096,2.887743,1.000000,0.050402
1779541063.054419,0,1,16.139572,10.036378,2.889279,1.000000,0.050402
1779541063.064344,0,1,16.129836,10.038660,2.890626,1.000000,0.050402
1779541063.074469,0,1,16.120093,10.040914,2.892162,1.000000,0.050402
1779541063.084254,0,1,16.110350,10.043167,2.893509,1.000000,0.050402
1779541063.094338,0,1,16.100601,10.045394,2.895045,1.000000,0.050402
1779541063.104584,0,1,16.090852,10.047619,2.896392,1.000000,0.050402
1779541063.115127,0,1,16.081096,10.049817,2.897928,1.000000,0.045842
1779541063.124455,0,1,16.071341,10.052014,2.899275,1.000000,0.045842
1779541063.134748,0,1,16.061579,10.054184,2.900811,1.000000,0.046431
1779541063.144547,0,1,16.051817,10.056353,2.902158,1.000000,0.046431
1779541063.154720,0,1,16.042049,10.058495,2.903694,1.000000,0.045981
1779541063.164706,0,1,16.032281,10.060635,2.905041,1.000000,0.045981
1779541063.174670,0,1,16.022507,10.062749,2.906577,1.000000,0.045592
1779541063.184913,0,1,16.012733,10.064862,2.907924,1.000000,0.045592
1779541063.194681,0,1,16.002952,10.066947,2.909460,1.000000,0.045348
1779541063.204863,0,1,15.993172,10.069031,2.910807,1.000000,0.044900
1779541063.214857,0,1,15.983386,10.071089,2.912343,1.000000,0.044900
1779541063.224690,0,1,15.973600,10.073145,2.913690,1.000000,0.044441
1779541063.234179,0,1,15.963808,10.075174,2.915226,1.000000,0.044441
1779541063.244716,0,1,15.954016,10.077202,2.916573,1.000000,0.044003
1779541063.254644,0,1,15.944218,10.079203,2.918109,1.000000,0.044003
1779541063.264321,0,1,15.934420,10.081202,2.919456,1.000000,0.043562
1779541063.274743,0,1,15.924616,10.083175,2.920992,1.000000,0.043562
1779541063.284581,0,1,15.914812,10.085146,2.922339,1.000000,0.043562
1779541063.295228,0,1,15.905003,10.087091,2.923875,1.000000,0.042897
1779541063.304205,0,1,15.895194,10.089034,2.925222,1.000000,0.042897
1779541063.314446,0,1,15.885379,10.090950,2.926758,1.000000,0.042897
1779541063.325628,0,1,15.875564,10.092865,2.928105,1.000000,0.042091
1779541063.334802,0,1,15.865744,10.094752,2.929641,1.000000,0.042091
1779541063.344870,0,1,15.855924,10.096639,2.930988,1.000000,0.042091
1779541063.355010,0,1,15.846098,10.098498,2.932524,1.000000,0.041654
1779541063.364694,0,1,15.836272,10.100357,2.933871,1.000000,0.041654
1779541063.374749,0,1,15.826441,10.102188,2.935407,1.000000,0.041654
1779541063.386402,0,1,15.816610,10.104018,2.936754,1.000000,0.040632
1779541063.394395,0,1,15.806774,10.105820,2.938290,1.000000,0.040632
1779541063.404466,0,1,15.796938,10.107622,2.939636,1.000000,0.040632
1779541063.414560,0,1,15.787096,10.109396,2.941173,1.000000,0.039951
1779541063.424683,0,1,15.777255,10.111169,2.942519,1.000000,0.039951
1779541063.434695,0,1,15.767408,10.112915,2.944056,1.000000,0.039951
1779541063.445018,0,1,15.757562,10.114660,2.945402,1.000000,0.039951
1779541063.454308,0,1,15.747710,10.116378,2.946939,1.000000,0.039951
1779541063.464885,0,1,15.737859,10.118094,2.948285,1.000000,0.039951
1779541063.474837,0,1,15.728002,10.119783,2.949822,1.000000,0.039951
1779541063.484700,0,1,15.718146,10.121471,2.951168,1.000000,0.039951
1779541063.494884,0,1,15.708285,10.123132,2.952705,1.000000,0.039951
1779541063.504504,0,1,15.698424,10.124792,2.954051,1.000000,0.039951
1779541063.514417,0,1,15.688558,10.126424,2.955588,1.000000,0.039951
1779541063.524792,0,1,15.678692,10.128055,2.956934,1.000000,0.039951
1779541063.535040,0,1,15.668821,10.129659,2.958471,1.000000,0.039951
1779541063.544715,0,1,15.658950,10.131262,2.959817,1.000000,0.039951
1779541063.554739,0,1,15.649075,10.132837,2.961354,1.000000,0.039951
1779541063.564351,0,1,15.639200,10.134411,2.962700,1.000000,0.039951
1779541063.574863,0,1,15.629320,10.135958,2.964237,1.000000,0.039951
1779541063.584881,0,1,15.619440,10.137504,2.965583,1.000000,0.039951
1779541063.594674,0,1,15.609556,10.139022,2.967120,1.000000,0.034837
1779541063.604574,0,1,15.599672,10.140540,2.968466,1.000000,0.034837
1779541063.614495,0,1,15.589784,10.142029,2.970003,1.000000,0.034503
1779541063.624760,0,1,15.579895,10.143518,2.971349,1.000000,0.034503
1779541063.634782,0,1,15.570003,10.144979,2.972886,1.000000,0.034503
1779541063.644411,0,1,15.560110,10.146440,2.974232,1.000000,0.033503
1779541063.654500,0,1,15.550213,10.147873,2.975769,1.000000,0.033503
1779541063.665011,0,1,15.540316,10.149304,2.977115,1.000000,0.032937
1779541063.674829,0,1,15.530415,10.150709,2.978652,1.000000,0.032937
1779541063.685083,0,1,15.520514,10.152112,2.979998,1.000000,0.032333
1779541063.694604,0,1,15.510609,10.153488,2.981535,1.000000,0.032333
1779541063.705015,0,1,15.500704,10.154862,2.982881,1.000000,0.032333
1779541063.714958,0,1,15.490795,10.156209,2.984418,1.000000,0.031694
1779541063.724711,0,1,15.480886,10.157556,2.985764,1.000000,0.031694
1779541063.734906,0,1,15.470974,10.158874,2.987301,1.000000,0.031038
1779541063.744345,0,1,15.461064,10.160216,2.988401,1.000000,0.031038
1779541063.754635,0,1,15.451161,10.161608,2.988986,1.000000,0.030189
1779541063.765106,0,1,15.441260,10.163007,2.989641,1.000000,0.030189
1779541063.774454,0,1,15.431362,10.164430,2.990061,1.000000,0.029533
1779541063.784770,0,1,15.421462,10.165844,2.990653,1.000000,0.029533
1779541063.794850,0,1,15.411564,10.167271,2.991047,1.000000,0.029533
1779541063.804838,0,1,15.401665,10.168684,2.991627,1.000000,0.029277
1779541063.814738,0,1,15.391767,10.170107,2.992015,1.000000,0.029277
1779541063.824888,0,1,15.381866,10.171513,2.992592,1.000000,0.029941
1779541063.834504,0,1,15.371967,10.172928,2.992978,1.000000,0.029941
1779541063.844978,0,1,15.362065,10.174326,2.993554,1.000000,0.030680
1779541063.854847,0,1,15.352164,10.175732,2.993940,1.000000,0.030680
1779541063.864638,0,1,15.342261,10.177121,2.994516,1.000000,0.031425
1779541063.874829,0,1,15.332359,10.178518,2.994901,1.000000,0.031425
1779541063.884483,0,1,15.322455,10.179897,2.995477,1.000000,0.032171
1779541063.895024,0,1,15.312551,10.181284,2.995862,1.000000,0.032171
1779541063.904547,0,1,15.302642,10.182630,2.996684,1.000000,0.032171
1779541063.914823,0,1,15.292724,10.183906,2.998022,1.000000,0.033010
1779541063.924703,0,1,15.282802,10.185156,2.999288,1.000000,0.033010
1779541063.935107,0,1,15.272876,10.186362,3.000790,1.000000,0.033010
1779541063.945048,0,1,15.262947,10.187560,3.002120,1.000000,0.034646
1779541063.954689,0,1,15.253015,10.188724,3.003648,1.000000,0.034646
1779541063.964835,0,1,15.243083,10.189884,3.004990,1.000000,0.034646
1779541063.975027,0,1,15.233147,10.191014,3.006524,1.000000,0.034646
1779541063.984730,0,1,15.223211,10.192143,3.007869,1.000000,0.034646
1779541063.994784,0,1,15.213272,10.193243,3.009405,1.000000,0.034646
1779541064.004687,0,1,15.203332,10.194341,3.010751,1.000000,0.034646
1779541064.014810,0,1,15.193390,10.195412,3.012287,1.000000,0.034646
1779541064.024634,0,1,15.183447,10.196482,3.013634,1.000000,0.034646
1779541064.034881,0,1,15.173502,10.197524,3.015170,1.000000,0.034646
1779541064.044651,0,1,15.163556,10.198565,3.016516,1.000000,0.034646
1779541064.054713,0,1,15.153607,10.199578,3.018053,1.000000,0.034646
1779541064.064983,0,1,15.143659,10.200590,3.019399,1.000000,0.034646
1779541064.074973,0,1,15.133707,10.201575,3.020936,1.000000,0.034646
1779541064.084704,0,1,15.123756,10.202558,3.022282,1.000000,0.031526
1779541064.095204,0,1,15.113802,10.203514,3.023819,1.000000,0.031526
1779541064.104753,0,1,15.103850,10.204493,3.024919,1.000000,0.030664
1779541064.116093,0,1,15.093903,10.205522,3.025503,1.000000,0.030664
1779541064.124590,0,1,15.083957,10.206559,3.026159,1.000000,0.030007
1779541064.134880,0,1,15.074013,10.207620,3.026579,1.000000,0.030007
1779541064.144704,0,1,15.064068,10.208671,3.027171,1.000000,0.029407
1779541064.154691,0,1,15.054125,10.209737,3.027565,1.000000,0.029407
1779541064.164771,0,1,15.044181,10.210787,3.028145,1.000000,0.029619
1779541064.174905,0,1,15.034237,10.211847,3.028533,1.000000,0.029619
1779541064.185041,0,1,15.024292,10.212891,3.029110,1.000000,0.030251
1779541064.194894,0,1,15.014347,10.213944,3.029496,1.000000,0.030251
1779541064.204386,0,1,15.004401,10.214979,3.030072,1.000000,0.030970
1779541064.214744,0,1,14.994456,10.216023,3.030458,1.000000,0.030970
1779541064.224676,0,1,14.984508,10.217049,3.031034,1.000000,0.031781
1779541064.234819,0,1,14.974562,10.218083,3.031419,1.000000,0.031781
1779541064.244705,0,1,14.964614,10.219100,3.031995,1.000000,0.032611
1779541064.255041,0,1,14.954667,10.220125,3.032380,1.000000,0.032611
1779541064.264632,0,1,14.944715,10.221108,3.033202,1.000000,0.033385
1779541064.274369,0,1,14.934757,10.222021,3.034540,1.000000,0.033385
1779541064.284853,0,1,14.924796,10.222908,3.035806,1.000000,0.034190
1779541064.295774,0,1,14.914832,10.223751,3.037308,1.000000,0.034190
1779541064.304842,0,1,14.904867,10.224585,3.038638,1.000000,0.034190
1779541064.315079,0,1,14.894899,10.225386,3.040166,1.000000,0.035277
1779541064.324593,0,1,14.884931,10.226182,3.041508,1.000000,0.035277
1779541064.334680,0,1,14.874960,10.226949,3.043042,1.000000,0.034952
1779541064.344860,0,1,14.864989,10.227714,3.044387,1.000000,0.034952
1779541064.354767,0,1,14.855017,10.228451,3.045923,1.000000,0.034434
1779541064.365149,0,1,14.845044,10.229186,3.047269,1.000000,0.034434
1779541064.374946,0,1,14.835069,10.229893,3.048805,1.000000,0.033876
1779541064.384968,0,1,14.825094,10.230599,3.050152,1.000000,0.033876
1779541064.395031,0,1,14.815117,10.231277,3.051688,1.000000,0.033340
1779541064.404910,0,1,14.805140,10.231954,3.053034,1.000000,0.033340
1779541064.414416,0,1,14.795161,10.232604,3.054571,1.000000,0.032767
1779541064.425065,0,1,14.785182,10.233252,3.055917,1.000000,0.032767
1779541064.435130,0,1,14.775201,10.233872,3.057454,1.000000,0.032161
1779541064.444610,0,1,14.765220,10.234492,3.058800,1.000000,0.032161
1779541064.454857,0,1,14.755238,10.235084,3.060337,1.000000,0.032161
1779541064.464679,0,1,14.745255,10.235674,3.061683,1.000000,0.032161
1779541064.475032,0,1,14.735271,10.236237,3.063220,1.000000,0.032161
1779541064.484855,0,1,14.725287,10.236799,3.064566,1.000000,0.032161
1779541064.494727,0,1,14.715301,10.237333,3.066103,1.000000,0.032161
1779541064.504551,0,1,14.705315,10.237867,3.067449,1.000000,0.032161
1779541064.514968,0,1,14.695328,10.238372,3.068986,1.000000,0.032161
1779541064.524720,0,1,14.685341,10.238876,3.070332,1.000000,0.032161
1779541064.534821,0,1,14.675352,10.239353,3.071869,1.000000,0.032161
1779541064.544752,0,1,14.665364,10.239828,3.073215,1.000000,0.032161
1779541064.554778,0,1,14.655374,10.240276,3.074752,1.000000,0.032161
1779541064.564967,0,1,14.645384,10.240723,3.076098,1.000000,0.028546
1779541064.574677,0,1,14.635392,10.241142,3.077635,1.000000,0.028546
1779541064.584547,0,1,14.625402,10.241584,3.078735,1.000000,0.027403
1779541064.594866,0,1,14.615414,10.242077,3.079319,1.000000,0.027403
1779541064.604511,0,1,14.605427,10.242577,3.079975,1.000000,0.027403
1779541064.614922,0,1,14.595441,10.243102,3.080395,1.000000,0.026705
1779541064.625000,0,1,14.585454,10.243616,3.080987,1.000000,0.026045
1779541064.634500,0,1,14.575468,10.244145,3.081381,1.000000,0.026045
1779541064.645179,0,1,14.565481,10.244659,3.081961,1.000000,0.026210
1779541064.654219,0,1,14.555495,10.245183,3.082349,1.000000,0.026210
1779541064.664608,0,1,14.545508,10.245691,3.082926,1.000000,0.026815
1779541064.674651,0,1,14.535521,10.246207,3.083312,1.000000,0.026815
1779541064.685172,0,1,14.525534,10.246706,3.083888,1.000000,0.027464
1779541064.694472,0,1,14.515546,10.247213,3.084274,1.000000,0.027464
1779541064.705105,0,1,14.505558,10.247702,3.084850,1.000000,0.028231
1779541064.714712,0,1,14.495571,10.248201,3.085235,1.000000,0.028231
1779541064.724918,0,1,14.485582,10.248680,3.085811,1.000000,0.029022
1779541064.734684,0,1,14.475594,10.249169,3.086196,1.000000,0.029022
1779541064.744328,0,1,14.465605,10.249639,3.086772,1.000000,0.029738
1779541064.754699,0,1,14.455617,10.250118,3.087157,1.000000,0.029738
1779541064.764273,0,1,14.445628,10.250579,3.087733,1.000000,0.030496
1779541064.774560,0,1,14.435639,10.251049,3.088118,1.000000,0.030496
1779541064.784587,0,1,14.425649,10.251500,3.088694,1.000000,0.031322
1779541064.794955,0,1,14.415659,10.251959,3.089079,1.000000,0.031322
1779541064.805012,0,1,14.405669,10.252401,3.089655,1.000000,0.032131
1779541064.814303,0,1,14.395679,10.252851,3.090040,1.000000,0.032131
1779541064.824830,0,1,14.385688,10.253259,3.090862,1.000000,0.032942
1779541064.834271,0,1,14.375693,10.253597,3.092200,1.000000,0.032942
1779541064.844244,0,1,14.365698,10.253908,3.093466,1.000000,0.033730
1779541064.854728,0,1,14.355702,10.254176,3.094968,1.000000,0.033730
1779541064.864871,0,1,14.345705,10.254434,3.096298,1.000000,0.034584
1779541064.874432,0,1,14.335708,10.254659,3.097826,1.000000,0.034584
1779541064.884714,0,1,14.325710,10.254880,3.099168,1.000000,0.034624
1779541064.894570,0,1,14.315712,10.255071,3.100702,1.000000,0.034624
1779541064.904818,0,1,14.305714,10.255260,3.102047,1.000000,0.034182
1779541064.914561,0,1,14.295715,10.255421,3.103583,1.000000,0.034182
1779541064.924734,0,1,14.285716,10.255580,3.104929,1.000000,0.033621
1779541064.934660,0,1,14.275717,10.255711,3.106465,1.000000,0.033621
1779541064.944634,0,1,14.265718,10.255841,3.107812,1.000000,0.033621
1779541064.954672,0,1,14.255719,10.255943,3.109348,1.000000,0.033621
1779541064.964341,0,1,14.245719,10.256044,3.110694,1.000000,0.033621
1779541064.974353,0,1,14.235719,10.256117,3.112231,1.000000,0.033621
1779541064.984568,0,1,14.225720,10.256189,3.113577,1.000000,0.033621
1779541064.994494,0,1,14.215720,10.256234,3.115114,1.000000,0.033621
1779541065.004865,0,1,14.205720,10.256277,3.116460,1.000000,0.033621
1779541065.014338,0,1,14.195720,10.256292,3.117997,1.000000,0.033621
1779541065.024313,0,1,14.185720,10.256307,3.119343,1.000000,0.033621
1779541065.034728,0,1,14.175720,10.256293,3.120880,1.000000,0.033621
1779541065.044532,0,1,14.165720,10.256279,3.122226,1.000000,0.033621
1779541065.054501,0,1,14.155720,10.256237,3.123763,1.000000,0.030603
1779541065.064453,0,1,14.145720,10.256194,3.125109,1.000000,0.029470
1779541065.075102,0,1,14.135720,10.256123,3.126646,1.000000,0.029470
1779541065.084632,0,1,14.125720,10.256075,3.127746,1.000000,0.029470
1779541065.094877,0,1,14.115720,10.256078,3.128330,1.000000,0.028550
1779541065.104563,0,1,14.105720,10.256088,3.128986,1.000000,0.028550
1779541065.114786,0,1,14.095721,10.256123,3.129406,1.000000,0.028137
1779541065.124725,0,1,14.085721,10.256148,3.129998,1.000000,0.027524
1779541065.134932,0,1,14.075721,10.256187,3.130392,1.000000,0.027524
1779541065.144546,0,1,14.065721,10.256211,3.130972,1.000000,0.027524
1779541065.154597,0,1,14.055721,10.256245,3.131360,1.000000,0.027689
1779541065.164825,0,1,14.045721,10.256262,3.131937,1.000000,0.027689
1779541065.174674,0,1,14.035721,10.256289,3.132323,1.000000,0.028585
1779541065.184533,0,1,14.025721,10.256298,3.132899,1.000000,0.028984
1779541065.194532,0,1,14.015721,10.256315,3.133285,1.000000,0.028984
1779541065.204420,0,1,14.005721,10.256315,3.133860,1.000000,0.029757
1779541065.214919,0,1,13.995721,10.256323,3.134246,1.000000,0.029757
1779541065.224689,0,1,13.985721,10.256313,3.134822,1.000000,0.030546
1779541065.234798,0,1,13.975721,10.256311,3.135207,1.000000,0.030546
1779541065.244334,0,1,13.965721,10.256292,3.135783,1.000000,0.031288
1779541065.254352,0,1,13.955721,10.256281,3.136168,1.000000,0.031288
1779541065.264358,0,1,13.945721,10.256252,3.136744,1.000000,0.032093
1779541065.274666,0,1,13.935721,10.256231,3.137129,1.000000,0.032412
1779541065.284443,0,1,13.925721,10.256180,3.137828,1.000000,0.032412
1779541065.294411,0,1,13.915722,10.256087,3.138812,1.000000,0.033264
1779541065.304868,0,1,13.905723,10.255931,3.140210,1.000000,0.033264
1779541065.314774,0,1,13.895724,10.255754,3.141499,1.000000,0.034057
1779541065.324485,0,1,13.885727,10.255537,3.143009,1.000000,0.034057
1779541065.334406,0,1,13.875729,10.255312,3.144344,1.000000,0.034793
1779541065.344657,0,1,13.865733,10.255055,3.145874,1.000000,0.034793
1779541065.355000,0,1,13.855736,10.254795,3.147217,1.000000,0.034852
1779541065.364410,0,1,13.845740,10.254505,3.148751,1.000000,0.034852
1779541065.374387,0,1,13.835744,10.254213,3.150097,1.000000,0.034513
1779541065.384470,0,1,13.825750,10.253893,3.151633,1.000000,0.033991
1779541065.394918,0,1,13.815755,10.253572,3.152979,1.000000,0.033991
1779541065.404757,0,1,13.805761,10.253222,3.154515,1.000000,0.033406
1779541065.414665,0,1,13.795767,10.252872,3.155861,1.000000,0.033406
1779541065.424598,0,1,13.785774,10.252493,3.157398,1.000000,0.033406
1779541065.434709,0,1,13.775781,10.252114,3.158744,1.000000,0.032813
1779541065.444622,0,1,13.765790,10.251707,3.160281,1.000000,0.032813
1779541065.454289,0,1,13.755798,10.251299,3.161627,1.000000,0.032813
1779541065.464710,0,1,13.745808,10.250862,3.163164,1.000000,0.032813
1779541065.474748,0,1,13.735817,10.250425,3.164510,1.000000,0.032813
1779541065.484282,0,1,13.725828,10.249960,3.166047,1.000000,0.032813
1779541065.494678,0,1,13.715839,10.249495,3.167393,1.000000,0.032813
1779541065.504516,0,1,13.705851,10.249001,3.168930,1.000000,0.032813
1779541065.514753,0,1,13.695863,10.248506,3.170276,1.000000,0.032813
1779541065.524765,0,1,13.685877,10.247984,3.171813,1.000000,0.032813
1779541065.534740,0,1,13.675891,10.247460,3.173159,1.000000,0.032813
1779541065.544681,0,1,13.665906,10.246909,3.174696,1.000000,0.032813
1779541065.554326,0,1,13.655921,10.246357,3.176042,1.000000,0.029252
1779541065.564543,0,1,13.645938,10.245777,3.177579,1.000000,0.029252
1779541065.574308,0,1,13.635953,10.245220,3.178679,1.000000,0.028021
1779541065.584434,0,1,13.625966,10.244714,3.179263,1.000000,0.028021
1779541065.594697,0,1,13.615979,10.244215,3.179919,1.000000,0.027365
1779541065.604995,0,1,13.605990,10.243741,3.180339,1.000000,0.027365
1779541065.615126,0,1,13.596002,10.243256,3.180931,1.000000,0.026723
1779541065.624994,0,1,13.586013,10.242786,3.181325,1.000000,0.026723
1779541065.634971,0,1,13.576025,10.242301,3.181905,1.000000,0.026723
1779541065.644513,0,1,13.566036,10.241826,3.182293,1.000000,0.027068
1779541065.654750,0,1,13.556048,10.241334,3.182870,1.000000,0.027068
1779541065.664736,0,1,13.546060,10.240852,3.183256,1.000000,0.027679
1779541065.674756,0,1,13.536072,10.240351,3.183832,1.000000,0.027679
1779541065.684602,0,1,13.526084,10.239860,3.184218,1.000000,0.028413
1779541065.694964,0,1,13.516097,10.239350,3.184793,1.000000,0.028413
1779541065.704259,0,1,13.506110,10.238849,3.185179,1.000000,0.029150
1779541065.714678,0,1,13.496123,10.238330,3.185755,1.000000,0.029150
1779541065.724720,0,1,13.486136,10.237820,3.186140,1.000000,0.029880
1779541065.734583,0,1,13.476150,10.237291,3.186716,1.000000,0.029880
1779541065.744799,0,1,13.466164,10.236771,3.187101,1.000000,0.030619
1779541065.754530,0,1,13.456178,10.236233,3.187677,1.000000,0.031051
1779541065.764295,0,1,13.446192,10.235703,3.188062,1.000000,0.031051
1779541065.774319,0,1,13.436207,10.235155,3.188638,1.000000,0.031876
1779541065.784238,0,1,13.426222,10.234616,3.189023,1.000000,0.031876
1779541065.794467,0,1,13.416238,10.234059,3.189599,1.000000,0.032638
1779541065.804699,0,1,13.406253,10.233510,3.189984,1.000000,0.032638
1779541065.814788,0,1,13.396270,10.232919,3.190806,1.000000,0.033432
1779541065.824614,0,1,13.386292,10.232257,3.192144,1.000000,0.033432
1779541065.834758,0,1,13.376316,10.231570,3.193410,1.000000,0.033743
1779541065.844197,0,1,13.366343,10.230839,3.194912,1.000000,0.034610
1779541065.855225,0,1,13.356370,10.230098,3.196242,1.000000,0.034610
1779541065.864578,0,1,13.346400,10.229325,3.197770,1.000000,0.035275
1779541065.874669,0,1,13.336430,10.228547,3.199112,1.000000,0.035275
1779541065.884768,0,1,13.326463,10.227740,3.200646,1.000000,0.034916
1779541065.894346,0,1,13.316496,10.226930,3.201991,1.000000,0.034916
1779541065.904774,0,1,13.306531,10.226092,3.203527,1.000000,0.034386
1779541065.914778,0,1,13.296566,10.225253,3.204873,1.000000,0.034386
1779541065.924734,0,1,13.286604,10.224386,3.206409,1.000000,0.033838
1779541065.934843,0,1,13.276642,10.223517,3.207755,1.000000,0.033838
1779541065.945066,0,1,13.266682,10.222621,3.209292,1.000000,0.033838
1779541065.954626,0,1,13.256722,10.221724,3.210638,1.000000,0.033838
1779541065.964269,0,1,13.246765,10.220799,3.212175,1.000000,0.033838
1779541065.974765,0,1,13.236808,10.219873,3.213521,1.000000,0.033838
1779541065.984800,0,1,13.226854,10.218919,3.215058,1.000000,0.033838
1779541065.994670,0,1,13.216899,10.217965,3.216404,1.000000,0.033838
1779541066.004345,0,1,13.206948,10.216982,3.217941,1.000000,0.033838
1779541066.014386,0,1,13.196996,10.215999,3.219287,1.000000,0.033838
1779541066.024272,0,1,13.187047,10.214988,3.220824,1.000000,0.033838
1779541066.034312,0,1,13.177099,10.213976,3.222170,1.000000,0.033838
1779541066.045011,0,1,13.167153,10.212936,3.223707,1.000000,0.030644
1779541066.054763,0,1,13.157207,10.211895,3.225053,1.000000,0.030644
1779541066.064640,0,1,13.147265,10.210827,3.226590,1.000000,0.029445
1779541066.074407,0,1,13.137319,10.209781,3.227690,1.000000,0.029445
1779541066.084490,0,1,13.127369,10.208787,3.228274,1.000000,0.028816
1779541066.094348,0,1,13.117418,10.207799,3.228930,1.000000,0.028816
1779541066.104850,0,1,13.107464,10.206836,3.229350,1.000000,0.028147
1779541066.114893,0,1,13.097512,10.205863,3.229942,1.000000,0.028147
1779541066.124582,0,1,13.087558,10.204904,3.230336,1.000000,0.027618
1779541066.134936,0,1,13.077605,10.203930,3.230916,1.000000,0.027618
1779541066.144357,0,1,13.067652,10.202967,3.231304,1.000000,0.028029
1779541066.154825,0,1,13.057700,10.201986,3.231881,1.000000,0.028029
1779541066.164583,0,1,13.047747,10.201015,3.232267,1.000000,0.028770
1779541066.175102,0,1,13.037797,10.200025,3.232843,1.000000,0.028770
1779541066.184304,0,1,13.027845,10.199045,3.233229,1.000000,0.029468
1779541066.195015,0,1,13.017895,10.198047,3.233804,1.000000,0.029468
1779541066.204691,0,1,13.007944,10.197057,3.234190,1.000000,0.030168
1779541066.214884,0,1,12.997995,10.196049,3.234765,1.000000,0.030168
1779541066.224993,0,1,12.988045,10.195050,3.235151,1.000000,0.030901
1779541066.234739,0,1,12.978097,10.194033,3.235727,1.000000,0.030901
1779541066.244742,0,1,12.968148,10.193024,3.236112,1.000000,0.031680
1779541066.254697,0,1,12.958200,10.191998,3.236688,1.000000,0.031680
1779541066.264941,0,1,12.948252,10.190979,3.237073,1.000000,0.032474
1779541066.274655,0,1,12.938306,10.189943,3.237649,1.000000,0.032474
1779541066.284580,0,1,12.928359,10.188915,3.238034,1.000000,0.033246
1779541066.295013,0,1,12.918417,10.187846,3.238856,1.000000,0.033667
1779541066.304402,0,1,12.908482,10.186706,3.240193,1.000000,0.033667
1779541066.314461,0,1,12.898550,10.185540,3.241460,1.000000,0.034486
1779541066.324800,0,1,12.888623,10.184331,3.242962,1.000000,0.034486
1779541066.334945,0,1,12.878698,10.183112,3.244292,1.000000,0.035321
1779541066.344973,0,1,12.868777,10.181860,3.245820,1.000000,0.035321
1779541066.354617,0,1,12.858856,10.180605,3.247162,1.000000,0.035321
1779541066.365351,0,1,12.848939,10.179319,3.248696,1.000000,0.035174
1779541066.374647,0,1,12.839022,10.178032,3.250041,1.000000,0.035174
1779541066.384609,0,1,12.829109,10.176716,3.251577,1.000000,0.034593
1779541066.394344,0,1,12.819196,10.175400,3.252923,1.000000,0.034226
1779541066.404866,0,1,12.809287,10.174055,3.254459,1.000000,0.034226
1779541066.414285,0,1,12.799378,10.172709,3.255805,1.000000,0.033683
1779541066.424830,0,1,12.789473,10.171335,3.257342,1.000000,0.033683
1779541066.434619,0,1,12.779568,10.169961,3.258688,1.000000,0.033063
1779541066.444488,0,1,12.769666,10.168559,3.260225,1.000000,0.033063
1779541066.454412,0,1,12.759765,10.167156,3.261571,1.000000,0.033063
1779541066.464341,0,1,12.749868,10.165725,3.263108,1.000000,0.033063
1779541066.474433,0,1,12.739971,10.164293,3.264454,1.000000,0.033063
1779541066.485013,0,1,12.730078,10.162834,3.265991,1.000000,0.033063
1779541066.495045,0,1,12.720185,10.161374,3.267337,1.000000,0.033063
1779541066.504429,0,1,12.710297,10.159886,3.268874,1.000000,0.033063
1779541066.515143,0,1,12.700408,10.158397,3.270220,1.000000,0.033063
1779541066.524714,0,1,12.690524,10.156881,3.271757,1.000000,0.033063
1779541066.535124,0,1,12.680640,10.155364,3.273103,1.000000,0.033063
1779541066.544387,0,1,12.670760,10.153819,3.274640,1.000000,0.033063
1779541066.555319,0,1,12.660880,10.152273,3.275986,1.000000,0.029414
1779541066.564260,0,1,12.651004,10.150700,3.277523,1.000000,0.029414
1779541066.574956,0,1,12.641125,10.149149,3.278623,1.000000,0.029414
1779541066.584605,0,1,12.631238,10.147650,3.279207,1.000000,0.028237
1779541066.594590,0,1,12.621350,10.146157,3.279863,1.000000,0.028237
1779541066.604655,0,1,12.611459,10.144688,3.280283,1.000000,0.027533
1779541066.614813,0,1,12.601569,10.143210,3.280875,1.000000,0.027071
1779541066.624742,0,1,12.591677,10.141745,3.281269,1.000000,0.027071
1779541066.634417,0,1,12.581787,10.140266,3.281849,1.000000,0.027071
1779541066.644867,0,1,12.571895,10.138797,3.282237,1.000000,0.027456
1779541066.654611,0,1,12.562006,10.137311,3.282814,1.000000,0.027456
1779541066.664597,0,1,12.552116,10.135834,3.283200,1.000000,0.028086
1779541066.674510,0,1,12.542228,10.134339,3.283776,1.000000,0.028461
1779541066.684753,0,1,12.532339,10.132854,3.284162,1.000000,0.028461
1779541066.694782,0,1,12.522453,10.131350,3.284737,1.000000,0.028461
1779541066.705033,0,1,12.512565,10.129855,3.285123,1.000000,0.029477
1779541066.714625,0,1,12.502680,10.128342,3.285698,1.000000,0.029477
1779541066.724393,0,1,12.492794,10.126838,3.286084,1.000000,0.030189
1779541066.734795,0,1,12.482911,10.125315,3.286659,1.000000,0.030189
1779541066.744826,0,1,12.473026,10.123802,3.287045,1.000000,0.030947
1779541066.754655,0,1,12.463144,10.122270,3.287620,1.000000,0.030947
1779541066.764670,0,1,12.453261,10.120746,3.288006,1.000000,0.031690
1779541066.774761,0,1,12.443380,10.119205,3.288581,1.000000,0.031690
1779541066.784892,0,1,12.433498,10.117672,3.288967,1.000000,0.032426
1779541066.794521,0,1,12.423619,10.116121,3.289542,1.000000,0.032426
1779541066.804558,0,1,12.413739,10.114579,3.289928,1.000000,0.033209
1779541066.814920,0,1,12.403865,10.112995,3.290750,1.000000,0.033209
1779541066.824547,0,1,12.394003,10.111341,3.292087,1.000000,0.034013
1779541066.834829,0,1,12.384145,10.109661,3.293354,1.000000,0.034013
1779541066.844591,0,1,12.374295,10.107939,3.294855,1.000000,0.034804
1779541066.854470,0,1,12.364446,10.106207,3.296186,1.000000,0.034804
1779541066.864848,0,1,12.354603,10.104443,3.297714,1.000000,0.035428
1779541066.874716,0,1,12.344760,10.102674,3.299056,1.000000,0.035428
1779541066.884538,0,1,12.334923,10.100876,3.300590,1.000000,0.035094
1779541066.894533,0,1,12.325087,10.099076,3.301935,1.000000,0.035094
1779541066.904973,0,1,12.315255,10.097248,3.303471,1.000000,0.034543
1779541066.914701,0,1,12.305424,10.095419,3.304817,1.000000,0.034543
1779541066.924540,0,1,12.295598,10.093562,3.306353,1.000000,0.033985
1779541066.934888,0,1,12.285772,10.091704,3.307699,1.000000,0.033985
1779541066.945097,0,1,12.275951,10.089818,3.309236,1.000000,0.033985
1779541066.954524,0,1,12.266131,10.087932,3.310582,1.000000,0.033985
1779541066.965072,0,1,12.256316,10.086018,3.312119,1.000000,0.033985
1779541066.974813,0,1,12.246501,10.084103,3.313465,1.000000,0.033985
1779541066.984823,0,1,12.236691,10.082161,3.315002,1.000000,0.033985
1779541066.994313,0,1,12.226882,10.080218,3.316348,1.000000,0.033985
1779541067.004346,0,1,12.217078,10.078248,3.317885,1.000000,0.033985
1779541067.014566,0,1,12.207274,10.076276,3.319231,1.000000,0.033985
1779541067.024389,0,1,12.197476,10.074278,3.320768,1.000000,0.033985
1779541067.034676,0,1,12.187678,10.072278,3.322114,1.000000,0.033985
1779541067.044730,0,1,12.177885,10.070251,3.323651,1.000000,0.033985
1779541067.054811,0,1,12.168093,10.068223,3.324997,1.000000,0.033985
1779541067.064601,0,1,12.158307,10.066168,3.326534,1.000000,0.029942
1779541067.074497,0,1,12.148520,10.064112,3.327880,1.000000,0.029047
1779541067.084595,0,1,12.138740,10.062028,3.329417,1.000000,0.029047
1779541067.094941,0,1,12.128954,10.059967,3.330517,1.000000,0.028370
1779541067.104269,0,1,12.119159,10.057957,3.331101,1.000000,0.028370
1779541067.114768,0,1,12.109361,10.055953,3.331757,1.000000,0.027635
1779541067.124675,0,1,12.099559,10.053973,3.332177,1.000000,0.027635
1779541067.134952,0,1,12.089759,10.051984,3.332769,1.000000,0.026961
1779541067.144630,0,1,12.079956,10.050008,3.333163,1.000000,0.026961
1779541067.154577,0,1,12.070157,10.048018,3.333743,1.000000,0.027086
1779541067.164240,0,1,12.060355,10.046038,3.334131,1.000000,0.027086
1779541067.174692,0,1,12.050556,10.044041,3.334707,1.000000,0.027629
1779541067.184618,0,1,12.040756,10.042053,3.335094,1.000000,0.027629
1779541067.194453,0,1,12.030959,10.040048,3.335670,1.000000,0.028281
1779541067.204293,0,1,12.021160,10.038051,3.336055,1.000000,0.028281
1779541067.214319,0,1,12.011365,10.036037,3.336631,1.000000,0.028281
1779541067.224412,0,1,12.001568,10.034031,3.337017,1.000000,0.029357
1779541067.234649,0,1,11.991775,10.032007,3.337592,1.000000,0.029357
1779541067.244796,0,1,11.981980,10.029992,3.337978,1.000000,0.029357
1779541067.254476,0,1,11.972189,10.027959,3.338553,1.000000,0.030065
1779541067.264762,0,1,11.962396,10.025934,3.338939,1.000000,0.030065
1779541067.274637,0,1,11.952607,10.023892,3.339514,1.000000,0.030065
1779541067.284691,0,1,11.942816,10.021858,3.339900,1.000000,0.031547
1779541067.294964,0,1,11.933029,10.019806,3.340475,1.000000,0.031547
1779541067.304607,0,1,11.923240,10.017763,3.340861,1.000000,0.032300
1779541067.314600,0,1,11.913455,10.015702,3.341436,1.000000,0.032300
1779541067.325163,0,1,11.903668,10.013649,3.341822,1.000000,0.032300
1779541067.334671,0,1,11.893889,10.011555,3.342644,1.000000,0.033045
1779541067.344872,0,1,11.884126,10.009392,3.343981,1.000000,0.033045
1779541067.355025,0,1,11.874369,10.007203,3.345248,1.000000,0.033045
1779541067.364745,0,1,11.864621,10.004972,3.346749,1.000000,0.034641
1779541067.374791,0,1,11.854875,10.002732,3.348079,1.000000,0.034641
1779541067.384607,0,1,11.845136,10.000459,3.349608,1.000000,0.034641
1779541067.395137,0,1,11.835399,9.998182,3.350950,1.000000,0.035105
1779541067.404669,0,1,11.825669,9.995876,3.352484,1.000000,0.035105
1779541067.415144,0,1,11.815939,9.993569,3.353829,1.000000,0.035105
1779541067.424742,0,1,11.806215,9.991233,3.355365,1.000000,0.034385
1779541067.435082,0,1,11.796492,9.988896,3.356711,1.000000,0.034385
1779541067.444255,0,1,11.786775,9.986532,3.358247,1.000000,0.034385
1779541067.454819,0,1,11.777059,9.984167,3.359593,1.000000,0.034385
1779541067.464269,0,1,11.767350,9.981775,3.361130,1.000000,0.034385
1779541067.474647,0,1,11.757640,9.979381,3.362476,1.000000,0.034385
1779541067.484807,0,1,11.747938,9.976961,3.364013,1.000000,0.034385
1779541067.494395,0,1,11.738235,9.974540,3.365359,1.000000,0.034385
1779541067.504455,0,1,11.728539,9.972091,3.366896,1.000000,0.034385
1779541067.515000,0,1,11.718844,9.969642,3.368242,1.000000,0.034385
1779541067.524505,0,1,11.709156,9.967166,3.369779,1.000000,0.034385
1779541067.534600,0,1,11.699467,9.964688,3.371125,1.000000,0.034385
1779541067.544282,0,1,11.689786,9.962184,3.372662,1.000000,0.034385
1779541067.554394,0,1,11.680105,9.959679,3.374008,1.000000,0.034385
1779541067.564513,0,1,11.670431,9.957147,3.375544,1.000000,0.034385
1779541067.574259,0,1,11.660757,9.954614,3.376891,1.000000,0.034385
1779541067.584270,0,1,11.651090,9.952054,3.378427,1.000000,0.034385
1779541067.594408,0,1,11.641424,9.949493,3.379774,1.000000,0.034385
1779541067.604557,0,1,11.631764,9.946905,3.381310,1.000000,0.029249
1779541067.614544,0,1,11.622105,9.944316,3.382657,1.000000,0.029249
1779541067.625442,0,1,11.612453,9.941700,3.384193,1.000000,0.029249
1779541067.634739,0,1,11.602796,9.939107,3.385294,1.000000,0.029249
1779541067.644585,0,1,11.593125,9.936563,3.385878,1.000000,0.027297
1779541067.654519,0,1,11.583452,9.934026,3.386534,1.000000,0.027297
1779541067.664916,0,1,11.573773,9.931512,3.386954,1.000000,0.026542
1779541067.674729,0,1,11.564096,9.928989,3.387546,1.000000,0.026542
1779541067.684710,0,1,11.554416,9.926480,3.387940,1.000000,0.026542
1779541067.694438,0,1,11.544740,9.923956,3.388520,1.000000,0.026542
1779541067.704305,0,1,11.535061,9.921442,3.388907,1.000000,0.026229
1779541067.714541,0,1,11.525387,9.918912,3.389484,1.000000,0.026229
1779541067.724300,0,1,11.515710,9.916390,3.389871,1.000000,0.026229
1779541067.734667,0,1,11.506037,9.913851,3.390447,1.000000,0.027089
1779541067.744505,0,1,11.496363,9.911321,3.390832,1.000000,0.027089
1779541067.754585,0,1,11.486693,9.908774,3.391408,1.000000,0.028116
1779541067.764457,0,1,11.477020,9.906235,3.391794,1.000000,0.028116
1779541067.775018,0,1,11.467353,9.903678,3.392369,1.000000,0.028116
1779541067.784891,0,1,11.457683,9.901129,3.392755,1.000000,0.029093
1779541067.794899,0,1,11.448018,9.898563,3.393330,1.000000,0.029093
1779541067.804930,0,1,11.438350,9.896006,3.393716,1.000000,0.029093
1779541067.814750,0,1,11.428688,9.893430,3.394291,1.000000,0.029093
1779541067.824670,0,1,11.419023,9.890863,3.394677,1.000000,0.030441
1779541067.834924,0,1,11.409363,9.888279,3.395252,1.000000,0.030441
1779541067.844817,0,1,11.399700,9.885703,3.395638,1.000000,0.030441
1779541067.854875,0,1,11.390042,9.883109,3.396213,1.000000,0.031067
1779541067.864598,0,1,11.380382,9.880523,3.396599,1.000000,0.031067
1779541067.874852,0,1,11.370727,9.877920,3.397174,1.000000,0.031067
1779541067.884884,0,1,11.361070,9.875325,3.397560,1.000000,0.032419
1779541067.895273,0,1,11.351417,9.872713,3.398135,1.000000,0.032419
1779541067.904755,0,1,11.341762,9.870109,3.398521,1.000000,0.032419
1779541067.914698,0,1,11.332118,9.867464,3.399342,1.000000,0.033431
1779541067.924747,0,1,11.322493,9.864751,3.400680,1.000000,0.033431
1779541067.934370,0,1,11.312875,9.862013,3.401947,1.000000,0.033431
1779541067.944267,0,1,11.303270,9.859233,3.403448,1.000000,0.033431
1779541067.954398,0,1,11.293666,9.856444,3.404778,1.000000,0.033431
1779541067.964517,0,1,11.284073,9.853623,3.406307,1.000000,0.033431
1779541067.974641,0,1,11.274480,9.850798,3.407649,1.000000,0.033431
1779541067.984943,0,1,11.264896,9.847945,3.409183,1.000000,0.033431
1779541067.994698,0,1,11.255312,9.845089,3.410528,1.000000,0.033431
1779541068.004566,0,1,11.245736,9.842206,3.412064,1.000000,0.033431
1779541068.014571,0,1,11.236161,9.839322,3.413410,1.000000,0.033431
1779541068.024740,0,1,11.226594,9.836411,3.414946,1.000000,0.033431
1779541068.034273,0,1,11.217028,9.833499,3.416292,1.000000,0.033431
1779541068.044748,0,1,11.207469,9.830561,3.417829,1.000000,0.033431
1779541068.054662,0,1,11.197911,9.827621,3.419175,1.000000,0.033431
1779541068.064575,0,1,11.188361,9.824655,3.420711,1.000000,0.033431
1779541068.074682,0,1,11.178812,9.821687,3.422058,1.000000,0.033431
1779541068.084495,0,1,11.169270,9.818694,3.423594,1.000000,0.030896
1779541068.094702,0,1,11.159729,9.815699,3.424941,1.000000,0.030896
1779541068.104600,0,1,11.150197,9.812677,3.426477,1.000000,0.029588
1779541068.114425,0,1,11.140657,9.809678,3.427578,1.000000,0.029588
1779541068.124441,0,1,11.131102,9.806728,3.428162,1.000000,0.028728
1779541068.134576,0,1,11.121545,9.803784,3.428818,1.000000,0.027838
1779541068.144563,0,1,11.111981,9.800863,3.429238,1.000000,0.027838
1779541068.154521,0,1,11.102420,9.797933,3.429830,1.000000,0.027838
1779541068.164585,0,1,11.092855,9.795017,3.430224,1.000000,0.027084
1779541068.174299,0,1,11.083294,9.792086,3.430803,1.000000,0.027084
1779541068.184622,0,1,11.073730,9.789166,3.431191,1.000000,0.027353
1779541068.194905,0,1,11.064171,9.786229,3.431768,1.000000,0.027789
1779541068.204655,0,1,11.054609,9.783301,3.432155,1.000000,0.027789
1779541068.214685,0,1,11.045053,9.780355,3.432731,1.000000,0.028063
1779541068.224760,0,1,11.035494,9.777418,3.433116,1.000000,0.028063
1779541068.235088,0,1,11.025940,9.774464,3.433692,1.000000,0.028549
1779541068.244550,0,1,11.016384,9.771519,3.434078,1.000000,0.028549
1779541068.254989,0,1,11.006833,9.768555,3.434653,1.000000,0.029035
1779541068.264559,0,1,10.997280,9.765600,3.435039,1.000000,0.029035
1779541068.274469,0,1,10.987732,9.762628,3.435614,1.000000,0.029523
1779541068.284625,0,1,10.978181,9.759664,3.436000,1.000000,0.029523
1779541068.294267,0,1,10.968636,9.756683,3.436575,1.000000,0.030033
1779541068.304580,0,1,10.959088,9.753709,3.436961,1.000000,0.030033
1779541068.314658,0,1,10.949546,9.750719,3.437536,1.000000,0.030198
1779541068.325097,0,1,10.940001,9.747736,3.437922,1.000000,0.030691
1779541068.334685,0,1,10.930461,9.744737,3.438497,1.000000,0.030691
1779541068.344910,0,1,10.920919,9.741745,3.438883,1.000000,0.031205
1779541068.354225,0,1,10.911383,9.738736,3.439458,1.000000,0.031205
1779541068.364613,0,1,10.901844,9.735735,3.439844,1.000000,0.031701
1779541068.374768,0,1,10.892310,9.732717,3.440419,1.000000,0.031701
1779541068.384704,0,1,10.882774,9.729707,3.440805,1.000000,0.032203
1779541068.394499,0,1,10.873243,9.726680,3.441380,1.000000,0.032696
1779541068.404241,0,1,10.863710,9.723661,3.441766,1.000000,0.032696
1779541068.414512,0,1,10.854189,9.720602,3.442587,1.000000,0.033005
1779541068.424436,0,1,10.844690,9.717475,3.443925,1.000000,0.033005
1779541068.434582,0,1,10.835200,9.714324,3.445192,1.000000,0.033538
1779541068.444762,0,1,10.825723,9.711132,3.446693,1.000000,0.033538
1779541068.454589,0,1,10.816250,9.707930,3.448023,1.000000,0.033538
1779541068.464312,0,1,10.806787,9.704697,3.449552,1.000000,0.033538
1779541068.474367,0,1,10.797325,9.701460,3.450894,1.000000,0.033538
1779541068.484540,0,1,10.787873,9.698195,3.452428,1.000000,0.033538
1779541068.494376,0,1,10.778422,9.694928,3.453773,1.000000,0.033538
1779541068.504783,0,1,10.768980,9.691634,3.455309,1.000000,0.033538
1779541068.514414,0,1,10.759539,9.688338,3.456655,1.000000,0.033538
1779541068.524489,0,1,10.750106,9.685016,3.458191,1.000000,0.033538
1779541068.535181,0,1,10.740675,9.681694,3.459537,1.000000,0.033538
1779541068.544598,0,1,10.731252,9.678344,3.461074,1.000000,0.033538
1779541068.554676,0,1,10.721830,9.674994,3.462420,1.000000,0.030309
1779541068.564240,0,1,10.712417,9.671618,3.463956,1.000000,0.030309
1779541068.574703,0,1,10.702997,9.668263,3.465057,1.000000,0.029122
1779541068.584799,0,1,10.693559,9.664957,3.465641,1.000000,0.029122
1779541068.594795,0,1,10.684119,9.661657,3.466297,1.000000,0.028125
1779541068.604876,0,1,10.674672,9.658380,3.466717,1.000000,0.027668
1779541068.614558,0,1,10.665227,9.655094,3.467309,1.000000,0.027668
1779541068.624714,0,1,10.655777,9.651822,3.467702,1.000000,0.027668
1779541068.634880,0,1,10.646333,9.648535,3.468282,1.000000,0.026803
1779541068.644273,0,1,10.636885,9.645258,3.468670,1.000000,0.026890
1779541068.654608,0,1,10.627443,9.641964,3.469247,1.000000,0.026890
1779541068.664286,0,1,10.617998,9.638680,3.469634,1.000000,0.027169
1779541068.674732,0,1,10.608559,9.635379,3.470210,1.000000,0.027169
1779541068.684654,0,1,10.599116,9.632086,3.470595,1.000000,0.027507
1779541068.694206,0,1,10.589680,9.628776,3.471171,1.000000,0.027507
1779541068.704691,0,1,10.580241,9.625474,3.471557,1.000000,0.027828
1779541068.714597,0,1,10.570808,9.622155,3.472132,1.000000,0.027828
1779541068.724639,0,1,10.561372,9.618844,3.472518,1.000000,0.028153
1779541068.734836,0,1,10.551942,9.615516,3.473093,1.000000,0.028153
1779541068.744729,0,1,10.542509,9.612196,3.473479,1.000000,0.028489
1779541068.754413,0,1,10.533082,9.608859,3.474054,1.000000,0.028489
1779541068.764827,0,1,10.523652,9.605531,3.474440,1.000000,0.028831
1779541068.774660,0,1,10.514229,9.602184,3.475015,1.000000,0.028831
1779541068.784577,0,1,10.504802,9.598846,3.475401,1.000000,0.029159
1779541068.794657,0,1,10.495382,9.595491,3.475976,1.000000,0.029373
1779541068.804243,0,1,10.485959,9.592144,3.476362,1.000000,0.029373
1779541068.814928,0,1,10.476542,9.588780,3.476937,1.000000,0.029373
1779541068.824251,0,1,10.467122,9.585424,3.477323,1.000000,0.029816
1779541068.835226,0,1,10.457708,9.582051,3.477898,1.000000,0.029816
1779541068.844273,0,1,10.448291,9.578686,3.478284,1.000000,0.030146
1779541068.855178,0,1,10.438880,9.575303,3.478859,1.000000,0.030146
1779541068.864620,0,1,10.429467,9.571929,3.479245,1.000000,0.030466
1779541068.874809,0,1,10.420059,9.568538,3.479820,1.000000,0.030466
1779541068.884453,0,1,10.410649,9.565155,3.480206,1.000000,0.030783
1779541068.894469,0,1,10.401245,9.561754,3.480781,1.000000,0.030783
1779541068.904661,0,1,10.391838,9.558362,3.481167,1.000000,0.030783
1779541068.915128,0,1,10.382437,9.554953,3.481742,1.000000,0.031102
1779541068.924553,0,1,10.373033,9.551552,3.482128,1.000000,0.031429
1779541068.934935,0,1,10.363636,9.548133,3.482703,1.000000,0.031429
1779541068.944523,0,1,10.354235,9.544723,3.483089,1.000000,0.031429
1779541068.954496,0,1,10.344841,9.541295,3.483664,1.000000,0.031429
1779541068.964426,0,1,10.335444,9.537876,3.484050,1.000000,0.031429
1779541068.974691,0,1,10.326053,9.534440,3.484625,1.000000,0.031429
1779541068.984678,0,1,10.316659,9.531011,3.485011,1.000000,0.031429
1779541068.994644,0,1,10.307271,9.527566,3.485586,1.000000,0.031429
1779541069.004620,0,1,10.297880,9.524128,3.485972,1.000000,0.031429
1779541069.014629,0,1,10.288496,9.520674,3.486547,1.000000,0.031429
1779541069.024661,0,1,10.279109,9.517227,3.486933,1.000000,0.031429
1779541069.034533,0,1,10.269728,9.513764,3.487508,1.000000,0.031429
1779541069.045220,0,1,10.260344,9.510308,3.487894,1.000000,0.031429
1779541069.054533,0,1,10.250966,9.506836,3.488469,1.000000,0.033393
1779541069.064541,0,1,10.241585,9.503371,3.488855,1.000000,0.033393
1779541069.074652,0,1,10.232219,9.499867,3.489676,1.000000,0.033806
1779541069.084235,0,1,10.222878,9.496297,3.491014,1.000000,0.033806
1779541069.094380,0,1,10.213547,9.492703,3.492280,1.000000,0.034104
1779541069.104299,0,1,10.204231,9.489068,3.493782,1.000000,0.034104
1779541069.114241,0,1,10.194918,9.485424,3.495112,1.000000,0.034190
1779541069.124723,0,1,10.185618,9.481749,3.496641,1.000000,0.034299
1779541069.134253,0,1,10.176319,9.478070,3.497983,1.000000,0.034299
1779541069.144628,0,1,10.167032,9.474363,3.499517,1.000000,0.033420
1779541069.154574,0,1,10.157745,9.470655,3.500862,1.000000,0.033420
1779541069.164680,0,1,10.148468,9.466920,3.502397,1.000000,0.032342
1779541069.174566,0,1,10.139192,9.463184,3.503743,1.000000,0.032342
1779541069.184572,0,1,10.129927,9.459422,3.505280,1.000000,0.031199
1779541069.194241,0,1,10.120662,9.455659,3.506626,1.000000,0.031199
1779541069.204206,0,1,10.111408,9.451870,3.508162,1.000000,0.030006
1779541069.214805,0,1,10.102145,9.448102,3.509263,1.000000,0.030006
1779541069.224411,0,1,10.092863,9.444382,3.509847,1.000000,0.028787
1779541069.234573,0,1,10.083578,9.440669,3.510503,1.000000,0.028115
1779541069.244380,0,1,10.074284,9.436977,3.510923,1.000000,0.028115
1779541069.254636,0,1,10.064994,9.433277,3.511515,1.000000,0.026859
1779541069.264289,0,1,10.055698,9.429590,3.511908,1.000000,0.026859
1779541069.274673,0,1,10.046408,9.425889,3.512488,1.000000,0.026410
1779541069.284507,0,1,10.037114,9.422198,3.512876,1.000000,0.026410
1779541069.294793,0,1,10.027827,9.418490,3.513453,1.000000,0.026402
1779541069.305197,0,1,10.018536,9.414792,3.513839,1.000000,0.026402
1779541069.314957,0,1,10.009252,9.411077,3.514416,1.000000,0.026373
1779541069.324482,0,1,9.999964,9.407370,3.514801,1.000000,0.026459
1779541069.334697,0,1,9.990684,9.403646,3.515377,1.000000,0.026459
1779541069.344240,0,1,9.981400,9.399930,3.515762,1.000000,0.026547
1779541069.354507,0,1,9.972122,9.396198,3.516338,1.000000,0.026547
1779541069.364519,0,1,9.962842,9.392473,3.516724,1.000000,0.026633
1779541069.374518,0,1,9.953568,9.388732,3.517299,1.000000,0.026633
1779541069.384548,0,1,9.944291,9.384998,3.517685,1.000000,0.026710
1779541069.394509,0,1,9.935021,9.381248,3.518260,1.000000,0.026710
1779541069.404678,0,1,9.925748,9.377505,3.518646,1.000000,0.026791
1779541069.414569,0,1,9.916481,9.373746,3.519221,1.000000,0.026791
1779541069.424830,0,1,9.907212,9.369995,3.519607,1.000000,0.026864
1779541069.434484,0,1,9.897949,9.366227,3.520182,1.000000,0.026970
1779541069.444651,0,1,9.888683,9.362467,3.520568,1.000000,0.026970
1779541069.454450,0,1,9.879423,9.358690,3.521143,1.000000,0.026970
1779541069.464541,0,1,9.870161,9.354921,3.521529,1.000000,0.026970
1779541069.474282,0,1,9.860905,9.351135,3.522104,1.000000,0.026970
1779541069.484368,0,1,9.851646,9.347357,3.522490,1.000000,0.026970
1779541069.494694,0,1,9.842394,9.343562,3.523065,1.000000,0.026970
1779541069.505000,0,1,9.833139,9.339775,3.523451,1.000000,0.026970
1779541069.514466,0,1,9.823891,9.335971,3.524026,1.000000,0.026970
1779541069.524704,0,1,9.814639,9.332175,3.524412,1.000000,0.026970
1779541069.534602,0,1,9.805394,9.328363,3.524987,1.000000,0.026970
1779541069.544631,0,1,9.796146,9.324558,3.525373,1.000000,0.026970
1779541069.554744,0,1,9.786905,9.320737,3.525948,1.000000,0.027000
1779541069.564535,0,1,9.777661,9.316923,3.526334,1.000000,0.027000
1779541069.575084,0,1,9.768424,9.313093,3.526909,1.000000,0.027299
1779541069.584594,0,1,9.759183,9.309270,3.527295,1.000000,0.027299
1779541069.594620,0,1,9.749950,9.305431,3.527870,1.000000,0.027311
1779541069.604319,0,1,9.740713,9.301600,3.528256,1.000000,0.027311
1779541069.614671,0,1,9.731483,9.297752,3.528831,1.000000,0.027321
1779541069.624848,0,1,9.722249,9.293912,3.529217,1.000000,0.027321
1779541069.634944,0,1,9.713023,9.290055,3.529792,1.000000,0.027332
1779541069.644969,0,1,9.703794,9.286206,3.530178,1.000000,0.027332
1779541069.654517,0,1,9.694571,9.282340,3.530753,1.000000,0.027339
1779541069.664482,0,1,9.685345,9.278482,3.531139,1.000000,0.027339
1779541069.674458,0,1,9.676126,9.274607,3.531714,1.000000,0.027284
1779541069.684505,0,1,9.666904,9.270740,3.532100,1.000000,0.027266
1779541069.694855,0,1,9.657689,9.266857,3.532675,1.000000,0.027266
1779541069.704623,0,1,9.648471,9.262981,3.533061,1.000000,0.027257
1779541069.714855,0,1,9.639259,9.259089,3.533636,1.000000,0.027257
1779541069.724600,0,1,9.630045,9.255204,3.534022,1.000000,0.027238
1779541069.734667,0,1,9.620837,9.251303,3.534597,1.000000,0.027238
1779541069.744448,0,1,9.611626,9.247410,3.534983,1.000000,0.027199
1779541069.754785,0,1,9.602422,9.243499,3.535558,1.000000,0.027267
1779541069.764615,0,1,9.593215,9.239597,3.535944,1.000000,0.027267
1779541069.775079,0,1,9.584015,9.235678,3.536519,1.000000,0.027203
1779541069.784541,0,1,9.574812,9.231767,3.536905,1.000000,0.027203
1779541069.794547,0,1,9.565615,9.227839,3.537480,1.000000,0.027156
1779541069.804717,0,1,9.556416,9.223920,3.537866,1.000000,0.027156
1779541069.814929,0,1,9.547223,9.219983,3.538441,1.000000,0.027104
1779541069.824242,0,1,9.538027,9.216054,3.538827,1.000000,0.027104
1779541069.834581,0,1,9.528838,9.212109,3.539402,1.000000,0.027104
1779541069.844868,0,1,9.519646,9.208171,3.539788,1.000000,0.026919
1779541069.854523,0,1,9.510461,9.204217,3.540363,1.000000,0.026919
1779541069.864534,0,1,9.501273,9.200271,3.540749,1.000000,0.026919
1779541069.874372,0,1,9.492092,9.196307,3.541324,1.000000,0.026842
1779541069.884640,0,1,9.482907,9.192352,3.541710,1.000000,0.026842
1779541069.894789,0,1,9.473730,9.188380,3.542285,1.000000,0.026842
1779541069.905019,0,1,9.464549,9.184416,3.542671,1.000000,0.026652
1779541069.914681,0,1,9.455376,9.180435,3.543246,1.000000,0.026652
1779541069.924987,0,1,9.446199,9.176463,3.543632,1.000000,0.026580
1779541069.934809,0,1,9.437029,9.172473,3.544207,1.000000,0.026580
1779541069.944295,0,1,9.427856,9.168491,3.544593,1.000000,0.026580
1779541069.954908,0,1,9.418690,9.164493,3.545168,1.000000,0.026580
1779541069.964763,0,1,9.409521,9.160503,3.545554,1.000000,0.026580
1779541069.975023,0,1,9.400359,9.156495,3.546129,1.000000,0.026580
1779541069.984648,0,1,9.391193,9.152496,3.546515,1.000000,0.026580
1779541069.994778,0,1,9.382035,9.148480,3.547090,1.000000,0.026580
1779541070.004723,0,1,9.372873,9.144472,3.547476,1.000000,0.026580
1779541070.014833,0,1,9.363719,9.140447,3.548051,1.000000,0.026580
1779541070.024612,0,1,9.354561,9.136430,3.548437,1.000000,0.026580
1779541070.034677,0,1,9.345411,9.132397,3.549012,1.000000,0.026580
1779541070.044555,0,1,9.336257,9.128371,3.549398,1.000000,0.026580
1779541070.054606,0,1,9.327111,9.124329,3.549973,1.000000,0.025209
1779541070.064752,0,1,9.317961,9.120294,3.550359,1.000000,0.025209
1779541070.074768,0,1,9.308818,9.116243,3.550934,1.000000,0.025656
1779541070.084329,0,1,9.299672,9.112200,3.551320,1.000000,0.025656
1779541070.094541,0,1,9.290533,9.108140,3.551895,1.000000,0.025458
1779541070.104616,0,1,9.281391,9.104088,3.552281,1.000000,0.025458
1779541070.114864,0,1,9.272256,9.100019,3.552856,1.000000,0.025322
1779541070.124574,0,1,9.263118,9.095958,3.553242,1.000000,0.025115
1779541070.134509,0,1,9.253987,9.091880,3.553817,1.000000,0.025115
1779541070.144332,0,1,9.244852,9.087811,3.554203,1.000000,0.025115
1779541070.154649,0,1,9.235725,9.083724,3.554778,1.000000,0.024915
1779541070.164864,0,1,9.226595,9.079646,3.555164,1.000000,0.024915
1779541070.174306,0,1,9.217472,9.075551,3.555739,1.000000,0.024915
1779541070.184832,0,1,9.208345,9.071464,3.556125,1.000000,0.024412
1779541070.194241,0,1,9.199226,9.067360,3.556700,1.000000,0.024412
1779541070.204834,0,1,9.190103,9.063264,3.557086,1.000000,0.024243
1779541070.214642,0,1,9.180988,9.059151,3.557661,1.000000,0.024243
1779541070.224383,0,1,9.171869,9.055047,3.558047,1.000000,0.024243
1779541070.234275,0,1,9.162758,9.050925,3.558622,1.000000,0.023916
1779541070.244241,0,1,9.153643,9.046812,3.559008,1.000000,0.023916
1779541070.254667,0,1,9.144536,9.042682,3.559583,1.000000,0.023685
1779541070.264317,0,1,9.135425,9.038560,3.559969,1.000000,0.023685
1779541070.274961,0,1,9.126322,9.034421,3.560544,1.000000,0.023685
1779541070.284413,0,1,9.117215,9.030290,3.560930,1.000000,0.023216
1779541070.294988,0,1,9.108116,9.026142,3.561505,1.000000,0.023216
1779541070.304572,0,1,9.099013,9.022002,3.561891,1.000000,0.023216
1779541070.314584,0,1,9.089918,9.017846,3.562466,1.000000,0.022818
1779541070.324277,0,1,9.080819,9.013698,3.562852,1.000000,0.022818
1779541070.334444,0,1,9.071727,9.009532,3.563427,1.000000,0.022818
1779541070.344640,0,1,9.062633,9.005375,3.563813,1.000000,0.022314
1779541070.354641,0,1,9.053545,9.001201,3.564388,1.000000,0.022314
1779541070.364598,0,1,9.044454,8.997036,3.564774,1.000000,0.022314
1779541070.374907,0,1,9.035371,8.992853,3.565349,1.000000,0.022024
1779541070.384624,0,1,9.026284,8.988678,3.565735,1.000000,0.022024
1779541070.394497,0,1,9.017205,8.984487,3.566310,1.000000,0.021588
1779541070.404716,0,1,9.008122,8.980304,3.566696,1.000000,0.021588
1779541070.414731,0,1,8.999047,8.976104,3.567271,1.000000,0.021588
1779541070.424664,0,1,8.989968,8.971911,3.567657,1.000000,0.021027
1779541070.435083,0,1,8.980897,8.967703,3.568232,1.000000,0.021027
1779541070.444422,0,1,8.971822,8.963502,3.568618,1.000000,0.021027
1779541070.454548,0,1,8.962755,8.959284,3.569193,1.000000,0.021027
1779541070.464512,0,1,8.953684,8.955075,3.569579,1.000000,0.021027
1779541070.474626,0,1,8.944621,8.950849,3.570154,1.000000,0.021027
1779541070.484781,0,1,8.935554,8.946630,3.570540,1.000000,0.021027
1779541070.494735,0,1,8.926495,8.942395,3.571115,1.000000,0.021027
1779541070.504640,0,1,8.917432,8.938168,3.571501,1.000000,0.021027
1779541070.514729,0,1,8.908377,8.933925,3.572076,1.000000,0.021027
1779541070.524849,0,1,8.899319,8.929689,3.572462,1.000000,0.021027
1779541070.534756,0,1,8.890268,8.925437,3.573037,1.000000,0.021027
1779541070.544254,0,1,8.881213,8.921193,3.573423,1.000000,0.021027
1779541070.554789,0,1,8.872167,8.916932,3.573998,1.000000,0.021027
1779541070.564703,0,1,8.863116,8.912678,3.574384,1.000000,0.017546
1779541070.574675,0,1,8.854074,8.908409,3.574959,1.000000,0.017546
1779541070.584260,0,1,8.845027,8.904147,3.575345,1.000000,0.017891
1779541070.594739,0,1,8.835989,8.899869,3.575920,1.000000,0.017891
1779541070.604588,0,1,8.826946,8.895598,3.576306,1.000000,0.017458
1779541070.614591,0,1,8.817912,8.891311,3.576881,1.000000,0.017458
1779541070.624904,0,1,8.808874,8.887032,3.577267,1.000000,0.016978
1779541070.634427,0,1,8.799843,8.882736,3.577842,1.000000,0.016978
1779541070.644609,0,1,8.790809,8.878448,3.578228,1.000000,0.016503
1779541070.654587,0,1,8.781783,8.874144,3.578803,1.000000,0.016361
1779541070.664669,0,1,8.772753,8.869847,3.579189,1.000000,0.016361
1779541070.674529,0,1,8.763731,8.865534,3.579764,1.000000,0.015836
1779541070.684571,0,1,8.754705,8.861229,3.580150,1.000000,0.015836
1779541070.694868,0,1,8.745687,8.856907,3.580725,1.000000,0.015327
1779541070.704391,0,1,8.736666,8.852593,3.581111,1.000000,0.015327
1779541070.714955,0,1,8.727652,8.848263,3.581686,1.000000,0.014834
1779541070.724596,0,1,8.718635,8.843940,3.582072,1.000000,0.014834
1779541070.734362,0,1,8.709625,8.839601,3.582647,1.000000,0.014278
1779541070.744418,0,1,8.700612,8.835270,3.583033,1.000000,0.013969
1779541070.754595,0,1,8.691606,8.830922,3.583608,1.000000,0.013969
1779541070.764493,0,1,8.682597,8.826583,3.583994,1.000000,0.013394
1779541070.774680,0,1,8.673596,8.822226,3.584569,1.000000,0.013394
1779541070.784726,0,1,8.664591,8.817878,3.584955,1.000000,0.012853
1779541070.794814,0,1,8.655594,8.813513,3.585530,1.000000,0.012853
1779541070.804286,0,1,8.646593,8.809155,3.585916,1.000000,0.012268
1779541070.814624,0,1,8.637600,8.804782,3.586491,1.000000,0.012268
1779541070.824716,0,1,8.628604,8.800416,3.586877,1.000000,0.011663
1779541070.834606,0,1,8.619615,8.796034,3.587452,1.000000,0.011059
1779541070.845002,0,1,8.610622,8.791659,3.587838,1.000000,0.011059
1779541070.855107,0,1,8.601638,8.787268,3.588413,1.000000,0.010849
1779541070.864695,0,1,8.592650,8.782885,3.588799,1.000000,0.010849
1779541070.874981,0,1,8.583670,8.778486,3.589374,1.000000,0.010192
1779541070.884667,0,1,8.574686,8.774094,3.589760,1.000000,0.010192
1779541070.894944,0,1,8.565710,8.769686,3.590335,1.000000,0.009579
1779541070.904852,0,1,8.556730,8.765285,3.590721,1.000000,0.009579
1779541070.914816,0,1,8.547758,8.760868,3.591296,1.000000,0.008909
1779541070.924933,0,1,8.538783,8.756459,3.591682,1.000000,0.008909
1779541070.934939,0,1,8.529815,8.752034,3.592257,1.000000,0.008240
1779541070.944679,0,1,8.520844,8.747616,3.592643,1.000000,0.008240
1779541070.954870,0,1,8.511881,8.743182,3.593218,1.000000,0.008240
1779541070.965023,0,1,8.502914,8.738756,3.593604,1.000000,0.008240
1779541070.974739,0,1,8.493955,8.734313,3.594179,1.000000,0.008240
1779541070.984860,0,1,8.484992,8.729878,3.594565,1.000000,0.008240
1779541070.994631,0,1,8.476037,8.725427,3.595140,1.000000,0.008240
1779541071.004706,0,1,8.467079,8.720984,3.595526,1.000000,0.008240
1779541071.014587,0,1,8.458128,8.716524,3.596101,1.000000,0.008240
1779541071.024271,0,1,8.449174,8.712072,3.596487,1.000000,0.008240
1779541071.034584,0,1,8.440228,8.707603,3.597062,1.000000,0.008240
1779541071.044289,0,1,8.431278,8.703143,3.597448,1.000000,0.008240
1779541071.054825,0,1,8.422336,8.698665,3.598023,1.000000,0.003518
1779541071.064701,0,1,8.413391,8.694196,3.598409,1.000000,0.003518
1779541071.074691,0,1,8.404453,8.689710,3.598984,1.000000,0.003518
1779541071.084718,0,1,8.395512,8.685233,3.599370,1.000000,0.002725
1779541071.094813,0,1,8.386579,8.680738,3.599945,1.000000,0.002439
1779541071.104713,0,1,8.377641,8.676252,3.600331,1.000000,0.002439
1779541071.114676,0,1,8.368713,8.671749,3.600906,1.000000,0.001623
1779541071.124579,0,1,8.359780,8.667254,3.601292,1.000000,0.001623
1779541071.134797,0,1,8.350855,8.662743,3.601867,1.000000,0.000832
1779541071.144306,0,1,8.341927,8.658239,3.602253,1.000000,0.000832
1779541071.155005,0,1,8.333007,8.653719,3.602828,1.000000,-0.000000
1779541071.164902,0,1,8.324083,8.649207,3.603214,1.000000,-0.000000
1779541071.174954,0,1,8.315167,8.644678,3.603789,1.000000,-0.000842
1779541071.185453,0,1,8.306242,8.640168,3.604051,1.000000,-0.001319
1779541071.194842,0,1,8.297301,8.635688,3.604028,1.000000,-0.001319
1779541071.204572,0,1,8.288338,8.631254,3.603592,1.000000,-0.001319
1779541071.214673,0,1,8.279369,8.626831,3.603264,1.000000,-0.002193
1779541071.224996,0,1,8.270387,8.622435,3.602714,1.000000,-0.003064
1779541071.234666,0,1,8.261406,8.618038,3.602341,1.000000,-0.003064
1779541071.244245,0,1,8.252415,8.613661,3.601771,1.000000,-0.003064
1779541071.255026,0,1,8.243426,8.609279,3.601389,1.000000,-0.003449
1779541071.264531,0,1,8.234429,8.604914,3.600816,1.000000,-0.003125
1779541071.274801,0,1,8.225435,8.600542,3.600431,1.000000,-0.003125
1779541071.284848,0,1,8.216433,8.596187,3.599856,1.000000,-0.002658
1779541071.294736,0,1,8.207435,8.591825,3.599471,1.000000,-0.002658
1779541071.304277,0,1,8.198429,8.587479,3.598896,1.000000,-0.002143
1779541071.314894,0,1,8.189426,8.583126,3.598511,1.000000,-0.002143
1779541071.324739,0,1,8.180415,8.578789,3.597935,1.000000,-0.001627
1779541071.334826,0,1,8.171408,8.574444,3.597550,1.000000,-0.001627
1779541071.344982,0,1,8.162394,8.570116,3.596974,1.000000,-0.001113
1779541071.354779,0,1,8.153383,8.565780,3.596589,1.000000,-0.001113
1779541071.364490,0,1,8.144364,8.561461,3.596013,1.000000,-0.000583
1779541071.374612,0,1,8.135348,8.557133,3.595628,1.000000,-0.000583
1779541071.384605,0,1,8.126325,8.552823,3.595052,1.000000,-0.000040
1779541071.394668,0,1,8.117306,8.548504,3.594667,1.000000,0.000313
1779541071.404634,0,1,8.108279,8.544202,3.594091,1.000000,0.000313
1779541071.414565,0,1,8.099265,8.539870,3.593952,1.000000,0.000867
1779541071.424288,0,1,8.090279,8.535484,3.594329,1.000000,0.000867
1779541071.435463,0,1,8.081300,8.531082,3.594634,1.000000,0.001449
1779541071.444548,0,1,8.072335,8.526651,3.595175,1.000000,0.001449
1779541071.454801,0,1,8.063371,8.522219,3.595544,1.000000,0.001449
1779541071.464836,0,1,8.054417,8.517766,3.596111,1.000000,0.001449
1779541071.474722,0,1,8.045461,8.513318,3.596492,1.000000,0.001449
1779541071.485093,0,1,8.036513,8.508852,3.597065,1.000000,0.001449
1779541071.494695,0,1,8.027563,8.504393,3.597449,1.000000,0.001449
1779541071.504705,0,1,8.018621,8.499916,3.598024,1.000000,0.001449
1779541071.514797,0,1,8.009675,8.495448,3.598409,1.000000,0.001449
1779541071.524830,0,1,8.000737,8.490962,3.598984,1.000000,0.001449
1779541071.534674,0,1,7.991795,8.486485,3.599370,1.000000,0.001449
1779541071.544616,0,1,7.982862,8.481990,3.599945,1.000000,0.001449
1779541071.554336,0,1,7.973925,8.477504,3.600331,1.000000,0.001449
1779541071.564754,0,1,7.964996,8.473001,3.600906,1.000000,-0.000836
1779541071.574590,0,1,7.956063,8.468506,3.601292,1.000000,-0.000836
1779541071.584620,0,1,7.947139,8.463995,3.601867,1.000000,-0.001007
1779541071.594630,0,1,7.938200,8.459513,3.602006,1.000000,-0.001007
1779541071.604781,0,1,7.929233,8.455085,3.601630,1.000000,-0.001407
1779541071.615161,0,1,7.920260,8.450672,3.601324,1.000000,-0.001407
1779541071.624507,0,1,7.911271,8.446290,3.600784,1.000000,-0.001814
1779541071.634582,0,1,7.902283,8.441907,3.600414,1.000000,-0.001814
1779541071.644737,0,1,7.893284,8.437546,3.599847,1.000000,-0.002052
1779541071.654609,0,1,7.884287,8.433180,3.599466,1.000000,-0.002052
1779541071.664453,0,1,7.875282,8.428832,3.598893,1.000000,-0.001203
1779541071.674799,0,1,7.866280,8.424478,3.598509,1.000000,-0.001203
1779541071.684582,0,1,7.857269,8.420140,3.597934,1.000000,-0.000159
1779541071.694893,0,1,7.848263,8.415795,3.597549,1.000000,0.000454
1779541071.704671,0,1,7.839248,8.411466,3.596974,1.000000,0.000454
1779541071.714926,0,1,7.830248,8.407109,3.596835,1.000000,0.001550
1779541071.724624,0,1,7.821274,8.402696,3.597212,1.000000,0.001550
1779541071.734739,0,1,7.812307,8.398269,3.597517,1.000000,0.002712
1779541071.744570,0,1,7.803356,8.393811,3.598058,1.000000,0.002712
1779541071.754925,0,1,7.794404,8.389354,3.598427,1.000000,0.003929
1779541071.764649,0,1,7.785463,8.384875,3.598994,1.000000,0.003929
1779541071.774976,0,1,7.776520,8.380401,3.599375,1.000000,0.004311
1779541071.785234,0,1,7.767585,8.375909,3.599948,1.000000,0.004311
1779541071.794659,0,1,7.758648,8.371424,3.600332,1.000000,0.004239
1779541071.804698,0,1,7.749718,8.366922,3.600907,1.000000,0.004239
1779541071.814745,0,1,7.740785,8.362428,3.601292,1.000000,0.004234
1779541071.824319,0,1,7.731861,8.357917,3.601867,1.000000,0.004234
1779541071.834701,0,1,7.722932,8.353413,3.602253,1.000000,0.004006
1779541071.844610,0,1,7.714012,8.348893,3.602828,1.000000,0.004006
1779541071.854795,0,1,7.705088,8.344381,3.603214,1.000000,0.004019
1779541071.864398,0,1,7.696172,8.339853,3.603789,1.000000,0.004019
1779541071.874757,0,1,7.687252,8.335332,3.604175,1.000000,0.003883
1779541071.884508,0,1,7.678341,8.330795,3.604750,1.000000,0.003739
1779541071.894983,0,1,7.669425,8.326265,3.605136,1.000000,0.003739
1779541071.904677,0,1,7.660518,8.321720,3.605711,1.000000,0.003672
1779541071.914944,0,1,7.651607,8.317182,3.606097,1.000000,0.003672
1779541071.924604,0,1,7.642704,8.312627,3.606672,1.000000,0.003590
1779541071.934765,0,1,7.633798,8.308081,3.607058,1.000000,0.003590
1779541071.944641,0,1,7.624899,8.303518,3.607633,1.000000,0.003590
1779541071.954814,0,1,7.615997,8.298963,3.608019,1.000000,0.003590
1779541071.964912,0,1,7.607103,8.294392,3.608594,1.000000,0.003590
1779541071.974870,0,1,7.598205,8.289828,3.608980,1.000000,0.003590
1779541071.984992,0,1,7.589315,8.285248,3.609555,1.000000,0.003590
1779541071.995033,0,1,7.580422,8.280676,3.609941,1.000000,0.003590
1779541072.004964,0,1,7.571537,8.276088,3.610516,1.000000,0.003590
1779541072.014503,0,1,7.562648,8.271507,3.610902,1.000000,0.003590
1779541072.024269,0,1,7.553767,8.266910,3.611477,1.000000,0.003590
1779541072.034677,0,1,7.544882,8.262321,3.611863,1.000000,0.003590
1779541072.044602,0,1,7.536006,8.257715,3.612438,1.000000,0.003590
1779541072.054734,0,1,7.527125,8.253117,3.612824,1.000000,0.003300
1779541072.064674,0,1,7.518254,8.248503,3.613399,1.000000,0.003300
1779541072.074529,0,1,7.509378,8.243897,3.613785,1.000000,0.003248
1779541072.084713,0,1,7.500510,8.239275,3.614360,1.000000,0.003248
1779541072.094696,0,1,7.491639,8.234660,3.614745,1.000000,0.003272
1779541072.104600,0,1,7.482776,8.230029,3.615321,1.000000,0.003272
1779541072.114679,0,1,7.473909,8.225405,3.615706,1.000000,0.003286
1779541072.125123,0,1,7.465050,8.220766,3.616282,1.000000,0.003286
1779541072.134285,0,1,7.456187,8.216134,3.616667,1.000000,0.003323
1779541072.144746,0,1,7.447333,8.211486,3.617243,1.000000,0.003323
1779541072.154595,0,1,7.438475,8.206845,3.617628,1.000000,0.003432
1779541072.164559,0,1,7.429626,8.202189,3.618204,1.000000,0.003432
1779541072.174554,0,1,7.420772,8.197540,3.618589,1.000000,0.003531
1779541072.184845,0,1,7.411927,8.192875,3.619165,1.000000,0.003604
1779541072.194883,0,1,7.403078,8.188217,3.619550,1.000000,0.003604
1779541072.204372,0,1,7.394237,8.183544,3.620126,1.000000,0.003692
1779541072.216068,0,1,7.385392,8.178878,3.620511,1.000000,0.003692
1779541072.224359,0,1,7.376556,8.174196,3.621087,1.000000,0.003823
1779541072.234324,0,1,7.367716,8.169521,3.621472,1.000000,0.003823
1779541072.244619,0,1,7.358884,8.164831,3.622048,1.000000,0.003993
1779541072.254693,0,1,7.350048,8.160148,3.622433,1.000000,0.003993
1779541072.264278,0,1,7.341221,8.155449,3.623009,1.000000,0.004141
1779541072.274543,0,1,7.332390,8.150757,3.623394,1.000000,0.004141
1779541072.284347,0,1,7.323567,8.146050,3.623970,1.000000,0.004279
1779541072.294681,0,1,7.314741,8.141350,3.624355,1.000000,0.004300
1779541072.304398,0,1,7.305923,8.136634,3.624931,1.000000,0.004300
1779541072.314274,0,1,7.297100,8.131926,3.625316,1.000000,0.004558
1779541072.324682,0,1,7.288287,8.127201,3.625892,1.000000,0.004558
1779541072.334675,0,1,7.279469,8.122484,3.626277,1.000000,0.004776
1779541072.344595,0,1,7.270660,8.117751,3.626853,1.000000,0.004776
1779541072.354824,0,1,7.261847,8.113026,3.627238,1.000000,0.005026
1779541072.364428,0,1,7.253042,8.108284,3.627814,1.000000,0.005026
1779541072.374642,0,1,7.244234,8.103551,3.628199,1.000000,0.005231
1779541072.385089,0,1,7.235434,8.098801,3.628775,1.000000,0.005459
1779541072.394566,0,1,7.226630,8.094059,3.629160,1.000000,0.005459
1779541072.404746,0,1,7.217835,8.089300,3.629736,1.000000,0.005794
1779541072.414644,0,1,7.209035,8.084550,3.630121,1.000000,0.005794
1779541072.424571,0,1,7.200244,8.079783,3.630697,1.000000,0.006085
1779541072.434734,0,1,7.191449,8.075024,3.631082,1.000000,0.006085
1779541072.444297,0,1,7.182663,8.070248,3.631658,1.000000,0.006085
1779541072.454863,0,1,7.173873,8.065481,3.632043,1.000000,0.006085
1779541072.464406,0,1,7.165091,8.060697,3.632619,1.000000,0.006085
1779541072.474605,0,1,7.156306,8.055921,3.633004,1.000000,0.006085
1779541072.484210,0,1,7.147529,8.051129,3.633580,1.000000,0.006085
1779541072.494635,0,1,7.138747,8.046344,3.633965,1.000000,0.006085
1779541072.504689,0,1,7.129975,8.041544,3.634541,1.000000,0.006085
1779541072.514679,0,1,7.121199,8.036751,3.634926,1.000000,0.006085
1779541072.524574,0,1,7.112431,8.031942,3.635502,1.000000,0.006085
1779541072.534281,0,1,7.103659,8.027141,3.635887,1.000000,0.006085
1779541072.544532,0,1,7.094896,8.022323,3.636463,1.000000,0.008939
1779541072.554712,0,1,7.086128,8.017513,3.636848,1.000000,0.008939
1779541072.564541,0,1,7.077370,8.012688,3.637424,1.000000,0.008923
1779541072.574986,0,1,7.068607,8.007869,3.637809,1.000000,0.008923
1779541072.584635,0,1,7.059853,8.003035,3.638385,1.000000,0.009428
1779541072.594730,0,1,7.051095,7.998209,3.638770,1.000000,0.009428
1779541072.604973,0,1,7.042346,7.993366,3.639346,1.000000,0.009916
1779541072.614816,0,1,7.033593,7.988531,3.639731,1.000000,0.009916
1779541072.628350,0,1,7.024848,7.983680,3.640307,1.000000,0.009916
1779541072.635136,0,1,7.016099,7.978836,3.640692,1.000000,0.010488
1779541072.644735,0,1,7.007359,7.973977,3.641268,1.000000,0.010488
1779541072.654956,0,1,6.998615,7.969125,3.641653,1.000000,0.011105
1779541072.664535,0,1,6.989880,7.964257,3.642229,1.000000,0.011105
1779541072.674587,0,1,6.981141,7.959397,3.642614,1.000000,0.011105
1779541072.684669,0,1,6.972410,7.954521,3.643190,1.000000,0.012347
1779541072.694676,0,1,6.963675,7.949652,3.643575,1.000000,0.012926
1779541072.704301,0,1,6.954950,7.944767,3.644151,1.000000,0.012926
1779541072.714699,0,1,6.946219,7.939890,3.644536,1.000000,0.013190
1779541072.724683,0,1,6.937498,7.934997,3.645112,1.000000,0.013190
1779541072.734364,0,1,6.928773,7.930112,3.645497,1.000000,0.013190
1779541072.744818,0,1,6.920056,7.925211,3.646073,1.000000,0.014386
1779541072.754991,0,1,6.911336,7.920317,3.646458,1.000000,0.015052
1779541072.764630,0,1,6.902624,7.915407,3.647034,1.000000,0.015052
1779541072.775159,0,1,6.893908,7.910505,3.647419,1.000000,0.015052
1779541072.784673,0,1,6.885201,7.905587,3.647995,1.000000,0.015297
1779541072.794778,0,1,6.876490,7.900676,3.648380,1.000000,0.016179
1779541072.804252,0,1,6.867788,7.895750,3.648956,1.000000,0.016179
1779541072.814547,0,1,6.859081,7.890831,3.649341,1.000000,0.017013
1779541072.824720,0,1,6.850383,7.885896,3.649917,1.000000,0.017013
1779541072.834311,0,1,6.841682,7.880968,3.650302,1.000000,0.017833
1779541072.844949,0,1,6.832989,7.876025,3.650878,1.000000,0.017833
1779541072.854799,0,1,6.824292,7.871090,3.651263,1.000000,0.018645
1779541072.864431,0,1,6.815604,7.866138,3.651839,1.000000,0.018645
1779541072.874593,0,1,6.806911,7.861194,3.652224,1.000000,0.018645
1779541072.884660,0,1,6.798228,7.856234,3.652800,1.000000,0.020495
1779541072.894755,0,1,6.789541,7.851282,3.653185,1.000000,0.020495
1779541072.904757,0,1,6.780862,7.846313,3.653761,1.000000,0.021629
1779541072.914681,0,1,6.772179,7.841353,3.654146,1.000000,0.021629
1779541072.924938,0,1,6.763506,7.836376,3.654722,1.000000,0.022775
1779541072.934673,0,1,6.754828,7.831407,3.655107,1.000000,0.022775
1779541072.944869,0,1,6.746159,7.826422,3.655683,1.000000,0.022775
1779541072.954730,0,1,6.737485,7.821445,3.656068,1.000000,0.022775
1779541072.964802,0,1,6.728821,7.816451,3.656644,1.000000,0.022775
1779541072.974343,0,1,6.720153,7.811466,3.657029,1.000000,0.022775
1779541072.984856,0,1,6.711493,7.806464,3.657605,1.000000,0.022775
1779541072.994392,0,1,6.702830,7.801470,3.657990,1.000000,0.022775
1779541073.004876,0,1,6.694175,7.796460,3.658566,1.000000,0.022775
1779541073.014969,0,1,6.685516,7.791458,3.658951,1.000000,0.022775
1779541073.024651,0,1,6.676867,7.786440,3.659527,1.000000,0.022775
1779541073.034693,0,1,6.668213,7.781429,3.659912,1.000000,0.022775
1779541073.044806,0,1,6.659568,7.776402,3.660488,1.000000,0.022775
1779541073.054661,0,1,6.650918,7.771383,3.660873,1.000000,0.022775
1779541073.064961,0,1,6.642278,7.766349,3.661449,1.000000,0.031020
1779541073.074596,0,1,6.633634,7.761321,3.661834,1.000000,0.031020
1779541073.084509,0,1,6.624999,7.756278,3.662410,1.000000,0.031503
1779541073.094751,0,1,6.616359,7.751243,3.662795,1.000000,0.031503
1779541073.104551,0,1,6.607729,7.746191,3.663371,1.000000,0.032741
1779541073.114841,0,1,6.599094,7.741147,3.663756,1.000000,0.032741
1779541073.124640,0,1,6.590481,7.736067,3.664578,1.000000,0.034154
1779541073.134574,0,1,6.581903,7.730926,3.665916,1.000000,0.034154
1779541073.144647,0,1,6.573340,7.725762,3.667182,1.000000,0.035542
1779541073.154591,0,1,6.564798,7.720562,3.668684,1.000000,0.035542
1779541073.164309,0,1,6.556262,7.715353,3.670014,1.000000,0.036917
1779541073.174582,0,1,6.547743,7.710115,3.671542,1.000000,0.037517
1779541073.184465,0,1,6.539227,7.704875,3.672884,1.000000,0.037517
1779541073.194910,0,1,6.530726,7.699609,3.674418,1.000000,0.037705
1779541073.204285,0,1,6.522226,7.694341,3.675763,1.000000,0.037705
1779541073.214781,0,1,6.513741,7.689049,3.677299,1.000000,0.037914
1779541073.224541,0,1,6.505256,7.683756,3.678645,1.000000,0.037914
1779541073.234763,0,1,6.496787,7.678439,3.680182,1.000000,0.038004
1779541073.244234,0,1,6.488318,7.673121,3.681528,1.000000,0.038004
1779541073.254200,0,1,6.479865,7.667779,3.683064,1.000000,0.038095
1779541073.264706,0,1,6.471411,7.662437,3.684411,1.000000,0.038097
1779541073.274421,0,1,6.462973,7.657071,3.685947,1.000000,0.038097
1779541073.284737,0,1,6.454535,7.651704,3.687294,1.000000,0.038324
1779541073.294305,0,1,6.446112,7.646314,3.688830,1.000000,0.038324
1779541073.304649,0,1,6.437690,7.640922,3.690177,1.000000,0.038541
1779541073.314603,0,1,6.429283,7.635508,3.691713,1.000000,0.038541
1779541073.324165,0,1,6.420876,7.630092,3.693060,1.000000,0.038686
1779541073.334480,0,1,6.412484,7.624654,3.694596,1.000000,0.038686
1779541073.344298,0,1,6.404093,7.619214,3.695943,1.000000,0.038894
1779541073.354984,0,1,6.395717,7.613751,3.697479,1.000000,0.038894
1779541073.364259,0,1,6.387342,7.608287,3.698826,1.000000,0.039214
1779541073.374514,0,1,6.378982,7.602800,3.700362,1.000000,0.039392
1779541073.384241,0,1,6.370622,7.597312,3.701709,1.000000,0.039392
1779541073.394277,0,1,6.362278,7.591801,3.703245,1.000000,0.039690
1779541073.404393,0,1,6.353934,7.586289,3.704591,1.000000,0.039690
1779541073.414355,0,1,6.345606,7.580754,3.706128,1.000000,0.039901
1779541073.424881,0,1,6.337278,7.575218,3.707474,1.000000,0.039901
1779541073.434808,0,1,6.328966,7.569659,3.709011,1.000000,0.040302
1779541073.444537,0,1,6.320654,7.564099,3.710357,1.000000,0.040302
1779541073.454722,0,1,6.312357,7.558516,3.711894,1.000000,0.040302
1779541073.464674,0,1,6.304062,7.552932,3.713240,1.000000,0.040302
1779541073.474652,0,1,6.295782,7.547325,3.714777,1.000000,0.040302
1779541073.484560,0,1,6.287502,7.541717,3.716123,1.000000,0.040302
1779541073.494319,0,1,6.279238,7.536086,3.717660,1.000000,0.040302
1779541073.504574,0,1,6.270975,7.530454,3.719006,1.000000,0.040302
1779541073.514693,0,1,6.262727,7.524800,3.720543,1.000000,0.040302
1779541073.524648,0,1,6.254480,7.519144,3.721889,1.000000,0.040302
1779541073.534599,0,1,6.246248,7.513466,3.723426,1.000000,0.040302
1779541073.544332,0,1,6.238018,7.507786,3.724772,1.000000,0.040302
1779541073.554384,0,1,6.229803,7.502084,3.726309,1.000000,0.043452
1779541073.565009,0,1,6.221588,7.496381,3.727655,1.000000,0.043452
1779541073.574650,0,1,6.213390,7.490655,3.729192,1.000000,0.043309
1779541073.584573,0,1,6.205192,7.484929,3.730538,1.000000,0.043309
1779541073.594613,0,1,6.197010,7.479179,3.732075,1.000000,0.043893
1779541073.604593,0,1,6.188828,7.473429,3.733421,1.000000,0.043893
1779541073.614604,0,1,6.180663,7.467656,3.734958,1.000000,0.044121
1779541073.624525,0,1,6.172498,7.461883,3.736304,1.000000,0.044757
1779541073.634716,0,1,6.164350,7.456086,3.737841,1.000000,0.044757
1779541073.644613,0,1,6.156202,7.450289,3.739187,1.000000,0.045336
1779541073.654584,0,1,6.148070,7.444469,3.740724,1.000000,0.045336
1779541073.664253,0,1,6.139938,7.438648,3.742070,1.000000,0.045897
1779541073.674478,0,1,6.131823,7.432805,3.743607,1.000000,0.045897
1779541073.684500,0,1,6.123709,7.426960,3.744953,1.000000,0.046678
1779541073.694713,0,1,6.115611,7.421094,3.746490,1.000000,0.046678
1779541073.704599,0,1,6.107513,7.415226,3.747836,1.000000,0.047452
1779541073.714975,0,1,6.099432,7.409336,3.749373,1.000000,0.047452
1779541073.724587,0,1,6.091351,7.403445,3.750719,1.000000,0.048121
1779541073.734987,0,1,6.083287,7.397532,3.752256,1.000000,0.048121
1779541073.744685,0,1,6.075223,7.391618,3.753602,1.000000,0.048853
1779541073.754582,0,1,6.067176,7.385681,3.755139,1.000000,0.048853
1779541073.764759,0,1,6.059129,7.379744,3.756485,1.000000,0.049762
1779541073.774352,0,1,6.051099,7.373784,3.758022,1.000000,0.050636
1779541073.784701,0,1,6.043070,7.367824,3.759368,1.000000,0.050636
1779541073.794823,0,1,6.035057,7.361841,3.760905,1.000000,0.051086
1779541073.804792,0,1,6.027045,7.355857,3.762251,1.000000,0.051086
1779541073.814596,0,1,6.019049,7.349851,3.763788,1.000000,0.051086
1779541073.824769,0,1,6.011054,7.343844,3.765134,1.000000,0.051951
1779541073.834750,0,1,6.003076,7.337815,3.766671,1.000000,0.051951
1779541073.844261,0,1,5.995099,7.331786,3.768017,1.000000,0.053429
1779541073.854487,0,1,5.987138,7.325734,3.769554,1.000000,0.053429
1779541073.864648,0,1,5.979178,7.319681,3.770900,1.000000,0.053429
1779541073.874321,0,1,5.971234,7.313606,3.772437,1.000000,0.055039
1779541073.884609,0,1,5.963292,7.307530,3.773783,1.000000,0.055039
1779541073.894483,0,1,5.955366,7.301433,3.775320,1.000000,0.055039
1779541073.904378,0,1,5.947441,7.295334,3.776666,1.000000,0.056395
1779541073.914932,0,1,5.939533,7.289213,3.778203,1.000000,0.056395
1779541073.924901,0,1,5.931625,7.283092,3.779549,1.000000,0.056395
1779541073.934877,0,1,5.923735,7.276949,3.781086,1.000000,0.058285
1779541073.944629,0,1,5.915845,7.270805,3.782432,1.000000,0.058285
1779541073.954836,0,1,5.907972,7.264639,3.783969,1.000000,0.058285
1779541073.965135,0,1,5.900100,7.258472,3.785315,1.000000,0.058285
1779541073.974699,0,1,5.892245,7.252283,3.786852,1.000000,0.058285
1779541073.984383,0,1,5.884391,7.246093,3.788198,1.000000,0.058285
1779541073.995082,0,1,5.876554,7.239882,3.789735,1.000000,0.058285
1779541074.004569,0,1,5.868718,7.233670,3.791081,1.000000,0.058285
1779541074.014681,0,1,5.860898,7.227436,3.792618,1.000000,0.058285
1779541074.024706,0,1,5.853080,7.221201,3.793964,1.000000,0.058285
1779541074.034828,0,1,5.845279,7.214945,3.795501,1.000000,0.058285
1779541074.044607,0,1,5.837478,7.208688,3.796847,1.000000,0.058285
1779541074.054657,0,1,5.829695,7.202409,3.798384,1.000000,0.066298
1779541074.064651,0,1,5.821913,7.196129,3.799730,1.000000,0.066298
1779541074.074608,0,1,5.814163,7.189809,3.801513,1.000000,0.067175
1779541074.084517,0,1,5.806465,7.183427,3.803812,1.000000,0.067175
1779541074.094829,0,1,5.798789,7.177018,3.806039,1.000000,0.068707
1779541074.104498,0,1,5.791147,7.170568,3.808502,1.000000,0.068707
1779541074.114326,0,1,5.783518,7.164103,3.810793,1.000000,0.068707
1779541074.124316,0,1,5.775916,7.157606,3.813282,1.000000,0.070749
1779541074.134582,0,1,5.768323,7.151098,3.815585,1.000000,0.070749
1779541074.144578,0,1,5.760756,7.144560,3.818080,1.000000,0.070975
1779541074.154718,0,1,5.753197,7.138014,3.820386,1.000000,0.070975
1779541074.164767,0,1,5.745663,7.131438,3.822883,1.000000,0.071340
1779541074.174799,0,1,5.738136,7.124855,3.825190,1.000000,0.071340
1779541074.184603,0,1,5.730633,7.118243,3.827687,1.000000,0.071625
1779541074.194900,0,1,5.723138,7.111623,3.829995,1.000000,0.071625
1779541074.204324,0,1,5.715668,7.104975,3.832492,1.000000,0.071625
1779541074.214370,0,1,5.708205,7.098319,3.834800,1.000000,0.071867
1779541074.224283,0,1,5.700767,7.091636,3.837297,1.000000,0.071867
1779541074.234251,0,1,5.693336,7.084944,3.839604,1.000000,0.071929
1779541074.244335,0,1,5.685930,7.078224,3.842102,1.000000,0.071929
1779541074.256145,0,1,5.678531,7.071497,3.844409,1.000000,0.072509
1779541074.264541,0,1,5.671157,7.064742,3.846907,1.000000,0.072509
1779541074.274550,0,1,5.663791,7.057979,3.849214,1.000000,0.072765
1779541074.284305,0,1,5.656450,7.051189,3.851712,1.000000,0.072765
1779541074.294683,0,1,5.649116,7.044390,3.854019,1.000000,0.073057
1779541074.304613,0,1,5.641808,7.037565,3.856517,1.000000,0.073057
1779541074.314706,0,1,5.634507,7.030732,3.858824,1.000000,0.073057
1779541074.324572,0,1,5.627231,7.023871,3.861322,1.000000,0.073782
1779541074.334811,0,1,5.619963,7.017003,3.863629,1.000000,0.073782
1779541074.344455,0,1,5.612721,7.010107,3.866127,1.000000,0.073782
1779541074.354907,0,1,5.605486,7.003204,3.868434,1.000000,0.074225
1779541074.365023,0,1,5.598277,6.996274,3.870932,1.000000,0.074225
1779541074.374723,0,1,5.591075,6.989336,3.873239,1.000000,0.074752
1779541074.384736,0,1,5.583899,6.982371,3.875737,1.000000,0.074752
1779541074.394824,0,1,5.576731,6.975399,3.878044,1.000000,0.074752
1779541074.404643,0,1,5.569589,6.968400,3.880542,1.000000,0.075585
1779541074.414462,0,1,5.562454,6.961393,3.882849,1.000000,0.075585
1779541074.424481,0,1,5.555345,6.954359,3.885347,1.000000,0.075585
1779541074.435107,0,1,5.548244,6.947318,3.887654,1.000000,0.076380
1779541074.444673,0,1,5.541170,6.940251,3.890152,1.000000,0.076380
1779541074.454803,0,1,5.534102,6.933176,3.892459,1.000000,0.076380
1779541074.464629,0,1,5.527062,6.926075,3.894957,1.000000,0.076380
1779541074.474776,0,1,5.520029,6.918966,3.897264,1.000000,0.076380
1779541074.484625,0,1,5.513022,6.911830,3.899762,1.000000,0.076380
1779541074.494509,0,1,5.506023,6.904688,3.902069,1.000000,0.076380
1779541074.504966,0,1,5.499052,6.897519,3.904567,1.000000,0.076380
1779541074.514667,0,1,5.492087,6.890343,3.906874,1.000000,0.076380
1779541074.524709,0,1,5.485150,6.883141,3.909372,1.000000,0.076380
1779541074.534848,0,1,5.478220,6.875931,3.911679,1.000000,0.076380
1779541074.544763,0,1,5.471317,6.868696,3.914177,1.000000,0.076380
1779541074.554477,0,1,5.464422,6.861453,3.916484,1.000000,0.076380
1779541074.564411,0,1,5.457554,6.854185,3.918982,1.000000,0.076380
1779541074.575085,0,1,5.450694,6.846909,3.921289,1.000000,0.076380
1779541074.584606,0,1,5.443861,6.839608,3.923787,1.000000,0.076380
1779541074.594898,0,1,5.437035,6.832299,3.926094,1.000000,0.076380
1779541074.604662,0,1,5.430238,6.824965,3.928592,1.000000,0.076380
1779541074.614886,0,1,5.423448,6.817624,3.930899,1.000000,0.082904
1779541074.624898,0,1,5.416685,6.810257,3.933397,1.000000,0.082904
1779541074.634461,0,1,5.409930,6.802883,3.935704,1.000000,0.082904
1779541074.645158,0,1,5.403203,6.795484,3.938202,1.000000,0.083833
1779541074.654311,0,1,5.396484,6.788078,3.940509,1.000000,0.083833
1779541074.664443,0,1,5.389793,6.780646,3.943007,1.000000,0.083833
1779541074.674896,0,1,5.383109,6.773208,3.945314,1.000000,0.084724
1779541074.684314,0,1,5.376454,6.765744,3.947812,1.000000,0.084724
1779541074.694533,0,1,5.369806,6.758274,3.950119,1.000000,0.084724
1779541074.704825,0,1,5.363186,6.750778,3.952617,1.000000,0.086474
1779541074.714663,0,1,5.356575,6.743276,3.954924,1.000000,0.086474
1779541074.724529,0,1,5.349991,6.735749,3.957422,1.000000,0.087506
1779541074.734874,0,1,5.343416,6.728215,3.959729,1.000000,0.087506
1779541074.744277,0,1,5.336868,6.720656,3.962227,1.000000,0.087506
1779541074.754544,0,1,5.330329,6.713091,3.964534,1.000000,0.089022
1779541074.764305,0,1,5.323818,6.705501,3.967032,1.000000,0.089022
1779541074.774958,0,1,5.317315,6.697904,3.969339,1.000000,0.089022
1779541074.784628,0,1,5.310841,6.690283,3.971837,1.000000,0.090522
1779541074.794802,0,1,5.304375,6.682655,3.974144,1.000000,0.090522
1779541074.804537,0,1,5.297937,6.675003,3.976642,1.000000,0.090522
1779541074.815046,0,1,5.291507,6.667344,3.978949,1.000000,0.092279
1779541074.824685,0,1,5.285106,6.659660,3.981447,1.000000,0.092279
1779541074.835147,0,1,5.278714,6.651971,3.983754,1.000000,0.092279
1779541074.844681,0,1,5.272350,6.644257,3.986252,1.000000,0.093404
1779541074.854790,0,1,5.265994,6.636537,3.988559,1.000000,0.093404
1779541074.864905,0,1,5.259668,6.628792,3.991057,1.000000,0.095135
1779541074.874856,0,1,5.253349,6.621041,3.993364,1.000000,0.095135
1779541074.884680,0,1,5.247060,6.613267,3.995862,1.000000,0.095135
1779541074.894713,0,1,5.240778,6.605486,3.998169,1.000000,0.097044
1779541074.904807,0,1,5.234526,6.597681,4.000667,1.000000,0.097044
1779541074.914575,0,1,5.228283,6.589870,4.002974,1.000000,0.097044
1779541074.924542,0,1,5.222087,6.582020,4.005718,1.000000,0.099031
1779541074.934602,0,1,5.215962,6.574116,4.008978,1.000000,0.099031
1779541074.944349,0,1,5.209873,6.566183,4.012166,1.000000,0.099031
1779541074.954846,0,1,5.203834,6.558213,4.015590,1.000000,0.099031
1779541074.964502,0,1,5.197818,6.550225,4.018842,1.000000,0.099031
1779541074.974699,0,1,5.191844,6.542205,4.022292,1.000000,0.099031
1779541074.984899,0,1,5.185889,6.534172,4.025556,1.000000,0.099031
1779541074.994928,0,1,5.179973,6.526110,4.029012,1.000000,0.099031
1779541075.004610,0,1,5.174074,6.518035,4.032279,1.000000,0.099031
1779541075.015156,0,1,5.168214,6.509932,4.035737,1.000000,0.099031
1779541075.024645,0,1,5.162371,6.501817,4.039005,1.000000,0.099031
1779541075.034857,0,1,5.156566,6.493674,4.042463,1.000000,0.099031
1779541075.044702,0,1,5.150777,6.485520,4.045732,1.000000,0.099031
1779541075.054785,0,1,5.145027,6.477338,4.049190,1.000000,0.099031
1779541075.064653,0,1,5.139294,6.469145,4.052458,1.000000,0.102952
1779541075.074797,0,1,5.133599,6.460925,4.055917,1.000000,0.102952
1779541075.084674,0,1,5.127921,6.452693,4.059185,1.000000,0.102427
1779541075.094794,0,1,5.122282,6.444435,4.062644,1.000000,0.102427
1779541075.104726,0,1,5.116660,6.436165,4.065912,1.000000,0.102331
1779541075.114752,0,1,5.111076,6.427869,4.069371,1.000000,0.102331
1779541075.124689,0,1,5.105509,6.419562,4.072639,1.000000,0.102371
1779541075.134818,0,1,5.099982,6.411228,4.076098,1.000000,0.102371
1779541075.144876,0,1,5.094471,6.402884,4.079366,1.000000,0.102311
1779541075.155047,0,1,5.089000,6.394513,4.082825,1.000000,0.102311
1779541075.164658,0,1,5.083545,6.386132,4.086093,1.000000,0.102140
1779541075.174618,0,1,5.078130,6.377725,4.089552,1.000000,0.102140
1779541075.184987,0,1,5.072732,6.369307,4.092820,1.000000,0.101891
1779541075.194697,0,1,5.067374,6.360864,4.096279,1.000000,0.101891
1779541075.204978,0,1,5.062033,6.352410,4.099547,1.000000,0.101667
1779541075.214724,0,1,5.056731,6.343931,4.103006,1.000000,0.101667
1779541075.224918,0,1,5.051447,6.335441,4.106274,1.000000,0.101245
1779541075.234764,0,1,5.046203,6.326926,4.109733,1.000000,0.101245
1779541075.244908,0,1,5.040976,6.318401,4.113001,1.000000,0.100745
1779541075.254813,0,1,5.035789,6.309851,4.116460,1.000000,0.100745
1779541075.264602,0,1,5.030619,6.301291,4.119728,1.000000,0.100168
1779541075.274925,0,1,5.025490,6.292707,4.123187,1.000000,0.100168
1779541075.284596,0,1,5.020378,6.284112,4.126455,1.000000,0.099743
1779541075.295357,0,1,5.015307,6.275494,4.129914,1.000000,0.099743
1779541075.304656,0,1,5.010253,6.266865,4.133182,1.000000,0.059604
1779541075.315072,0,1,5.005240,6.258212,4.136641,1.000000,0.030325
1779541075.324677,0,1,5.000223,6.249561,4.139663,1.000000,0.030325
1779541075.334891,0,1,4.995158,6.240939,4.141923,1.000000,0.070150
1779541075.344846,0,1,4.990015,6.232363,4.143302,1.000000,0.070150
1779541075.354801,0,1,4.984793,6.223835,4.144001,1.000000,0.098148
1779541075.364907,0,1,4.979565,6.215311,4.144954,1.000000,0.098148
1779541075.375085,0,1,4.974392,6.206753,4.146598,1.000000,0.097559
1779541075.384889,0,1,4.969316,6.198137,4.149092,1.000000,0.097559
1779541075.394624,0,1,4.964343,6.189461,4.152252,1.000000,0.097559
1779541075.404955,0,1,4.959426,6.180753,4.155397,1.000000,0.100270
1779541075.414618,0,1,4.954572,6.172010,4.158801,1.000000,0.100270
1779541075.424999,0,1,4.949750,6.163250,4.162043,1.000000,0.100270
1779541075.434806,0,1,4.944976,6.154463,4.165488,1.000000,0.102321
1779541075.445117,0,1,4.940225,6.145663,4.168749,1.000000,0.102321
1779541075.454663,0,1,4.935519,6.136840,4.172203,1.000000,0.102321
1779541075.465276,0,1,4.930832,6.128007,4.175469,1.000000,0.102321
1779541075.474923,0,1,4.926187,6.119151,4.178927,1.000000,0.102321
1779541075.484963,0,1,4.921561,6.110285,4.182194,1.000000,0.102321
1779541075.494822,0,1,4.916978,6.101398,4.185652,1.000000,0.102321
1779541075.504879,0,1,4.912412,6.092501,4.188920,1.000000,0.102321
1779541075.515307,0,1,4.907888,6.083582,4.192379,1.000000,0.102321
1779541075.524705,0,1,4.903383,6.074655,4.195647,1.000000,0.102321
1779541075.534890,0,1,4.898919,6.065706,4.199106,1.000000,0.102321
1779541075.544394,0,1,4.894474,6.056749,4.202374,1.000000,0.102321
1779541075.554580,0,1,4.890071,6.047770,4.205833,1.000000,0.102321
1779541075.564352,0,1,4.885686,6.038783,4.209101,1.000000,0.102321
1779541075.574887,0,1,4.881344,6.029775,4.212560,1.000000,0.102321
1779541075.584761,0,1,4.877019,6.020758,4.215828,1.000000,0.102321
1779541075.594787,0,1,4.872737,6.011721,4.219287,1.000000,0.102321
1779541075.604709,0,1,4.868474,6.002676,4.222555,1.000000,0.098687
1779541075.614810,0,1,4.864253,5.993610,4.226014,1.000000,0.098687
1779541075.624797,0,1,4.860050,5.984536,4.229282,1.000000,0.097246
1779541075.634762,0,1,4.855890,5.975443,4.232741,1.000000,0.097246
1779541075.644330,0,1,4.851749,5.966341,4.236009,1.000000,0.096602
1779541075.655133,0,1,4.847650,5.957219,4.239468,1.000000,0.096602
1779541075.664905,0,1,4.843570,5.948089,4.242736,1.000000,0.095808
1779541075.674904,0,1,4.839533,5.938940,4.246195,1.000000,0.095808
1779541075.685006,0,1,4.835492,5.929793,4.249217,1.000000,0.095193
1779541075.694883,0,1,4.831422,5.920659,4.251723,1.000000,0.095193
1779541075.705041,0,1,4.827363,5.911520,4.254301,1.000000,0.094619
1779541075.715240,0,1,4.823300,5.902382,4.256643,1.000000,0.094619
1779541075.724842,0,1,4.819263,5.893234,4.259157,1.000000,0.093942
1779541075.734787,0,1,4.815231,5.884083,4.261473,1.000000,0.094027
1779541075.745193,0,1,4.811230,5.874918,4.263975,1.000000,0.094027
1779541075.754431,0,1,4.807237,5.865750,4.266285,1.000000,0.094145
1779541075.764797,0,1,4.803277,5.856567,4.268783,1.000000,0.094145
1779541075.774725,0,1,4.799327,5.847380,4.271092,1.000000,0.094145
1779541075.785354,0,1,4.795410,5.838179,4.273590,1.000000,0.095523
1779541075.794802,0,1,4.791504,5.828974,4.275897,1.000000,0.096237
1779541075.804866,0,1,4.787631,5.819754,4.278395,1.000000,0.096237
1779541075.814657,0,1,4.783768,5.810530,4.280703,1.000000,0.096953
1779541075.824932,0,1,4.779962,5.801283,4.283446,1.000000,0.096953
1779541075.834736,0,1,4.776240,5.792002,4.286706,1.000000,0.097181
1779541075.844949,0,1,4.772559,5.782704,4.289895,1.000000,0.097181
1779541075.854797,0,1,4.768937,5.773383,4.293318,1.000000,0.098174
1779541075.864785,0,1,4.765341,5.764052,4.296570,1.000000,0.098174
1779541075.875025,0,1,4.761795,5.754702,4.300021,1.000000,0.098879
1779541075.885083,0,1,4.758270,5.745343,4.303285,1.000000,0.098879
1779541075.895109,0,1,4.754791,5.735968,4.306741,1.000000,0.098533
1779541075.904732,0,1,4.751333,5.726585,4.310008,1.000000,0.098533
1779541075.915032,0,1,4.747919,5.717186,4.313466,1.000000,0.098533
1779541075.924800,0,1,4.744524,5.707780,4.316734,1.000000,0.097741
1779541075.934627,0,1,4.741174,5.698358,4.320192,1.000000,0.097741
1779541075.944472,0,1,4.737843,5.688929,4.323460,1.000000,0.097741
1779541075.954968,0,1,4.734557,5.679484,4.326919,1.000000,0.097741
1779541075.964910,0,1,4.731289,5.670033,4.330187,1.000000,0.097741
1779541075.975347,0,1,4.728067,5.660567,4.333646,1.000000,0.097741
1779541075.985358,0,1,4.724863,5.651094,4.336914,1.000000,0.097741
1779541075.994434,0,1,4.721704,5.641606,4.340372,1.000000,0.097741
1779541076.004544,0,1,4.718564,5.632111,4.343641,1.000000,0.097741
1779541076.014817,0,1,4.715469,5.622602,4.347099,1.000000,0.097741
1779541076.024820,0,1,4.712394,5.613087,4.350368,1.000000,0.097741
1779541076.034960,0,1,4.709363,5.603558,4.353826,1.000000,0.097741
1779541076.044366,0,1,4.706351,5.594022,4.357095,1.000000,0.097741
1779541076.054429,0,1,4.703384,5.584472,4.360553,1.000000,0.097741
1779541076.064641,0,1,4.700437,5.574916,4.363822,1.000000,0.097741
1779541076.074745,0,1,4.697534,5.565347,4.367280,1.000000,0.097741
1779541076.084545,0,1,4.694651,5.555772,4.370549,1.000000,0.097741
1779541076.095006,0,1,4.691813,5.546183,4.374007,1.000000,0.097741
1779541076.104631,0,1,4.688994,5.536588,4.377276,1.000000,0.097741
1779541076.114828,0,1,4.686221,5.526981,4.380734,1.000000,0.097741
1779541076.124876,0,1,4.683466,5.517367,4.384003,1.000000,0.093647
1779541076.134844,0,1,4.680758,5.507741,4.387461,1.000000,0.093647
1779541076.144916,0,1,4.678045,5.498116,4.390484,1.000000,0.091760
1779541076.154762,0,1,4.675302,5.488500,4.392990,1.000000,0.091436
1779541076.164840,0,1,4.672570,5.478880,4.395568,1.000000,0.091436
1779541076.174773,0,1,4.669834,5.469262,4.397910,1.000000,0.091089
1779541076.184524,0,1,4.667125,5.459636,4.400424,1.000000,0.091089
1779541076.194526,0,1,4.664421,5.450008,4.402739,1.000000,0.090779
1779541076.205116,0,1,4.661751,5.440371,4.405241,1.000000,0.090779
1779541076.214976,0,1,4.659088,5.430732,4.407551,1.000000,0.091389
1779541076.224935,0,1,4.656461,5.421084,4.410050,1.000000,0.091389
1779541076.234635,0,1,4.653843,5.411432,4.412359,1.000000,0.092086
1779541076.244836,0,1,4.651262,5.401771,4.414857,1.000000,0.092086
1779541076.255295,0,1,4.648690,5.392108,4.417164,1.000000,0.093217
1779541076.264654,0,1,4.646154,5.382435,4.419662,1.000000,0.093217
1779541076.274368,0,1,4.643628,5.372759,4.421970,1.000000,0.094178
1779541076.284847,0,1,4.641139,5.363074,4.424467,1.000000,0.094178
1779541076.294915,0,1,4.638660,5.353386,4.426775,1.000000,0.095097
1779541076.304911,0,1,4.636217,5.343689,4.429272,1.000000,0.095097
1779541076.315179,0,1,4.633785,5.333989,4.431580,1.000000,0.095620
1779541076.325025,0,1,4.631388,5.324280,4.434077,1.000000,0.095620
1779541076.335168,0,1,4.629002,5.314569,4.436385,1.000000,0.096690
1779541076.344494,0,1,4.626653,5.304849,4.438882,1.000000,0.096690
1779541076.354593,0,1,4.624314,5.295127,4.441190,1.000000,0.097846
1779541076.364699,0,1,4.622034,5.285390,4.443933,1.000000,0.098948
1779541076.374889,0,1,4.619842,5.275633,4.447193,1.000000,0.098948
1779541076.384682,0,1,4.617695,5.265866,4.450381,1.000000,0.099939
1779541076.395039,0,1,4.615608,5.256087,4.453805,1.000000,0.099939
1779541076.404456,0,1,4.613550,5.246301,4.457057,1.000000,0.101137
1779541076.414452,0,1,4.611544,5.236504,4.460508,1.000000,0.101137
1779541076.424472,0,1,4.609560,5.226703,4.463772,1.000000,0.101593
1779541076.435071,0,1,4.607624,5.216892,4.467228,1.000000,0.101593
1779541076.444877,0,1,4.605709,5.207077,4.470495,1.000000,0.101516
1779541076.455303,0,1,4.603841,5.197253,4.473952,1.000000,0.101516
1779541076.464481,0,1,4.601993,5.187425,4.477220,1.000000,0.101516
1779541076.474517,0,1,4.600192,5.177589,4.480679,1.000000,0.101516
1779541076.485026,0,1,4.598410,5.167749,4.483947,1.000000,0.101516
1779541076.494713,0,1,4.596675,5.157901,4.487405,1.000000,0.101516
1779541076.504850,0,1,4.594960,5.148049,4.490674,1.000000,0.101516
1779541076.514843,0,1,4.593292,5.138189,4.494132,1.000000,0.101516
1779541076.524760,0,1,4.591643,5.128326,4.497401,1.000000,0.101516
1779541076.534938,0,1,4.590041,5.118455,4.500859,1.000000,0.101516
1779541076.544868,0,1,4.588459,5.108581,4.504128,1.000000,0.101516
1779541076.554982,0,1,4.586923,5.098700,4.507586,1.000000,0.101516
1779541076.564710,0,1,4.585407,5.088815,4.510855,1.000000,0.101367
1779541076.574578,0,1,4.583938,5.078924,4.514313,1.000000,0.101367
1779541076.585341,0,1,4.582489,5.069029,4.517582,1.000000,0.101367
1779541076.594980,0,1,4.581086,5.059128,4.521040,1.000000,0.100601
1779541076.605415,0,1,4.579703,5.049224,4.524309,1.000000,0.100601
1779541076.614807,0,1,4.578367,5.039314,4.527767,1.000000,0.100487
1779541076.625405,0,1,4.577051,5.029401,4.531036,1.000000,0.100487
1779541076.634816,0,1,4.575782,5.019482,4.534494,1.000000,0.100332
1779541076.644790,0,1,4.574533,5.009560,4.537763,1.000000,0.100252
1779541076.654854,0,1,4.573330,4.999633,4.541221,1.000000,0.100252
1779541076.665425,0,1,4.572148,4.989703,4.544490,1.000000,0.100316
1779541076.674813,0,1,4.571012,4.979768,4.547948,1.000000,0.100316
1779541076.684442,0,1,4.569896,4.969830,4.551217,1.000000,0.100304
1779541076.695032,0,1,4.568827,4.959887,4.554675,1.000000,0.100304
1779541076.704602,0,1,4.567778,4.949943,4.557944,1.000000,0.100174
1779541076.715374,0,1,4.566776,4.939993,4.561402,1.000000,0.100174
1779541076.724815,0,1,4.565794,4.930041,4.564671,1.000000,0.100177
1779541076.735031,0,1,4.564859,4.920085,4.568129,1.000000,0.100177
1779541076.745085,0,1,4.563944,4.910127,4.571398,1.000000,0.100343
1779541076.754820,0,1,4.563076,4.900165,4.574856,1.000000,0.100343
1779541076.764933,0,1,4.562229,4.890201,4.578125,1.000000,0.100408
1779541076.774989,0,1,4.561428,4.880233,4.581583,1.000000,0.100411
1779541076.784793,0,1,4.560647,4.870263,4.584852,1.000000,0.100411
1779541076.794501,0,1,4.559913,4.860290,4.588310,1.000000,0.100420
1779541076.805089,0,1,4.559199,4.850316,4.591579,1.000000,0.100420
1779541076.815112,0,1,4.558532,4.840338,4.595037,1.000000,0.100420
1779541076.824462,0,1,4.557885,4.830359,4.598306,1.000000,0.100738
1779541076.834633,0,1,4.557286,4.820377,4.601764,1.000000,0.100825
1779541076.844591,0,1,4.556706,4.810394,4.605033,1.000000,0.100825
1779541076.854912,0,1,4.556174,4.800408,4.608491,1.000000,0.100825
1779541076.864910,0,1,4.555661,4.790421,4.611760,1.000000,0.100910
1779541076.875367,0,1,4.555196,4.780432,4.615218,1.000000,0.100913
1779541076.885046,0,1,4.554751,4.770442,4.618487,1.000000,0.100913
1779541076.895502,0,1,4.554353,4.760450,4.621945,1.000000,0.100913
1779541076.905074,0,1,4.553975,4.750457,4.625214,1.000000,0.101440
1779541076.914939,0,1,4.553644,4.740463,4.628672,1.000000,0.101440
1779541076.925642,0,1,4.553333,4.730468,4.631941,1.000000,0.101629
1779541076.935047,0,1,4.553069,4.720471,4.635399,1.000000,0.101629
1779541076.945372,0,1,4.552826,4.710474,4.638668,1.000000,0.101629
1779541076.954515,0,1,4.552629,4.700476,4.642126,1.000000,0.101629
1779541076.964925,0,1,4.552453,4.690477,4.645394,1.000000,0.101629
1779541076.975000,0,1,4.552324,4.680478,4.648853,1.000000,0.101629
1779541076.985165,0,1,4.552215,4.670479,4.652121,1.000000,0.101629
1779541076.995529,0,1,4.552153,4.660479,4.655580,1.000000,0.101629
1779541077.005120,0,1,4.552111,4.650479,4.658848,1.000000,0.101629
1779541077.015433,0,1,4.552117,4.640479,4.662307,1.000000,0.101629
1779541077.025084,0,1,4.552142,4.630479,4.665575,1.000000,0.101629
1779541077.035395,0,1,4.552215,4.620480,4.669034,1.000000,0.101629
1779541077.044917,0,1,4.552308,4.610480,4.672302,1.000000,0.101629
1779541077.055701,0,1,4.552448,4.600481,4.675761,1.000000,0.104969
1779541077.064894,0,1,4.552608,4.590482,4.679029,1.000000,0.104969
1779541077.075491,0,1,4.552815,4.580484,4.682488,1.000000,0.104319
1779541077.084670,0,1,4.553042,4.570487,4.685756,1.000000,0.104319
1779541077.094498,0,1,4.553317,4.560491,4.689215,1.000000,0.104944
1779541077.104792,0,1,4.553611,4.550495,4.692483,1.000000,0.104944
1779541077.114661,0,1,4.553953,4.540501,4.695942,1.000000,0.105022
1779541077.124991,0,1,4.554315,4.530508,4.699210,1.000000,0.105022
1779541077.135203,0,1,4.554724,4.520516,4.702669,1.000000,0.105770
1779541077.145152,0,1,4.555153,4.510525,4.705937,1.000000,0.105770
1779541077.154689,0,1,4.555629,4.500537,4.709396,1.000000,0.106401
1779541077.164529,0,1,4.556125,4.490549,4.712664,1.000000,0.106401
1779541077.174919,0,1,4.556668,4.480564,4.716123,1.000000,0.106907
1779541077.184658,0,1,4.557232,4.470580,4.719391,1.000000,0.106907
1779541077.195170,0,1,4.557842,4.460598,4.722850,1.000000,0.107480
1779541077.204804,0,1,4.558473,4.450618,4.726118,1.000000,0.107480
1779541077.214671,0,1,4.559150,4.440641,4.729577,1.000000,0.108195
1779541077.224699,0,1,4.559848,4.430665,4.732845,1.000000,0.108195
1779541077.234647,0,1,4.560593,4.420693,4.736304,1.000000,0.108524
1779541077.244818,0,1,4.561357,4.410723,4.739572,1.000000,0.108524
1779541077.254936,0,1,4.562169,4.400756,4.743031,1.000000,0.109300
1779541077.264814,0,1,4.563001,4.390790,4.746299,1.000000,0.109300
1779541077.275067,0,1,4.563880,4.380829,4.749758,1.000000,0.109951
1779541077.285022,0,1,4.564779,4.370869,4.753026,1.000000,0.110728
1779541077.295460,0,1,4.565724,4.360914,4.756485,1.000000,0.110728
1779541077.305359,0,1,4.566690,4.350961,4.759753,1.000000,0.110728
1779541077.315009,0,1,4.567703,4.341012,4.763212,1.000000,0.111675
1779541077.325382,0,1,4.568736,4.331066,4.766480,1.000000,0.112552
1779541077.334996,0,1,4.569815,4.321124,4.769939,1.000000,0.112552
1779541077.345260,0,1,4.570915,4.311185,4.773207,1.000000,0.112552
1779541077.354943,0,1,4.572061,4.301251,4.776666,1.000000,0.113342
1779541077.365122,0,1,4.573228,4.291319,4.779934,1.000000,0.113342
1779541077.375095,0,1,4.574441,4.281393,4.783393,1.000000,0.114951
1779541077.384880,0,1,4.575674,4.271469,4.786661,1.000000,0.114951
1779541077.395101,0,1,4.576954,4.261552,4.790120,1.000000,0.115325
1779541077.405251,0,1,4.578254,4.251637,4.793388,1.000000,0.115325
1779541077.414820,0,1,4.579601,4.241728,4.796847,1.000000,0.116406
1779541077.424513,0,1,4.580968,4.231822,4.800115,1.000000,0.117356
1779541077.435321,0,1,4.582381,4.221922,4.803574,1.000000,0.117356
1779541077.444616,0,1,4.583814,4.212025,4.806842,1.000000,0.117356
1779541077.454571,0,1,4.585294,4.202135,4.810301,1.000000,0.117356
1779541077.464898,0,1,4.586794,4.192248,4.813569,1.000000,0.117356
1779541077.475372,0,1,4.588340,4.182369,4.817028,1.000000,0.117356
1779541077.484550,0,1,4.589906,4.172492,4.820296,1.000000,0.117356
1779541077.495047,0,1,4.591519,4.162623,4.823755,1.000000,0.117356
1779541077.505033,0,1,4.593152,4.152757,4.827023,1.000000,0.117356
1779541077.514733,0,1,4.594831,4.142899,4.830482,1.000000,0.117356
1779541077.524686,0,1,4.596530,4.133045,4.833750,1.000000,0.117356
1779541077.534687,0,1,4.598275,4.123198,4.837209,1.000000,0.117356
1779541077.546234,0,1,4.600041,4.113355,4.840477,1.000000,0.117356
1779541077.554497,0,1,4.601852,4.103521,4.843936,1.000000,0.117356
1779541077.564483,0,1,4.603684,4.093690,4.847204,1.000000,0.117356
1779541077.574710,0,1,4.605562,4.083868,4.850663,1.000000,0.127269
1779541077.585308,0,1,4.607459,4.074049,4.853931,1.000000,0.127269
1779541077.594507,0,1,4.609403,4.064240,4.857390,1.000000,0.128120
1779541077.604639,0,1,4.611366,4.054435,4.860658,1.000000,0.128120
1779541077.615222,0,1,4.613399,4.044644,4.864363,1.000000,0.128120
1779541077.624674,0,1,4.615530,4.034873,4.868584,1.000000,0.130453
1779541077.635106,0,1,4.617714,4.025115,4.872733,1.000000,0.130453
1779541077.644565,0,1,4.619969,4.015372,4.877118,1.000000,0.130453
1779541077.655363,0,1,4.622261,4.005639,4.881331,1.000000,0.132845
1779541077.664746,0,1,4.624613,3.995919,4.885742,1.000000,0.132845
1779541077.674436,0,1,4.626998,3.986208,4.889967,1.000000,0.133362
1779541077.684651,0,1,4.629439,3.976510,4.894384,1.000000,0.133362
1779541077.694546,0,1,4.631910,3.966820,4.898612,1.000000,0.133362
1779541077.705168,0,1,4.634437,3.957145,4.903031,1.000000,0.134144
1779541077.715452,0,1,4.636993,3.947477,4.907260,1.000000,0.134144
1779541077.725489,0,1,4.639604,3.937824,4.911679,1.000000,0.134354
1779541077.734775,0,1,4.642244,3.928179,4.915908,1.000000,0.134354
1779541077.744851,0,1,4.644939,3.918549,4.920328,1.000000,0.134544
1779541077.755308,0,1,4.647662,3.908927,4.924557,1.000000,0.134472
1779541077.764927,0,1,4.650440,3.899320,4.928977,1.000000,0.134472
1779541077.775303,0,1,4.653246,3.889722,4.933206,1.000000,0.135033
1779541077.785640,0,1,4.656107,3.880140,4.937626,1.000000,0.135033
1779541077.795012,0,1,4.658996,3.870567,4.941855,1.000000,0.135449
1779541077.804937,0,1,4.661940,3.861010,4.946275,1.000000,0.135449
1779541077.815251,0,1,4.664912,3.851462,4.950504,1.000000,0.135722
1779541077.824846,0,1,4.667938,3.841931,4.954924,1.000000,0.135722
1779541077.834888,0,1,4.670993,3.832408,4.959153,1.000000,0.135995
1779541077.844917,0,1,4.674101,3.822904,4.963573,1.000000,0.135995
1779541077.855023,0,1,4.677238,3.813409,4.967802,1.000000,0.137134
1779541077.865233,0,1,4.680429,3.803931,4.972222,1.000000,0.137134
1779541077.875128,0,1,4.683648,3.794463,4.976451,1.000000,0.137956
1779541077.884974,0,1,4.686920,3.785014,4.980871,1.000000,0.139512
1779541077.894644,0,1,4.690221,3.775574,4.985100,1.000000,0.139512
1779541077.905244,0,1,4.693575,3.766154,4.989520,1.000000,0.140879
1779541077.915476,0,1,4.696957,3.756743,4.993749,1.000000,0.140879
1779541077.925262,0,1,4.700392,3.747352,4.998169,1.000000,0.142240
1779541077.934934,0,1,4.703855,3.737971,5.002398,1.000000,0.142240
1779541077.945127,0,1,4.707372,3.728609,5.006818,1.000000,0.142240
1779541077.954889,0,1,4.710916,3.719259,5.011047,1.000000,0.142240
1779541077.964571,0,1,4.714514,3.709928,5.015467,1.000000,0.142240
1779541077.974700,0,1,4.718139,3.700608,5.019696,1.000000,0.142240
1779541077.984658,0,1,4.721817,3.691309,5.024116,1.000000,0.142240
1779541077.995137,0,1,4.725522,3.682021,5.028345,1.000000,0.142240
1779541078.005261,0,1,4.729280,3.672754,5.032765,1.000000,0.142240
1779541078.014969,0,1,4.733066,3.663498,5.036994,1.000000,0.142240
1779541078.024411,0,1,4.736904,3.654264,5.041414,1.000000,0.142240
1779541078.034461,0,1,4.740770,3.645042,5.045643,1.000000,0.142240
1779541078.044430,0,1,4.744688,3.635841,5.050063,1.000000,0.142240
1779541078.054665,0,1,4.748633,3.626652,5.054292,1.000000,0.142240
1779541078.064445,0,1,4.752631,3.617486,5.058712,1.000000,0.142240
1779541078.074664,0,1,4.756655,3.608332,5.062941,1.000000,0.142973
1779541078.084469,0,1,4.760732,3.599200,5.067361,1.000000,0.142973
1779541078.094519,0,1,4.764835,3.590081,5.071590,1.000000,0.141517
1779541078.104427,0,1,4.768991,3.580985,5.076010,1.000000,0.141044
1779541078.114926,0,1,4.773173,3.571902,5.080239,1.000000,0.141044
1779541078.124354,0,1,4.777407,3.562843,5.084659,1.000000,0.140431
1779541078.135231,0,1,4.781667,3.553796,5.088888,1.000000,0.140431
1779541078.144724,0,1,4.785979,3.544773,5.093308,1.000000,0.139718
1779541078.154909,0,1,4.790318,3.535763,5.097537,1.000000,0.139718
1779541078.164915,0,1,4.794708,3.526779,5.101957,1.000000,0.139064
1779541078.174850,0,1,4.799125,3.517807,5.106186,1.000000,0.139064
1779541078.184585,0,1,4.803592,3.508860,5.110606,1.000000,0.138379
1779541078.195221,0,1,4.808086,3.499927,5.114835,1.000000,0.138379
1779541078.207834,0,1,4.812631,3.491019,5.119255,1.000000,0.137591
1779541078.215147,0,1,4.817202,3.482125,5.123484,1.000000,0.137591
1779541078.224852,0,1,4.821823,3.473257,5.127904,1.000000,0.136689
1779541078.234899,0,1,4.826471,3.464403,5.132133,1.000000,0.136689
1779541078.244733,0,1,4.831169,3.455575,5.136553,1.000000,0.135885
1779541078.254896,0,1,4.835894,3.446762,5.140782,1.000000,0.135885
1779541078.264728,0,1,4.840668,3.437975,5.145202,1.000000,0.134978
1779541078.274752,0,1,4.845468,3.429202,5.149431,1.000000,0.134362
1779541078.284963,0,1,4.850318,3.420457,5.153851,1.000000,0.134362
1779541078.294716,0,1,4.855194,3.411727,5.158080,1.000000,0.133383
1779541078.304862,0,1,4.860120,3.403024,5.162500,1.000000,0.133383
1779541078.314884,0,1,4.865071,3.394336,5.166729,1.000000,0.132190
1779541078.324986,0,1,4.870072,3.385676,5.171148,1.000000,0.132190
1779541078.334839,0,1,4.875098,3.377031,5.175378,1.000000,0.131274
1779541078.345095,0,1,4.880173,3.368414,5.179797,1.000000,0.131274
1779541078.355015,0,1,4.885274,3.359813,5.184027,1.000000,0.130129
1779541078.364888,0,1,4.890424,3.351241,5.188446,1.000000,0.130129
1779541078.374808,0,1,4.895599,3.342684,5.192676,1.000000,0.128885
1779541078.385115,0,1,4.900822,3.334157,5.197095,1.000000,0.128244
1779541078.394861,0,1,4.906071,3.325645,5.201325,1.000000,0.128244
1779541078.404958,0,1,4.911368,3.317164,5.205744,1.000000,0.127071
1779541078.414943,0,1,4.916691,3.308698,5.209974,1.000000,0.127071
1779541078.424741,0,1,4.922061,3.300262,5.214393,1.000000,0.127071
1779541078.434888,0,1,4.927436,3.291829,5.218377,1.000000,0.125772
1779541078.444808,0,1,4.932792,3.283385,5.221844,1.000000,0.125772
1779541078.454500,0,1,4.938167,3.274952,5.225383,1.000000,0.125772
1779541078.464942,0,1,4.943545,3.266522,5.228686,1.000000,0.125772
1779541078.474756,0,1,4.948956,3.258112,5.232161,1.000000,0.125772
1779541078.484758,0,1,4.954379,3.249710,5.235437,1.000000,0.125772
1779541078.495010,0,1,4.959840,3.241332,5.238900,1.000000,0.125772
1779541078.504874,0,1,4.965315,3.232965,5.242171,1.000000,0.125772
1779541078.514736,0,1,4.970829,3.224622,5.245631,1.000000,0.125772
1779541078.524991,0,1,4.976359,3.216290,5.248901,1.000000,0.125772
1779541078.535089,0,1,4.981928,3.207985,5.252360,1.000000,0.125772
1779541078.544651,0,1,4.987513,3.199690,5.255628,1.000000,0.125772
1779541078.554886,0,1,4.993138,3.191422,5.259087,1.000000,0.121807
1779541078.564713,0,1,4.998779,3.183164,5.262356,1.000000,0.121807
1779541078.574884,0,1,5.004459,3.174934,5.265814,1.000000,0.120524
1779541078.584313,0,1,5.010155,3.166715,5.269083,1.000000,0.120524
1779541078.594832,0,1,5.015890,3.158523,5.272541,1.000000,0.120250
1779541078.604367,0,1,5.021642,3.150343,5.275810,1.000000,0.120250
1779541078.614468,0,1,5.027432,3.142189,5.279268,1.000000,0.119900
1779541078.624750,0,1,5.033238,3.134048,5.282537,1.000000,0.119900
1779541078.634845,0,1,5.039083,3.125934,5.285995,1.000000,0.119477
1779541078.645303,0,1,5.044944,3.117831,5.289264,1.000000,0.119477
1779541078.655120,0,1,5.050843,3.109757,5.292722,1.000000,0.119149
1779541078.664747,0,1,5.056758,3.101694,5.295991,1.000000,0.119149
1779541078.675352,0,1,5.062712,3.093659,5.299449,1.000000,0.118842
1779541078.684772,0,1,5.068681,3.085636,5.302718,1.000000,0.118842
1779541078.694848,0,1,5.074688,3.077642,5.306176,1.000000,0.118272
1779541078.705070,0,1,5.080712,3.069659,5.309445,1.000000,0.118272
1779541078.715089,0,1,5.086773,3.061705,5.312903,1.000000,0.117759
1779541078.724850,0,1,5.092850,3.053764,5.316172,1.000000,0.117759
1779541078.734701,0,1,5.098964,3.045851,5.319630,1.000000,0.117332
1779541078.745116,0,1,5.105094,3.037950,5.322899,1.000000,0.116968
1779541078.754735,0,1,5.111261,3.030078,5.326357,1.000000,0.116968
1779541078.764907,0,1,5.117445,3.022219,5.329626,1.000000,0.116433
1779541078.775130,0,1,5.123665,3.014389,5.333084,1.000000,0.116433
1779541078.784708,0,1,5.129901,3.006572,5.336353,1.000000,0.115742
1779541078.794906,0,1,5.136173,2.998784,5.339811,1.000000,0.115742
1779541078.804918,0,1,5.142462,2.991008,5.343080,1.000000,0.115058
1779541078.814893,0,1,5.148787,2.983263,5.346538,1.000000,0.115058
1779541078.824729,0,1,5.155127,2.975530,5.349807,1.000000,0.114523
1779541078.834973,0,1,5.161504,2.967827,5.353265,1.000000,0.114523
1779541078.844805,0,1,5.167897,2.960137,5.356534,1.000000,0.113786
1779541078.854704,0,1,5.174325,2.952477,5.359992,1.000000,0.113786
1779541078.864983,0,1,5.180769,2.944830,5.363261,1.000000,0.113022
1779541078.874991,0,1,5.187249,2.937214,5.366719,1.000000,0.113022
1779541078.884781,0,1,5.193744,2.929610,5.369988,1.000000,0.112158
1779541078.895008,0,1,5.200275,2.922038,5.373446,1.000000,0.112158
1779541078.904794,0,1,5.206822,2.914478,5.376715,1.000000,0.111462
1779541078.914918,0,1,5.213404,2.906950,5.380173,1.000000,0.111462
1779541078.924784,0,1,5.220001,2.899434,5.383442,1.000000,0.110674
1779541078.934897,0,1,5.226633,2.891950,5.386900,1.000000,0.110674
1779541078.944679,0,1,5.233280,2.884479,5.390169,1.000000,0.110674
1779541078.954813,0,1,5.239963,2.877040,5.393627,1.000000,0.110674
1779541078.964762,0,1,5.246660,2.869614,5.396896,1.000000,0.110674
1779541078.974942,0,1,5.253393,2.862220,5.400354,1.000000,0.110674
1779541078.984540,0,1,5.260140,2.854839,5.403623,1.000000,0.110674
1779541078.994622,0,1,5.266922,2.847491,5.407081,1.000000,0.110674
1779541079.004611,0,1,5.273719,2.840156,5.410349,1.000000,0.110674
1779541079.014621,0,1,5.280550,2.832853,5.413808,1.000000,0.110674
1779541079.024953,0,1,5.287396,2.825564,5.417076,1.000000,0.110674
1779541079.034794,0,1,5.294276,2.818307,5.420535,1.000000,0.110674
1779541079.044607,0,1,5.301171,2.811064,5.423803,1.000000,0.110674
1779541079.054780,0,1,5.308100,2.803853,5.427262,1.000000,0.105381
1779541079.064273,0,1,5.315044,2.796657,5.430530,1.000000,0.103593
1779541079.074778,0,1,5.322021,2.789493,5.433989,1.000000,0.103593
1779541079.084644,0,1,5.329013,2.782344,5.437257,1.000000,0.102447
1779541079.094530,0,1,5.336038,2.775227,5.440716,1.000000,0.102447
1779541079.104692,0,1,5.343078,2.768125,5.443984,1.000000,0.101186
1779541079.114793,0,1,5.350151,2.761056,5.447443,1.000000,0.101186
1779541079.124743,0,1,5.357238,2.754001,5.450711,1.000000,0.099958
1779541079.135185,0,1,5.364358,2.746980,5.454170,1.000000,0.099958
1779541079.144463,0,1,5.371493,2.739973,5.457438,1.000000,0.098734
1779541079.154480,0,1,5.378660,2.732999,5.460897,1.000000,0.098734
1779541079.164693,0,1,5.385842,2.726040,5.464165,1.000000,0.097439
1779541079.174778,0,1,5.393056,2.719116,5.467624,1.000000,0.097439
1779541079.184710,0,1,5.400284,2.712205,5.470892,1.000000,0.096061
1779541079.194869,0,1,5.407545,2.705329,5.474351,1.000000,0.096061
1779541079.204764,0,1,5.414811,2.698459,5.477496,1.000000,0.094620
1779541079.214291,0,1,5.422083,2.691594,5.480479,1.000000,0.093298
1779541079.224339,0,1,5.429357,2.684732,5.483279,1.000000,0.093298
1779541079.234905,0,1,5.436618,2.677857,5.485703,1.000000,0.092595
1779541079.244692,0,1,5.443894,2.670996,5.488249,1.000000,0.092595
1779541079.254632,0,1,5.451170,2.664136,5.490578,1.000000,0.091200
1779541079.264591,0,1,5.458467,2.657299,5.493086,1.000000,0.091200
1779541079.274464,0,1,5.465769,2.650466,5.495398,1.000000,0.090337
1779541079.284868,0,1,5.473095,2.643660,5.497899,1.000000,0.090337
1779541079.294710,0,1,5.480428,2.636860,5.500208,1.000000,0.090159
1779541079.304668,0,1,5.487785,2.630088,5.502707,1.000000,0.090050
1779541079.315273,0,1,5.495149,2.623322,5.505014,1.000000,0.090050
1779541079.324277,0,1,5.502539,2.616585,5.507512,1.000000,0.089868
1779541079.335102,0,1,5.509935,2.609855,5.509820,1.000000,0.089868
1779541079.345320,0,1,5.517357,2.603153,5.512318,1.000000,0.089606
1779541079.354373,0,1,5.524785,2.596458,5.514625,1.000000,0.089606
1779541079.364768,0,1,5.532239,2.589791,5.517123,1.000000,0.089347
1779541079.374934,0,1,5.539700,2.583133,5.519430,1.000000,0.089204
1779541079.385266,0,1,5.547185,2.576502,5.521928,1.000000,0.089204
1779541079.394317,0,1,5.554678,2.569879,5.524235,1.000000,0.088984
1779541079.404949,0,1,5.562195,2.563284,5.526733,1.000000,0.088984
1779541079.414859,0,1,5.569719,2.556698,5.529040,1.000000,0.088761
1779541079.424747,0,1,5.577268,2.550139,5.531538,1.000000,0.088761
1779541079.435274,0,1,5.584824,2.543588,5.533845,1.000000,0.088413
1779541079.444443,0,1,5.592404,2.537066,5.536343,1.000000,0.088413
1779541079.454485,0,1,5.599991,2.530552,5.538650,1.000000,0.088413
1779541079.464245,0,1,5.607603,2.524066,5.541148,1.000000,0.088413
1779541079.474307,0,1,5.615221,2.517589,5.543455,1.000000,0.088413
1779541079.485079,0,1,5.622864,2.511140,5.545953,1.000000,0.088413
1779541079.494728,0,1,5.630513,2.504699,5.548260,1.000000,0.088413
1779541079.504987,0,1,5.638187,2.498287,5.550758,1.000000,0.088413
1779541079.514633,0,1,5.645867,2.491882,5.553065,1.000000,0.088413
1779541079.524591,0,1,5.653571,2.485507,5.555563,1.000000,0.088413
1779541079.534398,0,1,5.661282,2.479140,5.557870,1.000000,0.088413
1779541079.544735,0,1,5.669017,2.472802,5.560368,1.000000,0.088413
1779541079.554774,0,1,5.676759,2.466472,5.562675,1.000000,0.086981
1779541079.564365,0,1,5.684524,2.460171,5.565173,1.000000,0.086981
1779541079.574760,0,1,5.692296,2.453878,5.567480,1.000000,0.085955
1779541079.584605,0,1,5.700091,2.447615,5.569978,1.000000,0.085955
1779541079.594859,0,1,5.707893,2.441359,5.572285,1.000000,0.085508
1779541079.604826,0,1,5.715718,2.435133,5.574783,1.000000,0.085508
1779541079.615209,0,1,5.723550,2.428915,5.577090,1.000000,0.085075
1779541079.625142,0,1,5.731406,2.422727,5.579588,1.000000,0.085075
1779541079.634876,0,1,5.739267,2.416547,5.581895,1.000000,0.085075
1779541079.644533,0,1,5.747152,2.410396,5.584393,1.000000,0.084461
1779541079.654529,0,1,5.755043,2.404254,5.586700,1.000000,0.084461
1779541079.664837,0,1,5.762958,2.398142,5.589198,1.000000,0.083905
1779541079.675032,0,1,5.770878,2.392037,5.591505,1.000000,0.083522
1779541079.684798,0,1,5.778822,2.385963,5.594003,1.000000,0.083522
1779541079.695149,0,1,5.786772,2.379897,5.596310,1.000000,0.083007
1779541079.704971,0,1,5.794745,2.373861,5.598808,1.000000,0.083007
1779541079.714725,0,1,5.802724,2.367833,5.601115,1.000000,0.082481
1779541079.724975,0,1,5.810725,2.361835,5.603613,1.000000,0.082481
1779541079.735023,0,1,5.818733,2.355845,5.605920,1.000000,0.081901
1779541079.745193,0,1,5.826764,2.349886,5.608418,1.000000,0.081901
1779541079.754882,0,1,5.834800,2.343935,5.610725,1.000000,0.081245
1779541079.764776,0,1,5.842859,2.338014,5.613223,1.000000,0.081245
1779541079.775400,0,1,5.850924,2.332102,5.615530,1.000000,0.080628
1779541079.784689,0,1,5.859011,2.326220,5.618028,1.000000,0.080628
1779541079.794568,0,1,5.867105,2.320347,5.620335,1.000000,0.080018
1779541079.805160,0,1,5.875220,2.314504,5.622833,1.000000,0.079736
1779541079.814769,0,1,5.883342,2.308670,5.625140,1.000000,0.079736
1779541079.824757,0,1,5.891485,2.302866,5.627638,1.000000,0.079736
1779541079.834909,0,1,5.899634,2.297070,5.629945,1.000000,0.079065
1779541079.844736,0,1,5.907806,2.291306,5.632443,1.000000,0.078318
1779541079.854990,0,1,5.915983,2.285549,5.634750,1.000000,0.078318
1779541079.864412,0,1,5.924182,2.279824,5.637248,1.000000,0.078318
1779541079.874531,0,1,5.932386,2.274107,5.639555,1.000000,0.077626
1779541079.884745,0,1,5.940613,2.268421,5.642053,1.000000,0.076902
1779541079.895217,0,1,5.948845,2.262744,5.644360,1.000000,0.076902
1779541079.904874,0,1,5.957098,2.257098,5.646858,1.000000,0.076902
1779541079.915160,0,1,5.965357,2.251460,5.649165,1.000000,0.075669
1779541079.924538,0,1,5.973638,2.245854,5.651663,1.000000,0.075669
1779541079.934784,0,1,5.981924,2.240256,5.653970,1.000000,0.074844
1779541079.944845,0,1,5.990232,2.234689,5.656468,1.000000,0.074844
1779541079.954708,0,1,5.998545,2.229131,5.658775,1.000000,0.074844
1779541079.964977,0,1,6.006879,2.223604,5.661273,1.000000,0.074844
1779541079.974430,0,1,6.015218,2.218086,5.663580,1.000000,0.074844
1779541079.984662,0,1,6.023579,2.212599,5.666078,1.000000,0.074844
1779541079.994840,0,1,6.031945,2.207122,5.668385,1.000000,0.074844
1779541080.004856,0,1,6.040332,2.201675,5.670883,1.000000,0.074844
1779541080.014926,0,1,6.048724,2.196237,5.673190,1.000000,0.074844
1779541080.025025,0,1,6.057137,2.190831,5.675688,1.000000,0.074844
1779541080.035241,0,1,6.065555,2.185434,5.677995,1.000000,0.074844
1779541080.044752,0,1,6.073994,2.180069,5.680493,1.000000,0.074844
1779541080.054904,0,1,6.082438,2.174712,5.682800,1.000000,0.074844
1779541080.065102,0,1,6.090902,2.169387,5.685298,1.000000,0.074844
1779541080.074965,0,1,6.099372,2.164071,5.687605,1.000000,0.069019
1779541080.084912,0,1,6.107862,2.158787,5.690103,1.000000,0.069019
1779541080.094806,0,1,6.116357,2.153511,5.692410,1.000000,0.067590
1779541080.104556,0,1,6.124872,2.148268,5.694908,1.000000,0.067590
1779541080.114949,0,1,6.133393,2.143033,5.697215,1.000000,0.066606
1779541080.125095,0,1,6.141933,2.137831,5.699713,1.000000,0.066606
1779541080.134897,0,1,6.150479,2.132638,5.702020,1.000000,0.066606
1779541080.145128,0,1,6.159044,2.127476,5.704518,1.000000,0.065621
1779541080.154826,0,1,6.167614,2.122324,5.706825,1.000000,0.065621
1779541080.164340,0,1,6.176204,2.117204,5.709323,1.000000,0.065621
1779541080.174949,0,1,6.184799,2.112093,5.711630,1.000000,0.064090
1779541080.184349,0,1,6.193414,2.107014,5.714128,1.000000,0.064090
1779541080.194890,0,1,6.202027,2.101934,5.716312,1.000000,0.064090
1779541080.204446,0,1,6.210640,2.096852,5.718333,1.000000,0.062397
1779541080.215318,0,1,6.219255,2.091776,5.720295,1.000000,0.062397
1779541080.224871,0,1,6.227871,2.086699,5.722112,1.000000,0.062397
1779541080.234444,0,1,6.236474,2.081601,5.723566,1.000000,0.060792
1779541080.244880,0,1,6.245083,2.076514,5.725146,1.000000,0.060792
1779541080.254858,0,1,6.253688,2.071420,5.726513,1.000000,0.059314
1779541080.265067,0,1,6.262305,2.066345,5.728058,1.000000,0.059314
1779541080.275195,0,1,6.270920,2.061268,5.729410,1.000000,0.059314
1779541080.284844,0,1,6.279549,2.056213,5.730949,1.000000,0.059314
1779541080.294788,0,1,6.288177,2.051159,5.732297,1.000000,0.059017
1779541080.304495,0,1,6.296819,2.046128,5.733834,1.000000,0.059017
1779541080.314724,0,1,6.305462,2.041097,5.735181,1.000000,0.059139
1779541080.325008,0,1,6.314118,2.036090,5.736718,1.000000,0.059139
1779541080.335018,0,1,6.322775,2.031084,5.738065,1.000000,0.059139
1779541080.344727,0,1,6.331446,2.026102,5.739601,1.000000,0.059455
1779541080.354792,0,1,6.340117,2.021121,5.740948,1.000000,0.059455
1779541080.364388,0,1,6.348802,2.016164,5.742484,1.000000,0.059678
1779541080.374666,0,1,6.357487,2.011208,5.743831,1.000000,0.059678
1779541080.384528,0,1,6.366186,2.006276,5.745367,1.000000,0.059834
1779541080.394717,0,1,6.374886,2.001344,5.746714,1.000000,0.059834
1779541080.404847,0,1,6.383599,1.996438,5.748250,1.000000,0.059834
1779541080.414448,0,1,6.392313,1.991531,5.749597,1.000000,0.060005
1779541080.424722,0,1,6.401040,1.986650,5.751133,1.000000,0.060005
1779541080.434702,0,1,6.409768,1.981769,5.752480,1.000000,0.060219
1779541080.444745,0,1,6.418510,1.976912,5.754016,1.000000,0.060219
1779541080.454929,0,1,6.427252,1.972056,5.755363,1.000000,0.060219
1779541080.464643,0,1,6.436007,1.967225,5.756899,1.000000,0.060219
1779541080.474998,0,1,6.444763,1.962394,5.758246,1.000000,0.060219
1779541080.484758,0,1,6.453532,1.957588,5.759782,1.000000,0.060219
1779541080.495071,0,1,6.462302,1.952783,5.761129,1.000000,0.060219
1779541080.504713,0,1,6.471085,1.948002,5.762665,1.000000,0.060219
1779541080.514389,0,1,6.479869,1.943222,5.764012,1.000000,0.060219
1779541080.524649,0,1,6.488666,1.938467,5.765548,1.000000,0.060219
1779541080.534668,0,1,6.497463,1.933712,5.766895,1.000000,0.060219
1779541080.544874,0,1,6.506274,1.928982,5.768431,1.000000,0.060219
1779541080.554495,0,1,6.515085,1.924253,5.769778,1.000000,0.060219
1779541080.564855,0,1,6.523909,1.919548,5.771314,1.000000,0.061674
1779541080.574774,0,1,6.532734,1.914844,5.772661,1.000000,0.061674
1779541080.585619,0,1,6.541571,1.910165,5.774197,1.000000,0.061674
1779541080.594888,0,1,6.550409,1.905487,5.775544,1.000000,0.061550
1779541080.605029,0,1,6.559261,1.900833,5.777080,1.000000,0.061550
1779541080.614872,0,1,6.568112,1.896180,5.778427,1.000000,0.061776
1779541080.624909,0,1,6.576977,1.891552,5.779963,1.000000,0.061776
1779541080.634680,0,1,6.585842,1.886925,5.781310,1.000000,0.061921
1779541080.645100,0,1,6.594719,1.882322,5.782846,1.000000,0.061921
1779541080.654823,0,1,6.603598,1.877720,5.784193,1.000000,0.062023
1779541080.664860,0,1,6.612489,1.873144,5.785729,1.000000,0.062023
1779541080.674768,0,1,6.621380,1.868567,5.787076,1.000000,0.062209
1779541080.684749,0,1,6.630285,1.864016,5.788612,1.000000,0.062209
1779541080.694685,0,1,6.639189,1.859466,5.789959,1.000000,0.062378
1779541080.704752,0,1,6.648107,1.854940,5.791495,1.000000,0.062378
1779541080.714979,0,1,6.657024,1.850415,5.792842,1.000000,0.062513
1779541080.724857,0,1,6.665955,1.845915,5.794378,1.000000,0.062513
1779541080.735004,0,1,6.674885,1.841416,5.795725,1.000000,0.062617
1779541080.744960,0,1,6.683829,1.836942,5.797261,1.000000,0.062617
1779541080.754514,0,1,6.692772,1.832469,5.798608,1.000000,0.062786
1779541080.764774,0,1,6.701728,1.828020,5.800144,1.000000,0.062786
1779541080.775009,0,1,6.710685,1.823573,5.801491,1.000000,0.062946
1779541080.784708,0,1,6.719654,1.819150,5.803027,1.000000,0.062946
1779541080.794778,0,1,6.728623,1.814729,5.804374,1.000000,0.063073
1779541080.804691,0,1,6.737605,1.810332,5.805910,1.000000,0.063073
1779541080.814844,0,1,6.746587,1.805936,5.807257,1.000000,0.063166
1779541080.824849,0,1,6.755581,1.801566,5.808793,1.000000,0.063166
1779541080.834779,0,1,6.764576,1.797196,5.810140,1.000000,0.063634
1779541080.844935,0,1,6.773583,1.792851,5.811676,1.000000,0.063634
1779541080.854675,0,1,6.782590,1.788507,5.813023,1.000000,0.064217
1779541080.865096,0,1,6.791609,1.784188,5.814559,1.000000,0.064217
1779541080.875151,0,1,6.800629,1.779870,5.815906,1.000000,0.064768
1779541080.884691,0,1,6.809671,1.775599,5.817688,1.000000,0.064768
1779541080.895030,0,1,6.818747,1.771401,5.819987,1.000000,0.064768
1779541080.904718,0,1,6.827838,1.767235,5.822215,1.000000,0.064768
1779541080.915080,0,1,6.836951,1.763117,5.824677,1.000000,0.065507
1779541080.925978,0,1,6.846071,1.759017,5.826968,1.000000,0.065507
1779541080.934962,0,1,6.855210,1.754956,5.829458,1.000000,0.065507
1779541080.945127,0,1,6.864354,1.750908,5.831761,1.000000,0.065507
1779541080.954721,0,1,6.873513,1.746896,5.834256,1.000000,0.065507
1779541080.964963,0,1,6.882678,1.742894,5.836562,1.000000,0.065507
1779541080.974358,0,1,6.891857,1.738927,5.839059,1.000000,0.065507
1779541080.985214,0,1,6.901041,1.734971,5.841365,1.000000,0.065507
1779541080.994942,0,1,6.910240,1.731049,5.843863,1.000000,0.065507
1779541081.004743,0,1,6.919443,1.727136,5.846170,1.000000,0.065507
1779541081.014367,0,1,6.928661,1.723259,5.848668,1.000000,0.065507
1779541081.024828,0,1,6.937882,1.719391,5.850975,1.000000,0.065507
1779541081.034729,0,1,6.947119,1.715558,5.853472,1.000000,0.065507
1779541081.044330,0,1,6.956359,1.711735,5.855780,1.000000,0.065507
1779541081.054617,0,1,6.965613,1.707946,5.858277,1.000000,0.065507
1779541081.064445,0,1,6.974872,1.704167,5.860585,1.000000,0.065507
1779541081.074475,0,1,6.984144,1.700423,5.863082,1.000000,0.065507
1779541081.084420,0,1,6.993421,1.696689,5.865390,1.000000,0.065507
1779541081.094542,0,1,7.002712,1.692989,5.867887,1.000000,0.065507
1779541081.104419,0,1,7.012006,1.689299,5.870195,1.000000,0.052633
1779541081.114594,0,1,7.021314,1.685644,5.872692,1.000000,0.052633
1779541081.124447,0,1,7.030617,1.681977,5.874754,1.000000,0.051157
1779541081.134354,0,1,7.039905,1.678271,5.876299,1.000000,0.049601
1779541081.145002,0,1,7.049194,1.674567,5.877916,1.000000,0.049601
1779541081.154400,0,1,7.058477,1.670850,5.879297,1.000000,0.049601
1779541081.164727,0,1,7.067768,1.667150,5.880850,1.000000,0.048105
1779541081.174918,0,1,7.077057,1.663447,5.882204,1.000000,0.047387
1779541081.184646,0,1,7.086355,1.659766,5.883745,1.000000,0.047387
1779541081.194704,0,1,7.095652,1.656085,5.885094,1.000000,0.047152
1779541081.204690,0,1,7.104960,1.652428,5.886632,1.000000,0.047152
1779541081.214962,0,1,7.114268,1.648772,5.887979,1.000000,0.046896
1779541081.224282,0,1,7.123585,1.645141,5.889517,1.000000,0.046896
1779541081.234883,0,1,7.132903,1.641511,5.890863,1.000000,0.046702
1779541081.244359,0,1,7.142231,1.637907,5.892400,1.000000,0.046702
1779541081.254816,0,1,7.151559,1.634304,5.893746,1.000000,0.046525
1779541081.264681,0,1,7.160897,1.630726,5.895283,1.000000,0.046525
1779541081.274736,0,1,7.170236,1.627150,5.896630,1.000000,0.046324
1779541081.284560,0,1,7.179584,1.623599,5.898166,1.000000,0.046324
1779541081.294651,0,1,7.188933,1.620050,5.899513,1.000000,0.046138
1779541081.304631,0,1,7.198292,1.616526,5.901049,1.000000,0.046138
1779541081.314787,0,1,7.207651,1.613003,5.902396,1.000000,0.045955
1779541081.324767,0,1,7.217020,1.609507,5.903932,1.000000,0.045955
1779541081.334839,0,1,7.226389,1.606011,5.905279,1.000000,0.045807
1779541081.344844,0,1,7.235768,1.602542,5.906815,1.000000,0.045807
1779541081.354741,0,1,7.245147,1.599073,5.908162,1.000000,0.045627
1779541081.364597,0,1,7.254536,1.595631,5.909698,1.000000,0.045627
1779541081.374682,0,1,7.263925,1.592189,5.911045,1.000000,0.045392
1779541081.384573,0,1,7.273323,1.588774,5.912581,1.000000,0.045392
1779541081.394684,0,1,7.282722,1.585359,5.913928,1.000000,0.045206
1779541081.404782,0,1,7.292131,1.581971,5.915464,1.000000,0.045206
1779541081.414929,0,1,7.301540,1.578584,5.916811,1.000000,0.045188
1779541081.424920,0,1,7.310958,1.575223,5.918347,1.000000,0.045022
1779541081.434721,0,1,7.320376,1.571862,5.919694,1.000000,0.045022
1779541081.444930,0,1,7.329804,1.568528,5.921230,1.000000,0.045022
1779541081.454624,0,1,7.339232,1.565195,5.922577,1.000000,0.045022
1779541081.464614,0,1,7.348670,1.561889,5.924113,1.000000,0.045022
1779541081.474850,0,1,7.358108,1.558583,5.925460,1.000000,0.045022
1779541081.484601,0,1,7.367555,1.555303,5.926996,1.000000,0.045022
1779541081.494691,0,1,7.377002,1.552024,5.928343,1.000000,0.045022
1779541081.504804,0,1,7.386458,1.548772,5.929879,1.000000,0.045022
1779541081.514312,0,1,7.395915,1.545521,5.931226,1.000000,0.045022
1779541081.524796,0,1,7.405380,1.542296,5.932762,1.000000,0.045022
1779541081.534629,0,1,7.414846,1.539072,5.934109,1.000000,0.045022
1779541081.544463,0,1,7.424321,1.535874,5.935645,1.000000,0.045022
1779541081.554512,0,1,7.433797,1.532677,5.936992,1.000000,0.043983
1779541081.564360,0,1,7.443281,1.529507,5.938528,1.000000,0.043983
1779541081.574456,0,1,7.452765,1.526337,5.939875,1.000000,0.043685
1779541081.584926,0,1,7.462258,1.523194,5.941411,1.000000,0.043685
1779541081.594840,0,1,7.471752,1.520052,5.942758,1.000000,0.043563
1779541081.604263,0,1,7.481254,1.516937,5.944294,1.000000,0.043563
1779541081.614511,0,1,7.490757,1.513822,5.945641,1.000000,0.043544
1779541081.624683,0,1,7.500268,1.510734,5.947177,1.000000,0.043544
1779541081.634397,0,1,7.509779,1.507646,5.948524,1.000000,0.043383
1779541081.644346,0,1,7.519299,1.504585,5.950060,1.000000,0.043383
1779541081.654770,0,1,7.528820,1.501525,5.951407,1.000000,0.043222
1779541081.664658,0,1,7.538349,1.498492,5.952943,1.000000,0.043222
1779541081.675005,0,1,7.547878,1.495460,5.954290,1.000000,0.043220
1779541081.684774,0,1,7.557415,1.492454,5.955826,1.000000,0.043117
1779541081.695116,0,1,7.566953,1.489449,5.957173,1.000000,0.043117
1779541081.704584,0,1,7.576499,1.486471,5.958709,1.000000,0.042971
1779541081.714719,0,1,7.586046,1.483493,5.960056,1.000000,0.042971
1779541081.724631,0,1,7.595600,1.480542,5.961592,1.000000,0.042890
1779541081.734903,0,1,7.605155,1.477592,5.962939,1.000000,0.042890
1779541081.744637,0,1,7.614719,1.474669,5.964475,1.000000,0.042825
1779541081.754729,0,1,7.624282,1.471747,5.965822,1.000000,0.042825
1779541081.764919,0,1,7.633854,1.468851,5.967358,1.000000,0.042825
1779541081.774643,0,1,7.643425,1.465956,5.968705,1.000000,0.042608
1779541081.784762,0,1,7.653005,1.463088,5.970241,1.000000,0.042608
1779541081.794822,0,1,7.662585,1.460221,5.971588,1.000000,0.042461
1779541081.804301,0,1,7.672174,1.457381,5.973124,1.000000,0.042461
1779541081.814371,0,1,7.681762,1.454541,5.974471,1.000000,0.042401
1779541081.824679,0,1,7.691358,1.451728,5.976007,1.000000,0.042401
1779541081.834711,0,1,7.700955,1.448916,5.977354,1.000000,0.042309
1779541081.844515,0,1,7.710559,1.446131,5.978890,1.000000,0.042309
1779541081.854939,0,1,7.720164,1.443347,5.980237,1.000000,0.042183
1779541081.864851,0,1,7.729776,1.440590,5.981773,1.000000,0.042158
1779541081.875240,0,1,7.739389,1.437833,5.983120,1.000000,0.042158
1779541081.884702,0,1,7.749009,1.435104,5.984656,1.000000,0.042097
1779541081.895274,0,1,7.758629,1.432375,5.986003,1.000000,0.042097
1779541081.904898,0,1,7.768257,1.429673,5.987539,1.000000,0.042021
1779541081.914998,0,1,7.777886,1.426972,5.988886,1.000000,0.042021
1779541081.924312,0,1,7.787521,1.424298,5.990422,1.000000,0.041898
1779541081.934881,0,1,7.797157,1.421624,5.991769,1.000000,0.041898
1779541081.944745,0,1,7.806801,1.418978,5.993305,1.000000,0.041898
1779541081.954672,0,1,7.816445,1.416333,5.994651,1.000000,0.041898
1779541081.964935,0,1,7.826096,1.413714,5.996188,1.000000,0.041898
1779541081.974857,0,1,7.835747,1.411096,5.997534,1.000000,0.041898
1779541081.984707,0,1,7.845406,1.408506,5.999071,1.000000,0.041898
1779541081.994661,0,1,7.855064,1.405916,6.000417,1.000000,0.041898
1779541082.004537,0,1,7.864730,1.403353,6.001954,1.000000,0.041898
1779541082.015117,0,1,7.874397,1.400791,6.003300,1.000000,0.041898
1779541082.024647,0,1,7.884070,1.398256,6.004837,1.000000,0.041898
1779541082.034318,0,1,7.893744,1.395722,6.006183,1.000000,0.041898
1779541082.044294,0,1,7.903424,1.393215,6.007720,1.000000,0.041898
1779541082.054729,0,1,7.913105,1.390709,6.009066,1.000000,0.041622
1779541082.064563,0,1,7.922793,1.388230,6.010603,1.000000,0.041622
1779541082.074935,0,1,7.932481,1.385751,6.011949,1.000000,0.041078
1779541082.084599,0,1,7.942176,1.383300,6.013486,1.000000,0.041078
1779541082.094761,0,1,7.951871,1.380850,6.014832,1.000000,0.040972
1779541082.104350,0,1,7.961573,1.378426,6.016369,1.000000,0.040972
1779541082.114620,0,1,7.971275,1.376004,6.017715,1.000000,0.040835
1779541082.124932,0,1,7.980984,1.373609,6.019252,1.000000,0.040835
1779541082.135002,0,1,7.990693,1.371214,6.020598,1.000000,0.040776
1779541082.144590,0,1,8.000409,1.368847,6.022135,1.000000,0.040776
1779541082.155216,0,1,8.010125,1.366481,6.023481,1.000000,0.040684
1779541082.164679,0,1,8.019847,1.364141,6.025018,1.000000,0.040684
1779541082.175222,0,1,8.029570,1.361803,6.026364,1.000000,0.040560
1779541082.184617,0,1,8.039299,1.359492,6.027901,1.000000,0.040560
1779541082.194998,0,1,8.049029,1.357182,6.029247,1.000000,0.040417
1779541082.204708,0,1,8.058765,1.354898,6.030784,1.000000,0.040417
1779541082.214967,0,1,8.068501,1.352616,6.032130,1.000000,0.040358
1779541082.224729,0,1,8.078243,1.350361,6.033667,1.000000,0.040358
1779541082.235016,0,1,8.087986,1.348107,6.035013,1.000000,0.040266
1779541082.244771,0,1,8.097735,1.345880,6.036550,1.000000,0.040266
1779541082.254883,0,1,8.107484,1.343654,6.037896,1.000000,0.040141
1779541082.264181,0,1,8.117239,1.341455,6.039433,1.000000,0.040141
1779541082.274679,0,1,8.126994,1.339257,6.040779,1.000000,0.039993
1779541082.284215,0,1,8.136756,1.337086,6.042316,1.000000,0.040010
1779541082.294447,0,1,8.146518,1.334916,6.043662,1.000000,0.040010
1779541082.304669,0,1,8.156285,1.332774,6.045199,1.000000,0.039954
1779541082.314816,0,1,8.166053,1.330632,6.046545,1.000000,0.039954
1779541082.324401,0,1,8.175827,1.328518,6.048082,1.000000,0.039845
1779541082.334796,0,1,8.185601,1.326404,6.049428,1.000000,0.039845
1779541082.345103,0,1,8.195381,1.324318,6.050965,1.000000,0.039678
1779541082.354602,0,1,8.205161,1.322233,6.052311,1.000000,0.039678
1779541082.364613,0,1,8.214947,1.320175,6.053848,1.000000,0.039598
1779541082.374624,0,1,8.224734,1.318117,6.055194,1.000000,0.039598
1779541082.384580,0,1,8.234525,1.316088,6.056731,1.000000,0.039504
1779541082.394641,0,1,8.244317,1.314059,6.058077,1.000000,0.039504
1779541082.404249,0,1,8.254115,1.312057,6.059614,1.000000,0.039405
1779541082.414603,0,1,8.263913,1.310056,6.060960,1.000000,0.039242
1779541082.424803,0,1,8.273716,1.308083,6.062497,1.000000,0.039242
1779541082.434292,0,1,8.283520,1.306111,6.063843,1.000000,0.039113
1779541082.444711,0,1,8.293329,1.304166,6.065380,1.000000,0.039113
1779541082.454704,0,1,8.303138,1.302222,6.066726,1.000000,0.039113
1779541082.464920,0,1,8.312952,1.300305,6.068263,1.000000,0.039113
1779541082.474702,0,1,8.322767,1.298389,6.069609,1.000000,0.039113
1779541082.484708,0,1,8.332587,1.296501,6.071146,1.000000,0.039113
1779541082.494649,0,1,8.342408,1.294613,6.072492,1.000000,0.039113
1779541082.504822,0,1,8.352233,1.292753,6.074029,1.000000,0.039113
1779541082.515026,0,1,8.362059,1.290894,6.075375,1.000000,0.039113
1779541082.524386,0,1,8.371889,1.289062,6.076912,1.000000,0.039113
1779541082.534329,0,1,8.381720,1.287231,6.078258,1.000000,0.039113
1779541082.544568,0,1,8.391556,1.285428,6.079795,1.000000,0.039113
1779541082.554638,0,1,8.401393,1.283625,6.081141,1.000000,0.039109
1779541082.564635,0,1,8.411234,1.281850,6.082678,1.000000,0.039109
1779541082.574517,0,1,8.421075,1.280076,6.084024,1.000000,0.038355
1779541082.584445,0,1,8.430921,1.278329,6.085561,1.000000,0.038355
1779541082.594606,0,1,8.440768,1.276583,6.086907,1.000000,0.038188
1779541082.604540,0,1,8.450619,1.274865,6.088444,1.000000,0.038188
1779541082.614799,0,1,8.460471,1.273147,6.089790,1.000000,0.038082
1779541082.624740,0,1,8.470327,1.271458,6.091327,1.000000,0.038082
1779541082.634768,0,1,8.480183,1.269769,6.092673,1.000000,0.038006
1779541082.644903,0,1,8.490044,1.268107,6.094210,1.000000,0.038006
1779541082.654927,0,1,8.499905,1.266447,6.095556,1.000000,0.037868
1779541082.664768,0,1,8.509771,1.264814,6.097093,1.000000,0.037868
1779541082.674571,0,1,8.519637,1.263181,6.098439,1.000000,0.037698
1779541082.684269,0,1,8.529507,1.261577,6.099976,1.000000,0.037698
1779541082.695029,0,1,8.539378,1.259973,6.101322,1.000000,0.037690
1779541082.704838,0,1,8.549253,1.258397,6.102859,1.000000,0.037627
1779541082.714779,0,1,8.559128,1.256822,6.104205,1.000000,0.037627
1779541082.724999,0,1,8.569007,1.255274,6.105742,1.000000,0.037500
1779541082.734659,0,1,8.578887,1.253727,6.107088,1.000000,0.037500
1779541082.744786,0,1,8.588771,1.252208,6.108625,1.000000,0.037342
1779541082.755132,0,1,8.598655,1.250690,6.109971,1.000000,0.037342
1779541082.764524,0,1,8.608543,1.249199,6.111508,1.000000,0.037202
1779541082.775180,0,1,8.618432,1.247709,6.112854,1.000000,0.037202
1779541082.784526,0,1,8.628324,1.246247,6.114391,1.000000,0.037105
1779541082.794502,0,1,8.638217,1.244786,6.115737,1.000000,0.037105
1779541082.804263,0,1,8.648114,1.243353,6.117274,1.000000,0.036936
1779541082.814146,0,1,8.658010,1.241920,6.118620,1.000000,0.036936
1779541082.824814,0,1,8.667911,1.240515,6.120157,1.000000,0.036806
1779541082.834330,0,1,8.677812,1.239111,6.121503,1.000000,0.036806
1779541082.844849,0,1,8.687717,1.237734,6.123040,1.000000,0.036658
1779541082.854686,0,1,8.697622,1.236358,6.124386,1.000000,0.036658
1779541082.864896,0,1,8.707531,1.235010,6.125923,1.000000,0.036525
1779541082.874796,0,1,8.717439,1.233663,6.127269,1.000000,0.036525
1779541082.884288,0,1,8.727352,1.232344,6.128806,1.000000,0.036443
1779541082.894349,0,1,8.737265,1.231025,6.130152,1.000000,0.036443
1779541082.905269,0,1,8.747181,1.229735,6.131689,1.000000,0.036443
1779541082.914673,0,1,8.757098,1.228445,6.133035,1.000000,0.036184
1779541082.924785,0,1,8.767018,1.227183,6.134572,1.000000,0.036184
1779541082.934729,0,1,8.776938,1.225921,6.135918,1.000000,0.035970
1779541082.944737,0,1,8.786861,1.224688,6.137455,1.000000,0.035970
1779541082.954699,0,1,8.796785,1.223455,6.138801,1.000000,0.035970
1779541082.964706,0,1,8.806712,1.222250,6.140338,1.000000,0.035970
1779541082.974999,0,1,8.816639,1.221046,6.141684,1.000000,0.035970
1779541082.984356,0,1,8.826570,1.219869,6.143221,1.000000,0.035970
1779541082.994856,0,1,8.836501,1.218694,6.144567,1.000000,0.035970
1779541083.004524,0,1,8.846435,1.217546,6.146104,1.000000,0.035970
1779541083.014666,0,1,8.856369,1.216399,6.147450,1.000000,0.035970
1779541083.024539,0,1,8.866306,1.215280,6.148987,1.000000,0.035970
1779541083.034410,0,1,8.876243,1.214162,6.150333,1.000000,0.035970
1779541083.044252,0,1,8.886183,1.213072,6.151870,1.000000,0.035970
1779541083.054502,0,1,8.896124,1.211982,6.153216,1.000000,0.035970
1779541083.064336,0,1,8.906067,1.210920,6.154753,1.000000,0.035970
1779541083.074845,0,1,8.916011,1.209859,6.156099,1.000000,0.035899
1779541083.084157,0,1,8.925957,1.208826,6.157636,1.000000,0.035899
1779541083.094264,0,1,8.935904,1.207794,6.158982,1.000000,0.034714
1779541083.104631,0,1,8.945853,1.206790,6.160519,1.000000,0.034714
1779541083.114568,0,1,8.955803,1.205786,6.161865,1.000000,0.034569
1779541083.124207,0,1,8.965755,1.204810,6.163402,1.000000,0.034569
1779541083.134929,0,1,8.975707,1.203836,6.164748,1.000000,0.034391
1779541083.144461,0,1,8.985663,1.202889,6.166285,1.000000,0.034391
1779541083.154175,0,1,8.995618,1.201942,6.167631,1.000000,0.034179
1779541083.164290,0,1,9.005575,1.201024,6.169168,1.000000,0.034179
1779541083.174547,0,1,9.015533,1.200107,6.170514,1.000000,0.033989
1779541083.184381,0,1,9.025494,1.199217,6.172051,1.000000,0.033989
1779541083.194620,0,1,9.035454,1.198328,6.173397,1.000000,0.033874
1779541083.204666,0,1,9.045417,1.197467,6.174934,1.000000,0.033809
1779541083.214755,0,1,9.055380,1.196607,6.176280,1.000000,0.033809
1779541083.224457,0,1,9.065345,1.195775,6.177817,1.000000,0.033643
1779541083.234598,0,1,9.075310,1.194944,6.179163,1.000000,0.033643
1779541083.244199,0,1,9.085278,1.194140,6.180700,1.000000,0.033643
1779541083.255015,0,1,9.095246,1.193338,6.182046,1.000000,0.033436
1779541083.264147,0,1,9.105216,1.192563,6.183583,1.000000,0.033436
1779541083.274759,0,1,9.115186,1.191789,6.184929,1.000000,0.033285
1779541083.284606,0,1,9.125158,1.191043,6.186466,1.000000,0.033285
1779541083.294205,0,1,9.135130,1.190298,6.187812,1.000000,0.033020
1779541083.304240,0,1,9.145104,1.189581,6.189349,1.000000,0.033020
1779541083.314610,0,1,9.155079,1.188865,6.190695,1.000000,0.033020
1779541083.324942,0,1,9.165055,1.188176,6.192232,1.000000,0.032701
1779541083.334291,0,1,9.175031,1.187489,6.193578,1.000000,0.032701
1779541083.344603,0,1,9.185010,1.186829,6.195115,1.000000,0.032555
1779541083.354431,0,1,9.194988,1.186170,6.196461,1.000000,0.032555
1779541083.364865,0,1,9.204968,1.185540,6.197998,1.000000,0.032312
1779541083.374577,0,1,9.214948,1.184909,6.199344,1.000000,0.032312
1779541083.384652,0,1,9.224930,1.184307,6.200881,1.000000,0.032076
1779541083.394731,0,1,9.234912,1.183706,6.202227,1.000000,0.032076
1779541083.404434,0,1,9.244895,1.183133,6.203764,1.000000,0.031845
1779541083.414157,0,1,9.254878,1.182548,6.204987,1.000000,0.031670
1779541083.424224,0,1,9.264860,1.181940,6.205925,1.000000,0.031670
1779541083.434664,0,1,9.274838,1.181290,6.206449,1.000000,0.031443
1779541083.444984,0,1,9.284817,1.180637,6.207082,1.000000,0.031443
1779541083.454659,0,1,9.294794,1.179963,6.207493,1.000000,0.031443
1779541083.464646,0,1,9.304772,1.179301,6.208081,1.000000,0.031443
1779541083.474608,0,1,9.314750,1.178626,6.208473,1.000000,0.031443
1779541083.484520,0,1,9.324728,1.177966,6.209052,1.000000,0.031443
1779541083.494891,0,1,9.334705,1.177297,6.209439,1.000000,0.031443
1779541083.504827,0,1,9.344684,1.176644,6.210016,1.000000,0.031443
1779541083.514792,0,1,9.354662,1.175983,6.210402,1.000000,0.031443
1779541083.524921,0,1,9.364641,1.175340,6.210978,1.000000,0.031443
1779541083.534689,0,1,9.374620,1.174687,6.211364,1.000000,0.031443
1779541083.544315,0,1,9.384600,1.174053,6.211939,1.000000,0.031443
1779541083.554671,0,1,9.394579,1.173410,6.212325,1.000000,0.031443
1779541083.564694,0,1,9.404560,1.172785,6.212901,1.000000,0.031443
1779541083.574832,0,1,9.414540,1.172152,6.213286,1.000000,0.031443
1779541083.584699,0,1,9.424521,1.171537,6.213862,1.000000,0.031443
1779541083.594655,0,1,9.434501,1.170913,6.214247,1.000000,0.039400
1779541083.605094,0,1,9.444483,1.170308,6.214823,1.000000,0.039400
1779541083.614697,0,1,9.454464,1.169693,6.215208,1.000000,0.040008
1779541083.624495,0,1,9.464448,1.169121,6.216030,1.000000,0.040008
1779541083.634847,0,1,9.474435,1.168620,6.217368,1.000000,0.040008
1779541083.644815,0,1,9.484424,1.168144,6.218634,1.000000,0.042030
1779541083.654795,0,1,9.494414,1.167712,6.220136,1.000000,0.042030
1779541083.664410,0,1,9.504405,1.167290,6.221466,1.000000,0.043318
1779541083.674506,0,1,9.514398,1.166901,6.222994,1.000000,0.043318
1779541083.684360,0,1,9.524390,1.166516,6.224336,1.000000,0.043318
1779541083.694768,0,1,9.534384,1.166160,6.225870,1.000000,0.043914
1779541083.704683,0,1,9.544378,1.165807,6.227215,1.000000,0.043914
1779541083.714151,0,1,9.554373,1.165483,6.228751,1.000000,0.043998
1779541083.724281,0,1,9.564367,1.165159,6.230097,1.000000,0.043998
1779541083.734291,0,1,9.574363,1.164864,6.231633,1.000000,0.043998
1779541083.744277,0,1,9.584359,1.164570,6.232979,1.000000,0.043899
1779541083.754731,0,1,9.594355,1.164303,6.234516,1.000000,0.043899
1779541083.764425,0,1,9.604352,1.164038,6.235862,1.000000,0.043899
1779541083.774835,0,1,9.614349,1.163801,6.237399,1.000000,0.043883
1779541083.784572,0,1,9.624346,1.163564,6.238745,1.000000,0.043883
1779541083.794992,0,1,9.634344,1.163356,6.240282,1.000000,0.043883
1779541083.804591,0,1,9.644342,1.163148,6.241628,1.000000,0.043679
1779541083.814604,0,1,9.654340,1.162969,6.243165,1.000000,0.043679
1779541083.824700,0,1,9.664338,1.162790,6.244511,1.000000,0.043679
1779541083.834291,0,1,9.674337,1.162639,6.246048,1.000000,0.043689
1779541083.844857,0,1,9.684336,1.162489,6.247394,1.000000,0.043689
1779541083.854365,0,1,9.694335,1.162367,6.248931,1.000000,0.043689
1779541083.864545,0,1,9.704335,1.162246,6.250277,1.000000,0.043480
1779541083.874559,0,1,9.714334,1.162153,6.251814,1.000000,0.043480
1779541083.884538,0,1,9.724334,1.162061,6.253160,1.000000,0.043480
1779541083.894990,0,1,9.734334,1.161996,6.254697,1.000000,0.043326
1779541083.904628,0,1,9.744333,1.161933,6.256043,1.000000,0.043326
1779541083.914557,0,1,9.754333,1.161897,6.257580,1.000000,0.043306
1779541083.924623,0,1,9.764333,1.161863,6.258926,1.000000,0.043306
1779541083.934513,0,1,9.774333,1.161856,6.260463,1.000000,0.043306
1779541083.944504,0,1,9.784333,1.161850,6.261809,1.000000,0.043306
1779541083.954416,0,1,9.794333,1.161872,6.263346,1.000000,0.043306
1779541083.964339,0,1,9.804333,1.161895,6.264692,1.000000,0.043306
1779541083.974515,0,1,9.814333,1.161946,6.266229,1.000000,0.043306
1779541083.984540,0,1,9.824333,1.161998,6.267575,1.000000,0.043306
1779541083.994346,0,1,9.834333,1.162078,6.269112,1.000000,0.043306
1779541084.004344,0,1,9.844332,1.162159,6.270458,1.000000,0.043306
1779541084.014666,0,1,9.854332,1.162267,6.271995,1.000000,0.043306
1779541084.024235,0,1,9.864331,1.162377,6.273341,1.000000,0.043306
1779541084.034929,0,1,9.874330,1.162514,6.274878,1.000000,0.043306
1779541084.044368,0,1,9.884329,1.162653,6.276224,1.000000,0.043306
1779541084.054498,0,1,9.894328,1.162819,6.277761,1.000000,0.043306
1779541084.064166,0,1,9.904326,1.162986,6.279107,1.000000,0.043306
1779541084.074352,0,1,9.914324,1.163181,6.280644,1.000000,0.043306
1779541084.084224,0,1,9.924322,1.163377,6.281990,1.000000,0.043208
1779541084.094796,0,1,9.934320,1.163601,0.000341,1.000000,0.043208
1779541084.104554,0,1,9.944317,1.163826,0.001688,1.000000,0.043208
1779541084.114334,0,1,9.954314,1.164079,0.003224,1.000000,0.042000
1779541084.124569,0,1,9.964311,1.164333,0.004571,1.000000,0.042000
1779541084.134478,0,1,9.974307,1.164614,0.006107,1.000000,0.042000
1779541084.144498,0,1,9.984303,1.164897,0.007454,1.000000,0.041713
1779541084.154819,0,1,9.994298,1.165207,0.008990,1.000000,0.041713
1779541084.164571,0,1,10.004293,1.165518,0.010337,1.000000,0.041713
1779541084.174464,0,1,10.014288,1.165857,0.011873,1.000000,0.041544
1779541084.184125,0,1,10.024282,1.166198,0.013220,1.000000,0.041544
1779541084.194514,0,1,10.034275,1.166566,0.014756,1.000000,0.041544
1779541084.204265,0,1,10.044268,1.166935,0.016103,1.000000,0.041155
1779541084.214720,0,1,10.054260,1.167331,0.017639,1.000000,0.041155
1779541084.224578,0,1,10.064252,1.167729,0.018986,1.000000,0.040969
1779541084.234738,0,1,10.074243,1.168155,0.020522,1.000000,0.040969
1779541084.244155,0,1,10.084234,1.168581,0.021869,1.000000,0.040969
1779541084.254838,0,1,10.094224,1.169036,0.023405,1.000000,0.040767
1779541084.264331,0,1,10.104213,1.169491,0.024752,1.000000,0.040767
1779541084.274686,0,1,10.114202,1.169974,0.026288,1.000000,0.040767
1779541084.284486,0,1,10.124190,1.170458,0.027635,1.000000,0.040350
1779541084.294276,0,1,10.134177,1.170970,0.029171,1.000000,0.040350
1779541084.304644,0,1,10.144164,1.171483,0.030518,1.000000,0.040350
1779541084.314223,0,1,10.154149,1.172024,0.032054,1.000000,0.040125
1779541084.324393,0,1,10.164134,1.172566,0.033401,1.000000,0.040125
1779541084.334712,0,1,10.174118,1.173136,0.034937,1.000000,0.040125
1779541084.344569,0,1,10.184102,1.173706,0.036284,1.000000,0.039725
1779541084.354654,0,1,10.194084,1.174304,0.037820,1.000000,0.039725
1779541084.364705,0,1,10.204066,1.174904,0.039167,1.000000,0.039408
1779541084.374660,0,1,10.214046,1.175531,0.040703,1.000000,0.039408
1779541084.384481,0,1,10.224027,1.176159,0.042050,1.000000,0.039408
1779541084.394278,0,1,10.234005,1.176815,0.043586,1.000000,0.039179
1779541084.404685,0,1,10.243983,1.177472,0.044933,1.000000,0.039179
1779541084.414706,0,1,10.253960,1.178156,0.046469,1.000000,0.039179
1779541084.424245,0,1,10.263936,1.178842,0.047816,1.000000,0.038742
1779541084.434375,0,1,10.273911,1.179556,0.049352,1.000000,0.038742
1779541084.444235,0,1,10.283885,1.180270,0.050699,1.000000,0.038742
1779541084.454309,0,1,10.293858,1.181012,0.052235,1.000000,0.038742
1779541084.464702,0,1,10.303830,1.181755,0.053582,1.000000,0.038742
1779541084.474542,0,1,10.313800,1.182526,0.055118,1.000000,0.038742
1779541084.484746,0,1,10.323770,1.183298,0.056465,1.000000,0.038742
1779541084.494260,0,1,10.333738,1.184098,0.058001,1.000000,0.038742
1779541084.504189,0,1,10.343706,1.184898,0.059348,1.000000,0.038742
1779541084.514644,0,1,10.353672,1.185727,0.060884,1.000000,0.038742
1779541084.524677,0,1,10.363638,1.186556,0.062231,1.000000,0.038742
1779541084.534288,0,1,10.373601,1.187413,0.063767,1.000000,0.038742
1779541084.544251,0,1,10.383564,1.188271,0.065114,1.000000,0.038742
1779541084.554495,0,1,10.393524,1.189157,0.066650,1.000000,0.038742
1779541084.564360,0,1,10.403485,1.190044,0.067997,1.000000,0.038742
1779541084.574279,0,1,10.413443,1.190959,0.069533,1.000000,0.038742
1779541084.584804,0,1,10.423401,1.191874,0.070880,1.000000,0.038742
1779541084.594276,0,1,10.433357,1.192817,0.072416,1.000000,0.037379
1779541084.604512,0,1,10.443312,1.193762,0.073763,1.000000,0.037379
1779541084.614367,0,1,10.453265,1.194734,0.075299,1.000000,0.037379
1779541084.624716,0,1,10.463217,1.195706,0.076646,1.000000,0.035728
1779541084.634181,0,1,10.473167,1.196707,0.078182,1.000000,0.035728
1779541084.644506,0,1,10.483117,1.197709,0.079529,1.000000,0.035728
1779541084.654824,0,1,10.493063,1.198738,0.081065,1.000000,0.035299
1779541084.664394,0,1,10.503010,1.199768,0.082412,1.000000,0.035299
1779541084.675208,0,1,10.512954,1.200826,0.083948,1.000000,0.034952
1779541084.684170,0,1,10.522898,1.201885,0.085295,1.000000,0.034952
1779541084.694716,0,1,10.532839,1.202972,0.086831,1.000000,0.034495
1779541084.704488,0,1,10.542779,1.204060,0.088178,1.000000,0.034495
1779541084.714612,0,1,10.552717,1.205175,0.089714,1.000000,0.034131
1779541084.724235,0,1,10.562654,1.206291,0.091061,1.000000,0.034131
1779541084.734749,0,1,10.572589,1.207435,0.092597,1.000000,0.033766
1779541084.744516,0,1,10.582523,1.208580,0.093944,1.000000,0.033468
1779541084.754434,0,1,10.592454,1.209753,0.095480,1.000000,0.033468
1779541084.764393,0,1,10.602385,1.210926,0.096827,1.000000,0.033084
1779541084.774550,0,1,10.612312,1.212128,0.098363,1.000000,0.033084
1779541084.784534,0,1,10.622240,1.213330,0.099710,1.000000,0.033084
1779541084.794731,0,1,10.632164,1.214560,0.101246,1.000000,0.032692
1779541084.804634,0,1,10.642088,1.215790,0.102593,1.000000,0.032304
1779541084.814558,0,1,10.652008,1.217049,0.104129,1.000000,0.032304
1779541084.824580,0,1,10.661929,1.218308,0.105476,1.000000,0.031848
1779541084.834585,0,1,10.671846,1.219595,0.107012,1.000000,0.031848
1779541084.844471,0,1,10.681765,1.220860,0.108113,1.000000,0.031408
1779541084.854446,0,1,10.691692,1.222073,0.108697,1.000000,0.031408
1779541084.864508,0,1,10.701619,1.223279,0.109352,1.000000,0.030999
1779541084.874401,0,1,10.711548,1.224461,0.109773,1.000000,0.030999
1779541084.884598,0,1,10.721477,1.225653,0.110365,1.000000,0.030580
1779541084.894559,0,1,10.731407,1.226831,0.110758,1.000000,0.030540
1779541084.904427,0,1,10.741336,1.228024,0.111338,1.000000,0.030540
1779541084.914541,0,1,10.751266,1.229206,0.111726,1.000000,0.031286
1779541084.924551,0,1,10.761194,1.230406,0.112303,1.000000,0.031286
1779541084.934756,0,1,10.771123,1.231596,0.112689,1.000000,0.032151
1779541084.944843,0,1,10.781049,1.232804,0.113265,1.000000,0.032151
1779541084.954503,0,1,10.790977,1.234003,0.113651,1.000000,0.032151
1779541084.965332,0,1,10.800900,1.235244,0.114473,1.000000,0.032151
1779541084.974608,0,1,10.810814,1.236555,0.115811,1.000000,0.032151
1779541084.985003,0,1,10.820724,1.237892,0.117077,1.000000,0.032151
1779541084.994612,0,1,10.830628,1.239271,0.118579,1.000000,0.032151
1779541085.004566,0,1,10.840531,1.240661,0.119909,1.000000,0.032151
1779541085.014850,0,1,10.850430,1.242083,0.121437,1.000000,0.032151
1779541085.024487,0,1,10.860327,1.243509,0.122779,1.000000,0.032151
1779541085.034905,0,1,10.870221,1.244965,0.124314,1.000000,0.032151
1779541085.044171,0,1,10.880114,1.246423,0.125659,1.000000,0.032151
1779541085.054485,0,1,10.890003,1.247909,0.127194,1.000000,0.032151
1779541085.064567,0,1,10.899892,1.249396,0.128540,1.000000,0.036367
1779541085.074879,0,1,10.909776,1.250911,0.130077,1.000000,0.036367
1779541085.084307,0,1,10.919661,1.252427,0.131423,1.000000,0.035014
1779541085.094805,0,1,10.929541,1.253971,0.132959,1.000000,0.035014
1779541085.104496,0,1,10.939421,1.255516,0.134306,1.000000,0.034518
1779541085.114898,0,1,10.949296,1.257088,0.135842,1.000000,0.034518
1779541085.124585,0,1,10.959172,1.258661,0.137189,1.000000,0.034106
1779541085.134688,0,1,10.969043,1.260262,0.138725,1.000000,0.034106
1779541085.144367,0,1,10.978914,1.261864,0.140072,1.000000,0.033648
1779541085.154656,0,1,10.988780,1.263493,0.141608,1.000000,0.033648
1779541085.164600,0,1,10.998646,1.265123,0.142955,1.000000,0.033164
1779541085.174309,0,1,11.008508,1.266781,0.144491,1.000000,0.032921
1779541085.184575,0,1,11.018369,1.268440,0.145838,1.000000,0.032921
1779541085.194606,0,1,11.028226,1.270126,0.147374,1.000000,0.032532
1779541085.204496,0,1,11.038083,1.271813,0.148721,1.000000,0.032532
1779541085.214329,0,1,11.047935,1.273528,0.150257,1.000000,0.032075
1779541085.224622,0,1,11.057786,1.275243,0.151604,1.000000,0.032075
1779541085.234703,0,1,11.067633,1.276986,0.153140,1.000000,0.031582
1779541085.244435,0,1,11.077482,1.278718,0.154364,1.000000,0.031582
1779541085.254640,0,1,11.087335,1.280427,0.155301,1.000000,0.031057
1779541085.264683,0,1,11.097195,1.282094,0.155826,1.000000,0.031057
1779541085.274743,0,1,11.107056,1.283758,0.156459,1.000000,0.030543
1779541085.284250,0,1,11.116920,1.285402,0.156870,1.000000,0.030543
1779541085.294680,0,1,11.126782,1.287058,0.157458,1.000000,0.030166
1779541085.304490,0,1,11.136646,1.288700,0.157849,1.000000,0.030166
1779541085.314677,0,1,11.146508,1.290358,0.158428,1.000000,0.030217
1779541085.324488,0,1,11.156371,1.292006,0.158816,1.000000,0.030941
1779541085.334525,0,1,11.166231,1.293671,0.159393,1.000000,0.030941
1779541085.344594,0,1,11.176093,1.295327,0.159779,1.000000,0.031718
1779541085.354470,0,1,11.185952,1.297001,0.160355,1.000000,0.031718
1779541085.364562,0,1,11.195812,1.298666,0.160740,1.000000,0.032689
1779541085.374807,0,1,11.205670,1.300349,0.161316,1.000000,0.032689
1779541085.384470,0,1,11.215529,1.302023,0.161701,1.000000,0.033597
1779541085.394500,0,1,11.225380,1.303739,0.162523,1.000000,0.034070
1779541085.404580,0,1,11.235220,1.305525,0.163861,1.000000,0.034070
1779541085.414461,0,1,11.245054,1.307336,0.165127,1.000000,0.035009
1779541085.424629,0,1,11.254881,1.309190,0.166629,1.000000,0.035009
1779541085.434597,0,1,11.264706,1.311053,0.167959,1.000000,0.035933
1779541085.444441,0,1,11.274524,1.312949,0.169487,1.000000,0.035933
1779541085.454755,0,1,11.284342,1.314849,0.170829,1.000000,0.035933
1779541085.464495,0,1,11.294154,1.316778,0.172364,1.000000,0.035933
1779541085.474885,0,1,11.303966,1.318709,0.173709,1.000000,0.035933
1779541085.484838,0,1,11.313772,1.320669,0.175244,1.000000,0.035933
1779541085.494692,0,1,11.323578,1.322629,0.176590,1.000000,0.035933
1779541085.504455,0,1,11.333378,1.324617,0.178127,1.000000,0.035933
1779541085.514271,0,1,11.343179,1.326607,0.179473,1.000000,0.035933
1779541085.524616,0,1,11.352973,1.328623,0.181009,1.000000,0.035933
1779541085.534524,0,1,11.362768,1.330641,0.182356,1.000000,0.035933
1779541085.544407,0,1,11.372556,1.332686,0.183892,1.000000,0.035933
1779541085.554151,0,1,11.382345,1.334731,0.185239,1.000000,0.034618
1779541085.564913,0,1,11.392127,1.336805,0.186775,1.000000,0.034618
1779541085.574155,0,1,11.401910,1.338879,0.188122,1.000000,0.033313
1779541085.584567,0,1,11.411687,1.340980,0.189658,1.000000,0.033313
1779541085.594221,0,1,11.421463,1.343082,0.191005,1.000000,0.032771
1779541085.604230,0,1,11.431234,1.345212,0.192541,1.000000,0.032771
1779541085.614469,0,1,11.441004,1.347342,0.193888,1.000000,0.032286
1779541085.624437,0,1,11.450769,1.349500,0.195424,1.000000,0.032286
1779541085.634586,0,1,11.460533,1.351658,0.196771,1.000000,0.031735
1779541085.644258,0,1,11.470291,1.353844,0.198307,1.000000,0.031735
1779541085.654408,0,1,11.480054,1.356007,0.199407,1.000000,0.031150
1779541085.664167,0,1,11.489829,1.358121,0.199992,1.000000,0.030893
1779541085.674547,0,1,11.499604,1.360227,0.200647,1.000000,0.030893
1779541085.684274,0,1,11.509385,1.362310,0.201068,1.000000,0.030343
1779541085.694517,0,1,11.519164,1.364402,0.201659,1.000000,0.030343
1779541085.704394,0,1,11.528945,1.366480,0.202053,1.000000,0.029964
1779541085.714490,0,1,11.538724,1.368573,0.202633,1.000000,0.029964
1779541085.724213,0,1,11.548504,1.370656,0.203021,1.000000,0.030493
1779541085.734809,0,1,11.558282,1.372755,0.203598,1.000000,0.030493
1779541085.744775,0,1,11.568061,1.374846,0.203984,1.000000,0.031250
1779541085.754437,0,1,11.577836,1.376953,0.204560,1.000000,0.031687
1779541085.764236,0,1,11.587613,1.379053,0.204946,1.000000,0.031687
1779541085.774408,0,1,11.597386,1.381170,0.205522,1.000000,0.032563
1779541085.784302,0,1,11.607162,1.383278,0.205907,1.000000,0.032563
1779541085.794615,0,1,11.616928,1.385428,0.206729,1.000000,0.033390
1779541085.804295,0,1,11.626679,1.387646,0.208067,1.000000,0.033390
1779541085.814465,0,1,11.636424,1.389890,0.209333,1.000000,0.034208
1779541085.824771,0,1,11.646159,1.392176,0.210835,1.000000,0.034208
1779541085.834532,0,1,11.655892,1.394472,0.212165,1.000000,0.035036
1779541085.844807,0,1,11.665617,1.396800,0.213693,1.000000,0.035036
1779541085.854646,0,1,11.675341,1.399132,0.215035,1.000000,0.035243
1779541085.864158,0,1,11.685058,1.401493,0.216569,1.000000,0.034980
1779541085.874943,0,1,11.694775,1.403856,0.217914,1.000000,0.034980
1779541085.884615,0,1,11.704485,1.406247,0.219450,1.000000,0.034980
1779541085.894767,0,1,11.714195,1.408639,0.220796,1.000000,0.034156
1779541085.904546,0,1,11.723898,1.411058,0.222332,1.000000,0.034156
1779541085.914517,0,1,11.733601,1.413478,0.223679,1.000000,0.033601
1779541085.924512,0,1,11.743296,1.415926,0.225215,1.000000,0.033601
1779541085.934714,0,1,11.752992,1.418374,0.226562,1.000000,0.033012
1779541085.944971,0,1,11.762681,1.420850,0.228098,1.000000,0.033012
1779541085.954586,0,1,11.772369,1.423326,0.229445,1.000000,0.033012
1779541085.964792,0,1,11.782051,1.425830,0.230981,1.000000,0.033012
1779541085.974563,0,1,11.791732,1.428334,0.232328,1.000000,0.033012
1779541085.984585,0,1,11.801407,1.430865,0.233864,1.000000,0.033012
1779541085.994631,0,1,11.811081,1.433397,0.235211,1.000000,0.033012
1779541086.004168,0,1,11.820748,1.435957,0.236747,1.000000,0.033012
1779541086.014222,0,1,11.830414,1.438517,0.238094,1.000000,0.033012
1779541086.024581,0,1,11.840074,1.441104,0.239630,1.000000,0.033012
1779541086.034840,0,1,11.849733,1.443692,0.240976,1.000000,0.033012
1779541086.044771,0,1,11.859385,1.446307,0.242513,1.000000,0.033012
1779541086.054802,0,1,11.869037,1.448922,0.243859,1.000000,0.033012
1779541086.064488,0,1,11.878682,1.451565,0.245396,1.000000,0.029698
1779541086.074176,0,1,11.888326,1.454209,0.246742,1.000000,0.028527
1779541086.084308,0,1,11.897963,1.456879,0.248279,1.000000,0.028527
1779541086.094378,0,1,11.907605,1.459528,0.249379,1.000000,0.027898
1779541086.104262,0,1,11.917262,1.462126,0.249964,1.000000,0.027898
1779541086.114881,0,1,11.926920,1.464718,0.250619,1.000000,0.027199
1779541086.124276,0,1,11.936585,1.467287,0.251039,1.000000,0.027199
1779541086.134719,0,1,11.946247,1.469865,0.251631,1.000000,0.026467
1779541086.144969,0,1,11.955912,1.472429,0.252025,1.000000,0.026467
1779541086.154717,0,1,11.965574,1.475008,0.252605,1.000000,0.026571
1779541086.164571,0,1,11.975238,1.477577,0.252993,1.000000,0.026571
1779541086.174748,0,1,11.984898,1.480162,0.253570,1.000000,0.027122
1779541086.184592,0,1,11.994561,1.482738,0.253956,1.000000,0.027122
1779541086.194826,0,1,12.004219,1.485332,0.254532,1.000000,0.027807
1779541086.204648,0,1,12.013879,1.487917,0.254918,1.000000,0.027807
1779541086.214649,0,1,12.023534,1.490519,0.255494,1.000000,0.028043
1779541086.225551,0,1,12.033192,1.493113,0.255879,1.000000,0.028732
1779541086.234634,0,1,12.042845,1.495725,0.256455,1.000000,0.028732
1779541086.244543,0,1,12.052500,1.498328,0.256840,1.000000,0.029453
1779541086.254624,0,1,12.062150,1.500949,0.257416,1.000000,0.029453
1779541086.264719,0,1,12.071803,1.503562,0.257801,1.000000,0.030169
1779541086.274636,0,1,12.081451,1.506192,0.258377,1.000000,0.030169
1779541086.284241,0,1,12.091101,1.508814,0.258762,1.000000,0.030848
1779541086.294622,0,1,12.100747,1.511453,0.259338,1.000000,0.030848
1779541086.304474,0,1,12.110394,1.514084,0.259723,1.000000,0.031553
1779541086.314589,0,1,12.120037,1.516733,0.260299,1.000000,0.031553
1779541086.324914,0,1,12.129682,1.519373,0.260684,1.000000,0.032323
1779541086.334687,0,1,12.139323,1.522031,0.261260,1.000000,0.032323
1779541086.344593,0,1,12.148965,1.524681,0.261645,1.000000,0.033072
1779541086.354332,0,1,12.158597,1.527371,0.262467,1.000000,0.033072
1779541086.364339,0,1,12.168209,1.530129,0.263805,1.000000,0.033810
1779541086.374681,0,1,12.177813,1.532913,0.265071,1.000000,0.033810
1779541086.384926,0,1,12.187406,1.535738,0.266573,1.000000,0.034214
1779541086.394632,0,1,12.196996,1.538572,0.267903,1.000000,0.034214
1779541086.404487,0,1,12.206576,1.541438,0.269431,1.000000,0.035167
1779541086.414669,0,1,12.216156,1.544308,0.270773,1.000000,0.034760
1779541086.424651,0,1,12.225726,1.547207,0.272307,1.000000,0.034760
1779541086.434697,0,1,12.235296,1.550108,0.273652,1.000000,0.034760
1779541086.444600,0,1,12.244858,1.553036,0.275188,1.000000,0.034760
1779541086.454460,0,1,12.254419,1.555965,0.276534,1.000000,0.034760
1779541086.464817,0,1,12.263973,1.558921,0.278070,1.000000,0.034760
1779541086.475182,0,1,12.273525,1.561878,0.279417,1.000000,0.034760
1779541086.484564,0,1,12.283070,1.564862,0.280953,1.000000,0.034760
1779541086.494847,0,1,12.292614,1.567846,0.282300,1.000000,0.034760
1779541086.504509,0,1,12.302150,1.570858,0.283836,1.000000,0.034760
1779541086.514336,0,1,12.311685,1.573870,0.285182,1.000000,0.034760
1779541086.524331,0,1,12.321212,1.576909,0.286719,1.000000,0.034760
1779541086.534523,0,1,12.330739,1.579949,0.288065,1.000000,0.034760
1779541086.544798,0,1,12.340257,1.583015,0.289602,1.000000,0.031247
1779541086.554513,0,1,12.349775,1.586082,0.290948,1.000000,0.031247
1779541086.564450,0,1,12.359285,1.589176,0.292485,1.000000,0.029963
1779541086.574682,0,1,12.368801,1.592248,0.293585,1.000000,0.029963
1779541086.584491,0,1,12.378333,1.595271,0.294170,1.000000,0.029227
1779541086.594484,0,1,12.387868,1.598287,0.294825,1.000000,0.028748
1779541086.605176,0,1,12.397409,1.601280,0.295245,1.000000,0.028748
1779541086.614929,0,1,12.406948,1.604283,0.295837,1.000000,0.027991
1779541086.624970,0,1,12.416491,1.607271,0.296231,1.000000,0.027991
1779541086.634575,0,1,12.426029,1.610275,0.296811,1.000000,0.027991
1779541086.644257,0,1,12.435571,1.613268,0.297199,1.000000,0.028229
1779541086.654555,0,1,12.445107,1.616278,0.297776,1.000000,0.028229
1779541086.664958,0,1,12.454646,1.619278,0.298162,1.000000,0.028768
1779541086.674576,0,1,12.464180,1.622296,0.298738,1.000000,0.029093
1779541086.684428,0,1,12.473716,1.625306,0.299124,1.000000,0.029093
1779541086.694335,0,1,12.483247,1.628332,0.299700,1.000000,0.029700
1779541086.704603,0,1,12.492781,1.631351,0.300085,1.000000,0.029700
1779541086.714758,0,1,12.502309,1.634386,0.300661,1.000000,0.030327
1779541086.724585,0,1,12.511840,1.637414,0.301046,1.000000,0.030327
1779541086.734600,0,1,12.521365,1.640459,0.301622,1.000000,0.030980
1779541086.744308,0,1,12.530893,1.643495,0.302007,1.000000,0.030980
1779541086.754723,0,1,12.540415,1.646549,0.302583,1.000000,0.031622
1779541086.764247,0,1,12.549940,1.649595,0.302968,1.000000,0.031622
1779541086.774601,0,1,12.559459,1.652658,0.303544,1.000000,0.032254
1779541086.784397,0,1,12.568981,1.655713,0.303929,1.000000,0.032254
1779541086.794743,0,1,12.578490,1.658808,0.304751,1.000000,0.032481
1779541086.804492,0,1,12.587977,1.661970,0.306089,1.000000,0.032481
1779541086.814604,0,1,12.597455,1.665157,0.307355,1.000000,0.033157
1779541086.824579,0,1,12.606920,1.668385,0.308857,1.000000,0.033157
1779541086.835011,0,1,12.616382,1.671622,0.310187,1.000000,0.033832
1779541086.844625,0,1,12.625832,1.674890,0.311715,1.000000,0.033832
1779541086.854351,0,1,12.635282,1.678163,0.313057,1.000000,0.034323
1779541086.864571,0,1,12.644721,1.681464,0.314591,1.000000,0.034323
1779541086.874732,0,1,12.654160,1.684766,0.315936,1.000000,0.033808
1779541086.884783,0,1,12.663590,1.688096,0.317472,1.000000,0.033808
1779541086.894764,0,1,12.673019,1.691426,0.318818,1.000000,0.033116
1779541086.904757,0,1,12.682438,1.694784,0.320354,1.000000,0.033116
1779541086.914680,0,1,12.691858,1.698142,0.321701,1.000000,0.031955
1779541086.924639,0,1,12.701267,1.701526,0.323237,1.000000,0.031955
1779541086.934656,0,1,12.710681,1.704901,0.324460,1.000000,0.031162
1779541086.944795,0,1,12.720098,1.708264,0.325521,1.000000,0.031162
1779541086.954698,0,1,12.729521,1.711613,0.326399,1.000000,0.031162
1779541086.965038,0,1,12.738956,1.714926,0.326901,1.000000,0.031162
1779541086.974855,0,1,12.748391,1.718241,0.327525,1.000000,0.031162
1779541086.984558,0,1,12.757832,1.721538,0.327932,1.000000,0.031162
1779541086.994349,0,1,12.767268,1.724846,0.328518,1.000000,0.031162
1779541087.004671,0,1,12.776709,1.728143,0.328908,1.000000,0.031162
1779541087.014702,0,1,12.786145,1.731455,0.329487,1.000000,0.031162
1779541087.024591,0,1,12.795584,1.734757,0.329874,1.000000,0.031162
1779541087.034436,0,1,12.805017,1.738076,0.330451,1.000000,0.031162
1779541087.044688,0,1,12.814453,1.741387,0.330836,1.000000,0.031162
1779541087.054707,0,1,12.823883,1.744714,0.331412,1.000000,0.031162
1779541087.064860,0,1,12.833316,1.748033,0.331798,1.000000,0.030986
1779541087.074724,0,1,12.842743,1.751370,0.332374,1.000000,0.030986
1779541087.084649,0,1,12.852173,1.754698,0.332759,1.000000,0.030986
1779541087.094368,0,1,12.861597,1.758043,0.333335,1.000000,0.031123
1779541087.105226,0,1,12.871024,1.761380,0.333720,1.000000,0.031677
1779541087.114603,0,1,12.880445,1.764735,0.334296,1.000000,0.031677
1779541087.124652,0,1,12.889868,1.768081,0.334681,1.000000,0.032250
1779541087.134781,0,1,12.899286,1.771444,0.335257,1.000000,0.032250
1779541087.144537,0,1,12.908706,1.774799,0.335642,1.000000,0.032833
1779541087.154382,0,1,12.918112,1.778194,0.336464,1.000000,0.032833
1779541087.164798,0,1,12.927494,1.781656,0.337802,1.000000,0.033434
1779541087.174613,0,1,12.936866,1.785142,0.339068,1.000000,0.033434
1779541087.184605,0,1,12.946224,1.788668,0.340570,1.000000,0.034003
1779541087.194808,0,1,12.955578,1.792204,0.341900,1.000000,0.034003
1779541087.204748,0,1,12.964920,1.795770,0.343428,1.000000,0.034429
1779541087.214561,0,1,12.974261,1.799341,0.344770,1.000000,0.033883
1779541087.224143,0,1,12.983592,1.802939,0.346304,1.000000,0.033883
1779541087.234730,0,1,12.992921,1.806539,0.347649,1.000000,0.033434
1779541087.244728,0,1,13.002240,1.810166,0.349185,1.000000,0.033434
1779541087.254545,0,1,13.011559,1.813794,0.350531,1.000000,0.032646
1779541087.264474,0,1,13.020867,1.817448,0.352067,1.000000,0.032646
1779541087.274656,0,1,13.030175,1.821103,0.353414,1.000000,0.031777
1779541087.284399,0,1,13.039473,1.824785,0.354950,1.000000,0.031777
1779541087.294572,0,1,13.048779,1.828445,0.356050,1.000000,0.031431
1779541087.304170,0,1,13.058104,1.832057,0.356634,1.000000,0.031431
1779541087.314714,0,1,13.067431,1.835662,0.357290,1.000000,0.030153
1779541087.324543,0,1,13.076767,1.839245,0.357710,1.000000,0.030153
1779541087.334587,0,1,13.086100,1.842837,0.358302,1.000000,0.029274
1779541087.344556,0,1,13.095438,1.846416,0.358696,1.000000,0.029274
1779541087.354521,0,1,13.104770,1.850009,0.359276,1.000000,0.029208
1779541087.364591,0,1,13.114106,1.853592,0.359664,1.000000,0.029208
1779541087.374298,0,1,13.123436,1.857191,0.360241,1.000000,0.029334
1779541087.384787,0,1,13.132769,1.860781,0.360627,1.000000,0.029888
1779541087.394594,0,1,13.142096,1.864388,0.361203,1.000000,0.029888
1779541087.404592,0,1,13.151426,1.867987,0.361589,1.000000,0.030443
1779541087.414588,0,1,13.160749,1.871603,0.362165,1.000000,0.030443
1779541087.424745,0,1,13.170076,1.875210,0.362550,1.000000,0.031020
1779541087.434715,0,1,13.179396,1.878835,0.363126,1.000000,0.031020
1779541087.444470,0,1,13.188719,1.882451,0.363511,1.000000,0.031020
1779541087.454848,0,1,13.198036,1.886085,0.364087,1.000000,0.031020
1779541087.464502,0,1,13.207355,1.889710,0.364472,1.000000,0.031020
1779541087.474503,0,1,13.216668,1.893353,0.365048,1.000000,0.031020
1779541087.484397,0,1,13.225985,1.896987,0.365433,1.000000,0.031020
1779541087.494756,0,1,13.235294,1.900638,0.366009,1.000000,0.031020
1779541087.504665,0,1,13.244607,1.904282,0.366394,1.000000,0.031020
1779541087.514790,0,1,13.253913,1.907942,0.366970,1.000000,0.031020
1779541087.524694,0,1,13.263222,1.911594,0.367355,1.000000,0.031020
1779541087.534172,0,1,13.272525,1.915263,0.367931,1.000000,0.031020
1779541087.544738,0,1,13.281830,1.918924,0.368316,1.000000,0.033903
1779541087.554696,0,1,13.291129,1.922603,0.368892,1.000000,0.033903
1779541087.564560,0,1,13.300431,1.926273,0.369277,1.000000,0.034304
1779541087.574613,0,1,13.309718,1.929982,0.370099,1.000000,0.034304
1779541087.584657,0,1,13.318978,1.933757,0.371437,1.000000,0.034820
1779541087.594497,0,1,13.328228,1.937556,0.372703,1.000000,0.034820
1779541087.604478,0,1,13.337462,1.941395,0.374205,1.000000,0.035331
1779541087.614221,0,1,13.346692,1.945243,0.375535,1.000000,0.035331
1779541087.624649,0,1,13.355909,1.949122,0.377063,1.000000,0.035716
1779541087.634881,0,1,13.365124,1.953005,0.378405,1.000000,0.035716
1779541087.644459,0,1,13.374328,1.956915,0.379939,1.000000,0.035095
1779541087.654643,0,1,13.383531,1.960827,0.381284,1.000000,0.035095
1779541087.664379,0,1,13.392723,1.964765,0.382820,1.000000,0.034256
1779541087.674596,0,1,13.401915,1.968704,0.384166,1.000000,0.034256
1779541087.684663,0,1,13.411095,1.972669,0.385702,1.000000,0.033355
1779541087.694632,0,1,13.420275,1.976635,0.387049,1.000000,0.033355
1779541087.704272,0,1,13.429444,1.980627,0.388585,1.000000,0.032461
1779541087.714347,0,1,13.438612,1.984620,0.389931,1.000000,0.032461
1779541087.724557,0,1,13.447769,1.988638,0.391468,1.000000,0.031532
1779541087.734350,0,1,13.456926,1.992657,0.392814,1.000000,0.030568
1779541087.744602,0,1,13.466071,1.996702,0.394351,1.000000,0.030568
1779541087.754521,0,1,13.475226,2.000726,0.395451,1.000000,0.030004
1779541087.764775,0,1,13.484401,2.004702,0.396035,1.000000,0.030004
1779541087.774508,0,1,13.493580,2.008672,0.396691,1.000000,0.029029
1779541087.784636,0,1,13.502767,2.012621,0.397111,1.000000,0.029029
1779541087.794903,0,1,13.511951,2.016577,0.397703,1.000000,0.028035
1779541087.804540,0,1,13.521141,2.020521,0.398097,1.000000,0.028035
1779541087.814648,0,1,13.530324,2.024479,0.398677,1.000000,0.027852
1779541087.824546,0,1,13.539512,2.028427,0.399065,1.000000,0.027852
1779541087.834892,0,1,13.548693,2.032391,0.399642,1.000000,0.028102
1779541087.844495,0,1,13.557877,2.036346,0.400028,1.000000,0.028102
1779541087.854627,0,1,13.567055,2.040318,0.400604,1.000000,0.028192
1779541087.864615,0,1,13.576236,2.044281,0.400990,1.000000,0.028578
1779541087.874469,0,1,13.585409,2.048261,0.401566,1.000000,0.028578
1779541087.884491,0,1,13.594587,2.052233,0.401951,1.000000,0.028956
1779541087.895210,0,1,13.603757,2.056222,0.402527,1.000000,0.028956
1779541087.904549,0,1,13.612930,2.060203,0.402912,1.000000,0.029330
1779541087.914993,0,1,13.622096,2.064201,0.403488,1.000000,0.029330
1779541087.924590,0,1,13.631266,2.068190,0.403873,1.000000,0.029698
1779541087.934808,0,1,13.640428,2.072197,0.404449,1.000000,0.029698
1779541087.944825,0,1,13.649594,2.076195,0.404834,1.000000,0.029698
1779541087.955138,0,1,13.658752,2.080211,0.405410,1.000000,0.029698
1779541087.964514,0,1,13.667914,2.084218,0.405795,1.000000,0.029698
1779541087.974721,0,1,13.677069,2.088242,0.406371,1.000000,0.029698
1779541087.984340,0,1,13.686227,2.092258,0.406756,1.000000,0.029698
1779541087.994565,0,1,13.695378,2.096291,0.407332,1.000000,0.029698
1779541088.004735,0,1,13.704532,2.100316,0.407717,1.000000,0.029698
1779541088.014561,0,1,13.713679,2.104357,0.408293,1.000000,0.029698
1779541088.024874,0,1,13.722829,2.108391,0.408678,1.000000,0.029698
1779541088.034334,0,1,13.731972,2.112441,0.409254,1.000000,0.029698
1779541088.044463,0,1,13.741119,2.116484,0.409639,1.000000,0.029698
1779541088.054734,0,1,13.750258,2.120543,0.410215,1.000000,0.029698
1779541088.064397,0,1,13.759401,2.124594,0.410600,1.000000,0.029698
1779541088.074212,0,1,13.768536,2.128662,0.411176,1.000000,0.032393
1779541088.084328,0,1,13.777674,2.132722,0.411561,1.000000,0.032876
1779541088.094604,0,1,13.786796,2.136821,0.412383,1.000000,0.032876
1779541088.104428,0,1,13.795888,2.140984,0.413721,1.000000,0.033301
1779541088.114327,0,1,13.804970,2.145171,0.414987,1.000000,0.033301
1779541088.124665,0,1,13.814033,2.149396,0.416489,1.000000,0.033724
1779541088.134617,0,1,13.823092,2.153631,0.417819,1.000000,0.033724
1779541088.144719,0,1,13.832137,2.157896,0.419347,1.000000,0.033954
1779541088.154171,0,1,13.841180,2.162165,0.420689,1.000000,0.033954
1779541088.164332,0,1,13.850210,2.166461,0.422223,1.000000,0.033190
1779541088.174623,0,1,13.859240,2.170758,0.423568,1.000000,0.033190
1779541088.184150,0,1,13.868257,2.175081,0.425104,1.000000,0.032251
1779541088.194333,0,1,13.877274,2.179405,0.426450,1.000000,0.032251
1779541088.204590,0,1,13.886278,2.183755,0.427986,1.000000,0.031256
1779541088.214885,0,1,13.895282,2.188106,0.429332,1.000000,0.031256
1779541088.224468,0,1,13.904274,2.192482,0.430869,1.000000,0.030210
1779541088.234445,0,1,13.913275,2.196837,0.431969,1.000000,0.030210
1779541088.244463,0,1,13.922300,2.201146,0.432553,1.000000,0.029128
1779541088.254663,0,1,13.931327,2.205448,0.433209,1.000000,0.029128
1779541088.264436,0,1,13.940364,2.209729,0.433629,1.000000,0.028056
1779541088.274604,0,1,13.949397,2.214018,0.434221,1.000000,0.027452
1779541088.284460,0,1,13.958437,2.218295,0.434615,1.000000,0.027452
1779541088.294182,0,1,13.967470,2.222586,0.435195,1.000000,0.027172
1779541088.304225,0,1,13.976507,2.226866,0.435583,1.000000,0.027172
1779541088.314414,0,1,13.985537,2.231163,0.436160,1.000000,0.027333
1779541088.324161,0,1,13.994571,2.235451,0.436546,1.000000,0.027333
1779541088.334782,0,1,14.003597,2.239755,0.437122,1.000000,0.027578
1779541088.344504,0,1,14.012627,2.244051,0.437508,1.000000,0.027578
1779541088.354424,0,1,14.021650,2.248363,0.438083,1.000000,0.027864
1779541088.364424,0,1,14.030676,2.252668,0.438469,1.000000,0.027946
1779541088.374469,0,1,14.039694,2.256989,0.439045,1.000000,0.027946
1779541088.384336,0,1,14.048716,2.261302,0.439430,1.000000,0.028225
1779541088.394334,0,1,14.057730,2.265632,0.440006,1.000000,0.028225
1779541088.404319,0,1,14.066748,2.269953,0.440391,1.000000,0.028491
1779541088.414667,0,1,14.075758,2.274292,0.440967,1.000000,0.028491
1779541088.424346,0,1,14.084772,2.278622,0.441352,1.000000,0.028789
1779541088.434586,0,1,14.093778,2.282969,0.441928,1.000000,0.028789
1779541088.444199,0,1,14.102787,2.287308,0.442313,1.000000,0.028789
1779541088.454601,0,1,14.111789,2.291664,0.442889,1.000000,0.028789
1779541088.464641,0,1,14.120794,2.296011,0.443274,1.000000,0.028789
1779541088.474829,0,1,14.129792,2.300376,0.443850,1.000000,0.028789
1779541088.484776,0,1,14.138793,2.304732,0.444235,1.000000,0.028789
1779541088.494536,0,1,14.147786,2.309105,0.444811,1.000000,0.028789
1779541088.504466,0,1,14.156783,2.313470,0.445196,1.000000,0.028789
1779541088.514505,0,1,14.165772,2.317851,0.445772,1.000000,0.028789
1779541088.524543,0,1,14.174765,2.322225,0.446157,1.000000,0.028789
1779541088.534703,0,1,14.183750,2.326615,0.446733,1.000000,0.028789
1779541088.544458,0,1,14.192738,2.330998,0.447118,1.000000,0.030344
1779541088.554436,0,1,14.201719,2.335396,0.447694,1.000000,0.030344
1779541088.564340,0,1,14.210703,2.339787,0.448079,1.000000,0.030833
1779541088.574675,0,1,14.219680,2.344195,0.448655,1.000000,0.030833
1779541088.584425,0,1,14.228660,2.348594,0.449040,1.000000,0.031136
1779541088.594598,0,1,14.237632,2.353010,0.449616,1.000000,0.031136
1779541088.604491,0,1,14.246608,2.357419,0.450001,1.000000,0.031449
1779541088.614604,0,1,14.255576,2.361843,0.450577,1.000000,0.031449
1779541088.624950,0,1,14.264547,2.366260,0.450962,1.000000,0.031747
1779541088.634578,0,1,14.273511,2.370693,0.451538,1.000000,0.031747
1779541088.644265,0,1,14.282478,2.375119,0.451923,1.000000,0.032037
1779541088.654588,0,1,14.291438,2.379561,0.452499,1.000000,0.032037
1779541088.664558,0,1,14.300401,2.383995,0.452884,1.000000,0.032343
1779541088.674576,0,1,14.309351,2.388456,0.453583,1.000000,0.032659
1779541088.684629,0,1,14.318281,2.392956,0.454567,1.000000,0.032659
1779541088.694625,0,1,14.327183,2.397511,0.455965,1.000000,0.032893
1779541088.704525,0,1,14.336076,2.402084,0.457253,1.000000,0.032893
1779541088.714533,0,1,14.344951,2.406694,0.458764,1.000000,0.033177
1779541088.724712,0,1,14.353821,2.411310,0.460099,1.000000,0.033177
1779541088.734674,0,1,14.362677,2.415955,0.461629,1.000000,0.032978
1779541088.744641,0,1,14.371531,2.420603,0.462972,1.000000,0.032978
1779541088.754983,0,1,14.380372,2.425277,0.464506,1.000000,0.032055
1779541088.764105,0,1,14.389211,2.429952,0.465852,1.000000,0.032055
1779541088.774393,0,1,14.398038,2.434653,0.467388,1.000000,0.030982
1779541088.784259,0,1,14.406869,2.439344,0.468611,1.000000,0.030982
1779541088.794300,0,1,14.415711,2.444014,0.469548,1.000000,0.030369
1779541088.804719,0,1,14.424574,2.448647,0.470073,1.000000,0.029200
1779541088.814329,0,1,14.433437,2.453278,0.470705,1.000000,0.029200
1779541088.824670,0,1,14.442309,2.457890,0.471116,1.000000,0.028030
1779541088.834555,0,1,14.451177,2.462513,0.471704,1.000000,0.028030
1779541088.844500,0,1,14.460050,2.467124,0.472096,1.000000,0.027362
1779541088.854637,0,1,14.468917,2.471749,0.472675,1.000000,0.027362
1779541088.864706,0,1,14.477787,2.476365,0.473062,1.000000,0.027373
1779541088.874703,0,1,14.486650,2.480996,0.473639,1.000000,0.027373
1779541088.884205,0,1,14.495517,2.485619,0.474025,1.000000,0.027514
1779541088.894802,0,1,14.504376,2.490259,0.474601,1.000000,0.027514
1779541088.904598,0,1,14.513239,2.494890,0.474987,1.000000,0.027693
1779541088.914723,0,1,14.522093,2.499538,0.475562,1.000000,0.027693
1779541088.924587,0,1,14.530952,2.504177,0.475948,1.000000,0.027894
1779541088.934772,0,1,14.539802,2.508833,0.476524,1.000000,0.027894
1779541088.944491,0,1,14.548656,2.513481,0.476909,1.000000,0.027894
1779541088.954770,0,1,14.557502,2.518146,0.477485,1.000000,0.027894
1779541088.964662,0,1,14.566351,2.522802,0.477870,1.000000,0.027894
1779541088.974574,0,1,14.575192,2.527475,0.478446,1.000000,0.027894
1779541088.984748,0,1,14.584037,2.532140,0.478831,1.000000,0.027894
1779541088.994633,0,1,14.592874,2.536822,0.479407,1.000000,0.027894
1779541089.004518,0,1,14.601715,2.541495,0.479792,1.000000,0.027894
1779541089.014374,0,1,14.610547,2.546185,0.480368,1.000000,0.027894
1779541089.024214,0,1,14.619383,2.550867,0.480753,1.000000,0.027894
1779541089.034212,0,1,14.628210,2.555565,0.481329,1.000000,0.027894
1779541089.044417,0,1,14.637042,2.560256,0.481714,1.000000,0.027894
1779541089.054735,0,1,14.645865,2.564963,0.482290,1.000000,0.027894
1779541089.064710,0,1,14.654692,2.569662,0.482675,1.000000,0.028812
1779541089.074553,0,1,14.663511,2.574377,0.483251,1.000000,0.028812
1779541089.084181,0,1,14.672333,2.579085,0.483636,1.000000,0.029464
1779541089.094417,0,1,14.681147,2.583808,0.484212,1.000000,0.029464
1779541089.104505,0,1,14.689965,2.588525,0.484597,1.000000,0.029669
1779541089.114283,0,1,14.698775,2.593257,0.485173,1.000000,0.029669
1779541089.124666,0,1,14.707588,2.597981,0.485558,1.000000,0.029868
1779541089.134930,0,1,14.716393,2.602722,0.486134,1.000000,0.029868
1779541089.144766,0,1,14.725202,2.607455,0.486519,1.000000,0.030086
1779541089.154770,0,1,14.734003,2.612204,0.487095,1.000000,0.030086
1779541089.164530,0,1,14.742807,2.616945,0.487480,1.000000,0.030403
1779541089.174836,0,1,14.751603,2.621703,0.488056,1.000000,0.030403
1779541089.184229,0,1,14.760403,2.626453,0.488441,1.000000,0.030403
1779541089.194701,0,1,14.769194,2.631219,0.489017,1.000000,0.030730
1779541089.204791,0,1,14.777989,2.635977,0.489402,1.000000,0.030730
1779541089.214250,0,1,14.786776,2.640752,0.489978,1.000000,0.031030
1779541089.224192,0,1,14.795567,2.645519,0.490363,1.000000,0.031030
1779541089.234284,0,1,14.804349,2.650302,0.490939,1.000000,0.032044
1779541089.244178,0,1,14.813135,2.655077,0.491324,1.000000,0.032044
1779541089.254302,0,1,14.821906,2.659879,0.492023,1.000000,0.032504
1779541089.264859,0,1,14.830663,2.664708,0.492884,1.000000,0.033452
1779541089.274678,0,1,14.839403,2.669567,0.493928,1.000000,0.033452
1779541089.284247,0,1,14.848116,2.674475,0.495348,1.000000,0.034427
1779541089.294779,0,1,14.856819,2.679400,0.496646,1.000000,0.034427
1779541089.304482,0,1,14.865504,2.684357,0.498161,1.000000,0.035206
1779541089.314670,0,1,14.874185,2.689321,0.499497,1.000000,0.035206
1779541089.324555,0,1,14.882850,2.694312,0.501029,1.000000,0.035205
1779541089.334578,0,1,14.891514,2.699305,0.502372,1.000000,0.035205
1779541089.344298,0,1,14.900164,2.704324,0.503907,1.000000,0.034632
1779541089.354250,0,1,14.908812,2.709344,0.505252,1.000000,0.034632
1779541089.364320,0,1,14.917446,2.714389,0.506788,1.000000,0.033897
1779541089.374444,0,1,14.926080,2.719435,0.508135,1.000000,0.033897
1779541089.384184,0,1,14.934700,2.724505,0.509671,1.000000,0.033173
1779541089.394299,0,1,14.943318,2.729576,0.511017,1.000000,0.033173
1779541089.404340,0,1,14.951923,2.734671,0.512554,1.000000,0.032604
1779541089.414400,0,1,14.960527,2.739767,0.513900,1.000000,0.032604
1779541089.424190,0,1,14.969117,2.744886,0.515437,1.000000,0.032018
1779541089.434661,0,1,14.977707,2.750007,0.516783,1.000000,0.032018
1779541089.444336,0,1,14.986282,2.755152,0.518320,1.000000,0.032018
1779541089.454545,0,1,14.994863,2.760287,0.519543,1.000000,0.032018
1779541089.464870,0,1,15.003450,2.765412,0.520603,1.000000,0.032018
1779541089.474693,0,1,15.012038,2.770534,0.521605,1.000000,0.032018
1779541089.484640,0,1,15.020626,2.775658,0.522583,1.000000,0.032018
1779541089.495075,0,1,15.029210,2.780787,0.523552,1.000000,0.032018
1779541089.504546,0,1,15.037792,2.785921,0.524517,1.000000,0.032018
1779541089.514745,0,1,15.046369,2.791062,0.525480,1.000000,0.032018
1779541089.524348,0,1,15.054941,2.796211,0.526443,1.000000,0.032018
1779541089.534425,0,1,15.063509,2.801368,0.527404,1.000000,0.032018
1779541089.544414,0,1,15.072073,2.806532,0.528366,1.000000,0.032018
1779541089.554333,0,1,15.080631,2.811705,0.529327,1.000000,0.029664
1779541089.564419,0,1,15.089184,2.816885,0.530288,1.000000,0.030311
1779541089.574317,0,1,15.097739,2.822064,0.531126,1.000000,0.030311
1779541089.584165,0,1,15.106309,2.827217,0.531611,1.000000,0.030582
1779541089.594624,0,1,15.114877,2.832374,0.532227,1.000000,0.030582
1779541089.604781,0,1,15.123452,2.837518,0.532630,1.000000,0.030582
1779541089.614645,0,1,15.132021,2.842673,0.533213,1.000000,0.030831
1779541089.624882,0,1,15.140595,2.847819,0.533603,1.000000,0.030831
1779541089.634769,0,1,15.149161,2.852979,0.534181,1.000000,0.031152
1779541089.644419,0,1,15.157732,2.858131,0.534567,1.000000,0.031152
1779541089.654910,0,1,15.166294,2.863298,0.535144,1.000000,0.032139
1779541089.664483,0,1,15.174860,2.868457,0.535529,1.000000,0.033206
1779541089.674575,0,1,15.183404,2.873653,0.536351,1.000000,0.033206
1779541089.684709,0,1,15.191912,2.878908,0.537689,1.000000,0.034281
1779541089.694718,0,1,15.200406,2.884186,0.538956,1.000000,0.034281
1779541089.704714,0,1,15.208877,2.889500,0.540457,1.000000,0.035360
1779541089.714508,0,1,15.217343,2.894822,0.541788,1.000000,0.035360
1779541089.724599,0,1,15.225791,2.900173,0.543316,1.000000,0.036448
1779541089.734285,0,1,15.234237,2.905527,0.544658,1.000000,0.036448
1779541089.744513,0,1,15.242667,2.910906,0.546192,1.000000,0.036551
1779541089.754575,0,1,15.251096,2.916287,0.547537,1.000000,0.036551
1779541089.765996,0,1,15.259509,2.921692,0.549073,1.000000,0.036423
1779541089.774882,0,1,15.267922,2.927098,0.550419,1.000000,0.036423
1779541089.784220,0,1,15.276319,2.932528,0.551955,1.000000,0.036232
1779541089.794685,0,1,15.284716,2.937959,0.553301,1.000000,0.036210
1779541089.804562,0,1,15.293098,2.943413,0.554838,1.000000,0.036210
1779541089.814492,0,1,15.301479,2.948868,0.556184,1.000000,0.036210
1779541089.824709,0,1,15.309845,2.954346,0.557721,1.000000,0.036167
1779541089.834584,0,1,15.318210,2.959825,0.559067,1.000000,0.036082
1779541089.844397,0,1,15.326560,2.965328,0.560604,1.000000,0.036082
1779541089.854493,0,1,15.334910,2.970831,0.561950,1.000000,0.035974
1779541089.864363,0,1,15.343244,2.976357,0.563487,1.000000,0.035974
1779541089.874245,0,1,15.351578,2.981885,0.564833,1.000000,0.035952
1779541089.884606,0,1,15.359896,2.987435,0.566370,1.000000,0.035952
1779541089.894596,0,1,15.368213,2.992986,0.567716,1.000000,0.036027
1779541089.904610,0,1,15.376516,2.998561,0.569253,1.000000,0.036027
1779541089.914487,0,1,15.384817,3.004136,0.570599,1.000000,0.036078
1779541089.924600,0,1,15.393103,3.009734,0.572136,1.000000,0.036078
1779541089.934466,0,1,15.401389,3.015334,0.573482,1.000000,0.036078
1779541089.944569,0,1,15.409659,3.020956,0.575019,1.000000,0.036078
1779541089.954878,0,1,15.417928,3.026579,0.576365,1.000000,0.036078
1779541089.964515,0,1,15.426181,3.032225,0.577902,1.000000,0.036078
1779541089.974503,0,1,15.434435,3.037872,0.579248,1.000000,0.036078
1779541089.984464,0,1,15.442672,3.043542,0.580785,1.000000,0.036078
1779541089.994694,0,1,15.450909,3.049212,0.582131,1.000000,0.036078
1779541090.004403,0,1,15.459130,3.054906,0.583668,1.000000,0.036078
1779541090.014683,0,1,15.467350,3.060600,0.585014,1.000000,0.036078
1779541090.024255,0,1,15.475554,3.066317,0.586551,1.000000,0.036078
1779541090.034882,0,1,15.483758,3.072035,0.587897,1.000000,0.036078
1779541090.044522,0,1,15.491946,3.077776,0.589434,1.000000,0.036078
1779541090.054336,0,1,15.500134,3.083518,0.590780,1.000000,0.037271
1779541090.064731,0,1,15.508305,3.089282,0.592317,1.000000,0.037271
1779541090.074451,0,1,15.516476,3.095047,0.593663,1.000000,0.037604
1779541090.084204,0,1,15.524631,3.100835,0.595200,1.000000,0.037604
1779541090.094663,0,1,15.532785,3.106624,0.596546,1.000000,0.037819
1779541090.104496,0,1,15.540923,3.112435,0.598083,1.000000,0.038099
1779541090.114591,0,1,15.549060,3.118248,0.599429,1.000000,0.038099
1779541090.124451,0,1,15.557181,3.124082,0.600966,1.000000,0.038582
1779541090.134942,0,1,15.565302,3.129918,0.602312,1.000000,0.038582
1779541090.144323,0,1,15.573406,3.135776,0.603849,1.000000,0.039097
1779541090.154662,0,1,15.581510,3.141635,0.605195,1.000000,0.039097
1779541090.164443,0,1,15.589598,3.147517,0.606732,1.000000,0.039574
1779541090.175253,0,1,15.597685,3.153399,0.608078,1.000000,0.039574
1779541090.184496,0,1,15.605755,3.159304,0.609615,1.000000,0.040025
1779541090.194319,0,1,15.613825,3.165210,0.610961,1.000000,0.040025
1779541090.204611,0,1,15.621878,3.171138,0.612498,1.000000,0.040688
1779541090.214779,0,1,15.629931,3.177067,0.613844,1.000000,0.041398
1779541090.224491,0,1,15.637967,3.183018,0.615381,1.000000,0.041398
1779541090.234928,0,1,15.646003,3.188970,0.616727,1.000000,0.041662
1779541090.244480,0,1,15.654022,3.194945,0.618264,1.000000,0.041662
1779541090.254944,0,1,15.662041,3.200920,0.619610,1.000000,0.042323
1779541090.264604,0,1,15.670042,3.206918,0.621147,1.000000,0.042323
1779541090.274585,0,1,15.678044,3.212916,0.622493,1.000000,0.043034
1779541090.284824,0,1,15.686028,3.218937,0.624030,1.000000,0.043034
1779541090.294526,0,1,15.694012,3.224958,0.625376,1.000000,0.043564
1779541090.304330,0,1,15.701979,3.231002,0.626913,1.000000,0.044500
1779541090.314358,0,1,15.709946,3.237046,0.628259,1.000000,0.044500
1779541090.325139,0,1,15.717895,3.243113,0.629796,1.000000,0.045392
1779541090.334550,0,1,15.725844,3.249180,0.631142,1.000000,0.045392
1779541090.344642,0,1,15.733776,3.255269,0.632679,1.000000,0.046251
1779541090.354775,0,1,15.741708,3.261360,0.634025,1.000000,0.046251
1779541090.364668,0,1,15.749623,3.267472,0.635562,1.000000,0.047337
1779541090.374351,0,1,15.757536,3.273585,0.636908,1.000000,0.047337
1779541090.384553,0,1,15.765433,3.279720,0.638445,1.000000,0.048494
1779541090.394819,0,1,15.773330,3.285856,0.639791,1.000000,0.048494
1779541090.404646,0,1,15.781209,3.292014,0.641328,1.000000,0.049635
1779541090.414650,0,1,15.789087,3.298172,0.642674,1.000000,0.049635
1779541090.424613,0,1,15.796949,3.304353,0.644211,1.000000,0.050745
1779541090.434574,0,1,15.804810,3.310534,0.645557,1.000000,0.050745
1779541090.444525,0,1,15.812653,3.316737,0.647094,1.000000,0.052087
1779541090.454486,0,1,15.820496,3.322941,0.648440,1.000000,0.052087
1779541090.464345,0,1,15.828322,3.329167,0.649977,1.000000,0.052087
1779541090.474510,0,1,15.836147,3.335393,0.651323,1.000000,0.052087
1779541090.484803,0,1,15.843954,3.341642,0.652860,1.000000,0.052087
1779541090.494452,0,1,15.851761,3.347891,0.654206,1.000000,0.052087
1779541090.504537,0,1,15.859551,3.354161,0.655743,1.000000,0.052087
1779541090.514882,0,1,15.867340,3.360433,0.657089,1.000000,0.052087
1779541090.524654,0,1,15.875111,3.366726,0.658626,1.000000,0.052087
1779541090.534636,0,1,15.882882,3.373020,0.659972,1.000000,0.052087
1779541090.544678,0,1,15.890635,3.379336,0.661509,1.000000,0.052087
1779541090.554735,0,1,15.898388,3.385652,0.662855,1.000000,0.052087
1779541090.564595,0,1,15.906123,3.391990,0.664392,1.000000,0.061767
1779541090.574595,0,1,15.913858,3.398328,0.665738,1.000000,0.061767
1779541090.584940,0,1,15.921574,3.404689,0.667275,1.000000,0.063055
1779541090.594664,0,1,15.929290,3.411049,0.668621,1.000000,0.063055
1779541090.604506,0,1,15.936989,3.417432,0.670158,1.000000,0.064997
1779541090.614633,0,1,15.944687,3.423815,0.671504,1.000000,0.067076
1779541090.625123,0,1,15.952351,3.430238,0.673287,1.000000,0.067076
1779541090.634600,0,1,15.959964,3.436722,0.675585,1.000000,0.067076
1779541090.644937,0,1,15.967553,3.443234,0.677813,1.000000,0.069125
1779541090.654660,0,1,15.975108,3.449785,0.680275,1.000000,0.069125
1779541090.664923,0,1,15.982651,3.456351,0.682567,1.000000,0.071138
1779541090.674381,0,1,15.990165,3.462950,0.685056,1.000000,0.072575
1779541090.684526,0,1,15.997670,3.469558,0.687359,1.000000,0.072575
1779541090.694403,0,1,16.005148,3.476197,0.689854,1.000000,0.073216
1779541090.704521,0,1,16.012620,3.482844,0.692160,1.000000,0.073216
1779541090.714827,0,1,16.020065,3.489519,0.694657,1.000000,0.074302
1779541090.724559,0,1,16.027504,3.496202,0.696964,1.000000,0.074302
1779541090.734539,0,1,16.034917,3.502914,0.699461,1.000000,0.075271
1779541090.744230,0,1,16.042323,3.509633,0.701768,1.000000,0.075271
1779541090.754577,0,1,16.049704,3.516381,0.704266,1.000000,0.076158
1779541090.764729,0,1,16.057077,3.523136,0.706573,1.000000,0.076158
1779541090.774552,0,1,16.064425,3.529918,0.709071,1.000000,0.076824
1779541090.784841,0,1,16.071766,3.536709,0.711378,1.000000,0.078199
1779541090.794699,0,1,16.079082,3.543527,0.713876,1.000000,0.078199
1779541090.804961,0,1,16.086390,3.550352,0.716183,1.000000,0.079481
1779541090.814451,0,1,16.093673,3.557205,0.718681,1.000000,0.079481
1779541090.824712,0,1,16.100948,3.564066,0.720988,1.000000,0.080746
1779541090.834607,0,1,16.108198,3.570954,0.723486,1.000000,0.080746
1779541090.844813,0,1,16.115440,3.577850,0.725793,1.000000,0.082246
1779541090.854522,0,1,16.122656,3.584772,0.728291,1.000000,0.082246
1779541090.864448,0,1,16.129865,3.591702,0.730598,1.000000,0.083958
1779541090.874804,0,1,16.137048,3.598660,0.733096,1.000000,0.083958
1779541090.884210,0,1,16.144224,3.605625,0.735403,1.000000,0.085614
1779541090.895161,0,1,16.151374,3.612616,0.737901,1.000000,0.085614
1779541090.904549,0,1,16.158516,3.619616,0.740208,1.000000,0.087215
1779541090.914988,0,1,16.165632,3.626642,0.742706,1.000000,0.087215
1779541090.924540,0,1,16.172740,3.633675,0.745013,1.000000,0.089103
1779541090.934617,0,1,16.179822,3.640735,0.747511,1.000000,0.089103
1779541090.944972,0,1,16.186897,3.647803,0.749818,1.000000,0.089103
1779541090.954656,0,1,16.193945,3.654897,0.752316,1.000000,0.089103
1779541090.964580,0,1,16.200985,3.661998,0.754623,1.000000,0.089103
1779541090.974829,0,1,16.207999,3.669126,0.757121,1.000000,0.089103
1779541090.984686,0,1,16.215006,3.676261,0.759428,1.000000,0.089103
1779541090.994602,0,1,16.221985,3.683423,0.761925,1.000000,0.089103
1779541091.004262,0,1,16.228957,3.690591,0.764233,1.000000,0.089103
1779541091.014733,0,1,16.235902,3.697786,0.766730,1.000000,0.089103
1779541091.024691,0,1,16.242839,3.704988,0.769038,1.000000,0.089103
1779541091.034476,0,1,16.249750,3.712217,0.771535,1.000000,0.089103
1779541091.044161,0,1,16.256653,3.719452,0.773843,1.000000,0.089103
1779541091.054735,0,1,16.263528,3.726713,0.776340,1.000000,0.104266
1779541091.064879,0,1,16.270396,3.733982,0.778648,1.000000,0.104944
1779541091.074564,0,1,16.277219,3.741293,0.781392,1.000000,0.104944
1779541091.084562,0,1,16.283976,3.748664,0.784651,1.000000,0.107677
1779541091.094232,0,1,16.290700,3.756067,0.787840,1.000000,0.107677
1779541091.105020,0,1,16.297377,3.763511,0.791263,1.000000,0.110672
1779541091.114549,0,1,16.304033,3.770974,0.794516,1.000000,0.110672
1779541091.124918,0,1,16.310649,3.778472,0.797966,1.000000,0.113467
1779541091.134545,0,1,16.317248,3.785986,0.801230,1.000000,0.113467
1779541091.144606,0,1,16.323810,3.793532,0.804686,1.000000,0.115215
1779541091.154939,0,1,16.330355,3.801092,0.807953,1.000000,0.117041
1779541091.164841,0,1,16.336865,3.808683,0.811411,1.000000,0.117041
1779541091.174707,0,1,16.343359,3.816287,0.814679,1.000000,0.118010
1779541091.184598,0,1,16.349817,3.823922,0.818137,1.000000,0.118010
1779541091.195087,0,1,16.356260,3.831570,0.821405,1.000000,0.120087
1779541091.204590,0,1,16.362666,3.839249,0.824864,1.000000,0.120087
1779541091.214482,0,1,16.369057,3.846940,0.828132,1.000000,0.122035
1779541091.224233,0,1,16.375411,3.854662,0.831591,1.000000,0.122035
1779541091.234885,0,1,16.381750,3.862396,0.834859,1.000000,0.123944
1779541091.244669,0,1,16.388053,3.870160,0.838318,1.000000,0.123944
1779541091.254640,0,1,16.394339,3.877937,0.841586,1.000000,0.126495
1779541091.264572,0,1,16.400589,3.885743,0.845045,1.000000,0.126495
1779541091.274565,0,1,16.406824,3.893562,0.848313,1.000000,0.128997
1779541091.284721,0,1,16.413021,3.901410,0.851771,1.000000,0.128997
1779541091.295182,0,1,16.419202,3.909270,0.855040,1.000000,0.130266
1779541091.304507,0,1,16.425328,3.917175,0.858745,1.000000,0.130266
1779541091.315052,0,1,16.431374,3.925139,0.862965,1.000000,0.132671
1779541091.324539,0,1,16.437377,3.933138,0.867115,1.000000,0.132671
1779541091.335006,0,1,16.443322,3.941179,0.871499,1.000000,0.136002
1779541091.344496,0,1,16.449235,3.949243,0.875713,1.000000,0.136002
1779541091.354486,0,1,16.455099,3.957343,0.880124,1.000000,0.141293
1779541091.364248,0,1,16.460936,3.965463,0.884349,1.000000,0.141293
1779541091.375067,0,1,16.466725,3.973617,0.888766,1.000000,0.147695
1779541091.384528,0,1,16.472489,3.981788,0.892994,1.000000,0.147695
1779541091.394804,0,1,16.478206,3.989993,0.897413,1.000000,0.151392
1779541091.404598,0,1,16.483898,3.998215,0.901642,1.000000,0.151392
1779541091.414830,0,1,16.489543,4.006469,0.906061,1.000000,0.153944
1779541091.424555,0,1,16.495164,4.014740,0.910290,1.000000,0.153944
1779541091.434846,0,1,16.500738,4.023043,0.914710,1.000000,0.155807
1779541091.444518,0,1,16.506286,4.031362,0.918939,1.000000,0.155807
1779541091.454698,0,1,16.511788,4.039713,0.923359,1.000000,0.155807
1779541091.464728,0,1,16.517264,4.048080,0.927588,1.000000,0.155807
1779541091.474650,0,1,16.522693,4.056478,0.932008,1.000000,0.155807
1779541091.485032,0,1,16.528097,4.064892,0.936237,1.000000,0.155807
1779541091.494467,0,1,16.533453,4.073336,0.940656,1.000000,0.155807
1779541091.504628,0,1,16.538784,4.081797,0.944886,1.000000,0.155807
1779541091.514828,0,1,16.544067,4.090288,0.949305,1.000000,0.155807
1779541091.524617,0,1,16.549325,4.098794,0.953535,1.000000,0.155807
1779541091.534612,0,1,16.554534,4.107330,0.957954,1.000000,0.155807
1779541091.544512,0,1,16.559718,4.115881,0.962184,1.000000,0.155807
1779541091.554536,0,1,16.564853,4.124462,0.966603,1.000000,0.166895
1779541091.564259,0,1,16.569963,4.133058,0.970833,1.000000,0.166895
1779541091.574304,0,1,16.575003,4.141695,0.975499,1.000000,0.169506
1779541091.584342,0,1,16.579949,4.150386,0.980680,1.000000,0.169506
1779541091.594307,0,1,16.584838,4.159110,0.985791,1.000000,0.172653
1779541091.604294,0,1,16.589656,4.167872,0.991136,1.000000,0.172653
1779541091.614656,0,1,16.594431,4.176658,0.996310,1.000000,0.175680
1779541091.624583,0,1,16.599144,4.185478,1.001683,1.000000,0.175680
1779541091.634646,0,1,16.603819,4.194318,1.006869,1.000000,0.177830
1779541091.644625,0,1,16.608433,4.203190,1.012247,1.000000,0.177830
1779541091.654559,0,1,16.613012,4.212080,1.017436,1.000000,0.180181
1779541091.664395,0,1,16.617531,4.221001,1.022816,1.000000,0.180181
1779541091.674351,0,1,16.622014,4.229939,1.028006,1.000000,0.182393
1779541091.685082,0,1,16.626438,4.238908,1.033386,1.000000,0.182393
1779541091.694237,0,1,16.630827,4.247893,1.038576,1.000000,0.183482
1779541091.704570,0,1,16.635155,4.256908,1.043957,1.000000,0.185487
1779541091.714622,0,1,16.639448,4.265939,1.049147,1.000000,0.185487
1779541091.724398,0,1,16.643681,4.274999,1.054528,1.000000,0.187768
1779541091.734466,0,1,16.647878,4.284076,1.059718,1.000000,0.187768
1779541091.744320,0,1,16.652015,4.293180,1.065098,1.000000,0.190359
1779541091.754648,0,1,16.656116,4.302300,1.070289,1.000000,0.190359
1779541091.764928,0,1,16.660157,4.311448,1.075669,1.000000,0.192794
1779541091.774446,0,1,16.664161,4.320611,1.080860,1.000000,0.192794
1779541091.784736,0,1,16.668083,4.329810,1.086487,1.000000,0.195132
1779541091.794461,0,1,16.671895,4.339055,1.092629,1.000000,0.195132
1779541091.804865,0,1,16.675638,4.348328,1.098701,1.000000,0.198323
1779541091.814276,0,1,16.679297,4.357634,1.105007,1.000000,0.200997
1779541091.824667,0,1,16.682901,4.366962,1.111142,1.000000,0.200997
1779541091.834752,0,1,16.686430,4.376319,1.117476,1.000000,0.206269
1779541091.844683,0,1,16.689910,4.385694,1.123623,1.000000,0.206269
1779541091.854645,0,1,16.693316,4.395096,1.129962,1.000000,0.210427
1779541091.864726,0,1,16.696676,4.404514,1.136112,1.000000,0.212273
1779541091.874676,0,1,16.699963,4.413959,1.142453,1.000000,0.212273
1779541091.884487,0,1,16.703204,4.423419,1.148604,1.000000,0.216378
1779541091.895039,0,1,16.706373,4.432904,1.154945,1.000000,0.216378
1779541091.904713,0,1,16.709495,4.442404,1.161096,1.000000,0.219671
1779541091.915185,0,1,16.712544,4.451927,1.167438,1.000000,0.219671
1779541091.924777,0,1,16.715547,4.461466,1.173589,1.000000,0.222822
1779541091.935289,0,1,16.718477,4.471027,1.179930,1.000000,0.222822
1779541091.944408,0,1,16.721361,4.480602,1.186082,1.000000,0.222822
1779541091.954633,0,1,16.724171,4.490199,1.192423,1.000000,0.222822
1779541091.964484,0,1,16.726935,4.499809,1.198575,1.000000,0.222822
1779541091.974938,0,1,16.729626,4.509441,1.204916,1.000000,0.222822
1779541091.984325,0,1,16.732269,4.519085,1.211068,1.000000,0.222822
1779541091.994459,0,1,16.734839,4.528749,1.217409,1.000000,0.222822
1779541092.004275,0,1,16.737361,4.538426,1.223561,1.000000,0.222822
1779541092.014405,0,1,16.739810,4.548121,1.229902,1.000000,0.222822
1779541092.024429,0,1,16.742212,4.557828,1.236054,1.000000,0.222822
1779541092.034848,0,1,16.744540,4.567554,1.242395,1.000000,0.222822
1779541092.044319,0,1,16.746820,4.577290,1.248547,1.000000,0.222822
1779541092.054917,0,1,16.749026,4.587044,1.254888,1.000000,0.222822
1779541092.064799,0,1,16.751184,4.596808,1.261040,1.000000,0.222822
1779541092.074370,0,1,16.753268,4.606589,1.267381,1.000000,0.227286
1779541092.084315,0,1,16.755304,4.616379,1.273533,1.000000,0.227286
1779541092.094814,0,1,16.757242,4.626189,1.280120,1.000000,0.229422
1779541092.104642,0,1,16.759054,4.636024,1.287224,1.000000,0.229422
1779541092.114506,0,1,16.760784,4.645873,1.294256,1.000000,0.229422
1779541092.124400,0,1,16.762414,4.655739,1.301524,1.000000,0.231982
1779541092.134688,0,1,16.763978,4.665616,1.308620,1.000000,0.231982
1779541092.144572,0,1,16.765451,4.675507,1.315915,1.000000,0.231982
1779541092.154788,0,1,16.766864,4.685407,1.323023,1.000000,0.233707
1779541092.164245,0,1,16.768190,4.695318,1.330323,1.000000,0.233707
1779541092.174367,0,1,16.769457,4.705238,1.337434,1.000000,0.233707
1779541092.184375,0,1,16.770638,4.715168,1.344735,1.000000,0.233961
1779541092.194706,0,1,16.771761,4.725105,1.351847,1.000000,0.233961
1779541092.204391,0,1,16.772798,4.735051,1.359150,1.000000,0.234264
1779541092.214850,0,1,16.773777,4.745003,1.366262,1.000000,0.234264
1779541092.225163,0,1,16.774671,4.754962,1.373564,1.000000,0.234264
1779541092.234726,0,1,16.775506,4.764927,1.380677,1.000000,0.234232
1779541092.244518,0,1,16.776256,4.774899,1.387979,1.000000,0.234232
1779541092.254532,0,1,16.776947,4.784875,1.395092,1.000000,0.234232
1779541092.264992,0,1,16.777553,4.794857,1.402394,1.000000,0.233936
1779541092.274775,0,1,16.778101,4.804842,1.409507,1.000000,0.233936
1779541092.284732,0,1,16.778563,4.814831,1.416809,1.000000,0.234687
1779541092.294404,0,1,16.778967,4.824823,1.423922,1.000000,0.234687
1779541092.304287,0,1,16.779285,4.834818,1.431224,1.000000,0.234687
1779541092.314744,0,1,16.779544,4.844815,1.438337,1.000000,0.239279
1779541092.324673,0,1,16.779718,4.854813,1.445639,1.000000,0.239279
1779541092.334565,0,1,16.779834,4.864812,1.452752,1.000000,0.239279
1779541092.344452,0,1,16.779863,4.874812,1.460054,1.000000,0.243666
1779541092.354795,0,1,16.779835,4.884812,1.467167,1.000000,0.243666
1779541092.365260,0,1,16.779720,4.894811,1.474469,1.000000,0.243666
1779541092.374723,0,1,16.779548,4.904810,1.481582,1.000000,0.242281
1779541092.385807,0,1,16.779289,4.914807,1.488884,1.000000,0.242281
1779541092.394989,0,1,16.778972,4.924802,1.495997,1.000000,0.242281
1779541092.404346,0,1,16.778570,4.934793,1.503299,1.000000,0.236437
1779541092.414336,0,1,16.778109,4.944783,1.510412,1.000000,0.236437
1779541092.424857,0,1,16.777562,4.954768,1.517714,1.000000,0.236437
1779541092.434986,0,1,16.776957,4.964749,1.524827,1.000000,0.224384
1779541092.444762,0,1,16.776267,4.974726,1.532129,1.000000,0.224384
1779541092.454543,0,1,16.775518,4.984697,1.539241,1.000000,0.224384
1779541092.464274,0,1,16.774684,4.994663,1.546544,1.000000,0.224384
1779541092.475069,0,1,16.773791,5.004623,1.553656,1.000000,0.224384
1779541092.484622,0,1,16.772814,5.014575,1.560959,1.000000,0.224384
1779541092.495151,0,1,16.771778,5.024521,1.568071,1.000000,0.224384
1779541092.504740,0,1,16.770657,5.034458,1.575374,1.000000,0.224384
1779541092.514731,0,1,16.769478,5.044388,1.582486,1.000000,0.224384
1779541092.524782,0,1,16.768214,5.054308,1.589789,1.000000,0.224384
1779541092.534590,0,1,16.766891,5.064220,1.596901,1.000000,0.224384
1779541092.544415,0,1,16.765484,5.074120,1.604204,1.000000,0.224384
1779541092.554489,0,1,16.764019,5.084013,1.611316,1.000000,0.224384
1779541092.564241,0,1,16.762470,5.093892,1.618619,1.000000,0.224384
1779541092.574452,0,1,16.760863,5.103762,1.625731,1.000000,0.224384
1779541092.584370,0,1,16.759171,5.113618,1.633034,1.000000,0.224384
1779541092.594686,0,1,16.757421,5.123463,1.640146,1.000000,0.188830
1779541092.604773,0,1,16.755588,5.133294,1.647449,1.000000,0.188830
1779541092.614702,0,1,16.753720,5.143118,1.654315,1.000000,0.188830
1779541092.624771,0,1,16.751870,5.152945,1.660419,1.000000,0.181304
1779541092.634358,0,1,16.750048,5.162778,1.665889,1.000000,0.181304
1779541092.644823,0,1,16.748200,5.172605,1.671384,1.000000,0.176508
1779541092.654406,0,1,16.746338,5.182431,1.676626,1.000000,0.176508
1779541092.664961,0,1,16.744424,5.192246,1.682031,1.000000,0.171763
1779541092.674590,0,1,16.742481,5.202055,1.687234,1.000000,0.171763
1779541092.684390,0,1,16.740477,5.211852,1.692621,1.000000,0.168966
1779541092.694719,0,1,16.738437,5.221642,1.697816,1.000000,0.166624
1779541092.704447,0,1,16.736335,5.231418,1.703198,1.000000,0.166624
1779541092.714427,0,1,16.734195,5.241187,1.708390,1.000000,0.165332
1779541092.724552,0,1,16.731990,5.250941,1.713772,1.000000,0.165332
1779541092.734809,0,1,16.729748,5.260686,1.718962,1.000000,0.162992
1779541092.745021,0,1,16.727441,5.270416,1.724343,1.000000,0.162992
1779541092.754902,0,1,16.725096,5.280138,1.729534,1.000000,0.160438
1779541092.764653,0,1,16.722687,5.289843,1.734914,1.000000,0.160438
1779541092.774820,0,1,16.720240,5.299539,1.740105,1.000000,0.158262
1779541092.784949,0,1,16.717728,5.309218,1.745486,1.000000,0.157035
1779541092.794807,0,1,16.715201,5.318894,1.750430,1.000000,0.157035
1779541092.805028,0,1,16.712687,5.328573,1.754858,1.000000,0.154509
1779541092.814551,0,1,16.710143,5.338244,1.759358,1.000000,0.154509
1779541092.824709,0,1,16.707585,5.347911,1.763622,1.000000,0.151813
1779541092.834808,0,1,16.704980,5.357566,1.768058,1.000000,0.151813
1779541092.844731,0,1,16.702352,5.367214,1.772296,1.000000,0.149436
1779541092.854828,0,1,16.699672,5.376848,1.776720,1.000000,0.149436
1779541092.864514,0,1,16.696966,5.386475,1.780951,1.000000,0.147842
1779541092.874480,0,1,16.694206,5.396087,1.785372,1.000000,0.147842
1779541092.885091,0,1,16.691418,5.405690,1.789603,1.000000,0.146436
1779541092.894867,0,1,16.688575,5.415278,1.794023,1.000000,0.146436
1779541092.905287,0,1,16.685705,5.424857,1.798252,1.000000,0.144885
1779541092.914993,0,1,16.682780,5.434419,1.802672,1.000000,0.144885
1779541092.924908,0,1,16.679827,5.443974,1.806902,1.000000,0.143554
1779541092.934963,0,1,16.676820,5.453511,1.811321,1.000000,0.143554
1779541092.944581,0,1,16.673785,5.463039,1.815551,1.000000,0.143554
1779541092.955069,0,1,16.670695,5.472550,1.819970,1.000000,0.143554
1779541092.965133,0,1,16.667578,5.482051,1.824200,1.000000,0.143554
1779541092.974699,0,1,16.664406,5.491535,1.828619,1.000000,0.143554
1779541092.985089,0,1,16.661206,5.501009,1.832849,1.000000,0.143554
1779541092.994980,0,1,16.657953,5.510465,1.837268,1.000000,0.143554
1779541093.005138,0,1,16.654671,5.519911,1.841498,1.000000,0.143554
1779541093.014826,0,1,16.651336,5.529339,1.845917,1.000000,0.143554
1779541093.024522,0,1,16.647973,5.538756,1.850147,1.000000,0.143554
1779541093.034967,0,1,16.644557,5.548154,1.854566,1.000000,0.143554
1779541093.044328,0,1,16.641112,5.557543,1.858796,1.000000,0.135099
1779541093.054474,0,1,16.637614,5.566911,1.863215,1.000000,0.135099
1779541093.064258,0,1,16.634089,5.576269,1.867445,1.000000,0.132128
1779541093.074850,0,1,16.630510,5.585606,1.871864,1.000000,0.132128
1779541093.084328,0,1,16.626904,5.594934,1.876094,1.000000,0.130417
1779541093.094975,0,1,16.623245,5.604240,1.880513,1.000000,0.130417
1779541093.104373,0,1,16.619558,5.613536,1.884743,1.000000,0.128628
1779541093.114595,0,1,16.615818,5.622810,1.889162,1.000000,0.128628
1779541093.124936,0,1,16.612051,5.632073,1.893392,1.000000,0.126737
1779541093.134907,0,1,16.608231,5.641315,1.897811,1.000000,0.126737
1779541093.144317,0,1,16.604406,5.650555,1.901795,1.000000,0.124697
1779541093.154744,0,1,16.600602,5.659803,1.905262,1.000000,0.124697
1779541093.164936,0,1,16.596778,5.669043,1.908800,1.000000,0.122829
1779541093.174513,0,1,16.592949,5.678281,1.912104,1.000000,0.122829
1779541093.184479,0,1,16.589085,5.687504,1.915579,1.000000,0.120917
1779541093.194359,0,1,16.585208,5.696721,1.918855,1.000000,0.119692
1779541093.204429,0,1,16.581289,5.705922,1.922318,1.000000,0.119692
1779541093.214365,0,1,16.577355,5.715115,1.925589,1.000000,0.119130
1779541093.224361,0,1,16.573377,5.724290,1.929049,1.000000,0.119130
1779541093.234874,0,1,16.569382,5.733457,1.932318,1.000000,0.118371
1779541093.244945,0,1,16.565344,5.742606,1.935777,1.000000,0.118371
1779541093.254769,0,1,16.561288,5.751746,1.939046,1.000000,0.117811
1779541093.264816,0,1,16.557189,5.760868,1.942505,1.000000,0.117811
1779541093.274396,0,1,16.553072,5.769981,1.945773,1.000000,0.117109
1779541093.284760,0,1,16.548911,5.779074,1.949232,1.000000,0.117109
1779541093.294419,0,1,16.544733,5.788159,1.952500,1.000000,0.116335
1779541093.304697,0,1,16.540512,5.797225,1.955959,1.000000,0.116335
1779541093.314763,0,1,16.536272,5.806282,1.959227,1.000000,0.115485
1779541093.324332,0,1,16.531990,5.815318,1.962686,1.000000,0.115485
1779541093.334719,0,1,16.527690,5.824346,1.965954,1.000000,0.114803
1779541093.344775,0,1,16.523347,5.833354,1.969413,1.000000,0.114803
1779541093.354881,0,1,16.518986,5.842353,1.972681,1.000000,0.114079
1779541093.364594,0,1,16.514583,5.851332,1.976140,1.000000,0.114079
1779541093.375166,0,1,16.510162,5.860301,1.979408,1.000000,0.113233
1779541093.384931,0,1,16.505698,5.869250,1.982867,1.000000,0.113233
1779541093.395361,0,1,16.501216,5.878189,1.986135,1.000000,0.112801
1779541093.404625,0,1,16.496693,5.887107,1.989594,1.000000,0.112801
1779541093.414741,0,1,16.492151,5.896017,1.992862,1.000000,0.112047
1779541093.424811,0,1,16.487567,5.904904,1.996321,1.000000,0.112047
1779541093.435447,0,1,16.482966,5.913783,1.999589,1.000000,0.110790
1779541093.444824,0,1,16.478323,5.922639,2.003048,1.000000,0.110790
1779541093.455043,0,1,16.473662,5.931487,2.006316,1.000000,0.110790
1779541093.464666,0,1,16.468959,5.940312,2.009775,1.000000,0.110790
1779541093.474852,0,1,16.464238,5.949128,2.013043,1.000000,0.110790
1779541093.485100,0,1,16.459476,5.957921,2.016502,1.000000,0.110790
1779541093.495150,0,1,16.454697,5.966705,2.019770,1.000000,0.110790
1779541093.504841,0,1,16.449876,5.975466,2.023229,1.000000,0.110790
1779541093.514819,0,1,16.445037,5.984217,2.026497,1.000000,0.110790
1779541093.524416,0,1,16.440157,5.992946,2.029956,1.000000,0.110790
1779541093.534742,0,1,16.435260,6.001664,2.033224,1.000000,0.110790
1779541093.544653,0,1,16.430321,6.010360,2.036683,1.000000,0.110790
1779541093.555010,0,1,16.425365,6.019045,2.039951,1.000000,0.110790
1779541093.564484,0,1,16.420369,6.027707,2.043410,1.000000,0.110790
1779541093.575130,0,1,16.415354,6.036359,2.046678,1.000000,0.105237
1779541093.584763,0,1,16.410299,6.044988,2.050137,1.000000,0.105237
1779541093.594878,0,1,16.405227,6.053606,2.053405,1.000000,0.103113
1779541093.604815,0,1,16.400114,6.062200,2.056864,1.000000,0.103113
1779541093.615097,0,1,16.394984,6.070783,2.060132,1.000000,0.102087
1779541093.624640,0,1,16.389813,6.079343,2.063591,1.000000,0.102087
1779541093.634866,0,1,16.384625,6.087892,2.066859,1.000000,0.100943
1779541093.644716,0,1,16.379397,6.096416,2.070318,1.000000,0.100943
1779541093.654971,0,1,16.374152,6.104930,2.073586,1.000000,0.100009
1779541093.664682,0,1,16.368867,6.113420,2.077045,1.000000,0.100009
1779541093.674998,0,1,16.363564,6.121898,2.080313,1.000000,0.098907
1779541093.684801,0,1,16.358222,6.130351,2.083772,1.000000,0.098907
1779541093.695016,0,1,16.352863,6.138794,2.087040,1.000000,0.097766
1779541093.704776,0,1,16.347464,6.147211,2.090499,1.000000,0.097766
1779541093.714710,0,1,16.342048,6.155618,2.093767,1.000000,0.096551
1779541093.724849,0,1,16.336592,6.163998,2.097226,1.000000,0.096551
1779541093.734710,0,1,16.331120,6.172368,2.100494,1.000000,0.095498
1779541093.744374,0,1,16.325608,6.180712,2.103953,1.000000,0.095498
1779541093.754990,0,1,16.320099,6.189058,2.106975,1.000000,0.094366
1779541093.764639,0,1,16.314617,6.197421,2.109481,1.000000,0.094366
1779541093.775037,0,1,16.309126,6.205778,2.112059,1.000000,0.093114
1779541093.784796,0,1,16.303638,6.214138,2.114401,1.000000,0.093114
1779541093.795193,0,1,16.298126,6.222482,2.116915,1.000000,0.091871
1779541093.804713,0,1,16.292610,6.230823,2.119231,1.000000,0.091871
1779541093.815040,0,1,16.287065,6.239145,2.121733,1.000000,0.091577
1779541093.824753,0,1,16.281513,6.247462,2.124043,1.000000,0.091577
1779541093.834536,0,1,16.275931,6.255759,2.126542,1.000000,0.091680
1779541093.844889,0,1,16.270340,6.264050,2.128850,1.000000,0.091680
1779541093.854726,0,1,16.264719,6.272321,2.131348,1.000000,0.091810
1779541093.865005,0,1,16.259089,6.280586,2.133656,1.000000,0.091810
1779541093.874514,0,1,16.253429,6.288829,2.136153,1.000000,0.091759
1779541093.884711,0,1,16.247760,6.297067,2.138461,1.000000,0.091759
1779541093.894958,0,1,16.242060,6.305283,2.140959,1.000000,0.091973
1779541093.904827,0,1,16.236351,6.313494,2.143266,1.000000,0.091973
1779541093.915295,0,1,16.230611,6.321683,2.145764,1.000000,0.092445
1779541093.924762,0,1,16.224864,6.329866,2.148071,1.000000,0.092445
1779541093.934772,0,1,16.219085,6.338027,2.150569,1.000000,0.092589
1779541093.945370,0,1,16.213298,6.346182,2.152876,1.000000,0.092589
1779541093.954411,0,1,16.207480,6.354316,2.155374,1.000000,0.092589
1779541093.964926,0,1,16.201653,6.362443,2.157681,1.000000,0.092589
1779541093.974845,0,1,16.195797,6.370548,2.160179,1.000000,0.092589
1779541093.985027,0,1,16.189931,6.378648,2.162486,1.000000,0.092589
1779541093.994694,0,1,16.184036,6.386725,2.164984,1.000000,0.092589
1779541094.004380,0,1,16.178131,6.394796,2.167291,1.000000,0.092589
1779541094.016075,0,1,16.172197,6.402845,2.169789,1.000000,0.092589
1779541094.024715,0,1,16.166254,6.410887,2.172096,1.000000,0.092589
1779541094.034763,0,1,16.160281,6.418907,2.174594,1.000000,0.092589
1779541094.044917,0,1,16.154300,6.426921,2.176901,1.000000,0.092589
1779541094.054324,0,1,16.148288,6.434912,2.179399,1.000000,0.092589
1779541094.064332,0,1,16.142268,6.442897,2.181706,1.000000,0.094760
1779541094.074304,0,1,16.136218,6.450860,2.184204,1.000000,0.094184
1779541094.084538,0,1,16.130160,6.458816,2.186511,1.000000,0.094184
1779541094.094628,0,1,16.124072,6.466749,2.189009,1.000000,0.094478
1779541094.104910,0,1,16.117976,6.474676,2.191316,1.000000,0.094478
1779541094.114740,0,1,16.111850,6.482580,2.193814,1.000000,0.094667
1779541094.124677,0,1,16.105715,6.490477,2.196121,1.000000,0.094667
1779541094.134529,0,1,16.099551,6.498351,2.198619,1.000000,0.095118
1779541094.144735,0,1,16.093379,6.506219,2.200926,1.000000,0.095118
1779541094.154642,0,1,16.087177,6.514064,2.203424,1.000000,0.095625
1779541094.164871,0,1,16.080967,6.521902,2.205731,1.000000,0.095812
1779541094.174732,0,1,16.074728,6.529717,2.208229,1.000000,0.095812
1779541094.185544,0,1,16.068480,6.537525,2.210536,1.000000,0.096294
1779541094.194791,0,1,16.062204,6.545310,2.213034,1.000000,0.096294
1779541094.204566,0,1,16.055919,6.553088,2.215341,1.000000,0.096801
1779541094.215178,0,1,16.049586,6.560827,2.218085,1.000000,0.096801
1779541094.224598,0,1,16.043184,6.568509,2.221344,1.000000,0.098664
1779541094.234864,0,1,16.036747,6.576162,2.224533,1.000000,0.098664
1779541094.244426,0,1,16.030263,6.583774,2.227957,1.000000,0.100478
1779541094.254761,0,1,16.023756,6.591368,2.231209,1.000000,0.100478
1779541094.264766,0,1,16.017210,6.598928,2.234659,1.000000,0.100478
1779541094.274826,0,1,16.010646,6.606472,2.237923,1.000000,0.102359
1779541094.284349,0,1,16.004045,6.613984,2.241379,1.000000,0.102359
1779541094.294864,0,1,15.997428,6.621482,2.244646,1.000000,0.101468
1779541094.304737,0,1,15.990775,6.628948,2.248104,1.000000,0.101468
1779541094.314433,0,1,15.984108,6.636400,2.251372,1.000000,0.101468
1779541094.324443,0,1,15.977405,6.643821,2.254830,1.000000,0.098139
1779541094.334402,0,1,15.970686,6.651228,2.258098,1.000000,0.098139
1779541094.344752,0,1,15.963933,6.658604,2.261557,1.000000,0.095730
1779541094.354838,0,1,15.957166,6.665965,2.264825,1.000000,0.095730
1779541094.364683,0,1,15.950363,6.673295,2.268284,1.000000,0.093267
1779541094.374843,0,1,15.943563,6.680628,2.271306,1.000000,0.093267
1779541094.384290,0,1,15.936787,6.687982,2.273812,1.000000,0.092332
1779541094.394839,0,1,15.930002,6.695328,2.276390,1.000000,0.092332
1779541094.404353,0,1,15.923221,6.702677,2.278732,1.000000,0.091305
1779541094.415172,0,1,15.916418,6.710007,2.281246,1.000000,0.091305
1779541094.424869,0,1,15.909612,6.717333,2.283562,1.000000,0.090365
1779541094.434715,0,1,15.902780,6.724636,2.286064,1.000000,0.090365
1779541094.444939,0,1,15.895942,6.731933,2.288374,1.000000,0.090349
1779541094.454714,0,1,15.889078,6.739204,2.290873,1.000000,0.090349
1779541094.464476,0,1,15.882207,6.746470,2.293181,1.000000,0.090349
1779541094.474764,0,1,15.875308,6.753709,2.295679,1.000000,0.090349
1779541094.484311,0,1,15.868402,6.760942,2.297987,1.000000,0.090349
1779541094.494592,0,1,15.861469,6.768148,2.300484,1.000000,0.090349
1779541094.504844,0,1,15.854529,6.775347,2.302792,1.000000,0.090349
1779541094.514405,0,1,15.847562,6.782521,2.305289,1.000000,0.090349
1779541094.524306,0,1,15.840587,6.789687,2.307597,1.000000,0.090349
1779541094.534567,0,1,15.833585,6.796826,2.310094,1.000000,0.090349
1779541094.544497,0,1,15.826576,6.803959,2.312402,1.000000,0.090349
1779541094.554437,0,1,15.819540,6.811065,2.314899,1.000000,0.090349
1779541094.564468,0,1,15.812496,6.818163,2.317207,1.000000,0.093219
1779541094.574469,0,1,15.805426,6.825236,2.319704,1.000000,0.093219
1779541094.584404,0,1,15.798349,6.832300,2.322012,1.000000,0.093288
1779541094.594539,0,1,15.791245,6.839338,2.324509,1.000000,0.093288
1779541094.604565,0,1,15.784134,6.846369,2.326817,1.000000,0.093651
1779541094.614492,0,1,15.776996,6.853373,2.329314,1.000000,0.093651
1779541094.624649,0,1,15.769851,6.860369,2.331622,1.000000,0.094317
1779541094.634712,0,1,15.762680,6.867339,2.334119,1.000000,0.094317
1779541094.645095,0,1,15.755501,6.874301,2.336427,1.000000,0.094922
1779541094.654571,0,1,15.748297,6.881236,2.338924,1.000000,0.094922
1779541094.664294,0,1,15.741085,6.888163,2.341232,1.000000,0.095427
1779541094.674842,0,1,15.733847,6.895063,2.343729,1.000000,0.095427
1779541094.684261,0,1,15.726602,6.901956,2.346037,1.000000,0.095923
1779541094.694816,0,1,15.719331,6.908821,2.348534,1.000000,0.095923
1779541094.704591,0,1,15.712053,6.915679,2.350842,1.000000,0.096672
1779541094.714888,0,1,15.704741,6.922501,2.353462,1.000000,0.096672
1779541094.724675,0,1,15.697387,6.929277,2.356369,1.000000,0.097378
1779541094.734611,0,1,15.689978,6.935993,2.359688,1.000000,0.097378
1779541094.744738,0,1,15.682542,6.942679,2.362899,1.000000,0.098022
1779541094.754418,0,1,15.675066,6.949321,2.366332,1.000000,0.098022
1779541094.764300,0,1,15.667572,6.955942,2.369588,1.000000,0.098541
1779541094.774536,0,1,15.660045,6.962525,2.373041,1.000000,0.098541
1779541094.784326,0,1,15.652502,6.969091,2.376306,1.000000,0.098404
1779541094.794518,0,1,15.644928,6.975620,2.379762,1.000000,0.098404
1779541094.804308,0,1,15.637340,6.982134,2.383029,1.000000,0.097905
1779541094.814464,0,1,15.629721,6.988611,2.386487,1.000000,0.097653
1779541094.824543,0,1,15.622089,6.995072,2.389755,1.000000,0.097653
1779541094.834606,0,1,15.614426,7.001497,2.393214,1.000000,0.096984
1779541094.844727,0,1,15.606751,7.007907,2.396482,1.000000,0.096984
1779541094.854656,0,1,15.599045,7.014280,2.399941,1.000000,0.096360
1779541094.864858,0,1,15.591326,7.020638,2.403209,1.000000,0.096360
1779541094.874698,0,1,15.583578,7.026959,2.406667,1.000000,0.095873
1779541094.884663,0,1,15.575816,7.033265,2.409936,1.000000,0.095873
1779541094.894410,0,1,15.568025,7.039534,2.413394,1.000000,0.095331
1779541094.904294,0,1,15.560237,7.045806,2.416417,1.000000,0.095331
1779541094.914360,0,1,15.552468,7.052103,2.418923,1.000000,0.094950
1779541094.924879,0,1,15.544693,7.058391,2.421501,1.000000,0.094293
1779541094.934704,0,1,15.536920,7.064682,2.423843,1.000000,0.094293
1779541094.944672,0,1,15.529129,7.070951,2.426357,1.000000,0.094293
1779541094.954552,0,1,15.521334,7.077216,2.428673,1.000000,0.094293
1779541094.965009,0,1,15.513519,7.083454,2.431174,1.000000,0.094293
1779541094.974778,0,1,15.505698,7.089686,2.433484,1.000000,0.094293
1779541094.984311,0,1,15.497854,7.095889,2.435983,1.000000,0.094293
1779541094.994679,0,1,15.490004,7.102084,2.438292,1.000000,0.094293
1779541095.004512,0,1,15.482131,7.108250,2.440790,1.000000,0.094293
1779541095.014837,0,1,15.474252,7.114408,2.443097,1.000000,0.094293
1779541095.024915,0,1,15.466350,7.120536,2.445595,1.000000,0.094293
1779541095.034504,0,1,15.458441,7.126656,2.447903,1.000000,0.094293
1779541095.044809,0,1,15.450510,7.132746,2.450400,1.000000,0.094293
1779541095.054582,0,1,15.442572,7.138828,2.452708,1.000000,0.098890
1779541095.064909,0,1,15.434612,7.144881,2.455205,1.000000,0.098890
1779541095.074699,0,1,15.426645,7.150924,2.457513,1.000000,0.099739
1779541095.084613,0,1,15.418641,7.156919,2.460256,1.000000,0.099739
1779541095.094878,0,1,15.410583,7.162842,2.463516,1.000000,0.100868
1779541095.104242,0,1,15.402499,7.168728,2.466704,1.000000,0.100868
1779541095.114710,0,1,15.394378,7.174563,2.470128,1.000000,0.102279
1779541095.124586,0,1,15.386240,7.180375,2.473380,1.000000,0.103013
1779541095.134536,0,1,15.378072,7.186144,2.476831,1.000000,0.103013
1779541095.144810,0,1,15.369891,7.191894,2.480095,1.000000,0.103499
1779541095.154872,0,1,15.361681,7.197603,2.483551,1.000000,0.103499
1779541095.164928,0,1,15.353459,7.203296,2.486818,1.000000,0.103465
1779541095.174634,0,1,15.345210,7.208949,2.490276,1.000000,0.103465
1779541095.184686,0,1,15.336950,7.214585,2.493543,1.000000,0.103616
1779541095.194732,0,1,15.328663,7.220181,2.497002,1.000000,0.103616
1779541095.204778,0,1,15.320365,7.225761,2.500270,1.000000,0.103784
1779541095.214305,0,1,15.312040,7.231302,2.503728,1.000000,0.103784
1779541095.224631,0,1,15.303704,7.236826,2.506997,1.000000,0.103888
1779541095.234752,0,1,15.295342,7.242311,2.510455,1.000000,0.103888
1779541095.244560,0,1,15.286969,7.247779,2.513724,1.000000,0.103887
1779541095.254300,0,1,15.278571,7.253207,2.517182,1.000000,0.103887
1779541095.264618,0,1,15.270162,7.258618,2.520451,1.000000,0.104328
1779541095.274517,0,1,15.261727,7.263989,2.523909,1.000000,0.104328
1779541095.284665,0,1,15.253281,7.269344,2.527178,1.000000,0.104914
1779541095.295135,0,1,15.244810,7.274659,2.530636,1.000000,0.104914
1779541095.304630,0,1,15.236329,7.279956,2.533905,1.000000,0.105417
1779541095.314840,0,1,15.227823,7.285214,2.537363,1.000000,0.105417
1779541095.324646,0,1,15.219306,7.290454,2.540632,1.000000,0.105848
1779541095.335044,0,1,15.210764,7.295655,2.544090,1.000000,0.106731
1779541095.344388,0,1,15.202212,7.300838,2.547359,1.000000,0.106731
1779541095.354527,0,1,15.193636,7.305980,2.550817,1.000000,0.107317
1779541095.364954,0,1,15.185049,7.311106,2.554086,1.000000,0.107317
1779541095.374574,0,1,15.176439,7.316191,2.557544,1.000000,0.108369
1779541095.384833,0,1,15.167818,7.321258,2.560813,1.000000,0.108369
1779541095.394641,0,1,15.159173,7.326285,2.564271,1.000000,0.109323
1779541095.404902,0,1,15.150518,7.331294,2.567540,1.000000,0.109323
1779541095.414731,0,1,15.141840,7.336263,2.570998,1.000000,0.110208
1779541095.424703,0,1,15.133152,7.341214,2.574267,1.000000,0.110208
1779541095.434622,0,1,15.124440,7.346124,2.577725,1.000000,0.110385
1779541095.444631,0,1,15.115719,7.351017,2.580994,1.000000,0.110385
1779541095.454846,0,1,15.106974,7.355868,2.584452,1.000000,0.110385
1779541095.464363,0,1,15.098220,7.360702,2.587721,1.000000,0.110385
1779541095.474955,0,1,15.089443,7.365494,2.591179,1.000000,0.110385
1779541095.484547,0,1,15.080657,7.370269,2.594448,1.000000,0.110385
1779541095.494524,0,1,15.071848,7.375002,2.597906,1.000000,0.110385
1779541095.504733,0,1,15.063030,7.379718,2.601175,1.000000,0.110385
1779541095.514921,0,1,15.054189,7.384392,2.604633,1.000000,0.110385
1779541095.524774,0,1,15.045339,7.389048,2.607902,1.000000,0.110385
1779541095.534794,0,1,15.036468,7.393662,2.611360,1.000000,0.110385
1779541095.544637,0,1,15.027587,7.398258,2.614629,1.000000,0.110385
1779541095.554987,0,1,15.018684,7.402813,2.618087,1.000000,0.110385
1779541095.564269,0,1,15.009772,7.407350,2.621356,1.000000,0.114258
1779541095.574903,0,1,15.000839,7.411844,2.624814,1.000000,0.114258
1779541095.584470,0,1,14.991897,7.416321,2.628083,1.000000,0.114765
1779541095.594526,0,1,14.982934,7.420755,2.631541,1.000000,0.114765
1779541095.604660,0,1,14.973962,7.425171,2.634810,1.000000,0.115508
1779541095.614733,0,1,14.964969,7.429545,2.638268,1.000000,0.115508
1779541095.624784,0,1,14.955968,7.433901,2.641537,1.000000,0.116182
1779541095.634967,0,1,14.946946,7.438215,2.644995,1.000000,0.116182
1779541095.644652,0,1,14.937916,7.442510,2.648264,1.000000,0.116182
1779541095.655037,0,1,14.928865,7.446762,2.651722,1.000000,0.116779
1779541095.664657,0,1,14.919806,7.450997,2.654991,1.000000,0.116779
1779541095.674886,0,1,14.910726,7.455188,2.658449,1.000000,0.117643
1779541095.684560,0,1,14.901639,7.459362,2.661718,1.000000,0.117643
1779541095.694626,0,1,14.892532,7.463492,2.665176,1.000000,0.118004
1779541095.704508,0,1,14.883416,7.467604,2.668445,1.000000,0.118004
1779541095.714701,0,1,14.874282,7.471673,2.671903,1.000000,0.118322
1779541095.725123,0,1,14.865139,7.475724,2.675172,1.000000,0.118322
1779541095.734754,0,1,14.855977,7.479732,2.678630,1.000000,0.118529
1779541095.744384,0,1,14.846807,7.483721,2.681899,1.000000,0.118529
1779541095.754724,0,1,14.837619,7.487666,2.685357,1.000000,0.118942
1779541095.764517,0,1,14.828422,7.491594,2.688626,1.000000,0.118942
1779541095.774919,0,1,14.819207,7.495478,2.692084,1.000000,0.119251
1779541095.784777,0,1,14.809984,7.499343,2.695353,1.000000,0.119251
1779541095.794805,0,1,14.800744,7.503165,2.698811,1.000000,0.119481
1779541095.804635,0,1,14.791495,7.506968,2.702080,1.000000,0.119481
1779541095.815016,0,1,14.782229,7.510728,2.705538,1.000000,0.119481
1779541095.824669,0,1,14.772955,7.514469,2.708806,1.000000,0.119775
1779541095.834862,0,1,14.763663,7.518166,2.712265,1.000000,0.119775
1779541095.844359,0,1,14.754365,7.521844,2.715533,1.000000,0.119993
1779541095.854207,0,1,14.745048,7.525479,2.718992,1.000000,0.120166
1779541095.864666,0,1,14.735725,7.529095,2.722260,1.000000,0.120166
1779541095.874615,0,1,14.726385,7.532667,2.725719,1.000000,0.120166
1779541095.884932,0,1,14.717037,7.536220,2.728987,1.000000,0.120257
1779541095.894921,0,1,14.707673,7.539728,2.732446,1.000000,0.120257
1779541095.904624,0,1,14.698302,7.543219,2.735714,1.000000,0.120433
1779541095.915175,0,1,14.688914,7.546664,2.739173,1.000000,0.120433
1779541095.924576,0,1,14.679520,7.550091,2.742441,1.000000,0.120591
1779541095.934952,0,1,14.670109,7.553474,2.745900,1.000000,0.120591
1779541095.944574,0,1,14.660692,7.556838,2.749168,1.000000,0.120591
1779541095.954547,0,1,14.651259,7.560157,2.752627,1.000000,0.120591
1779541095.964827,0,1,14.641819,7.563457,2.755895,1.000000,0.120591
1779541095.974985,0,1,14.632364,7.566713,2.759354,1.000000,0.120591
1779541095.984844,0,1,14.622902,7.569950,2.762622,1.000000,0.120591
1779541095.994701,0,1,14.613426,7.573142,2.766081,1.000000,0.120591
1779541096.004347,0,1,14.603942,7.576315,2.769349,1.000000,0.120591
1779541096.014541,0,1,14.594444,7.579443,2.772808,1.000000,0.120591
1779541096.024880,0,1,14.584940,7.582552,2.776076,1.000000,0.120591
1779541096.034367,0,1,14.575421,7.585616,2.779535,1.000000,0.120591
1779541096.044822,0,1,14.565896,7.588661,2.782803,1.000000,0.120591
1779541096.054819,0,1,14.556356,7.591661,2.786262,1.000000,0.120591
1779541096.064407,0,1,14.546811,7.594642,2.789530,1.000000,0.120992
1779541096.074922,0,1,14.537252,7.597578,2.792989,1.000000,0.120992
1779541096.084584,0,1,14.527687,7.600495,2.796257,1.000000,0.120476
1779541096.095068,0,1,14.518108,7.603366,2.799716,1.000000,0.120476
1779541096.104695,0,1,14.508523,7.606219,2.802984,1.000000,0.120312
1779541096.114640,0,1,14.498925,7.609026,2.806443,1.000000,0.120312
1779541096.124277,0,1,14.489322,7.611813,2.809711,1.000000,0.120073
1779541096.134724,0,1,14.479705,7.614556,2.813170,1.000000,0.120073
1779541096.144479,0,1,14.470083,7.617279,2.816438,1.000000,0.120047
1779541096.154507,0,1,14.460448,7.619957,2.819897,1.000000,0.120047
1779541096.164388,0,1,14.450808,7.622615,2.823165,1.000000,0.120336
1779541096.174688,0,1,14.441155,7.625228,2.826624,1.000000,0.120336
1779541096.184891,0,1,14.431498,7.627821,2.829892,1.000000,0.120336
1779541096.194356,0,1,14.421828,7.630369,2.833351,1.000000,0.120548
1779541096.205426,0,1,14.412152,7.632897,2.836619,1.000000,0.120686
1779541096.214406,0,1,14.402466,7.635380,2.840078,1.000000,0.120686
1779541096.224715,0,1,14.392774,7.637843,2.843346,1.000000,0.120686
1779541096.234311,0,1,14.383070,7.640260,2.846805,1.000000,0.120622
1779541096.244576,0,1,14.373362,7.642658,2.850073,1.000000,0.119982
1779541096.254889,0,1,14.363643,7.645010,2.853532,1.000000,0.119982
1779541096.264266,0,1,14.353918,7.647343,2.856800,1.000000,0.119248
1779541096.274590,0,1,14.344183,7.649630,2.860259,1.000000,0.119248
1779541096.284268,0,1,14.334444,7.651897,2.863527,1.000000,0.118439
1779541096.295307,0,1,14.324694,7.654118,2.866986,1.000000,0.118439
1779541096.304278,0,1,14.314939,7.656319,2.870254,1.000000,0.117693
1779541096.314860,0,1,14.305174,7.658475,2.873713,1.000000,0.117693
1779541096.324996,0,1,14.295405,7.660611,2.876981,1.000000,0.117038
1779541096.334461,0,1,14.285626,7.662701,2.880440,1.000000,0.117038
1779541096.344551,0,1,14.275842,7.664771,2.883708,1.000000,0.116270
1779541096.354540,0,1,14.266049,7.666795,2.887167,1.000000,0.116270
1779541096.364332,0,1,14.256252,7.668799,2.890435,1.000000,0.115448
1779541096.374596,0,1,14.246446,7.670757,2.893894,1.000000,0.115448
1779541096.384737,0,1,14.236635,7.672695,2.897162,1.000000,0.114648
1779541096.394944,0,1,14.226816,7.674587,2.900621,1.000000,0.114648
1779541096.404355,0,1,14.216993,7.676460,2.903889,1.000000,0.113918
1779541096.414854,0,1,14.207161,7.678285,2.907348,1.000000,0.113918
1779541096.424721,0,1,14.197325,7.680092,2.910616,1.000000,0.113110
1779541096.434984,0,1,14.187482,7.681851,2.914075,1.000000,0.113110
1779541096.444601,0,1,14.177634,7.683591,2.917343,1.000000,0.113110
1779541096.454964,0,1,14.167779,7.685285,2.920802,1.000000,0.113110
1779541096.464730,0,1,14.157920,7.686958,2.924070,1.000000,0.113110
1779541096.474314,0,1,14.148053,7.688586,2.927529,1.000000,0.113110
1779541096.484738,0,1,14.138183,7.690193,2.930797,1.000000,0.113110
1779541096.494548,0,1,14.128305,7.691754,2.934256,1.000000,0.113110
1779541096.504788,0,1,14.118425,7.693294,2.937524,1.000000,0.113110
1779541096.514607,0,1,14.108537,7.694789,2.940983,1.000000,0.113110
1779541096.524609,0,1,14.098646,7.696263,2.944251,1.000000,0.113110
1779541096.534799,0,1,14.088749,7.697691,2.947710,1.000000,0.113110
1779541096.544284,0,1,14.078848,7.699099,2.950978,1.000000,0.113110
1779541096.554471,0,1,14.068942,7.700460,2.954437,1.000000,0.107046
1779541096.564655,0,1,14.059032,7.701801,2.957705,1.000000,0.107046
1779541096.574911,0,1,14.049116,7.703095,2.961164,1.000000,0.105617
1779541096.584586,0,1,14.039198,7.704370,2.964432,1.000000,0.105617
1779541096.595169,0,1,14.029273,7.705597,2.967891,1.000000,0.104388
1779541096.604628,0,1,14.019346,7.706805,2.971159,1.000000,0.104388
1779541096.614778,0,1,14.009414,7.707966,2.974618,1.000000,0.103096
1779541096.624833,0,1,13.999479,7.709107,2.977886,1.000000,0.103096
1779541096.634346,0,1,13.989539,7.710201,2.981345,1.000000,0.101799
1779541096.644642,0,1,13.979597,7.711275,2.984613,1.000000,0.101799
1779541096.654340,0,1,13.969650,7.712302,2.988072,1.000000,0.100443
1779541096.664834,0,1,13.959701,7.713309,2.991340,1.000000,0.100443
1779541096.675079,0,1,13.949747,7.714270,2.994799,1.000000,0.099010
1779541096.684675,0,1,13.939792,7.715210,2.998067,1.000000,0.099010
1779541096.694791,0,1,13.929832,7.716103,3.001526,1.000000,0.097499
1779541096.704677,0,1,13.919870,7.716976,3.004794,1.000000,0.097499
1779541096.714841,0,1,13.909904,7.717802,3.008253,1.000000,0.096002
1779541096.724508,0,1,13.899937,7.718609,3.011521,1.000000,0.096002
1779541096.734258,0,1,13.889965,7.719368,3.014980,1.000000,0.094433
1779541096.744866,0,1,13.879994,7.720119,3.018125,1.000000,0.094433
1779541096.754691,0,1,13.870022,7.720874,3.020984,1.000000,0.092787
1779541096.764785,0,1,13.860053,7.721653,3.023431,1.000000,0.092787
1779541096.774355,0,1,13.850082,7.722415,3.025986,1.000000,0.091064
1779541096.785154,0,1,13.840111,7.723179,3.028319,1.000000,0.091064
1779541096.794799,0,1,13.830138,7.723912,3.030829,1.000000,0.091064
1779541096.805131,0,1,13.820164,7.724638,3.033143,1.000000,0.088923
1779541096.814489,0,1,13.810188,7.725330,3.035644,1.000000,0.088923
1779541096.825112,0,1,13.800212,7.726013,3.037953,1.000000,0.088305
1779541096.834997,0,1,13.790232,7.726659,3.040452,1.000000,0.088305
1779541096.844779,0,1,13.780253,7.727296,3.042760,1.000000,0.087804
1779541096.855075,0,1,13.770271,7.727895,3.045258,1.000000,0.087804
1779541096.864822,0,1,13.760288,7.728484,3.047566,1.000000,0.087280
1779541096.874636,0,1,13.750303,7.729035,3.050063,1.000000,0.087280
1779541096.884316,0,1,13.740318,7.729576,3.052371,1.000000,0.086770
1779541096.894513,0,1,13.730331,7.730080,3.054868,1.000000,0.086770
1779541096.904946,0,1,13.720343,7.730573,3.057176,1.000000,0.086207
1779541096.914722,0,1,13.710353,7.731028,3.059673,1.000000,0.086207
1779541096.924729,0,1,13.700363,7.731474,3.061981,1.000000,0.085608
1779541096.934731,0,1,13.690371,7.731881,3.064478,1.000000,0.085608
1779541096.945029,0,1,13.680379,7.732278,3.066786,1.000000,0.085608
1779541096.954675,0,1,13.670386,7.732638,3.069283,1.000000,0.085608
1779541096.964710,0,1,13.660392,7.732987,3.071591,1.000000,0.085608
1779541096.974438,0,1,13.650397,7.733299,3.074088,1.000000,0.085608
1779541096.984707,0,1,13.640401,7.733600,3.076396,1.000000,0.085608
1779541096.994447,0,1,13.630405,7.733863,3.078893,1.000000,0.085608
1779541097.004627,0,1,13.620408,7.734117,3.081201,1.000000,0.085608
1779541097.014684,0,1,13.610410,7.734332,3.083698,1.000000,0.085608
1779541097.024793,0,1,13.600413,7.734537,3.086006,1.000000,0.085608
1779541097.034306,0,1,13.590414,7.734705,3.088503,1.000000,0.085608
1779541097.044268,0,1,13.580415,7.734862,3.090811,1.000000,0.085608
1779541097.054411,0,1,13.570416,7.734981,3.093308,1.000000,0.081196
1779541097.064558,0,1,13.560416,7.735090,3.095616,1.000000,0.081196
1779541097.074950,0,1,13.550417,7.735161,3.098113,1.000000,0.079972
1779541097.084657,0,1,13.540417,7.735222,3.100421,1.000000,0.079972
1779541097.094883,0,1,13.530417,7.735246,3.102918,1.000000,0.079012
1779541097.104555,0,1,13.520417,7.735258,3.105226,1.000000,0.079012
1779541097.114892,0,1,13.510417,7.735234,3.107723,1.000000,0.078075
1779541097.124738,0,1,13.500417,7.735199,3.110031,1.000000,0.078075
1779541097.134325,0,1,13.490417,7.735126,3.112528,1.000000,0.077081
1779541097.144358,0,1,13.480418,7.735043,3.114836,1.000000,0.077081
1779541097.154932,0,1,13.470418,7.734922,3.117333,1.000000,0.076033
1779541097.164575,0,1,13.460419,7.734791,3.119641,1.000000,0.076033
1779541097.174863,0,1,13.450421,7.734622,3.122138,1.000000,0.074929
1779541097.184643,0,1,13.440422,7.734442,3.124446,1.000000,0.074929
1779541097.194868,0,1,13.430425,7.734225,3.126943,1.000000,0.073808
1779541097.204710,0,1,13.420427,7.733998,3.129251,1.000000,0.073808
1779541097.214566,0,1,13.410431,7.733733,3.131748,1.000000,0.072647
1779541097.224338,0,1,13.400435,7.733458,3.134056,1.000000,0.072647
1779541097.234840,0,1,13.390440,7.733145,3.136553,1.000000,0.071432
1779541097.244877,0,1,13.380445,7.732821,3.138861,1.000000,0.071432
1779541097.254733,0,1,13.370451,7.732460,3.141358,1.000000,0.070161
1779541097.264602,0,1,13.360458,7.732089,3.143666,1.000000,0.070161
1779541097.274813,0,1,13.350467,7.731680,3.146163,1.000000,0.068867
1779541097.284570,0,1,13.340475,7.731260,3.148471,1.000000,0.068867
1779541097.294483,0,1,13.330486,7.730803,3.150968,1.000000,0.067533
1779541097.304618,0,1,13.320497,7.730336,3.153276,1.000000,0.067533
1779541097.314250,0,1,13.310510,7.729831,3.155773,1.000000,0.066144
1779541097.324769,0,1,13.300523,7.729316,3.158081,1.000000,0.065349
1779541097.334636,0,1,13.290538,7.728763,3.160578,1.000000,0.065349
1779541097.344934,0,1,13.280554,7.728199,3.162886,1.000000,0.065349
1779541097.354768,0,1,13.270572,7.727598,3.165383,1.000000,0.063893
1779541097.364576,0,1,13.260591,7.726987,3.167691,1.000000,0.062396
1779541097.374630,0,1,13.250612,7.726338,3.170188,1.000000,0.062396
1779541097.384544,0,1,13.240632,7.725702,3.172250,1.000000,0.060860
1779541097.394810,0,1,13.230650,7.725109,3.173795,1.000000,0.060860
1779541097.404818,0,1,13.220668,7.724512,3.175412,1.000000,0.059276
1779541097.415004,0,1,13.210685,7.723930,3.176793,1.000000,0.059276
1779541097.424784,0,1,13.200703,7.723329,3.178346,1.000000,0.057622
1779541097.434685,0,1,13.190720,7.722733,3.179700,1.000000,0.057622
1779541097.444879,0,1,13.180740,7.722112,3.181241,1.000000,0.057622
1779541097.454943,0,1,13.170759,7.721491,3.182590,1.000000,0.057622
1779541097.464848,0,1,13.160780,7.720844,3.184128,1.000000,0.057622
1779541097.474982,0,1,13.150801,7.720197,3.185475,1.000000,0.057622
1779541097.484891,0,1,13.140824,7.719522,3.187013,1.000000,0.057622
1779541097.495183,0,1,13.130847,7.718847,3.188359,1.000000,0.057622
1779541097.504393,0,1,13.120871,7.718143,3.189896,1.000000,0.057622
1779541097.514785,0,1,13.110896,7.717439,3.191242,1.000000,0.057622
1779541097.524439,0,1,13.100923,7.716708,3.192779,1.000000,0.057622
1779541097.534453,0,1,13.090950,7.715975,3.194126,1.000000,0.057622
1779541097.544669,0,1,13.080979,7.715214,3.195662,1.000000,0.057622
1779541097.554771,0,1,13.071008,7.714453,3.197009,1.000000,0.055178
1779541097.564609,0,1,13.061039,7.713664,3.198545,1.000000,0.055178
1779541097.575206,0,1,13.051070,7.712874,3.199892,1.000000,0.054043
1779541097.584608,0,1,13.041104,7.712056,3.201428,1.000000,0.054043
1779541097.594461,0,1,13.031138,7.711237,3.202775,1.000000,0.053535
1779541097.604716,0,1,13.021173,7.710390,3.204311,1.000000,0.053535
1779541097.614732,0,1,13.011209,7.709542,3.205658,1.000000,0.053327
1779541097.624513,0,1,13.001248,7.708667,3.207194,1.000000,0.053327
1779541097.634567,0,1,12.991286,7.707791,3.208541,1.000000,0.052810
1779541097.644932,0,1,12.981327,7.706886,3.210077,1.000000,0.052243
1779541097.654566,0,1,12.971368,7.705981,3.211424,1.000000,0.052243
1779541097.664667,0,1,12.961412,7.705049,3.212960,1.000000,0.051644
1779541097.674609,0,1,12.951456,7.704115,3.214307,1.000000,0.051644
1779541097.684326,0,1,12.941502,7.703153,3.215843,1.000000,0.051026
1779541097.695034,0,1,12.931548,7.702191,3.217190,1.000000,0.051026
1779541097.704335,0,1,12.921598,7.701201,3.218726,1.000000,0.050374
1779541097.714226,0,1,12.911647,7.700209,3.220073,1.000000,0.050374
1779541097.724396,0,1,12.901699,7.699190,3.221609,1.000000,0.049674
1779541097.734254,0,1,12.891751,7.698171,3.222956,1.000000,0.049674
1779541097.744351,0,1,12.881806,7.697123,3.224492,1.000000,0.048962
1779541097.754571,0,1,12.871861,7.696075,3.225839,1.000000,0.048520
1779541097.765632,0,1,12.861919,7.694998,3.227375,1.000000,0.048520
1779541097.774538,0,1,12.851977,7.693921,3.228722,1.000000,0.047779
1779541097.784667,0,1,12.842039,7.692816,3.230258,1.000000,0.047779
1779541097.795017,0,1,12.832100,7.691710,3.231605,1.000000,0.046972
1779541097.804343,0,1,12.822165,7.690577,3.233141,1.000000,0.046972
1779541097.814333,0,1,12.812229,7.689442,3.234488,1.000000,0.046160
1779541097.824868,0,1,12.802297,7.688280,3.236024,1.000000,0.046160
1779541097.834379,0,1,12.792365,7.687117,3.237371,1.000000,0.045781
1779541097.844544,0,1,12.782436,7.685926,3.238907,1.000000,0.044923
1779541097.854779,0,1,12.772507,7.684734,3.240254,1.000000,0.044923
1779541097.864195,0,1,12.762582,7.683515,3.241790,1.000000,0.044013
1779541097.874959,0,1,12.752657,7.682294,3.243137,1.000000,0.044013
1779541097.884332,0,1,12.742735,7.681046,3.244673,1.000000,0.043071
1779541097.894611,0,1,12.732813,7.679797,3.246020,1.000000,0.043071
1779541097.904184,0,1,12.722895,7.678521,3.247556,1.000000,0.042083
1779541097.914309,0,1,12.712977,7.677243,3.248903,1.000000,0.042083
1779541097.924403,0,1,12.703062,7.675938,3.250439,1.000000,0.042083
1779541097.934951,0,1,12.693148,7.674632,3.251786,1.000000,0.041097
1779541097.944355,0,1,12.683237,7.673298,3.253322,1.000000,0.041097
1779541097.954652,0,1,12.673327,7.671963,3.254669,1.000000,0.041097
1779541097.964529,0,1,12.663420,7.670601,3.256205,1.000000,0.041097
1779541097.974744,0,1,12.653514,7.669237,3.257552,1.000000,0.041097
1779541097.984252,0,1,12.643611,7.667846,3.259088,1.000000,0.041097
1779541097.994621,0,1,12.633708,7.666455,3.260435,1.000000,0.041097
1779541098.004441,0,1,12.623809,7.665035,3.261971,1.000000,0.041097
1779541098.014386,0,1,12.613911,7.663615,3.263318,1.000000,0.041097
1779541098.024508,0,1,12.604016,7.662167,3.264854,1.000000,0.041097
1779541098.034483,0,1,12.594122,7.660718,3.266201,1.000000,0.041097
1779541098.044741,0,1,12.584231,7.659241,3.267737,1.000000,0.041097
1779541098.054522,0,1,12.574341,7.657764,3.269084,1.000000,0.041097
1779541098.064593,0,1,12.564455,7.656258,3.270620,1.000000,0.041097
1779541098.074326,0,1,12.554569,7.654753,3.271967,1.000000,0.041097
1779541098.084800,0,1,12.544687,7.653219,3.273503,1.000000,0.041097
1779541098.094667,0,1,12.534806,7.651685,3.274850,1.000000,0.031370
1779541098.104657,0,1,12.524929,7.650122,3.276386,1.000000,0.031370
1779541098.114897,0,1,12.515048,7.648583,3.277486,1.000000,0.031370
1779541098.124568,0,1,12.505159,7.647095,3.278071,1.000000,0.029003
1779541098.134156,0,1,12.495270,7.645613,3.278726,1.000000,0.029003
1779541098.144295,0,1,12.485376,7.644155,3.279147,1.000000,0.029003
1779541098.154762,0,1,12.475485,7.642688,3.279738,1.000000,0.027584
1779541098.164595,0,1,12.465591,7.641235,3.280132,1.000000,0.027584
1779541098.174673,0,1,12.455699,7.639767,3.280712,1.000000,0.027584
1779541098.184765,0,1,12.445806,7.638309,3.281100,1.000000,0.025974
1779541098.194539,0,1,12.435915,7.636834,3.281677,1.000000,0.025974
1779541098.204701,0,1,12.426023,7.635369,3.282063,1.000000,0.025974
1779541098.214640,0,1,12.416134,7.633886,3.282639,1.000000,0.025783
1779541098.224509,0,1,12.406243,7.632411,3.283025,1.000000,0.025783
1779541098.234727,0,1,12.396355,7.630919,3.283601,1.000000,0.025783
1779541098.245748,0,1,12.386466,7.629435,3.283986,1.000000,0.025497
1779541098.254656,0,1,12.376579,7.627933,3.284562,1.000000,0.025497
1779541098.264258,0,1,12.366691,7.626440,3.284947,1.000000,0.025497
1779541098.274620,0,1,12.356806,7.624929,3.285523,1.000000,0.025286
1779541098.284650,0,1,12.346920,7.623426,3.285908,1.000000,0.025286
1779541098.294632,0,1,12.337036,7.621906,3.286484,1.000000,0.025286
1779541098.304662,0,1,12.327151,7.620394,3.286869,1.000000,0.025050
1779541098.314685,0,1,12.317269,7.618863,3.287445,1.000000,0.025050
1779541098.324693,0,1,12.307385,7.617342,3.287830,1.000000,0.024642
1779541098.334845,0,1,12.297505,7.615802,3.288406,1.000000,0.024642
1779541098.344545,0,1,12.287622,7.614271,3.288791,1.000000,0.024642
1779541098.354744,0,1,12.277743,7.612722,3.289367,1.000000,0.024289
1779541098.364954,0,1,12.267863,7.611181,3.289752,1.000000,0.024289
1779541098.374635,0,1,12.257985,7.609623,3.290328,1.000000,0.024289
1779541098.384958,0,1,12.248106,7.608073,3.290713,1.000000,0.023786
1779541098.394603,0,1,12.238229,7.606504,3.291289,1.000000,0.023786
1779541098.404511,0,1,12.228352,7.604945,3.291674,1.000000,0.023786
1779541098.414747,0,1,12.218477,7.603367,3.292250,1.000000,0.023342
1779541098.424592,0,1,12.208601,7.601798,3.292635,1.000000,0.023342
1779541098.434583,0,1,12.198728,7.600211,3.293211,1.000000,0.023342
1779541098.444688,0,1,12.188853,7.598633,3.293596,1.000000,0.023342
1779541098.454506,0,1,12.178981,7.597036,3.294172,1.000000,0.023342
1779541098.464456,0,1,12.169108,7.595448,3.294557,1.000000,0.023342
1779541098.474944,0,1,12.159238,7.593842,3.295133,1.000000,0.023342
1779541098.484654,0,1,12.149366,7.592244,3.295518,1.000000,0.023342
1779541098.495229,0,1,12.139498,7.590629,3.296094,1.000000,0.023342
1779541098.504855,0,1,12.129628,7.589022,3.296479,1.000000,0.023342
1779541098.514496,0,1,12.119761,7.587396,3.297055,1.000000,0.023342
1779541098.524573,0,1,12.109892,7.585780,3.297440,1.000000,0.023342
1779541098.534352,0,1,12.100027,7.584145,3.298016,1.000000,0.023342
1779541098.544167,0,1,12.090160,7.582519,3.298401,1.000000,0.023342
1779541098.554309,0,1,12.080296,7.580875,3.298977,1.000000,0.023342
1779541098.564220,0,1,12.070431,7.579240,3.299362,1.000000,0.023342
1779541098.574301,0,1,12.060568,7.577586,3.299938,1.000000,0.023342
1779541098.584884,0,1,12.050704,7.575942,3.300323,1.000000,0.023342
1779541098.594632,0,1,12.040844,7.574279,3.300899,1.000000,0.023342
1779541098.604892,0,1,12.030982,7.572624,3.301284,1.000000,0.023342
1779541098.614461,0,1,12.021122,7.570952,3.301860,1.000000,0.018588
1779541098.624410,0,1,12.011262,7.569288,3.302245,1.000000,0.018588
1779541098.634816,0,1,12.001404,7.567606,3.302821,1.000000,0.017879
1779541098.644596,0,1,11.991545,7.565932,3.303206,1.000000,0.017879
1779541098.654271,0,1,11.981689,7.564241,3.303782,1.000000,0.017204
1779541098.664242,0,1,11.971832,7.562558,3.304167,1.000000,0.017204
1779541098.674528,0,1,11.961978,7.560857,3.304743,1.000000,0.016496
1779541098.684268,0,1,11.952122,7.559165,3.305128,1.000000,0.016496
1779541098.694862,0,1,11.942269,7.557455,3.305704,1.000000,0.015778
1779541098.704486,0,1,11.932415,7.555753,3.306089,1.000000,0.015778
1779541098.714513,0,1,11.922564,7.554033,3.306665,1.000000,0.015045
1779541098.725142,0,1,11.912712,7.552322,3.307050,1.000000,0.015045
1779541098.734731,0,1,11.902862,7.550592,3.307626,1.000000,0.014251
1779541098.744557,0,1,11.893012,7.548872,3.308011,1.000000,0.014251
1779541098.754509,0,1,11.883164,7.547133,3.308587,1.000000,0.013768
1779541098.764567,0,1,11.873315,7.545403,3.308972,1.000000,0.013768
1779541098.774768,0,1,11.863469,7.543655,3.309548,1.000000,0.012570
1779541098.785036,0,1,11.853621,7.541915,3.309933,1.000000,0.012570
1779541098.794585,0,1,11.843777,7.540157,3.310509,1.000000,0.012076
1779541098.804559,0,1,11.833931,7.538408,3.310894,1.000000,0.012076
1779541098.814770,0,1,11.824088,7.536641,3.311470,1.000000,0.011202
1779541098.824661,0,1,11.814244,7.534882,3.311855,1.000000,0.011202
1779541098.834775,0,1,11.804403,7.533106,3.312431,1.000000,0.010236
1779541098.844542,0,1,11.794561,7.531338,3.312816,1.000000,0.009258
1779541098.854828,0,1,11.784722,7.529552,3.313392,1.000000,0.009258
1779541098.864801,0,1,11.774881,7.527774,3.313777,1.000000,0.008270
1779541098.874658,0,1,11.765043,7.525979,3.314353,1.000000,0.008270
1779541098.884565,0,1,11.755204,7.524192,3.314738,1.000000,0.007261
1779541098.894727,0,1,11.745369,7.522387,3.315314,1.000000,0.007261
1779541098.904736,0,1,11.735531,7.520590,3.315699,1.000000,0.007261
1779541098.914689,0,1,11.725697,7.518776,3.316275,1.000000,0.006152
1779541098.924843,0,1,11.715862,7.516970,3.316660,1.000000,0.006152
1779541098.934555,0,1,11.706029,7.515146,3.317236,1.000000,0.004529
1779541098.944485,0,1,11.696196,7.513331,3.317621,1.000000,0.004529
1779541098.954855,0,1,11.686365,7.511498,3.318197,1.000000,0.004529
1779541098.964608,0,1,11.676533,7.509673,3.318582,1.000000,0.004529
1779541098.974760,0,1,11.666704,7.507830,3.319158,1.000000,0.004529
1779541098.984645,0,1,11.656874,7.505996,3.319543,1.000000,0.004529
1779541098.994487,0,1,11.647047,7.504144,3.320119,1.000000,0.004529
1779541099.004339,0,1,11.637218,7.502300,3.320504,1.000000,0.004529
1779541099.014441,0,1,11.627393,7.500438,3.321080,1.000000,0.004529
1779541099.024629,0,1,11.617566,7.498585,3.321465,1.000000,0.004529
1779541099.034675,0,1,11.607743,7.496714,3.322041,1.000000,0.004529
1779541099.044767,0,1,11.597918,7.494852,3.322426,1.000000,0.004529
1779541099.054843,0,1,11.588096,7.492971,3.323002,1.000000,0.004529
1779541099.064515,0,1,11.578273,7.491099,3.323387,1.000000,0.004529
1779541099.075077,0,1,11.568453,7.489209,3.323963,1.000000,0.004529
1779541099.084548,0,1,11.558632,7.487328,3.324348,1.000000,0.004529
1779541099.094777,0,1,11.548814,7.485428,3.324924,1.000000,0.004529
1779541099.104225,0,1,11.538994,7.483538,3.325309,1.000000,0.004529
1779541099.114511,0,1,11.529178,7.481629,3.325885,1.000000,0.004529
1779541099.124582,0,1,11.519361,7.479728,3.326270,1.000000,-0.006555
1779541099.134467,0,1,11.509546,7.477810,3.326846,1.000000,-0.006555
1779541099.144777,0,1,11.499726,7.475924,3.326985,1.000000,-0.006555
1779541099.154278,0,1,11.489894,7.474098,3.326608,1.000000,-0.007656
1779541099.164862,0,1,11.480059,7.472288,3.326303,1.000000,-0.007656
1779541099.174653,0,1,11.470218,7.470511,3.325762,1.000000,-0.007656
1779541099.184231,0,1,11.460377,7.468734,3.325393,1.000000,-0.009487
1779541099.194489,0,1,11.450532,7.466981,3.324826,1.000000,-0.009487
1779541099.204692,0,1,11.440688,7.465222,3.324445,1.000000,-0.009610
1779541099.214805,0,1,11.430841,7.463483,3.323872,1.000000,-0.009610
1779541099.224377,0,1,11.420994,7.461737,3.323488,1.000000,-0.009242
1779541099.234668,0,1,11.411145,7.460009,3.322913,1.000000,-0.009242
1779541099.244564,0,1,11.401296,7.458273,3.322528,1.000000,-0.009242
1779541099.254468,0,1,11.391445,7.456555,3.321953,1.000000,-0.008602
1779541099.264541,0,1,11.381595,7.454829,3.321568,1.000000,-0.008602
1779541099.274895,0,1,11.371742,7.453121,3.320992,1.000000,-0.008602
1779541099.284829,0,1,11.361891,7.451405,3.320607,1.000000,-0.007793
1779541099.294495,0,1,11.352036,7.449706,3.320031,1.000000,-0.007793
1779541099.304729,0,1,11.342183,7.447999,3.319646,1.000000,-0.007279
1779541099.314480,0,1,11.332326,7.446310,3.319070,1.000000,-0.007279
1779541099.324373,0,1,11.322471,7.444613,3.318685,1.000000,-0.007279
1779541099.334907,0,1,11.312614,7.442933,3.318109,1.000000,-0.006766
1779541099.344261,0,1,11.302757,7.441245,3.317724,1.000000,-0.006766
1779541099.354290,0,1,11.292897,7.439575,3.317148,1.000000,-0.006013
1779541099.364410,0,1,11.283039,7.437897,3.316763,1.000000,-0.006013
1779541099.374465,0,1,11.273178,7.436236,3.316187,1.000000,-0.006013
1779541099.384893,0,1,11.263318,7.434567,3.315802,1.000000,-0.005126
1779541099.394248,0,1,11.253456,7.432916,3.315226,1.000000,-0.004923
1779541099.404330,0,1,11.243594,7.431256,3.314841,1.000000,-0.004923
1779541099.414201,0,1,11.233730,7.429615,3.314265,1.000000,-0.004348
1779541099.424275,0,1,11.223867,7.427965,3.313880,1.000000,-0.004348
1779541099.434545,0,1,11.214001,7.426333,3.313304,1.000000,-0.003768
1779541099.444277,0,1,11.204137,7.424692,3.312919,1.000000,-0.003768
1779541099.454680,0,1,11.194269,7.423069,3.312343,1.000000,-0.003768
1779541099.464381,0,1,11.184403,7.421438,3.311958,1.000000,-0.003768
1779541099.474511,0,1,11.174534,7.419825,3.311382,1.000000,-0.003768
1779541099.484554,0,1,11.164667,7.418203,3.310997,1.000000,-0.003768
1779541099.494771,0,1,11.154796,7.416600,3.310421,1.000000,-0.003768
1779541099.504669,0,1,11.144927,7.414988,3.310036,1.000000,-0.003768
1779541099.514554,0,1,11.135055,7.413393,3.309460,1.000000,-0.003768
1779541099.524259,0,1,11.125184,7.411791,3.309075,1.000000,-0.003768
1779541099.534283,0,1,11.115310,7.410206,3.308499,1.000000,-0.003768
1779541099.544261,0,1,11.105438,7.408613,3.308114,1.000000,-0.003768
1779541099.554564,0,1,11.095563,7.407038,3.307538,1.000000,-0.000089
1779541099.564608,0,1,11.085689,7.405454,3.307153,1.000000,-0.000089
1779541099.574173,0,1,11.075812,7.403888,3.306577,1.000000,0.000552
1779541099.584335,0,1,11.065939,7.402302,3.306315,1.000000,0.000552
1779541099.594179,0,1,11.056071,7.400683,3.306339,1.000000,0.001206
1779541099.604515,0,1,11.046212,7.399012,3.306775,1.000000,0.001206
1779541099.614487,0,1,11.036354,7.397330,3.307103,1.000000,0.001872
1779541099.624774,0,1,11.026502,7.395618,3.307653,1.000000,0.001872
1779541099.634598,0,1,11.016649,7.393908,3.308026,1.000000,0.002469
1779541099.644768,0,1,11.006800,7.392175,3.308595,1.000000,0.002469
1779541099.654529,0,1,10.996951,7.390449,3.308977,1.000000,0.002155
1779541099.664198,0,1,10.987104,7.388702,3.309551,1.000000,0.002155
1779541099.674396,0,1,10.977256,7.386964,3.309935,1.000000,0.002155
1779541099.684572,0,1,10.967412,7.385207,3.310510,1.000000,0.001235
1779541099.694797,0,1,10.957566,7.383458,3.310895,1.000000,0.001235
1779541099.704671,0,1,10.947723,7.381692,3.311470,1.000000,0.001235
1779541099.714670,0,1,10.937879,7.379933,3.311856,1.000000,0.000518
1779541099.724534,0,1,10.928038,7.378157,3.312431,1.000000,0.000518
1779541099.735039,0,1,10.918196,7.376389,3.312816,1.000000,-0.000653
1779541099.744447,0,1,10.908357,7.374603,3.313392,1.000000,-0.000653
1779541099.754606,0,1,10.898512,7.372849,3.313531,1.000000,-0.000653
1779541099.764341,0,1,10.888656,7.371155,3.313154,1.000000,-0.001722
1779541099.774778,0,1,10.878798,7.369478,3.312849,1.000000,-0.001722
1779541099.784216,0,1,10.868934,7.367833,3.312308,1.000000,-0.002496
1779541099.794797,0,1,10.859070,7.366189,3.311939,1.000000,-0.002496
1779541099.804415,0,1,10.849202,7.364568,3.311372,1.000000,-0.003115
1779541099.814799,0,1,10.839335,7.362942,3.310991,1.000000,-0.003115
1779541099.824584,0,1,10.829465,7.361336,3.310418,1.000000,-0.002750
1779541099.834594,0,1,10.819596,7.359722,3.310034,1.000000,-0.002750
1779541099.844275,0,1,10.809724,7.358127,3.309459,1.000000,-0.002750
1779541099.855041,0,1,10.799854,7.356524,3.309074,1.000000,-0.001830
1779541099.864459,0,1,10.789980,7.354939,3.308499,1.000000,-0.001830
1779541099.874722,0,1,10.780108,7.353345,3.308114,1.000000,-0.001830
1779541099.884961,0,1,10.770233,7.351770,3.307538,1.000000,-0.000961
1779541099.894626,0,1,10.760359,7.350186,3.307153,1.000000,-0.000961
1779541099.904441,0,1,10.750482,7.348620,3.306577,1.000000,-0.000961
1779541099.914737,0,1,10.740607,7.347046,3.306192,1.000000,0.000067
1779541099.924582,0,1,10.730729,7.345490,3.305616,1.000000,0.000067
1779541099.934308,0,1,10.720854,7.343913,3.305354,1.000000,0.000067
1779541099.944263,0,1,10.710982,7.342316,3.305254,1.000000,0.000067
1779541099.954567,0,1,10.701113,7.340705,3.305214,1.000000,0.000067
1779541099.964564,0,1,10.691245,7.339088,3.305197,1.000000,0.000067
1779541099.974651,0,1,10.681377,7.337466,3.305189,1.000000,0.000067
1779541099.984693,0,1,10.671510,7.335841,3.305185,1.000000,0.000067
1779541099.994416,0,1,10.661643,7.334214,3.305183,1.000000,0.000067
1779541100.004543,0,1,10.651776,7.332587,3.305181,1.000000,0.000067
1779541100.014233,0,1,10.641910,7.330959,3.305181,1.000000,0.000067
1779541100.024615,0,1,10.632043,7.329331,3.305180,1.000000,0.000067
1779541100.034270,0,1,10.622177,7.327703,3.305180,1.000000,0.000067
1779541100.044413,0,1,10.612310,7.326075,3.305180,1.000000,0.000067
1779541100.054343,0,1,10.602444,7.324446,3.305180,1.000000,0.000067
1779541100.064214,0,1,10.592577,7.322818,3.305180,1.000000,0.000067
1779541100.074861,0,1,10.582711,7.321189,3.305180,1.000000,0.002216
1779541100.084414,0,1,10.572844,7.319560,3.305180,1.000000,0.002216
1779541100.094846,0,1,10.562980,7.317920,3.305303,1.000000,0.002426
1779541100.104521,0,1,10.553122,7.316241,3.305779,1.000000,0.002426
1779541100.114513,0,1,10.543264,7.314557,3.306124,1.000000,0.002425
1779541100.124589,0,1,10.533411,7.312848,3.306682,1.000000,0.002425
1779541100.134391,0,1,10.523558,7.311143,3.307060,1.000000,0.002425
1779541100.144500,0,1,10.513708,7.309418,3.307631,1.000000,0.002425
1779541100.154555,0,1,10.503857,7.307699,3.308014,1.000000,0.002007
1779541100.164651,0,1,10.494009,7.305962,3.308589,1.000000,0.002007
1779541100.174750,0,1,10.484159,7.304233,3.308973,1.000000,0.001354
1779541100.184213,0,1,10.474313,7.302485,3.309549,1.000000,0.001354
1779541100.194821,0,1,10.464466,7.300745,3.309934,1.000000,0.001354
1779541100.204221,0,1,10.454621,7.298988,3.310509,1.000000,0.000350
1779541100.215041,0,1,10.444776,7.297239,3.310894,1.000000,-0.000063
1779541100.224571,0,1,10.434933,7.295472,3.311470,1.000000,-0.000063
1779541100.234552,0,1,10.425087,7.293725,3.311732,1.000000,-0.000806
1779541100.244602,0,1,10.415237,7.291999,3.311832,1.000000,-0.000806
1779541100.254290,0,1,10.405383,7.290298,3.311749,1.000000,-0.001550
1779541100.264710,0,1,10.395520,7.288643,3.311290,1.000000,-0.001863
1779541100.275177,0,1,10.385657,7.286997,3.310953,1.000000,-0.001863
1779541100.284629,0,1,10.375789,7.285378,3.310399,1.000000,-0.002541
1779541100.294944,0,1,10.365921,7.283757,3.310024,1.000000,-0.002541
1779541100.304565,0,1,10.356050,7.282158,3.309453,1.000000,-0.002650
1779541100.314678,0,1,10.346180,7.280552,3.309071,1.000000,-0.002650
1779541100.324205,0,1,10.336306,7.278966,3.308497,1.000000,-0.002165
1779541100.334582,0,1,10.326434,7.277371,3.308112,1.000000,-0.002165
1779541100.344579,0,1,10.316559,7.275796,3.307537,1.000000,-0.001561
1779541100.354569,0,1,10.306685,7.274211,3.307152,1.000000,-0.001561
1779541100.364717,0,1,10.296809,7.272646,3.306577,1.000000,-0.000919
1779541100.374508,0,1,10.286933,7.271071,3.306192,1.000000,-0.000919
1779541100.384396,0,1,10.277055,7.269515,3.305616,1.000000,-0.000260
1779541100.394313,0,1,10.267178,7.267950,3.305231,1.000000,0.000413
1779541100.404692,0,1,10.257299,7.266403,3.304655,1.000000,0.000413
1779541100.414195,0,1,10.247424,7.264824,3.304516,1.000000,0.000825
1779541100.424906,0,1,10.237559,7.263185,3.304893,1.000000,0.000825
1779541100.434730,0,1,10.227698,7.261530,3.305198,1.000000,0.001512
1779541100.444599,0,1,10.217841,7.259841,3.305739,1.000000,0.001512
1779541100.455111,0,1,10.207985,7.258152,3.306108,1.000000,0.001512
1779541100.464532,0,1,10.198132,7.256440,3.306675,1.000000,0.001512
1779541100.474825,0,1,10.188279,7.254733,3.307056,1.000000,0.001512
1779541100.484687,0,1,10.178429,7.253006,3.307629,1.000000,0.001512
1779541100.494657,0,1,10.168578,7.251287,3.308013,1.000000,0.001512
1779541100.504228,0,1,10.158730,7.249549,3.308588,1.000000,0.001512
1779541100.514522,0,1,10.148881,7.247820,3.308973,1.000000,0.001512
1779541100.524747,0,1,10.139035,7.246072,3.309548,1.000000,0.001512
1779541100.534521,0,1,10.129188,7.244333,3.309934,1.000000,0.001512
1779541100.544737,0,1,10.119343,7.242575,3.310509,1.000000,0.001512
1779541100.554457,0,1,10.109497,7.240826,3.310894,1.000000,0.001512
1779541100.564444,0,1,10.099655,7.239059,3.311470,1.000000,-0.000962
1779541100.574488,0,1,10.089811,7.237300,3.311855,1.000000,-0.000962
1779541100.584547,0,1,10.079970,7.235524,3.312431,1.000000,-0.000962
1779541100.594504,0,1,10.070123,7.233779,3.312570,1.000000,-0.002010
1779541100.604659,0,1,10.060266,7.232095,3.312193,1.000000,-0.002010
1779541100.614307,0,1,10.050406,7.230427,3.311888,1.000000,-0.002747
1779541100.624737,0,1,10.040541,7.228792,3.311347,1.000000,-0.002747
1779541100.634265,0,1,10.030675,7.227158,3.310978,1.000000,-0.002747
1779541100.644476,0,1,10.020806,7.225546,3.310411,1.000000,-0.003645
1779541100.654240,0,1,10.010937,7.223930,3.310030,1.000000,-0.003645
1779541100.664179,0,1,10.001066,7.222333,3.309457,1.000000,-0.003245
1779541100.674610,0,1,9.991195,7.220728,3.309073,1.000000,-0.003245
1779541100.684277,0,1,9.981322,7.219143,3.308498,1.000000,-0.003245
1779541100.694927,0,1,9.971450,7.217549,3.308113,1.000000,-0.002270
1779541100.704527,0,1,9.961574,7.215974,3.307538,1.000000,-0.002270
1779541100.715090,0,1,9.951701,7.214390,3.307153,1.000000,-0.002270
1779541100.724231,0,1,9.941824,7.212824,3.306577,1.000000,-0.001344
1779541100.734791,0,1,9.931949,7.211249,3.306192,1.000000,-0.001344
1779541100.744634,0,1,9.922071,7.209693,3.305616,1.000000,-0.001344
1779541100.754410,0,1,9.912194,7.208128,3.305231,1.000000,-0.000663
1779541100.764459,0,1,9.902314,7.206582,3.304655,1.000000,-0.000663
1779541100.774633,0,1,9.892436,7.205026,3.304270,1.000000,0.000450
1779541100.784557,0,1,9.882555,7.203489,3.303694,1.000000,0.000450
1779541100.794594,0,1,9.872679,7.201920,3.303555,1.000000,0.000450
1779541100.804736,0,1,9.862812,7.200290,3.303932,1.000000,0.001461
1779541100.814526,0,1,9.852949,7.198644,3.304237,1.000000,0.001461
1779541100.825299,0,1,9.843091,7.196965,3.304778,1.000000,0.001461
1779541100.834249,0,1,9.833233,7.195285,3.305147,1.000000,0.002629
1779541100.844341,0,1,9.823379,7.193583,3.305714,1.000000,0.002629
1779541100.854161,0,1,9.813524,7.191885,3.306095,1.000000,0.002363
1779541100.864686,0,1,9.803672,7.190168,3.306668,1.000000,0.002363
1779541100.875020,0,1,9.793820,7.188458,3.307052,1.000000,0.002029
1779541100.884951,0,1,9.783970,7.186730,3.307627,1.000000,0.002029
1779541100.894611,0,1,9.774119,7.185010,3.308012,1.000000,0.001393
1779541100.904883,0,1,9.764272,7.183271,3.308587,1.000000,0.001393
1779541100.914683,0,1,9.754422,7.181541,3.308973,1.000000,0.001393
1779541100.924607,0,1,9.744576,7.179793,3.309548,1.000000,0.000463
1779541100.934964,0,1,9.734729,7.178054,3.309933,1.000000,0.000463
1779541100.944546,0,1,9.724884,7.176296,3.310509,1.000000,0.000463
1779541100.954687,0,1,9.715039,7.174547,3.310894,1.000000,0.000463
1779541100.964685,0,1,9.705196,7.172780,3.311470,1.000000,0.000463
1779541100.974519,0,1,9.695352,7.171021,3.311855,1.000000,0.000463
1779541100.984740,0,1,9.685511,7.169245,3.312431,1.000000,0.000463
1779541100.994348,0,1,9.675668,7.167477,3.312816,1.000000,0.000463
1779541101.004259,0,1,9.665829,7.165691,3.313392,1.000000,0.000463
1779541101.014338,0,1,9.655989,7.163913,3.313777,1.000000,0.000463
1779541101.024575,0,1,9.646151,7.162118,3.314353,1.000000,0.000463
1779541101.034414,0,1,9.636312,7.160331,3.314738,1.000000,0.000463
1779541101.044212,0,1,9.626476,7.158526,3.315314,1.000000,0.000463
1779541101.054822,0,1,9.616639,7.156729,3.315699,1.000000,0.000463
1779541101.064517,0,1,9.606805,7.154915,3.316275,1.000000,0.000463
1779541101.074599,0,1,9.596969,7.153109,3.316660,1.000000,0.000463
1779541101.084568,0,1,9.587137,7.151285,3.317236,1.000000,-0.005150
1779541101.094604,0,1,9.577303,7.149470,3.317621,1.000000,-0.005150
1779541101.104722,0,1,9.567473,7.147637,3.318197,1.000000,-0.005948
1779541101.114546,0,1,9.557636,7.145835,3.318336,1.000000,-0.005948
1779541101.124851,0,1,9.547789,7.144094,3.317959,1.000000,-0.006707
1779541101.134553,0,1,9.537939,7.142370,3.317654,1.000000,-0.006707
1779541101.144378,0,1,9.528083,7.140678,3.317113,1.000000,-0.007477
1779541101.154291,0,1,9.518227,7.138986,3.316744,1.000000,-0.007931
1779541101.165071,0,1,9.508367,7.137318,3.316177,1.000000,-0.007931
1779541101.174534,0,1,9.498508,7.135645,3.315796,1.000000,-0.007869
1779541101.184564,0,1,9.488646,7.133991,3.315223,1.000000,-0.007869
1779541101.194463,0,1,9.478785,7.132330,3.314839,1.000000,-0.007352
1779541101.204724,0,1,9.468921,7.130687,3.314264,1.000000,-0.007352
1779541101.214638,0,1,9.459058,7.129037,3.313879,1.000000,-0.006745
1779541101.224344,0,1,9.449192,7.127404,3.313304,1.000000,-0.006745
1779541101.234330,0,1,9.439328,7.125763,3.312919,1.000000,-0.006104
1779541101.244580,0,1,9.429460,7.124141,3.312343,1.000000,-0.006104
1779541101.254882,0,1,9.419594,7.122509,3.311958,1.000000,-0.005445
1779541101.264319,0,1,9.409725,7.120896,3.311382,1.000000,-0.005445
1779541101.274917,0,1,9.399857,7.119274,3.310997,1.000000,-0.004763
1779541101.284526,0,1,9.389987,7.117671,3.310421,1.000000,-0.004763
1779541101.294664,0,1,9.380118,7.116059,3.310036,1.000000,-0.004075
1779541101.304505,0,1,9.370246,7.114464,3.309460,1.000000,-0.004075
1779541101.314268,0,1,9.360375,7.112862,3.309075,1.000000,-0.003372
1779541101.324856,0,1,9.350501,7.111277,3.308499,1.000000,-0.003081
1779541101.335009,0,1,9.340629,7.109684,3.308114,1.000000,-0.003081
1779541101.344995,0,1,9.330754,7.108109,3.307538,1.000000,-0.002353
1779541101.354205,0,1,9.320880,7.106525,3.307153,1.000000,-0.002353
1779541101.364554,0,1,9.311003,7.104959,3.306577,1.000000,-0.001612
1779541101.374202,0,1,9.301128,7.103385,3.306192,1.000000,-0.001612
1779541101.384302,0,1,9.291250,7.101829,3.305616,1.000000,-0.000864
1779541101.394242,0,1,9.281373,7.100264,3.305231,1.000000,-0.000864
1779541101.404457,0,1,9.271493,7.098717,3.304655,1.000000,-0.000094
1779541101.415126,0,1,9.261615,7.097162,3.304270,1.000000,0.000689
1779541101.424256,0,1,9.251734,7.095625,3.303694,1.000000,0.000689
1779541101.434616,0,1,9.241858,7.094055,3.303555,1.000000,0.000689
1779541101.444220,0,1,9.231992,7.092426,3.303932,1.000000,0.000689
1779541101.454802,0,1,9.222128,7.090779,3.304237,1.000000,0.000689
1779541101.464609,0,1,9.212270,7.089100,3.304778,1.000000,0.000689
1779541101.474841,0,1,9.202412,7.087421,3.305147,1.000000,0.000689
1779541101.484534,0,1,9.192558,7.085718,3.305714,1.000000,0.000689
1779541101.494712,0,1,9.182703,7.084021,3.306095,1.000000,0.000689
1779541101.504528,0,1,9.172852,7.082304,3.306668,1.000000,0.000689
1779541101.514757,0,1,9.162999,7.080594,3.307052,1.000000,0.000689
1779541101.524720,0,1,9.153150,7.078866,3.307627,1.000000,0.000689
1779541101.534466,0,1,9.143299,7.077145,3.308012,1.000000,0.000689
1779541101.544557,0,1,9.133451,7.075407,3.308587,1.000000,0.001549
1779541101.554362,0,1,9.123602,7.073677,3.308973,1.000000,0.001549
1779541101.564284,0,1,9.113756,7.071929,3.309548,1.000000,0.000941
1779541101.574639,0,1,9.103908,7.070189,3.309933,1.000000,0.000349
1779541101.584496,0,1,9.094064,7.068432,3.310509,1.000000,0.000349
1779541101.594754,0,1,9.084218,7.066683,3.310894,1.000000,-0.000018
1779541101.604921,0,1,9.074375,7.064915,3.311470,1.000000,-0.000018
1779541101.614556,0,1,9.064529,7.063169,3.311732,1.000000,-0.000625
1779541101.624672,0,1,9.054679,7.061443,3.311832,1.000000,-0.000625
1779541101.634498,0,1,9.044825,7.059741,3.311749,1.000000,-0.001244
1779541101.644777,0,1,9.034963,7.058087,3.311290,1.000000,-0.001244
1779541101.654586,0,1,9.025099,7.056440,3.310953,1.000000,-0.001863
1779541101.664567,0,1,9.015231,7.054822,3.310399,1.000000,-0.001863
1779541101.674438,0,1,9.005363,7.053201,3.310024,1.000000,-0.002075
1779541101.686275,0,1,8.995492,7.051602,3.309453,1.000000,-0.002075
1779541101.694602,0,1,8.985622,7.049996,3.309071,1.000000,-0.001651
1779541101.704309,0,1,8.975749,7.048409,3.308497,1.000000,-0.001651
1779541101.714353,0,1,8.965876,7.046815,3.308112,1.000000,-0.000937
1779541101.724722,0,1,8.956001,7.045239,3.307537,1.000000,-0.000937
1779541101.734655,0,1,8.946128,7.043655,3.307152,1.000000,-0.000166
1779541101.744240,0,1,8.936251,7.042089,3.306577,1.000000,-0.000166
1779541101.754702,0,1,8.926376,7.040515,3.306192,1.000000,0.000637
1779541101.764458,0,1,8.916498,7.038958,3.305616,1.000000,0.000637
1779541101.774679,0,1,8.906625,7.037370,3.305477,1.000000,0.000977
1779541101.784532,0,1,8.896761,7.035721,3.305854,1.000000,0.000977
1779541101.794696,0,1,8.886901,7.034056,3.306159,1.000000,0.001803
1779541101.804471,0,1,8.877046,7.032358,3.306700,1.000000,0.002645
1779541101.814290,0,1,8.867192,7.030660,3.307069,1.000000,0.002645
1779541101.824579,0,1,8.857341,7.028938,3.307636,1.000000,0.003333
1779541101.834585,0,1,8.847489,7.027222,3.308017,1.000000,0.003333
1779541101.844212,0,1,8.837641,7.025486,3.308590,1.000000,0.003039
1779541101.854303,0,1,8.827792,7.023757,3.308974,1.000000,0.003039
1779541101.864228,0,1,8.817946,7.022010,3.309549,1.000000,0.002552
1779541101.874687,0,1,8.808098,7.020271,3.309934,1.000000,0.002221
1779541101.884616,0,1,8.798254,7.018513,3.310509,1.000000,0.002221
1779541101.894490,0,1,8.788408,7.016764,3.310895,1.000000,0.001690
1779541101.904704,0,1,8.778565,7.014997,3.311470,1.000000,0.001690
1779541101.914586,0,1,8.768721,7.013239,3.311855,1.000000,0.000929
1779541101.925002,0,1,8.758880,7.011462,3.312431,1.000000,0.000929
1779541101.934768,0,1,8.749038,7.009694,3.312816,1.000000,0.000356
1779541101.944492,0,1,8.739198,7.007908,3.313392,1.000000,0.000356
1779541101.954344,0,1,8.729358,7.006131,3.313777,1.000000,0.000356
1779541101.964717,0,1,8.719520,7.004335,3.314353,1.000000,0.000356
1779541101.974364,0,1,8.709681,7.002548,3.314738,1.000000,0.000356
1779541101.984970,0,1,8.699845,7.000743,3.315314,1.000000,0.000356
1779541101.994724,0,1,8.690008,6.998947,3.315699,1.000000,0.000356
1779541102.004436,0,1,8.680174,6.997133,3.316275,1.000000,0.000356
1779541102.014532,0,1,8.670338,6.995327,3.316660,1.000000,0.000356
1779541102.024307,0,1,8.660506,6.993503,3.317236,1.000000,0.000356
1779541102.034617,0,1,8.650672,6.991688,3.317621,1.000000,0.000356
1779541102.044535,0,1,8.640842,6.989854,3.318197,1.000000,0.000356
1779541102.054358,0,1,8.631010,6.988029,3.318582,1.000000,0.000356
1779541102.064362,0,1,8.621181,6.986187,3.319158,1.000000,0.000356
1779541102.074702,0,1,8.611351,6.984353,3.319543,1.000000,-0.003342
1779541102.084872,0,1,8.601524,6.982500,3.320119,1.000000,-0.003798
1779541102.094737,0,1,8.591691,6.980680,3.320258,1.000000,-0.003798
1779541102.104842,0,1,8.581847,6.978920,3.319881,1.000000,-0.004415
1779541102.114983,0,1,8.572000,6.977176,3.319576,1.000000,-0.004415
1779541102.125097,0,1,8.562147,6.975466,3.319035,1.000000,-0.005053
1779541102.134586,0,1,8.552295,6.973755,3.318666,1.000000,-0.005053
1779541102.144280,0,1,8.542438,6.972068,3.318099,1.000000,-0.005503
1779541102.154426,0,1,8.532582,6.970376,3.317718,1.000000,-0.005503
1779541102.164370,0,1,8.522723,6.968703,3.317145,1.000000,-0.004982
1779541102.175100,0,1,8.512865,6.967023,3.316761,1.000000,-0.004982
1779541102.184507,0,1,8.503004,6.965362,3.316186,1.000000,-0.004259
1779541102.194836,0,1,8.493145,6.963692,3.315801,1.000000,-0.004259
1779541102.204419,0,1,8.483282,6.962041,3.315226,1.000000,-0.003484
1779541102.214237,0,1,8.473421,6.960381,3.314841,1.000000,-0.002675
1779541102.224294,0,1,8.463557,6.958739,3.314265,1.000000,-0.002675
1779541102.234668,0,1,8.453694,6.957089,3.313880,1.000000,-0.002217
1779541102.244816,0,1,8.443828,6.955457,3.313304,1.000000,-0.002217
1779541102.254764,0,1,8.433963,6.953816,3.312919,1.000000,-0.001386
1779541102.264402,0,1,8.424096,6.952193,3.312343,1.000000,-0.001386
1779541102.274452,0,1,8.414230,6.950562,3.311958,1.000000,-0.001032
1779541102.284182,0,1,8.404361,6.948949,3.311382,1.000000,-0.000173
1779541102.294272,0,1,8.394493,6.947327,3.310997,1.000000,-0.000173
1779541102.304603,0,1,8.384623,6.945724,3.310421,1.000000,0.000693
1779541102.314417,0,1,8.374753,6.944111,3.310036,1.000000,0.000693
1779541102.324654,0,1,8.364881,6.942517,3.309460,1.000000,0.001581
1779541102.334745,0,1,8.355014,6.940891,3.309321,1.000000,0.001581
1779541102.344828,0,1,8.345158,6.939204,3.309698,1.000000,0.002488
1779541102.354889,0,1,8.335304,6.937501,3.310003,1.000000,0.002488
1779541102.364522,0,1,8.325456,6.935765,3.310544,1.000000,0.003395
1779541102.374276,0,1,8.315607,6.934029,3.310913,1.000000,0.003395
1779541102.384657,0,1,8.305763,6.932270,3.311480,1.000000,0.003395
1779541102.394396,0,1,8.295919,6.930516,3.311861,1.000000,0.004048
1779541102.404253,0,1,8.286077,6.928742,3.312434,1.000000,0.004048
1779541102.414736,0,1,8.276234,6.926975,3.312818,1.000000,0.004048
1779541102.424281,0,1,8.266395,6.925190,3.313393,1.000000,0.003548
1779541102.434684,0,1,8.256554,6.923413,3.313778,1.000000,0.003548
1779541102.444732,0,1,8.246717,6.921618,3.314353,1.000000,0.003548
1779541102.454416,0,1,8.236878,6.919831,3.314739,1.000000,0.003548
1779541102.464289,0,1,8.227042,6.918026,3.315314,1.000000,0.003548
1779541102.474348,0,1,8.217204,6.916230,3.315699,1.000000,0.003548
1779541102.484241,0,1,8.207370,6.914416,3.316275,1.000000,0.003548
1779541102.494534,0,1,8.197535,6.912610,3.316660,1.000000,0.003548
1779541102.504331,0,1,8.187703,6.910786,3.317236,1.000000,0.003548
1779541102.514852,0,1,8.177869,6.908971,3.317621,1.000000,0.003548
1779541102.524539,0,1,8.168038,6.907137,3.318197,1.000000,0.003548
1779541102.534681,0,1,8.158206,6.905313,3.318582,1.000000,0.003548
1779541102.544734,0,1,8.148377,6.903470,3.319158,1.000000,0.003548
1779541102.554667,0,1,8.138547,6.901636,3.319543,1.000000,0.003548
1779541102.564493,0,1,8.128720,6.899783,3.320119,1.000000,0.000429
1779541102.574623,0,1,8.118892,6.897940,3.320504,1.000000,0.000429
1779541102.584908,0,1,8.109066,6.896078,3.321080,1.000000,-0.000331
1779541102.594862,0,1,8.099240,6.894225,3.321465,1.000000,-0.000331
1779541102.604556,0,1,8.089416,6.892354,3.322041,1.000000,-0.000851
1779541102.614254,0,1,8.079587,6.890515,3.322180,1.000000,-0.001361
1779541102.624572,0,1,8.069746,6.888736,3.321803,1.000000,-0.001361
1779541102.634757,0,1,8.059903,6.886973,3.321498,1.000000,-0.001361
1779541102.644598,0,1,8.050054,6.885244,3.320957,1.000000,-0.001881
1779541102.655515,0,1,8.040204,6.883514,3.320588,1.000000,-0.002248
1779541102.664372,0,1,8.030351,6.881808,3.320021,1.000000,-0.002248
1779541102.674730,0,1,8.020498,6.880097,3.319640,1.000000,-0.001930
1779541102.684480,0,1,8.010642,6.878405,3.319067,1.000000,-0.001930
1779541102.694641,0,1,8.000788,6.876706,3.318683,1.000000,-0.001156
1779541102.704638,0,1,7.990930,6.875026,3.318108,1.000000,-0.001156
1779541102.715024,0,1,7.981074,6.873337,3.317723,1.000000,-0.000315
1779541102.724273,0,1,7.971214,6.871667,3.317148,1.000000,-0.000315
1779541102.734591,0,1,7.961356,6.869988,3.316763,1.000000,0.000578
1779541102.744520,0,1,7.951495,6.868328,3.316187,1.000000,0.000578
1779541102.754556,0,1,7.941639,6.866635,3.316048,1.000000,0.000952
1779541102.764553,0,1,7.931794,6.864882,3.316425,1.000000,0.000952
1779541102.774678,0,1,7.921952,6.863113,3.316730,1.000000,0.001868
1779541102.784770,0,1,7.912116,6.861310,3.317271,1.000000,0.002766
1779541102.794647,0,1,7.902279,6.859508,3.317640,1.000000,0.002766
1779541102.804265,0,1,7.892448,6.857682,3.318207,1.000000,0.003505
1779541102.814447,0,1,7.882615,6.855862,3.318588,1.000000,0.003505
1779541102.824924,0,1,7.872785,6.854022,3.319161,1.000000,0.003250
1779541102.834644,0,1,7.862955,6.852189,3.319545,1.000000,0.003250
1779541102.844625,0,1,7.853128,6.850338,3.320120,1.000000,0.002814
1779541102.854503,0,1,7.843299,6.848495,3.320505,1.000000,0.002814
1779541102.864507,0,1,7.833474,6.846634,3.321080,1.000000,0.002331
1779541102.874710,0,1,7.823647,6.844781,3.321466,1.000000,0.002331
1779541102.885007,0,1,7.813823,6.842910,3.322041,1.000000,0.001823
1779541102.894904,0,1,7.803998,6.841047,3.322426,1.000000,0.001823
1779541102.904657,0,1,7.794177,6.839167,3.323002,1.000000,0.001298
1779541102.914673,0,1,7.784354,6.837295,3.323387,1.000000,0.001298
1779541102.924716,0,1,7.774534,6.835405,3.323963,1.000000,0.000763
1779541102.934848,0,1,7.764712,6.833523,3.324348,1.000000,0.000763
1779541102.944640,0,1,7.754894,6.831624,3.324924,1.000000,0.000763
1779541102.954542,0,1,7.745075,6.829733,3.325309,1.000000,0.000763
1779541102.964558,0,1,7.735259,6.827824,3.325885,1.000000,0.000763
1779541102.974468,0,1,7.725441,6.825924,3.326270,1.000000,0.000763
1779541102.984794,0,1,7.715627,6.824006,3.326846,1.000000,0.000763
1779541102.995082,0,1,7.705811,6.822096,3.327231,1.000000,0.000763
1779541103.004359,0,1,7.695998,6.820168,3.327807,1.000000,0.000763
1779541103.014576,0,1,7.686184,6.818249,3.328192,1.000000,0.000763
1779541103.024566,0,1,7.676374,6.816312,3.328768,1.000000,0.000763
1779541103.034328,0,1,7.666561,6.814383,3.329153,1.000000,0.000763
1779541103.044262,0,1,7.656753,6.812437,3.329729,1.000000,-0.002281
1779541103.054731,0,1,7.646942,6.810499,3.330114,1.000000,-0.002281
1779541103.064749,0,1,7.637135,6.808543,3.330690,1.000000,-0.003217
1779541103.074315,0,1,7.627322,6.806619,3.330829,1.000000,-0.003217
1779541103.084621,0,1,7.617498,6.804755,3.330452,1.000000,-0.003835
1779541103.094584,0,1,7.607670,6.802907,3.330147,1.000000,-0.003835
1779541103.104666,0,1,7.597836,6.801093,3.329606,1.000000,-0.004432
1779541103.114658,0,1,7.588002,6.799278,3.329237,1.000000,-0.004432
1779541103.124847,0,1,7.578163,6.797487,3.328670,1.000000,-0.004886
1779541103.134694,0,1,7.568326,6.795690,3.328289,1.000000,-0.004618
1779541103.144578,0,1,7.558485,6.793914,3.327716,1.000000,-0.004618
1779541103.154582,0,1,7.548646,6.792129,3.327332,1.000000,-0.003930
1779541103.164342,0,1,7.538803,6.790364,3.326757,1.000000,-0.003930
1779541103.175073,0,1,7.528961,6.788590,3.326372,1.000000,-0.003185
1779541103.184234,0,1,7.519117,6.786834,3.325797,1.000000,-0.003185
1779541103.194236,0,1,7.509274,6.785070,3.325412,1.000000,-0.002370
1779541103.204638,0,1,7.499427,6.783325,3.324836,1.000000,-0.002046
1779541103.214621,0,1,7.489582,6.781570,3.324451,1.000000,-0.002046
1779541103.224407,0,1,7.479734,6.779834,3.323875,1.000000,-0.001225
1779541103.234370,0,1,7.469888,6.778089,3.323490,1.000000,-0.001225
1779541103.244714,0,1,7.460038,6.776362,3.322914,1.000000,-0.000377
1779541103.254366,0,1,7.450190,6.774627,3.322529,1.000000,-0.000377
1779541103.264834,0,1,7.440338,6.772909,3.321953,1.000000,0.000474
1779541103.274374,0,1,7.430488,6.771183,3.321568,1.000000,0.000474
1779541103.284585,0,1,7.420635,6.769476,3.320992,1.000000,0.001327
1779541103.294486,0,1,7.410788,6.767736,3.320853,1.000000,0.002212
1779541103.305044,0,1,7.400951,6.765935,3.321230,1.000000,0.002212
1779541103.314643,0,1,7.391117,6.764119,3.321535,1.000000,0.002702
1779541103.324315,0,1,7.381290,6.762269,3.322076,1.000000,0.002702
1779541103.334364,0,1,7.371463,6.760420,3.322445,1.000000,0.003599
1779541103.344537,0,1,7.361639,6.758547,3.323012,1.000000,0.003599
1779541103.354691,0,1,7.351815,6.756679,3.323393,1.000000,0.003687
1779541103.364700,0,1,7.341995,6.754792,3.323966,1.000000,0.003567
1779541103.375118,0,1,7.332173,6.752912,3.324350,1.000000,0.003567
1779541103.384618,0,1,7.322355,6.751014,3.324925,1.000000,0.003136
1779541103.394369,0,1,7.312536,6.749123,3.325310,1.000000,0.003136
1779541103.404363,0,1,7.302719,6.747215,3.325885,1.000000,0.002632
1779541103.414584,0,1,7.292902,6.745315,3.326271,1.000000,0.002632
1779541103.424318,0,1,7.283087,6.743397,3.326846,1.000000,0.002130
1779541103.435112,0,1,7.273271,6.741487,3.327231,1.000000,0.002130
1779541103.444547,0,1,7.263459,6.739559,3.327807,1.000000,0.002130
1779541103.455124,0,1,7.253645,6.737640,3.328192,1.000000,0.002130
1779541103.464528,0,1,7.243834,6.735703,3.328768,1.000000,0.002130
1779541103.474247,0,1,7.234022,6.733775,3.329153,1.000000,0.002130
1779541103.484958,0,1,7.224213,6.731828,3.329729,1.000000,0.002130
1779541103.494450,0,1,7.214403,6.729890,3.330114,1.000000,0.002130
1779541103.504482,0,1,7.204596,6.727934,3.330690,1.000000,0.002130
1779541103.514427,0,1,7.194787,6.725987,3.331075,1.000000,0.002130
1779541103.524270,0,1,7.184982,6.724021,3.331651,1.000000,0.002130
1779541103.534473,0,1,7.175176,6.722064,3.332036,1.000000,0.002130
1779541103.544511,0,1,7.165373,6.720089,3.332612,1.000000,0.002130
1779541103.554444,0,1,7.155568,6.718123,3.332997,1.000000,0.002130
1779541103.564292,0,1,7.145767,6.716139,3.333573,1.000000,-0.001291
1779541103.574435,0,1,7.135964,6.714163,3.333958,1.000000,-0.001291
1779541103.584586,0,1,7.126165,6.712170,3.334534,1.000000,-0.002298
1779541103.594947,0,1,7.116359,6.710208,3.334673,1.000000,-0.002892
1779541103.604559,0,1,7.106542,6.708306,3.334296,1.000000,-0.002892
1779541103.614834,0,1,7.096721,6.706421,3.333991,1.000000,-0.003278
1779541103.624578,0,1,7.086894,6.704568,3.333450,1.000000,-0.003278
1779541103.634566,0,1,7.077067,6.702716,3.333081,1.000000,-0.003278
1779541103.644854,0,1,7.067236,6.700887,3.332514,1.000000,-0.003920
1779541103.654722,0,1,7.057405,6.699053,3.332133,1.000000,-0.003920
1779541103.664479,0,1,7.047571,6.697238,3.331560,1.000000,-0.003400
1779541103.674381,0,1,7.037739,6.695416,3.331176,1.000000,-0.003400
1779541103.684469,0,1,7.027903,6.693612,3.330601,1.000000,-0.002663
1779541103.694354,0,1,7.018068,6.691801,3.330216,1.000000,-0.002229
1779541103.704221,0,1,7.008230,6.690008,3.329641,1.000000,-0.002229
1779541103.714407,0,1,6.998394,6.688206,3.329256,1.000000,-0.001407
1779541103.725174,0,1,6.988554,6.686422,3.328680,1.000000,-0.001407
1779541103.734320,0,1,6.978716,6.684630,3.328295,1.000000,-0.000592
1779541103.744374,0,1,6.968875,6.682856,3.327719,1.000000,-0.000592
1779541103.754838,0,1,6.959035,6.681073,3.327334,1.000000,-0.000592
1779541103.764952,0,1,6.949192,6.679308,3.326758,1.000000,0.000620
1779541103.774774,0,1,6.939351,6.677535,3.326373,1.000000,0.000620
1779541103.784963,0,1,6.929506,6.675780,3.325797,1.000000,0.001454
1779541103.794790,0,1,6.919667,6.673992,3.325658,1.000000,0.001454
1779541103.804626,0,1,6.909839,6.672145,3.326035,1.000000,0.002321
1779541103.814502,0,1,6.900014,6.670281,3.326340,1.000000,0.003197
1779541103.824589,0,1,6.890196,6.668385,3.326881,1.000000,0.003197
1779541103.835175,0,1,6.880377,6.666488,3.327250,1.000000,0.003689
1779541103.844221,0,1,6.870563,6.664568,3.327817,1.000000,0.003689
1779541103.855188,0,1,6.860748,6.662653,3.328198,1.000000,0.003770
1779541103.864243,0,1,6.850937,6.660719,3.328771,1.000000,0.003770
1779541103.874710,0,1,6.841125,6.658792,3.329155,1.000000,0.003363
1779541103.884453,0,1,6.831316,6.656846,3.329730,1.000000,0.003363
1779541103.894720,0,1,6.821505,6.654908,3.330115,1.000000,0.002887
1779541103.904665,0,1,6.811698,6.652953,3.330690,1.000000,0.002887
1779541103.914732,0,1,6.801890,6.651006,3.331076,1.000000,0.002378
1779541103.924587,0,1,6.792085,6.649040,3.331651,1.000000,0.002378
1779541103.934674,0,1,6.782278,6.647083,3.332036,1.000000,0.001850
1779541103.944916,0,1,6.772475,6.645109,3.332612,1.000000,0.001850
1779541103.954739,0,1,6.762670,6.643142,3.332997,1.000000,0.001850
1779541103.964594,0,1,6.752869,6.641158,3.333573,1.000000,0.001850
1779541103.974458,0,1,6.743066,6.639182,3.333958,1.000000,0.001850
1779541103.984560,0,1,6.733267,6.637189,3.334534,1.000000,0.001850
1779541103.994296,0,1,6.723466,6.635204,3.334919,1.000000,0.001850
1779541104.004653,0,1,6.713669,6.633201,3.335495,1.000000,0.001850
1779541104.014794,0,1,6.703870,6.631206,3.335880,1.000000,0.001850
1779541104.024731,0,1,6.694074,6.629194,3.336456,1.000000,0.001850
1779541104.034282,0,1,6.684277,6.627190,3.336841,1.000000,0.001850
1779541104.044841,0,1,6.674484,6.625168,3.337417,1.000000,0.001850
1779541104.054672,0,1,6.664689,6.623154,3.337802,1.000000,-0.001170
1779541104.064446,0,1,6.654897,6.621123,3.338378,1.000000,-0.001170
1779541104.074956,0,1,6.645099,6.619124,3.338517,1.000000,-0.002144
1779541104.084841,0,1,6.635289,6.617184,3.338140,1.000000,-0.002144
1779541104.094754,0,1,6.625476,6.615261,3.337835,1.000000,-0.002735
1779541104.104743,0,1,6.615656,6.613371,3.337294,1.000000,-0.002735
1779541104.114526,0,1,6.605836,6.611481,3.336925,1.000000,-0.003352
1779541104.124681,0,1,6.596012,6.609614,3.336358,1.000000,-0.003352
1779541104.135257,0,1,6.586189,6.607742,3.335977,1.000000,-0.003130
1779541104.144885,0,1,6.576362,6.605889,3.335404,1.000000,-0.003130
1779541104.154579,0,1,6.566536,6.604030,3.335020,1.000000,-0.003130
1779541104.164793,0,1,6.556707,6.602188,3.334445,1.000000,-0.002145
1779541104.174824,0,1,6.546880,6.600339,3.334060,1.000000,-0.002145
1779541104.184588,0,1,6.537049,6.598508,3.333485,1.000000,-0.001383
1779541104.195335,0,1,6.527219,6.596668,3.333100,1.000000,-0.001383
1779541104.204683,0,1,6.517387,6.594847,3.332524,1.000000,-0.000588
1779541104.214653,0,1,6.507556,6.593017,3.332139,1.000000,-0.000588
1779541104.224361,0,1,6.497721,6.591205,3.331563,1.000000,0.000231
1779541104.234905,0,1,6.487888,6.589384,3.331178,1.000000,0.000231
1779541104.244542,0,1,6.478052,6.587582,3.330602,1.000000,0.001064
1779541104.254789,0,1,6.468222,6.585747,3.330463,1.000000,0.001064
1779541104.264444,0,1,6.458403,6.583853,3.330840,1.000000,0.001903
1779541104.274377,0,1,6.448587,6.581942,3.331145,1.000000,0.001903
1779541104.284386,0,1,6.438778,6.579998,3.331686,1.000000,0.002762
1779541104.294419,0,1,6.428969,6.578054,3.332055,1.000000,0.002762
1779541104.304899,0,1,6.419164,6.576086,3.332622,1.000000,0.003458
1779541104.314773,0,1,6.409359,6.574125,3.333003,1.000000,0.003178
1779541104.324618,0,1,6.399557,6.572143,3.333576,1.000000,0.003178
1779541104.334552,0,1,6.389754,6.570169,3.333960,1.000000,0.002874
1779541104.345106,0,1,6.379954,6.568176,3.334535,1.000000,0.002874
1779541104.354621,0,1,6.370153,6.566192,3.334920,1.000000,0.002387
1779541104.364730,0,1,6.360356,6.564189,3.335495,1.000000,0.002387
1779541104.374798,0,1,6.350557,6.562195,3.335881,1.000000,0.001842
1779541104.384674,0,1,6.340761,6.560182,3.336456,1.000000,0.001842
1779541104.394469,0,1,6.330964,6.558178,3.336841,1.000000,0.001300
1779541104.404652,0,1,6.321171,6.556156,3.337417,1.000000,0.001069
1779541104.414302,0,1,6.311375,6.554143,3.337802,1.000000,0.001069
1779541104.424977,0,1,6.301584,6.552112,3.338378,1.000000,0.000493
1779541104.434813,0,1,6.291791,6.550089,3.338763,1.000000,0.000493
1779541104.444510,0,1,6.282001,6.548048,3.339339,1.000000,0.000493
1779541104.454746,0,1,6.272210,6.546016,3.339724,1.000000,0.000493
1779541104.464641,0,1,6.262422,6.543966,3.340300,1.000000,0.000493
1779541104.475013,0,1,6.252633,6.541924,3.340685,1.000000,0.000493
1779541104.484735,0,1,6.242847,6.539865,3.341261,1.000000,0.000493
1779541104.494816,0,1,6.233060,6.537814,3.341646,1.000000,0.000493
1779541104.504659,0,1,6.223276,6.535745,3.342222,1.000000,0.000493
1779541104.514757,0,1,6.213491,6.533684,3.342607,1.000000,0.000493
1779541104.524247,0,1,6.203709,6.531606,3.343183,1.000000,0.000493
1779541104.534416,0,1,6.193926,6.529536,3.343568,1.000000,0.000493
1779541104.544641,0,1,6.184146,6.527448,3.344144,1.000000,0.000493
1779541104.554624,0,1,6.174365,6.525369,3.344529,1.000000,-0.002758
1779541104.564554,0,1,6.164587,6.523272,3.345105,1.000000,-0.003778
1779541104.574685,0,1,6.154802,6.521207,3.345244,1.000000,-0.003778
1779541104.584549,0,1,6.145006,6.519201,3.344867,1.000000,-0.004429
1779541104.594466,0,1,6.135205,6.517212,3.344562,1.000000,-0.004429
1779541104.605418,0,1,6.125399,6.515256,3.344021,1.000000,-0.005089
1779541104.614657,0,1,6.115592,6.513300,3.343652,1.000000,-0.005089
1779541104.624929,0,1,6.105780,6.511367,3.343085,1.000000,-0.005089
1779541104.634682,0,1,6.095970,6.509429,3.342704,1.000000,-0.005592
1779541104.644507,0,1,6.086156,6.507511,3.342131,1.000000,-0.005592
1779541104.655051,0,1,6.076343,6.505585,3.341747,1.000000,-0.004692
1779541104.664316,0,1,6.066527,6.503677,3.341172,1.000000,-0.004692
1779541104.675117,0,1,6.056712,6.501762,3.340787,1.000000,-0.004001
1779541104.684885,0,1,6.046893,6.499865,3.340212,1.000000,-0.004001
1779541104.694352,0,1,6.037077,6.497959,3.339827,1.000000,-0.003262
1779541104.704720,0,1,6.027256,6.496071,3.339251,1.000000,-0.003262
1779541104.714850,0,1,6.017438,6.494175,3.338866,1.000000,-0.002965
1779541104.724511,0,1,6.007616,6.492297,3.338290,1.000000,-0.002965
1779541104.734554,0,1,5.997795,6.490410,3.337905,1.000000,-0.002181
1779541104.744608,0,1,5.987972,6.488542,3.337329,1.000000,-0.001403
1779541104.754387,0,1,5.978149,6.486665,3.336944,1.000000,-0.001403
1779541104.764695,0,1,5.968324,6.484806,3.336368,1.000000,-0.001403
1779541104.774966,0,1,5.958500,6.482938,3.335983,1.000000,-0.000613
1779541104.784437,0,1,5.948672,6.481088,3.335407,1.000000,-0.000613
1779541104.794549,0,1,5.938846,6.479230,3.335022,1.000000,0.000188
1779541104.804868,0,1,5.929017,6.477389,3.334446,1.000000,0.000188
1779541104.814880,0,1,5.919194,6.475517,3.334307,1.000000,0.001004
1779541104.824869,0,1,5.909383,6.473585,3.334684,1.000000,0.001004
1779541104.834958,0,1,5.899574,6.471636,3.334989,1.000000,0.001830
1779541104.844768,0,1,5.889773,6.469655,3.335530,1.000000,0.001830
1779541104.854419,0,1,5.879971,6.467673,3.335899,1.000000,0.001830
1779541104.865320,0,1,5.870174,6.465668,3.336466,1.000000,0.003385
1779541104.874671,0,1,5.860376,6.463669,3.336847,1.000000,0.003385
1779541104.884768,0,1,5.850582,6.461649,3.337420,1.000000,0.003385
1779541104.894423,0,1,5.840786,6.459637,3.337804,1.000000,0.003059
1779541104.904733,0,1,5.830995,6.457607,3.338379,1.000000,0.003059
1779541104.914614,0,1,5.821201,6.455585,3.338764,1.000000,0.003059
1779541104.925048,0,1,5.811412,6.453544,3.339339,1.000000,0.002037
1779541104.934992,0,1,5.801620,6.451512,3.339725,1.000000,0.002037
1779541104.944793,0,1,5.791833,6.449462,3.340300,1.000000,0.002037
1779541104.954916,0,1,5.782043,6.447421,3.340685,1.000000,0.002037
1779541104.964704,0,1,5.772258,6.445361,3.341261,1.000000,0.002037
1779541104.974982,0,1,5.762470,6.443310,3.341646,1.000000,0.002037
1779541104.984646,0,1,5.752687,6.441241,3.342222,1.000000,0.002037
1779541104.995350,0,1,5.742901,6.439181,3.342607,1.000000,0.002037
1779541105.004754,0,1,5.733120,6.437103,3.343183,1.000000,0.002037
1779541105.014981,0,1,5.723336,6.435033,3.343568,1.000000,0.002037
1779541105.024599,0,1,5.713557,6.432945,3.344144,1.000000,0.002037
1779541105.034561,0,1,5.703775,6.430866,3.344529,1.000000,0.002037
1779541105.044713,0,1,5.693997,6.428769,3.345105,1.000000,0.002037
1779541105.055839,0,1,5.684218,6.426680,3.345490,1.000000,0.002037
1779541105.064300,0,1,5.674442,6.424574,3.346066,1.000000,0.002037
1779541105.074836,0,1,5.664665,6.422476,3.346451,1.000000,0.002037
1779541105.084386,0,1,5.654891,6.420360,3.347027,1.000000,0.002037
1779541105.094956,0,1,5.645116,6.418252,3.347412,1.000000,0.002037
1779541105.104794,0,1,5.635344,6.416127,3.347988,1.000000,0.002037
1779541105.114573,0,1,5.625571,6.414010,3.348373,1.000000,0.002037
1779541105.125082,0,1,5.615802,6.411875,3.348949,1.000000,-0.003488
1779541105.134738,0,1,5.606030,6.409749,3.349334,1.000000,-0.003488
1779541105.144671,0,1,5.596263,6.407605,3.349910,1.000000,-0.003488
1779541105.154726,0,1,5.586488,6.405493,3.350049,1.000000,-0.004846
1779541105.164325,0,1,5.576701,6.403440,3.349672,1.000000,-0.004846
1779541105.174828,0,1,5.566911,6.401404,3.349367,1.000000,-0.005533
1779541105.184726,0,1,5.557114,6.399401,3.348826,1.000000,-0.006230
1779541105.194826,0,1,5.547316,6.397398,3.348457,1.000000,-0.006230
1779541105.204651,0,1,5.537514,6.395418,3.347890,1.000000,-0.006785
1779541105.214865,0,1,5.527713,6.393432,3.347509,1.000000,-0.006785
1779541105.224817,0,1,5.517908,6.391467,3.346936,1.000000,-0.006318
1779541105.234903,0,1,5.508105,6.389494,3.346552,1.000000,-0.006318
1779541105.244944,0,1,5.498298,6.387539,3.345977,1.000000,-0.005688
1779541105.254827,0,1,5.488492,6.385577,3.345592,1.000000,-0.005688
1779541105.264630,0,1,5.478683,6.383632,3.345017,1.000000,-0.004986
1779541105.274570,0,1,5.468876,6.381680,3.344632,1.000000,-0.004986
1779541105.284473,0,1,5.459065,6.379745,3.344056,1.000000,-0.004273
1779541105.294326,0,1,5.449255,6.377802,3.343671,1.000000,-0.004273
1779541105.304604,0,1,5.439442,6.375876,3.343095,1.000000,-0.003547
1779541105.314517,0,1,5.429631,6.373943,3.342710,1.000000,-0.003547
1779541105.324338,0,1,5.419816,6.372027,3.342134,1.000000,-0.002810
1779541105.334348,0,1,5.410003,6.370102,3.341749,1.000000,-0.002810
1779541105.344372,0,1,5.400187,6.368196,3.341173,1.000000,-0.002059
1779541105.354509,0,1,5.390372,6.366281,3.340788,1.000000,-0.001295
1779541105.364304,0,1,5.380553,6.364384,3.340212,1.000000,-0.001295
1779541105.374548,0,1,5.370737,6.362479,3.339827,1.000000,-0.000524
1779541105.384644,0,1,5.360916,6.360591,3.339251,1.000000,-0.000524
1779541105.394919,0,1,5.351098,6.358695,3.338866,1.000000,-0.000086
1779541105.404646,0,1,5.341276,6.356817,3.338290,1.000000,-0.000086
1779541105.414915,0,1,5.331458,6.354919,3.338028,1.000000,0.000723
1779541105.424618,0,1,5.321643,6.352999,3.337928,1.000000,0.000723
1779541105.435109,0,1,5.311834,6.351056,3.338011,1.000000,0.001523
1779541105.444652,0,1,5.302034,6.349066,3.338470,1.000000,0.001523
1779541105.455319,0,1,5.292236,6.347068,3.338807,1.000000,0.001523
1779541105.464324,0,1,5.282443,6.345042,3.339361,1.000000,0.001523
1779541105.474706,0,1,5.272650,6.343018,3.339736,1.000000,0.001523
1779541105.484814,0,1,5.262861,6.340973,3.340307,1.000000,0.001523
1779541105.494829,0,1,5.253071,6.338934,3.340689,1.000000,0.001523
1779541105.504678,0,1,5.243285,6.336877,3.341263,1.000000,0.001523
1779541105.514798,0,1,5.233498,6.334827,3.341648,1.000000,0.001523
1779541105.524718,0,1,5.223714,6.332758,3.342223,1.000000,0.001523
1779541105.534518,0,1,5.213929,6.330698,3.342608,1.000000,0.001523
1779541105.544512,0,1,5.204147,6.328620,3.343183,1.000000,0.001523
1779541105.554601,0,1,5.194363,6.326551,3.343568,1.000000,0.001523
1779541105.564664,0,1,5.184584,6.324463,3.344144,1.000000,0.001523
1779541105.574312,0,1,5.174802,6.322384,3.344529,1.000000,0.001523
1779541105.584779,0,1,5.165025,6.320287,3.345105,1.000000,0.001523
1779541105.594542,0,1,5.155245,6.318198,3.345490,1.000000,0.001523
1779541105.604539,0,1,5.145470,6.316092,3.346066,1.000000,-0.000211
1779541105.614464,0,1,5.135692,6.313994,3.346451,1.000000,-0.000211
1779541105.624814,0,1,5.125919,6.311878,3.347027,1.000000,-0.000211
1779541105.634705,0,1,5.116138,6.309794,3.347166,1.000000,-0.001638
1779541105.644825,0,1,5.106345,6.307769,3.346789,1.000000,-0.001638
1779541105.654618,0,1,5.096549,6.305761,3.346484,1.000000,-0.002303
1779541105.664813,0,1,5.086746,6.303786,3.345943,1.000000,-0.002303
1779541105.674738,0,1,5.076943,6.301811,3.345574,1.000000,-0.002996
1779541105.684775,0,1,5.067135,6.299860,3.345007,1.000000,-0.002996
1779541105.694884,0,1,5.057329,6.297903,3.344626,1.000000,-0.002996
1779541105.704599,0,1,5.047518,6.295965,3.344053,1.000000,-0.002566
1779541105.714916,0,1,5.037709,6.294021,3.343669,1.000000,-0.002566
1779541105.724385,0,1,5.027896,6.292094,3.343094,1.000000,-0.002566
1779541105.734950,0,1,5.018085,6.290160,3.342709,1.000000,-0.001460
1779541105.744321,0,1,5.008270,6.288244,3.342134,1.000000,-0.001460
1779541105.754721,0,1,4.998457,6.286319,3.341749,1.000000,-0.001460
1779541105.764499,0,1,4.988641,6.284413,3.341173,1.000000,-0.000415
1779541105.774762,0,1,4.978826,6.282498,3.340788,1.000000,-0.000415
1779541105.784408,0,1,4.969007,6.280601,3.340212,1.000000,-0.000415
1779541105.795082,0,1,4.959191,6.278695,3.339827,1.000000,0.060245
1779541105.804750,0,1,4.949370,6.276808,3.339251,1.000000,0.060245
1779541105.814811,0,1,4.939556,6.274888,3.339112,1.000000,0.060245
1779541105.824819,0,1,4.929759,6.272886,3.339735,1.000000,0.001907
1779541105.834745,0,1,4.919981,6.270789,3.340992,1.000000,0.001907
1779541105.844903,0,1,4.910207,6.268675,3.341978,1.000000,0.001907
1779541105.854609,0,1,4.900428,6.266587,3.342511,1.000000,0.003165
1779541105.864892,0,1,4.890649,6.264493,3.343142,1.000000,0.003165
1779541105.874727,0,1,4.880868,6.262414,3.343549,1.000000,0.003165
1779541105.884280,0,1,4.871090,6.260320,3.344135,1.000000,0.002144
1779541105.895072,0,1,4.861309,6.258238,3.344524,1.000000,0.002144
1779541105.904697,0,1,4.851532,6.256139,3.345102,1.000000,0.002144
1779541105.915344,0,1,4.841752,6.254049,3.345489,1.000000,0.000723
1779541105.924779,0,1,4.831977,6.251942,3.346065,1.000000,0.000723
1779541105.934980,0,1,4.822200,6.249843,3.346451,1.000000,0.000723
1779541105.944798,0,1,4.812426,6.247727,3.347027,1.000000,0.000723
1779541105.954989,0,1,4.802651,6.245619,3.347412,1.000000,0.000723
1779541105.964722,0,1,4.792879,6.243494,3.347988,1.000000,0.000723
1779541105.975090,0,1,4.783106,6.241377,3.348373,1.000000,0.000723
1779541105.984652,0,1,4.773336,6.239242,3.348949,1.000000,0.000723
1779541105.994693,0,1,4.763565,6.237116,3.349334,1.000000,0.000723
1779541106.004802,0,1,4.753798,6.234972,3.349910,1.000000,0.000723
1779541106.014853,0,1,4.744028,6.232836,3.350295,1.000000,0.000723
1779541106.024268,0,1,4.734263,6.230683,3.350871,1.000000,0.000723
1779541106.034786,0,1,4.724496,6.228538,3.351256,1.000000,0.000723
1779541106.044969,0,1,4.714732,6.226375,3.351832,1.000000,0.000723
1779541106.054246,0,1,4.704967,6.224221,3.352217,1.000000,0.000723
1779541106.065203,0,1,4.695206,6.222049,3.352793,1.000000,-0.003907
1779541106.074693,0,1,4.685443,6.219885,3.353178,1.000000,-0.003907
1779541106.084849,0,1,4.675684,6.217703,3.353754,1.000000,-0.005020
1779541106.094349,0,1,4.665918,6.215553,3.353893,1.000000,-0.005020
1779541106.104289,0,1,4.656139,6.213463,3.353516,1.000000,-0.005741
1779541106.114640,0,1,4.646356,6.211390,3.353211,1.000000,-0.005741
1779541106.124578,0,1,4.636566,6.209349,3.352670,1.000000,-0.006500
1779541106.134840,0,1,4.626777,6.207308,3.352301,1.000000,-0.006500
1779541106.144683,0,1,4.616983,6.205290,3.351734,1.000000,-0.007073
1779541106.154715,0,1,4.607189,6.203267,3.351353,1.000000,-0.006871
1779541106.164589,0,1,4.597392,6.201264,3.350780,1.000000,-0.006871
1779541106.175136,0,1,4.587596,6.199253,3.350396,1.000000,-0.006315
1779541106.184755,0,1,4.577797,6.197261,3.349821,1.000000,-0.006315
1779541106.194839,0,1,4.567999,6.195261,3.349436,1.000000,-0.005706
1779541106.204952,0,1,4.558197,6.193279,3.348861,1.000000,-0.005706
1779541106.214679,0,1,4.548397,6.191288,3.348476,1.000000,-0.005034
1779541106.225000,0,1,4.538594,6.189316,3.347900,1.000000,-0.005034
1779541106.234393,0,1,4.528792,6.187335,3.347515,1.000000,-0.004362
1779541106.244867,0,1,4.518987,6.185372,3.346939,1.000000,-0.004362
1779541106.254712,0,1,4.509183,6.183400,3.346554,1.000000,-0.003664
1779541106.264806,0,1,4.499376,6.181447,3.345978,1.000000,-0.003664
1779541106.274686,0,1,4.489570,6.179485,3.345593,1.000000,-0.002983
1779541106.284367,0,1,4.479761,6.177541,3.345017,1.000000,-0.002983
1779541106.295006,0,1,4.469953,6.175588,3.344632,1.000000,-0.002277
1779541106.304827,0,1,4.460142,6.173653,3.344056,1.000000,-0.002277
1779541106.315106,0,1,4.450333,6.171710,3.343671,1.000000,-0.001573
1779541106.325816,0,1,4.440520,6.169785,3.343095,1.000000,-0.001573
1779541106.334972,0,1,4.430709,6.167851,3.342710,1.000000,-0.000821
1779541106.345268,0,1,4.420894,6.165935,3.342134,1.000000,-0.000821
1779541106.354462,0,1,4.411081,6.164011,3.341749,1.000000,-0.000097
1779541106.364336,0,1,4.401264,6.162105,3.341173,1.000000,-0.000097
1779541106.374772,0,1,4.391452,6.160178,3.340911,1.000000,0.000642
1779541106.384549,0,1,4.381643,6.158230,3.340811,1.000000,0.000642
1779541106.394736,0,1,4.371839,6.156259,3.340894,1.000000,0.001409
1779541106.404703,0,1,4.362045,6.154240,3.341353,1.000000,0.001409
1779541106.414845,0,1,4.352253,6.152214,3.341690,1.000000,0.002178
1779541106.424659,0,1,4.342466,6.150160,3.342244,1.000000,0.002408
1779541106.434757,0,1,4.332679,6.148108,3.342619,1.000000,0.002408
1779541106.444798,0,1,4.322896,6.146035,3.343190,1.000000,0.002408
1779541106.454806,0,1,4.313112,6.143968,3.343572,1.000000,0.002408
1779541106.464783,0,1,4.303332,6.141882,3.344146,1.000000,0.002408
1779541106.474781,0,1,4.293550,6.139804,3.344531,1.000000,0.002408
1779541106.484510,0,1,4.283772,6.137707,3.345106,1.000000,0.002408
1779541106.494492,0,1,4.273993,6.135619,3.345491,1.000000,0.002408
1779541106.504844,0,1,4.264217,6.133513,3.346066,1.000000,0.002408
1779541106.514807,0,1,4.254440,6.131415,3.346451,1.000000,0.002408
1779541106.524656,0,1,4.244666,6.129299,3.347027,1.000000,0.002408
1779541106.534779,0,1,4.234891,6.127191,3.347412,1.000000,0.002408
1779541106.544869,0,1,4.225119,6.125066,3.347988,1.000000,0.002408
1779541106.554615,0,1,4.215346,6.122949,3.348373,1.000000,-0.000628
1779541106.564960,0,1,4.205576,6.120815,3.348949,1.000000,-0.000628
1779541106.574710,0,1,4.195800,6.118712,3.349088,1.000000,-0.000628
1779541106.584407,0,1,4.186011,6.116669,3.348711,1.000000,-0.001826
1779541106.594979,0,1,4.176218,6.114642,3.348406,1.000000,-0.001826
1779541106.604612,0,1,4.166419,6.112648,3.347865,1.000000,-0.002540
1779541106.614508,0,1,4.156620,6.110654,3.347496,1.000000,-0.002972
1779541106.624625,0,1,4.146816,6.108684,3.346929,1.000000,-0.002972
1779541106.634981,0,1,4.137013,6.106708,3.346548,1.000000,-0.002972
1779541106.644676,0,1,4.127206,6.104752,3.345975,1.000000,-0.002620
1779541106.655143,0,1,4.117401,6.102788,3.345591,1.000000,-0.002620
1779541106.664683,0,1,4.107592,6.100843,3.345016,1.000000,-0.001994
1779541106.674516,0,1,4.097785,6.098890,3.344631,1.000000,-0.001994
1779541106.684636,0,1,4.087974,6.096955,3.344056,1.000000,-0.001323
1779541106.695011,0,1,4.078164,6.095012,3.343671,1.000000,-0.000614
1779541106.704261,0,1,4.068352,6.093086,3.343095,1.000000,-0.000614
1779541106.714594,0,1,4.058540,6.091152,3.342710,1.000000,-0.000206
1779541106.724601,0,1,4.048726,6.089237,3.342134,1.000000,-0.000206
1779541106.734770,0,1,4.038912,6.087312,3.341749,1.000000,0.000843
1779541106.744643,0,1,4.029096,6.085406,3.341173,1.000000,0.000843
1779541106.754750,0,1,4.019286,6.083467,3.341034,1.000000,0.001252
1779541106.764651,0,1,4.009487,6.081469,3.341411,1.000000,0.001252
1779541106.774693,0,1,3.999692,6.079455,3.341716,1.000000,0.002007
1779541106.784843,0,1,3.989904,6.077407,3.342257,1.000000,0.002007
1779541106.794703,0,1,3.980116,6.075360,3.342626,1.000000,0.002007
1779541106.804210,0,1,3.970333,6.073289,3.343193,1.000000,0.002917
1779541106.814620,0,1,3.960548,6.071223,3.343574,1.000000,0.002917
1779541106.824470,0,1,3.950768,6.069138,3.344147,1.000000,0.002510
1779541106.834832,0,1,3.940986,6.067061,3.344531,1.000000,0.002510
1779541106.844625,0,1,3.931209,6.064964,3.345106,1.000000,0.001918
1779541106.854794,0,1,3.921429,6.062876,3.345491,1.000000,0.001529
1779541106.864641,0,1,3.911653,6.060770,3.346066,1.000000,0.001529
1779541106.874971,0,1,3.901876,6.058672,3.346452,1.000000,0.000886
1779541106.885242,0,1,3.892102,6.056557,3.347027,1.000000,0.000886
1779541106.894883,0,1,3.882327,6.054449,3.347412,1.000000,0.000209
1779541106.904639,0,1,3.872555,6.052324,3.347988,1.000000,0.000209
1779541106.914392,0,1,3.862782,6.050207,3.348373,1.000000,-0.000470
1779541106.924686,0,1,3.853012,6.048072,3.348949,1.000000,-0.000470
1779541106.935122,0,1,3.843236,6.045970,3.349088,1.000000,-0.001167
1779541106.944745,0,1,3.833447,6.043927,3.348711,1.000000,-0.001167
1779541106.955147,0,1,3.823655,6.041900,3.348406,1.000000,-0.001167
1779541106.964915,0,1,3.813855,6.039906,3.347865,1.000000,-0.001167
1779541106.974434,0,1,3.804056,6.037912,3.347496,1.000000,-0.001167
1779541106.984259,0,1,3.794252,6.035942,3.346929,1.000000,-0.001167
1779541106.994856,0,1,3.784449,6.033966,3.346548,1.000000,-0.001167
1779541107.007620,0,1,3.774643,6.032010,3.345975,1.000000,-0.001167
1779541107.014689,0,1,3.764837,6.030046,3.345591,1.000000,-0.001167
1779541107.024512,0,1,3.755028,6.028101,3.345016,1.000000,-0.001167
1779541107.034554,0,1,3.745221,6.026148,3.344631,1.000000,-0.001167
1779541107.044459,0,1,3.735410,6.024213,3.344056,1.000000,-0.001167
1779541107.054577,0,1,3.725600,6.022269,3.343671,1.000000,-0.001167
1779541107.064701,0,1,3.715788,6.020344,3.343095,1.000000,-0.000161
1779541107.074716,0,1,3.705976,6.018410,3.342710,1.000000,-0.000161
1779541107.084607,0,1,3.696162,6.016494,3.342134,1.000000,0.000365
1779541107.094392,0,1,3.686349,6.014570,3.341749,1.000000,0.000365
1779541107.104308,0,1,3.676532,6.012664,3.341173,1.000000,0.001075
1779541107.114480,0,1,3.666722,6.010725,3.341034,1.000000,0.001796
1779541107.124638,0,1,3.656923,6.008727,3.341411,1.000000,0.001796
1779541107.134439,0,1,3.647128,6.006712,3.341716,1.000000,0.002219
1779541107.144646,0,1,3.637340,6.004665,3.342257,1.000000,0.002219
1779541107.154507,0,1,3.627552,6.002617,3.342626,1.000000,0.002957
1779541107.164405,0,1,3.617769,6.000547,3.343193,1.000000,0.002957
1779541107.174501,0,1,3.607984,5.998481,3.343574,1.000000,0.002864
1779541107.184475,0,1,3.598204,5.996396,3.344147,1.000000,0.002864
1779541107.194462,0,1,3.588422,5.994318,3.344531,1.000000,0.002674
1779541107.204292,0,1,3.578645,5.992222,3.345106,1.000000,0.002068
1779541107.214599,0,1,3.568865,5.990134,3.345491,1.000000,0.002068
1779541107.224630,0,1,3.559089,5.988028,3.346066,1.000000,0.001407
1779541107.234754,0,1,3.549312,5.985930,3.346452,1.000000,0.001407
1779541107.244777,0,1,3.539538,5.983814,3.347027,1.000000,0.000719
1779541107.254649,0,1,3.529763,5.981707,3.347412,1.000000,0.000719
1779541107.264492,0,1,3.519991,5.979582,3.347988,1.000000,0.000021
1779541107.274665,0,1,3.510218,5.977465,3.348373,1.000000,0.000021
1779541107.284570,0,1,3.500448,5.975330,3.348949,1.000000,-0.000686
1779541107.295069,0,1,3.490675,5.973216,3.349211,1.000000,-0.000686
1779541107.304796,0,1,3.480894,5.971134,3.349188,1.000000,-0.001411
1779541107.314803,0,1,3.471102,5.969103,3.348751,1.000000,-0.001411
1779541107.324550,0,1,3.461308,5.967084,3.348423,1.000000,-0.002149
1779541107.335132,0,1,3.451508,5.965094,3.347874,1.000000,-0.002813
1779541107.344699,0,1,3.441708,5.963103,3.347500,1.000000,-0.002813
1779541107.354673,0,1,3.431904,5.961134,3.346931,1.000000,-0.002848
1779541107.364794,0,1,3.422101,5.959159,3.346549,1.000000,-0.002848
1779541107.374850,0,1,3.412294,5.957204,3.345976,1.000000,-0.002370
1779541107.384573,0,1,3.402489,5.955240,3.345591,1.000000,-0.002370
1779541107.394761,0,1,3.392680,5.953295,3.345016,1.000000,-0.001770
1779541107.404621,0,1,3.382872,5.951342,3.344631,1.000000,-0.001770
1779541107.414723,0,1,3.373061,5.949408,3.344056,1.000000,-0.001120
1779541107.424667,0,1,3.363252,5.947464,3.343671,1.000000,-0.001120
1779541107.434846,0,1,3.353439,5.945539,3.343095,1.000000,-0.000730
1779541107.444745,0,1,3.343628,5.943605,3.342710,1.000000,-0.000730
1779541107.454850,0,1,3.333813,5.941689,3.342134,1.000000,-0.000730
1779541107.465082,0,1,3.324000,5.939765,3.341749,1.000000,-0.000730
1779541107.474503,0,1,3.314183,5.937858,3.341173,1.000000,-0.000730
1779541107.484919,0,1,3.304368,5.935944,3.340788,1.000000,-0.000730
1779541107.494550,0,1,3.294550,5.934047,3.340212,1.000000,-0.000730
1779541107.504924,0,1,3.284733,5.932141,3.339827,1.000000,-0.000730
1779541107.514356,0,1,3.274913,5.930254,3.339251,1.000000,-0.000730
1779541107.524779,0,1,3.265094,5.928358,3.338866,1.000000,-0.000730
1779541107.534391,0,1,3.255272,5.926480,3.338290,1.000000,-0.000730
1779541107.544815,0,1,3.245452,5.924593,3.337905,1.000000,-0.000730
1779541107.554677,0,1,3.235628,5.922724,3.337329,1.000000,-0.000730
1779541107.564606,0,1,3.225806,5.920847,3.336944,1.000000,0.004159
1779541107.575079,0,1,3.215980,5.918988,3.336368,1.000000,0.004159
1779541107.584645,0,1,3.206161,5.917097,3.336229,1.000000,0.004912
1779541107.594771,0,1,3.196353,5.915146,3.336606,1.000000,0.004912
1779541107.604728,0,1,3.186548,5.913178,3.336911,1.000000,0.005661
1779541107.614373,0,1,3.176750,5.911178,3.337452,1.000000,0.005661
1779541107.624522,0,1,3.166953,5.909177,3.337821,1.000000,0.006419
1779541107.634805,0,1,3.157159,5.907153,3.338388,1.000000,0.006419
1779541107.644623,0,1,3.147365,5.905135,3.338769,1.000000,0.006351
1779541107.654702,0,1,3.137575,5.903097,3.339342,1.000000,0.006351
1779541107.664583,0,1,3.127784,5.901066,3.339726,1.000000,0.005822
1779541107.674690,0,1,3.117996,5.899017,3.340301,1.000000,0.005822
1779541107.684797,0,1,3.108206,5.896976,3.340686,1.000000,0.005202
1779541107.694668,0,1,3.098421,5.894917,3.341261,1.000000,0.004949
1779541107.704287,0,1,3.088633,5.892866,3.341647,1.000000,0.004949
1779541107.714275,0,1,3.078850,5.890797,3.342222,1.000000,0.003875
1779541107.724489,0,1,3.069064,5.888737,3.342607,1.000000,0.003875
1779541107.734530,0,1,3.059282,5.886659,3.343183,1.000000,0.003606
1779541107.744564,0,1,3.049499,5.884589,3.343568,1.000000,0.003606
1779541107.754862,0,1,3.039719,5.882501,3.344144,1.000000,0.002911
1779541107.764564,0,1,3.029938,5.880422,3.344529,1.000000,0.002911
1779541107.774820,0,1,3.020160,5.878325,3.345105,1.000000,0.002211
1779541107.784314,0,1,3.010381,5.876236,3.345490,1.000000,0.002211
1779541107.794983,0,1,3.000605,5.874130,3.346066,1.000000,0.001490
1779541107.804579,0,1,2.990828,5.872032,3.346451,1.000000,0.001490
1779541107.814734,0,1,2.981054,5.869916,3.347027,1.000000,0.000759
1779541107.824233,0,1,2.971279,5.867808,3.347412,1.000000,0.000326
1779541107.835124,0,1,2.961507,5.865683,3.347988,1.000000,0.000326
1779541107.844544,0,1,2.951734,5.863566,3.348373,1.000000,-0.000423
1779541107.854393,0,1,2.941964,5.861431,3.348949,1.000000,-0.000423
1779541107.864280,0,1,2.932188,5.859329,3.349088,1.000000,-0.001184
1779541107.874467,0,1,2.922399,5.857285,3.348711,1.000000,-0.001184
1779541107.884680,0,1,2.912606,5.855259,3.348406,1.000000,-0.001960
1779541107.894643,0,1,2.902807,5.853265,3.347865,1.000000,-0.001960
1779541107.904752,0,1,2.893008,5.851271,3.347496,1.000000,-0.002749
1779541107.914731,0,1,2.883204,5.849301,3.346929,1.000000,-0.002749
1779541107.924783,0,1,2.873401,5.847325,3.346548,1.000000,-0.002713
1779541107.934680,0,1,2.863595,5.845369,3.345975,1.000000,-0.002713
1779541107.944376,0,1,2.853789,5.843405,3.345591,1.000000,-0.002713
1779541107.954687,0,1,2.843980,5.841460,3.345016,1.000000,-0.002713
1779541107.964608,0,1,2.834173,5.839507,3.344631,1.000000,-0.002713
1779541107.974786,0,1,2.824362,5.837572,3.344056,1.000000,-0.002713
1779541107.984495,0,1,2.814552,5.835628,3.343671,1.000000,-0.002713
1779541107.994393,0,1,2.804740,5.833703,3.343095,1.000000,-0.002713
1779541108.004705,0,1,2.794928,5.831769,3.342710,1.000000,-0.002713
1779541108.014953,0,1,2.785114,5.829853,3.342134,1.000000,-0.002713
1779541108.024603,0,1,2.775300,5.827929,3.341749,1.000000,-0.002713
1779541108.034425,0,1,2.765484,5.826023,3.341173,1.000000,-0.002713
1779541108.044577,0,1,2.755669,5.824108,3.340788,1.000000,0.000819
1779541108.054937,0,1,2.745851,5.822211,3.340212,1.000000,0.000819
1779541108.064510,0,1,2.736038,5.820282,3.340073,1.000000,0.001523
1779541108.074386,0,1,2.726238,5.818293,3.340450,1.000000,0.001523
1779541108.084568,0,1,2.716441,5.816288,3.340755,1.000000,0.002189
1779541108.094387,0,1,2.706651,5.814250,3.341296,1.000000,0.002189
1779541108.104831,0,1,2.696861,5.812212,3.341665,1.000000,0.002860
1779541108.114300,0,1,2.687076,5.810150,3.342232,1.000000,0.002860
1779541108.124858,0,1,2.677289,5.808094,3.342613,1.000000,0.002706
1779541108.135149,0,1,2.667507,5.806018,3.343186,1.000000,0.002487
1779541108.144514,0,1,2.657723,5.803950,3.343570,1.000000,0.002487
1779541108.154208,0,1,2.647944,5.801863,3.344145,1.000000,0.002487
1779541108.164842,0,1,2.638162,5.799785,3.344530,1.000000,0.001380
1779541108.174675,0,1,2.628384,5.797688,3.345105,1.000000,0.001088
1779541108.184630,0,1,2.618605,5.795600,3.345491,1.000000,0.001088
1779541108.194715,0,1,2.608829,5.793493,3.346066,1.000000,0.000334
1779541108.204277,0,1,2.599052,5.791395,3.346451,1.000000,0.000334
1779541108.214702,0,1,2.589278,5.789279,3.347027,1.000000,-0.000430
1779541108.224623,0,1,2.579503,5.787172,3.347412,1.000000,-0.000430
1779541108.234725,0,1,2.569731,5.785047,3.347988,1.000000,-0.001211
1779541108.244664,0,1,2.559953,5.782953,3.348127,1.000000,-0.001211
1779541108.254917,0,1,2.550162,5.780919,3.347750,1.000000,-0.001667
1779541108.264272,0,1,2.540367,5.778902,3.347445,1.000000,-0.002466
1779541108.274328,0,1,2.530566,5.776918,3.346904,1.000000,-0.002466
1779541108.284259,0,1,2.520765,5.774933,3.346535,1.000000,-0.003280
1779541108.294487,0,1,2.510959,5.772972,3.345968,1.000000,-0.003280
1779541108.304309,0,1,2.501155,5.771006,3.345587,1.000000,-0.003273
1779541108.314926,0,1,2.491346,5.769059,3.345014,1.000000,-0.003273
1779541108.324632,0,1,2.481539,5.767105,3.344630,1.000000,-0.002804
1779541108.334633,0,1,2.471728,5.765169,3.344055,1.000000,-0.002804
1779541108.345026,0,1,2.461919,5.763225,3.343670,1.000000,-0.002247
1779541108.354731,0,1,2.452106,5.761300,3.343095,1.000000,-0.002247
1779541108.364770,0,1,2.442295,5.759366,3.342710,1.000000,-0.001667
1779541108.374557,0,1,2.432480,5.757450,3.342134,1.000000,-0.001433
1779541108.384598,0,1,2.422667,5.755526,3.341749,1.000000,-0.001433
1779541108.394799,0,1,2.412850,5.753619,3.341173,1.000000,-0.000832
1779541108.404505,0,1,2.403035,5.751704,3.340788,1.000000,-0.000832
1779541108.414548,0,1,2.393217,5.749807,3.340212,1.000000,-0.000217
1779541108.424468,0,1,2.383400,5.747902,3.339827,1.000000,-0.000217
1779541108.434749,0,1,2.373580,5.746014,3.339251,1.000000,0.000409
1779541108.444958,0,1,2.363761,5.744118,3.338866,1.000000,0.000409
1779541108.454892,0,1,2.353939,5.742240,3.338290,1.000000,0.000409
1779541108.464468,0,1,2.344123,5.740330,3.338151,1.000000,0.000409
1779541108.474818,0,1,2.334319,5.738360,3.338528,1.000000,0.000409
1779541108.484742,0,1,2.324519,5.736374,3.338833,1.000000,0.000409
1779541108.494424,0,1,2.314725,5.734355,3.339374,1.000000,0.000409
1779541108.504428,0,1,2.304931,5.732335,3.339743,1.000000,0.000409
1779541108.514437,0,1,2.295141,5.730293,3.340310,1.000000,0.000409
1779541108.524693,0,1,2.285351,5.728256,3.340691,1.000000,0.000409
1779541108.534625,0,1,2.275565,5.726199,3.341264,1.000000,0.000409
1779541108.544920,0,1,2.265777,5.724149,3.341648,1.000000,0.000409
1779541108.554355,0,1,2.255993,5.722081,3.342223,1.000000,0.000409
1779541108.564570,0,1,2.246208,5.720021,3.342608,1.000000,0.000409
1779541108.575008,0,1,2.236426,5.717943,3.343183,1.000000,0.000409
1779541108.584206,0,1,2.226643,5.715874,3.343569,1.000000,0.000409
1779541108.594337,0,1,2.216863,5.713786,3.344144,1.000000,-0.000042
1779541108.605185,0,1,2.207082,5.711707,3.344529,1.000000,-0.000042
1779541108.614653,0,1,2.197304,5.709610,3.345105,1.000000,-0.000676
1779541108.625002,0,1,2.187522,5.707533,3.345367,1.000000,-0.000676
1779541108.634706,0,1,2.177733,5.705489,3.345344,1.000000,-0.001479
1779541108.644518,0,1,2.167934,5.703496,3.344907,1.000000,-0.001479
1779541108.654413,0,1,2.158132,5.701514,3.344579,1.000000,-0.002290
1779541108.664871,0,1,2.148324,5.699562,3.344030,1.000000,-0.002290
1779541108.674513,0,1,2.138517,5.697609,3.343656,1.000000,-0.002761
1779541108.684899,0,1,2.128705,5.695677,3.343087,1.000000,-0.002761
1779541108.694242,0,1,2.118895,5.693740,3.342705,1.000000,-0.003097
1779541108.704655,0,1,2.109080,5.691822,3.342132,1.000000,-0.003097
1779541108.714382,0,1,2.099268,5.689897,3.341747,1.000000,-0.002709
1779541108.724941,0,1,2.089451,5.687990,3.341172,1.000000,-0.002709
1779541108.734884,0,1,2.079636,5.686074,3.340787,1.000000,-0.001837
1779541108.744227,0,1,2.069818,5.684177,3.340212,1.000000,-0.001837
1779541108.754841,0,1,2.060001,5.682271,3.339827,1.000000,-0.001258
1779541108.764644,0,1,2.050181,5.680384,3.339251,1.000000,-0.001258
1779541108.774836,0,1,2.040362,5.678488,3.338866,1.000000,-0.001028
1779541108.784561,0,1,2.030540,5.676610,3.338290,1.000000,-0.000440
1779541108.794399,0,1,2.020720,5.674723,3.337905,1.000000,-0.000440
1779541108.804921,0,1,2.010896,5.672854,3.337329,1.000000,0.000164
1779541108.814877,0,1,2.001074,5.670977,3.336944,1.000000,0.000164
1779541108.825173,0,1,1.991248,5.669118,3.336368,1.000000,0.000783
1779541108.834596,0,1,1.981429,5.667227,3.336229,1.000000,0.000783
1779541108.844576,0,1,1.971621,5.665276,3.336606,1.000000,0.001401
1779541108.854971,0,1,1.961816,5.663308,3.336911,1.000000,0.001401
1779541108.864579,0,1,1.952018,5.661308,3.337452,1.000000,0.002024
1779541108.874620,0,1,1.942221,5.659307,3.337821,1.000000,0.002493
1779541108.884676,0,1,1.932428,5.657283,3.338388,1.000000,0.002493
1779541108.895128,0,1,1.922633,5.655265,3.338769,1.000000,0.002225
1779541108.904643,0,1,1.912843,5.653227,3.339342,1.000000,0.002225
1779541108.914772,0,1,1.903052,5.651196,3.339726,1.000000,0.001564
1779541108.925011,0,1,1.893264,5.649147,3.340301,1.000000,0.001564
1779541108.935009,0,1,1.883474,5.647106,3.340686,1.000000,0.001564
1779541108.944693,0,1,1.873689,5.645047,3.341261,1.000000,0.000483
1779541108.954897,0,1,1.863901,5.642996,3.341647,1.000000,0.000483
1779541108.964710,0,1,1.854118,5.640927,3.342222,1.000000,0.000483
1779541108.974713,0,1,1.844332,5.638867,3.342607,1.000000,0.000483
1779541108.984651,0,1,1.834550,5.636789,3.343183,1.000000,0.000483
1779541108.994759,0,1,1.824767,5.634719,3.343568,1.000000,0.000483
1779541109.005073,0,1,1.814987,5.632631,3.344144,1.000000,0.000483
1779541109.014755,0,1,1.805206,5.630552,3.344529,1.000000,0.000483
1779541109.024827,0,1,1.795428,5.628455,3.345105,1.000000,0.000483
1779541109.034602,0,1,1.785649,5.626366,3.345490,1.000000,0.000483
1779541109.044345,0,1,1.775873,5.624260,3.346066,1.000000,0.000483
1779541109.054476,0,1,1.766096,5.622162,3.346451,1.000000,0.000483
1779541109.064542,0,1,1.756322,5.620046,3.347027,1.000000,-0.004520
1779541109.074631,0,1,1.746547,5.617938,3.347412,1.000000,-0.004520
1779541109.084664,0,1,1.736775,5.615813,3.347988,1.000000,-0.005345
1779541109.094589,0,1,1.726997,5.613719,3.348127,1.000000,-0.005345
1779541109.104340,0,1,1.717206,5.611686,3.347750,1.000000,-0.006239
1779541109.114380,0,1,1.707412,5.609668,3.347445,1.000000,-0.006239
1779541109.124267,0,1,1.697610,5.607684,3.346904,1.000000,-0.007145
1779541109.134454,0,1,1.687809,5.605700,3.346535,1.000000,-0.007145
1779541109.144439,0,1,1.678003,5.603739,3.345968,1.000000,-0.007892
1779541109.154231,0,1,1.668199,5.601772,3.345587,1.000000,-0.007892
1779541109.164779,0,1,1.658390,5.599825,3.345014,1.000000,-0.007662
1779541109.174394,0,1,1.648583,5.597871,3.344630,1.000000,-0.007247
1779541109.184822,0,1,1.638772,5.595936,3.344055,1.000000,-0.007247
1779541109.194722,0,1,1.628963,5.593992,3.343670,1.000000,-0.006955
1779541109.204727,0,1,1.619150,5.592066,3.343095,1.000000,-0.006955
1779541109.214840,0,1,1.609339,5.590132,3.342710,1.000000,-0.006478
1779541109.224751,0,1,1.599524,5.588216,3.342134,1.000000,-0.006478
1779541109.234885,0,1,1.589711,5.586292,3.341749,1.000000,-0.005986
1779541109.244610,0,1,1.579894,5.584386,3.341173,1.000000,-0.005986
1779541109.254542,0,1,1.570079,5.582471,3.340788,1.000000,-0.005473
1779541109.264677,0,1,1.560261,5.580574,3.340212,1.000000,-0.005473
1779541109.274947,0,1,1.550444,5.578668,3.339827,1.000000,-0.004949
1779541109.284739,0,1,1.540624,5.576781,3.339251,1.000000,-0.004949
1779541109.294794,0,1,1.530805,5.574885,3.338866,1.000000,-0.004413
1779541109.304705,0,1,1.520983,5.573007,3.338290,1.000000,-0.004413
1779541109.314836,0,1,1.511163,5.571120,3.337905,1.000000,-0.003868
1779541109.324610,0,1,1.501339,5.569251,3.337329,1.000000,-0.003868
1779541109.334980,0,1,1.491517,5.567374,3.336944,1.000000,-0.003330
1779541109.344727,0,1,1.481691,5.565515,3.336368,1.000000,-0.003330
1779541109.354660,0,1,1.471867,5.563647,3.335983,1.000000,-0.002781
1779541109.364679,0,1,1.462040,5.561798,3.335407,1.000000,-0.002781
1779541109.374766,0,1,1.452214,5.559939,3.335022,1.000000,-0.002221
1779541109.384737,0,1,1.442385,5.558099,3.334446,1.000000,-0.002221
1779541109.394674,0,1,1.432557,5.556250,3.334061,1.000000,-0.001650
1779541109.404698,0,1,1.422726,5.554419,3.333485,1.000000,-0.001650
1779541109.414788,0,1,1.412897,5.552580,3.333100,1.000000,-0.001079
1779541109.424939,0,1,1.403064,5.550759,3.332524,1.000000,-0.001079
1779541109.434518,0,1,1.393233,5.548929,3.332139,1.000000,-0.000500
1779541109.444333,0,1,1.383398,5.547117,3.331563,1.000000,-0.000500
1779541109.454773,0,1,1.373565,5.545296,3.331178,1.000000,-0.000500
1779541109.464617,0,1,1.363729,5.543494,3.330602,1.000000,-0.000500
1779541109.474859,0,1,1.353895,5.541683,3.330217,1.000000,-0.000500
1779541109.484800,0,1,1.344057,5.539890,3.329641,1.000000,-0.000500
1779541109.494746,0,1,1.334220,5.538088,3.329256,1.000000,-0.000500
1779541109.504614,0,1,1.324381,5.536304,3.328680,1.000000,-0.000500
1779541109.514703,0,1,1.314543,5.534512,3.328295,1.000000,-0.000500
1779541109.524597,0,1,1.304701,5.532738,3.327719,1.000000,-0.000500
1779541109.534599,0,1,1.294861,5.530955,3.327334,1.000000,-0.000500
1779541109.544767,0,1,1.285018,5.529191,3.326758,1.000000,-0.000500
1779541109.554495,0,1,1.275177,5.527418,3.326373,1.000000,0.003017
1779541109.564549,0,1,1.265332,5.525662,3.325797,1.000000,0.003017
1779541109.574226,0,1,1.255493,5.523875,3.325658,1.000000,0.003820
1779541109.584510,0,1,1.245665,5.522028,3.326035,1.000000,0.003820
1779541109.594628,0,1,1.235840,5.520164,3.326340,1.000000,0.004475
1779541109.604240,0,1,1.226022,5.518267,3.326881,1.000000,0.004475
1779541109.614437,0,1,1.216204,5.516370,3.327250,1.000000,0.005126
1779541109.624559,0,1,1.206390,5.514450,3.327817,1.000000,0.005126
1779541109.634446,0,1,1.196575,5.512536,3.328198,1.000000,0.004961
1779541109.644553,0,1,1.186764,5.510601,3.328771,1.000000,0.004961
1779541109.655097,0,1,1.176951,5.508674,3.329155,1.000000,0.004307
1779541109.664547,0,1,1.167142,5.506728,3.329730,1.000000,0.004307
1779541109.674696,0,1,1.157332,5.504791,3.330115,1.000000,0.004011
1779541109.684567,0,1,1.147525,5.502835,3.330690,1.000000,0.004011
1779541109.694546,0,1,1.137716,5.500888,3.331076,1.000000,0.003234
1779541109.704575,0,1,1.127911,5.498923,3.331651,1.000000,0.003234
1779541109.714886,0,1,1.118104,5.496966,3.332036,1.000000,0.002445
1779541109.724257,0,1,1.108301,5.494991,3.332612,1.000000,0.002445
1779541109.734637,0,1,1.098497,5.493025,3.332997,1.000000,0.001576
1779541109.744513,0,1,1.088695,5.491041,3.333573,1.000000,0.000551
1779541109.754909,0,1,1.078893,5.489065,3.333958,1.000000,0.000551
1779541109.764809,0,1,1.069093,5.487071,3.334534,1.000000,-0.000485
1779541109.774224,0,1,1.059292,5.485086,3.334919,1.000000,-0.000485
1779541109.784240,0,1,1.049495,5.483083,3.335495,1.000000,-0.001526
1779541109.794538,0,1,1.039691,5.481112,3.335634,1.000000,-0.001526
1779541109.804176,0,1,1.029876,5.479201,3.335257,1.000000,-0.002636
1779541109.814607,0,1,1.020057,5.477306,3.334952,1.000000,-0.002636
1779541109.824385,0,1,1.010232,5.475444,3.334411,1.000000,-0.003887
1779541109.834489,0,1,1.000406,5.473582,3.334042,1.000000,-0.004573
1779541109.844587,0,1,0.990577,5.471744,3.333475,1.000000,-0.004573
1779541109.854564,0,1,0.980748,5.469900,3.333094,1.000000,-0.005011
1779541109.864318,0,1,0.970916,5.468076,3.332521,1.000000,-0.005011
1779541109.874243,0,1,0.961085,5.466245,3.332137,1.000000,-0.004982
1779541109.884461,0,1,0.951251,5.464432,3.331562,1.000000,-0.004982
1779541109.894839,0,1,0.941418,5.462611,3.331177,1.000000,-0.004936
1779541109.905007,0,1,0.931582,5.460808,3.330602,1.000000,-0.004936
1779541109.914575,0,1,0.921747,5.458997,3.330217,1.000000,-0.004888
1779541109.925118,0,1,0.911910,5.457203,3.329641,1.000000,-0.004888
1779541109.934666,0,1,0.902073,5.455402,3.329256,1.000000,-0.004822
1779541109.944380,0,1,0.892234,5.453618,3.328680,1.000000,-0.004822
1779541109.954559,0,1,0.882395,5.451826,3.328295,1.000000,-0.004822
1779541109.964874,0,1,0.872554,5.450052,3.327719,1.000000,-0.004822
1779541109.974318,0,1,0.862714,5.448269,3.327334,1.000000,-0.004822
1779541109.984546,0,1,0.852871,5.446504,3.326758,1.000000,-0.004822
1779541109.994685,0,1,0.843030,5.444731,3.326373,1.000000,-0.004822
1779541110.004560,0,1,0.833185,5.442976,3.325797,1.000000,-0.004822
1779541110.014822,0,1,0.823342,5.441212,3.325412,1.000000,-0.004822
1779541110.024800,0,1,0.813495,5.439466,3.324836,1.000000,-0.004822
1779541110.034652,0,1,0.803650,5.437712,3.324451,1.000000,-0.004822
1779541110.044293,0,1,0.793802,5.435976,3.323875,1.000000,-0.004822
1779541110.054452,0,1,0.783956,5.434231,3.323490,1.000000,-0.004822
1779541110.064615,0,1,0.774106,5.432504,3.322914,1.000000,-0.004984
1779541110.074568,0,1,0.764258,5.430769,3.322529,1.000000,-0.004984
1779541110.084275,0,1,0.754406,5.429051,3.321953,1.000000,-0.004788
1779541110.094886,0,1,0.744556,5.427326,3.321568,1.000000,-0.004811
1779541110.104239,0,1,0.734703,5.425618,3.320992,1.000000,-0.004811
1779541110.114509,0,1,0.724852,5.423901,3.320607,1.000000,-0.004743
1779541110.124732,0,1,0.714997,5.422203,3.320031,1.000000,-0.004743
1779541110.134729,0,1,0.705144,5.420496,3.319646,1.000000,-0.004823
1779541110.144668,0,1,0.695287,5.418807,3.319070,1.000000,-0.004823
1779541110.154917,0,1,0.685432,5.417109,3.318685,1.000000,-0.004921
1779541110.164562,0,1,0.675575,5.415430,3.318109,1.000000,-0.004921
1779541110.174289,0,1,0.665718,5.413742,3.317724,1.000000,-0.005008
1779541110.184273,0,1,0.655858,5.412072,3.317148,1.000000,-0.005008
1779541110.194823,0,1,0.646000,5.410393,3.316763,1.000000,-0.005008
1779541110.204599,0,1,0.636139,5.408733,3.316187,1.000000,-0.005206
1779541110.214290,0,1,0.626280,5.407064,3.315802,1.000000,-0.005206
1779541110.224690,0,1,0.616417,5.405413,3.315226,1.000000,-0.005353
1779541110.234664,0,1,0.606555,5.403753,3.314841,1.000000,-0.005353
1779541110.244272,0,1,0.596691,5.402111,3.314265,1.000000,-0.005514
1779541110.254656,0,1,0.586828,5.400461,3.313880,1.000000,-0.005655
1779541110.264364,0,1,0.576962,5.398829,3.313304,1.000000,-0.005655
1779541110.274195,0,1,0.567098,5.397189,3.312919,1.000000,-0.005644
1779541110.284184,0,1,0.557230,5.395566,3.312343,1.000000,-0.005644
1779541110.294687,0,1,0.547364,5.393935,3.311958,1.000000,-0.005849
1779541110.304830,0,1,0.537495,5.392322,3.311382,1.000000,-0.005849
1779541110.314641,0,1,0.527628,5.390700,3.310997,1.000000,-0.006083
1779541110.324629,0,1,0.517757,5.389096,3.310421,1.000000,-0.006083
1779541110.334599,0,1,0.507888,5.387484,3.310036,1.000000,-0.006304
1779541110.344721,0,1,0.498016,5.385890,3.309460,1.000000,-0.006304
1779541110.354785,0,1,0.488145,5.384287,3.309075,1.000000,-0.006514
1779541110.364611,0,1,0.478271,5.382703,3.308499,1.000000,-0.006514
1779541110.374454,0,1,0.468399,5.381109,3.308114,1.000000,-0.006754
1779541110.384251,0,1,0.458524,5.379534,3.307538,1.000000,-0.006754
1779541110.394378,0,1,0.448650,5.377950,3.307153,1.000000,-0.007082
1779541110.404394,0,1,0.438774,5.376385,3.306577,1.000000,-0.007082
1779541110.414888,0,1,0.428898,5.374810,3.306192,1.000000,-0.007380
1779541110.424944,0,1,0.419020,5.373254,3.305616,1.000000,-0.007380
1779541110.434600,0,1,0.409143,5.371689,3.305231,1.000000,-0.007687
1779541110.444671,0,1,0.399264,5.370143,3.304655,1.000000,-0.007687
1779541110.454376,0,1,0.389385,5.368587,3.304270,1.000000,-0.007687
1779541110.464193,0,1,0.379504,5.367050,3.303694,1.000000,-0.007687
1779541110.474732,0,1,0.369624,5.365504,3.303309,1.000000,-0.007687
1779541110.484882,0,1,0.359742,5.363977,3.302733,1.000000,-0.007687
1779541110.494346,0,1,0.349860,5.362440,3.302348,1.000000,-0.007687
1779541110.504709,0,1,0.339976,5.360922,3.301772,1.000000,-0.007687
1779541110.515002,0,1,0.330094,5.359395,3.301387,1.000000,-0.007687
1779541110.524185,0,1,0.320208,5.357887,3.300811,1.000000,-0.007687
1779541110.534437,0,1,0.310324,5.356369,3.300426,1.000000,-0.007687
1779541110.544540,0,1,0.300437,5.354870,3.299850,1.000000,-0.007687
1779541110.554549,0,1,0.290551,5.353362,3.299465,1.000000,-0.007687
1779541110.564593,0,1,0.280663,5.351873,3.298889,1.000000,-0.010887
1779541110.574598,0,1,0.270776,5.350374,3.298504,1.000000,-0.010887
1779541110.584628,0,1,0.260886,5.348894,3.297928,1.000000,-0.010824
1779541110.594836,0,1,0.250997,5.347405,3.297543,1.000000,-0.010824
1779541110.604469,0,1,0.241106,5.345935,3.296967,1.000000,-0.011287
1779541110.614384,0,1,0.231216,5.344455,3.296582,1.000000,-0.011287
1779541110.624333,0,1,0.221323,5.342994,3.296006,1.000000,-0.011897
1779541110.634882,0,1,0.211432,5.341524,3.295621,1.000000,-0.011897
1779541110.644698,0,1,0.201538,5.340073,3.295045,1.000000,-0.011897
1779541110.654343,0,1,0.191645,5.338612,3.294660,1.000000,-0.012439
1779541110.664753,0,1,0.181750,5.337170,3.294084,1.000000,-0.013012
1779541110.674405,0,1,0.171856,5.335720,3.293699,1.000000,-0.013012
1779541110.684588,0,1,0.161959,5.334287,3.293123,1.000000,-0.013563
1779541110.694994,0,1,0.152063,5.332846,3.292738,1.000000,-0.013563
1779541110.704630,0,1,0.142165,5.331422,3.292162,1.000000,-0.014240
1779541110.714382,0,1,0.132268,5.329991,3.291777,1.000000,-0.014240
1779541110.724832,0,1,0.122368,5.328577,3.291201,1.000000,-0.014928
1779541110.734609,0,1,0.112470,5.327155,3.290816,1.000000,-0.014928
1779541110.745010,0,1,0.102569,5.325751,3.290240,1.000000,-0.015604
1779541110.754709,0,1,0.092669,5.324338,3.289855,1.000000,-0.015604
1779541110.764801,0,1,0.082767,5.322943,3.289279,1.000000,-0.016269
1779541110.774701,0,1,0.072866,5.321540,3.288894,1.000000,-0.016269
1779541110.784228,0,1,0.062962,5.320155,3.288318,1.000000,-0.017052
1779541110.794373,0,1,0.053060,5.318761,3.287933,1.000000,-0.017052
1779541110.804254,0,1,0.043155,5.317386,3.287357,1.000000,-0.017854
1779541110.814773,0,1,0.033251,5.316002,3.286972,1.000000,-0.017854
1779541110.824390,0,1,0.023345,5.314636,3.286396,1.000000,-0.018622
1779541110.834429,0,1,0.013440,5.313261,3.286011,1.000000,-0.018622
1779541110.844215,0,1,0.003533,5.311904,3.285435,1.000000,-0.019428
1779541110.854327,0,1,-0.006374,5.310539,3.285050,1.000000,-0.019428
1779541110.864663,0,1,-0.016283,5.309192,3.284474,1.000000,-0.020325
1779541110.874401,0,1,-0.026190,5.307837,3.284089,1.000000,-0.020325
1779541110.884364,0,1,-0.036101,5.306499,3.283513,1.000000,-0.021235
1779541110.894700,0,1,-0.046009,5.305153,3.283128,1.000000,-0.021235
1779541110.904871,0,1,-0.055921,5.303825,3.282552,1.000000,-0.022186
1779541110.914705,0,1,-0.065831,5.302488,3.282167,1.000000,-0.022186
1779541110.924647,0,1,-0.075744,5.301170,3.281591,1.000000,-0.023072
1779541110.934647,0,1,-0.085655,5.299843,3.281206,1.000000,-0.023072
1779541110.944727,0,1,-0.095569,5.298534,3.280630,1.000000,-0.023072
1779541110.954288,0,1,-0.105482,5.297216,3.280245,1.000000,-0.023072
1779541110.964324,0,1,-0.115397,5.295917,3.279669,1.000000,-0.023072
1779541110.974849,0,1,-0.125312,5.294609,3.279284,1.000000,-0.023072
1779541110.984785,0,1,-0.135228,5.293319,3.278708,1.000000,-0.023072
1779541110.994862,0,1,-0.145143,5.292021,3.278323,1.000000,-0.023072
1779541111.004318,0,1,-0.155061,5.290740,3.277747,1.000000,-0.023072
1779541111.014572,0,1,-0.164978,5.289451,3.277362,1.000000,-0.023072
1779541111.024184,0,1,-0.174896,5.288181,3.276786,1.000000,-0.023072
1779541111.034842,0,1,-0.184814,5.286901,3.276401,1.000000,-0.023072
1779541111.044347,0,1,-0.194734,5.285640,3.275825,1.000000,-0.023072
1779541111.054409,0,1,-0.204653,5.284370,3.275440,1.000000,-0.030653
1779541111.064188,0,1,-0.214575,5.283118,3.274864,1.000000,-0.030653
1779541111.074368,0,1,-0.224495,5.281858,3.274479,1.000000,-0.031312
1779541111.084373,0,1,-0.234418,5.280616,3.273903,1.000000,-0.031312
1779541111.094336,0,1,-0.244339,5.279365,3.273518,1.000000,-0.032516
1779541111.104500,0,1,-0.254263,5.278132,3.272942,1.000000,-0.032516
1779541111.114622,0,1,-0.264185,5.276891,3.272557,1.000000,-0.033240
1779541111.124718,0,1,-0.274113,5.275692,3.271735,1.000000,-0.034611
1779541111.134702,0,1,-0.284049,5.274562,3.270397,1.000000,-0.034611
1779541111.145849,0,1,-0.293988,5.273459,3.269131,1.000000,-0.035952
1779541111.154402,0,1,-0.303932,5.272399,3.267629,1.000000,-0.035952
1779541111.164391,0,1,-0.313877,5.271349,3.266299,1.000000,-0.037283
1779541111.174213,0,1,-0.323825,5.270332,3.264771,1.000000,-0.037283
1779541111.184672,0,1,-0.333773,5.269318,3.263429,1.000000,-0.037872
1779541111.194800,0,1,-0.343725,5.268335,3.261895,1.000000,-0.037872
1779541111.204572,0,1,-0.353676,5.267353,3.260550,1.000000,-0.038086
1779541111.215119,0,1,-0.363631,5.266400,3.259014,1.000000,-0.038086
1779541111.224574,0,1,-0.373585,5.265448,3.257668,1.000000,-0.038206
1779541111.234665,0,1,-0.383543,5.264524,3.256132,1.000000,-0.038206
1779541111.244201,0,1,-0.393500,5.263601,3.254786,1.000000,-0.038226
1779541111.254392,0,1,-0.403460,5.262706,3.253249,1.000000,-0.038226
1779541111.264516,0,1,-0.413420,5.261812,3.251903,1.000000,-0.038366
1779541111.274527,0,1,-0.423382,5.260946,3.250366,1.000000,-0.038366
1779541111.284872,0,1,-0.433345,5.260081,3.249020,1.000000,-0.038546
1779541111.294593,0,1,-0.443310,5.259244,3.247483,1.000000,-0.038546
1779541111.304536,0,1,-0.453275,5.258407,3.246137,1.000000,-0.038697
1779541111.314334,0,1,-0.463242,5.257598,3.244600,1.000000,-0.038697
1779541111.324769,0,1,-0.473209,5.256791,3.243254,1.000000,-0.038815
1779541111.334548,0,1,-0.483179,5.256011,3.241717,1.000000,-0.038815
1779541111.344422,0,1,-0.493148,5.255232,3.240371,1.000000,-0.039021
1779541111.354946,0,1,-0.503120,5.254481,3.238834,1.000000,-0.039021
1779541111.364222,0,1,-0.513092,5.253730,3.237488,1.000000,-0.039328
1779541111.374749,0,1,-0.523066,5.253008,3.235951,1.000000,-0.039328
1779541111.384149,0,1,-0.533040,5.252286,3.234605,1.000000,-0.039536
1779541111.394724,0,1,-0.543015,5.251593,3.233068,1.000000,-0.039536
1779541111.404196,0,1,-0.552991,5.250900,3.231722,1.000000,-0.039714
1779541111.414669,0,1,-0.562969,5.250235,3.230185,1.000000,-0.039714
1779541111.424618,0,1,-0.572947,5.249571,3.228839,1.000000,-0.040053
1779541111.434701,0,1,-0.582927,5.248935,3.227302,1.000000,-0.040053
1779541111.444247,0,1,-0.592907,5.248300,3.225956,1.000000,-0.040053
1779541111.454792,0,1,-0.602888,5.247692,3.224419,1.000000,-0.040053
1779541111.464596,0,1,-0.612870,5.247086,3.223073,1.000000,-0.040053
1779541111.474535,0,1,-0.622853,5.246507,3.221536,1.000000,-0.040053
1779541111.484511,0,1,-0.632836,5.245930,3.220190,1.000000,-0.040053
1779541111.494644,0,1,-0.642821,5.245380,3.218653,1.000000,-0.040053
1779541111.504522,0,1,-0.652806,5.244831,3.217307,1.000000,-0.040053
1779541111.514287,0,1,-0.662793,5.244310,3.215770,1.000000,-0.040053
1779541111.524268,0,1,-0.672779,5.243790,3.214424,1.000000,-0.040053
1779541111.534657,0,1,-0.682767,5.243298,3.212887,1.000000,-0.040053
1779541111.544513,0,1,-0.692755,5.242806,3.211541,1.000000,-0.042910
1779541111.554540,0,1,-0.702744,5.242343,3.210004,1.000000,-0.042910
1779541111.564540,0,1,-0.712733,5.241880,3.208658,1.000000,-0.042841
1779541111.574853,0,1,-0.722724,5.241446,3.207121,1.000000,-0.042841
1779541111.584784,0,1,-0.732715,5.241012,3.205775,1.000000,-0.043332
1779541111.594545,0,1,-0.742706,5.240606,3.204238,1.000000,-0.043332
1779541111.604781,0,1,-0.752698,5.240201,3.202892,1.000000,-0.043975
1779541111.614712,0,1,-0.762691,5.239824,3.201355,1.000000,-0.043975
1779541111.625725,0,1,-0.772684,5.239448,3.200009,1.000000,-0.044527
1779541111.634710,0,1,-0.782678,5.239100,3.198472,1.000000,-0.044527
1779541111.644396,0,1,-0.792672,5.238753,3.197126,1.000000,-0.045087
1779541111.654360,0,1,-0.802667,5.238434,3.195589,1.000000,-0.045087
1779541111.664174,0,1,-0.812662,5.238115,3.194243,1.000000,-0.045717
1779541111.674581,0,1,-0.822657,5.237825,3.192706,1.000000,-0.045717
1779541111.684214,0,1,-0.832653,5.237535,3.191360,1.000000,-0.046125
1779541111.694851,0,1,-0.842650,5.237273,3.189823,1.000000,-0.046125
1779541111.704586,0,1,-0.852646,5.237012,3.188477,1.000000,-0.047225
1779541111.714811,0,1,-0.862644,5.236779,3.186940,1.000000,-0.047225
1779541111.724556,0,1,-0.872641,5.236547,3.185594,1.000000,-0.047225
1779541111.734624,0,1,-0.882639,5.236343,3.184057,1.000000,-0.048299
1779541111.744437,0,1,-0.892637,5.236140,3.182711,1.000000,-0.048299
1779541111.754495,0,1,-0.902635,5.235965,3.181174,1.000000,-0.048299
1779541111.764174,0,1,-0.912634,5.235790,3.179828,1.000000,-0.049567
1779541111.774862,0,1,-0.922633,5.235644,3.178291,1.000000,-0.049567
1779541111.784491,0,1,-0.932632,5.235499,3.176945,1.000000,-0.050408
1779541111.794598,0,1,-0.942631,5.235381,3.175408,1.000000,-0.050408
1779541111.804312,0,1,-0.952630,5.235264,3.174062,1.000000,-0.051197
1779541111.814851,0,1,-0.962630,5.235175,3.172525,1.000000,-0.051197
1779541111.825022,0,1,-0.972629,5.235088,3.171179,1.000000,-0.052096
1779541111.834723,0,1,-0.982629,5.235028,3.169642,1.000000,-0.052096
1779541111.844747,0,1,-0.992629,5.234969,3.168296,1.000000,-0.053119
1779541111.854855,0,1,-1.002629,5.234937,3.166759,1.000000,-0.053119
1779541111.864813,0,1,-1.012629,5.234907,3.165413,1.000000,-0.054159
1779541111.874532,0,1,-1.022629,5.234905,3.163876,1.000000,-0.054159
1779541111.884378,0,1,-1.032629,5.234903,3.162530,1.000000,-0.055142
1779541111.894973,0,1,-1.042629,5.234930,3.160993,1.000000,-0.055142
1779541111.904680,0,1,-1.052629,5.234957,3.159647,1.000000,-0.056192
1779541111.914741,0,1,-1.062629,5.235013,3.158110,1.000000,-0.056192
1779541111.924230,0,1,-1.072628,5.235069,3.156764,1.000000,-0.056192
1779541111.934510,0,1,-1.082628,5.235153,3.155227,1.000000,-0.058112
1779541111.944419,0,1,-1.092628,5.235238,3.153881,1.000000,-0.058112
1779541111.954765,0,1,-1.102627,5.235351,3.152344,1.000000,-0.058112
1779541111.964527,0,1,-1.112626,5.235465,3.150998,1.000000,-0.058112
1779541111.974508,0,1,-1.122625,5.235607,3.149461,1.000000,-0.058112
1779541111.984286,0,1,-1.132624,5.235750,3.148115,1.000000,-0.058112
1779541111.994421,0,1,-1.142623,5.235921,3.146578,1.000000,-0.058112
1779541112.004416,0,1,-1.152621,5.236092,3.145232,1.000000,-0.058112
1779541112.014487,0,1,-1.162619,5.236292,3.143695,1.000000,-0.058112
1779541112.024603,0,1,-1.172617,5.236492,3.142349,1.000000,-0.058112
1779541112.034226,0,1,-1.182615,5.236720,3.140812,1.000000,-0.058112
1779541112.044237,0,1,-1.192612,5.236950,3.139466,1.000000,-0.058112
1779541112.054415,0,1,-1.202609,5.237207,3.137929,1.000000,-0.058112
1779541112.064507,0,1,-1.212606,5.237465,3.136583,1.000000,-0.058112
1779541112.074543,0,1,-1.222601,5.237751,3.135046,1.000000,-0.058112
1779541112.084504,0,1,-1.232597,5.238038,3.133700,1.000000,-0.058112
1779541112.094631,0,1,-1.242592,5.238352,3.132163,1.000000,-0.058112
1779541112.105509,0,1,-1.252587,5.238668,3.130817,1.000000,-0.070105
1779541112.114861,0,1,-1.262581,5.239012,3.129280,1.000000,-0.070105
1779541112.124627,0,1,-1.272576,5.239356,3.127934,1.000000,-0.071075
1779541112.134514,0,1,-1.282568,5.239753,3.126151,1.000000,-0.071075
1779541112.144388,0,1,-1.292556,5.240229,3.123852,1.000000,-0.071075
1779541112.155113,0,1,-1.302543,5.240741,3.121625,1.000000,-0.073592
1779541112.164122,0,1,-1.312527,5.241306,3.119162,1.000000,-0.073592
1779541112.174388,0,1,-1.322510,5.241891,3.116871,1.000000,-0.073592
1779541112.184454,0,1,-1.332490,5.242518,3.114382,1.000000,-0.075980
1779541112.194713,0,1,-1.342470,5.243159,3.112079,1.000000,-0.075980
1779541112.204936,0,1,-1.352447,5.243839,3.109584,1.000000,-0.075980
1779541112.214520,0,1,-1.362423,5.244531,3.107278,1.000000,-0.076629
1779541112.224888,0,1,-1.372396,5.245261,3.104781,1.000000,-0.076629
1779541112.234876,0,1,-1.382368,5.246002,3.102474,1.000000,-0.076629
1779541112.245658,0,1,-1.392338,5.246780,3.099977,1.000000,-0.077456
1779541112.254616,0,1,-1.402307,5.247569,3.097670,1.000000,-0.077456
1779541112.265561,0,1,-1.412273,5.248396,3.095172,1.000000,-0.077456
1779541112.274658,0,1,-1.422238,5.249233,3.092865,1.000000,-0.077933
1779541112.284417,0,1,-1.432199,5.250107,3.090367,1.000000,-0.077933
1779541112.294606,0,1,-1.442160,5.250992,3.088060,1.000000,-0.077933
1779541112.304613,0,1,-1.452117,5.251915,3.085562,1.000000,-0.078822
1779541112.314695,0,1,-1.462074,5.252847,3.083255,1.000000,-0.078822
1779541112.324550,0,1,-1.472027,5.253818,3.080757,1.000000,-0.078822
1779541112.334786,0,1,-1.481978,5.254798,3.078450,1.000000,-0.079461
1779541112.344833,0,1,-1.491926,5.255816,3.075952,1.000000,-0.079461
1779541112.354764,0,1,-1.501873,5.256845,3.073645,1.000000,-0.079461
1779541112.364505,0,1,-1.511816,5.257911,3.071147,1.000000,-0.080651
1779541112.374773,0,1,-1.521758,5.258987,3.068840,1.000000,-0.080651
1779541112.385160,0,1,-1.531696,5.260100,3.066342,1.000000,-0.081176
1779541112.394712,0,1,-1.541633,5.261224,3.064035,1.000000,-0.081176
1779541112.404548,0,1,-1.551565,5.262386,3.061537,1.000000,-0.081176
1779541112.414865,0,1,-1.561496,5.263557,3.059230,1.000000,-0.081176
1779541112.424561,0,1,-1.571423,5.264766,3.056732,1.000000,-0.082747
1779541112.434480,0,1,-1.581348,5.265986,3.054425,1.000000,-0.082747
1779541112.444666,0,1,-1.591269,5.267243,3.051927,1.000000,-0.082747
1779541112.454254,0,1,-1.601188,5.268510,3.049620,1.000000,-0.082747
1779541112.464630,0,1,-1.611103,5.269814,3.047122,1.000000,-0.082747
1779541112.474498,0,1,-1.621016,5.271129,3.044815,1.000000,-0.082747
1779541112.484358,0,1,-1.630924,5.272481,3.042317,1.000000,-0.082747
1779541112.494601,0,1,-1.640831,5.273843,3.040010,1.000000,-0.082747
1779541112.504725,0,1,-1.650733,5.275243,3.037512,1.000000,-0.082747
1779541112.514544,0,1,-1.660633,5.276653,3.035205,1.000000,-0.082747
1779541112.524669,0,1,-1.670527,5.278100,3.032707,1.000000,-0.082747
1779541112.534532,0,1,-1.680421,5.279558,3.030400,1.000000,-0.082747
1779541112.544721,0,1,-1.690308,5.281052,3.027902,1.000000,-0.082747
1779541112.554606,0,1,-1.700194,5.282557,3.025595,1.000000,-0.082747
1779541112.564482,0,1,-1.710075,5.284099,3.023097,1.000000,-0.082747
1779541112.574723,0,1,-1.719953,5.285652,3.020790,1.000000,-0.082747
1779541112.584541,0,1,-1.729826,5.287242,3.018292,1.000000,-0.090053
1779541112.594472,0,1,-1.739697,5.288842,3.015985,1.000000,-0.090053
1779541112.604606,0,1,-1.749562,5.290479,3.013487,1.000000,-0.090633
1779541112.615048,0,1,-1.759426,5.292126,3.011180,1.000000,-0.090633
1779541112.624584,0,1,-1.769283,5.293810,3.008682,1.000000,-0.091583
1779541112.634678,0,1,-1.779138,5.295505,3.006375,1.000000,-0.091583
1779541112.644511,0,1,-1.788987,5.297237,3.003877,1.000000,-0.091583
1779541112.654572,0,1,-1.798834,5.298979,3.001570,1.000000,-0.093372
1779541112.664595,0,1,-1.808675,5.300758,2.999072,1.000000,-0.093372
1779541112.674687,0,1,-1.818513,5.302548,2.996765,1.000000,-0.093372
1779541112.684803,0,1,-1.828345,5.304374,2.994267,1.000000,-0.095183
1779541112.694556,0,1,-1.838175,5.306211,2.991960,1.000000,-0.095183
1779541112.704937,0,1,-1.847998,5.308084,2.989462,1.000000,-0.095183
1779541112.714729,0,1,-1.857819,5.309968,2.987155,1.000000,-0.096898
1779541112.724186,0,1,-1.867633,5.311889,2.984657,1.000000,-0.096898
1779541112.734942,0,1,-1.877444,5.313820,2.982350,1.000000,-0.096898
1779541112.744757,0,1,-1.887244,5.315811,2.979606,1.000000,-0.099000
1779541112.754763,0,1,-1.897026,5.317890,2.976347,1.000000,-0.099000
1779541112.764316,0,1,-1.906797,5.320014,2.973158,1.000000,-0.099000
1779541112.774745,0,1,-1.916556,5.322199,2.969734,1.000000,-0.100850
1779541112.785070,0,1,-1.926308,5.324412,2.966482,1.000000,-0.100850
1779541112.794430,0,1,-1.936048,5.326676,2.963032,1.000000,-0.100850
1779541112.804640,0,1,-1.945783,5.328963,2.959768,1.000000,-0.102238
1779541112.814620,0,1,-1.955507,5.331297,2.956312,1.000000,-0.102238
1779541112.824552,0,1,-1.965225,5.333653,2.953045,1.000000,-0.102238
1779541112.834580,0,1,-1.974933,5.336054,2.949587,1.000000,-0.102427
1779541112.844755,0,1,-1.984635,5.338476,2.946319,1.000000,-0.102427
1779541112.854745,0,1,-1.994326,5.340943,2.942861,1.000000,-0.102519
1779541112.864570,0,1,-2.004012,5.343430,2.939593,1.000000,-0.102519
1779541112.874396,0,1,-2.013686,5.345963,2.936134,1.000000,-0.102519
1779541112.884491,0,1,-2.023354,5.348515,2.932866,1.000000,-0.102645
1779541112.894435,0,1,-2.033011,5.351113,2.929407,1.000000,-0.102645
1779541112.904472,0,1,-2.042662,5.353731,2.926139,1.000000,-0.102645
1779541112.914445,0,1,-2.052301,5.356393,2.922680,1.000000,-0.102935
1779541112.924734,0,1,-2.061935,5.359076,2.919412,1.000000,-0.102935
1779541112.935069,0,1,-2.071556,5.361803,2.915953,1.000000,-0.102935
1779541112.944215,0,1,-2.081171,5.364550,2.912685,1.000000,-0.102935
1779541112.954587,0,1,-2.090773,5.367342,2.909226,1.000000,-0.102935
1779541112.964348,0,1,-2.100370,5.370154,2.905958,1.000000,-0.102935
1779541112.974605,0,1,-2.109953,5.373011,2.902499,1.000000,-0.102935
1779541112.984208,0,1,-2.119531,5.375887,2.899231,1.000000,-0.102935
1779541112.994460,0,1,-2.129094,5.378808,2.895772,1.000000,-0.102935
1779541113.004256,0,1,-2.138652,5.381748,2.892504,1.000000,-0.102935
1779541113.014742,0,1,-2.148196,5.384734,2.889045,1.000000,-0.102935
1779541113.024616,0,1,-2.157734,5.387739,2.885777,1.000000,-0.102935
1779541113.034805,0,1,-2.167258,5.390788,2.882318,1.000000,-0.102935
1779541113.044479,0,1,-2.176775,5.393857,2.879050,1.000000,-0.102935
1779541113.054246,0,1,-2.186278,5.396971,2.875591,1.000000,-0.102935
1779541113.064313,0,1,-2.195775,5.400103,2.872323,1.000000,-0.102935
1779541113.074381,0,1,-2.205257,5.403281,2.868864,1.000000,-0.102935
1779541113.084435,0,1,-2.214732,5.406477,2.865596,1.000000,-0.102935
1779541113.094356,0,1,-2.224192,5.409718,2.862137,1.000000,-0.102935
1779541113.104525,0,1,-2.233646,5.412979,2.858869,1.000000,-0.105812
1779541113.114863,0,1,-2.243084,5.416283,2.855410,1.000000,-0.105812
1779541113.124527,0,1,-2.252515,5.419607,2.852142,1.000000,-0.105812
1779541113.134374,0,1,-2.261931,5.422975,2.848684,1.000000,-0.105850
1779541113.144502,0,1,-2.271340,5.426362,2.845415,1.000000,-0.105850
1779541113.154519,0,1,-2.280733,5.429794,2.841957,1.000000,-0.105850
1779541113.164219,0,1,-2.290119,5.433244,2.838688,1.000000,-0.106166
1779541113.174928,0,1,-2.299488,5.436738,2.835230,1.000000,-0.106166
1779541113.184148,0,1,-2.308851,5.440252,2.831961,1.000000,-0.106166
1779541113.194161,0,1,-2.318197,5.443809,2.828503,1.000000,-0.105994
1779541113.204423,0,1,-2.327535,5.447386,2.825234,1.000000,-0.105994
1779541113.214741,0,1,-2.336857,5.451006,2.821776,1.000000,-0.105994
1779541113.224441,0,1,-2.346171,5.454645,2.818507,1.000000,-0.103012
1779541113.234348,0,1,-2.355468,5.458328,2.815049,1.000000,-0.103012
1779541113.244397,0,1,-2.364758,5.462029,2.811780,1.000000,-0.100907
1779541113.254699,0,1,-2.374030,5.465775,2.808322,1.000000,-0.100907
1779541113.264785,0,1,-2.383295,5.469539,2.805053,1.000000,-0.098792
1779541113.274329,0,1,-2.392541,5.473346,2.801595,1.000000,-0.097272
1779541113.284164,0,1,-2.401781,5.477172,2.798326,1.000000,-0.097272
1779541113.294469,0,1,-2.411001,5.481042,2.794868,1.000000,-0.096645
1779541113.304529,0,1,-2.420214,5.484930,2.791599,1.000000,-0.096645
1779541113.314652,0,1,-2.429409,5.488862,2.788141,1.000000,-0.095284
1779541113.324732,0,1,-2.438596,5.492812,2.784872,1.000000,-0.095284
1779541113.334575,0,1,-2.447764,5.496806,2.781414,1.000000,-0.093816
1779541113.344648,0,1,-2.456933,5.500796,2.778391,1.000000,-0.093816
1779541113.354755,0,1,-2.466116,5.504756,2.775885,1.000000,-0.092336
1779541113.364494,0,1,-2.475293,5.508728,2.773307,1.000000,-0.092336
1779541113.374561,0,1,-2.484473,5.512695,2.770965,1.000000,-0.090805
1779541113.384736,0,1,-2.493641,5.516688,2.768451,1.000000,-0.090805
1779541113.394343,0,1,-2.502807,5.520687,2.766136,1.000000,-0.090805
1779541113.404176,0,1,-2.511959,5.524716,2.763634,1.000000,-0.089187
1779541113.414941,0,1,-2.521107,5.528754,2.761324,1.000000,-0.089187
1779541113.424590,0,1,-2.530241,5.532825,2.758825,1.000000,-0.089187
1779541113.434693,0,1,-2.539371,5.536905,2.756516,1.000000,-0.088571
1779541113.444727,0,1,-2.548486,5.541019,2.754018,1.000000,-0.088571
1779541113.454158,0,1,-2.557596,5.545142,2.751711,1.000000,-0.088571
1779541113.464516,0,1,-2.566691,5.549299,2.749213,1.000000,-0.088571
1779541113.474858,0,1,-2.575781,5.553466,2.746905,1.000000,-0.088571
1779541113.484588,0,1,-2.584856,5.557666,2.744408,1.000000,-0.088571
1779541113.494195,0,1,-2.593927,5.561877,2.742100,1.000000,-0.088571
1779541113.504203,0,1,-2.602981,5.566121,2.739603,1.000000,-0.088571
1779541113.514329,0,1,-2.612032,5.570375,2.737295,1.000000,-0.088571
1779541113.524529,0,1,-2.621066,5.574662,2.734798,1.000000,-0.088571
1779541113.534520,0,1,-2.630095,5.578960,2.732490,1.000000,-0.088571
1779541113.544410,0,1,-2.639109,5.583291,2.729993,1.000000,-0.088571
1779541113.554451,0,1,-2.648118,5.587631,2.727685,1.000000,-0.088571
1779541113.564244,0,1,-2.657110,5.592006,2.725188,1.000000,-0.088571
1779541113.574843,0,1,-2.666098,5.596389,2.722880,1.000000,-0.088571
1779541113.584359,0,1,-2.675069,5.600807,2.720383,1.000000,-0.088571
1779541113.594664,0,1,-2.684036,5.605234,2.718075,1.000000,-0.088571
1779541113.604599,0,1,-2.692986,5.609694,2.715578,1.000000,-0.088571
1779541113.614638,0,1,-2.701931,5.614164,2.713270,1.000000,-0.085456
1779541113.624502,0,1,-2.710860,5.618668,2.710773,1.000000,-0.085456
1779541113.634601,0,1,-2.719784,5.623181,2.708465,1.000000,-0.085456
1779541113.644102,0,1,-2.728690,5.627727,2.705968,1.000000,-0.083623
1779541113.654535,0,1,-2.737592,5.632283,2.703660,1.000000,-0.083623
1779541113.664193,0,1,-2.746477,5.636872,2.701163,1.000000,-0.083623
1779541113.674495,0,1,-2.755357,5.641470,2.698855,1.000000,-0.082612
1779541113.684488,0,1,-2.764220,5.646102,2.696358,1.000000,-0.082612
1779541113.694422,0,1,-2.773078,5.650743,2.694050,1.000000,-0.081393
1779541113.704489,0,1,-2.781918,5.655417,2.691553,1.000000,-0.081393
1779541113.714449,0,1,-2.790753,5.660101,2.689245,1.000000,-0.081393
1779541113.724631,0,1,-2.799571,5.664818,2.686748,1.000000,-0.080184
1779541113.734726,0,1,-2.808384,5.669544,2.684440,1.000000,-0.080184
1779541113.744483,0,1,-2.817179,5.674303,2.681943,1.000000,-0.079244
1779541113.754845,0,1,-2.825969,5.679071,2.679635,1.000000,-0.079244
1779541113.764454,0,1,-2.834741,5.683872,2.677138,1.000000,-0.078340
1779541113.774505,0,1,-2.843508,5.688683,2.674830,1.000000,-0.078340
1779541113.784528,0,1,-2.852257,5.693526,2.672333,1.000000,-0.077381
1779541113.795587,0,1,-2.861000,5.698378,2.670025,1.000000,-0.077381
1779541113.804469,0,1,-2.869726,5.703264,2.667528,1.000000,-0.076363
1779541113.814756,0,1,-2.878446,5.708158,2.665220,1.000000,-0.075734
1779541113.824575,0,1,-2.887148,5.713085,2.662723,1.000000,-0.075734
1779541113.834440,0,1,-2.895845,5.718022,2.660415,1.000000,-0.074693
1779541113.844515,0,1,-2.904523,5.722990,2.657918,1.000000,-0.074693
1779541113.854629,0,1,-2.913196,5.727968,2.655610,1.000000,-0.074693
1779541113.864580,0,1,-2.921850,5.732979,2.653113,1.000000,-0.073111
1779541113.874664,0,1,-2.930499,5.737999,2.650805,1.000000,-0.073111
1779541113.884538,0,1,-2.939129,5.743051,2.648308,1.000000,-0.071905
1779541113.894526,0,1,-2.947754,5.748112,2.646000,1.000000,-0.071905
1779541113.904571,0,1,-2.956359,5.753205,2.643503,1.000000,-0.071905
1779541113.914825,0,1,-2.964959,5.758308,2.641195,1.000000,-0.070012
1779541113.924575,0,1,-2.973540,5.763443,2.638698,1.000000,-0.070012
1779541113.934889,0,1,-2.982116,5.768586,2.636390,1.000000,-0.070012
1779541113.944389,0,1,-2.990672,5.773762,2.633893,1.000000,-0.070012
1779541113.954545,0,1,-2.999223,5.778947,2.631585,1.000000,-0.070012
1779541113.964225,0,1,-3.007754,5.784164,2.629088,1.000000,-0.070012
1779541113.974785,0,1,-3.016280,5.789390,2.626780,1.000000,-0.070012
1779541113.984605,0,1,-3.024786,5.794648,2.624283,1.000000,-0.070012
1779541113.994818,0,1,-3.033287,5.799915,2.621975,1.000000,-0.070012
1779541114.004894,0,1,-3.041768,5.805214,2.619478,1.000000,-0.070012
1779541114.014505,0,1,-3.050243,5.810522,2.617170,1.000000,-0.070012
1779541114.024610,0,1,-3.058698,5.815861,2.614673,1.000000,-0.070012
1779541114.034662,0,1,-3.067148,5.821209,2.612366,1.000000,-0.070012
1779541114.044470,0,1,-3.075577,5.826589,2.609868,1.000000,-0.070012
1779541114.054985,0,1,-3.084001,5.831978,2.607561,1.000000,-0.070012
1779541114.064263,0,1,-3.092404,5.837399,2.605063,1.000000,-0.070012
1779541114.074752,0,1,-3.100802,5.842828,2.602756,1.000000,-0.070012
1779541114.084190,0,1,-3.109179,5.848289,2.600258,1.000000,-0.070012
1779541114.094882,0,1,-3.117551,5.853758,2.597951,1.000000,-0.070012
1779541114.104563,0,1,-3.125902,5.859259,2.595453,1.000000,-0.057563
1779541114.114651,0,1,-3.134247,5.864769,2.593146,1.000000,-0.057563
1779541114.124456,0,1,-3.142572,5.870310,2.590648,1.000000,-0.054157
1779541114.134668,0,1,-3.150904,5.875840,2.588587,1.000000,-0.054157
1779541114.144708,0,1,-3.159259,5.881335,2.587041,1.000000,-0.052322
1779541114.154377,0,1,-3.167612,5.886832,2.585425,1.000000,-0.052322
1779541114.164544,0,1,-3.175974,5.892317,2.584044,1.000000,-0.050488
1779541114.174629,0,1,-3.184325,5.897818,2.582491,1.000000,-0.050488
1779541114.184686,0,1,-3.192678,5.903315,2.581136,1.000000,-0.048774
1779541114.194871,0,1,-3.201018,5.908833,2.579595,1.000000,-0.048370
1779541114.204558,0,1,-3.209358,5.914350,2.578246,1.000000,-0.048370
1779541114.214977,0,1,-3.217684,5.919890,2.576708,1.000000,-0.047747
1779541114.224515,0,1,-3.226009,5.925429,2.575361,1.000000,-0.047747
1779541114.234785,0,1,-3.234319,5.930992,2.573824,1.000000,-0.047099
1779541114.244705,0,1,-3.242629,5.936555,2.572477,1.000000,-0.047099
1779541114.254675,0,1,-3.250923,5.942141,2.570940,1.000000,-0.046525
1779541114.264295,0,1,-3.259217,5.947728,2.569594,1.000000,-0.046525
1779541114.274774,0,1,-3.267495,5.953338,2.568057,1.000000,-0.046112
1779541114.284203,0,1,-3.275772,5.958949,2.566711,1.000000,-0.045454
1779541114.294594,0,1,-3.284034,5.964583,2.565174,1.000000,-0.045454
1779541114.304542,0,1,-3.292296,5.970217,2.563828,1.000000,-0.044797
1779541114.314506,0,1,-3.300542,5.975875,2.562291,1.000000,-0.044797
1779541114.324282,0,1,-3.308787,5.981533,2.560945,1.000000,-0.044086
1779541114.334854,0,1,-3.317016,5.987215,2.559408,1.000000,-0.044086
1779541114.344741,0,1,-3.325245,5.992897,2.558062,1.000000,-0.043320
1779541114.355007,0,1,-3.333458,5.998602,2.556525,1.000000,-0.043320
1779541114.364691,0,1,-3.341670,6.004308,2.555179,1.000000,-0.042563
1779541114.374777,0,1,-3.349867,6.010036,2.553642,1.000000,-0.042563
1779541114.384544,0,1,-3.358063,6.015766,2.552296,1.000000,-0.041755
1779541114.394847,0,1,-3.366242,6.021518,2.550759,1.000000,-0.041356
1779541114.404521,0,1,-3.374422,6.027271,2.549413,1.000000,-0.041356
1779541114.414336,0,1,-3.382585,6.033047,2.547876,1.000000,-0.040548
1779541114.424684,0,1,-3.390748,6.038824,2.546530,1.000000,-0.040548
1779541114.434740,0,1,-3.398895,6.044623,2.544993,1.000000,-0.039657
1779541114.444631,0,1,-3.407041,6.050423,2.543647,1.000000,-0.039657
1779541114.454637,0,1,-3.415170,6.056246,2.542110,1.000000,-0.039657
1779541114.464509,0,1,-3.423300,6.062070,2.540764,1.000000,-0.039657
1779541114.474601,0,1,-3.431413,6.067916,2.539227,1.000000,-0.039657
1779541114.484555,0,1,-3.439525,6.073763,2.537881,1.000000,-0.039657
1779541114.494560,0,1,-3.447621,6.079633,2.536344,1.000000,-0.039657
1779541114.504217,0,1,-3.455717,6.085503,2.534998,1.000000,-0.039657
1779541114.514690,0,1,-3.463796,6.091396,2.533461,1.000000,-0.039657
1779541114.524709,0,1,-3.471875,6.097290,2.532115,1.000000,-0.039657
1779541114.534784,0,1,-3.479937,6.103206,2.530578,1.000000,-0.039657
1779541114.544474,0,1,-3.487999,6.109123,2.529232,1.000000,-0.039657
1779541114.554379,0,1,-3.496044,6.115062,2.527695,1.000000,-0.034318
1779541114.564416,0,1,-3.504088,6.121002,2.526349,1.000000,-0.034318
1779541114.574908,0,1,-3.512116,6.126965,2.524812,1.000000,-0.034318
1779541114.584219,0,1,-3.520143,6.132928,2.523466,1.000000,-0.031890
1779541114.595065,0,1,-3.528154,6.138914,2.521929,1.000000,-0.031890
1779541114.604359,0,1,-3.536179,6.144881,2.520829,1.000000,-0.030661
1779541114.614691,0,1,-3.544234,6.150807,2.520245,1.000000,-0.030661
1779541114.624249,0,1,-3.552293,6.156727,2.519589,1.000000,-0.029472
1779541114.634895,0,1,-3.560366,6.162628,2.519169,1.000000,-0.029472
1779541114.644560,0,1,-3.568434,6.168537,2.518577,1.000000,-0.028182
1779541114.654236,0,1,-3.576510,6.174434,2.518183,1.000000,-0.028182
1779541114.664540,0,1,-3.584577,6.180343,2.517603,1.000000,-0.027732
1779541114.674451,0,1,-3.592651,6.186244,2.517215,1.000000,-0.027711
1779541114.684427,0,1,-3.600714,6.192159,2.516638,1.000000,-0.027711
1779541114.694832,0,1,-3.608783,6.198066,2.516252,1.000000,-0.027711
1779541114.704265,0,1,-3.616841,6.203988,2.515676,1.000000,-0.027744
1779541114.714539,0,1,-3.624904,6.209902,2.515290,1.000000,-0.027744
1779541114.725266,0,1,-3.632957,6.215831,2.514715,1.000000,-0.027801
1779541114.734523,0,1,-3.641015,6.221753,2.514329,1.000000,-0.027825
1779541114.744330,0,1,-3.649062,6.227690,2.513753,1.000000,-0.027825
1779541114.754228,0,1,-3.657114,6.233620,2.513368,1.000000,-0.027724
1779541114.764394,0,1,-3.665155,6.239564,2.512792,1.000000,-0.027724
1779541114.774487,0,1,-3.673202,6.245502,2.512407,1.000000,-0.027773
1779541114.784654,0,1,-3.681238,6.251454,2.511831,1.000000,-0.027773
1779541114.794713,0,1,-3.689279,6.257399,2.511446,1.000000,-0.027768
1779541114.804692,0,1,-3.697308,6.263359,2.510870,1.000000,-0.027768
1779541114.814873,0,1,-3.705344,6.269312,2.510485,1.000000,-0.027741
1779541114.824878,0,1,-3.713368,6.275279,2.509909,1.000000,-0.027741
1779541114.834232,0,1,-3.721397,6.281240,2.509524,1.000000,-0.027684
1779541114.844650,0,1,-3.729416,6.287215,2.508948,1.000000,-0.027684
1779541114.854934,0,1,-3.737439,6.293183,2.508563,1.000000,-0.027619
1779541114.864713,0,1,-3.745452,6.299166,2.507987,1.000000,-0.027619
1779541114.874543,0,1,-3.753470,6.305142,2.507602,1.000000,-0.027519
1779541114.884227,0,1,-3.761477,6.311133,2.507026,1.000000,-0.027519
1779541114.894732,0,1,-3.769489,6.317117,2.506641,1.000000,-0.027437
1779541114.904231,0,1,-3.777490,6.323115,2.506065,1.000000,-0.027437
1779541114.915365,0,1,-3.785497,6.329106,2.505680,1.000000,-0.027326
1779541114.924461,0,1,-3.793492,6.335112,2.505104,1.000000,-0.027326
1779541114.934768,0,1,-3.801493,6.341112,2.504719,1.000000,-0.027326
1779541114.944569,0,1,-3.809483,6.347125,2.504143,1.000000,-0.027158
1779541114.954734,0,1,-3.817478,6.353132,2.503758,1.000000,-0.027158
1779541114.964587,0,1,-3.825461,6.359153,2.503182,1.000000,-0.027158
1779541114.974982,0,1,-3.833451,6.365168,2.502797,1.000000,-0.027158
1779541114.984654,0,1,-3.841429,6.371197,2.502221,1.000000,-0.027158
1779541114.994787,0,1,-3.849412,6.377219,2.501836,1.000000,-0.027158
1779541115.004809,0,1,-3.857384,6.383256,2.501260,1.000000,-0.027158
1779541115.014955,0,1,-3.865362,6.389286,2.500875,1.000000,-0.027158
1779541115.024637,0,1,-3.873328,6.395330,2.500299,1.000000,-0.027158
1779541115.034687,0,1,-3.881300,6.401368,2.499914,1.000000,-0.027158
1779541115.044538,0,1,-3.889261,6.407420,2.499338,1.000000,-0.027158
1779541115.054286,0,1,-3.897227,6.413465,2.498953,1.000000,-0.027158
1779541115.064551,0,1,-3.905182,6.419524,2.498377,1.000000,-0.027158
1779541115.074513,0,1,-3.913142,6.425577,2.497992,1.000000,-0.025910
1779541115.084526,0,1,-3.921091,6.431645,2.497416,1.000000,-0.025910
1779541115.094643,0,1,-3.929045,6.437705,2.497031,1.000000,-0.025416
1779541115.104411,0,1,-3.936988,6.443780,2.496455,1.000000,-0.025101
1779541115.114499,0,1,-3.944937,6.449848,2.496070,1.000000,-0.025101
1779541115.124776,0,1,-3.952874,6.455931,2.495494,1.000000,-0.024746
1779541115.134483,0,1,-3.960817,6.462006,2.495109,1.000000,-0.024746
1779541115.144349,0,1,-3.968748,6.468097,2.494533,1.000000,-0.024354
1779541115.154547,0,1,-3.976685,6.474180,2.494148,1.000000,-0.024354
1779541115.164505,0,1,-3.984611,6.480278,2.493572,1.000000,-0.023926
1779541115.174763,0,1,-3.992542,6.486369,2.493187,1.000000,-0.023926
1779541115.184825,0,1,-4.000462,6.492474,2.492611,1.000000,-0.023504
1779541115.194781,0,1,-4.008387,6.498573,2.492226,1.000000,-0.023504
1779541115.204496,0,1,-4.016301,6.504686,2.491650,1.000000,-0.023063
1779541115.215126,0,1,-4.024220,6.510792,2.491265,1.000000,-0.022554
1779541115.224484,0,1,-4.032128,6.516913,2.490689,1.000000,-0.022554
1779541115.234452,0,1,-4.040041,6.523026,2.490304,1.000000,-0.022215
1779541115.244382,0,1,-4.047943,6.529155,2.489728,1.000000,-0.022215
1779541115.254429,0,1,-4.055851,6.535276,2.489343,1.000000,-0.021695
1779541115.264208,0,1,-4.063747,6.541412,2.488767,1.000000,-0.021695
1779541115.274799,0,1,-4.071649,6.547541,2.488382,1.000000,-0.021695
1779541115.284479,0,1,-4.079539,6.553684,2.487806,1.000000,-0.020949
1779541115.294603,0,1,-4.087435,6.559821,2.487421,1.000000,-0.020949
1779541115.304811,0,1,-4.095319,6.565972,2.486845,1.000000,-0.020320
1779541115.314680,0,1,-4.103209,6.572116,2.486460,1.000000,-0.020320
1779541115.324149,0,1,-4.111088,6.578275,2.485884,1.000000,-0.019680
1779541115.335119,0,1,-4.118972,6.584427,2.485499,1.000000,-0.019680
1779541115.344767,0,1,-4.126844,6.590593,2.484923,1.000000,-0.019027
1779541115.354724,0,1,-4.134722,6.596752,2.484538,1.000000,-0.018627
1779541115.364527,0,1,-4.142589,6.602926,2.483962,1.000000,-0.018627
1779541115.374578,0,1,-4.150461,6.609093,2.483577,1.000000,-0.017941
1779541115.384455,0,1,-4.158322,6.615274,2.483001,1.000000,-0.017941
1779541115.394523,0,1,-4.166188,6.621448,2.482616,1.000000,-0.017180
1779541115.404163,0,1,-4.174043,6.627637,2.482040,1.000000,-0.017180
1779541115.414309,0,1,-4.181903,6.633819,2.481655,1.000000,-0.016415
1779541115.424570,0,1,-4.189752,6.640016,2.481079,1.000000,-0.016415
1779541115.434242,0,1,-4.197606,6.646205,2.480694,1.000000,-0.015637
1779541115.445363,0,1,-4.205449,6.652409,2.480118,1.000000,-0.015637
1779541115.454492,0,1,-4.213297,6.658606,2.479733,1.000000,-0.015637
1779541115.464657,0,1,-4.221134,6.664818,2.479157,1.000000,-0.015637
1779541115.475151,0,1,-4.228976,6.671022,2.478772,1.000000,-0.015637
1779541115.484644,0,1,-4.236807,6.677241,2.478196,1.000000,-0.015637
1779541115.494592,0,1,-4.244644,6.683454,2.477811,1.000000,-0.015637
1779541115.504791,0,1,-4.252469,6.689680,2.477235,1.000000,-0.015637
1779541115.514335,0,1,-4.260299,6.695900,2.476850,1.000000,-0.015637
1779541115.524580,0,1,-4.268118,6.702134,2.476274,1.000000,-0.015637
1779541115.534133,0,1,-4.275943,6.708361,2.475889,1.000000,-0.015637
1779541115.544622,0,1,-4.283756,6.714603,2.475313,1.000000,-0.015637
1779541115.554304,0,1,-4.291574,6.720837,2.474928,1.000000,-0.009688
1779541115.564703,0,1,-4.299381,6.727086,2.474352,1.000000,-0.009688
1779541115.574614,0,1,-4.307193,6.733329,2.473967,1.000000,-0.008685
1779541115.584601,0,1,-4.314994,6.739585,2.473391,1.000000,-0.008685
1779541115.594728,0,1,-4.322801,6.745835,2.473006,1.000000,-0.008098
1779541115.604471,0,1,-4.330596,6.752099,2.472430,1.000000,-0.008098
1779541115.614742,0,1,-4.338396,6.758356,2.472045,1.000000,-0.007025
1779541115.624496,0,1,-4.346185,6.764628,2.471469,1.000000,-0.007025
1779541115.634657,0,1,-4.353980,6.770893,2.471084,1.000000,-0.005859
1779541115.644459,0,1,-4.361763,6.777172,2.470508,1.000000,-0.005859
1779541115.655091,0,1,-4.369551,6.783444,2.470123,1.000000,-0.004683
1779541115.664509,0,1,-4.377328,6.789730,2.469547,1.000000,-0.004683
1779541115.674624,0,1,-4.385110,6.796010,2.469162,1.000000,-0.003496
1779541115.684504,0,1,-4.392881,6.802304,2.468586,1.000000,-0.003496
1779541115.694537,0,1,-4.400657,6.808591,2.468201,1.000000,-0.002283
1779541115.705165,0,1,-4.408422,6.814893,2.467625,1.000000,-0.002283
1779541115.714611,0,1,-4.416192,6.821187,2.467240,1.000000,-0.000966
1779541115.724741,0,1,-4.423951,6.827496,2.466664,1.000000,-0.000966
1779541115.734679,0,1,-4.431715,6.833798,2.466279,1.000000,-0.000368
1779541115.744720,0,1,-4.439468,6.840115,2.465703,1.000000,-0.000368
1779541115.754622,0,1,-4.447226,6.846424,2.465318,1.000000,0.000966
1779541115.764675,0,1,-4.454973,6.852748,2.464742,1.000000,0.000966
1779541115.774498,0,1,-4.462740,6.859046,2.464603,1.000000,0.002310
1779541115.784502,0,1,-4.470545,6.865297,2.464980,1.000000,0.002310
1779541115.794814,0,1,-4.478361,6.871535,2.465285,1.000000,0.003733
1779541115.804384,0,1,-4.486198,6.877747,2.465826,1.000000,0.005214
1779541115.814240,0,1,-4.494035,6.883958,2.466195,1.000000,0.005214
1779541115.824461,0,1,-4.501887,6.890151,2.466762,1.000000,0.006538
1779541115.834776,0,1,-4.509735,6.896349,2.467143,1.000000,0.006538
1779541115.844583,0,1,-4.517595,6.902530,2.467716,1.000000,0.006538
1779541115.854523,0,1,-4.525451,6.908718,2.468100,1.000000,0.006874
1779541115.864511,0,1,-4.533319,6.914890,2.468675,1.000000,0.006874
1779541115.874574,0,1,-4.541181,6.921069,2.469060,1.000000,0.007137
1779541115.884791,0,1,-4.549055,6.927234,2.469635,1.000000,0.007137
1779541115.894362,0,1,-4.556924,6.933405,2.470021,1.000000,0.007137
1779541115.904894,0,1,-4.564804,6.939561,2.470596,1.000000,0.007137
1779541115.914710,0,1,-4.572679,6.945725,2.470982,1.000000,0.007511
1779541115.924984,0,1,-4.580565,6.951874,2.471557,1.000000,0.007511
1779541115.934569,0,1,-4.588445,6.958030,2.471942,1.000000,0.007726
1779541115.944469,0,1,-4.596337,6.964171,2.472518,1.000000,0.007726
1779541115.954718,0,1,-4.604224,6.970320,2.472903,1.000000,0.007726
1779541115.964321,0,1,-4.612122,6.976454,2.473479,1.000000,0.007726
1779541115.974656,0,1,-4.620014,6.982594,2.473864,1.000000,0.007726
1779541115.984523,0,1,-4.627918,6.988721,2.474440,1.000000,0.007726
1779541115.994634,0,1,-4.635816,6.994854,2.474825,1.000000,0.007726
1779541116.004553,0,1,-4.643726,7.000973,2.475401,1.000000,0.007726
1779541116.014528,0,1,-4.651630,7.007098,2.475786,1.000000,0.007726
1779541116.024213,0,1,-4.659546,7.013209,2.476362,1.000000,0.007726
1779541116.034289,0,1,-4.667456,7.019327,2.476747,1.000000,0.007726
1779541116.044547,0,1,-4.675377,7.025431,2.477323,1.000000,0.007726
1779541116.054237,0,1,-4.683293,7.031541,2.477708,1.000000,0.007726
1779541116.064178,0,1,-4.691220,7.037637,2.478284,1.000000,0.007726
1779541116.074440,0,1,-4.699142,7.043740,2.478669,1.000000,0.007726
1779541116.084653,0,1,-4.707075,7.049828,2.479245,1.000000,0.007726
1779541116.094570,0,1,-4.715003,7.055923,2.479630,1.000000,0.010791
1779541116.104530,0,1,-4.722942,7.062004,2.480206,1.000000,0.011016
1779541116.114690,0,1,-4.730875,7.068091,2.480591,1.000000,0.011016
1779541116.124721,0,1,-4.738820,7.074164,2.481167,1.000000,0.011520
1779541116.134263,0,1,-4.746760,7.080244,2.481552,1.000000,0.011520
1779541116.144573,0,1,-4.754710,7.086309,2.482128,1.000000,0.012007
1779541116.154570,0,1,-4.762655,7.092382,2.482513,1.000000,0.012007
1779541116.164931,0,1,-4.770612,7.098439,2.483089,1.000000,0.012494
1779541116.174734,0,1,-4.778563,7.104504,2.483474,1.000000,0.012494
1779541116.184501,0,1,-4.786525,7.110554,2.484050,1.000000,0.013019
1779541116.194711,0,1,-4.794482,7.116611,2.484435,1.000000,0.013019
1779541116.204438,0,1,-4.802450,7.122653,2.485011,1.000000,0.013642
1779541116.214734,0,1,-4.810413,7.128703,2.485396,1.000000,0.013642
1779541116.224607,0,1,-4.818387,7.134737,2.485972,1.000000,0.014247
1779541116.234621,0,1,-4.826355,7.140779,2.486357,1.000000,0.014247
1779541116.244532,0,1,-4.834335,7.146806,2.486933,1.000000,0.014841
1779541116.254323,0,1,-4.842309,7.152840,2.487318,1.000000,0.014841
1779541116.264606,0,1,-4.850295,7.158860,2.487894,1.000000,0.015480
1779541116.274675,0,1,-4.858275,7.164886,2.488279,1.000000,0.015480
1779541116.284722,0,1,-4.866266,7.170898,2.488855,1.000000,0.016218
1779541116.294709,0,1,-4.874252,7.176916,2.489240,1.000000,0.016218
1779541116.304384,0,1,-4.882249,7.182920,2.489816,1.000000,0.016508
1779541116.314620,0,1,-4.890241,7.188931,2.490201,1.000000,0.016508
1779541116.324512,0,1,-4.898243,7.194928,2.490777,1.000000,0.017672
1779541116.334805,0,1,-4.906241,7.200931,2.491162,1.000000,0.017672
1779541116.344517,0,1,-4.914249,7.206920,2.491738,1.000000,0.018418
1779541116.354648,0,1,-4.922253,7.212915,2.492123,1.000000,0.018418
1779541116.364787,0,1,-4.930267,7.218896,2.492699,1.000000,0.019286
1779541116.374624,0,1,-4.938276,7.224884,2.493084,1.000000,0.019286
1779541116.384779,0,1,-4.946296,7.230858,2.493660,1.000000,0.020143
1779541116.394505,0,1,-4.954311,7.236838,2.494045,1.000000,0.020489
1779541116.404706,0,1,-4.962336,7.242803,2.494621,1.000000,0.020489
1779541116.414710,0,1,-4.970357,7.248776,2.495006,1.000000,0.021343
1779541116.424885,0,1,-4.978388,7.254734,2.495582,1.000000,0.021343
1779541116.434556,0,1,-4.986415,7.260698,2.495967,1.000000,0.022299
1779541116.444875,0,1,-4.994452,7.266649,2.496543,1.000000,0.022299
1779541116.454547,0,1,-5.002484,7.272606,2.496928,1.000000,0.022299
1779541116.464514,0,1,-5.010527,7.278548,2.497504,1.000000,0.022299
1779541116.474692,0,1,-5.018564,7.284497,2.497889,1.000000,0.022299
1779541116.484420,0,1,-5.026613,7.290432,2.498465,1.000000,0.022299
1779541116.494508,0,1,-5.034656,7.296374,2.498850,1.000000,0.022299
1779541116.504853,0,1,-5.042711,7.302301,2.499426,1.000000,0.022299
1779541116.514316,0,1,-5.050760,7.308235,2.499811,1.000000,0.022299
1779541116.524709,0,1,-5.058820,7.314154,2.500387,1.000000,0.022299
1779541116.534540,0,1,-5.066875,7.320080,2.500772,1.000000,0.022299
1779541116.544837,0,1,-5.074940,7.325991,2.501348,1.000000,0.022299
1779541116.554289,0,1,-5.083001,7.331910,2.501733,1.000000,0.022299
1779541116.564319,0,1,-5.091072,7.337813,2.502309,1.000000,0.022299
1779541116.574530,0,1,-5.099138,7.343724,2.502694,1.000000,0.022299
1779541116.584519,0,1,-5.107215,7.349620,2.503270,1.000000,0.022299
1779541116.594529,0,1,-5.115287,7.355523,2.503655,1.000000,0.022299
1779541116.604798,0,1,-5.123370,7.361411,2.504231,1.000000,0.030565
1779541116.614228,0,1,-5.131447,7.367306,2.504616,1.000000,0.030565
1779541116.624725,0,1,-5.139536,7.373187,2.505192,1.000000,0.031172
1779541116.634396,0,1,-5.147619,7.379074,2.505577,1.000000,0.031172
1779541116.644564,0,1,-5.155713,7.384947,2.506153,1.000000,0.032006
1779541116.654382,0,1,-5.163802,7.390826,2.506538,1.000000,0.032006
1779541116.664446,0,1,-5.171908,7.396681,2.507237,1.000000,0.032842
1779541116.674720,0,1,-5.180033,7.402511,2.508099,1.000000,0.032842
1779541116.684652,0,1,-5.188178,7.408314,2.509143,1.000000,0.033737
1779541116.694370,0,1,-5.196355,7.414069,2.510562,1.000000,0.033737
1779541116.704970,0,1,-5.204543,7.419810,2.511861,1.000000,0.034615
1779541116.714483,0,1,-5.212753,7.425520,2.513376,1.000000,0.034615
1779541116.724721,0,1,-5.220967,7.431224,2.514712,1.000000,0.035067
1779541116.734511,0,1,-5.229199,7.436902,2.516243,1.000000,0.035087
1779541116.744800,0,1,-5.237432,7.442577,2.517586,1.000000,0.035087
1779541116.754421,0,1,-5.245682,7.448228,2.519121,1.000000,0.034750
1779541116.764609,0,1,-5.253933,7.453878,2.520467,1.000000,0.034750
1779541116.774724,0,1,-5.262200,7.459505,2.522003,1.000000,0.034310
1779541116.784535,0,1,-5.270467,7.465131,2.523349,1.000000,0.034310
1779541116.794947,0,1,-5.278750,7.470733,2.524885,1.000000,0.033813
1779541116.804570,0,1,-5.287034,7.476335,2.526232,1.000000,0.033813
1779541116.814837,0,1,-5.295334,7.481913,2.527768,1.000000,0.033277
1779541116.824483,0,1,-5.303634,7.487491,2.529115,1.000000,0.033277
1779541116.834875,0,1,-5.311949,7.493045,2.530651,1.000000,0.032775
1779541116.844832,0,1,-5.320265,7.498599,2.531998,1.000000,0.032775
1779541116.854264,0,1,-5.328597,7.504129,2.533534,1.000000,0.032294
1779541116.864562,0,1,-5.336929,7.509659,2.534880,1.000000,0.032294
1779541116.874480,0,1,-5.345277,7.515165,2.536417,1.000000,0.031779
1779541116.884587,0,1,-5.353625,7.520670,2.537763,1.000000,0.031779
1779541116.894817,0,1,-5.361988,7.526153,2.539300,1.000000,0.031222
1779541116.904558,0,1,-5.370339,7.531654,2.540400,1.000000,0.031222
1779541116.914994,0,1,-5.378661,7.537198,2.540985,1.000000,0.030728
1779541116.924602,0,1,-5.386979,7.542749,2.541640,1.000000,0.030728
1779541116.934573,0,1,-5.395284,7.548319,2.542060,1.000000,0.030230
1779541116.944597,0,1,-5.403594,7.553881,2.542652,1.000000,0.030230
1779541116.954605,0,1,-5.411897,7.559455,2.543046,1.000000,0.030230
1779541116.964599,0,1,-5.420208,7.565017,2.543626,1.000000,0.030230
1779541116.974942,0,1,-5.428513,7.570587,2.544014,1.000000,0.030230
1779541116.984523,0,1,-5.436827,7.576143,2.544591,1.000000,0.030230
1779541116.995113,0,1,-5.445137,7.581706,2.544977,1.000000,0.030230
1779541117.004757,0,1,-5.453456,7.587255,2.545553,1.000000,0.030230
1779541117.014864,0,1,-5.461770,7.592811,2.545939,1.000000,0.030230
1779541117.024842,0,1,-5.470095,7.598352,2.546515,1.000000,0.030230
1779541117.034581,0,1,-5.478414,7.603901,2.546900,1.000000,0.030230
1779541117.044707,0,1,-5.486744,7.609434,2.547476,1.000000,0.030230
1779541117.054602,0,1,-5.495069,7.614974,2.547861,1.000000,0.030230
1779541117.064658,0,1,-5.503404,7.620499,2.548437,1.000000,0.030230
1779541117.074605,0,1,-5.511734,7.626032,2.548822,1.000000,0.035379
1779541117.084580,0,1,-5.520075,7.631549,2.549398,1.000000,0.035379
1779541117.094312,0,1,-5.528410,7.637073,2.549783,1.000000,0.036181
1779541117.104410,0,1,-5.536769,7.642563,2.550605,1.000000,0.036181
1779541117.114644,0,1,-5.545166,7.647993,2.551943,1.000000,0.037215
1779541117.124529,0,1,-5.553578,7.653400,2.553209,1.000000,0.037215
1779541117.134735,0,1,-5.562012,7.658772,2.554711,1.000000,0.038237
1779541117.144546,0,1,-5.570453,7.664135,2.556041,1.000000,0.038237
1779541117.154872,0,1,-5.578910,7.669470,2.557569,1.000000,0.039142
1779541117.164185,0,1,-5.587371,7.674802,2.558911,1.000000,0.039142
1779541117.174776,0,1,-5.595846,7.680109,2.560445,1.000000,0.039105
1779541117.184538,0,1,-5.604323,7.685413,2.561790,1.000000,0.039105
1779541117.194878,0,1,-5.612816,7.690694,2.563326,1.000000,0.038862
1779541117.204524,0,1,-5.621308,7.695973,2.564672,1.000000,0.038862
1779541117.214911,0,1,-5.629816,7.701229,2.566208,1.000000,0.038547
1779541117.224280,0,1,-5.638324,7.706484,2.567555,1.000000,0.038547
1779541117.234655,0,1,-5.646847,7.711714,2.569091,1.000000,0.038232
1779541117.244899,0,1,-5.655370,7.716944,2.570438,1.000000,0.038232
1779541117.254764,0,1,-5.663908,7.722150,2.571974,1.000000,0.037987
1779541117.264604,0,1,-5.672447,7.727356,2.573320,1.000000,0.037987
1779541117.274565,0,1,-5.680999,7.732537,2.574857,1.000000,0.037700
1779541117.284761,0,1,-5.689553,7.737718,2.576203,1.000000,0.037700
1779541117.294655,0,1,-5.698121,7.742875,2.577740,1.000000,0.037379
1779541117.304522,0,1,-5.706689,7.748031,2.579086,1.000000,0.037379
1779541117.314672,0,1,-5.715272,7.753163,2.580623,1.000000,0.037070
1779541117.324561,0,1,-5.723855,7.758294,2.581969,1.000000,0.037070
1779541117.334526,0,1,-5.732452,7.763401,2.583506,1.000000,0.036881
1779541117.344623,0,1,-5.741050,7.768508,2.584852,1.000000,0.036626
1779541117.354272,0,1,-5.749662,7.773590,2.586389,1.000000,0.036626
1779541117.364392,0,1,-5.758275,7.778672,2.587735,1.000000,0.036335
1779541117.374327,0,1,-5.766901,7.783730,2.589272,1.000000,0.036335
1779541117.384658,0,1,-5.775529,7.788787,2.590618,1.000000,0.035998
1779541117.394344,0,1,-5.784170,7.793819,2.592155,1.000000,0.035998
1779541117.404691,0,1,-5.792812,7.798851,2.593501,1.000000,0.035998
1779541117.414756,0,1,-5.801467,7.803859,2.595038,1.000000,0.035777
1779541117.424197,0,1,-5.810123,7.808866,2.596384,1.000000,0.035509
1779541117.434932,0,1,-5.818794,7.813849,2.597921,1.000000,0.035509
1779541117.444616,0,1,-5.827464,7.818831,2.599267,1.000000,0.035509
1779541117.454397,0,1,-5.836149,7.823789,2.600804,1.000000,0.035509
1779541117.464802,0,1,-5.844834,7.828746,2.602150,1.000000,0.035509
1779541117.474611,0,1,-5.853532,7.833678,2.603687,1.000000,0.035509
1779541117.484560,0,1,-5.862231,7.838610,2.605033,1.000000,0.035509
1779541117.494963,0,1,-5.870944,7.843518,2.606570,1.000000,0.035509
1779541117.504430,0,1,-5.879658,7.848425,2.607916,1.000000,0.035509
1779541117.514569,0,1,-5.888385,7.853308,2.609453,1.000000,0.035509
1779541117.524278,0,1,-5.897112,7.858189,2.610799,1.000000,0.035509
1779541117.534415,0,1,-5.905853,7.863047,2.612336,1.000000,0.035509
1779541117.544479,0,1,-5.914595,7.867903,2.613682,1.000000,0.035509
1779541117.554816,0,1,-5.923350,7.872735,2.615219,1.000000,0.034252
1779541117.564452,0,1,-5.932105,7.877567,2.616565,1.000000,0.034252
1779541117.574663,0,1,-5.940874,7.882373,2.618102,1.000000,0.033676
1779541117.584769,0,1,-5.949644,7.887179,2.619448,1.000000,0.033676
1779541117.594501,0,1,-5.958426,7.891961,2.620985,1.000000,0.033490
1779541117.604220,0,1,-5.967209,7.896742,2.622331,1.000000,0.033271
1779541117.614842,0,1,-5.976006,7.901498,2.623868,1.000000,0.033271
1779541117.624569,0,1,-5.984803,7.906253,2.625214,1.000000,0.033001
1779541117.635164,0,1,-5.993613,7.910984,2.626751,1.000000,0.033001
1779541117.644291,0,1,-6.002424,7.915714,2.628097,1.000000,0.032808
1779541117.654514,0,1,-6.011247,7.920420,2.629634,1.000000,0.032808
1779541117.664330,0,1,-6.020072,7.925124,2.630980,1.000000,0.032612
1779541117.674303,0,1,-6.028909,7.929804,2.632517,1.000000,0.032612
1779541117.684533,0,1,-6.037747,7.934483,2.633863,1.000000,0.032422
1779541117.694157,0,1,-6.046597,7.939138,2.635400,1.000000,0.032422
1779541117.704760,0,1,-6.055449,7.943792,2.636746,1.000000,0.032181
1779541117.714525,0,1,-6.064313,7.948420,2.638283,1.000000,0.032181
1779541117.724715,0,1,-6.073177,7.953049,2.639629,1.000000,0.031996
1779541117.734835,0,1,-6.082055,7.957652,2.641166,1.000000,0.031996
1779541117.744413,0,1,-6.090927,7.962265,2.642389,1.000000,0.031866
1779541117.754544,0,1,-6.099794,7.966889,2.643450,1.000000,0.031866
1779541117.764621,0,1,-6.108654,7.971526,2.644328,1.000000,0.031692
1779541117.774502,0,1,-6.117496,7.976196,2.644830,1.000000,0.031622
1779541117.784576,0,1,-6.126339,7.980865,2.645454,1.000000,0.031622
1779541117.794241,0,1,-6.135173,7.985551,2.645861,1.000000,0.031530
1779541117.804332,0,1,-6.144013,7.990226,2.646447,1.000000,0.031530
1779541117.814870,0,1,-6.152847,7.994912,2.646837,1.000000,0.032107
1779541117.824443,0,1,-6.161689,7.999584,2.647416,1.000000,0.032107
1779541117.834156,0,1,-6.170526,8.004265,2.647803,1.000000,0.033224
1779541117.844530,0,1,-6.179382,8.008909,2.648626,1.000000,0.033224
1779541117.854631,0,1,-6.188271,8.013490,2.649964,1.000000,0.034489
1779541117.864118,0,1,-6.197172,8.018049,2.651231,1.000000,0.035157
1779541117.874951,0,1,-6.206092,8.022569,2.652733,1.000000,0.035157
1779541117.884446,0,1,-6.215016,8.027080,2.654063,1.000000,0.036535
1779541117.894779,0,1,-6.223956,8.031562,2.655591,1.000000,0.036535
1779541117.904516,0,1,-6.232897,8.036040,2.656933,1.000000,0.037119
1779541117.914672,0,1,-6.241851,8.040491,2.658467,1.000000,0.037119
1779541117.924375,0,1,-6.250807,8.044941,2.659812,1.000000,0.037221
1779541117.934386,0,1,-6.259775,8.049365,2.661348,1.000000,0.037221
1779541117.944546,0,1,-6.268744,8.053788,2.662694,1.000000,0.037221
1779541117.954898,0,1,-6.277725,8.058186,2.664230,1.000000,0.037221
1779541117.964283,0,1,-6.286706,8.062583,2.665577,1.000000,0.037221
1779541117.974597,0,1,-6.295700,8.066954,2.667113,1.000000,0.037221
1779541117.984717,0,1,-6.304694,8.071325,2.668459,1.000000,0.037221
1779541117.994802,0,1,-6.313701,8.075671,2.669996,1.000000,0.037221
1779541118.004209,0,1,-6.322708,8.080015,2.671342,1.000000,0.037221
1779541118.014333,0,1,-6.331727,8.084335,2.672879,1.000000,0.037221
1779541118.024572,0,1,-6.340746,8.088654,2.674225,1.000000,0.037221
1779541118.034197,0,1,-6.349777,8.092947,2.675762,1.000000,0.037221
1779541118.044722,0,1,-6.358809,8.097240,2.677108,1.000000,0.037221
1779541118.054440,0,1,-6.367853,8.101507,2.678645,1.000000,0.038251
1779541118.064804,0,1,-6.376897,8.105774,2.679991,1.000000,0.038251
1779541118.074433,0,1,-6.385953,8.110015,2.681528,1.000000,0.037686
1779541118.084486,0,1,-6.395009,8.114256,2.682874,1.000000,0.037686
1779541118.095106,0,1,-6.404077,8.118471,2.684411,1.000000,0.037731
1779541118.104466,0,1,-6.413146,8.122686,2.685757,1.000000,0.037731
1779541118.114803,0,1,-6.422226,8.126875,2.687294,1.000000,0.037800
1779541118.124113,0,1,-6.431307,8.131063,2.688640,1.000000,0.037809
1779541118.134903,0,1,-6.440399,8.135226,2.690177,1.000000,0.037809
1779541118.144443,0,1,-6.449492,8.139388,2.691523,1.000000,0.038014
1779541118.154649,0,1,-6.458596,8.143525,2.693060,1.000000,0.038014
1779541118.164183,0,1,-6.467701,8.147661,2.694406,1.000000,0.038129
1779541118.174392,0,1,-6.476817,8.151771,2.695943,1.000000,0.038129
1779541118.184452,0,1,-6.485933,8.155880,2.697289,1.000000,0.038271
1779541118.194560,0,1,-6.495061,8.159965,2.698826,1.000000,0.038271
1779541118.204457,0,1,-6.504190,8.164048,2.700172,1.000000,0.038419
1779541118.214557,0,1,-6.513329,8.168106,2.701709,1.000000,0.038419
1779541118.224237,0,1,-6.522470,8.172163,2.703055,1.000000,0.038674
1779541118.234776,0,1,-6.531621,8.176194,2.704592,1.000000,0.038807
1779541118.244240,0,1,-6.540773,8.180225,2.705938,1.000000,0.038807
1779541118.254173,0,1,-6.549936,8.184230,2.707475,1.000000,0.039032
1779541118.264739,0,1,-6.559099,8.188234,2.708821,1.000000,0.039032
1779541118.274541,0,1,-6.568273,8.192212,2.710358,1.000000,0.039153
1779541118.284713,0,1,-6.577448,8.196190,2.711704,1.000000,0.039153
1779541118.294580,0,1,-6.586634,8.200142,2.713241,1.000000,0.039492
1779541118.304091,0,1,-6.595820,8.204093,2.714587,1.000000,0.039492
1779541118.314494,0,1,-6.605018,8.208019,2.716124,1.000000,0.039542
1779541118.324452,0,1,-6.614215,8.211944,2.717470,1.000000,0.039843
1779541118.334173,0,1,-6.623424,8.215843,2.719007,1.000000,0.039843
1779541118.344261,0,1,-6.632633,8.219741,2.720353,1.000000,0.040042
1779541118.354727,0,1,-6.641852,8.223614,2.721890,1.000000,0.040042
1779541118.364182,0,1,-6.651072,8.227485,2.723236,1.000000,0.040337
1779541118.374352,0,1,-6.660303,8.231331,2.724773,1.000000,0.040337
1779541118.384228,0,1,-6.669535,8.235176,2.726119,1.000000,0.040728
1779541118.394488,0,1,-6.678776,8.238996,2.727656,1.000000,0.040728
1779541118.404427,0,1,-6.688019,8.242814,2.729002,1.000000,0.041072
1779541118.414732,0,1,-6.697272,8.246607,2.730539,1.000000,0.041242
1779541118.424533,0,1,-6.706525,8.250399,2.731885,1.000000,0.041242
1779541118.434921,0,1,-6.715789,8.254164,2.733422,1.000000,0.041242
1779541118.444605,0,1,-6.725053,8.257930,2.734768,1.000000,0.041242
1779541118.454143,0,1,-6.734327,8.261669,2.736305,1.000000,0.041242
1779541118.464713,0,1,-6.743602,8.265407,2.737651,1.000000,0.041242
1779541118.474205,0,1,-6.752888,8.269120,2.739188,1.000000,0.041242
1779541118.484217,0,1,-6.762173,8.272831,2.740534,1.000000,0.041242
1779541118.494639,0,1,-6.771469,8.276517,2.742071,1.000000,0.041242
1779541118.504490,0,1,-6.780766,8.280202,2.743417,1.000000,0.041242
1779541118.515023,0,1,-6.790072,8.283861,2.744954,1.000000,0.041242
1779541118.524136,0,1,-6.799379,8.287519,2.746300,1.000000,0.041242
1779541118.534639,0,1,-6.808696,8.291151,2.747837,1.000000,0.041242
1779541118.544556,0,1,-6.818014,8.294782,2.749183,1.000000,0.044801
1779541118.554636,0,1,-6.827341,8.298387,2.750720,1.000000,0.044801
1779541118.564335,0,1,-6.836669,8.301991,2.752066,1.000000,0.044371
1779541118.574534,0,1,-6.846007,8.305569,2.753603,1.000000,0.044371
1779541118.584508,0,1,-6.855345,8.309147,2.754949,1.000000,0.044844
1779541118.594645,0,1,-6.864693,8.312698,2.756486,1.000000,0.045080
1779541118.604465,0,1,-6.874042,8.316249,2.757832,1.000000,0.045080
1779541118.614507,0,1,-6.883400,8.319773,2.759369,1.000000,0.045080
1779541118.624678,0,1,-6.892759,8.323296,2.760715,1.000000,0.046005
1779541118.634528,0,1,-6.902127,8.326794,2.762252,1.000000,0.046005
1779541118.644490,0,1,-6.911496,8.330290,2.763598,1.000000,0.046530
1779541118.654832,0,1,-6.920875,8.333761,2.765135,1.000000,0.046530
1779541118.664361,0,1,-6.930253,8.337230,2.766481,1.000000,0.046530
1779541118.674635,0,1,-6.939642,8.340673,2.768018,1.000000,0.047496
1779541118.684479,0,1,-6.949031,8.344116,2.769364,1.000000,0.047496
1779541118.694448,0,1,-6.958429,8.347532,2.770901,1.000000,0.048071
1779541118.704126,0,1,-6.967828,8.350947,2.772247,1.000000,0.048071
1779541118.714363,0,1,-6.977236,8.354336,2.773784,1.000000,0.048316
1779541118.724455,0,1,-6.986645,8.357724,2.775130,1.000000,0.049017
1779541118.734843,0,1,-6.996063,8.361086,2.776667,1.000000,0.049017
1779541118.744425,0,1,-7.005481,8.364447,2.778013,1.000000,0.049614
1779541118.754359,0,1,-7.014908,8.367782,2.779550,1.000000,0.049614
1779541118.764139,0,1,-7.024336,8.371116,2.780896,1.000000,0.050317
1779541118.774849,0,1,-7.033773,8.374424,2.782433,1.000000,0.050317
1779541118.784735,0,1,-7.043211,8.377730,2.783779,1.000000,0.051089
1779541118.794218,0,1,-7.052657,8.381011,2.785316,1.000000,0.051089
1779541118.804377,0,1,-7.062104,8.384290,2.786662,1.000000,0.051867
1779541118.814236,0,1,-7.071560,8.387543,2.788199,1.000000,0.051867
1779541118.824605,0,1,-7.081017,8.390796,2.789545,1.000000,0.052606
1779541118.834768,0,1,-7.090482,8.394021,2.791082,1.000000,0.052606
1779541118.844582,0,1,-7.099948,8.397246,2.792428,1.000000,0.053353
1779541118.854668,0,1,-7.109423,8.400445,2.793965,1.000000,0.053353
1779541118.864480,0,1,-7.118898,8.403643,2.795311,1.000000,0.054254
1779541118.874329,0,1,-7.128381,8.406814,2.796848,1.000000,0.054710
1779541118.884585,0,1,-7.137866,8.409984,2.798194,1.000000,0.054710
1779541118.894312,0,1,-7.147358,8.413128,2.799731,1.000000,0.055599
1779541118.904194,0,1,-7.156852,8.416271,2.801077,1.000000,0.055599
1779541118.914274,0,1,-7.166354,8.419387,2.802614,1.000000,0.056413
1779541118.925713,0,1,-7.175856,8.422503,2.803960,1.000000,0.056413
1779541118.934252,0,1,-7.185367,8.425592,2.805497,1.000000,0.057334
1779541118.944257,0,1,-7.194878,8.428680,2.806843,1.000000,0.057334
1779541118.954595,0,1,-7.204398,8.431742,2.808380,1.000000,0.057334
1779541118.964234,0,1,-7.213918,8.434803,2.809726,1.000000,0.057334
1779541118.974626,0,1,-7.223447,8.437837,2.811263,1.000000,0.057334
1779541118.984636,0,1,-7.232975,8.440870,2.812609,1.000000,0.057334
1779541118.994283,0,1,-7.242513,8.443877,2.814146,1.000000,0.057334
1779541119.005125,0,1,-7.252050,8.446883,2.815492,1.000000,0.057334
1779541119.014258,0,1,-7.261596,8.449862,2.817029,1.000000,0.057334
1779541119.024410,0,1,-7.271142,8.452840,2.818375,1.000000,0.057334
1779541119.034244,0,1,-7.280697,8.455792,2.819912,1.000000,0.057334
1779541119.044457,0,1,-7.290251,8.458742,2.821258,1.000000,0.057334
1779541119.054515,0,1,-7.299814,8.461666,2.822795,1.000000,0.057334
1779541119.064509,0,1,-7.309378,8.464590,2.824141,1.000000,0.057334
1779541119.074148,0,1,-7.318949,8.467486,2.825678,1.000000,0.065309
1779541119.084257,0,1,-7.328521,8.470382,2.827024,1.000000,0.065309
1779541119.094822,0,1,-7.338107,8.473228,2.828807,1.000000,0.065309
1779541119.104498,0,1,-7.347716,8.475997,2.831106,1.000000,0.066232
1779541119.114595,0,1,-7.357335,8.478731,2.833333,1.000000,0.066232
1779541119.124773,0,1,-7.366968,8.481415,2.835796,1.000000,0.067390
1779541119.134252,0,1,-7.376606,8.484080,2.838087,1.000000,0.067390
1779541119.145035,0,1,-7.386256,8.486703,2.840576,1.000000,0.068390
1779541119.154279,0,1,-7.395909,8.489314,2.842879,1.000000,0.068390
1779541119.164578,0,1,-7.405573,8.491886,2.845374,1.000000,0.068387
1779541119.174600,0,1,-7.415239,8.494447,2.847680,1.000000,0.068387
1779541119.184348,0,1,-7.424916,8.496971,2.850177,1.000000,0.068370
1779541119.194850,0,1,-7.434594,8.499485,2.852484,1.000000,0.068370
1779541119.204616,0,1,-7.444283,8.501962,2.854981,1.000000,0.068264
1779541119.215142,0,1,-7.453974,8.504428,2.857288,1.000000,0.068093
1779541119.224530,0,1,-7.463674,8.506858,2.859786,1.000000,0.068093
1779541119.234436,0,1,-7.473377,8.509278,2.862093,1.000000,0.067881
1779541119.244294,0,1,-7.483089,8.511662,2.864591,1.000000,0.067881
1779541119.254458,0,1,-7.492803,8.514035,2.866898,1.000000,0.067817
1779541119.264144,0,1,-7.502526,8.516372,2.869396,1.000000,0.067817
1779541119.274555,0,1,-7.512252,8.518699,2.871703,1.000000,0.067761
1779541119.284838,0,1,-7.521986,8.520989,2.874201,1.000000,0.067761
1779541119.294501,0,1,-7.531722,8.523268,2.876508,1.000000,0.067621
1779541119.304854,0,1,-7.541468,8.525512,2.879006,1.000000,0.067621
1779541119.314412,0,1,-7.551215,8.527745,2.881313,1.000000,0.067610
1779541119.324378,0,1,-7.560971,8.529941,2.883811,1.000000,0.067446
1779541119.334666,0,1,-7.570729,8.532127,2.886118,1.000000,0.067446
1779541119.344950,0,1,-7.580495,8.534277,2.888616,1.000000,0.067486
1779541119.354485,0,1,-7.590264,8.536416,2.890923,1.000000,0.067486
1779541119.364442,0,1,-7.600040,8.538518,2.893421,1.000000,0.067446
1779541119.374809,0,1,-7.609819,8.540611,2.895728,1.000000,0.067446
1779541119.385000,0,1,-7.619605,8.542666,2.898226,1.000000,0.067324
1779541119.394546,0,1,-7.629394,8.544711,2.900533,1.000000,0.067324
1779541119.404952,0,1,-7.639190,8.546720,2.903031,1.000000,0.067205
1779541119.414264,0,1,-7.648988,8.548718,2.905338,1.000000,0.067205
1779541119.424959,0,1,-7.658794,8.550679,2.907836,1.000000,0.067270
1779541119.434662,0,1,-7.668602,8.552631,2.910143,1.000000,0.067270
1779541119.444150,0,1,-7.678417,8.554545,2.912641,1.000000,0.067270
1779541119.454381,0,1,-7.688234,8.556449,2.914948,1.000000,0.067270
1779541119.464538,0,1,-7.698058,8.558316,2.917446,1.000000,0.067270
1779541119.474213,0,1,-7.707884,8.560173,2.919753,1.000000,0.067270
1779541119.484710,0,1,-7.717717,8.561992,2.922251,1.000000,0.067270
1779541119.494744,0,1,-7.727552,8.563802,2.924558,1.000000,0.067270
1779541119.504512,0,1,-7.737394,8.565574,2.927056,1.000000,0.067270
1779541119.514415,0,1,-7.747237,8.567337,2.929363,1.000000,0.067270
1779541119.524553,0,1,-7.757088,8.569062,2.931861,1.000000,0.067270
1779541119.534246,0,1,-7.766939,8.570777,2.934168,1.000000,0.067270
1779541119.544256,0,1,-7.776798,8.572455,2.936666,1.000000,0.068138
1779541119.554371,0,1,-7.786658,8.574122,2.938973,1.000000,0.068138
1779541119.564398,0,1,-7.796524,8.575753,2.941471,1.000000,0.067299
1779541119.574547,0,1,-7.806392,8.577373,2.943778,1.000000,0.067299
1779541119.584354,0,1,-7.816265,8.578956,2.946276,1.000000,0.067573
1779541119.594707,0,1,-7.826141,8.580529,2.948583,1.000000,0.067573
1779541119.604378,0,1,-7.836022,8.582064,2.951081,1.000000,0.067573
1779541119.614748,0,1,-7.845905,8.583590,2.953388,1.000000,0.067639
1779541119.624298,0,1,-7.855794,8.585078,2.955886,1.000000,0.067639
1779541119.634306,0,1,-7.865684,8.586555,2.958193,1.000000,0.067693
1779541119.644214,0,1,-7.875580,8.587996,2.960691,1.000000,0.067693
1779541119.654275,0,1,-7.885477,8.589426,2.962998,1.000000,0.067831
1779541119.664224,0,1,-7.895380,8.590819,2.965496,1.000000,0.067831
1779541119.674459,0,1,-7.905284,8.592202,2.967803,1.000000,0.068007
1779541119.684342,0,1,-7.915193,8.593547,2.970301,1.000000,0.068007
1779541119.694300,0,1,-7.925103,8.594882,2.972608,1.000000,0.068130
1779541119.704284,0,1,-7.935019,8.596180,2.975106,1.000000,0.068130
1779541119.714570,0,1,-7.944935,8.597468,2.977413,1.000000,0.068272
1779541119.724584,0,1,-7.954857,8.598718,2.979911,1.000000,0.068272
1779541119.734709,0,1,-7.964780,8.599958,2.982218,1.000000,0.068470
1779541119.744956,0,1,-7.974707,8.601160,2.984716,1.000000,0.068470
1779541119.754498,0,1,-7.984636,8.602352,2.987023,1.000000,0.068643
1779541119.764490,0,1,-7.994569,8.603507,2.989521,1.000000,0.068935
1779541119.774246,0,1,-8.004503,8.604651,2.991828,1.000000,0.068935
1779541119.784449,0,1,-8.014442,8.605758,2.994326,1.000000,0.068935
1779541119.794964,0,1,-8.024381,8.606855,2.996633,1.000000,0.069187
1779541119.804178,0,1,-8.034325,8.607914,2.999131,1.000000,0.069187
1779541119.814555,0,1,-8.044270,8.608963,3.001438,1.000000,0.069187
1779541119.824445,0,1,-8.054219,8.609974,3.003936,1.000000,0.069451
1779541119.834243,0,1,-8.064168,8.610975,3.006243,1.000000,0.069451
1779541119.844747,0,1,-8.074122,8.611939,3.008741,1.000000,0.070101
1779541119.854816,0,1,-8.084076,8.612892,3.011048,1.000000,0.070101
1779541119.864458,0,1,-8.094034,8.613808,3.013546,1.000000,0.070101
1779541119.874389,0,1,-8.103993,8.614713,3.015853,1.000000,0.070382
1779541119.884334,0,1,-8.113956,8.615581,3.018351,1.000000,0.070382
1779541119.894602,0,1,-8.123919,8.616439,3.020658,1.000000,0.070382
1779541119.904673,0,1,-8.133885,8.617259,3.023156,1.000000,0.070974
1779541119.914583,0,1,-8.143852,8.618068,3.025463,1.000000,0.070974
1779541119.924681,0,1,-8.153822,8.618840,3.027961,1.000000,0.070974
1779541119.934690,0,1,-8.163793,8.619602,3.030268,1.000000,0.071535
1779541119.944422,0,1,-8.173767,8.620326,3.032766,1.000000,0.071535
1779541119.954823,0,1,-8.183741,8.621040,3.035073,1.000000,0.071535
1779541119.964468,0,1,-8.193719,8.621716,3.037571,1.000000,0.071535
1779541119.974522,0,1,-8.203696,8.622382,3.039878,1.000000,0.071535
1779541119.984357,0,1,-8.213677,8.623011,3.042376,1.000000,0.071535
1779541119.994496,0,1,-8.223657,8.623628,3.044683,1.000000,0.071535
1779541120.004206,0,1,-8.233641,8.624209,3.047181,1.000000,0.071535
1779541120.014412,0,1,-8.243624,8.624779,3.049488,1.000000,0.071535
1779541120.024467,0,1,-8.253610,8.625311,3.051985,1.000000,0.071535
1779541120.034172,0,1,-8.263597,8.625833,3.054293,1.000000,0.071535
1779541120.044626,0,1,-8.273585,8.626318,3.056790,1.000000,0.071535
1779541120.054507,0,1,-8.283574,8.626792,3.059098,1.000000,0.071535
1779541120.064472,0,1,-8.293564,8.627228,3.061595,1.000000,0.071535
1779541120.074581,0,1,-8.303555,8.627654,3.063903,1.000000,0.071535
1779541120.084495,0,1,-8.313547,8.628042,3.066400,1.000000,0.071535
1779541120.094285,0,1,-8.323540,8.628420,3.068708,1.000000,0.076996
1779541120.104566,0,1,-8.333534,8.628761,3.071205,1.000000,0.076996
1779541120.114820,0,1,-8.343529,8.629091,3.073513,1.000000,0.076996
1779541120.124232,0,1,-8.353525,8.629383,3.076010,1.000000,0.076889
1779541120.134521,0,1,-8.363521,8.629665,3.078318,1.000000,0.076889
1779541120.144423,0,1,-8.373518,8.629909,3.080815,1.000000,0.077217
1779541120.154199,0,1,-8.383515,8.630143,3.083123,1.000000,0.077217
1779541120.164146,0,1,-8.393513,8.630339,3.085620,1.000000,0.077042
1779541120.174280,0,1,-8.403511,8.630525,3.087928,1.000000,0.077042
1779541120.184697,0,1,-8.413510,8.630674,3.090425,1.000000,0.076952
1779541120.194179,0,1,-8.423509,8.630811,3.092733,1.000000,0.076952
1779541120.204352,0,1,-8.433509,8.630912,3.095230,1.000000,0.076819
1779541120.214104,0,1,-8.443508,8.631001,3.097538,1.000000,0.076610
1779541120.224584,0,1,-8.453508,8.631053,3.100035,1.000000,0.076610
1779541120.234558,0,1,-8.463508,8.631095,3.102343,1.000000,0.076307
1779541120.244387,0,1,-8.473508,8.631099,3.104840,1.000000,0.076307
1779541120.254577,0,1,-8.483508,8.631093,3.107148,1.000000,0.075964
1779541120.264518,0,1,-8.493508,8.631049,3.109645,1.000000,0.075964
1779541120.274508,0,1,-8.503508,8.630995,3.111953,1.000000,0.075464
1779541120.284869,0,1,-8.513507,8.630903,3.114450,1.000000,0.075464
1779541120.294734,0,1,-8.523507,8.630800,3.116758,1.000000,0.075281
1779541120.304461,0,1,-8.533506,8.630660,3.119255,1.000000,0.075281
1779541120.314678,0,1,-8.543505,8.630510,3.121563,1.000000,0.075228
1779541120.324562,0,1,-8.553503,8.630322,3.124060,1.000000,0.075204
1779541120.334708,0,1,-8.563501,8.630123,3.126368,1.000000,0.075204
1779541120.344793,0,1,-8.573498,8.629887,3.128865,1.000000,0.075122
1779541120.354597,0,1,-8.583495,8.629640,3.131173,1.000000,0.075122
1779541120.364712,0,1,-8.593491,8.629356,3.133670,1.000000,0.075122
1779541120.374578,0,1,-8.603487,8.629062,3.135978,1.000000,0.074975
1779541120.384590,0,1,-8.613481,8.628729,3.138475,1.000000,0.074975
1779541120.394455,0,1,-8.623475,8.628387,3.140783,1.000000,0.074932
1779541120.404568,0,1,-8.633468,8.628007,3.143280,1.000000,0.074905
1779541120.414669,0,1,-8.643460,8.627616,3.145588,1.000000,0.074905
1779541120.424410,0,1,-8.653451,8.627188,3.148085,1.000000,0.074779
1779541120.434332,0,1,-8.663442,8.626749,3.150393,1.000000,0.074779
1779541120.444223,0,1,-8.673430,8.626273,3.152890,1.000000,0.074779
1779541120.454536,0,1,-8.683418,8.625786,3.155198,1.000000,0.074779
1779541120.464767,0,1,-8.693405,8.625262,3.157695,1.000000,0.074779
1779541120.474677,0,1,-8.703390,8.624727,3.160003,1.000000,0.074779
1779541120.484623,0,1,-8.713374,8.624155,3.162500,1.000000,0.074779
1779541120.494742,0,1,-8.723357,8.623573,3.164808,1.000000,0.074779
1779541120.504648,0,1,-8.733338,8.622952,3.167305,1.000000,0.074779
1779541120.514442,0,1,-8.743318,8.622322,3.169613,1.000000,0.074779
1779541120.524150,0,1,-8.753295,8.621654,3.172110,1.000000,0.074779
1779541120.534274,0,1,-8.763272,8.620975,3.174418,1.000000,0.074779
1779541120.544468,0,1,-8.773247,8.620259,3.176915,1.000000,0.074779
1779541120.554585,0,1,-8.783220,8.619533,3.179223,1.000000,0.074815
1779541120.564482,0,1,-8.793191,8.618769,3.181720,1.000000,0.074815
1779541120.574967,0,1,-8.803161,8.617994,3.184028,1.000000,0.073511
1779541120.584507,0,1,-8.813128,8.617183,3.186525,1.000000,0.073511
1779541120.594225,0,1,-8.823094,8.616360,3.188833,1.000000,0.073251
1779541120.604191,0,1,-8.833057,8.615501,3.191330,1.000000,0.073113
1779541120.614810,0,1,-8.843019,8.614630,3.193638,1.000000,0.073113
1779541120.624595,0,1,-8.852978,8.613723,3.196135,1.000000,0.072970
1779541120.634694,0,1,-8.862936,8.612805,3.198443,1.000000,0.072970
1779541120.644513,0,1,-8.872890,8.611849,3.200940,1.000000,0.072679
1779541120.654465,0,1,-8.882843,8.610884,3.203248,1.000000,0.072679
1779541120.664724,0,1,-8.892793,8.609880,3.205745,1.000000,0.072429
1779541120.675590,0,1,-8.902741,8.608867,3.208053,1.000000,0.072429
1779541120.684522,0,1,-8.912686,8.607816,3.210550,1.000000,0.072046
1779541120.694598,0,1,-8.922629,8.606754,3.212858,1.000000,0.072046
1779541120.704146,0,1,-8.932569,8.605655,3.215355,1.000000,0.071812
1779541120.714212,0,1,-8.942507,8.604546,3.217663,1.000000,0.071517
1779541120.724776,0,1,-8.952441,8.603400,3.220160,1.000000,0.071517
1779541120.734510,0,1,-8.962374,8.602243,3.222468,1.000000,0.071192
1779541120.744731,0,1,-8.972302,8.601048,3.224965,1.000000,0.071192
1779541120.754505,0,1,-8.982229,8.599844,3.227273,1.000000,0.070872
1779541120.764501,0,1,-8.992152,8.598602,3.229770,1.000000,0.070872
1779541120.774528,0,1,-9.002073,8.597349,3.232078,1.000000,0.070442
1779541120.784453,0,1,-9.011990,8.596060,3.234575,1.000000,0.070442
1779541120.794484,0,1,-9.021905,8.594760,3.236883,1.000000,0.070136
1779541120.804476,0,1,-9.031815,8.593423,3.239380,1.000000,0.070136
1779541120.814618,0,1,-9.041724,8.592075,3.241688,1.000000,0.069726
1779541120.824881,0,1,-9.051627,8.590690,3.244185,1.000000,0.069518
1779541120.834482,0,1,-9.061530,8.589295,3.246493,1.000000,0.069518
1779541120.844495,0,1,-9.071426,8.587862,3.248990,1.000000,0.069076
1779541120.854278,0,1,-9.081322,8.586420,3.251298,1.000000,0.069076
1779541120.864776,0,1,-9.091212,8.584940,3.253795,1.000000,0.068658
1779541120.874662,0,1,-9.101100,8.583449,3.256103,1.000000,0.068658
1779541120.884509,0,1,-9.110983,8.581922,3.258600,1.000000,0.068153
1779541120.894578,0,1,-9.120864,8.580384,3.260908,1.000000,0.068153
1779541120.905202,0,1,-9.130739,8.578809,3.263405,1.000000,0.067687
1779541120.914716,0,1,-9.140612,8.577224,3.265713,1.000000,0.067687
1779541120.924566,0,1,-9.150480,8.575601,3.268210,1.000000,0.067121
1779541120.934678,0,1,-9.160346,8.573969,3.270518,1.000000,0.067121
1779541120.944423,0,1,-9.170205,8.572299,3.273015,1.000000,0.067121
1779541120.954581,0,1,-9.180063,8.570619,3.275323,1.000000,0.067121
1779541120.964361,0,1,-9.189915,8.568902,3.277820,1.000000,0.067121
1779541120.974600,0,1,-9.199764,8.567174,3.280128,1.000000,0.067121
1779541120.984523,0,1,-9.209607,8.565410,3.282625,1.000000,0.067121
1779541120.994538,0,1,-9.219449,8.563635,3.284933,1.000000,0.067121
1779541121.004577,0,1,-9.229283,8.561823,3.287430,1.000000,0.067121
1779541121.014618,0,1,-9.239116,8.560001,3.289738,1.000000,0.067121
1779541121.024599,0,1,-9.248941,8.558142,3.292235,1.000000,0.067121
1779541121.034530,0,1,-9.258765,8.556273,3.294543,1.000000,0.067121
1779541121.044486,0,1,-9.268582,8.554367,3.297040,1.000000,0.064781
1779541121.054744,0,1,-9.278396,8.552451,3.299348,1.000000,0.064781
1779541121.064117,0,1,-9.288204,8.550497,3.301845,1.000000,0.062950
1779541121.075429,0,1,-9.298009,8.548534,3.304153,1.000000,0.062950
1779541121.084149,0,1,-9.307807,8.546533,3.306650,1.000000,0.062216
1779541121.094322,0,1,-9.317608,8.544546,3.308712,1.000000,0.062216
1779541121.104493,0,1,-9.327416,8.542600,3.310257,1.000000,0.061487
1779541121.114719,0,1,-9.337225,8.540651,3.311873,1.000000,0.061487
1779541121.124207,0,1,-9.347036,8.538717,3.313255,1.000000,0.060801
1779541121.134429,0,1,-9.356843,8.536763,3.314808,1.000000,0.060801
1779541121.144331,0,1,-9.366651,8.534814,3.316162,1.000000,0.060211
1779541121.154240,0,1,-9.376455,8.532841,3.317703,1.000000,0.060211
1779541121.164505,0,1,-9.386258,8.530869,3.319052,1.000000,0.060575
1779541121.174796,0,1,-9.396057,8.528870,3.320590,1.000000,0.060575
1779541121.184646,0,1,-9.405855,8.526871,3.321937,1.000000,0.061205
1779541121.194543,0,1,-9.415647,8.524846,3.323474,1.000000,0.061205
1779541121.204767,0,1,-9.425440,8.522819,3.324821,1.000000,0.061932
1779541121.214106,0,1,-9.435227,8.520765,3.326358,1.000000,0.062294
1779541121.224484,0,1,-9.445013,8.518711,3.327704,1.000000,0.062294
1779541121.234827,0,1,-9.454794,8.516629,3.329241,1.000000,0.063042
1779541121.244488,0,1,-9.464575,8.514547,3.330587,1.000000,0.063042
1779541121.254697,0,1,-9.474350,8.512437,3.332124,1.000000,0.063698
1779541121.264539,0,1,-9.484125,8.510326,3.333470,1.000000,0.063698
1779541121.274259,0,1,-9.493893,8.508188,3.335007,1.000000,0.064737
1779541121.284209,0,1,-9.503662,8.506049,3.336353,1.000000,0.064737
1779541121.294552,0,1,-9.513419,8.503859,3.338136,1.000000,0.065828
1779541121.304278,0,1,-9.523159,8.501592,3.340435,1.000000,0.065828
1779541121.314270,0,1,-9.532890,8.499289,3.342662,1.000000,0.066839
1779541121.324754,0,1,-9.542609,8.496935,3.345125,1.000000,0.066839
1779541121.334324,0,1,-9.552323,8.494562,3.347416,1.000000,0.067819
1779541121.344436,0,1,-9.562027,8.492147,3.349905,1.000000,0.067819
1779541121.354558,0,1,-9.571728,8.489719,3.352208,1.000000,0.067307
1779541121.364309,0,1,-9.581419,8.487253,3.354703,1.000000,0.067307
1779541121.374575,0,1,-9.591108,8.484776,3.357009,1.000000,0.066025
1779541121.384479,0,1,-9.600786,8.482262,3.359506,1.000000,0.066025
1779541121.394860,0,1,-9.610462,8.479737,3.361813,1.000000,0.064739
1779541121.404746,0,1,-9.620129,8.477175,3.364310,1.000000,0.064739
1779541121.414915,0,1,-9.629792,8.474604,3.366618,1.000000,0.063337
1779541121.424509,0,1,-9.639446,8.471996,3.369115,1.000000,0.063337
1779541121.434934,0,1,-9.649104,8.469401,3.371177,1.000000,0.062416
1779541121.444718,0,1,-9.658772,8.466846,3.372722,1.000000,0.062416
1779541121.455097,0,1,-9.668439,8.464289,3.374338,1.000000,0.062416
1779541121.464664,0,1,-9.678111,8.461746,3.375720,1.000000,0.062416
1779541121.474638,0,1,-9.687777,8.459184,3.377272,1.000000,0.062416
1779541121.484587,0,1,-9.697444,8.456627,3.378627,1.000000,0.062416
1779541121.494673,0,1,-9.707105,8.454045,3.380168,1.000000,0.062416
1779541121.504841,0,1,-9.716767,8.451465,3.381517,1.000000,0.062416
1779541121.514863,0,1,-9.726421,8.448858,3.383055,1.000000,0.062416
1779541121.524826,0,1,-9.736075,8.446252,3.384402,1.000000,0.062416
1779541121.534694,0,1,-9.745722,8.443619,3.385939,1.000000,0.062416
1779541121.544404,0,1,-9.755369,8.440985,3.387286,1.000000,0.062416
1779541121.554301,0,1,-9.765009,8.438324,3.388823,1.000000,0.062416
1779541121.564494,0,1,-9.774648,8.435663,3.390169,1.000000,0.062461
1779541121.574635,0,1,-9.784280,8.432975,3.391706,1.000000,0.062461
1779541121.584563,0,1,-9.793912,8.430285,3.393052,1.000000,0.061868
1779541121.594769,0,1,-9.803536,8.427569,3.394589,1.000000,0.062081
1779541121.604496,0,1,-9.813160,8.424853,3.395935,1.000000,0.062081
1779541121.614322,0,1,-9.822776,8.422109,3.397472,1.000000,0.062508
1779541121.624418,0,1,-9.832392,8.419364,3.398818,1.000000,0.062508
1779541121.634276,0,1,-9.842000,8.416593,3.400355,1.000000,0.062812
1779541121.644510,0,1,-9.851608,8.413821,3.401701,1.000000,0.062812
1779541121.654388,0,1,-9.861209,8.411022,3.403238,1.000000,0.063368
1779541121.664227,0,1,-9.870809,8.408222,3.404584,1.000000,0.063368
1779541121.674670,0,1,-9.880401,8.405395,3.406121,1.000000,0.063498
1779541121.684683,0,1,-9.889993,8.402567,3.407467,1.000000,0.063498
1779541121.694542,0,1,-9.899577,8.399713,3.409004,1.000000,0.063884
1779541121.704236,0,1,-9.909160,8.396858,3.410350,1.000000,0.063884
1779541121.714506,0,1,-9.918736,8.393976,3.411887,1.000000,0.064198
1779541121.725010,0,1,-9.928311,8.391093,3.413233,1.000000,0.064198
1779541121.734293,0,1,-9.937872,8.388160,3.415016,1.000000,0.064479
1779541121.744509,0,1,-9.947408,8.385151,3.417315,1.000000,0.064479
1779541121.754763,0,1,-9.956934,8.382108,3.419542,1.000000,0.064822
1779541121.764574,0,1,-9.966443,8.379014,3.422005,1.000000,0.064822
1779541121.774433,0,1,-9.975947,8.375902,3.424296,1.000000,0.065106
1779541121.784228,0,1,-9.985437,8.372749,3.426785,1.000000,0.065106
1779541121.794599,0,1,-9.994922,8.369584,3.429088,1.000000,0.064583
1779541121.804784,0,1,-10.004396,8.366381,3.431583,1.000000,0.064583
1779541121.814575,0,1,-10.013865,8.363167,3.433889,1.000000,0.063555
1779541121.824649,0,1,-10.023322,8.359916,3.436386,1.000000,0.063555
1779541121.834765,0,1,-10.032783,8.356678,3.438447,1.000000,0.062396
1779541121.845149,0,1,-10.042258,8.353480,3.439992,1.000000,0.061885
1779541121.854838,0,1,-10.051732,8.350279,3.441608,1.000000,0.061885
1779541121.864664,0,1,-10.061210,8.347091,3.442990,1.000000,0.060713
1779541121.874768,0,1,-10.070682,8.343886,3.444542,1.000000,0.060713
1779541121.884495,0,1,-10.080156,8.340684,3.445897,1.000000,0.059626
1779541121.894770,0,1,-10.089622,8.337459,3.447438,1.000000,0.059626
1779541121.904332,0,1,-10.099088,8.334235,3.448787,1.000000,0.059514
1779541121.915010,0,1,-10.108545,8.330986,3.450325,1.000000,0.059514
1779541121.924467,0,1,-10.118002,8.327736,3.451672,1.000000,0.059581
1779541121.934722,0,1,-10.127451,8.324461,3.453209,1.000000,0.059581
1779541121.944182,0,1,-10.136899,8.321184,3.454556,1.000000,0.059581
1779541121.954428,0,1,-10.146338,8.317882,3.456093,1.000000,0.059581
1779541121.964299,0,1,-10.155776,8.314578,3.457439,1.000000,0.059581
1779541121.974392,0,1,-10.165206,8.311249,3.458976,1.000000,0.059581
1779541121.984669,0,1,-10.174635,8.307918,3.460322,1.000000,0.059581
1779541121.994757,0,1,-10.184055,8.304562,3.461859,1.000000,0.059581
1779541122.004559,0,1,-10.193474,8.301204,3.463205,1.000000,0.059581
1779541122.014579,0,1,-10.202884,8.297820,3.464742,1.000000,0.059581
1779541122.024708,0,1,-10.212294,8.294435,3.466088,1.000000,0.059581
1779541122.034157,0,1,-10.221694,8.291024,3.467625,1.000000,0.059581
1779541122.044741,0,1,-10.231094,8.287612,3.468971,1.000000,0.059581
1779541122.054464,0,1,-10.240484,8.284174,3.470508,1.000000,0.060634
1779541122.064323,0,1,-10.249875,8.280735,3.471854,1.000000,0.060634
1779541122.074197,0,1,-10.259255,8.277270,3.473391,1.000000,0.060181
1779541122.084374,0,1,-10.268635,8.273804,3.474737,1.000000,0.060181
1779541122.094364,0,1,-10.278005,8.270312,3.476274,1.000000,0.060247
1779541122.104591,0,1,-10.287376,8.266819,3.477620,1.000000,0.060247
1779541122.114408,0,1,-10.296736,8.263300,3.479157,1.000000,0.060258
1779541122.124490,0,1,-10.306096,8.259780,3.480503,1.000000,0.060258
1779541122.135105,0,1,-10.315446,8.256234,3.482040,1.000000,0.060238
1779541122.144491,0,1,-10.324796,8.252687,3.483386,1.000000,0.060149
1779541122.154697,0,1,-10.334136,8.249114,3.484923,1.000000,0.060149
1779541122.164447,0,1,-10.343475,8.245540,3.486269,1.000000,0.060179
1779541122.174884,0,1,-10.352805,8.241940,3.487806,1.000000,0.060179
1779541122.184298,0,1,-10.362134,8.238339,3.489152,1.000000,0.060145
1779541122.194309,0,1,-10.371453,8.234712,3.490689,1.000000,0.060145
1779541122.204386,0,1,-10.380772,8.231084,3.492035,1.000000,0.060108
1779541122.214253,0,1,-10.390080,8.227431,3.493572,1.000000,0.060108
1779541122.224746,0,1,-10.399389,8.223776,3.494918,1.000000,0.060034
1779541122.234502,0,1,-10.408687,8.220096,3.496455,1.000000,0.060034
1779541122.244255,0,1,-10.417984,8.216414,3.497801,1.000000,0.059987
1779541122.254258,0,1,-10.427272,8.212707,3.499338,1.000000,0.059987
1779541122.264765,0,1,-10.436559,8.208999,3.500684,1.000000,0.059927
1779541122.274534,0,1,-10.445835,8.205265,3.502221,1.000000,0.059826
1779541122.284535,0,1,-10.455112,8.201530,3.503567,1.000000,0.059826
1779541122.294718,0,1,-10.464378,8.197769,3.505104,1.000000,0.059812
1779541122.304481,0,1,-10.473643,8.194007,3.506450,1.000000,0.059812
1779541122.314378,0,1,-10.482898,8.190220,3.507987,1.000000,0.059709
1779541122.324337,0,1,-10.492153,8.186431,3.509333,1.000000,0.059709
1779541122.334297,0,1,-10.501397,8.182617,3.510870,1.000000,0.059613
1779541122.344432,0,1,-10.510640,8.178802,3.512216,1.000000,0.059613
1779541122.354787,0,1,-10.519873,8.174961,3.513753,1.000000,0.059475
1779541122.364667,0,1,-10.529106,8.171120,3.515099,1.000000,0.059328
1779541122.374774,0,1,-10.538328,8.167252,3.516636,1.000000,0.059328
1779541122.384629,0,1,-10.547549,8.163384,3.517982,1.000000,0.059133
1779541122.394471,0,1,-10.556760,8.159490,3.519519,1.000000,0.059133
1779541122.404936,0,1,-10.565970,8.155595,3.520865,1.000000,0.058992
1779541122.414526,0,1,-10.575170,8.151674,3.522402,1.000000,0.058992
1779541122.424845,0,1,-10.584369,8.147753,3.523748,1.000000,0.058817
1779541122.434391,0,1,-10.593557,8.143806,3.525285,1.000000,0.058606
1779541122.444479,0,1,-10.602745,8.139858,3.526631,1.000000,0.058606
1779541122.454257,0,1,-10.611921,8.135885,3.528168,1.000000,0.058606
1779541122.464792,0,1,-10.621098,8.131910,3.529514,1.000000,0.058606
1779541122.474689,0,1,-10.630263,8.127910,3.531051,1.000000,0.058606
1779541122.484256,0,1,-10.639428,8.123910,3.532397,1.000000,0.058606
1779541122.494561,0,1,-10.648581,8.119883,3.533934,1.000000,0.058606
1779541122.504165,0,1,-10.657734,8.115856,3.535280,1.000000,0.058606
1779541122.514538,0,1,-10.666876,8.111803,3.536817,1.000000,0.058606
1779541122.524464,0,1,-10.676018,8.107750,3.538163,1.000000,0.058606
1779541122.534610,0,1,-10.685148,8.103671,3.539700,1.000000,0.058606
1779541122.544644,0,1,-10.694278,8.099591,3.541046,1.000000,0.058606
1779541122.554294,0,1,-10.703397,8.095485,3.542583,1.000000,0.057003
1779541122.564247,0,1,-10.712515,8.091379,3.543929,1.000000,0.057003
1779541122.574643,0,1,-10.721621,8.087248,3.545466,1.000000,0.056780
1779541122.584483,0,1,-10.730727,8.083115,3.546812,1.000000,0.056780
1779541122.594695,0,1,-10.739822,8.078957,3.548349,1.000000,0.056780
1779541122.604630,0,1,-10.748916,8.074798,3.549695,1.000000,0.056450
1779541122.615283,0,1,-10.757999,8.070614,3.551232,1.000000,0.056450
1779541122.624321,0,1,-10.767081,8.066429,3.552578,1.000000,0.056087
1779541122.634911,0,1,-10.776151,8.062219,3.554115,1.000000,0.056087
1779541122.644202,0,1,-10.785222,8.058008,3.555461,1.000000,0.055749
1779541122.654715,0,1,-10.794280,8.053772,3.556998,1.000000,0.055749
1779541122.664338,0,1,-10.803338,8.049535,3.558344,1.000000,0.055388
1779541122.674196,0,1,-10.812384,8.045272,3.559881,1.000000,0.055388
1779541122.684338,0,1,-10.821429,8.041009,3.561227,1.000000,0.054996
1779541122.694797,0,1,-10.830463,8.036720,3.562764,1.000000,0.054570
1779541122.704523,0,1,-10.839497,8.032431,3.564110,1.000000,0.054570
1779541122.714452,0,1,-10.848518,8.028116,3.565647,1.000000,0.054570
1779541122.724731,0,1,-10.857539,8.023801,3.566993,1.000000,0.054164
1779541122.734584,0,1,-10.866548,8.019460,3.568530,1.000000,0.054026
1779541122.744162,0,1,-10.875556,8.015119,3.569876,1.000000,0.054026
1779541122.754556,0,1,-10.884552,8.010752,3.571413,1.000000,0.053576
1779541122.764804,0,1,-10.893548,8.006385,3.572759,1.000000,0.053576
1779541122.774515,0,1,-10.902532,8.001993,3.574296,1.000000,0.053576
1779541122.784896,0,1,-10.911515,7.997599,3.575642,1.000000,0.053101
1779541122.794295,0,1,-10.920486,7.993181,3.577179,1.000000,0.053101
1779541122.804233,0,1,-10.929457,7.988762,3.578525,1.000000,0.052300
1779541122.814345,0,1,-10.938415,7.984318,3.580062,1.000000,0.052300
1779541122.824384,0,1,-10.947373,7.979873,3.581408,1.000000,0.051815
1779541122.834491,0,1,-10.956318,7.975403,3.582945,1.000000,0.051815
1779541122.844486,0,1,-10.965263,7.970932,3.584291,1.000000,0.051291
1779541122.854592,0,1,-10.974195,7.966436,3.585828,1.000000,0.051291
1779541122.864645,0,1,-10.983127,7.961940,3.587174,1.000000,0.050731
1779541122.875132,0,1,-10.992047,7.957418,3.588711,1.000000,0.050731
1779541122.884606,0,1,-11.000966,7.952896,3.590057,1.000000,0.050180
1779541122.894613,0,1,-11.009872,7.948349,3.591594,1.000000,0.050180
1779541122.904553,0,1,-11.018778,7.943801,3.592940,1.000000,0.049617
1779541122.914663,0,1,-11.027671,7.939228,3.594477,1.000000,0.049617
1779541122.924652,0,1,-11.036564,7.934654,3.595823,1.000000,0.049019
1779541122.934912,0,1,-11.045444,7.930056,3.597360,1.000000,0.049019
1779541122.944694,0,1,-11.054324,7.925457,3.598706,1.000000,0.049019
1779541122.954554,0,1,-11.063190,7.920833,3.600243,1.000000,0.049019
1779541122.964584,0,1,-11.072057,7.916208,3.601589,1.000000,0.049019
1779541122.974396,0,1,-11.080910,7.911558,3.603126,1.000000,0.049019
1779541122.984532,0,1,-11.089763,7.906908,3.604472,1.000000,0.049019
1779541122.994652,0,1,-11.098603,7.902233,3.606009,1.000000,0.049019
1779541123.004238,0,1,-11.107442,7.897557,3.607355,1.000000,0.049019
1779541123.014572,0,1,-11.116269,7.892856,3.608892,1.000000,0.049019
1779541123.024131,0,1,-11.125095,7.888155,3.610238,1.000000,0.049019
1779541123.034236,0,1,-11.133907,7.883429,3.611775,1.000000,0.049019
1779541123.044180,0,1,-11.142720,7.878702,3.613121,1.000000,0.049019
1779541123.054421,0,1,-11.151519,7.873951,3.614658,1.000000,0.044454
1779541123.064181,0,1,-11.160318,7.869199,3.616004,1.000000,0.044454
1779541123.074706,0,1,-11.169103,7.864422,3.617541,1.000000,0.044046
1779541123.084231,0,1,-11.177888,7.859644,3.618887,1.000000,0.044046
1779541123.094840,0,1,-11.186659,7.854842,3.620424,1.000000,0.043287
1779541123.104041,0,1,-11.195431,7.850040,3.621770,1.000000,0.043287
1779541123.114823,0,1,-11.204188,7.845212,3.623307,1.000000,0.042518
1779541123.124103,0,1,-11.212946,7.840384,3.624653,1.000000,0.042518
1779541123.134574,0,1,-11.221689,7.835532,3.626190,1.000000,0.042261
1779541123.144303,0,1,-11.230433,7.830678,3.627536,1.000000,0.041820
1779541123.154393,0,1,-11.239162,7.825801,3.629073,1.000000,0.041820
1779541123.164148,0,1,-11.247892,7.820922,3.630419,1.000000,0.041357
1779541123.174300,0,1,-11.256607,7.816019,3.631956,1.000000,0.041357
1779541123.184617,0,1,-11.265322,7.811116,3.633302,1.000000,0.041357
1779541123.194567,0,1,-11.274024,7.806188,3.634839,1.000000,0.040870
1779541123.204217,0,1,-11.282725,7.801259,3.636185,1.000000,0.040059
1779541123.214734,0,1,-11.291412,7.796306,3.637722,1.000000,0.040059
1779541123.224470,0,1,-11.300099,7.791352,3.639068,1.000000,0.038973
1779541123.234530,0,1,-11.308772,7.786374,3.640605,1.000000,0.038973
1779541123.244648,0,1,-11.317444,7.781395,3.641951,1.000000,0.037860
1779541123.254457,0,1,-11.326103,7.776392,3.643488,1.000000,0.037860
1779541123.264562,0,1,-11.334761,7.771389,3.644834,1.000000,0.036701
1779541123.274573,0,1,-11.343405,7.766361,3.646371,1.000000,0.036701
1779541123.284469,0,1,-11.352048,7.761332,3.647717,1.000000,0.035624
1779541123.294720,0,1,-11.360678,7.756279,3.649254,1.000000,0.035624
1779541123.304521,0,1,-11.369307,7.751225,3.650600,1.000000,0.034635
1779541123.314581,0,1,-11.377922,7.746148,3.652137,1.000000,0.034635
1779541123.324550,0,1,-11.386536,7.741069,3.653483,1.000000,0.033612
1779541123.334615,0,1,-11.395136,7.735966,3.655020,1.000000,0.032557
1779541123.344600,0,1,-11.403736,7.730863,3.656366,1.000000,0.032557
1779541123.354845,0,1,-11.412322,7.725736,3.657903,1.000000,0.032090
1779541123.364635,0,1,-11.420907,7.720608,3.659249,1.000000,0.032090
1779541123.374539,0,1,-11.429477,7.715456,3.660786,1.000000,0.031067
1779541123.384117,0,1,-11.438054,7.710313,3.662009,1.000000,0.031067
1779541123.394727,0,1,-11.446642,7.705191,3.662946,1.000000,0.031067
1779541123.404512,0,1,-11.455252,7.700105,3.663471,1.000000,0.030027
1779541123.414639,0,1,-11.463864,7.695022,3.664104,1.000000,0.028336
1779541123.424171,0,1,-11.472486,7.689956,3.664515,1.000000,0.028336
1779541123.434601,0,1,-11.481102,7.684880,3.665103,1.000000,0.028336
1779541123.444279,0,1,-11.489725,7.679816,3.665495,1.000000,0.028336
1779541123.454486,0,1,-11.498340,7.674738,3.666074,1.000000,0.028336
1779541123.464215,0,1,-11.506960,7.669669,3.666461,1.000000,0.028336
1779541123.474174,0,1,-11.515571,7.664585,3.667038,1.000000,0.028336
1779541123.484162,0,1,-11.524186,7.659509,3.667424,1.000000,0.028336
1779541123.494275,0,1,-11.532793,7.654417,3.668000,1.000000,0.028336
1779541123.504180,0,1,-11.541404,7.649333,3.668386,1.000000,0.028336
1779541123.514459,0,1,-11.550006,7.644233,3.668961,1.000000,0.028336
1779541123.524759,0,1,-11.558613,7.639141,3.669347,1.000000,0.028336
1779541123.534502,0,1,-11.567210,7.634033,3.669922,1.000000,0.028336
1779541123.544147,0,1,-11.575811,7.628933,3.670308,1.000000,0.028850
1779541123.554534,0,1,-11.584403,7.623817,3.670883,1.000000,0.028850
1779541123.564624,0,1,-11.593000,7.618708,3.671269,1.000000,0.029243
1779541123.574482,0,1,-11.601587,7.613584,3.671844,1.000000,0.029243
1779541123.584422,0,1,-11.610179,7.608467,3.672230,1.000000,0.029517
1779541123.594194,0,1,-11.618761,7.603334,3.672805,1.000000,0.029517
1779541123.604535,0,1,-11.627348,7.598209,3.673191,1.000000,0.029799
1779541123.614351,0,1,-11.635925,7.593068,3.673766,1.000000,0.029799
1779541123.624538,0,1,-11.644507,7.587935,3.674152,1.000000,0.030096
1779541123.634554,0,1,-11.653079,7.582785,3.674727,1.000000,0.030096
1779541123.644657,0,1,-11.661656,7.577644,3.675113,1.000000,0.030385
1779541123.654672,0,1,-11.670224,7.572486,3.675688,1.000000,0.030385
1779541123.664639,0,1,-11.678796,7.567337,3.676074,1.000000,0.030662
1779541123.674555,0,1,-11.687358,7.562171,3.676649,1.000000,0.030868
1779541123.684571,0,1,-11.695925,7.557013,3.677035,1.000000,0.030868
1779541123.694900,0,1,-11.704483,7.551839,3.677610,1.000000,0.031156
1779541123.704497,0,1,-11.713045,7.546673,3.677996,1.000000,0.031156
1779541123.714699,0,1,-11.721597,7.541491,3.678571,1.000000,0.031451
1779541123.724820,0,1,-11.730155,7.536316,3.678957,1.000000,0.031451
1779541123.734592,0,1,-11.738702,7.531126,3.679532,1.000000,0.031735
1779541123.744452,0,1,-11.747254,7.525943,3.679918,1.000000,0.031735
1779541123.754849,0,1,-11.755797,7.520745,3.680493,1.000000,0.032009
1779541123.764541,0,1,-11.764344,7.515554,3.680879,1.000000,0.032009
1779541123.774729,0,1,-11.772875,7.510337,3.681577,1.000000,0.032363
1779541123.784422,0,1,-11.781390,7.505093,3.682439,1.000000,0.032363
1779541123.794945,0,1,-11.789888,7.499821,3.683483,1.000000,0.032725
1779541123.804384,0,1,-11.798355,7.494500,3.684903,1.000000,0.032725
1779541123.814846,0,1,-11.806812,7.489164,3.686201,1.000000,0.033084
1779541123.824558,0,1,-11.815249,7.483796,3.687716,1.000000,0.033084
1779541123.834581,0,1,-11.823682,7.478422,3.689052,1.000000,0.033016
1779541123.844981,0,1,-11.832098,7.473021,3.690583,1.000000,0.033016
1779541123.854648,0,1,-11.840513,7.467618,3.691927,1.000000,0.032417
1779541123.864360,0,1,-11.848912,7.462190,3.693462,1.000000,0.032417
1779541123.874764,0,1,-11.857310,7.456761,3.694807,1.000000,0.031581
1779541123.884549,0,1,-11.865692,7.451308,3.696343,1.000000,0.031581
1779541123.894694,0,1,-11.874087,7.445874,3.697443,1.000000,0.030687
1779541123.904605,0,1,-11.882509,7.440484,3.698027,1.000000,0.030687
1779541123.914664,0,1,-11.890936,7.435099,3.698683,1.000000,0.029717
1779541123.924591,0,1,-11.899375,7.429734,3.699103,1.000000,0.029717
1779541123.934597,0,1,-11.907809,7.424361,3.699695,1.000000,0.029717
1779541123.944777,0,1,-11.916251,7.419001,3.700089,1.000000,0.029717
1779541123.954637,0,1,-11.924684,7.413627,3.700669,1.000000,0.029717
1779541123.964503,0,1,-11.933123,7.408262,3.701056,1.000000,0.029717
1779541123.974897,0,1,-11.941553,7.402883,3.701633,1.000000,0.029717
1779541123.984535,0,1,-11.949988,7.397512,3.702020,1.000000,0.029717
1779541123.994722,0,1,-11.958414,7.392125,3.702596,1.000000,0.029717
1779541124.004429,0,1,-11.966844,7.386746,3.702981,1.000000,0.029717
1779541124.014971,0,1,-11.975264,7.381352,3.703557,1.000000,0.029717
1779541124.024318,0,1,-11.983689,7.375965,3.703943,1.000000,0.029717
1779541124.034253,0,1,-11.992104,7.370563,3.704518,1.000000,0.029717
1779541124.044608,0,1,-12.000524,7.365168,3.704904,1.000000,0.029717
1779541124.054885,0,1,-12.008934,7.359758,3.705479,1.000000,0.029717
1779541124.064298,0,1,-12.017349,7.354355,3.705865,1.000000,0.031595
1779541124.074359,0,1,-12.025754,7.348937,3.706440,1.000000,0.031595
1779541124.084669,0,1,-12.034163,7.343525,3.706826,1.000000,0.032491
1779541124.094491,0,1,-12.042563,7.338099,3.707401,1.000000,0.032491
1779541124.104567,0,1,-12.050967,7.332680,3.707787,1.000000,0.033216
1779541124.114328,0,1,-12.059349,7.327225,3.708608,1.000000,0.033216
1779541124.124436,0,1,-12.067691,7.321712,3.709946,1.000000,0.033918
1779541124.134448,0,1,-12.076020,7.316176,3.711213,1.000000,0.034613
1779541124.144531,0,1,-12.084324,7.310605,3.712714,1.000000,0.034613
1779541124.154830,0,1,-12.092622,7.305025,3.714044,1.000000,0.035035
1779541124.164462,0,1,-12.100902,7.299418,3.715573,1.000000,0.035035
1779541124.174208,0,1,-12.109180,7.293808,3.716915,1.000000,0.035284
1779541124.184382,0,1,-12.117441,7.288172,3.718449,1.000000,0.035284
1779541124.194328,0,1,-12.125701,7.282536,3.719794,1.000000,0.035501
1779541124.204216,0,1,-12.133945,7.276875,3.721330,1.000000,0.035501
1779541124.214393,0,1,-12.142188,7.271214,3.722676,1.000000,0.035605
1779541124.224468,0,1,-12.150415,7.265529,3.724212,1.000000,0.035605
1779541124.234562,0,1,-12.158642,7.259844,3.725558,1.000000,0.035669
1779541124.244549,0,1,-12.166852,7.254135,3.727095,1.000000,0.035669
1779541124.254510,0,1,-12.175062,7.248426,3.728441,1.000000,0.035147
1779541124.264688,0,1,-12.183256,7.242693,3.729978,1.000000,0.035147
1779541124.274383,0,1,-12.191449,7.236960,3.731324,1.000000,0.034628
1779541124.284352,0,1,-12.199627,7.231205,3.732861,1.000000,0.033411
1779541124.294399,0,1,-12.207804,7.225448,3.734207,1.000000,0.033411
1779541124.304112,0,1,-12.215965,7.219669,3.735743,1.000000,0.032169
1779541124.314771,0,1,-12.224125,7.213888,3.737090,1.000000,0.032169
1779541124.324241,0,1,-12.232269,7.208086,3.738626,1.000000,0.030907
1779541124.334429,0,1,-12.240412,7.202282,3.739973,1.000000,0.030907
1779541124.344385,0,1,-12.248540,7.196455,3.741509,1.000000,0.030213
1779541124.354467,0,1,-12.256680,7.190648,3.742610,1.000000,0.030213
1779541124.364119,0,1,-12.264851,7.184882,3.743194,1.000000,0.029561
1779541124.374551,0,1,-12.273025,7.179122,3.743850,1.000000,0.029561
1779541124.384397,0,1,-12.281214,7.173382,3.744270,1.000000,0.028890
1779541124.394578,0,1,-12.289397,7.167634,3.744862,1.000000,0.028890
1779541124.404528,0,1,-12.297588,7.161897,3.745256,1.000000,0.028343
1779541124.414330,0,1,-12.305770,7.156148,3.745836,1.000000,0.028626
1779541124.424454,0,1,-12.313958,7.150408,3.746223,1.000000,0.028626
1779541124.434482,0,1,-12.322137,7.144654,3.746800,1.000000,0.029297
1779541124.444441,0,1,-12.330320,7.138907,3.747187,1.000000,0.029297
1779541124.454488,0,1,-12.338494,7.133146,3.747763,1.000000,0.029297
1779541124.464334,0,1,-12.346673,7.127391,3.748148,1.000000,0.029297
1779541124.474292,0,1,-12.354841,7.121623,3.748724,1.000000,0.029297
1779541124.484603,0,1,-12.363014,7.115861,3.749110,1.000000,0.029297
1779541124.494598,0,1,-12.371177,7.110084,3.749685,1.000000,0.029297
1779541124.504433,0,1,-12.379345,7.104315,3.750071,1.000000,0.029297
1779541124.514656,0,1,-12.387502,7.098530,3.750646,1.000000,0.029297
1779541124.524202,0,1,-12.395664,7.092753,3.751032,1.000000,0.029297
1779541124.534561,0,1,-12.403816,7.086960,3.751607,1.000000,0.029297
1779541124.544459,0,1,-12.411972,7.081175,3.751993,1.000000,0.029297
1779541124.554566,0,1,-12.420118,7.075375,3.752568,1.000000,0.034051
1779541124.564595,0,1,-12.428269,7.069582,3.752954,1.000000,0.034051
1779541124.574198,0,1,-12.436396,7.063755,3.753775,1.000000,0.035066
1779541124.584146,0,1,-12.444481,7.057870,3.755113,1.000000,0.035066
1779541124.594495,0,1,-12.452551,7.051964,3.756380,1.000000,0.036045
1779541124.604398,0,1,-12.460595,7.046023,3.757881,1.000000,0.036045
1779541124.614571,0,1,-12.468633,7.040075,3.759211,1.000000,0.037019
1779541124.624810,0,1,-12.476652,7.034099,3.760740,1.000000,0.037019
1779541124.634264,0,1,-12.484668,7.028121,3.762082,1.000000,0.037136
1779541124.644677,0,1,-12.492666,7.022118,3.763616,1.000000,0.037136
1779541124.654807,0,1,-12.500663,7.016114,3.764961,1.000000,0.036811
1779541124.664665,0,1,-12.508643,7.010088,3.766497,1.000000,0.036811
1779541124.674453,0,1,-12.516622,7.004060,3.767843,1.000000,0.036492
1779541124.684431,0,1,-12.524584,6.998009,3.769379,1.000000,0.036492
1779541124.694463,0,1,-12.532545,6.991958,3.770725,1.000000,0.036121
1779541124.704496,0,1,-12.540489,6.985885,3.772262,1.000000,0.036121
1779541124.714676,0,1,-12.548433,6.979811,3.773608,1.000000,0.035989
1779541124.724372,0,1,-12.556360,6.973714,3.775144,1.000000,0.035557
1779541124.734525,0,1,-12.564286,6.967617,3.776491,1.000000,0.035557
1779541124.744597,0,1,-12.572195,6.961498,3.778027,1.000000,0.035207
1779541124.754270,0,1,-12.580104,6.955378,3.779374,1.000000,0.035207
1779541124.764177,0,1,-12.587996,6.949236,3.780910,1.000000,0.034868
1779541124.774622,0,1,-12.595887,6.943093,3.782257,1.000000,0.034868
1779541124.784451,0,1,-12.603760,6.936929,3.783793,1.000000,0.034497
1779541124.794663,0,1,-12.611634,6.930763,3.785140,1.000000,0.034497
1779541124.804175,0,1,-12.619489,6.924576,3.786676,1.000000,0.034098
1779541124.814680,0,1,-12.627345,6.918388,3.788023,1.000000,0.034098
1779541124.824694,0,1,-12.635183,6.912178,3.789559,1.000000,0.033769
1779541124.834264,0,1,-12.643020,6.905967,3.790906,1.000000,0.033769
1779541124.844455,0,1,-12.650841,6.899734,3.792442,1.000000,0.033467
1779541124.854877,0,1,-12.658660,6.893501,3.793789,1.000000,0.033467
1779541124.865770,0,1,-12.666462,6.887246,3.795325,1.000000,0.033133
1779541124.874454,0,1,-12.674264,6.880990,3.796672,1.000000,0.033133
1779541124.884428,0,1,-12.682048,6.874712,3.798208,1.000000,0.032765
1779541124.894669,0,1,-12.689832,6.868434,3.799555,1.000000,0.032765
1779541124.904547,0,1,-12.697597,6.862134,3.801091,1.000000,0.032470
1779541124.914935,0,1,-12.705363,6.855834,3.802438,1.000000,0.032470
1779541124.924514,0,1,-12.713111,6.849511,3.803974,1.000000,0.032211
1779541124.934730,0,1,-12.720858,6.843188,3.805321,1.000000,0.032211
1779541124.944216,0,1,-12.728587,6.836843,3.806857,1.000000,0.032211
1779541124.954914,0,1,-12.736316,6.830498,3.808204,1.000000,0.032211
1779541124.964361,0,1,-12.744027,6.824131,3.809740,1.000000,0.032211
1779541124.974560,0,1,-12.751738,6.817764,3.811087,1.000000,0.032211
1779541124.984362,0,1,-12.759431,6.811374,3.812623,1.000000,0.032211
1779541124.994415,0,1,-12.767123,6.804985,3.813970,1.000000,0.032211
1779541125.004256,0,1,-12.774797,6.798573,3.815506,1.000000,0.032211
1779541125.014354,0,1,-12.782471,6.792161,3.816853,1.000000,0.032211
1779541125.024600,0,1,-12.790127,6.785728,3.818389,1.000000,0.032211
1779541125.034458,0,1,-12.797782,6.779294,3.819736,1.000000,0.032211
1779541125.044140,0,1,-12.805419,6.772838,3.821272,1.000000,0.032211
1779541125.054658,0,1,-12.813056,6.766382,3.822619,1.000000,0.034141
1779541125.064734,0,1,-12.820675,6.759905,3.824155,1.000000,0.034141
1779541125.074456,0,1,-12.828293,6.753427,3.825502,1.000000,0.033273
1779541125.084721,0,1,-12.835892,6.746927,3.827038,1.000000,0.033273
1779541125.094350,0,1,-12.843492,6.740427,3.828385,1.000000,0.032606
1779541125.104494,0,1,-12.851073,6.733906,3.829921,1.000000,0.032606
1779541125.114405,0,1,-12.858653,6.727384,3.831268,1.000000,0.031929
1779541125.124668,0,1,-12.866216,6.720841,3.832804,1.000000,0.031929
1779541125.134580,0,1,-12.873785,6.714306,3.834028,1.000000,0.031624
1779541125.144176,0,1,-12.881362,6.707781,3.835088,1.000000,0.031624
1779541125.154363,0,1,-12.888949,6.701266,3.835966,1.000000,0.031179
1779541125.164106,0,1,-12.896561,6.694781,3.836468,1.000000,0.030990
1779541125.174470,0,1,-12.904172,6.688294,3.837092,1.000000,0.030990
1779541125.184407,0,1,-12.911795,6.681822,3.837499,1.000000,0.030838
1779541125.194509,0,1,-12.919410,6.675340,3.838085,1.000000,0.030838
1779541125.204159,0,1,-12.927033,6.668868,3.838476,1.000000,0.031255
1779541125.214561,0,1,-12.934645,6.662384,3.839054,1.000000,0.031255
1779541125.224382,0,1,-12.942264,6.655907,3.839441,1.000000,0.032405
1779541125.234807,0,1,-12.949872,6.649416,3.840018,1.000000,0.033827
1779541125.244407,0,1,-12.957486,6.642933,3.840404,1.000000,0.033827
1779541125.254589,0,1,-12.965072,6.636418,3.841226,1.000000,0.034587
1779541125.264423,0,1,-12.972612,6.629849,3.842564,1.000000,0.034587
1779541125.274808,0,1,-12.980135,6.623261,3.843830,1.000000,0.036027
1779541125.284429,0,1,-12.987630,6.616640,3.845332,1.000000,0.036027
1779541125.294694,0,1,-12.995118,6.610013,3.846662,1.000000,0.037470
1779541125.304510,0,1,-13.002583,6.603360,3.848191,1.000000,0.038027
1779541125.315092,0,1,-13.010047,6.596704,3.849533,1.000000,0.038027
1779541125.324430,0,1,-13.017490,6.590026,3.851067,1.000000,0.038511
1779541125.334763,0,1,-13.024932,6.583346,3.852412,1.000000,0.038511
1779541125.344799,0,1,-13.032355,6.576646,3.853947,1.000000,0.038748
1779541125.354370,0,1,-13.039777,6.569944,3.855293,1.000000,0.038748
1779541125.364610,0,1,-13.047180,6.563221,3.856830,1.000000,0.038940
1779541125.374446,0,1,-13.054583,6.556498,3.858176,1.000000,0.038940
1779541125.384752,0,1,-13.061966,6.549754,3.859712,1.000000,0.039182
1779541125.394628,0,1,-13.069349,6.543009,3.861059,1.000000,0.039182
1779541125.404749,0,1,-13.076713,6.536244,3.862595,1.000000,0.039521
1779541125.414376,0,1,-13.084077,6.529478,3.863942,1.000000,0.039829
1779541125.424868,0,1,-13.091421,6.522691,3.865478,1.000000,0.039829
1779541125.434361,0,1,-13.098765,6.515904,3.866825,1.000000,0.039880
1779541125.444444,0,1,-13.106090,6.509096,3.868361,1.000000,0.039880
1779541125.454067,0,1,-13.113414,6.502287,3.869708,1.000000,0.039880
1779541125.464140,0,1,-13.120719,6.495459,3.871244,1.000000,0.039880
1779541125.474827,0,1,-13.128024,6.488629,3.872591,1.000000,0.039880
1779541125.484179,0,1,-13.135310,6.481779,3.874127,1.000000,0.039880
1779541125.494325,0,1,-13.142595,6.474929,3.875474,1.000000,0.039880
1779541125.504432,0,1,-13.149860,6.468058,3.877010,1.000000,0.039880
1779541125.514302,0,1,-13.157125,6.461186,3.878357,1.000000,0.039880
1779541125.524554,0,1,-13.164371,6.454294,3.879893,1.000000,0.039880
1779541125.534313,0,1,-13.171617,6.447402,3.881240,1.000000,0.039880
1779541125.544641,0,1,-13.178843,6.440489,3.882776,1.000000,0.039880
1779541125.554624,0,1,-13.186068,6.433576,3.884123,1.000000,0.042882
1779541125.564528,0,1,-13.193274,6.426643,3.885659,1.000000,0.042882
1779541125.574604,0,1,-13.200480,6.419709,3.887006,1.000000,0.042910
1779541125.584220,0,1,-13.207666,6.412754,3.888542,1.000000,0.042910
1779541125.594334,0,1,-13.214851,6.405800,3.889889,1.000000,0.043466
1779541125.604754,0,1,-13.222017,6.398825,3.891425,1.000000,0.043466
1779541125.614627,0,1,-13.229182,6.391849,3.892772,1.000000,0.043989
1779541125.624679,0,1,-13.236328,6.384854,3.894308,1.000000,0.043989
1779541125.634842,0,1,-13.243473,6.377857,3.895655,1.000000,0.044657
1779541125.644336,0,1,-13.250599,6.370841,3.897191,1.000000,0.044657
1779541125.654267,0,1,-13.257724,6.363825,3.898538,1.000000,0.045368
1779541125.664207,0,1,-13.264829,6.356788,3.900074,1.000000,0.045368
1779541125.674493,0,1,-13.271934,6.349751,3.901421,1.000000,0.046040
1779541125.684628,0,1,-13.279019,6.342694,3.902957,1.000000,0.046040
1779541125.694487,0,1,-13.286103,6.335636,3.904304,1.000000,0.046689
1779541125.704892,0,1,-13.293168,6.328559,3.905840,1.000000,0.046689
1779541125.714521,0,1,-13.300232,6.321481,3.907187,1.000000,0.047518
1779541125.724697,0,1,-13.307276,6.314383,3.908723,1.000000,0.047518
1779541125.734142,0,1,-13.314320,6.307284,3.910070,1.000000,0.048365
1779541125.744318,0,1,-13.321344,6.300166,3.911606,1.000000,0.048365
1779541125.754222,0,1,-13.328367,6.293048,3.912953,1.000000,0.049224
1779541125.764348,0,1,-13.335370,6.285909,3.914489,1.000000,0.049667
1779541125.774482,0,1,-13.342372,6.278770,3.915836,1.000000,0.049667
1779541125.784085,0,1,-13.349355,6.271612,3.917372,1.000000,0.050539
1779541125.796164,0,1,-13.356337,6.264453,3.918719,1.000000,0.050539
1779541125.804297,0,1,-13.363299,6.257274,3.920255,1.000000,0.051587
1779541125.814579,0,1,-13.370260,6.250095,3.921602,1.000000,0.051587
1779541125.824594,0,1,-13.377201,6.242896,3.923138,1.000000,0.052642
1779541125.834261,0,1,-13.384142,6.235697,3.924485,1.000000,0.052642
1779541125.844495,0,1,-13.391062,6.228479,3.926021,1.000000,0.053642
1779541125.854516,0,1,-13.397982,6.221260,3.927368,1.000000,0.054655
1779541125.864465,0,1,-13.404882,6.214021,3.928904,1.000000,0.054655
1779541125.874133,0,1,-13.411781,6.206782,3.930251,1.000000,0.055195
1779541125.884468,0,1,-13.418659,6.199524,3.931787,1.000000,0.055195
1779541125.894560,0,1,-13.425537,6.192265,3.933134,1.000000,0.056462
1779541125.904434,0,1,-13.432395,6.184986,3.934670,1.000000,0.056462
1779541125.914700,0,1,-13.439252,6.177708,3.936017,1.000000,0.057633
1779541125.924290,0,1,-13.446089,6.170410,3.937553,1.000000,0.057633
1779541125.934247,0,1,-13.452925,6.163111,3.938900,1.000000,0.058826
1779541125.944134,0,1,-13.459740,6.155794,3.940436,1.000000,0.058826
1779541125.954537,0,1,-13.466555,6.148475,3.941783,1.000000,0.058826
1779541125.964949,0,1,-13.473350,6.141138,3.943319,1.000000,0.058826
1779541125.974184,0,1,-13.480144,6.133800,3.944666,1.000000,0.058826
1779541125.984291,0,1,-13.486917,6.126444,3.946202,1.000000,0.058826
1779541125.994442,0,1,-13.493690,6.119086,3.947549,1.000000,0.058826
1779541126.004361,0,1,-13.500442,6.111710,3.949085,1.000000,0.058826
1779541126.014338,0,1,-13.507193,6.104333,3.950432,1.000000,0.058826
1779541126.024687,0,1,-13.513924,6.096938,3.951968,1.000000,0.058826
1779541126.034107,0,1,-13.520654,6.089541,3.953315,1.000000,0.058826
1779541126.044172,0,1,-13.527364,6.082126,3.954851,1.000000,0.058826
1779541126.054518,0,1,-13.534073,6.074711,3.956198,1.000000,0.058826
1779541126.064169,0,1,-13.540761,6.067276,3.957734,1.000000,0.058826
1779541126.074313,0,1,-13.547448,6.059841,3.959081,1.000000,0.069903
1779541126.084881,0,1,-13.554115,6.052388,3.960617,1.000000,0.069903
1779541126.094181,0,1,-13.560780,6.044933,3.961964,1.000000,0.070153
1779541126.104353,0,1,-13.567408,6.037445,3.963746,1.000000,0.070153
1779541126.114344,0,1,-13.573974,6.029903,3.966045,1.000000,0.072763
1779541126.124527,0,1,-13.580514,6.022338,3.968272,1.000000,0.072763
1779541126.134387,0,1,-13.587014,6.014738,3.970735,1.000000,0.072763
1779541126.144192,0,1,-13.593499,6.007126,3.973026,1.000000,0.075666
1779541126.154294,0,1,-13.599951,5.999486,3.975516,1.000000,0.075666
1779541126.164542,0,1,-13.606393,5.991837,3.977819,1.000000,0.075666
1779541126.174126,0,1,-13.612805,5.984163,3.980314,1.000000,0.076707
1779541126.184621,0,1,-13.619207,5.976482,3.982620,1.000000,0.076707
1779541126.194483,0,1,-13.625581,5.968776,3.985116,1.000000,0.077752
1779541126.204441,0,1,-13.631945,5.961063,3.987423,1.000000,0.077752
1779541126.214569,0,1,-13.638281,5.953326,3.989921,1.000000,0.077752
1779541126.224356,0,1,-13.644609,5.945583,3.992228,1.000000,0.078788
1779541126.234179,0,1,-13.650907,5.937816,3.994725,1.000000,0.078788
1779541126.244514,0,1,-13.657197,5.930042,3.997033,1.000000,0.078788
1779541126.254497,0,1,-13.663458,5.922244,3.999530,1.000000,0.079815
1779541126.264491,0,1,-13.669711,5.914440,4.001838,1.000000,0.079815
1779541126.274525,0,1,-13.675934,5.906612,4.004335,1.000000,0.079815
1779541126.284518,0,1,-13.682149,5.898778,4.006643,1.000000,0.081043
1779541126.294661,0,1,-13.688335,5.890921,4.009140,1.000000,0.081043
1779541126.304473,0,1,-13.694512,5.883057,4.011448,1.000000,0.081043
1779541126.314767,0,1,-13.700660,5.875170,4.013945,1.000000,0.081943
1779541126.324454,0,1,-13.706799,5.867277,4.016253,1.000000,0.081943
1779541126.334652,0,1,-13.712909,5.859360,4.018750,1.000000,0.083268
1779541126.344840,0,1,-13.719010,5.851437,4.021058,1.000000,0.083268
1779541126.354213,0,1,-13.725082,5.843492,4.023555,1.000000,0.083268
1779541126.364566,0,1,-13.731146,5.835540,4.025863,1.000000,0.084803
1779541126.374480,0,1,-13.737179,5.827565,4.028360,1.000000,0.084803
1779541126.384309,0,1,-13.743204,5.819584,4.030668,1.000000,0.084803
1779541126.394523,0,1,-13.749199,5.811580,4.033165,1.000000,0.086537
1779541126.404586,0,1,-13.755186,5.803570,4.035473,1.000000,0.086537
1779541126.414649,0,1,-13.761142,5.795538,4.037970,1.000000,0.088025
1779541126.424497,0,1,-13.767090,5.787499,4.040278,1.000000,0.088025
1779541126.434202,0,1,-13.773008,5.779438,4.042775,1.000000,0.088752
1779541126.444648,0,1,-13.778918,5.771371,4.045083,1.000000,0.088752
1779541126.454554,0,1,-13.784797,5.763282,4.047580,1.000000,0.088752
1779541126.464551,0,1,-13.790667,5.755186,4.049888,1.000000,0.088752
1779541126.474551,0,1,-13.796507,5.747069,4.052385,1.000000,0.088752
1779541126.484525,0,1,-13.802339,5.738945,4.054693,1.000000,0.088752
1779541126.494493,0,1,-13.808140,5.730800,4.057190,1.000000,0.088752
1779541126.505250,0,1,-13.813933,5.722648,4.059498,1.000000,0.088752
1779541126.514619,0,1,-13.819695,5.714475,4.061995,1.000000,0.088752
1779541126.524393,0,1,-13.825448,5.706296,4.064303,1.000000,0.088752
1779541126.534606,0,1,-13.831170,5.698095,4.066800,1.000000,0.088752
1779541126.544485,0,1,-13.836884,5.689888,4.069108,1.000000,0.088752
1779541126.554799,0,1,-13.842567,5.681660,4.071605,1.000000,0.088752
1779541126.564608,0,1,-13.848242,5.673426,4.073913,1.000000,0.098636
1779541126.574621,0,1,-13.853885,5.665171,4.076410,1.000000,0.098636
1779541126.584305,0,1,-13.859520,5.656909,4.078718,1.000000,0.098636
1779541126.594834,0,1,-13.865104,5.648614,4.081461,1.000000,0.099796
1779541126.604308,0,1,-13.870613,5.640268,4.084721,1.000000,0.099796
1779541126.614674,0,1,-13.876084,5.631897,4.087909,1.000000,0.102797
1779541126.624360,0,1,-13.881503,5.623493,4.091333,1.000000,0.102797
1779541126.634738,0,1,-13.886897,5.615072,4.094585,1.000000,0.102797
1779541126.644194,0,1,-13.892247,5.606624,4.098035,1.000000,0.105373
1779541126.654100,0,1,-13.897577,5.598163,4.101299,1.000000,0.105373
1779541126.664564,0,1,-13.902866,5.589676,4.104756,1.000000,0.105373
1779541126.674646,0,1,-13.908137,5.581178,4.108023,1.000000,0.106391
1779541126.684789,0,1,-13.913367,5.572655,4.111480,1.000000,0.106391
1779541126.694647,0,1,-13.918580,5.564121,4.114748,1.000000,0.106391
1779541126.705108,0,1,-13.923752,5.555562,4.118207,1.000000,0.107683
1779541126.714759,0,1,-13.928907,5.546993,4.121475,1.000000,0.107683
1779541126.724766,0,1,-13.934021,5.538400,4.124933,1.000000,0.107683
1779541126.735051,0,1,-13.939118,5.529796,4.128202,1.000000,0.108656
1779541126.744575,0,1,-13.944174,5.521169,4.131660,1.000000,0.108656
1779541126.754514,0,1,-13.949213,5.512531,4.134929,1.000000,0.108656
1779541126.764713,0,1,-13.954211,5.503870,4.138387,1.000000,0.110065
1779541126.774585,0,1,-13.959192,5.495199,4.141656,1.000000,0.110065
1779541126.784251,0,1,-13.964132,5.486504,4.145114,1.000000,0.110065
1779541126.794462,0,1,-13.969054,5.477799,4.148383,1.000000,0.111495
1779541126.804611,0,1,-13.973935,5.469071,4.151841,1.000000,0.111495
1779541126.814492,0,1,-13.978798,5.460334,4.155110,1.000000,0.111495
1779541126.824208,0,1,-13.983621,5.451573,4.158568,1.000000,0.112871
1779541126.834611,0,1,-13.988425,5.442803,4.161837,1.000000,0.112871
1779541126.844643,0,1,-13.993189,5.434010,4.165295,1.000000,0.112871
1779541126.855103,0,1,-13.997934,5.425208,4.168564,1.000000,0.114748
1779541126.864387,0,1,-14.002638,5.416384,4.172022,1.000000,0.114748
1779541126.874353,0,1,-14.007324,5.407550,4.175291,1.000000,0.114748
1779541126.884203,0,1,-14.011969,5.398694,4.178749,1.000000,0.116618
1779541126.894407,0,1,-14.016596,5.389828,4.182018,1.000000,0.116618
1779541126.904519,0,1,-14.021181,5.380941,4.185476,1.000000,0.117719
1779541126.914742,0,1,-14.025747,5.372045,4.188745,1.000000,0.117719
1779541126.924253,0,1,-14.030272,5.363128,4.192203,1.000000,0.117719
1779541126.934546,0,1,-14.034779,5.354201,4.195472,1.000000,0.119973
1779541126.944910,0,1,-14.039244,5.345253,4.198930,1.000000,0.119973
1779541126.954581,0,1,-14.043691,5.336296,4.202199,1.000000,0.119973
1779541126.964472,0,1,-14.048096,5.327318,4.205657,1.000000,0.119973
1779541126.974494,0,1,-14.052482,5.318332,4.208926,1.000000,0.119973
1779541126.984419,0,1,-14.056826,5.309325,4.212384,1.000000,0.119973
1779541126.994585,0,1,-14.061152,5.300309,4.215653,1.000000,0.119973
1779541127.004161,0,1,-14.065436,5.291273,4.219111,1.000000,0.119973
1779541127.014637,0,1,-14.069701,5.282228,4.222380,1.000000,0.119973
1779541127.024197,0,1,-14.073923,5.273163,4.225838,1.000000,0.119973
1779541127.034214,0,1,-14.078128,5.264090,4.229107,1.000000,0.119973
1779541127.044505,0,1,-14.082289,5.254997,4.232565,1.000000,0.119973
1779541127.054781,0,1,-14.086432,5.245896,4.235833,1.000000,0.119973
1779541127.064571,0,1,-14.090532,5.236775,4.239292,1.000000,0.119973
1779541127.074605,0,1,-14.094614,5.227646,4.242560,1.000000,0.132028
1779541127.084527,0,1,-14.098653,5.218498,4.246019,1.000000,0.132028
1779541127.094565,0,1,-14.102673,5.209341,4.249287,1.000000,0.133768
1779541127.104718,0,1,-14.106628,5.200157,4.252992,1.000000,0.133768
1779541127.114270,0,1,-14.110492,5.190933,4.257213,1.000000,0.135818
1779541127.124212,0,1,-14.114305,5.181689,4.261362,1.000000,0.135818
1779541127.134638,0,1,-14.118051,5.172417,4.265747,1.000000,0.137843
1779541127.144212,0,1,-14.121761,5.163131,4.269960,1.000000,0.137843
1779541127.154288,0,1,-14.125413,5.153822,4.274371,1.000000,0.139788
1779541127.164569,0,1,-14.129035,5.144501,4.278596,1.000000,0.139788
1779541127.174679,0,1,-14.132602,5.135158,4.283013,1.000000,0.141046
1779541127.184505,0,1,-14.136140,5.125805,4.287242,1.000000,0.141046
1779541127.194741,0,1,-14.139625,5.116432,4.291660,1.000000,0.142057
1779541127.204207,0,1,-14.143081,5.107048,4.295889,1.000000,0.142057
1779541127.214711,0,1,-14.146484,5.097645,4.300308,1.000000,0.142418
1779541127.224567,0,1,-14.149859,5.088232,4.304538,1.000000,0.143236
1779541127.234670,0,1,-14.153180,5.078799,4.308957,1.000000,0.143236
1779541127.244598,0,1,-14.156473,5.069357,4.313187,1.000000,0.144451
1779541127.254919,0,1,-14.159712,5.059896,4.317606,1.000000,0.144451
1779541127.264747,0,1,-14.162923,5.050426,4.321836,1.000000,0.145634
1779541127.274569,0,1,-14.166080,5.040937,4.326255,1.000000,0.145634
1779541127.284197,0,1,-14.169209,5.031440,4.330484,1.000000,0.146752
1779541127.294506,0,1,-14.172285,5.021924,4.334904,1.000000,0.146752
1779541127.304875,0,1,-14.175331,5.012400,4.339133,1.000000,0.147751
1779541127.314867,0,1,-14.178324,5.002858,4.343553,1.000000,0.147751
1779541127.324183,0,1,-14.181288,4.993307,4.347782,1.000000,0.149161
1779541127.334529,0,1,-14.184199,4.983740,4.352202,1.000000,0.149161
1779541127.344169,0,1,-14.187080,4.974164,4.356431,1.000000,0.150575
1779541127.354444,0,1,-14.189907,4.964572,4.360851,1.000000,0.150575
1779541127.364501,0,1,-14.192706,4.954972,4.365080,1.000000,0.151880
1779541127.374627,0,1,-14.195450,4.945356,4.369500,1.000000,0.151880
1779541127.384489,0,1,-14.198166,4.935732,4.373729,1.000000,0.153094
1779541127.394774,0,1,-14.200827,4.926092,4.378149,1.000000,0.153094
1779541127.404842,0,1,-14.203459,4.916445,4.382378,1.000000,0.154690
1779541127.414760,0,1,-14.206036,4.906783,4.386798,1.000000,0.154690
1779541127.424652,0,1,-14.208585,4.897113,4.391027,1.000000,0.156312
1779541127.434496,0,1,-14.211079,4.887429,4.395447,1.000000,0.156312
1779541127.444770,0,1,-14.213544,4.877738,4.399676,1.000000,0.156312
1779541127.454694,0,1,-14.215954,4.868032,4.404096,1.000000,0.156312
1779541127.464881,0,1,-14.218335,4.858320,4.408325,1.000000,0.156312
1779541127.474554,0,1,-14.220660,4.848594,4.412745,1.000000,0.156312
1779541127.484617,0,1,-14.222957,4.838862,4.416974,1.000000,0.156312
1779541127.494650,0,1,-14.225199,4.829116,4.421394,1.000000,0.156312
1779541127.504564,0,1,-14.227412,4.819364,4.425623,1.000000,0.156312
1779541127.514197,0,1,-14.229569,4.809599,4.430043,1.000000,0.156312
1779541127.524398,0,1,-14.231697,4.799829,4.434272,1.000000,0.156312
1779541127.534333,0,1,-14.233770,4.790046,4.438692,1.000000,0.156312
1779541127.544423,0,1,-14.235814,4.780257,4.442921,1.000000,0.165879
1779541127.554428,0,1,-14.237802,4.770456,4.447341,1.000000,0.165879
1779541127.564581,0,1,-14.239761,4.760650,4.451570,1.000000,0.166853
1779541127.574838,0,1,-14.241641,4.750829,4.456236,1.000000,0.166853
1779541127.584611,0,1,-14.243413,4.740987,4.461418,1.000000,0.167755
1779541127.594430,0,1,-14.245122,4.731134,4.466528,1.000000,0.167755
1779541127.604704,0,1,-14.246750,4.721267,4.471874,1.000000,0.168594
1779541127.615100,0,1,-14.248331,4.711393,4.477048,1.000000,0.168594
1779541127.624362,0,1,-14.249841,4.701508,4.482420,1.000000,0.169137
1779541127.634670,0,1,-14.251308,4.691616,4.487606,1.000000,0.169137
1779541127.644687,0,1,-14.252709,4.681715,4.492984,1.000000,0.169362
1779541127.654315,0,1,-14.254069,4.671808,4.498173,1.000000,0.169362
1779541127.664692,0,1,-14.255363,4.661892,4.503553,1.000000,0.169573
1779541127.674866,0,1,-14.256617,4.651971,4.508743,1.000000,0.169573
1779541127.684510,0,1,-14.257805,4.642042,4.514123,1.000000,0.169627
1779541127.694973,0,1,-14.258954,4.632108,4.519314,1.000000,0.169533
1779541127.704536,0,1,-14.260037,4.622167,4.524694,1.000000,0.169533
1779541127.714766,0,1,-14.261081,4.612221,4.529884,1.000000,0.169533
1779541127.724644,0,1,-14.262059,4.602269,4.535265,1.000000,0.169154
1779541127.734486,0,1,-14.262998,4.592313,4.540455,1.000000,0.168031
1779541127.744763,0,1,-14.263870,4.582352,4.545836,1.000000,0.168031
1779541127.754518,0,1,-14.264703,4.572386,4.551026,1.000000,0.167344
1779541127.764847,0,1,-14.265471,4.562416,4.556407,1.000000,0.167344
1779541127.774642,0,1,-14.266199,4.552442,4.561597,1.000000,0.166091
1779541127.784991,0,1,-14.266860,4.542464,4.566978,1.000000,0.166091
1779541127.794640,0,1,-14.267483,4.532484,4.572168,1.000000,0.166091
1779541127.805066,0,1,-14.268039,4.522499,4.577549,1.000000,0.163518
1779541127.814909,0,1,-14.268556,4.512513,4.582739,1.000000,0.163518
1779541127.824703,0,1,-14.269006,4.502523,4.588120,1.000000,0.160651
1779541127.834932,0,1,-14.269418,4.492531,4.593310,1.000000,0.160651
1779541127.845727,0,1,-14.269763,4.482537,4.598691,1.000000,0.157689
1779541127.854918,0,1,-14.270068,4.472542,4.603881,1.000000,0.157689
1779541127.864639,0,1,-14.270308,4.462545,4.609262,1.000000,0.154597
1779541127.874760,0,1,-14.270532,4.452547,4.614206,1.000000,0.154597
1779541127.884805,0,1,-14.270769,4.442550,4.618634,1.000000,0.152214
1779541127.894786,0,1,-14.270974,4.432552,4.623134,1.000000,0.152214
1779541127.904605,0,1,-14.271165,4.422554,4.627398,1.000000,0.150301
1779541127.915181,0,1,-14.271308,4.412555,4.631834,1.000000,0.150301
1779541127.925114,0,1,-14.271427,4.402556,4.636072,1.000000,0.148435
1779541127.934803,0,1,-14.271493,4.392556,4.640496,1.000000,0.148435
1779541127.944782,0,1,-14.271530,4.382556,4.644728,1.000000,0.148435
1779541127.954806,0,1,-14.271512,4.372556,4.649149,1.000000,0.148435
1779541127.964761,0,1,-14.271464,4.362556,4.653379,1.000000,0.148435
1779541127.975003,0,1,-14.271361,4.352557,4.657799,1.000000,0.148435
1779541127.984555,0,1,-14.271227,4.342558,4.662029,1.000000,0.148435
1779541127.994910,0,1,-14.271037,4.332560,4.666448,1.000000,0.148435
1779541128.004604,0,1,-14.270818,4.322562,4.670678,1.000000,0.148435
1779541128.015071,0,1,-14.270542,4.312566,4.675098,1.000000,0.148435
1779541128.024745,0,1,-14.270236,4.302571,4.679327,1.000000,0.148435
1779541128.035120,0,1,-14.269873,4.292577,4.683747,1.000000,0.148435
1779541128.044384,0,1,-14.269481,4.282585,4.687976,1.000000,0.148435
1779541128.054321,0,1,-14.269032,4.272595,4.692396,1.000000,0.148435
1779541128.064237,0,1,-14.268553,4.262606,4.696625,1.000000,0.148435
1779541128.074939,0,1,-14.268018,4.252621,4.701045,1.000000,0.142789
1779541128.084812,0,1,-14.267453,4.242637,4.705274,1.000000,0.142789
1779541128.094688,0,1,-14.266831,4.232656,4.709694,1.000000,0.141053
1779541128.104744,0,1,-14.266180,4.222677,4.713923,1.000000,0.141053
1779541128.114896,0,1,-14.265472,4.212703,4.718343,1.000000,0.139891
1779541128.124629,0,1,-14.264734,4.202730,4.722572,1.000000,0.139891
1779541128.134353,0,1,-14.263940,4.192761,4.726992,1.000000,0.138953
1779541128.145032,0,1,-14.263116,4.182795,4.731221,1.000000,0.138953
1779541128.154720,0,1,-14.262236,4.172834,4.735641,1.000000,0.138953
1779541128.164955,0,1,-14.261326,4.162876,4.739870,1.000000,0.137189
1779541128.174953,0,1,-14.260359,4.152923,4.744290,1.000000,0.137189
1779541128.184771,0,1,-14.259363,4.142972,4.748519,1.000000,0.137189
1779541128.194767,0,1,-14.258310,4.133028,4.752938,1.000000,0.135276
1779541128.204856,0,1,-14.257228,4.123087,4.757168,1.000000,0.135276
1779541128.214842,0,1,-14.256089,4.113152,4.761587,1.000000,0.135276
1779541128.224399,0,1,-14.254921,4.103220,4.765817,1.000000,0.133412
1779541128.235072,0,1,-14.253697,4.093295,4.770236,1.000000,0.133412
1779541128.244949,0,1,-14.252443,4.083374,4.774466,1.000000,0.133412
1779541128.254729,0,1,-14.251133,4.073461,4.778885,1.000000,0.131390
1779541128.264498,0,1,-14.249793,4.063551,4.783115,1.000000,0.131390
1779541128.274583,0,1,-14.248397,4.053649,4.787534,1.000000,0.131390
1779541128.284626,0,1,-14.246972,4.043751,4.791764,1.000000,0.129135
1779541128.294872,0,1,-14.245490,4.033861,4.796183,1.000000,0.129135
1779541128.304729,0,1,-14.243979,4.023976,4.800413,1.000000,0.129135
1779541128.315373,0,1,-14.242412,4.014100,4.804832,1.000000,0.129135
1779541128.325682,0,1,-14.240816,4.004228,4.809062,1.000000,0.126141
1779541128.335037,0,1,-14.239163,3.994365,4.813481,1.000000,0.126141
1779541128.344316,0,1,-14.237505,3.984504,4.817465,1.000000,0.126141
1779541128.355035,0,1,-14.235870,3.974638,4.820932,1.000000,0.123602
1779541128.364591,0,1,-14.234212,3.964777,4.824471,1.000000,0.123602
1779541128.374706,0,1,-14.232550,3.954916,4.827774,1.000000,0.123602
1779541128.384643,0,1,-14.230850,3.945061,4.831249,1.000000,0.121143
1779541128.394357,0,1,-14.229136,3.935209,4.834525,1.000000,0.121143
1779541128.404939,0,1,-14.227378,3.925365,4.837988,1.000000,0.121143
1779541128.414736,0,1,-14.225603,3.915524,4.841259,1.000000,0.119845
1779541128.425835,0,1,-14.223782,3.905691,4.844719,1.000000,0.119845
1779541128.434522,0,1,-14.221942,3.895862,4.847989,1.000000,0.119845
1779541128.444819,0,1,-14.220056,3.886041,4.851448,1.000000,0.119845
1779541128.454894,0,1,-14.218150,3.876225,4.854716,1.000000,0.119845
1779541128.464951,0,1,-14.216198,3.866417,4.858175,1.000000,0.119845
1779541128.474652,0,1,-14.214227,3.856613,4.861444,1.000000,0.119845
1779541128.485072,0,1,-14.212210,3.846819,4.864902,1.000000,0.119845
1779541128.494746,0,1,-14.210173,3.837029,4.868171,1.000000,0.119845
1779541128.504768,0,1,-14.208089,3.827248,4.871629,1.000000,0.119845
1779541128.514545,0,1,-14.205986,3.817472,4.874898,1.000000,0.119845
1779541128.524312,0,1,-14.203837,3.807705,4.878356,1.000000,0.119845
1779541128.534574,0,1,-14.201669,3.797943,4.881625,1.000000,0.119845
1779541128.544696,0,1,-14.199454,3.788192,4.885083,1.000000,0.119845
1779541128.555640,0,1,-14.197220,3.778444,4.888352,1.000000,0.119845
1779541128.565174,0,1,-14.194939,3.768708,4.891810,1.000000,0.116875
1779541128.574625,0,1,-14.192640,3.758976,4.895079,1.000000,0.116875
1779541128.584293,0,1,-14.190294,3.749255,4.898537,1.000000,0.115379
1779541128.594641,0,1,-14.187929,3.739539,4.901806,1.000000,0.115379
1779541128.604579,0,1,-14.185518,3.729834,4.905264,1.000000,0.114739
1779541128.615215,0,1,-14.183087,3.720134,4.908533,1.000000,0.114739
1779541128.624778,0,1,-14.180611,3.710445,4.911991,1.000000,0.114739
1779541128.635215,0,1,-14.178115,3.700761,4.915260,1.000000,0.114151
1779541128.644807,0,1,-14.175574,3.691090,4.918718,1.000000,0.114151
1779541128.654868,0,1,-14.173013,3.681423,4.921987,1.000000,0.112962
1779541128.664866,0,1,-14.170407,3.671769,4.925445,1.000000,0.112962
1779541128.674731,0,1,-14.167781,3.662120,4.928714,1.000000,0.112095
1779541128.684947,0,1,-14.165110,3.652483,4.932172,1.000000,0.112095
1779541128.694736,0,1,-14.162419,3.642852,4.935441,1.000000,0.111421
1779541128.704822,0,1,-14.159683,3.633233,4.938899,1.000000,0.111421
1779541128.714639,0,1,-14.156928,3.623621,4.942168,1.000000,0.110623
1779541128.724772,0,1,-14.154127,3.614021,4.945626,1.000000,0.110623
1779541128.735144,0,1,-14.151308,3.604427,4.948895,1.000000,0.109748
1779541128.744789,0,1,-14.148442,3.594846,4.952353,1.000000,0.109748
1779541128.754864,0,1,-14.145558,3.585271,4.955622,1.000000,0.108795
1779541128.764861,0,1,-14.142628,3.575710,4.959080,1.000000,0.108795
1779541128.774595,0,1,-14.139680,3.566154,4.962349,1.000000,0.108272
1779541128.784877,0,1,-14.136686,3.556613,4.965807,1.000000,0.108272
1779541128.794909,0,1,-14.133673,3.547078,4.969076,1.000000,0.107723
1779541128.805115,0,1,-14.130615,3.537557,4.972534,1.000000,0.107723
1779541128.814688,0,1,-14.127538,3.528042,4.975803,1.000000,0.107723
1779541128.824603,0,1,-14.124416,3.518542,4.979261,1.000000,0.106782
1779541128.834562,0,1,-14.121275,3.509048,4.982530,1.000000,0.106782
1779541128.844581,0,1,-14.118089,3.499569,4.985988,1.000000,0.106009
1779541128.854837,0,1,-14.114885,3.490096,4.989257,1.000000,0.106009
1779541128.864726,0,1,-14.111635,3.480639,4.992715,1.000000,0.105028
1779541128.876073,0,1,-14.108367,3.471188,4.995983,1.000000,0.105028
1779541128.886222,0,1,-14.105054,3.461753,4.999442,1.000000,0.103977
1779541128.894892,0,1,-14.101722,3.452324,5.002710,1.000000,0.103977
1779541128.904599,0,1,-14.098346,3.442912,5.006169,1.000000,0.102899
1779541128.914566,0,1,-14.094950,3.433506,5.009437,1.000000,0.102899
1779541128.924397,0,1,-14.091511,3.424116,5.012896,1.000000,0.102899
1779541128.934593,0,1,-14.088052,3.414733,5.016164,1.000000,0.101655
1779541128.944473,0,1,-14.084550,3.405366,5.019623,1.000000,0.101655
1779541128.954701,0,1,-14.081028,3.396007,5.022891,1.000000,0.101655
1779541128.964842,0,1,-14.077463,3.386664,5.026350,1.000000,0.101655
1779541128.975068,0,1,-14.073878,3.377329,5.029618,1.000000,0.101655
1779541128.984859,0,1,-14.070250,3.368010,5.033077,1.000000,0.101655
1779541128.995028,0,1,-14.066603,3.358699,5.036345,1.000000,0.101655
1779541129.004684,0,1,-14.062912,3.349405,5.039804,1.000000,0.101655
1779541129.015105,0,1,-14.059202,3.340119,5.043072,1.000000,0.101655
1779541129.024652,0,1,-14.055449,3.330850,5.046531,1.000000,0.101655
1779541129.034480,0,1,-14.051677,3.321588,5.049799,1.000000,0.101655
1779541129.044378,0,1,-14.047861,3.312345,5.053258,1.000000,0.101655
1779541129.054421,0,1,-14.044027,3.303109,5.056526,1.000000,0.101655
1779541129.064956,0,1,-14.040149,3.293892,5.059985,1.000000,0.101655
1779541129.074703,0,1,-14.036253,3.284682,5.063253,1.000000,0.101655
1779541129.084870,0,1,-14.032313,3.275491,5.066712,1.000000,0.091148
1779541129.094805,0,1,-14.028355,3.266308,5.069980,1.000000,0.091148
1779541129.104911,0,1,-14.024353,3.257143,5.073439,1.000000,0.088879
1779541129.114682,0,1,-14.020355,3.247977,5.076461,1.000000,0.088879
1779541129.124722,0,1,-14.016387,3.238798,5.078967,1.000000,0.087444
1779541129.134815,0,1,-14.012407,3.229624,5.081545,1.000000,0.087444
1779541129.144871,0,1,-14.008432,3.220448,5.083887,1.000000,0.085928
1779541129.154752,0,1,-14.004431,3.211284,5.086401,1.000000,0.085928
1779541129.164529,0,1,-14.000425,3.202121,5.088717,1.000000,0.084600
1779541129.175167,0,1,-13.996387,3.192973,5.091219,1.000000,0.084285
1779541129.185005,0,1,-13.992341,3.183828,5.093529,1.000000,0.084285
1779541129.194858,0,1,-13.988262,3.174697,5.096028,1.000000,0.084204
1779541129.204883,0,1,-13.984175,3.165571,5.098336,1.000000,0.084204
1779541129.214812,0,1,-13.980053,3.156460,5.100834,1.000000,0.084058
1779541129.225467,0,1,-13.975922,3.147353,5.103142,1.000000,0.084058
1779541129.234655,0,1,-13.971757,3.138262,5.105640,1.000000,0.083830
1779541129.244759,0,1,-13.967582,3.129175,5.107947,1.000000,0.083830
1779541129.254870,0,1,-13.963373,3.120104,5.110445,1.000000,0.083647
1779541129.264806,0,1,-13.959155,3.111037,5.112752,1.000000,0.083647
1779541129.274827,0,1,-13.954903,3.101986,5.115250,1.000000,0.083538
1779541129.284939,0,1,-13.950641,3.092940,5.117557,1.000000,0.083538
1779541129.295083,0,1,-13.946346,3.083909,5.120055,1.000000,0.083385
1779541129.305023,0,1,-13.942041,3.074883,5.122362,1.000000,0.083385
1779541129.314812,0,1,-13.937702,3.065874,5.124860,1.000000,0.083128
1779541129.324675,0,1,-13.933353,3.056869,5.127167,1.000000,0.083128
1779541129.334636,0,1,-13.928971,3.047880,5.129665,1.000000,0.082995
1779541129.344665,0,1,-13.924579,3.038896,5.131972,1.000000,0.082995
1779541129.355183,0,1,-13.920154,3.029928,5.134470,1.000000,0.082801
1779541129.364817,0,1,-13.915719,3.020965,5.136777,1.000000,0.082801
1779541129.374945,0,1,-13.911251,3.012019,5.139275,1.000000,0.082538
1779541129.384688,0,1,-13.906773,3.003078,5.141582,1.000000,0.082538
1779541129.395185,0,1,-13.902262,2.994153,5.144080,1.000000,0.082314
1779541129.404678,0,1,-13.897741,2.985233,5.146387,1.000000,0.082314
1779541129.414361,0,1,-13.893187,2.976331,5.148885,1.000000,0.082096
1779541129.425173,0,1,-13.888624,2.967433,5.151192,1.000000,0.082096
1779541129.435243,0,1,-13.884027,2.958552,5.153690,1.000000,0.081882
1779541129.444931,0,1,-13.879421,2.949676,5.155997,1.000000,0.081882
1779541129.454736,0,1,-13.874781,2.940817,5.158495,1.000000,0.081882
1779541129.464696,0,1,-13.870133,2.931963,5.160802,1.000000,0.081882
1779541129.474746,0,1,-13.865451,2.923127,5.163300,1.000000,0.081882
1779541129.484671,0,1,-13.860759,2.914296,5.165607,1.000000,0.081882
1779541129.494642,0,1,-13.856035,2.905482,5.168105,1.000000,0.081882
1779541129.504679,0,1,-13.851301,2.896674,5.170412,1.000000,0.081882
1779541129.514812,0,1,-13.846535,2.887883,5.172910,1.000000,0.081882
1779541129.525037,0,1,-13.841759,2.879097,5.175217,1.000000,0.081882
1779541129.534241,0,1,-13.836950,2.870329,5.177715,1.000000,0.081882
1779541129.544453,0,1,-13.832132,2.861566,5.180022,1.000000,0.081882
1779541129.554746,0,1,-13.827281,2.852822,5.182520,1.000000,0.080619
1779541129.564518,0,1,-13.822421,2.844082,5.184827,1.000000,0.080619
1779541129.574516,0,1,-13.817528,2.835361,5.187325,1.000000,0.080619
1779541129.584813,0,1,-13.812626,2.826645,5.189632,1.000000,0.079821
1779541129.594424,0,1,-13.807691,2.817947,5.192130,1.000000,0.079821
1779541129.604657,0,1,-13.802747,2.809255,5.194437,1.000000,0.079386
1779541129.614384,0,1,-13.797771,2.800581,5.196935,1.000000,0.079386
1779541129.624779,0,1,-13.792785,2.791913,5.199242,1.000000,0.078977
1779541129.634823,0,1,-13.787767,2.783263,5.201740,1.000000,0.078977
1779541129.645209,0,1,-13.782740,2.774618,5.204047,1.000000,0.078599
1779541129.655001,0,1,-13.777680,2.765993,5.206545,1.000000,0.078599
1779541129.664823,0,1,-13.772612,2.757373,5.208852,1.000000,0.078307
1779541129.674611,0,1,-13.767511,2.748771,5.211350,1.000000,0.078307
1779541129.684437,0,1,-13.762401,2.740176,5.213657,1.000000,0.077962
1779541129.695188,0,1,-13.757258,2.731599,5.216155,1.000000,0.077789
1779541129.704686,0,1,-13.752107,2.723028,5.218462,1.000000,0.077789
1779541129.714719,0,1,-13.746924,2.714476,5.220960,1.000000,0.077368
1779541129.724675,0,1,-13.741731,2.705930,5.223267,1.000000,0.077368
1779541129.734382,0,1,-13.736507,2.697403,5.225765,1.000000,0.077047
1779541129.744755,0,1,-13.731274,2.688882,5.228072,1.000000,0.077047
1779541129.754736,0,1,-13.726008,2.680380,5.230570,1.000000,0.076695
1779541129.764640,0,1,-13.720734,2.671884,5.232877,1.000000,0.076695
1779541129.775099,0,1,-13.715428,2.663408,5.235375,1.000000,0.076286
1779541129.784521,0,1,-13.710113,2.654938,5.237682,1.000000,0.075970
1779541129.795227,0,1,-13.704766,2.646487,5.240180,1.000000,0.075970
1779541129.804521,0,1,-13.699410,2.638042,5.242487,1.000000,0.075507
1779541129.814477,0,1,-13.694023,2.629618,5.244985,1.000000,0.075507
1779541129.824916,0,1,-13.688627,2.621198,5.247292,1.000000,0.075158
1779541129.835088,0,1,-13.683199,2.612800,5.249790,1.000000,0.075158
1779541129.844794,0,1,-13.677763,2.604407,5.252097,1.000000,0.074775
1779541129.854803,0,1,-13.672294,2.596034,5.254595,1.000000,0.074775
1779541129.864707,0,1,-13.666818,2.587667,5.256902,1.000000,0.074310
1779541129.875223,0,1,-13.661309,2.579321,5.259400,1.000000,0.074310
1779541129.884712,0,1,-13.655792,2.570981,5.261707,1.000000,0.073789
1779541129.894828,0,1,-13.650244,2.562661,5.264205,1.000000,0.073789
1779541129.904747,0,1,-13.644687,2.554347,5.266512,1.000000,0.073434
1779541129.914846,0,1,-13.639099,2.546054,5.269010,1.000000,0.073434
1779541129.924652,0,1,-13.633502,2.537767,5.271317,1.000000,0.073022
1779541129.934780,0,1,-13.627874,2.529501,5.273815,1.000000,0.073022
1779541129.944946,0,1,-13.622238,2.521241,5.276122,1.000000,0.073022
1779541129.954666,0,1,-13.616570,2.513002,5.278620,1.000000,0.073022
1779541129.964603,0,1,-13.610894,2.504769,5.280927,1.000000,0.073022
1779541129.974416,0,1,-13.605186,2.496558,5.283425,1.000000,0.073022
1779541129.984381,0,1,-13.599471,2.488352,5.285732,1.000000,0.073022
1779541129.995100,0,1,-13.593724,2.480169,5.288230,1.000000,0.073022
1779541130.004781,0,1,-13.587969,2.471991,5.290537,1.000000,0.073022
1779541130.014753,0,1,-13.582183,2.463834,5.293035,1.000000,0.073022
1779541130.024535,0,1,-13.576389,2.455684,5.295342,1.000000,0.073022
1779541130.034926,0,1,-13.570564,2.447556,5.297840,1.000000,0.073022
1779541130.044820,0,1,-13.564731,2.439434,5.300147,1.000000,0.073022
1779541130.054518,0,1,-13.558867,2.431333,5.302645,1.000000,0.070552
1779541130.064321,0,1,-13.552994,2.423239,5.304952,1.000000,0.070552
1779541130.074822,0,1,-13.547092,2.415167,5.307450,1.000000,0.069424
1779541130.084608,0,1,-13.541180,2.407101,5.309757,1.000000,0.069424
1779541130.094545,0,1,-13.535239,2.399058,5.312255,1.000000,0.068911
1779541130.105150,0,1,-13.529289,2.391020,5.314562,1.000000,0.068911
1779541130.114505,0,1,-13.523309,2.383006,5.317060,1.000000,0.068345
1779541130.124886,0,1,-13.517321,2.374997,5.319367,1.000000,0.068345
1779541130.134946,0,1,-13.511302,2.367011,5.321865,1.000000,0.067832
1779541130.144978,0,1,-13.505275,2.359031,5.324172,1.000000,0.067832
1779541130.154695,0,1,-13.499218,2.351074,5.326670,1.000000,0.067328
1779541130.164937,0,1,-13.493153,2.343123,5.328977,1.000000,0.067328
1779541130.174679,0,1,-13.487058,2.335195,5.331475,1.000000,0.067004
1779541130.184476,0,1,-13.480955,2.327274,5.333782,1.000000,0.067004
1779541130.194704,0,1,-13.474822,2.319375,5.336280,1.000000,0.066476
1779541130.204555,0,1,-13.468681,2.311483,5.338587,1.000000,0.065864
1779541130.214874,0,1,-13.462510,2.303614,5.341085,1.000000,0.065864
1779541130.224720,0,1,-13.456331,2.295752,5.343392,1.000000,0.065375
1779541130.234865,0,1,-13.450122,2.287913,5.345889,1.000000,0.065375
1779541130.244365,0,1,-13.443905,2.280080,5.348197,1.000000,0.064869
1779541130.254413,0,1,-13.437659,2.272271,5.350694,1.000000,0.064869
1779541130.265007,0,1,-13.431405,2.264468,5.353002,1.000000,0.064371
1779541130.274720,0,1,-13.425121,2.256689,5.355499,1.000000,0.064371
1779541130.284879,0,1,-13.418829,2.248916,5.357807,1.000000,0.063662
1779541130.294511,0,1,-13.412508,2.241167,5.360304,1.000000,0.063662
1779541130.304435,0,1,-13.406198,2.233410,5.362366,1.000000,0.063220
1779541130.314454,0,1,-13.399920,2.225626,5.363911,1.000000,0.063220
1779541130.324832,0,1,-13.393640,2.217844,5.365528,1.000000,0.062676
1779541130.334810,0,1,-13.387371,2.210053,5.366909,1.000000,0.062676
1779541130.344496,0,1,-13.381087,2.202274,5.368462,1.000000,0.062676
1779541130.354678,0,1,-13.374807,2.194492,5.369817,1.000000,0.062130
1779541130.364253,0,1,-13.368508,2.186726,5.371358,1.000000,0.062130
1779541130.374616,0,1,-13.362209,2.178959,5.372706,1.000000,0.062130
1779541130.384595,0,1,-13.355889,2.171209,5.374244,1.000000,0.063214
1779541130.394884,0,1,-13.349570,2.163459,5.375592,1.000000,0.063214
1779541130.404741,0,1,-13.343229,2.155726,5.377129,1.000000,0.064006
1779541130.414272,0,1,-13.336887,2.147994,5.378475,1.000000,0.064331
1779541130.424583,0,1,-13.330515,2.140287,5.380135,1.000000,0.064331
1779541130.434424,0,1,-13.324102,2.132614,5.382081,1.000000,0.065221
1779541130.444754,0,1,-13.317635,2.124987,5.384439,1.000000,0.065221
1779541130.454683,0,1,-13.311144,2.117380,5.386689,1.000000,0.065221
1779541130.464871,0,1,-13.304616,2.109805,5.389161,1.000000,0.065221
1779541130.474640,0,1,-13.298074,2.102241,5.391456,1.000000,0.065221
1779541130.485004,0,1,-13.291500,2.094706,5.393947,1.000000,0.065221
1779541130.494623,0,1,-13.284917,2.087178,5.396251,1.000000,0.065221
1779541130.504607,0,1,-13.278305,2.079676,5.398747,1.000000,0.065221
1779541130.514955,0,1,-13.271684,2.072182,5.401053,1.000000,0.065221
1779541130.524643,0,1,-13.265034,2.064713,5.403550,1.000000,0.065221
1779541130.534667,0,1,-13.258377,2.057252,5.405857,1.000000,0.065221
1779541130.544592,0,1,-13.251691,2.049815,5.408355,1.000000,0.065221
1779541130.554633,0,1,-13.244998,2.042386,5.410662,1.000000,0.066164
1779541130.564675,0,1,-13.238276,2.034981,5.413160,1.000000,0.066164
1779541130.574901,0,1,-13.231547,2.027584,5.415467,1.000000,0.065063
1779541130.584306,0,1,-13.224790,2.020213,5.417964,1.000000,0.065063
1779541130.594293,0,1,-13.218025,2.012848,5.420272,1.000000,0.064551
1779541130.604568,0,1,-13.211233,2.005509,5.422769,1.000000,0.064551
1779541130.614586,0,1,-13.204433,1.998177,5.425077,1.000000,0.064014
1779541130.624584,0,1,-13.197605,1.990870,5.427574,1.000000,0.064014
1779541130.634915,0,1,-13.190779,1.983563,5.429759,1.000000,0.063487
1779541130.644617,0,1,-13.183954,1.976254,5.431780,1.000000,0.063487
1779541130.654614,0,1,-13.177133,1.968941,5.433619,1.000000,0.062973
1779541130.664690,0,1,-13.170333,1.961609,5.435082,1.000000,0.062973
1779541130.674720,0,1,-13.163524,1.954285,5.436667,1.000000,0.062370
1779541130.684738,0,1,-13.156723,1.946954,5.438035,1.000000,0.062163
1779541130.694338,0,1,-13.149906,1.939638,5.439582,1.000000,0.062163
1779541130.704821,0,1,-13.143090,1.932320,5.440934,1.000000,0.062331
1779541130.714687,0,1,-13.136256,1.925020,5.442473,1.000000,0.062331
1779541130.724300,0,1,-13.129422,1.917720,5.443821,1.000000,0.062997
1779541130.734505,0,1,-13.122568,1.910438,5.445359,1.000000,0.062997
1779541130.744214,0,1,-13.115714,1.903157,5.446706,1.000000,0.063805
1779541130.754576,0,1,-13.108840,1.895894,5.448243,1.000000,0.063805
1779541130.764799,0,1,-13.101965,1.888632,5.449589,1.000000,0.064550
1779541130.774685,0,1,-13.095070,1.881389,5.451126,1.000000,0.064550
1779541130.784608,0,1,-13.088174,1.874147,5.452473,1.000000,0.065453
1779541130.794923,0,1,-13.081241,1.866941,5.454255,1.000000,0.065453
1779541130.804826,0,1,-13.074250,1.859790,5.456554,1.000000,0.066384
1779541130.814770,0,1,-13.067234,1.852665,5.458781,1.000000,0.066384
1779541130.824336,0,1,-13.060180,1.845576,5.461244,1.000000,0.066384
1779541130.834699,0,1,-13.053113,1.838502,5.463535,1.000000,0.067709
1779541130.844268,0,1,-13.046015,1.831458,5.466025,1.000000,0.067709
1779541130.854807,0,1,-13.038907,1.824423,5.468328,1.000000,0.067633
1779541130.864684,0,1,-13.031772,1.817417,5.470823,1.000000,0.067633
1779541130.874608,0,1,-13.024629,1.810419,5.473129,1.000000,0.067285
1779541130.884811,0,1,-13.017459,1.803448,5.475625,1.000000,0.067285
1779541130.894970,0,1,-13.010281,1.796485,5.477932,1.000000,0.067285
1779541130.904263,0,1,-13.003078,1.789549,5.480430,1.000000,0.066625
1779541130.914570,0,1,-12.995867,1.782621,5.482737,1.000000,0.066625
1779541130.924616,0,1,-12.988629,1.775720,5.485234,1.000000,0.065936
1779541130.934756,0,1,-12.981385,1.768827,5.487542,1.000000,0.065936
1779541130.944687,0,1,-12.974115,1.761961,5.490039,1.000000,0.065936
1779541130.954301,0,1,-12.966837,1.755102,5.492347,1.000000,0.065936
1779541130.964671,0,1,-12.959534,1.748271,5.494844,1.000000,0.065936
1779541130.974587,0,1,-12.952224,1.741448,5.497152,1.000000,0.065936
1779541130.984353,0,1,-12.944888,1.734652,5.499649,1.000000,0.065936
1779541130.994473,0,1,-12.937545,1.727864,5.501957,1.000000,0.065936
1779541131.004385,0,1,-12.930176,1.721103,5.504454,1.000000,0.065936
1779541131.014442,0,1,-12.922800,1.714350,5.506762,1.000000,0.065936
1779541131.024843,0,1,-12.915399,1.707625,5.509259,1.000000,0.065936
1779541131.034261,0,1,-12.907991,1.700908,5.511567,1.000000,0.065936
1779541131.044274,0,1,-12.900558,1.694219,5.514064,1.000000,0.065936
1779541131.054356,0,1,-12.893118,1.687537,5.516372,1.000000,0.065936
1779541131.064291,0,1,-12.885653,1.680884,5.518869,1.000000,0.062467
1779541131.074423,0,1,-12.878181,1.674238,5.521177,1.000000,0.062467
1779541131.084301,0,1,-12.870684,1.667620,5.523674,1.000000,0.062467
1779541131.094596,0,1,-12.863195,1.660992,5.525736,1.000000,0.060916
1779541131.104557,0,1,-12.855735,1.654334,5.527281,1.000000,0.060916
1779541131.114528,0,1,-12.848273,1.647676,5.528897,1.000000,0.059844
1779541131.124846,0,1,-12.840820,1.641009,5.530279,1.000000,0.059844
1779541131.134727,0,1,-12.833355,1.634355,5.531832,1.000000,0.059844
1779541131.144568,0,1,-12.825893,1.627698,5.533186,1.000000,0.058959
1779541131.154604,0,1,-12.818414,1.621060,5.534727,1.000000,0.058959
1779541131.164764,0,1,-12.810936,1.614421,5.536076,1.000000,0.059277
1779541131.174922,0,1,-12.803440,1.607802,5.537614,1.000000,0.059550
1779541131.184883,0,1,-12.795944,1.601183,5.538961,1.000000,0.059550
1779541131.194338,0,1,-12.788430,1.594585,5.540498,1.000000,0.060620
1779541131.204348,0,1,-12.780915,1.587987,5.541845,1.000000,0.060620
1779541131.214272,0,1,-12.773382,1.581410,5.543382,1.000000,0.060620
1779541131.224402,0,1,-12.765848,1.574834,5.544728,1.000000,0.061229
1779541131.234770,0,1,-12.758297,1.568279,5.546265,1.000000,0.061557
1779541131.244423,0,1,-12.750744,1.561725,5.547611,1.000000,0.061557
1779541131.254710,0,1,-12.743173,1.555191,5.549148,1.000000,0.062209
1779541131.265102,0,1,-12.735602,1.548659,5.550495,1.000000,0.062209
1779541131.274270,0,1,-12.728013,1.542147,5.552031,1.000000,0.063289
1779541131.284831,0,1,-12.720423,1.535636,5.553378,1.000000,0.063289
1779541131.294633,0,1,-12.712814,1.529147,5.554914,1.000000,0.063608
1779541131.304472,0,1,-12.705206,1.522658,5.556261,1.000000,0.063608
1779541131.314306,0,1,-12.697579,1.516190,5.557797,1.000000,0.064310
1779541131.324605,0,1,-12.689951,1.509723,5.559144,1.000000,0.064310
1779541131.334444,0,1,-12.682290,1.503296,5.560926,1.000000,0.064905
1779541131.344714,0,1,-12.674578,1.496930,5.563225,1.000000,0.064905
1779541131.354367,0,1,-12.666843,1.490592,5.565452,1.000000,0.065699
1779541131.364788,0,1,-12.659075,1.484295,5.567915,1.000000,0.065699
1779541131.374945,0,1,-12.651294,1.478014,5.570206,1.000000,0.066434
1779541131.384631,0,1,-12.643487,1.471765,5.572695,1.000000,0.066434
1779541131.394760,0,1,-12.635671,1.465527,5.574998,1.000000,0.066219
1779541131.404268,0,1,-12.627830,1.459320,5.577494,1.000000,0.066219
1779541131.414921,0,1,-12.619982,1.453123,5.579800,1.000000,0.065587
1779541131.424561,0,1,-12.612111,1.446955,5.582296,1.000000,0.065587
1779541131.434449,0,1,-12.604233,1.440795,5.584603,1.000000,0.064950
1779541131.444647,0,1,-12.596332,1.434666,5.587101,1.000000,0.064950
1779541131.454622,0,1,-12.588424,1.428545,5.589408,1.000000,0.064950
1779541131.464688,0,1,-12.580493,1.422454,5.591905,1.000000,0.064950
1779541131.474325,0,1,-12.572556,1.416371,5.594213,1.000000,0.064950
1779541131.484291,0,1,-12.564596,1.410318,5.596710,1.000000,0.064950
1779541131.494681,0,1,-12.556630,1.404273,5.599018,1.000000,0.064950
1779541131.504822,0,1,-12.548641,1.398259,5.601515,1.000000,0.064950
1779541131.514564,0,1,-12.540645,1.392253,5.603823,1.000000,0.064950
1779541131.524609,0,1,-12.532628,1.386276,5.606320,1.000000,0.064950
1779541131.534698,0,1,-12.524603,1.380309,5.608628,1.000000,0.064950
1779541131.544731,0,1,-12.516557,1.374371,5.611125,1.000000,0.064950
1779541131.554821,0,1,-12.508504,1.368442,5.613433,1.000000,0.060869
1779541131.564399,0,1,-12.500430,1.362543,5.615930,1.000000,0.060869
1779541131.574723,0,1,-12.492363,1.356633,5.617991,1.000000,0.059270
1779541131.584626,0,1,-12.484320,1.350690,5.619537,1.000000,0.059270
1779541131.594325,0,1,-12.476277,1.344749,5.621153,1.000000,0.058900
1779541131.604474,0,1,-12.468242,1.338796,5.622535,1.000000,0.058072
1779541131.614721,0,1,-12.460195,1.332858,5.624088,1.000000,0.058072
1779541131.625657,0,1,-12.452151,1.326917,5.625442,1.000000,0.058072
1779541131.634576,0,1,-12.444093,1.320996,5.626983,1.000000,0.057327
1779541131.644635,0,1,-12.436035,1.315074,5.628332,1.000000,0.057327
1779541131.654594,0,1,-12.427961,1.309174,5.629870,1.000000,0.057525
1779541131.664513,0,1,-12.419887,1.303274,5.631217,1.000000,0.057952
1779541131.674531,0,1,-12.411797,1.297396,5.632754,1.000000,0.057952
1779541131.684303,0,1,-12.403706,1.291518,5.634101,1.000000,0.058388
1779541131.694585,0,1,-12.395600,1.285664,5.635638,1.000000,0.058388
1779541131.704406,0,1,-12.387492,1.279810,5.636984,1.000000,0.058896
1779541131.714558,0,1,-12.379369,1.273978,5.638521,1.000000,0.058896
1779541131.724251,0,1,-12.371245,1.268147,5.639867,1.000000,0.059312
1779541131.734852,0,1,-12.363104,1.262339,5.641404,1.000000,0.059312
1779541131.744571,0,1,-12.354963,1.256532,5.642750,1.000000,0.059803
1779541131.754884,0,1,-12.346806,1.250747,5.644287,1.000000,0.060085
1779541131.764352,0,1,-12.338649,1.244963,5.645633,1.000000,0.060085
1779541131.774507,0,1,-12.330475,1.239202,5.647170,1.000000,0.060615
1779541131.784445,0,1,-12.322301,1.233442,5.648516,1.000000,0.060615
1779541131.794348,0,1,-12.314110,1.227704,5.650053,1.000000,0.061074
1779541131.804444,0,1,-12.305919,1.221967,5.651399,1.000000,0.061074
1779541131.814607,0,1,-12.297713,1.216254,5.652936,1.000000,0.061471
1779541131.824865,0,1,-12.289505,1.210540,5.654282,1.000000,0.061471
1779541131.834697,0,1,-12.281282,1.204850,5.655819,1.000000,0.061667
1779541131.844493,0,1,-12.273058,1.199161,5.657165,1.000000,0.061667
1779541131.854659,0,1,-12.264819,1.193494,5.658702,1.000000,0.062533
1779541131.864537,0,1,-12.256579,1.187829,5.660048,1.000000,0.062533
1779541131.874307,0,1,-12.248323,1.182186,5.661585,1.000000,0.062653
1779541131.884369,0,1,-12.240066,1.176544,5.662931,1.000000,0.063123
1779541131.894293,0,1,-12.231794,1.170925,5.664468,1.000000,0.063123
1779541131.904648,0,1,-12.223521,1.165307,5.665814,1.000000,0.063556
1779541131.914617,0,1,-12.215233,1.159712,5.667351,1.000000,0.063556
1779541131.924662,0,1,-12.206944,1.154118,5.668697,1.000000,0.064090
1779541131.935211,0,1,-12.198640,1.148547,5.670234,1.000000,0.064090
1779541131.944815,0,1,-12.190335,1.142977,5.671580,1.000000,0.064090
1779541131.954411,0,1,-12.182008,1.137439,5.673240,1.000000,0.064090
1779541131.964676,0,1,-12.173659,1.131936,5.675063,1.000000,0.064090
1779541131.974450,0,1,-12.165292,1.126460,5.676945,1.000000,0.064090
1779541131.984397,0,1,-12.156910,1.121005,5.678849,1.000000,0.064090
1779541131.994407,0,1,-12.148515,1.115571,5.680763,1.000000,0.064090
1779541132.004718,0,1,-12.140109,1.110155,5.682681,1.000000,0.064090
1779541132.014767,0,1,-12.131691,1.104757,5.684601,1.000000,0.064090
1779541132.024643,0,1,-12.123263,1.099375,5.686521,1.000000,0.064090
1779541132.034945,0,1,-12.114824,1.094011,5.688443,1.000000,0.064090
1779541132.044653,0,1,-12.106374,1.088662,5.690364,1.000000,0.064090
1779541132.055004,0,1,-12.097914,1.083331,5.692286,1.000000,0.065697
1779541132.064532,0,1,-12.089444,1.078015,5.694208,1.000000,0.065697
1779541132.074427,0,1,-12.080957,1.072726,5.696253,1.000000,0.065112
1779541132.084739,0,1,-12.072439,1.067487,5.698651,1.000000,0.065112
1779541132.094221,0,1,-12.063909,1.062268,5.700918,1.000000,0.064880
1779541132.104404,0,1,-12.055355,1.057088,5.703398,1.000000,0.064880
1779541132.114776,0,1,-12.046794,1.051920,5.705698,1.000000,0.064352
1779541132.124596,0,1,-12.038212,1.046787,5.708191,1.000000,0.064352
1779541132.134637,0,1,-12.029624,1.041664,5.710496,1.000000,0.064352
1779541132.144793,0,1,-12.021016,1.036574,5.712993,1.000000,0.063446
1779541132.154694,0,1,-12.012403,1.031494,5.715299,1.000000,0.063055
1779541132.164285,0,1,-12.003770,1.026447,5.717797,1.000000,0.063055
1779541132.174896,0,1,-11.995144,1.021388,5.719858,1.000000,0.062403
1779541132.184408,0,1,-11.986539,1.016293,5.721403,1.000000,0.062403
1779541132.194633,0,1,-11.977933,1.011200,5.723019,1.000000,0.061663
1779541132.204198,0,1,-11.969335,1.006095,5.724401,1.000000,0.061663
1779541132.214880,0,1,-11.960726,1.001007,5.725953,1.000000,0.060848
1779541132.224620,0,1,-11.952120,0.995914,5.727308,1.000000,0.060848
1779541132.234642,0,1,-11.943501,0.990843,5.728849,1.000000,0.060642
1779541132.244725,0,1,-11.934883,0.985771,5.730198,1.000000,0.060642
1779541132.254713,0,1,-11.926251,0.980723,5.731736,1.000000,0.060468
1779541132.264849,0,1,-11.917619,0.975674,5.733083,1.000000,0.060424
1779541132.274590,0,1,-11.908973,0.970649,5.734620,1.000000,0.060424
1779541132.284570,0,1,-11.900326,0.965625,5.735967,1.000000,0.060368
1779541132.294808,0,1,-11.891666,0.960625,5.737504,1.000000,0.060368
1779541132.304696,0,1,-11.883006,0.955626,5.738850,1.000000,0.060348
1779541132.315142,0,1,-11.874331,0.950651,5.740387,1.000000,0.060348
1779541132.324587,0,1,-11.865656,0.945676,5.741733,1.000000,0.060596
1779541132.334727,0,1,-11.856967,0.940726,5.743270,1.000000,0.060596
1779541132.344682,0,1,-11.848278,0.935777,5.744616,1.000000,0.060834
1779541132.354809,0,1,-11.839575,0.930851,5.746153,1.000000,0.060834
1779541132.364522,0,1,-11.830871,0.925927,5.747499,1.000000,0.061029
1779541132.374438,0,1,-11.822154,0.921027,5.749036,1.000000,0.061155
1779541132.384617,0,1,-11.813437,0.916128,5.750382,1.000000,0.061155
1779541132.394698,0,1,-11.804705,0.911253,5.751919,1.000000,0.061405
1779541132.404805,0,1,-11.795974,0.906379,5.753265,1.000000,0.061405
1779541132.414949,0,1,-11.787228,0.901529,5.754802,1.000000,0.061662
1779541132.424533,0,1,-11.778483,0.896680,5.756148,1.000000,0.061662
1779541132.434255,0,1,-11.769723,0.891856,5.757685,1.000000,0.061873
1779541132.444773,0,1,-11.760964,0.887032,5.759031,1.000000,0.061873
1779541132.454525,0,1,-11.752191,0.882233,5.760568,1.000000,0.061873
1779541132.464563,0,1,-11.743417,0.877434,5.761914,1.000000,0.061873
1779541132.474688,0,1,-11.734630,0.872661,5.763451,1.000000,0.061873
1779541132.485044,0,1,-11.725843,0.867887,5.764797,1.000000,0.061873
1779541132.494874,0,1,-11.717042,0.863139,5.766334,1.000000,0.061873
1779541132.504849,0,1,-11.708241,0.858391,5.767680,1.000000,0.061873
1779541132.514594,0,1,-11.699427,0.853668,5.769217,1.000000,0.061873
1779541132.524417,0,1,-11.690612,0.848946,5.770563,1.000000,0.061873
1779541132.534772,0,1,-11.681784,0.844248,5.772100,1.000000,0.061873
1779541132.544559,0,1,-11.672956,0.839551,5.773446,1.000000,0.061873
1779541132.554846,0,1,-11.664114,0.834879,5.774983,1.000000,0.063241
1779541132.564590,0,1,-11.655273,0.830207,5.776329,1.000000,0.063241
1779541132.574638,0,1,-11.646418,0.825561,5.777866,1.000000,0.063149
1779541132.584541,0,1,-11.637563,0.820915,5.779212,1.000000,0.063358
1779541132.594464,0,1,-11.628694,0.816294,5.780749,1.000000,0.063358
1779541132.604597,0,1,-11.619826,0.811673,5.782095,1.000000,0.063526
1779541132.614360,0,1,-11.610944,0.807078,5.783632,1.000000,0.063526
1779541132.624337,0,1,-11.602062,0.802483,5.784978,1.000000,0.063656
1779541132.634429,0,1,-11.593168,0.797913,5.786515,1.000000,0.063656
1779541132.645115,0,1,-11.584273,0.793344,5.787861,1.000000,0.063870
1779541132.654965,0,1,-11.575365,0.788799,5.789398,1.000000,0.063870
1779541132.664734,0,1,-11.566457,0.784256,5.790744,1.000000,0.064045
1779541132.674748,0,1,-11.557536,0.779737,5.792281,1.000000,0.064045
1779541132.684685,0,1,-11.548614,0.775219,5.793627,1.000000,0.064188
1779541132.694879,0,1,-11.539675,0.770737,5.795287,1.000000,0.064188
1779541132.704609,0,1,-11.530713,0.766302,5.797232,1.000000,0.064303
1779541132.714801,0,1,-11.521718,0.761931,5.799591,1.000000,0.064303
1779541132.724727,0,1,-11.512711,0.757588,5.801841,1.000000,0.064476
1779541132.734900,0,1,-11.503682,0.753290,5.804313,1.000000,0.064476
1779541132.745012,0,1,-11.494645,0.749007,5.806608,1.000000,0.064545
1779541132.754697,0,1,-11.485591,0.744763,5.809099,1.000000,0.064545
1779541132.764568,0,1,-11.476531,0.740530,5.811403,1.000000,0.063665
1779541132.774789,0,1,-11.467454,0.736332,5.813899,1.000000,0.063126
1779541132.784873,0,1,-11.458383,0.732124,5.815959,1.000000,0.063126
1779541132.794700,0,1,-11.449330,0.727877,5.817503,1.000000,0.061843
1779541132.804232,0,1,-11.440275,0.723634,5.819120,1.000000,0.061843
1779541132.815192,0,1,-11.431226,0.719377,5.820501,1.000000,0.060548
1779541132.824723,0,1,-11.422169,0.715138,5.822053,1.000000,0.060548
1779541132.834823,0,1,-11.413114,0.710895,5.823408,1.000000,0.059360
1779541132.844766,0,1,-11.404048,0.706674,5.824949,1.000000,0.059259
1779541132.854812,0,1,-11.394983,0.702453,5.826298,1.000000,0.059259
1779541132.864481,0,1,-11.385906,0.698255,5.827836,1.000000,0.059120
1779541132.874826,0,1,-11.376830,0.694058,5.829183,1.000000,0.059120
1779541132.884668,0,1,-11.367741,0.689887,5.830720,1.000000,0.059108
1779541132.894642,0,1,-11.358653,0.685715,5.832067,1.000000,0.059108
1779541132.904639,0,1,-11.349553,0.681569,5.833604,1.000000,0.059103
1779541132.914925,0,1,-11.340453,0.677424,5.834950,1.000000,0.059103
1779541132.924238,0,1,-11.331341,0.673304,5.836487,1.000000,0.059071
1779541132.935090,0,1,-11.322228,0.669185,5.837833,1.000000,0.059071
1779541132.944785,0,1,-11.313105,0.665091,5.839370,1.000000,0.059071
1779541132.955000,0,1,-11.303981,0.660998,5.840716,1.000000,0.059071
1779541132.964891,0,1,-11.294845,0.656931,5.842253,1.000000,0.059071
1779541132.974359,0,1,-11.285709,0.652864,5.843599,1.000000,0.059071
1779541132.984972,0,1,-11.276562,0.648823,5.845136,1.000000,0.059071
1779541132.994271,0,1,-11.267415,0.644783,5.846482,1.000000,0.059071
1779541133.005279,0,1,-11.258256,0.640769,5.848019,1.000000,0.059071
1779541133.014356,0,1,-11.249097,0.636755,5.849365,1.000000,0.059071
1779541133.024541,0,1,-11.239927,0.632767,5.850902,1.000000,0.059071
1779541133.034781,0,1,-11.230756,0.628779,5.852248,1.000000,0.059071
1779541133.044265,0,1,-11.221574,0.624818,5.853785,1.000000,0.059071
1779541133.054677,0,1,-11.212392,0.620857,5.855131,1.000000,0.058472
1779541133.064809,0,1,-11.203199,0.616921,5.856668,1.000000,0.058472
1779541133.074676,0,1,-11.194006,0.612987,5.858014,1.000000,0.058577
1779541133.084574,0,1,-11.184801,0.609078,5.859551,1.000000,0.058577
1779541133.094953,0,1,-11.175596,0.605170,5.860897,1.000000,0.058596
1779541133.104850,0,1,-11.166381,0.601288,5.862434,1.000000,0.058469
1779541133.114427,0,1,-11.157165,0.597407,5.863780,1.000000,0.058469
1779541133.124580,0,1,-11.147938,0.593551,5.865317,1.000000,0.058469
1779541133.135427,0,1,-11.138711,0.589696,5.866663,1.000000,0.058357
1779541133.144621,0,1,-11.129473,0.585868,5.868200,1.000000,0.058357
1779541133.154886,0,1,-11.120234,0.582039,5.869546,1.000000,0.058268
1779541133.164618,0,1,-11.110986,0.578237,5.871083,1.000000,0.058268
1779541133.174981,0,1,-11.101736,0.574436,5.872429,1.000000,0.058139
1779541133.184774,0,1,-11.092476,0.570660,5.873966,1.000000,0.057977
1779541133.194470,0,1,-11.083216,0.566885,5.875312,1.000000,0.057977
1779541133.204795,0,1,-11.073946,0.563136,5.876849,1.000000,0.057836
1779541133.214655,0,1,-11.064675,0.559388,5.878195,1.000000,0.057836
1779541133.224688,0,1,-11.055393,0.555666,5.879732,1.000000,0.057712
1779541133.234627,0,1,-11.046111,0.551945,5.881078,1.000000,0.057712
1779541133.244781,0,1,-11.036819,0.548249,5.882615,1.000000,0.057543
1779541133.255006,0,1,-11.027527,0.544555,5.883961,1.000000,0.057543
1779541133.264603,0,1,-11.018224,0.540886,5.885498,1.000000,0.057337
1779541133.274291,0,1,-11.008921,0.537218,5.886844,1.000000,0.057176
1779541133.284320,0,1,-10.999608,0.533576,5.888381,1.000000,0.057176
1779541133.294638,0,1,-10.990294,0.529935,5.889727,1.000000,0.057007
1779541133.304596,0,1,-10.980970,0.526320,5.891264,1.000000,0.057007
1779541133.314733,0,1,-10.971646,0.522706,5.892610,1.000000,0.056818
1779541133.324309,0,1,-10.962312,0.519118,5.894147,1.000000,0.056818
1779541133.334977,0,1,-10.952978,0.515531,5.895493,1.000000,0.056596
1779541133.344300,0,1,-10.943633,0.511970,5.897030,1.000000,0.056596
1779541133.354485,0,1,-10.934288,0.508410,5.898376,1.000000,0.056352
1779541133.364887,0,1,-10.924934,0.504876,5.899913,1.000000,0.056352
1779541133.374729,0,1,-10.915579,0.501342,5.901259,1.000000,0.056141
1779541133.384695,0,1,-10.906214,0.497835,5.902796,1.000000,0.056141
1779541133.394736,0,1,-10.896849,0.494329,5.904142,1.000000,0.056106
1779541133.404581,0,1,-10.887474,0.490849,5.905679,1.000000,0.056106
1779541133.414620,0,1,-10.878099,0.487370,5.907025,1.000000,0.055636
1779541133.424620,0,1,-10.868714,0.483916,5.908562,1.000000,0.055580
1779541133.434908,0,1,-10.859329,0.480464,5.909908,1.000000,0.055580
1779541133.444662,0,1,-10.849934,0.477038,5.911445,1.000000,0.055580
1779541133.454429,0,1,-10.840539,0.473613,5.912791,1.000000,0.055580
1779541133.464635,0,1,-10.831134,0.470214,5.914328,1.000000,0.055580
1779541133.475191,0,1,-10.821729,0.466816,5.915674,1.000000,0.055580
1779541133.484641,0,1,-10.812315,0.463444,5.917211,1.000000,0.055580
1779541133.494971,0,1,-10.802900,0.460073,5.918557,1.000000,0.055580
1779541133.504730,0,1,-10.793476,0.456729,5.920094,1.000000,0.055580
1779541133.515045,0,1,-10.784052,0.453385,5.921440,1.000000,0.055580
1779541133.524758,0,1,-10.774618,0.450067,5.922977,1.000000,0.055580
1779541133.534799,0,1,-10.765184,0.446751,5.924323,1.000000,0.055580
1779541133.544360,0,1,-10.755741,0.443460,5.925860,1.000000,0.055580
1779541133.555237,0,1,-10.746297,0.440171,5.927206,1.000000,0.053173
1779541133.564742,0,1,-10.736845,0.436908,5.928743,1.000000,0.053173
1779541133.574966,0,1,-10.727392,0.433646,5.930089,1.000000,0.053223
1779541133.584945,0,1,-10.717930,0.430410,5.931626,1.000000,0.053223
1779541133.595052,0,1,-10.708467,0.427175,5.932972,1.000000,0.052839
1779541133.605026,0,1,-10.698996,0.423967,5.934509,1.000000,0.052839
1779541133.614741,0,1,-10.689525,0.420759,5.935855,1.000000,0.052743
1779541133.624888,0,1,-10.680044,0.417578,5.937392,1.000000,0.052380
1779541133.634778,0,1,-10.670563,0.414398,5.938738,1.000000,0.052380
1779541133.644576,0,1,-10.661074,0.411244,5.940275,1.000000,0.052380
1779541133.654922,0,1,-10.651584,0.408091,5.941621,1.000000,0.052000
1779541133.664611,0,1,-10.642085,0.404965,5.943158,1.000000,0.051586
1779541133.674651,0,1,-10.632586,0.401839,5.944504,1.000000,0.051586
1779541133.684634,0,1,-10.623078,0.398740,5.946041,1.000000,0.051179
1779541133.694606,0,1,-10.613570,0.395642,5.947387,1.000000,0.051179
1779541133.704262,0,1,-10.604054,0.392570,5.948924,1.000000,0.050776
1779541133.714806,0,1,-10.594537,0.389499,5.950270,1.000000,0.050776
1779541133.724682,0,1,-10.585011,0.386455,5.951807,1.000000,0.050340
1779541133.735010,0,1,-10.575486,0.383412,5.953153,1.000000,0.049877
1779541133.744307,0,1,-10.565952,0.380395,5.954690,1.000000,0.049877
1779541133.754581,0,1,-10.556417,0.377380,5.956036,1.000000,0.049590
1779541133.764906,0,1,-10.546875,0.374390,5.957573,1.000000,0.049590
1779541133.774870,0,1,-10.537331,0.371402,5.958919,1.000000,0.049134
1779541133.784616,0,1,-10.527780,0.368440,5.960456,1.000000,0.049134
1779541133.794852,0,1,-10.518228,0.365480,5.961802,1.000000,0.048657
1779541133.804751,0,1,-10.508669,0.362546,5.963339,1.000000,0.048657
1779541133.814780,0,1,-10.499108,0.359612,5.964685,1.000000,0.048162
1779541133.824616,0,1,-10.489540,0.356706,5.966222,1.000000,0.048162
1779541133.834456,0,1,-10.479972,0.353800,5.967568,1.000000,0.047619
1779541133.844677,0,1,-10.470395,0.350921,5.969105,1.000000,0.047619
1779541133.854757,0,1,-10.460818,0.348043,5.970451,1.000000,0.047144
1779541133.864587,0,1,-10.451233,0.345192,5.971988,1.000000,0.047144
1779541133.874519,0,1,-10.441648,0.342341,5.973334,1.000000,0.046615
1779541133.884635,0,1,-10.432055,0.339518,5.974871,1.000000,0.046615
1779541133.894750,0,1,-10.422462,0.336695,5.976217,1.000000,0.046615
1779541133.904684,0,1,-10.412861,0.333899,5.977754,1.000000,0.045812
1779541133.914784,0,1,-10.403259,0.331104,5.979100,1.000000,0.045509
1779541133.925078,0,1,-10.393650,0.328335,5.980637,1.000000,0.045509
1779541133.934710,0,1,-10.384041,0.325568,5.981983,1.000000,0.045509
1779541133.944896,0,1,-10.374423,0.322827,5.983520,1.000000,0.045509
1779541133.955052,0,1,-10.364806,0.320088,5.984866,1.000000,0.045509
1779541133.964703,0,1,-10.355181,0.317375,5.986403,1.000000,0.045509
1779541133.974518,0,1,-10.345556,0.314663,5.987749,1.000000,0.045509
1779541133.985050,0,1,-10.335923,0.311978,5.989286,1.000000,0.045509
1779541133.994878,0,1,-10.326290,0.309293,5.990632,1.000000,0.045509
1779541134.004761,0,1,-10.316650,0.306636,5.992169,1.000000,0.045509
1779541134.014915,0,1,-10.307009,0.303980,5.993515,1.000000,0.045509
1779541134.024276,0,1,-10.297361,0.301350,5.995052,1.000000,0.045509
1779541134.034824,0,1,-10.287713,0.298722,5.996398,1.000000,0.045509
1779541134.044786,0,1,-10.278057,0.296120,5.997935,1.000000,0.045509
1779541134.054705,0,1,-10.268401,0.293519,5.999281,1.000000,0.045509
1779541134.064743,0,1,-10.258738,0.290945,6.000818,1.000000,0.040563
1779541134.074998,0,1,-10.249075,0.288372,6.002164,1.000000,0.040565
1779541134.084626,0,1,-10.239404,0.285826,6.003701,1.000000,0.040565
1779541134.094678,0,1,-10.229734,0.283281,6.005047,1.000000,0.040565
1779541134.104283,0,1,-10.220056,0.280763,6.006584,1.000000,0.039585
1779541134.114879,0,1,-10.210378,0.278246,6.007930,1.000000,0.039208
1779541134.124334,0,1,-10.200693,0.275756,6.009467,1.000000,0.039208
1779541134.134853,0,1,-10.191008,0.273267,6.010813,1.000000,0.038483
1779541134.144436,0,1,-10.181315,0.270804,6.012350,1.000000,0.038483
1779541134.154686,0,1,-10.171623,0.268343,6.013696,1.000000,0.037740
1779541134.164208,0,1,-10.161924,0.265909,6.015233,1.000000,0.037740
1779541134.174808,0,1,-10.152224,0.263475,6.016579,1.000000,0.037012
1779541134.184768,0,1,-10.142518,0.261069,6.018115,1.000000,0.036712
1779541134.194954,0,1,-10.132812,0.258664,6.019462,1.000000,0.036712
1779541134.204670,0,1,-10.123099,0.256285,6.020998,1.000000,0.035952
1779541134.215093,0,1,-10.113386,0.253908,6.022345,1.000000,0.035952
1779541134.224353,0,1,-10.103666,0.251557,6.023881,1.000000,0.035952
1779541134.234447,0,1,-10.093946,0.249208,6.025228,1.000000,0.035167
1779541134.244750,0,1,-10.084219,0.246886,6.026764,1.000000,0.035167
1779541134.254850,0,1,-10.074492,0.244564,6.028111,1.000000,0.033893
1779541134.264913,0,1,-10.064759,0.242270,6.029647,1.000000,0.033893
1779541134.275258,0,1,-10.055025,0.239977,6.030994,1.000000,0.033100
1779541134.284649,0,1,-10.045286,0.237711,6.032530,1.000000,0.033100
1779541134.294784,0,1,-10.035546,0.235445,6.033877,1.000000,0.032278
1779541134.304267,0,1,-10.025799,0.233207,6.035413,1.000000,0.032278
1779541134.314415,0,1,-10.016053,0.230970,6.036760,1.000000,0.031423
1779541134.324483,0,1,-10.006300,0.228760,6.038296,1.000000,0.031423
1779541134.334710,0,1,-9.996552,0.226528,6.039397,1.000000,0.031044
1779541134.344245,0,1,-9.986816,0.224245,6.039981,1.000000,0.030198
1779541134.354410,0,1,-9.977082,0.221956,6.040637,1.000000,0.030198
1779541134.364433,0,1,-9.967353,0.219643,6.041057,1.000000,0.029327
1779541134.374650,0,1,-9.957622,0.217340,6.041649,1.000000,0.029327
1779541134.384419,0,1,-9.947894,0.215023,6.042043,1.000000,0.028594
1779541134.394653,0,1,-9.938163,0.212720,6.042623,1.000000,0.028594
1779541134.404900,0,1,-9.928434,0.210407,6.043010,1.000000,0.028822
1779541134.414604,0,1,-9.918701,0.208111,6.043587,1.000000,0.028822
1779541134.424647,0,1,-9.908970,0.205806,6.043974,1.000000,0.029286
1779541134.434290,0,1,-9.899236,0.203519,6.044550,1.000000,0.029286
1779541134.444661,0,1,-9.889503,0.201222,6.044935,1.000000,0.029286
1779541134.454766,0,1,-9.879766,0.198944,6.045511,1.000000,0.029286
1779541134.464736,0,1,-9.870031,0.196656,6.045897,1.000000,0.029286
1779541134.474667,0,1,-9.860292,0.194387,6.046472,1.000000,0.029286
1779541134.484483,0,1,-9.850555,0.192109,6.046858,1.000000,0.029286
1779541134.494509,0,1,-9.840814,0.189849,6.047433,1.000000,0.029286
1779541134.504429,0,1,-9.831074,0.187580,6.047819,1.000000,0.029286
1779541134.514654,0,1,-9.821331,0.185330,6.048394,1.000000,0.029286
1779541134.524686,0,1,-9.811589,0.183070,6.048780,1.000000,0.029286
1779541134.534287,0,1,-9.801844,0.180829,6.049355,1.000000,0.032122
1779541134.544599,0,1,-9.792100,0.178579,6.049741,1.000000,0.032122
1779541134.554560,0,1,-9.782347,0.176370,6.050562,1.000000,0.032687
1779541134.564621,0,1,-9.772579,0.174231,6.051900,1.000000,0.032687
1779541134.574689,0,1,-9.762805,0.172117,6.053167,1.000000,0.033219
1779541134.584692,0,1,-9.753022,0.170045,6.054668,1.000000,0.033219
1779541134.594905,0,1,-9.743237,0.167983,6.055998,1.000000,0.033782
1779541134.604567,0,1,-9.733445,0.165953,6.057527,1.000000,0.033782
1779541134.614789,0,1,-9.723652,0.163927,6.058869,1.000000,0.033828
1779541134.624872,0,1,-9.713854,0.161931,6.060403,1.000000,0.033828
1779541134.634839,0,1,-9.704055,0.159936,6.061748,1.000000,0.033208
1779541134.644906,0,1,-9.694250,0.157970,6.063284,1.000000,0.033208
1779541134.655246,0,1,-9.684445,0.156004,6.064630,1.000000,0.032375
1779541134.664708,0,1,-9.674634,0.154067,6.066166,1.000000,0.032375
1779541134.675033,0,1,-9.664824,0.152130,6.067512,1.000000,0.031523
1779541134.684426,0,1,-9.655008,0.150221,6.069049,1.000000,0.030643
1779541134.695215,0,1,-9.645196,0.148289,6.070149,1.000000,0.030643
1779541134.704579,0,1,-9.635395,0.146307,6.070733,1.000000,0.029726
1779541134.714765,0,1,-9.625594,0.144318,6.071389,1.000000,0.029726
1779541134.724949,0,1,-9.615799,0.142306,6.071809,1.000000,0.028774
1779541134.734308,0,1,-9.606002,0.140302,6.072401,1.000000,0.028774
1779541134.744853,0,1,-9.596207,0.138285,6.072795,1.000000,0.028009
1779541134.754511,0,1,-9.586410,0.136283,6.073374,1.000000,0.028009
1779541134.764914,0,1,-9.576614,0.134271,6.073762,1.000000,0.028223
1779541134.774723,0,1,-9.566815,0.132275,6.074339,1.000000,0.028223
1779541134.784606,0,1,-9.557018,0.130270,6.074726,1.000000,0.028605
1779541134.794492,0,1,-9.547218,0.128283,6.075302,1.000000,0.028605
1779541134.804714,0,1,-9.537419,0.126287,6.075687,1.000000,0.029018
1779541134.814806,0,1,-9.527617,0.124309,6.076263,1.000000,0.029472
1779541134.824552,0,1,-9.517816,0.122322,6.076649,1.000000,0.029472
1779541134.834939,0,1,-9.508012,0.120353,6.077224,1.000000,0.029768
1779541134.844681,0,1,-9.498209,0.118376,6.077610,1.000000,0.029768
1779541134.854783,0,1,-9.488403,0.116416,6.078185,1.000000,0.030231
1779541134.864838,0,1,-9.478599,0.114448,6.078571,1.000000,0.030231
1779541134.874841,0,1,-9.468791,0.112498,6.079146,1.000000,0.030681
1779541134.884816,0,1,-9.458984,0.110539,6.079532,1.000000,0.030681
1779541134.894834,0,1,-9.449175,0.108599,6.080107,1.000000,0.031130
1779541134.904748,0,1,-9.439366,0.106649,6.080493,1.000000,0.031130
1779541134.915191,0,1,-9.429555,0.104718,6.081068,1.000000,0.031621
1779541134.924597,0,1,-9.419745,0.102778,6.081454,1.000000,0.031621
1779541134.934866,0,1,-9.409931,0.100857,6.082029,1.000000,0.032101
1779541134.944890,0,1,-9.400119,0.098926,6.082415,1.000000,0.032101
1779541134.954789,0,1,-9.390299,0.097037,6.083236,1.000000,0.032101
1779541134.964843,0,1,-9.380466,0.095218,6.084574,1.000000,0.032101
1779541134.974703,0,1,-9.370628,0.093424,6.085841,1.000000,0.032101
1779541134.984662,0,1,-9.360783,0.091673,6.087342,1.000000,0.032101
1779541134.994654,0,1,-9.350936,0.089932,6.088672,1.000000,0.032101
1779541135.004851,0,1,-9.341083,0.088223,6.090201,1.000000,0.032101
1779541135.014704,0,1,-9.331229,0.086518,6.091543,1.000000,0.032101
1779541135.024369,0,1,-9.321370,0.084843,6.093077,1.000000,0.032101
1779541135.034771,0,1,-9.311511,0.083169,6.094422,1.000000,0.032101
1779541135.044303,0,1,-9.301648,0.081524,6.095958,1.000000,0.032101
1779541135.054714,0,1,-9.291784,0.079880,6.097304,1.000000,0.031416
1779541135.064267,0,1,-9.281915,0.078264,6.098840,1.000000,0.031416
1779541135.074549,0,1,-9.272050,0.076626,6.099940,1.000000,0.031416
1779541135.084392,0,1,-9.262194,0.074936,6.100524,1.000000,0.030122
1779541135.094740,0,1,-9.252339,0.073240,6.101180,1.000000,0.030122
1779541135.104782,0,1,-9.242488,0.071520,6.101600,1.000000,0.029142
1779541135.114653,0,1,-9.232635,0.069810,6.102192,1.000000,0.029142
1779541135.124691,0,1,-9.222785,0.068085,6.102585,1.000000,0.028298
1779541135.134549,0,1,-9.212932,0.066376,6.103165,1.000000,0.028448
1779541135.144665,0,1,-9.203081,0.064656,6.103553,1.000000,0.028448
1779541135.154532,0,1,-9.193228,0.062953,6.104130,1.000000,0.028677
1779541135.164450,0,1,-9.183375,0.061241,6.104517,1.000000,0.028677
1779541135.174557,0,1,-9.173520,0.059546,6.105093,1.000000,0.029046
1779541135.184737,0,1,-9.163666,0.057843,6.105478,1.000000,0.029046
1779541135.194689,0,1,-9.153809,0.056158,6.106054,1.000000,0.029421
1779541135.204833,0,1,-9.143954,0.054464,6.106440,1.000000,0.029421
1779541135.215007,0,1,-9.134095,0.052788,6.107015,1.000000,0.029791
1779541135.224508,0,1,-9.124238,0.051103,6.107401,1.000000,0.029791
1779541135.234674,0,1,-9.114378,0.049437,6.107976,1.000000,0.030209
1779541135.244665,0,1,-9.104519,0.047762,6.108362,1.000000,0.030209
1779541135.254811,0,1,-9.094657,0.046105,6.108937,1.000000,0.030350
1779541135.264926,0,1,-9.084797,0.044439,6.109323,1.000000,0.030350
1779541135.274225,0,1,-9.074934,0.042791,6.109898,1.000000,0.031012
1779541135.284591,0,1,-9.065072,0.041135,6.110284,1.000000,0.031012
1779541135.294412,0,1,-9.055207,0.039497,6.110859,1.000000,0.031400
1779541135.304713,0,1,-9.045343,0.037850,6.111245,1.000000,0.031400
1779541135.314377,0,1,-9.035477,0.036221,6.111820,1.000000,0.031830
1779541135.324368,0,1,-9.025612,0.034584,6.112206,1.000000,0.031830
1779541135.334899,0,1,-9.015744,0.032965,6.112781,1.000000,0.031980
1779541135.344715,0,1,-9.005877,0.031337,6.113167,1.000000,0.032395
1779541135.354535,0,1,-8.996006,0.029739,6.113865,1.000000,0.032395
1779541135.364322,0,1,-8.986127,0.028184,6.114850,1.000000,0.032801
1779541135.374768,0,1,-8.976240,0.026690,6.116247,1.000000,0.032801
1779541135.384434,0,1,-8.966349,0.025216,6.117536,1.000000,0.033291
1779541135.394559,0,1,-8.956452,0.023783,6.119047,1.000000,0.033291
1779541135.404403,0,1,-8.946554,0.022357,6.120381,1.000000,0.033817
1779541135.414337,0,1,-8.936652,0.020963,6.121911,1.000000,0.033817
1779541135.424583,0,1,-8.926749,0.019573,6.123254,1.000000,0.033415
1779541135.434769,0,1,-8.916842,0.018211,6.124789,1.000000,0.033415
1779541135.444394,0,1,-8.906935,0.016852,6.126134,1.000000,0.032669
1779541135.455182,0,1,-8.897024,0.015520,6.127670,1.000000,0.032669
1779541135.464399,0,1,-8.887113,0.014190,6.129016,1.000000,0.032669
1779541135.474427,0,1,-8.877198,0.012888,6.130553,1.000000,0.032669
1779541135.484707,0,1,-8.867283,0.011586,6.131899,1.000000,0.032669
1779541135.494914,0,1,-8.857365,0.010313,6.133435,1.000000,0.032669
1779541135.504636,0,1,-8.847446,0.009040,6.134782,1.000000,0.032669
1779541135.514472,0,1,-8.837524,0.007795,6.136318,1.000000,0.032669
1779541135.524686,0,1,-8.827601,0.006551,6.137665,1.000000,0.032669
1779541135.534536,0,1,-8.817676,0.005335,6.139201,1.000000,0.032669
1779541135.544755,0,1,-8.807750,0.004120,6.140548,1.000000,0.032669
1779541135.554899,0,1,-8.797821,0.002932,6.142084,1.000000,0.032669
1779541135.564553,0,1,-8.787891,0.001745,6.143431,1.000000,0.025837
1779541135.574647,0,1,-8.777959,0.000586,6.144967,1.000000,0.025837
1779541135.584980,0,1,-8.768029,-0.000596,6.146068,1.000000,0.024755
1779541135.594578,0,1,-8.758105,-0.001829,6.146652,1.000000,0.024755
1779541135.604861,0,1,-8.748182,-0.003069,6.147308,1.000000,0.023597
1779541135.614635,0,1,-8.738262,-0.004332,6.147728,1.000000,0.023597
1779541135.624549,0,1,-8.728341,-0.005587,6.148320,1.000000,0.022420
1779541135.634596,0,1,-8.718422,-0.006855,6.148713,1.000000,0.022420
1779541135.644298,0,1,-8.708501,-0.008108,6.149293,1.000000,0.022082
1779541135.654271,0,1,-8.698581,-0.009372,6.149681,1.000000,0.022182
1779541135.665657,0,1,-8.688659,-0.010619,6.150258,1.000000,0.022182
1779541135.674353,0,1,-8.678738,-0.011875,6.150644,1.000000,0.022196
1779541135.684517,0,1,-8.668815,-0.013113,6.151221,1.000000,0.022196
1779541135.694822,0,1,-8.658894,-0.014360,6.151606,1.000000,0.022374
1779541135.704579,0,1,-8.648969,-0.015589,6.152182,1.000000,0.022374
1779541135.714715,0,1,-8.639046,-0.016827,6.152567,1.000000,0.022584
1779541135.724675,0,1,-8.629121,-0.018046,6.153143,1.000000,0.022584
1779541135.734402,0,1,-8.619197,-0.019275,6.153529,1.000000,0.022803
1779541135.744299,0,1,-8.609270,-0.020485,6.154104,1.000000,0.022971
1779541135.755162,0,1,-8.599345,-0.021704,6.154490,1.000000,0.022971
1779541135.764285,0,1,-8.589417,-0.022904,6.155065,1.000000,0.023173
1779541135.774330,0,1,-8.579490,-0.024113,6.155451,1.000000,0.023173
1779541135.784277,0,1,-8.569562,-0.025304,6.156026,1.000000,0.023374
1779541135.794427,0,1,-8.559634,-0.026504,6.156412,1.000000,0.023606
1779541135.804833,0,1,-8.549704,-0.027686,6.156987,1.000000,0.023606
1779541135.814737,0,1,-8.539775,-0.028876,6.157373,1.000000,0.023650
1779541135.824559,0,1,-8.529844,-0.030048,6.157948,1.000000,0.023650
1779541135.834883,0,1,-8.519914,-0.031228,6.158334,1.000000,0.023865
1779541135.844257,0,1,-8.509982,-0.032391,6.158909,1.000000,0.023865
1779541135.854650,0,1,-8.500050,-0.033562,6.159295,1.000000,0.024070
1779541135.864679,0,1,-8.490117,-0.034715,6.159870,1.000000,0.024237
1779541135.874973,0,1,-8.480185,-0.035876,6.160256,1.000000,0.024237
1779541135.884190,0,1,-8.470250,-0.037020,6.160831,1.000000,0.024473
1779541135.894837,0,1,-8.460317,-0.038172,6.161217,1.000000,0.024473
1779541135.904650,0,1,-8.450381,-0.039305,6.161792,1.000000,0.024697
1779541135.914909,0,1,-8.440447,-0.040448,6.162178,1.000000,0.024697
1779541135.924710,0,1,-8.430510,-0.041572,6.162753,1.000000,0.024911
1779541135.934768,0,1,-8.420575,-0.042705,6.163139,1.000000,0.024911
1779541135.944500,0,1,-8.410637,-0.043820,6.163714,1.000000,0.024911
1779541135.954870,0,1,-8.400700,-0.044943,6.164100,1.000000,0.024911
1779541135.964409,0,1,-8.390762,-0.046048,6.164675,1.000000,0.024911
1779541135.974771,0,1,-8.380824,-0.047162,6.165061,1.000000,0.024911
1779541135.984818,0,1,-8.370884,-0.048258,6.165636,1.000000,0.024911
1779541135.994799,0,1,-8.360945,-0.049362,6.166022,1.000000,0.024911
1779541136.004787,0,1,-8.351004,-0.050448,6.166597,1.000000,0.024911
1779541136.014368,0,1,-8.341064,-0.051542,6.166983,1.000000,0.024911
1779541136.025466,0,1,-8.331123,-0.052619,6.167558,1.000000,0.024911
1779541136.034887,0,1,-8.321182,-0.053704,6.167944,1.000000,0.024911
1779541136.044571,0,1,-8.311239,-0.054771,6.168519,1.000000,0.024911
1779541136.054549,0,1,-8.301297,-0.055847,6.168905,1.000000,0.026250
1779541136.064728,0,1,-8.291353,-0.056904,6.169480,1.000000,0.026250
1779541136.074888,0,1,-8.281410,-0.057970,6.169866,1.000000,0.026529
1779541136.084580,0,1,-8.271465,-0.059018,6.170441,1.000000,0.026529
1779541136.094831,0,1,-8.261521,-0.060074,6.170827,1.000000,0.026744
1779541136.104246,0,1,-8.251575,-0.061113,6.171402,1.000000,0.026744
1779541136.114485,0,1,-8.241630,-0.062159,6.171788,1.000000,0.026971
1779541136.124458,0,1,-8.231683,-0.063188,6.172363,1.000000,0.026971
1779541136.134498,0,1,-8.221737,-0.064226,6.172749,1.000000,0.027209
1779541136.144187,0,1,-8.211789,-0.065245,6.173324,1.000000,0.027391
1779541136.154719,0,1,-8.201842,-0.066272,6.173710,1.000000,0.027391
1779541136.164434,0,1,-8.191893,-0.067282,6.174285,1.000000,0.027609
1779541136.174642,0,1,-8.181945,-0.068300,6.174671,1.000000,0.027609
1779541136.184670,0,1,-8.171995,-0.069300,6.175246,1.000000,0.027824
1779541136.194768,0,1,-8.162046,-0.070309,6.175632,1.000000,0.027824
1779541136.204533,0,1,-8.152095,-0.071299,6.176207,1.000000,0.028063
1779541136.214912,0,1,-8.142145,-0.072299,6.176593,1.000000,0.028063
1779541136.224587,0,1,-8.132194,-0.073279,6.177168,1.000000,0.028300
1779541136.234745,0,1,-8.122243,-0.074269,6.177554,1.000000,0.028300
1779541136.244646,0,1,-8.112290,-0.075240,6.178129,1.000000,0.028519
1779541136.254569,0,1,-8.102338,-0.076220,6.178515,1.000000,0.028519
1779541136.264457,0,1,-8.092384,-0.077182,6.179090,1.000000,0.028731
1779541136.274771,0,1,-8.082432,-0.078152,6.179476,1.000000,0.028795
1779541136.284675,0,1,-8.072477,-0.079105,6.180051,1.000000,0.028795
1779541136.294865,0,1,-8.062523,-0.080066,6.180437,1.000000,0.029026
1779541136.304396,0,1,-8.052568,-0.081008,6.181012,1.000000,0.029026
1779541136.314546,0,1,-8.042613,-0.081959,6.181398,1.000000,0.029254
1779541136.324989,0,1,-8.032657,-0.082893,6.181973,1.000000,0.029254
1779541136.334872,0,1,-8.022701,-0.083834,6.182359,1.000000,0.029471
1779541136.344767,0,1,-8.012744,-0.084758,6.182934,1.000000,0.029471
1779541136.354967,0,1,-8.002788,-0.085690,6.183320,1.000000,0.029693
1779541136.364681,0,1,-7.992829,-0.086604,6.183895,1.000000,0.029693
1779541136.376228,0,1,-7.982872,-0.087526,6.184281,1.000000,0.029940
1779541136.384825,0,1,-7.972913,-0.088431,6.184856,1.000000,0.029940
1779541136.394890,0,1,-7.962955,-0.089344,6.185242,1.000000,0.030159
1779541136.405009,0,1,-7.952995,-0.090239,6.185817,1.000000,0.030159
1779541136.414812,0,1,-7.943036,-0.091142,6.186203,1.000000,0.030342
1779541136.424797,0,1,-7.933075,-0.092027,6.186778,1.000000,0.030342
1779541136.434393,0,1,-7.923115,-0.092921,6.187164,1.000000,0.030543
1779541136.444710,0,1,-7.913154,-0.093797,6.187739,1.000000,0.030543
1779541136.454410,0,1,-7.903193,-0.094681,6.188125,1.000000,0.030543
1779541136.464851,0,1,-7.893230,-0.095547,6.188700,1.000000,0.030543
1779541136.474533,0,1,-7.883269,-0.096422,6.189086,1.000000,0.030543
1779541136.484548,0,1,-7.873305,-0.097278,6.189661,1.000000,0.030543
1779541136.494649,0,1,-7.863343,-0.098144,6.190047,1.000000,0.030543
1779541136.504362,0,1,-7.853379,-0.098990,6.190622,1.000000,0.030543
1779541136.514876,0,1,-7.843416,-0.099846,6.191008,1.000000,0.030543
1779541136.524500,0,1,-7.833451,-0.100683,6.191583,1.000000,0.030543
1779541136.534890,0,1,-7.823487,-0.101529,6.191969,1.000000,0.030543
1779541136.544528,0,1,-7.813521,-0.102357,6.192544,1.000000,0.030543
1779541136.554631,0,1,-7.803556,-0.103194,6.192930,1.000000,0.030543
1779541136.564577,0,1,-7.793589,-0.104012,6.193505,1.000000,0.030543
1779541136.574630,0,1,-7.783624,-0.104839,6.193891,1.000000,0.030543
1779541136.584665,0,1,-7.773656,-0.105647,6.194466,1.000000,0.030543
1779541136.594282,0,1,-7.763690,-0.106465,6.194852,1.000000,0.030543
1779541136.604739,0,1,-7.753722,-0.107264,6.195427,1.000000,0.031917
1779541136.614297,0,1,-7.743755,-0.108071,6.195813,1.000000,0.031917
1779541136.624599,0,1,-7.733785,-0.108849,6.196511,1.000000,0.032769
1779541136.634790,0,1,-7.723813,-0.109595,6.197373,1.000000,0.032769
1779541136.644536,0,1,-7.713838,-0.110308,6.198417,1.000000,0.032971
1779541136.654833,0,1,-7.703860,-0.110964,6.199837,1.000000,0.032971
1779541136.664608,0,1,-7.693880,-0.111601,6.201135,1.000000,0.033166
1779541136.674572,0,1,-7.683898,-0.112201,6.202650,1.000000,0.033166
1779541136.685484,0,1,-7.673916,-0.112793,6.203986,1.000000,0.032991
1779541136.694640,0,1,-7.663931,-0.113354,6.205517,1.000000,0.032991
1779541136.704630,0,1,-7.653947,-0.113913,6.206861,1.000000,0.032156
1779541136.714802,0,1,-7.643961,-0.114442,6.208396,1.000000,0.032156
1779541136.724707,0,1,-7.633975,-0.114969,6.209741,1.000000,0.031005
1779541136.734880,0,1,-7.623987,-0.115468,6.211277,1.000000,0.031005
1779541136.745067,0,1,-7.614001,-0.115990,6.212377,1.000000,0.029764
1779541136.754589,0,1,-7.604017,-0.116562,6.212961,1.000000,0.029764
1779541136.764876,0,1,-7.594034,-0.117142,6.213617,1.000000,0.028515
1779541136.774191,0,1,-7.584053,-0.117746,6.214037,1.000000,0.027243
1779541136.784945,0,1,-7.574070,-0.118340,6.214629,1.000000,0.027243
1779541136.794616,0,1,-7.564089,-0.118949,6.215022,1.000000,0.026852
1779541136.804787,0,1,-7.554106,-0.119542,6.215602,1.000000,0.026852
1779541136.814237,0,1,-7.544125,-0.120146,6.215990,1.000000,0.026674
1779541136.824911,0,1,-7.534142,-0.120732,6.216567,1.000000,0.026674
1779541136.834690,0,1,-7.524160,-0.121328,6.216953,1.000000,0.026708
1779541136.844589,0,1,-7.514176,-0.121906,6.217529,1.000000,0.026708
1779541136.854884,0,1,-7.504194,-0.122493,6.217915,1.000000,0.026769
1779541136.864978,0,1,-7.494210,-0.123062,6.218491,1.000000,0.026891
1779541136.874844,0,1,-7.484226,-0.123639,6.218876,1.000000,0.026891
1779541136.884845,0,1,-7.474242,-0.124198,6.219452,1.000000,0.026891
1779541136.895157,0,1,-7.464258,-0.124766,6.219838,1.000000,0.026948
1779541136.904762,0,1,-7.454273,-0.125316,6.220413,1.000000,0.027013
1779541136.914769,0,1,-7.444289,-0.125874,6.220799,1.000000,0.027013
1779541136.924986,0,1,-7.434304,-0.126415,6.221374,1.000000,0.027087
1779541136.934944,0,1,-7.424319,-0.126963,6.221760,1.000000,0.027087
1779541136.945438,0,1,-7.414333,-0.127494,6.222335,1.000000,0.027087
1779541136.954814,0,1,-7.404347,-0.128033,6.222721,1.000000,0.027087
1779541136.964735,0,1,-7.394361,-0.128554,6.223296,1.000000,0.027087
1779541136.974809,0,1,-7.384375,-0.129084,6.223682,1.000000,0.027087
1779541136.984824,0,1,-7.374388,-0.129595,6.224257,1.000000,0.027087
1779541136.994351,0,1,-7.364402,-0.130115,6.224643,1.000000,0.027087
1779541137.004849,0,1,-7.354414,-0.130617,6.225218,1.000000,0.027087
1779541137.014794,0,1,-7.344427,-0.131127,6.225604,1.000000,0.027087
1779541137.024872,0,1,-7.334439,-0.131620,6.226179,1.000000,0.027087
1779541137.034811,0,1,-7.324452,-0.132121,6.226565,1.000000,0.027087
1779541137.045098,0,1,-7.314464,-0.132603,6.227140,1.000000,0.027087
1779541137.054576,0,1,-7.304476,-0.133094,6.227526,1.000000,0.027087
1779541137.064743,0,1,-7.294487,-0.133567,6.228101,1.000000,0.026958
1779541137.074843,0,1,-7.284498,-0.134049,6.228487,1.000000,0.026958
1779541137.084456,0,1,-7.274509,-0.134512,6.229062,1.000000,0.026958
1779541137.094412,0,1,-7.264520,-0.134984,6.229448,1.000000,0.027536
1779541137.104763,0,1,-7.254531,-0.135438,6.230023,1.000000,0.027536
1779541137.114548,0,1,-7.244541,-0.135901,6.230409,1.000000,0.027536
1779541137.124698,0,1,-7.234551,-0.136345,6.230984,1.000000,0.027684
1779541137.134601,0,1,-7.224561,-0.136798,6.231370,1.000000,0.027684
1779541137.144904,0,1,-7.214571,-0.137232,6.231945,1.000000,0.027684
1779541137.154832,0,1,-7.204581,-0.137675,6.232331,1.000000,0.027679
1779541137.164665,0,1,-7.194590,-0.138100,6.232906,1.000000,0.027679
1779541137.174992,0,1,-7.184599,-0.138534,6.233292,1.000000,0.027780
1779541137.184540,0,1,-7.174608,-0.138949,6.233867,1.000000,0.027780
1779541137.194816,0,1,-7.164617,-0.139374,6.234253,1.000000,0.027808
1779541137.204582,0,1,-7.154625,-0.139779,6.234828,1.000000,0.027808
1779541137.214682,0,1,-7.144634,-0.140194,6.235214,1.000000,0.027869
1779541137.224643,0,1,-7.134642,-0.140590,6.235789,1.000000,0.027869
1779541137.234670,0,1,-7.124650,-0.140995,6.236175,1.000000,0.027898
1779541137.244581,0,1,-7.114657,-0.141381,6.236750,1.000000,0.027898
1779541137.254448,0,1,-7.104665,-0.141777,6.237136,1.000000,0.027973
1779541137.264973,0,1,-7.094672,-0.142153,6.237711,1.000000,0.027973
1779541137.274616,0,1,-7.084680,-0.142539,6.238097,1.000000,0.027995
1779541137.284689,0,1,-7.074686,-0.142906,6.238672,1.000000,0.027995
1779541137.294349,0,1,-7.064693,-0.143283,6.239058,1.000000,0.028100
1779541137.304900,0,1,-7.054700,-0.143640,6.239633,1.000000,0.028100
1779541137.315045,0,1,-7.044707,-0.144007,6.240019,1.000000,0.028107
1779541137.324465,0,1,-7.034713,-0.144355,6.240594,1.000000,0.028138
1779541137.334418,0,1,-7.024719,-0.144712,6.240980,1.000000,0.028138
1779541137.344668,0,1,-7.014725,-0.145050,6.241555,1.000000,0.028190
1779541137.354820,0,1,-7.004731,-0.145397,6.241941,1.000000,0.028190
1779541137.364716,0,1,-6.994736,-0.145726,6.242516,1.000000,0.028190
1779541137.375012,0,1,-6.984742,-0.146064,6.242902,1.000000,0.028230
1779541137.384774,0,1,-6.974747,-0.146383,6.243477,1.000000,0.028262
1779541137.394715,0,1,-6.964752,-0.146711,6.243863,1.000000,0.028262
1779541137.404687,0,1,-6.954757,-0.147021,6.244438,1.000000,0.028314
1779541137.414975,0,1,-6.944762,-0.147340,6.244824,1.000000,0.028314
1779541137.424731,0,1,-6.934767,-0.147640,6.245399,1.000000,0.028350
1779541137.435020,0,1,-6.924772,-0.147948,6.245785,1.000000,0.028350
1779541137.444839,0,1,-6.914776,-0.148239,6.246360,1.000000,0.028350
1779541137.455052,0,1,-6.904780,-0.148538,6.246746,1.000000,0.028350
1779541137.464779,0,1,-6.894784,-0.148819,6.247321,1.000000,0.028350
1779541137.474882,0,1,-6.884788,-0.149109,6.247707,1.000000,0.028350
1779541137.485032,0,1,-6.874792,-0.149380,6.248282,1.000000,0.028350
1779541137.495437,0,1,-6.864796,-0.149660,6.248668,1.000000,0.028350
1779541137.504910,0,1,-6.854799,-0.149922,6.249243,1.000000,0.028350
1779541137.514724,0,1,-6.844803,-0.150192,6.249629,1.000000,0.028350
1779541137.524381,0,1,-6.834806,-0.150444,6.250204,1.000000,0.028350
1779541137.534488,0,1,-6.824810,-0.150705,6.250590,1.000000,0.028350
1779541137.544537,0,1,-6.814813,-0.150947,6.251165,1.000000,0.028350
1779541137.554881,0,1,-6.804816,-0.151199,6.251551,1.000000,0.028350
1779541137.564501,0,1,-6.794819,-0.151431,6.252126,1.000000,0.027614
1779541137.574780,0,1,-6.784821,-0.151673,6.252512,1.000000,0.027614
1779541137.584354,0,1,-6.774824,-0.151896,6.253087,1.000000,0.028512
1779541137.594298,0,1,-6.764827,-0.152128,6.253473,1.000000,0.028512
1779541137.604459,0,1,-6.754829,-0.152342,6.254048,1.000000,0.028521
1779541137.614779,0,1,-6.744831,-0.152564,6.254434,1.000000,0.028521
1779541137.624358,0,1,-6.734834,-0.152768,6.255009,1.000000,0.028526
1779541137.634768,0,1,-6.724836,-0.152981,6.255395,1.000000,0.028526
1779541137.644718,0,1,-6.714838,-0.153176,6.255970,1.000000,0.028526
1779541137.654669,0,1,-6.704840,-0.153379,6.256356,1.000000,0.028519
1779541137.664526,0,1,-6.694841,-0.153564,6.256931,1.000000,0.028529
1779541137.674872,0,1,-6.684843,-0.153757,6.257317,1.000000,0.028529
1779541137.684313,0,1,-6.674845,-0.153932,6.257892,1.000000,0.028529
1779541137.694464,0,1,-6.664847,-0.154116,6.258277,1.000000,0.028529
1779541137.704379,0,1,-6.654848,-0.154282,6.258853,1.000000,0.028549
1779541137.714816,0,1,-6.644849,-0.154456,6.259238,1.000000,0.028549
1779541137.724542,0,1,-6.634851,-0.154612,6.259814,1.000000,0.028499
1779541137.734703,0,1,-6.624852,-0.154777,6.260199,1.000000,0.028499
1779541137.744868,0,1,-6.614853,-0.154923,6.260775,1.000000,0.028496
1779541137.754268,0,1,-6.604854,-0.155078,6.261160,1.000000,0.028496
1779541137.764713,0,1,-6.594855,-0.155215,6.261736,1.000000,0.028482
1779541137.775129,0,1,-6.584856,-0.155361,6.262121,1.000000,0.028482
1779541137.784576,0,1,-6.574857,-0.155488,6.262697,1.000000,0.028481
1779541137.794720,0,1,-6.564858,-0.155624,6.263082,1.000000,0.028481
1779541137.804522,0,1,-6.554859,-0.155741,6.263658,1.000000,0.028429
1779541137.814523,0,1,-6.544860,-0.155868,6.264043,1.000000,0.028393
1779541137.824637,0,1,-6.534860,-0.155976,6.264619,1.000000,0.028393
1779541137.834630,0,1,-6.524861,-0.156092,6.265004,1.000000,0.028393
1779541137.844578,0,1,-6.514861,-0.156191,6.265580,1.000000,0.028339
1779541137.854933,0,1,-6.504862,-0.156298,6.265965,1.000000,0.028339
1779541137.864323,0,1,-6.494862,-0.156386,6.266541,1.000000,0.028346
1779541137.874441,0,1,-6.484863,-0.156484,6.266926,1.000000,0.028346
1779541137.885051,0,1,-6.474863,-0.156563,6.267502,1.000000,0.028295
1779541137.894590,0,1,-6.464864,-0.156651,6.267887,1.000000,0.028269
1779541137.905159,0,1,-6.454864,-0.156720,6.268463,1.000000,0.028269
1779541137.914641,0,1,-6.444864,-0.156798,6.268848,1.000000,0.028206
1779541137.924923,0,1,-6.434864,-0.156858,6.269424,1.000000,0.028206
1779541137.934823,0,1,-6.424865,-0.156927,6.269809,1.000000,0.028176
1779541137.944333,0,1,-6.414865,-0.156977,6.270385,1.000000,0.028176
1779541137.955137,0,1,-6.404865,-0.157036,6.270770,1.000000,0.028176
1779541137.964398,0,1,-6.394865,-0.157077,6.271346,1.000000,0.028176
1779541137.974401,0,1,-6.384865,-0.157126,6.271731,1.000000,0.028176
1779541137.984289,0,1,-6.374865,-0.157157,6.272307,1.000000,0.028176
1779541137.994851,0,1,-6.364865,-0.157197,6.272692,1.000000,0.028176
1779541138.004318,0,1,-6.354865,-0.157219,6.273268,1.000000,0.028176
1779541138.014335,0,1,-6.344865,-0.157249,6.273653,1.000000,0.028176
1779541138.024518,0,1,-6.334865,-0.157261,6.274229,1.000000,0.028176
1779541138.034510,0,1,-6.324865,-0.157281,6.274614,1.000000,0.028176
1779541138.044784,0,1,-6.314865,-0.157284,6.275190,1.000000,0.028176
1779541138.054537,0,1,-6.304865,-0.157295,6.275575,1.000000,0.028176
1779541138.064909,0,1,-6.294865,-0.157287,6.276151,1.000000,0.027046
1779541138.074943,0,1,-6.284865,-0.157289,6.276536,1.000000,0.027046
1779541138.084778,0,1,-6.274865,-0.157272,6.277112,1.000000,0.027830
1779541138.095071,0,1,-6.264865,-0.157263,6.277497,1.000000,0.027830
1779541138.104913,0,1,-6.254865,-0.157237,6.278073,1.000000,0.027706
1779541138.114761,0,1,-6.244865,-0.157219,6.278458,1.000000,0.027706
1779541138.125045,0,1,-6.234865,-0.157183,6.279034,1.000000,0.027565
1779541138.134598,0,1,-6.224866,-0.157155,6.279419,1.000000,0.027565
1779541138.144434,0,1,-6.214866,-0.157109,6.279995,1.000000,0.027480
1779541138.154625,0,1,-6.204866,-0.157072,6.280380,1.000000,0.027425
1779541138.164621,0,1,-6.194866,-0.157017,6.280956,1.000000,0.027425
1779541138.174563,0,1,-6.184866,-0.156970,6.281341,1.000000,0.027278
1779541138.184655,0,1,-6.174866,-0.156905,6.281917,1.000000,0.027278
1779541138.194702,0,1,-6.164866,-0.156849,6.282302,1.000000,0.027170
1779541138.205115,0,1,-6.154867,-0.156774,6.282878,1.000000,0.027170
1779541138.214640,0,1,-6.144867,-0.156708,0.000078,1.000000,0.027059
1779541138.224577,0,1,-6.134867,-0.156624,0.000654,1.000000,0.027059
1779541138.234542,0,1,-6.124868,-0.156549,0.001039,1.000000,0.026996
1779541138.244681,0,1,-6.114868,-0.156455,0.001615,1.000000,0.026996
1779541138.255021,0,1,-6.104868,-0.156370,0.002000,1.000000,0.026842
1779541138.264398,0,1,-6.094869,-0.156266,0.002576,1.000000,0.026884
1779541138.274794,0,1,-6.084869,-0.156171,0.002961,1.000000,0.026884
1779541138.284762,0,1,-6.074870,-0.156058,0.003537,1.000000,0.026755
1779541138.294739,0,1,-6.064871,-0.155954,0.003922,1.000000,0.026755
1779541138.304776,0,1,-6.054871,-0.155831,0.004498,1.000000,0.026614
1779541138.314248,0,1,-6.044872,-0.155717,0.004883,1.000000,0.026614
1779541138.324646,0,1,-6.034873,-0.155585,0.005459,1.000000,0.026470
1779541138.335222,0,1,-6.024874,-0.155461,0.005844,1.000000,0.026330
1779541138.344354,0,1,-6.014875,-0.155320,0.006420,1.000000,0.026330
1779541138.354235,0,1,-6.004876,-0.155186,0.006805,1.000000,0.026242
1779541138.364218,0,1,-5.994877,-0.155035,0.007381,1.000000,0.026242
1779541138.374289,0,1,-5.984878,-0.154892,0.007766,1.000000,0.026042
1779541138.384607,0,1,-5.974879,-0.154731,0.008342,1.000000,0.026042
1779541138.394485,0,1,-5.964880,-0.154579,0.008727,1.000000,0.025899
1779541138.404697,0,1,-5.954882,-0.154408,0.009303,1.000000,0.025899
1779541138.414430,0,1,-5.944883,-0.154246,0.009688,1.000000,0.025748
1779541138.424604,0,1,-5.934885,-0.154065,0.010264,1.000000,0.025748
1779541138.434671,0,1,-5.924886,-0.153894,0.010649,1.000000,0.025584
1779541138.444695,0,1,-5.914888,-0.153704,0.011225,1.000000,0.025584
1779541138.454500,0,1,-5.904890,-0.153523,0.011610,1.000000,0.025584
1779541138.464343,0,1,-5.894892,-0.153323,0.012186,1.000000,0.025584
1779541138.474992,0,1,-5.884893,-0.153132,0.012571,1.000000,0.025584
1779541138.484615,0,1,-5.874896,-0.152923,0.013147,1.000000,0.025584
1779541138.494706,0,1,-5.864898,-0.152723,0.013532,1.000000,0.025584
1779541138.504265,0,1,-5.854900,-0.152504,0.014108,1.000000,0.025584
1779541138.514665,0,1,-5.844902,-0.152294,0.014493,1.000000,0.025584
1779541138.524906,0,1,-5.834905,-0.152066,0.015069,1.000000,0.025584
1779541138.534394,0,1,-5.824907,-0.151846,0.015454,1.000000,0.025584
1779541138.544281,0,1,-5.814910,-0.151608,0.016030,1.000000,0.025584
1779541138.554684,0,1,-5.804913,-0.151379,0.016415,1.000000,0.023591
1779541138.564945,0,1,-5.794916,-0.151131,0.016991,1.000000,0.023591
1779541138.574713,0,1,-5.784919,-0.150892,0.017376,1.000000,0.024325
1779541138.585851,0,1,-5.774922,-0.150635,0.017952,1.000000,0.024325
1779541138.594741,0,1,-5.764925,-0.150386,0.018337,1.000000,0.024325
1779541138.604619,0,1,-5.754929,-0.150120,0.018913,1.000000,0.024026
1779541138.614347,0,1,-5.744932,-0.149862,0.019298,1.000000,0.024026
1779541138.624652,0,1,-5.734936,-0.149585,0.019874,1.000000,0.024026
1779541138.634558,0,1,-5.724939,-0.149317,0.020259,1.000000,0.023803
1779541138.644371,0,1,-5.714943,-0.149031,0.020835,1.000000,0.023803
1779541138.654713,0,1,-5.704947,-0.148754,0.021220,1.000000,0.023405
1779541138.664283,0,1,-5.694952,-0.148459,0.021796,1.000000,0.023405
1779541138.674819,0,1,-5.684956,-0.148172,0.022181,1.000000,0.023405
1779541138.684351,0,1,-5.674960,-0.147866,0.022757,1.000000,0.023151
1779541138.694701,0,1,-5.664965,-0.147570,0.023142,1.000000,0.023151
1779541138.704760,0,1,-5.654970,-0.147255,0.023718,1.000000,0.022965
1779541138.714619,0,1,-5.644974,-0.146949,0.024103,1.000000,0.022965
1779541138.724316,0,1,-5.634980,-0.146625,0.024679,1.000000,0.022732
1779541138.734642,0,1,-5.624985,-0.146309,0.025064,1.000000,0.022732
1779541138.744926,0,1,-5.614990,-0.145975,0.025640,1.000000,0.022489
1779541138.754544,0,1,-5.604996,-0.145649,0.026025,1.000000,0.022347
1779541138.764896,0,1,-5.595002,-0.145306,0.026601,1.000000,0.022347
1779541138.774621,0,1,-5.585007,-0.144971,0.026986,1.000000,0.022034
1779541138.784925,0,1,-5.575013,-0.144618,0.027562,1.000000,0.022034
1779541138.794550,0,1,-5.565019,-0.144273,0.027947,1.000000,0.021818
1779541138.804663,0,1,-5.555026,-0.143910,0.028523,1.000000,0.021818
1779541138.814943,0,1,-5.545032,-0.143556,0.028908,1.000000,0.021517
1779541138.824690,0,1,-5.535039,-0.143184,0.029484,1.000000,0.021483
1779541138.835216,0,1,-5.525046,-0.142820,0.029869,1.000000,0.021483
1779541138.844341,0,1,-5.515053,-0.142438,0.030445,1.000000,0.021164
1779541138.854438,0,1,-5.505060,-0.142064,0.030830,1.000000,0.021164
1779541138.864868,0,1,-5.495068,-0.141673,0.031406,1.000000,0.020921
1779541138.875084,0,1,-5.485075,-0.141290,0.031791,1.000000,0.020921
1779541138.884459,0,1,-5.475083,-0.140889,0.032367,1.000000,0.020618
1779541138.894642,0,1,-5.465091,-0.140496,0.032752,1.000000,0.020618
1779541138.904634,0,1,-5.455099,-0.140085,0.033328,1.000000,0.020286
1779541138.914707,0,1,-5.445107,-0.139683,0.033713,1.000000,0.020286
1779541138.924368,0,1,-5.435116,-0.139263,0.034289,1.000000,0.020018
1779541138.934759,0,1,-5.425125,-0.138851,0.034674,1.000000,0.020018
1779541138.944358,0,1,-5.415134,-0.138421,0.035250,1.000000,0.020018
1779541138.954516,0,1,-5.405143,-0.137999,0.035635,1.000000,0.020018
1779541138.964502,0,1,-5.395153,-0.137560,0.036211,1.000000,0.020018
1779541138.974987,0,1,-5.385162,-0.137129,0.036596,1.000000,0.020018
1779541138.984943,0,1,-5.375172,-0.136679,0.037172,1.000000,0.020018
1779541138.994746,0,1,-5.365182,-0.136239,0.037557,1.000000,0.020018
1779541139.004814,0,1,-5.355192,-0.135780,0.038133,1.000000,0.020018
1779541139.014494,0,1,-5.345202,-0.135330,0.038518,1.000000,0.020018
1779541139.024326,0,1,-5.335213,-0.134861,0.039094,1.000000,0.020018
1779541139.034377,0,1,-5.325224,-0.134402,0.039479,1.000000,0.020018
1779541139.044857,0,1,-5.315235,-0.133924,0.040055,1.000000,0.020018
1779541139.054650,0,1,-5.305246,-0.133454,0.040440,1.000000,0.016881
1779541139.064780,0,1,-5.295258,-0.132966,0.041016,1.000000,0.016881
1779541139.074402,0,1,-5.285270,-0.132488,0.041401,1.000000,0.017504
1779541139.084725,0,1,-5.275282,-0.131990,0.041977,1.000000,0.017504
1779541139.094475,0,1,-5.265294,-0.131502,0.042362,1.000000,0.017106
1779541139.104226,0,1,-5.255307,-0.130995,0.042938,1.000000,0.017106
1779541139.115044,0,1,-5.245319,-0.130497,0.043323,1.000000,0.016745
1779541139.124444,0,1,-5.235333,-0.129980,0.043899,1.000000,0.016745
1779541139.134587,0,1,-5.225346,-0.129472,0.044284,1.000000,0.016376
1779541139.144488,0,1,-5.215359,-0.128946,0.044860,1.000000,0.016376
1779541139.154722,0,1,-5.205373,-0.128429,0.045245,1.000000,0.016376
1779541139.164363,0,1,-5.195387,-0.127893,0.045821,1.000000,0.015787
1779541139.174622,0,1,-5.185401,-0.127366,0.046206,1.000000,0.015787
1779541139.184353,0,1,-5.175416,-0.126821,0.046782,1.000000,0.015787
1779541139.194714,0,1,-5.165430,-0.126285,0.047167,1.000000,0.015423
1779541139.204868,0,1,-5.155446,-0.125730,0.047743,1.000000,0.015083
1779541139.214799,0,1,-5.145461,-0.125184,0.048128,1.000000,0.015083
1779541139.224962,0,1,-5.135477,-0.124619,0.048704,1.000000,0.014680
1779541139.234875,0,1,-5.125492,-0.124063,0.049089,1.000000,0.014680
1779541139.244842,0,1,-5.115509,-0.123489,0.049665,1.000000,0.014264
1779541139.254699,0,1,-5.105525,-0.122924,0.050050,1.000000,0.014264
1779541139.264765,0,1,-5.095542,-0.122340,0.050626,1.000000,0.013847
1779541139.274421,0,1,-5.085558,-0.121766,0.051011,1.000000,0.013847
1779541139.284435,0,1,-5.075576,-0.121172,0.051587,1.000000,0.013452
1779541139.294391,0,1,-5.065593,-0.120588,0.051972,1.000000,0.013452
1779541139.305048,0,1,-5.055611,-0.119985,0.052548,1.000000,0.012991
1779541139.314731,0,1,-5.045629,-0.119391,0.052933,1.000000,0.012991
1779541139.324275,0,1,-5.035648,-0.118778,0.053509,1.000000,0.012570
1779541139.334305,0,1,-5.025666,-0.118175,0.053894,1.000000,0.012570
1779541139.344325,0,1,-5.015685,-0.117553,0.054470,1.000000,0.012097
1779541139.354528,0,1,-5.005704,-0.116939,0.054855,1.000000,0.011843
1779541139.364282,0,1,-4.995724,-0.116308,0.055431,1.000000,0.011843
1779541139.375167,0,1,-4.985743,-0.115685,0.055816,1.000000,0.011351
1779541139.384622,0,1,-4.975764,-0.115044,0.056392,1.000000,0.011351
1779541139.394809,0,1,-4.965784,-0.114411,0.056777,1.000000,0.010883
1779541139.404599,0,1,-4.955805,-0.113761,0.057353,1.000000,0.010883
1779541139.414746,0,1,-4.945826,-0.113118,0.057738,1.000000,0.010404
1779541139.424263,0,1,-4.935848,-0.112458,0.058314,1.000000,0.010404
1779541139.434808,0,1,-4.925869,-0.111806,0.058699,1.000000,0.009948
1779541139.444792,0,1,-4.915891,-0.111136,0.059275,1.000000,0.009948
1779541139.454729,0,1,-4.905913,-0.110475,0.059660,1.000000,0.009948
1779541139.464764,0,1,-4.895937,-0.109796,0.060236,1.000000,0.009948
1779541139.474785,0,1,-4.885959,-0.109125,0.060621,1.000000,0.009948
1779541139.484706,0,1,-4.875983,-0.108436,0.061197,1.000000,0.009948
1779541139.494670,0,1,-4.866006,-0.107755,0.061582,1.000000,0.009948
1779541139.504234,0,1,-4.856030,-0.107057,0.062158,1.000000,0.009948
1779541139.514542,0,1,-4.846054,-0.106367,0.062543,1.000000,0.009948
1779541139.524445,0,1,-4.836079,-0.105658,0.063119,1.000000,0.009948
1779541139.534985,0,1,-4.826104,-0.104959,0.063504,1.000000,0.009948
1779541139.544230,0,1,-4.816130,-0.104241,0.064080,1.000000,0.009948
1779541139.554391,0,1,-4.806155,-0.103532,0.064465,1.000000,0.009948
1779541139.564373,0,1,-4.796181,-0.102804,0.065041,1.000000,0.009948
1779541139.574546,0,1,-4.786207,-0.102085,0.065426,1.000000,0.009948
1779541139.585164,0,1,-4.776234,-0.101348,0.066002,1.000000,0.009948
1779541139.594554,0,1,-4.766261,-0.100620,0.066387,1.000000,0.009948
1779541139.604834,0,1,-4.756289,-0.099873,0.066963,1.000000,0.004897
1779541139.614622,0,1,-4.746316,-0.099135,0.067348,1.000000,0.004897
1779541139.624950,0,1,-4.736345,-0.098379,0.067924,1.000000,0.005003
1779541139.634945,0,1,-4.726373,-0.097632,0.068309,1.000000,0.005003
1779541139.644553,0,1,-4.716402,-0.096866,0.068885,1.000000,0.004433
1779541139.654960,0,1,-4.706431,-0.096109,0.069270,1.000000,0.004433
1779541139.664512,0,1,-4.696461,-0.095333,0.069846,1.000000,0.003853
1779541139.674644,0,1,-4.686490,-0.094567,0.070231,1.000000,0.003853
1779541139.684721,0,1,-4.676521,-0.093782,0.070807,1.000000,0.003853
1779541139.694850,0,1,-4.666552,-0.093005,0.071192,1.000000,0.003271
1779541139.704397,0,1,-4.656583,-0.092211,0.071768,1.000000,0.003271
1779541139.714374,0,1,-4.646614,-0.091425,0.072153,1.000000,0.002301
1779541139.724877,0,1,-4.636646,-0.090621,0.072729,1.000000,0.002301
1779541139.734401,0,1,-4.626678,-0.089825,0.073114,1.000000,0.002301
1779541139.744589,0,1,-4.616711,-0.089012,0.073690,1.000000,0.001431
1779541139.754743,0,1,-4.606744,-0.088207,0.074075,1.000000,0.001431
1779541139.764467,0,1,-4.596778,-0.087383,0.074651,1.000000,0.001431
1779541139.774358,0,1,-4.586811,-0.086569,0.075036,1.000000,0.000826
1779541139.784676,0,1,-4.576846,-0.085736,0.075612,1.000000,0.000826
1779541139.794900,0,1,-4.566880,-0.084912,0.075997,1.000000,-0.000184
1779541139.804841,0,1,-4.556915,-0.084069,0.076573,1.000000,-0.000184
1779541139.814717,0,1,-4.546948,-0.083259,0.076712,1.000000,-0.000184
1779541139.824703,0,1,-4.536976,-0.082510,0.076335,1.000000,-0.001080
1779541139.834698,0,1,-4.527003,-0.081778,0.076030,1.000000,-0.001448
1779541139.845104,0,1,-4.517028,-0.081079,0.075489,1.000000,-0.001448
1779541139.854342,0,1,-4.507052,-0.080380,0.075120,1.000000,-0.002116
1779541139.864718,0,1,-4.497075,-0.079705,0.074553,1.000000,-0.002116
1779541139.874773,0,1,-4.487098,-0.079024,0.074172,1.000000,-0.001950
1779541139.884718,0,1,-4.477120,-0.078364,0.073599,1.000000,-0.001950
1779541139.894699,0,1,-4.467142,-0.077696,0.073215,1.000000,-0.001324
1779541139.904846,0,1,-4.457163,-0.077047,0.072640,1.000000,-0.001324
1779541139.914739,0,1,-4.447185,-0.076389,0.072255,1.000000,-0.001324
1779541139.924721,0,1,-4.437205,-0.075750,0.071680,1.000000,-0.000308
1779541139.934705,0,1,-4.427226,-0.075103,0.071294,1.000000,-0.000308
1779541139.944677,0,1,-4.417246,-0.074473,0.070719,1.000000,-0.000308
1779541139.954730,0,1,-4.407267,-0.073836,0.070333,1.000000,-0.000308
1779541139.964640,0,1,-4.397286,-0.073216,0.069758,1.000000,-0.000308
1779541139.974623,0,1,-4.387306,-0.072588,0.069372,1.000000,-0.000308
1779541139.984853,0,1,-4.377324,-0.071978,0.068797,1.000000,-0.000308
1779541139.994598,0,1,-4.367343,-0.071359,0.068412,1.000000,-0.000308
1779541140.004745,0,1,-4.357361,-0.070759,0.067836,1.000000,-0.000308
1779541140.014699,0,1,-4.347380,-0.070150,0.067451,1.000000,-0.000308
1779541140.024692,0,1,-4.337397,-0.069559,0.066875,1.000000,-0.000308
1779541140.034711,0,1,-4.327415,-0.068960,0.066490,1.000000,-0.000308
1779541140.044796,0,1,-4.317432,-0.068379,0.065914,1.000000,-0.000308
1779541140.054878,0,1,-4.307450,-0.067789,0.065529,1.000000,0.004320
1779541140.064534,0,1,-4.297466,-0.067218,0.064953,1.000000,0.005324
1779541140.075038,0,1,-4.287484,-0.066613,0.064814,1.000000,0.005324
1779541140.084323,0,1,-4.277507,-0.065948,0.065190,1.000000,0.006187
1779541140.095765,0,1,-4.267530,-0.065267,0.065496,1.000000,0.006187
1779541140.104279,0,1,-4.257555,-0.064552,0.066037,1.000000,0.007051
1779541140.114321,0,1,-4.247581,-0.063836,0.066406,1.000000,0.007051
1779541140.124327,0,1,-4.237608,-0.063097,0.066973,1.000000,0.007754
1779541140.134846,0,1,-4.227635,-0.062364,0.067354,1.000000,0.007754
1779541140.144582,0,1,-4.217664,-0.061610,0.067927,1.000000,0.007476
1779541140.154692,0,1,-4.207692,-0.060865,0.068311,1.000000,0.007476
1779541140.164589,0,1,-4.197721,-0.060100,0.068886,1.000000,0.007014
1779541140.174638,0,1,-4.187750,-0.059343,0.069271,1.000000,0.006702
1779541140.184935,0,1,-4.177780,-0.058568,0.069846,1.000000,0.006702
1779541140.194820,0,1,-4.167809,-0.057802,0.070231,1.000000,0.006169
1779541140.204584,0,1,-4.157840,-0.057017,0.070807,1.000000,0.006169
1779541140.215003,0,1,-4.147870,-0.056241,0.071192,1.000000,0.005626
1779541140.224800,0,1,-4.137902,-0.055446,0.071768,1.000000,0.005626
1779541140.234438,0,1,-4.127933,-0.054660,0.072153,1.000000,0.005078
1779541140.244324,0,1,-4.117965,-0.053856,0.072729,1.000000,0.005078
1779541140.254997,0,1,-4.107997,-0.053061,0.073114,1.000000,0.004508
1779541140.264197,0,1,-4.098030,-0.052247,0.073690,1.000000,0.004508
1779541140.274604,0,1,-4.088062,-0.051442,0.074075,1.000000,0.003934
1779541140.284615,0,1,-4.078096,-0.050619,0.074651,1.000000,0.003934
1779541140.294867,0,1,-4.068130,-0.049804,0.075036,1.000000,0.003712
1779541140.304296,0,1,-4.058164,-0.048971,0.075612,1.000000,0.003712
1779541140.314571,0,1,-4.048198,-0.048147,0.075997,1.000000,0.002747
1779541140.324742,0,1,-4.038234,-0.047305,0.076573,1.000000,0.002747
1779541140.334657,0,1,-4.028269,-0.046471,0.076958,1.000000,0.002521
1779541140.344626,0,1,-4.018305,-0.045619,0.077534,1.000000,0.001906
1779541140.355109,0,1,-4.008341,-0.044776,0.077919,1.000000,0.001906
1779541140.364562,0,1,-3.998378,-0.043914,0.078495,1.000000,0.001287
1779541140.375278,0,1,-3.988414,-0.043061,0.078880,1.000000,0.001287
1779541140.385530,0,1,-3.978452,-0.042190,0.079456,1.000000,0.000654
1779541140.394684,0,1,-3.968490,-0.041327,0.079841,1.000000,0.000654
1779541140.404891,0,1,-3.958529,-0.040447,0.080417,1.000000,0.000010
1779541140.414456,0,1,-3.948567,-0.039575,0.080802,1.000000,-0.000642
1779541140.424600,0,1,-3.938606,-0.038684,0.081378,1.000000,-0.000642
1779541140.435834,0,1,-3.928643,-0.037827,0.081517,1.000000,-0.000642
1779541140.445071,0,1,-3.918675,-0.037030,0.081140,1.000000,-0.001305
1779541140.454448,0,1,-3.908706,-0.036249,0.080835,1.000000,-0.001305
1779541140.464589,0,1,-3.898733,-0.035502,0.080294,1.000000,-0.001305
1779541140.474611,0,1,-3.888761,-0.034756,0.079925,1.000000,-0.001305
1779541140.484826,0,1,-3.878788,-0.034033,0.079358,1.000000,-0.001305
1779541140.494907,0,1,-3.868814,-0.033304,0.078977,1.000000,-0.001305
1779541140.504804,0,1,-3.858839,-0.032596,0.078404,1.000000,-0.001305
1779541140.514749,0,1,-3.848865,-0.031880,0.078020,1.000000,-0.001305
1779541140.524361,0,1,-3.838889,-0.031182,0.077445,1.000000,-0.001305
1779541140.534408,0,1,-3.828914,-0.030477,0.077060,1.000000,-0.001305
1779541140.544294,0,1,-3.818938,-0.029790,0.076485,1.000000,-0.001305
1779541140.554277,0,1,-3.808962,-0.029095,0.076099,1.000000,-0.001305
1779541140.564479,0,1,-3.798985,-0.028417,0.075524,1.000000,0.000132
1779541140.574584,0,1,-3.789009,-0.027732,0.075138,1.000000,0.000132
1779541140.584561,0,1,-3.779031,-0.027064,0.074563,1.000000,0.000835
1779541140.595012,0,1,-3.769055,-0.026364,0.074424,1.000000,0.000835
1779541140.604782,0,1,-3.759084,-0.025603,0.074800,1.000000,0.000835
1779541140.614337,0,1,-3.749115,-0.024826,0.075106,1.000000,0.001594
1779541140.625186,0,1,-3.739148,-0.024015,0.075647,1.000000,0.001594
1779541140.634431,0,1,-3.729181,-0.023204,0.076016,1.000000,0.001594
1779541140.644722,0,1,-3.719216,-0.022369,0.076583,1.000000,0.002977
1779541140.654736,0,1,-3.709250,-0.021540,0.076964,1.000000,0.002977
1779541140.664305,0,1,-3.699286,-0.020690,0.077537,1.000000,0.002977
1779541140.674798,0,1,-3.689322,-0.019849,0.077921,1.000000,0.002267
1779541140.684250,0,1,-3.679359,-0.018988,0.078496,1.000000,0.002267
1779541140.694500,0,1,-3.669395,-0.018136,0.078881,1.000000,0.002267
1779541140.704717,0,1,-3.659433,-0.017265,0.079456,1.000000,0.001424
1779541140.714623,0,1,-3.649470,-0.016403,0.079841,1.000000,0.001424
1779541140.724737,0,1,-3.639509,-0.015522,0.080417,1.000000,0.001424
1779541140.734742,0,1,-3.629547,-0.014650,0.080802,1.000000,0.000787
1779541140.744697,0,1,-3.619587,-0.013760,0.081378,1.000000,0.000787
1779541140.754752,0,1,-3.609626,-0.012878,0.081763,1.000000,0.000787
1779541140.764826,0,1,-3.599667,-0.011978,0.082339,1.000000,-0.000523
1779541140.774730,0,1,-3.589706,-0.011087,0.082724,1.000000,-0.000523
1779541140.784597,0,1,-3.579748,-0.010178,0.083300,1.000000,-0.001202
1779541140.794962,0,1,-3.569786,-0.009301,0.083439,1.000000,-0.001202
1779541140.804652,0,1,-3.559820,-0.008485,0.083062,1.000000,-0.001202
1779541140.814428,0,1,-3.549852,-0.007685,0.082757,1.000000,-0.002301
1779541140.824383,0,1,-3.539881,-0.006919,0.082216,1.000000,-0.002301
1779541140.834685,0,1,-3.529910,-0.006153,0.081847,1.000000,-0.002301
1779541140.844981,0,1,-3.519938,-0.005411,0.081280,1.000000,-0.003128
1779541140.854764,0,1,-3.509966,-0.004663,0.080899,1.000000,-0.003128
1779541140.864651,0,1,-3.499993,-0.003936,0.080326,1.000000,-0.003128
1779541140.874692,0,1,-3.490020,-0.003200,0.079942,1.000000,-0.002312
1779541140.884660,0,1,-3.480045,-0.002484,0.079367,1.000000,-0.002312
1779541140.894593,0,1,-3.470072,-0.001759,0.078982,1.000000,-0.002312
1779541140.904684,0,1,-3.460097,-0.001053,0.078407,1.000000,-0.001367
1779541140.914837,0,1,-3.450122,-0.000339,0.078021,1.000000,-0.001367
1779541140.924434,0,1,-3.440146,0.000358,0.077446,1.000000,-0.001367
1779541140.935462,0,1,-3.430171,0.001063,0.077060,1.000000,-0.000244
1779541140.944704,0,1,-3.420195,0.001749,0.076485,1.000000,-0.000244
1779541140.955094,0,1,-3.410219,0.002445,0.076099,1.000000,-0.000244
1779541140.964364,0,1,-3.400242,0.003122,0.075524,1.000000,-0.000244
1779541140.975026,0,1,-3.390266,0.003807,0.075139,1.000000,-0.000244
1779541140.984655,0,1,-3.380288,0.004475,0.074563,1.000000,-0.000244
1779541140.994526,0,1,-3.370311,0.005151,0.074178,1.000000,-0.000244
1779541141.004316,0,1,-3.360333,0.005809,0.073602,1.000000,-0.000244
1779541141.014422,0,1,-3.350355,0.006475,0.073217,1.000000,-0.000244
1779541141.024454,0,1,-3.340376,0.007123,0.072641,1.000000,-0.000244
1779541141.034667,0,1,-3.330397,0.007780,0.072256,1.000000,-0.000244
1779541141.044256,0,1,-3.320418,0.008419,0.071680,1.000000,-0.000244
1779541141.054599,0,1,-3.310439,0.009066,0.071295,1.000000,-0.000244
1779541141.064410,0,1,-3.300459,0.009696,0.070719,1.000000,-0.000244
1779541141.074299,0,1,-3.290479,0.010333,0.070334,1.000000,-0.000244
1779541141.084944,0,1,-3.280498,0.010953,0.069758,1.000000,-0.000244
1779541141.094660,0,1,-3.270518,0.011581,0.069373,1.000000,-0.000244
1779541141.104707,0,1,-3.260537,0.012191,0.068797,1.000000,-0.000244
1779541141.114857,0,1,-3.250556,0.012809,0.068412,1.000000,-0.000244
1779541141.124689,0,1,-3.240574,0.013410,0.067836,1.000000,0.006852
1779541141.134570,0,1,-3.230592,0.014019,0.067451,1.000000,0.006852
1779541141.144664,0,1,-3.220610,0.014609,0.066875,1.000000,0.006852
1779541141.154443,0,1,-3.210629,0.015233,0.066736,1.000000,0.007741
1779541141.164547,0,1,-3.200653,0.015917,0.067112,1.000000,0.007741
1779541141.174996,0,1,-3.190677,0.016618,0.067418,1.000000,0.008563
1779541141.184573,0,1,-3.180704,0.017352,0.067959,1.000000,0.008563
1779541141.194800,0,1,-3.170731,0.018086,0.068328,1.000000,0.009396
1779541141.204935,0,1,-3.160760,0.018845,0.068895,1.000000,0.010069
1779541141.214716,0,1,-3.150788,0.019597,0.069276,1.000000,0.010069
1779541141.224379,0,1,-3.140818,0.020370,0.069849,1.000000,0.010069
1779541141.234656,0,1,-3.130848,0.021135,0.070233,1.000000,0.009435
1779541141.244894,0,1,-3.120878,0.021919,0.070808,1.000000,0.009435
1779541141.254711,0,1,-3.110909,0.022695,0.071193,1.000000,0.009244
1779541141.265049,0,1,-3.100940,0.023489,0.071768,1.000000,0.009244
1779541141.274712,0,1,-3.090971,0.024274,0.072153,1.000000,0.008679
1779541141.284607,0,1,-3.081004,0.025079,0.072729,1.000000,0.008679
1779541141.294783,0,1,-3.071035,0.025874,0.073114,1.000000,0.008096
1779541141.304882,0,1,-3.061068,0.026688,0.073690,1.000000,0.007492
1779541141.314950,0,1,-3.051101,0.027493,0.074075,1.000000,0.007492
1779541141.324753,0,1,-3.041135,0.028316,0.074651,1.000000,0.006877
1779541141.334739,0,1,-3.031168,0.029130,0.075036,1.000000,0.006877
1779541141.344620,0,1,-3.021203,0.029963,0.075612,1.000000,0.006249
1779541141.354673,0,1,-3.011237,0.030787,0.075997,1.000000,0.006249
1779541141.364363,0,1,-3.001272,0.031630,0.076573,1.000000,0.005610
1779541141.374719,0,1,-2.991307,0.032464,0.076958,1.000000,0.005610
1779541141.384741,0,1,-2.981344,0.033316,0.077534,1.000000,0.004951
1779541141.394899,0,1,-2.971379,0.034159,0.077919,1.000000,0.004951
1779541141.404604,0,1,-2.961416,0.035020,0.078495,1.000000,0.004281
1779541141.414925,0,1,-2.951453,0.035873,0.078880,1.000000,0.004281
1779541141.424746,0,1,-2.941491,0.036745,0.079456,1.000000,0.004281
1779541141.434831,0,1,-2.931528,0.037607,0.079841,1.000000,0.003600
1779541141.444793,0,1,-2.921567,0.038488,0.080417,1.000000,0.003600
1779541141.454680,0,1,-2.911605,0.039360,0.080802,1.000000,0.003600
1779541141.465049,0,1,-2.901645,0.040250,0.081378,1.000000,0.003600
1779541141.474556,0,1,-2.891684,0.041132,0.081763,1.000000,0.003600
1779541141.484634,0,1,-2.881724,0.042032,0.082339,1.000000,0.003600
1779541141.494918,0,1,-2.871764,0.042923,0.082724,1.000000,0.003600
1779541141.504682,0,1,-2.861806,0.043832,0.083300,1.000000,0.003600
1779541141.514363,0,1,-2.851846,0.044733,0.083685,1.000000,0.003600
1779541141.524920,0,1,-2.841889,0.045652,0.084261,1.000000,0.003600
1779541141.534705,0,1,-2.831930,0.046562,0.084646,1.000000,0.003600
1779541141.544547,0,1,-2.821973,0.047491,0.085222,1.000000,0.003600
1779541141.555017,0,1,-2.812016,0.048411,0.085607,1.000000,0.003600
1779541141.564547,0,1,-2.802060,0.049349,0.086183,1.000000,0.003600
1779541141.574946,0,1,-2.792103,0.050278,0.086568,1.000000,-0.002020
1779541141.584829,0,1,-2.782148,0.051226,0.087144,1.000000,-0.002020
1779541141.594591,0,1,-2.772190,0.052141,0.087283,1.000000,-0.002813
1779541141.604881,0,1,-2.762227,0.052996,0.086906,1.000000,-0.002813
1779541141.614761,0,1,-2.752262,0.053834,0.086601,1.000000,-0.003627
1779541141.624252,0,1,-2.742294,0.054638,0.086060,1.000000,-0.003627
1779541141.634855,0,1,-2.732327,0.055442,0.085691,1.000000,-0.004456
1779541141.644435,0,1,-2.722357,0.056223,0.085124,1.000000,-0.004456
1779541141.654404,0,1,-2.712388,0.057009,0.084743,1.000000,-0.004461
1779541141.664762,0,1,-2.702417,0.057775,0.084170,1.000000,-0.004461
1779541141.674718,0,1,-2.692447,0.058548,0.083786,1.000000,-0.004013
1779541141.684556,0,1,-2.682476,0.059303,0.083211,1.000000,-0.004013
1779541141.694714,0,1,-2.672505,0.060066,0.082826,1.000000,-0.003474
1779541141.704535,0,1,-2.662533,0.060810,0.082251,1.000000,-0.003474
1779541141.714853,0,1,-2.652561,0.061563,0.081865,1.000000,-0.003262
1779541141.724286,0,1,-2.642588,0.062298,0.081290,1.000000,-0.003262
1779541141.734509,0,1,-2.632616,0.063041,0.080904,1.000000,-0.002692
1779541141.744591,0,1,-2.622642,0.063766,0.080329,1.000000,-0.002109
1779541141.754487,0,1,-2.612669,0.064500,0.079943,1.000000,-0.002109
1779541141.764634,0,1,-2.602695,0.065215,0.079368,1.000000,-0.001514
1779541141.774750,0,1,-2.592721,0.065939,0.078983,1.000000,-0.001514
1779541141.784717,0,1,-2.582746,0.066645,0.078407,1.000000,-0.000920
1779541141.794696,0,1,-2.572772,0.067360,0.078022,1.000000,-0.000920
1779541141.804711,0,1,-2.562796,0.068056,0.077446,1.000000,-0.000316
1779541141.814843,0,1,-2.552821,0.068761,0.077061,1.000000,-0.000316
1779541141.824859,0,1,-2.542844,0.069447,0.076485,1.000000,0.000298
1779541141.834890,0,1,-2.532869,0.070143,0.076100,1.000000,0.000675
1779541141.844331,0,1,-2.522892,0.070820,0.075524,1.000000,0.000675
1779541141.854638,0,1,-2.512917,0.071529,0.075385,1.000000,0.001299
1779541141.864592,0,1,-2.502946,0.072300,0.075761,1.000000,0.001299
1779541141.874572,0,1,-2.492978,0.073087,0.076067,1.000000,0.001926
1779541141.884467,0,1,-2.483011,0.073907,0.076608,1.000000,0.001926
1779541141.894499,0,1,-2.473045,0.074728,0.076977,1.000000,0.002564
1779541141.904517,0,1,-2.463081,0.075572,0.077544,1.000000,0.002564
1779541141.914798,0,1,-2.453116,0.076411,0.077925,1.000000,0.002379
1779541141.924878,0,1,-2.443153,0.077270,0.078498,1.000000,0.002379
1779541141.934798,0,1,-2.433189,0.078121,0.078882,1.000000,0.001729
1779541141.944578,0,1,-2.423227,0.078991,0.079457,1.000000,0.001729
1779541141.954636,0,1,-2.413264,0.079853,0.079842,1.000000,0.001729
1779541141.965102,0,1,-2.403303,0.080734,0.080417,1.000000,0.001729
1779541141.975042,0,1,-2.393341,0.081606,0.080802,1.000000,0.001729
1779541141.984629,0,1,-2.383381,0.082496,0.081378,1.000000,0.001729
1779541141.994814,0,1,-2.373420,0.083377,0.081763,1.000000,0.001729
1779541142.004564,0,1,-2.363461,0.084277,0.082339,1.000000,0.001729
1779541142.014817,0,1,-2.353500,0.085168,0.082724,1.000000,0.001729
1779541142.024599,0,1,-2.343542,0.086078,0.083300,1.000000,0.001729
1779541142.034481,0,1,-2.333582,0.086979,0.083685,1.000000,0.001729
1779541142.044466,0,1,-2.323625,0.087898,0.084261,1.000000,0.001729
1779541142.055156,0,1,-2.313666,0.088808,0.084646,1.000000,-0.003103
1779541142.064211,0,1,-2.303709,0.089736,0.085222,1.000000,-0.003103
1779541142.074807,0,1,-2.293750,0.090633,0.085361,1.000000,-0.003103
1779541142.084952,0,1,-2.283785,0.091468,0.084984,1.000000,-0.004338
1779541142.094665,0,1,-2.273818,0.092286,0.084679,1.000000,-0.004338
1779541142.104237,0,1,-2.263849,0.093072,0.084138,1.000000,-0.005230
1779541142.114628,0,1,-2.253880,0.093857,0.083769,1.000000,-0.005230
1779541142.124594,0,1,-2.243909,0.094618,0.083202,1.000000,-0.005968
1779541142.134733,0,1,-2.233938,0.095385,0.082821,1.000000,-0.005968
1779541142.144516,0,1,-2.223966,0.096132,0.082248,1.000000,-0.005829
1779541142.154677,0,1,-2.213995,0.096886,0.081864,1.000000,-0.005829
1779541142.164295,0,1,-2.204022,0.097622,0.081289,1.000000,-0.005276
1779541142.174700,0,1,-2.194050,0.098365,0.080904,1.000000,-0.004980
1779541142.184630,0,1,-2.184076,0.099091,0.080329,1.000000,-0.004980
1779541142.194286,0,1,-2.174103,0.099825,0.079943,1.000000,-0.004495
1779541142.204966,0,1,-2.164129,0.100540,0.079368,1.000000,-0.004495
1779541142.214506,0,1,-2.154155,0.101264,0.078982,1.000000,-0.003996
1779541142.224457,0,1,-2.144180,0.101970,0.078407,1.000000,-0.003996
1779541142.234762,0,1,-2.134205,0.102684,0.078021,1.000000,-0.003485
1779541142.245040,0,1,-2.124230,0.103381,0.077446,1.000000,-0.003289
1779541142.254599,0,1,-2.114255,0.104086,0.077061,1.000000,-0.003289
1779541142.264269,0,1,-2.104278,0.104772,0.076485,1.000000,-0.002771
1779541142.274390,0,1,-2.094302,0.105467,0.076100,1.000000,-0.002771
1779541142.284275,0,1,-2.084325,0.106144,0.075524,1.000000,-0.002251
1779541142.294828,0,1,-2.074349,0.106830,0.075139,1.000000,-0.002251
1779541142.304625,0,1,-2.064371,0.107498,0.074563,1.000000,-0.001720
1779541142.314826,0,1,-2.054394,0.108174,0.074178,1.000000,-0.001720
1779541142.324687,0,1,-2.044416,0.108832,0.073602,1.000000,-0.001177
1779541142.334967,0,1,-2.034438,0.109498,0.073217,1.000000,-0.001177
1779541142.344999,0,1,-2.024459,0.110146,0.072641,1.000000,-0.000636
1779541142.354419,0,1,-2.014481,0.110803,0.072256,1.000000,-0.000636
1779541142.364322,0,1,-2.004501,0.111442,0.071680,1.000000,-0.000093
1779541142.374518,0,1,-1.994522,0.112089,0.071295,1.000000,0.000250
1779541142.384613,0,1,-1.984542,0.112718,0.070719,1.000000,0.000250
1779541142.394614,0,1,-1.974564,0.113380,0.070580,1.000000,0.000808
1779541142.404482,0,1,-1.964590,0.114103,0.070956,1.000000,0.000808
1779541142.414601,0,1,-1.954617,0.114842,0.071262,1.000000,0.000808
1779541142.424880,0,1,-1.944647,0.115614,0.071803,1.000000,0.001581
1779541142.434567,0,1,-1.934677,0.116387,0.072172,1.000000,0.001581
1779541142.444856,0,1,-1.924709,0.117184,0.072739,1.000000,0.001581
1779541142.454608,0,1,-1.914740,0.117974,0.073120,1.000000,0.001581
1779541142.464312,0,1,-1.904773,0.118786,0.073693,1.000000,0.001581
1779541142.474702,0,1,-1.894805,0.119589,0.074077,1.000000,0.001581
1779541142.484590,0,1,-1.884839,0.120411,0.074652,1.000000,0.001581
1779541142.494731,0,1,-1.874873,0.121225,0.075037,1.000000,0.001581
1779541142.504230,0,1,-1.864907,0.122058,0.075612,1.000000,0.001581
1779541142.514725,0,1,-1.854941,0.122882,0.075997,1.000000,0.001581
1779541142.524636,0,1,-1.844977,0.123724,0.076573,1.000000,0.001581
1779541142.534614,0,1,-1.835012,0.124558,0.076958,1.000000,0.001581
1779541142.544207,0,1,-1.825048,0.125410,0.077534,1.000000,0.001581
1779541142.554771,0,1,-1.815084,0.126253,0.077919,1.000000,0.001581
1779541142.564682,0,1,-1.805121,0.127115,0.078495,1.000000,0.001581
1779541142.574851,0,1,-1.795157,0.127967,0.078880,1.000000,0.001581
1779541142.584410,0,1,-1.785195,0.128839,0.079456,1.000000,0.001581
1779541142.594977,0,1,-1.775233,0.129701,0.079841,1.000000,0.001581
1779541142.604662,0,1,-1.765271,0.130582,0.080417,1.000000,-0.004793
1779541142.614247,0,1,-1.755310,0.131454,0.080802,1.000000,-0.004793
1779541142.624558,0,1,-1.745349,0.132344,0.081378,1.000000,-0.005720
1779541142.634633,0,1,-1.735386,0.133202,0.081517,1.000000,-0.005720
1779541142.644322,0,1,-1.725418,0.133999,0.081140,1.000000,-0.006690
1779541142.654472,0,1,-1.715448,0.134779,0.080835,1.000000,-0.006690
1779541142.664562,0,1,-1.705476,0.135526,0.080294,1.000000,-0.007682
1779541142.674810,0,1,-1.695504,0.136273,0.079925,1.000000,-0.007682
1779541142.684258,0,1,-1.685530,0.136996,0.079358,1.000000,-0.008527
1779541142.694646,0,1,-1.675557,0.137724,0.078977,1.000000,-0.008527
1779541142.704311,0,1,-1.665582,0.138433,0.078404,1.000000,-0.008387
1779541142.714817,0,1,-1.655608,0.139149,0.078020,1.000000,-0.008387
1779541142.724497,0,1,-1.645632,0.139846,0.077445,1.000000,-0.008053
1779541142.734351,0,1,-1.635657,0.140552,0.077060,1.000000,-0.008053
1779541142.744852,0,1,-1.625681,0.141239,0.076485,1.000000,-0.007687
1779541142.754865,0,1,-1.615705,0.141934,0.076099,1.000000,-0.007687
1779541142.764510,0,1,-1.605728,0.142611,0.075524,1.000000,-0.007308
1779541142.775019,0,1,-1.595751,0.143297,0.075138,1.000000,-0.007308
1779541142.784758,0,1,-1.585774,0.143964,0.074563,1.000000,-0.006918
1779541142.794783,0,1,-1.575797,0.144641,0.074177,1.000000,-0.006918
1779541142.804952,0,1,-1.565818,0.145298,0.073602,1.000000,-0.006516
1779541142.814442,0,1,-1.555841,0.145965,0.073217,1.000000,-0.006516
1779541142.824769,0,1,-1.545862,0.146613,0.072641,1.000000,-0.006111
1779541142.834822,0,1,-1.535883,0.147270,0.072256,1.000000,-0.006111
1779541142.844530,0,1,-1.525904,0.147909,0.071680,1.000000,-0.005713
1779541142.854719,0,1,-1.515925,0.148556,0.071295,1.000000,-0.005713
1779541142.864314,0,1,-1.505944,0.149185,0.070719,1.000000,-0.005304
1779541142.874512,0,1,-1.495965,0.149823,0.070334,1.000000,-0.005031
1779541142.885177,0,1,-1.485984,0.150442,0.069758,1.000000,-0.005031
1779541142.894269,0,1,-1.476004,0.151071,0.069373,1.000000,-0.004605
1779541142.904839,0,1,-1.466022,0.151681,0.068797,1.000000,-0.004605
1779541142.915258,0,1,-1.456042,0.152299,0.068412,1.000000,-0.004190
1779541142.924680,0,1,-1.446060,0.152899,0.067836,1.000000,-0.004190
1779541142.934622,0,1,-1.436078,0.153508,0.067451,1.000000,-0.003770
1779541142.944658,0,1,-1.426096,0.154099,0.066875,1.000000,-0.003770
1779541142.954806,0,1,-1.416114,0.154699,0.066490,1.000000,-0.003770
1779541142.964517,0,1,-1.406131,0.155280,0.065914,1.000000,-0.003770
1779541142.974703,0,1,-1.396148,0.155869,0.065529,1.000000,-0.003770
1779541142.984723,0,1,-1.386164,0.156441,0.064953,1.000000,-0.003770
1779541142.995133,0,1,-1.376181,0.157021,0.064568,1.000000,-0.003770
1779541143.004641,0,1,-1.366197,0.157583,0.063992,1.000000,-0.003770
1779541143.014753,0,1,-1.356213,0.158154,0.063607,1.000000,-0.003770
1779541143.024748,0,1,-1.346229,0.158706,0.063031,1.000000,-0.003770
1779541143.034696,0,1,-1.336244,0.159267,0.062646,1.000000,-0.003770
1779541143.044681,0,1,-1.326259,0.159810,0.062070,1.000000,-0.003770
1779541143.054603,0,1,-1.316274,0.160361,0.061685,1.000000,-0.003770
1779541143.065018,0,1,-1.306288,0.160894,0.061109,1.000000,-0.001085
1779541143.074468,0,1,-1.296303,0.161436,0.060724,1.000000,-0.001085
1779541143.085011,0,1,-1.286317,0.161960,0.060148,1.000000,-0.000517
1779541143.094884,0,1,-1.276331,0.162492,0.059763,1.000000,-0.000517
1779541143.104438,0,1,-1.266344,0.163006,0.059187,1.000000,-0.000517
1779541143.114782,0,1,-1.256358,0.163529,0.058802,1.000000,-0.000061
1779541143.124683,0,1,-1.246371,0.164033,0.058226,1.000000,-0.000061
1779541143.134653,0,1,-1.236384,0.164558,0.057964,1.000000,0.000700
1779541143.144852,0,1,-1.226399,0.165104,0.057864,1.000000,0.000700
1779541143.154939,0,1,-1.216416,0.165675,0.057947,1.000000,0.000884
1779541143.165322,0,1,-1.206435,0.166293,0.058406,1.000000,0.001336
1779541143.174417,0,1,-1.196455,0.166920,0.058743,1.000000,0.001336
1779541143.184776,0,1,-1.186476,0.167575,0.059297,1.000000,0.001336
1779541143.194885,0,1,-1.176497,0.168227,0.059672,1.000000,0.001720
1779541143.204440,0,1,-1.166520,0.168902,0.060242,1.000000,0.001532
1779541143.214509,0,1,-1.156542,0.169569,0.060625,1.000000,0.001532
1779541143.224610,0,1,-1.146566,0.170257,0.061199,1.000000,0.000751
1779541143.234384,0,1,-1.136589,0.170936,0.061583,1.000000,0.000751
1779541143.244786,0,1,-1.126614,0.171634,0.062158,1.000000,-0.000169
1779541143.254689,0,1,-1.116637,0.172324,0.062544,1.000000,-0.000169
1779541143.264589,0,1,-1.106662,0.173032,0.063119,1.000000,-0.001141
1779541143.274273,0,1,-1.096685,0.173708,0.063258,1.000000,-0.001141
1779541143.284728,0,1,-1.086704,0.174322,0.062881,1.000000,-0.002117
1779541143.294279,0,1,-1.076722,0.174920,0.062576,1.000000,-0.002117
1779541143.304923,0,1,-1.066738,0.175485,0.062035,1.000000,-0.003121
1779541143.315033,0,1,-1.056754,0.176050,0.061666,1.000000,-0.003988
1779541143.324733,0,1,-1.046769,0.176590,0.061099,1.000000,-0.003988
1779541143.335721,0,1,-1.036784,0.177137,0.060718,1.000000,-0.003904
1779541143.344298,0,1,-1.026798,0.177663,0.060145,1.000000,-0.003904
1779541143.355093,0,1,-1.016812,0.178197,0.059761,1.000000,-0.003663
1779541143.364681,0,1,-1.006825,0.178712,0.059186,1.000000,-0.003663
1779541143.374954,0,1,-0.996839,0.179235,0.058801,1.000000,-0.003324
1779541143.384794,0,1,-0.986852,0.179740,0.058226,1.000000,-0.003324
1779541143.394839,0,1,-0.976865,0.180253,0.057840,1.000000,-0.002972
1779541143.404770,0,1,-0.966877,0.180748,0.057265,1.000000,-0.002972
1779541143.414860,0,1,-0.956890,0.181251,0.056879,1.000000,-0.002972
1779541143.424696,0,1,-0.946901,0.181736,0.056304,1.000000,-0.002514
1779541143.435357,0,1,-0.936914,0.182230,0.055919,1.000000,-0.002514
1779541143.444735,0,1,-0.926925,0.182706,0.055343,1.000000,-0.002514
1779541143.454539,0,1,-0.916937,0.183190,0.054958,1.000000,-0.002514
1779541143.464359,0,1,-0.906948,0.183656,0.054382,1.000000,-0.002514
1779541143.474959,0,1,-0.896959,0.184131,0.053997,1.000000,-0.002514
1779541143.484629,0,1,-0.886969,0.184587,0.053421,1.000000,-0.002514
1779541143.494960,0,1,-0.876980,0.185052,0.053036,1.000000,-0.002514
1779541143.504703,0,1,-0.866990,0.185499,0.052460,1.000000,-0.002514
1779541143.514724,0,1,-0.857000,0.185954,0.052075,1.000000,-0.002514
1779541143.524658,0,1,-0.847010,0.186391,0.051499,1.000000,-0.002514
1779541143.534788,0,1,-0.837020,0.186837,0.051114,1.000000,-0.002514
1779541143.544611,0,1,-0.827029,0.187265,0.050538,1.000000,-0.002514
1779541143.555101,0,1,-0.817039,0.187701,0.050153,1.000000,-0.002514
1779541143.564663,0,1,-0.807047,0.188119,0.049577,1.000000,-0.002514
1779541143.574668,0,1,-0.797057,0.188546,0.049192,1.000000,-0.002514
1779541143.584624,0,1,-0.787065,0.188954,0.048616,1.000000,-0.002514
1779541143.594433,0,1,-0.777074,0.189371,0.048231,1.000000,-0.002514
1779541143.604662,0,1,-0.767082,0.189770,0.047655,1.000000,-0.002514
1779541143.614591,0,1,-0.757090,0.190177,0.047270,1.000000,-0.002514
1779541143.624573,0,1,-0.747097,0.190566,0.046694,1.000000,-0.002514
1779541143.635931,0,1,-0.737105,0.190964,0.046309,1.000000,0.000855
1779541143.644589,0,1,-0.727113,0.191344,0.045733,1.000000,0.000855
1779541143.654408,0,1,-0.717121,0.191756,0.045594,1.000000,0.001938
1779541143.664366,0,1,-0.707132,0.192229,0.045970,1.000000,0.001938
1779541143.674325,0,1,-0.697144,0.192719,0.046276,1.000000,0.002331
1779541143.684868,0,1,-0.687158,0.193242,0.046817,1.000000,0.002331
1779541143.694648,0,1,-0.677172,0.193766,0.047186,1.000000,0.002753
1779541143.704942,0,1,-0.667187,0.194313,0.047753,1.000000,0.002753
1779541143.714286,0,1,-0.657201,0.194854,0.048134,1.000000,0.002303
1779541143.725363,0,1,-0.647217,0.195416,0.048707,1.000000,0.002303
1779541143.734896,0,1,-0.637233,0.195970,0.049091,1.000000,0.001947
1779541143.744813,0,1,-0.627249,0.196543,0.049666,1.000000,0.001947
1779541143.754897,0,1,-0.617265,0.197108,0.050051,1.000000,0.000348
1779541143.770608,0,1,-0.607282,0.197691,0.050626,1.000000,0.000348
1779541143.774822,0,1,-0.597299,0.198266,0.051011,1.000000,0.000348
1779541143.784935,0,1,-0.587316,0.198859,0.051587,1.000000,-0.000655
1779541143.794378,0,1,-0.577333,0.199444,0.051972,1.000000,-0.000655
1779541143.804801,0,1,-0.567351,0.200046,0.052548,1.000000,-0.002228
1779541143.814788,0,1,-0.557368,0.200617,0.052687,1.000000,-0.002228
1779541143.824471,0,1,-0.547381,0.201126,0.052310,1.000000,-0.003314
1779541143.834651,0,1,-0.537393,0.201618,0.052005,1.000000,-0.003314
1779541143.844791,0,1,-0.527403,0.202078,0.051464,1.000000,-0.004433
1779541143.854350,0,1,-0.517414,0.202537,0.051095,1.000000,-0.004433
1779541143.865104,0,1,-0.507423,0.202972,0.050528,1.000000,-0.005408
1779541143.874797,0,1,-0.497433,0.203413,0.050147,1.000000,-0.005408
1779541143.884673,0,1,-0.487442,0.203833,0.049574,1.000000,-0.005418
1779541143.894393,0,1,-0.477451,0.204262,0.049190,1.000000,-0.005418
1779541143.904896,0,1,-0.467460,0.204671,0.048615,1.000000,-0.005227
1779541143.914871,0,1,-0.457468,0.205088,0.048230,1.000000,-0.005227
1779541143.924750,0,1,-0.447476,0.205487,0.047655,1.000000,-0.005227
1779541143.934486,0,1,-0.437485,0.205895,0.047269,1.000000,-0.005001
1779541143.944445,0,1,-0.427492,0.206284,0.046694,1.000000,-0.005001
1779541143.954988,0,1,-0.417500,0.206682,0.046308,1.000000,-0.005001
1779541143.964376,0,1,-0.407507,0.207062,0.045733,1.000000,-0.005001
1779541143.974643,0,1,-0.397515,0.207450,0.045348,1.000000,-0.005001
1779541143.984676,0,1,-0.387522,0.207820,0.044772,1.000000,-0.005001
1779541143.994662,0,1,-0.377529,0.208199,0.044387,1.000000,-0.005001
1779541144.004498,0,1,-0.367535,0.208559,0.043811,1.000000,-0.005001
1779541144.014801,0,1,-0.357542,0.208928,0.043426,1.000000,-0.005001
1779541144.024745,0,1,-0.347548,0.209279,0.042850,1.000000,-0.005001
1779541144.034762,0,1,-0.337555,0.209638,0.042465,1.000000,-0.005001
1779541144.044632,0,1,-0.327561,0.209979,0.041889,1.000000,-0.005001
1779541144.054392,0,1,-0.317567,0.210329,0.041504,1.000000,-0.005001
1779541144.064294,0,1,-0.307572,0.210661,0.040928,1.000000,-0.005001
1779541144.075105,0,1,-0.297578,0.211001,0.040543,1.000000,-0.005001
1779541144.084647,0,1,-0.287583,0.211323,0.039967,1.000000,-0.005001
1779541144.094697,0,1,-0.277589,0.211653,0.039582,1.000000,-0.005001
1779541144.104524,0,1,-0.267594,0.211966,0.039006,1.000000,-0.003457
1779541144.114575,0,1,-0.257599,0.212287,0.038621,1.000000,-0.003457
1779541144.124326,0,1,-0.247603,0.212589,0.038045,1.000000,-0.002567
1779541144.135143,0,1,-0.237608,0.212901,0.037660,1.000000,-0.002567
1779541144.144784,0,1,-0.227613,0.213194,0.037084,1.000000,-0.002321
1779541144.154682,0,1,-0.217617,0.213496,0.036699,1.000000,-0.002072
1779541144.164846,0,1,-0.207621,0.213779,0.036123,1.000000,-0.002072
1779541144.174891,0,1,-0.197625,0.214071,0.035738,1.000000,-0.002072
1779541144.184771,0,1,-0.187629,0.214345,0.035162,1.000000,-0.001814
1779541144.194621,0,1,-0.177633,0.214628,0.034777,1.000000,-0.001814
1779541144.204704,0,1,-0.167637,0.214892,0.034201,1.000000,-0.001562
1779541144.214859,0,1,-0.157640,0.215165,0.033816,1.000000,-0.001325
1779541144.224766,0,1,-0.147644,0.215420,0.033240,1.000000,-0.001325
1779541144.234745,0,1,-0.137647,0.215683,0.032855,1.000000,-0.001325
1779541144.244608,0,1,-0.127650,0.215928,0.032279,1.000000,-0.001070
1779541144.254575,0,1,-0.117653,0.216182,0.031894,1.000000,-0.000810
1779541144.264299,0,1,-0.107656,0.216418,0.031318,1.000000,-0.000810
1779541144.274712,0,1,-0.097659,0.216662,0.030933,1.000000,-0.000582
1779541144.284613,0,1,-0.087662,0.216888,0.030357,1.000000,-0.000582
1779541144.294826,0,1,-0.077664,0.217122,0.029972,1.000000,-0.000376
1779541144.305156,0,1,-0.067667,0.217338,0.029396,1.000000,-0.000376
1779541144.314756,0,1,-0.057669,0.217563,0.029011,1.000000,-0.000129
1779541144.324788,0,1,-0.047671,0.217770,0.028435,1.000000,-0.000129
1779541144.334772,0,1,-0.037674,0.217985,0.028050,1.000000,0.000152
1779541144.344607,0,1,-0.027676,0.218182,0.027474,1.000000,0.000152
1779541144.354582,0,1,-0.017678,0.218412,0.027335,1.000000,0.000394
1779541144.364653,0,1,-0.007683,0.218703,0.027711,1.000000,0.000394
1779541144.374779,0,1,0.002313,0.219010,0.028017,1.000000,0.000632
1779541144.384762,0,1,0.012307,0.219351,0.028558,1.000000,0.000632
1779541144.395020,0,1,0.022301,0.219692,0.028927,1.000000,0.000713
1779541144.404826,0,1,0.032294,0.220057,0.029494,1.000000,0.000713
1779541144.415095,0,1,0.042288,0.220416,0.029875,1.000000,0.000277
1779541144.424693,0,1,0.052281,0.220795,0.030448,1.000000,0.000277
1779541144.434531,0,1,0.062274,0.221167,0.030832,1.000000,-0.000761
1779541144.444798,0,1,0.072266,0.221558,0.031407,1.000000,-0.000761
1779541144.455007,0,1,0.082260,0.221916,0.031546,1.000000,-0.000761
1779541144.464631,0,1,0.092255,0.222214,0.031169,1.000000,-0.000761
1779541144.474921,0,1,0.102251,0.222495,0.030863,1.000000,-0.000761
1779541144.484827,0,1,0.112248,0.222743,0.030322,1.000000,-0.000761
1779541144.494675,0,1,0.122245,0.222990,0.029953,1.000000,-0.000761
1779541144.505421,0,1,0.132243,0.223214,0.029386,1.000000,-0.000761
1779541144.514632,0,1,0.142240,0.223444,0.029005,1.000000,-0.000761
1779541144.524683,0,1,0.152238,0.223653,0.028432,1.000000,-0.000761
1779541144.535116,0,1,0.162235,0.223870,0.028048,1.000000,-0.000761
1779541144.544580,0,1,0.172233,0.224068,0.027473,1.000000,-0.000761
1779541144.555202,0,1,0.182231,0.224274,0.027088,1.000000,-0.000761
1779541144.564306,0,1,0.192230,0.224462,0.026513,1.000000,-0.000761
1779541144.574377,0,1,0.202228,0.224658,0.026127,1.000000,-0.000761
1779541144.584690,0,1,0.212226,0.224836,0.025552,1.000000,-0.000761
1779541144.594723,0,1,0.222224,0.225023,0.025166,1.000000,-0.004845
1779541144.604728,0,1,0.232223,0.225191,0.024591,1.000000,-0.004845
1779541144.614629,0,1,0.242221,0.225368,0.024206,1.000000,-0.003823
1779541144.625037,0,1,0.252220,0.225527,0.023630,1.000000,-0.003823
1779541144.634904,0,1,0.262219,0.225694,0.023245,1.000000,-0.003423
1779541144.644426,0,1,0.272218,0.225843,0.022669,1.000000,-0.003423
1779541144.654309,0,1,0.282216,0.226001,0.022284,1.000000,-0.003100
1779541144.664660,0,1,0.292215,0.226140,0.021708,1.000000,-0.003100
1779541144.674852,0,1,0.302214,0.226288,0.021323,1.000000,-0.002817
1779541144.684559,0,1,0.312213,0.226418,0.020747,1.000000,-0.002817
1779541144.694662,0,1,0.322212,0.226556,0.020362,1.000000,-0.002545
1779541144.704764,0,1,0.332212,0.226676,0.019786,1.000000,-0.002545
1779541144.714792,0,1,0.342211,0.226805,0.019401,1.000000,-0.002240
1779541144.724528,0,1,0.352210,0.226916,0.018825,1.000000,-0.002240
1779541144.734607,0,1,0.362209,0.227035,0.018440,1.000000,-0.001975
1779541144.744291,0,1,0.372209,0.227136,0.017864,1.000000,-0.001975
1779541144.755275,0,1,0.382208,0.227246,0.017479,1.000000,-0.001675
1779541144.764803,0,1,0.392208,0.227337,0.016903,1.000000,-0.001675
1779541144.775272,0,1,0.402207,0.227437,0.016518,1.000000,-0.001383
1779541144.784274,0,1,0.412207,0.227519,0.015942,1.000000,-0.001383
1779541144.794872,0,1,0.422207,0.227609,0.015557,1.000000,-0.001115
1779541144.804859,0,1,0.432206,0.227681,0.014981,1.000000,-0.001115
1779541144.814745,0,1,0.442206,0.227762,0.014596,1.000000,-0.000776
1779541144.824887,0,1,0.452206,0.227825,0.014020,1.000000,-0.000776
1779541144.834588,0,1,0.462206,0.227896,0.013635,1.000000,-0.000457
1779541144.844996,0,1,0.472205,0.227949,0.013059,1.000000,-0.000457
1779541144.854746,0,1,0.482205,0.228010,0.012674,1.000000,-0.000145
1779541144.864617,0,1,0.492205,0.228054,0.012098,1.000000,-0.000145
1779541144.874946,0,1,0.502205,0.228106,0.011713,1.000000,0.000202
1779541144.884208,0,1,0.512205,0.228139,0.011137,1.000000,0.000202
1779541144.894577,0,1,0.522205,0.228205,0.010998,1.000000,0.000202
1779541144.904666,0,1,0.532204,0.228333,0.011374,1.000000,0.000470
1779541144.915365,0,1,0.542203,0.228477,0.011680,1.000000,0.000470
1779541144.924494,0,1,0.552201,0.228654,0.012221,1.000000,0.000470
1779541144.934843,0,1,0.562200,0.228832,0.012590,1.000000,0.000849
1779541144.944285,0,1,0.572198,0.229034,0.013157,1.000000,0.000849
1779541144.954698,0,1,0.582196,0.229229,0.013538,1.000000,0.000849
1779541144.964710,0,1,0.592193,0.229446,0.014111,1.000000,0.000849
1779541144.974879,0,1,0.602191,0.229654,0.014495,1.000000,0.000849
1779541144.984692,0,1,0.612189,0.229881,0.015070,1.000000,0.000849
1779541144.995119,0,1,0.622186,0.230100,0.015455,1.000000,0.000849
1779541145.004692,0,1,0.632183,0.230338,0.016030,1.000000,0.000849
1779541145.014863,0,1,0.642181,0.230567,0.016415,1.000000,0.000849
1779541145.024368,0,1,0.652178,0.230815,0.016991,1.000000,0.000849
1779541145.034868,0,1,0.662175,0.231053,0.017376,1.000000,0.000849
1779541145.044872,0,1,0.672172,0.231311,0.017952,1.000000,0.000849
1779541145.054417,0,1,0.682168,0.231559,0.018337,1.000000,0.000849
1779541145.065094,0,1,0.692165,0.231826,0.018913,1.000000,0.000849
1779541145.074823,0,1,0.702162,0.232084,0.019298,1.000000,-0.006611
1779541145.084404,0,1,0.712158,0.232360,0.019874,1.000000,-0.006611
1779541145.094328,0,1,0.722155,0.232604,0.020013,1.000000,-0.007010
1779541145.104734,0,1,0.732153,0.232787,0.019636,1.000000,-0.007010
1779541145.114280,0,1,0.742152,0.232953,0.019331,1.000000,-0.008738
1779541145.124603,0,1,0.752151,0.233086,0.018790,1.000000,-0.008738
1779541145.134925,0,1,0.762150,0.233218,0.018421,1.000000,-0.008738
