time,ego_collision,done,x,y,theta,requested_speed,steering_angle
1779541651.045085,0,1,-0.223097,0.233982,0.035779,2.500000,-0.045962
1779541651.055198,0,1,-0.198105,0.234606,0.032009,2.500000,-0.045962
1779541651.065249,0,1,-0.173110,0.235133,0.028212,2.500000,-0.032917
1779541651.075341,0,1,-0.148114,0.235588,0.024680,2.500000,-0.032917
1779541651.084819,0,1,-0.123117,0.235944,0.021036,2.500000,-0.020400
1779541651.095146,0,1,-0.098118,0.236226,0.017602,2.500000,-0.020400
1779541651.104805,0,1,-0.073119,0.236409,0.014022,2.500000,-0.020400
1779541651.114825,0,1,-0.048120,0.236544,0.010931,2.500000,-0.006087
1779541651.125046,0,1,-0.023120,0.236675,0.008675,2.500000,-0.006087
1779541651.134600,0,1,0.001880,0.236769,0.006677,2.500000,0.002813
1779541651.145151,0,1,0.026880,0.236848,0.005125,2.500000,0.002813
1779541651.154647,0,1,0.051880,0.236884,0.003580,2.500000,0.002813
1779541651.165454,0,1,0.076880,0.236929,0.002621,2.500000,0.011685
1779541651.174655,0,1,0.101880,0.237026,0.002561,2.500000,0.011685
1779541651.184944,0,1,0.126879,0.237141,0.002798,2.500000,0.020119
1779541651.194674,0,1,0.151879,0.237297,0.003507,2.500000,0.020119
1779541651.204848,0,1,0.176878,0.237467,0.004239,2.500000,0.020119
1779541651.215283,0,1,0.201877,0.237675,0.005265,2.500000,0.024032
1779541651.225340,0,1,0.226876,0.237895,0.006199,2.500000,0.024032
1779541651.235072,0,1,0.251875,0.238155,0.007354,2.500000,0.024032
1779541651.245219,0,1,0.276874,0.238426,0.008370,2.500000,0.024032
1779541651.254731,0,1,0.301872,0.238737,0.009576,2.500000,0.024032
1779541651.265118,0,1,0.326870,0.239062,0.010625,2.500000,0.024032
1779541651.274646,0,1,0.351867,0.239426,0.011851,2.500000,0.024032
1779541651.284647,0,1,0.376864,0.239805,0.012912,2.500000,0.024032
1779541651.295154,0,1,0.401860,0.240224,0.014145,2.500000,0.024032
1779541651.305026,0,1,0.426857,0.240658,0.015210,2.500000,0.024032
1779541651.315129,0,1,0.451852,0.241133,0.016446,2.500000,0.024032
1779541651.325034,0,1,0.476847,0.241623,0.017512,2.500000,0.024032
1779541651.335309,0,1,0.501842,0.242154,0.018749,2.500000,0.024032
1779541651.344665,0,1,0.526836,0.242701,0.019815,2.500000,0.024032
1779541651.354629,0,1,0.551829,0.243289,0.021052,2.500000,0.024032
1779541651.365082,0,1,0.576822,0.243892,0.022118,2.500000,0.024032
1779541651.374923,0,1,0.601813,0.244537,0.023355,2.500000,0.024032
1779541651.385027,0,1,0.626804,0.245198,0.024421,2.500000,-0.012530
1779541651.395034,0,1,0.651795,0.245900,0.025657,2.500000,-0.012530
1779541651.404672,0,1,0.676785,0.246592,0.026421,2.500000,-0.021291
1779541651.414665,0,1,0.701777,0.247230,0.026360,2.500000,-0.021291
1779541651.425233,0,1,0.726769,0.247847,0.026046,2.500000,-0.027362
1779541651.435167,0,1,0.751763,0.248420,0.025290,2.500000,-0.027362
1779541651.444870,0,1,0.776756,0.248979,0.024530,2.500000,-0.027362
1779541651.454815,0,1,0.801751,0.249497,0.023488,2.500000,-0.036082
1779541651.465484,0,1,0.826746,0.250001,0.022544,2.500000,-0.036082
1779541651.475084,0,1,0.851742,0.250440,0.021082,2.500000,-0.036082
1779541651.484953,0,1,0.876740,0.250769,0.018765,2.500000,-0.038558
1779541651.495303,0,1,0.901739,0.251022,0.016179,2.500000,-0.038558
1779541651.505210,0,1,0.926738,0.251174,0.013138,2.500000,-0.038558
1779541651.515144,0,1,0.951738,0.251256,0.010086,2.500000,-0.039919
1779541651.525249,0,1,0.976738,0.251241,0.006748,2.500000,-0.039919
1779541651.535022,0,1,1.001738,0.251156,0.003505,2.500000,-0.039919
1779541651.545427,0,1,1.026737,0.250974,0.000045,2.500000,-0.034383
1779541651.555121,0,1,1.051736,0.250722,6.279910,2.500000,-0.034383
1779541651.565347,0,1,1.076733,0.250373,6.276401,2.500000,-0.034383
1779541651.575040,0,1,1.101730,0.249952,6.273051,2.500000,-0.024475
1779541651.585103,0,1,1.126724,0.249433,6.269523,2.500000,-0.024475
1779541651.595228,0,1,1.151718,0.248869,6.266463,2.500000,-0.024475
1779541651.605120,0,1,1.176712,0.248302,6.264226,2.500000,-0.012996
1779541651.615010,0,1,1.201704,0.247699,6.262239,2.500000,-0.012996
1779541651.625043,0,1,1.226697,0.247083,6.260694,2.500000,-0.012996
1779541651.634632,0,1,1.251688,0.246425,6.259152,2.500000,-0.000400
1779541651.645224,0,1,1.276679,0.245751,6.257893,2.500000,-0.000400
1779541651.654939,0,1,1.301669,0.245033,6.256534,2.500000,0.006068
1779541651.665302,0,1,1.326658,0.244297,6.255393,2.500000,0.006068
1779541651.675297,0,1,1.351646,0.243518,6.254109,2.500000,0.006068
1779541651.685194,0,1,1.376634,0.242747,6.253317,2.500000,0.011598
1779541651.694994,0,1,1.401624,0.242030,6.253361,2.500000,0.011598
1779541651.704790,0,1,1.426614,0.241331,6.253665,2.500000,0.011598
1779541651.715087,0,1,1.451605,0.240675,6.254415,2.500000,0.015497
1779541651.724752,0,1,1.476597,0.240034,6.255172,2.500000,0.015497
1779541651.734767,0,1,1.501590,0.239432,6.256214,2.500000,0.015497
1779541651.745315,0,1,1.526583,0.238843,6.257157,2.500000,0.015497
1779541651.754913,0,1,1.551577,0.238293,6.258317,2.500000,0.015497
1779541651.765024,0,1,1.576571,0.237757,6.259336,2.500000,0.015497
1779541651.774669,0,1,1.601566,0.237260,6.260544,2.500000,0.015497
1779541651.784790,0,1,1.626561,0.236777,6.261593,2.500000,0.015497
1779541651.794879,0,1,1.651557,0.236335,6.262820,2.500000,0.015497
1779541651.805591,0,1,1.676554,0.235907,6.263880,2.500000,0.015497
1779541651.814698,0,1,1.701551,0.235521,6.265114,2.500000,0.015497
1779541651.824639,0,1,1.726548,0.235148,6.266178,2.500000,0.015497
1779541651.834811,0,1,1.751546,0.234817,6.267414,2.500000,0.015497
1779541651.844654,0,1,1.776544,0.234501,6.268480,2.500000,0.015497
1779541651.855421,0,1,1.801542,0.234227,6.269716,2.500000,0.015497
1779541651.864647,0,1,1.826541,0.233967,6.270782,2.500000,0.015497
1779541651.874677,0,1,1.851540,0.233750,6.272019,2.500000,0.015497
1779541651.884696,0,1,1.876539,0.233548,6.273085,2.500000,-0.011547
1779541651.894682,0,1,1.901539,0.233387,6.274322,2.500000,-0.011547
1779541651.904836,0,1,1.926538,0.233216,6.275086,2.500000,-0.011547
1779541651.914930,0,1,1.951537,0.232991,6.275024,2.500000,-0.022769
1779541651.924992,0,1,1.976536,0.232745,6.274711,2.500000,-0.022769
1779541651.934976,0,1,2.001534,0.232456,6.273955,2.500000,-0.022769
1779541651.944939,0,1,2.026532,0.232152,6.273195,2.500000,-0.028397
1779541651.955410,0,1,2.051530,0.231806,6.272152,2.500000,-0.028397
1779541651.965167,0,1,2.076527,0.231448,6.271208,2.500000,-0.035457
1779541651.974733,0,1,2.101524,0.231050,6.270048,2.500000,-0.035457
1779541651.985029,0,1,2.126521,0.230638,6.269030,2.500000,-0.036966
1779541651.995488,0,1,2.151516,0.230160,6.267520,2.500000,-0.036966
1779541652.005467,0,1,2.176509,0.229571,6.265174,2.500000,-0.036805
1779541652.015038,0,1,2.201500,0.228907,6.262569,2.500000,-0.036805
1779541652.025216,0,1,2.226489,0.228141,6.259517,2.500000,-0.036161
1779541652.035008,0,1,2.251475,0.227305,6.256458,2.500000,-0.036319
1779541652.045012,0,1,2.276457,0.226371,6.253115,2.500000,-0.036319
1779541652.055120,0,1,2.301437,0.225367,6.249870,2.500000,-0.032928
1779541652.065248,0,1,2.326413,0.224266,6.246408,2.500000,-0.032928
1779541652.075073,0,1,2.351385,0.223095,6.243088,2.500000,-0.025899
1779541652.085223,0,1,2.376353,0.221826,6.239578,2.500000,-0.025899
1779541652.095100,0,1,2.401318,0.220512,6.236530,2.500000,-0.018147
1779541652.105102,0,1,2.426284,0.219196,6.234300,2.500000,-0.018147
1779541652.115676,0,1,2.451247,0.217844,6.232317,2.500000,-0.009309
1779541652.124982,0,1,2.476210,0.216479,6.230774,2.500000,-0.009309
1779541652.135449,0,1,2.501170,0.215073,6.229234,2.500000,-0.000159
1779541652.145047,0,1,2.526130,0.213650,6.227975,2.500000,-0.000159
1779541652.155011,0,1,2.551087,0.212184,6.226618,2.500000,0.007075
1779541652.165436,0,1,2.576043,0.210701,6.225476,2.500000,0.011559
1779541652.175531,0,1,2.600996,0.209174,6.224192,2.500000,0.011559
1779541652.184974,0,1,2.625950,0.207656,6.223400,2.500000,0.013944
1779541652.195039,0,1,2.650907,0.206190,6.223444,2.500000,0.013944
1779541652.205358,0,1,2.675865,0.204745,6.223748,2.500000,0.016965
1779541652.214766,0,1,2.700826,0.203341,6.224498,2.500000,0.016965
1779541652.224869,0,1,2.725787,0.201952,6.225255,2.500000,0.020198
1779541652.234747,0,1,2.750751,0.200603,6.226296,2.500000,0.020198
1779541652.245227,0,1,2.775715,0.199266,6.227240,2.500000,0.020198
1779541652.255155,0,1,2.800681,0.197969,6.228400,2.500000,0.020198
1779541652.265647,0,1,2.825648,0.196685,6.229419,2.500000,0.020198
1779541652.274989,0,1,2.850617,0.195441,6.230627,2.500000,0.020198
1779541652.285640,0,1,2.875587,0.194211,6.231675,2.500000,0.020198
1779541652.295170,0,1,2.900559,0.193021,6.232902,2.500000,0.020198
1779541652.305454,0,1,2.925531,0.191846,6.233962,2.500000,0.020198
1779541652.315192,0,1,2.950505,0.190711,6.235196,2.500000,0.020198
1779541652.325305,0,1,2.975480,0.189591,6.236260,2.500000,0.020198
1779541652.335164,0,1,3.000457,0.188513,6.237496,2.500000,0.020198
1779541652.345088,0,1,3.025434,0.187449,6.238562,2.500000,0.020198
1779541652.355100,0,1,3.050413,0.186427,6.239799,2.500000,-0.001390
1779541652.365041,0,1,3.075393,0.185420,6.240865,2.500000,-0.001390
1779541652.375378,0,1,3.100374,0.184455,6.242101,2.500000,-0.003998
1779541652.384644,0,1,3.125355,0.183479,6.242866,2.500000,-0.006552
1779541652.394781,0,1,3.150334,0.182449,6.242804,2.500000,-0.006552
1779541652.405165,0,1,3.175312,0.181398,6.242491,2.500000,-0.011473
1779541652.415627,0,1,3.200288,0.180304,6.241735,2.500000,-0.011473
1779541652.425195,0,1,3.225263,0.179194,6.240975,2.500000,-0.016551
1779541652.435451,0,1,3.250237,0.178044,6.239932,2.500000,-0.016551
1779541652.445040,0,1,3.275210,0.176881,6.238989,2.500000,-0.019510
1779541652.455044,0,1,3.300181,0.175678,6.237829,2.500000,-0.019510
1779541652.465426,0,1,3.325151,0.174461,6.236810,2.500000,-0.019263
1779541652.475049,0,1,3.350120,0.173203,6.235603,2.500000,-0.019263
1779541652.485392,0,1,3.375087,0.171932,6.234554,2.500000,-0.018109
1779541652.495222,0,1,3.400053,0.170620,6.233328,2.500000,-0.018109
1779541652.504924,0,1,3.425018,0.169294,6.232268,2.500000,-0.016400
1779541652.514737,0,1,3.449980,0.167927,6.231035,2.500000,-0.016400
1779541652.524805,0,1,3.474942,0.166545,6.229971,2.500000,-0.014408
1779541652.534815,0,1,3.499901,0.165121,6.228735,2.500000,-0.014408
1779541652.544982,0,1,3.524860,0.163683,6.227670,2.500000,-0.012245
1779541652.555147,0,1,3.549816,0.162203,6.226433,2.500000,-0.012245
1779541652.565322,0,1,3.574771,0.160708,6.225368,2.500000,-0.009964
1779541652.574819,0,1,3.599724,0.159171,6.224131,2.500000,-0.009964
1779541652.585487,0,1,3.624676,0.157619,6.223065,2.500000,-0.007485
1779541652.595094,0,1,3.649625,0.156025,6.221829,2.500000,-0.007485
1779541652.605183,0,1,3.674573,0.154416,6.220763,2.500000,-0.005038
1779541652.615432,0,1,3.699518,0.152765,6.219527,2.500000,-0.005038
1779541652.625242,0,1,3.724463,0.151098,6.218461,2.500000,-0.002412
1779541652.635046,0,1,3.749404,0.149390,6.217225,2.500000,-0.002412
1779541652.645083,0,1,3.774345,0.147666,6.216159,2.500000,0.000330
1779541652.655030,0,1,3.799282,0.145900,6.214923,2.500000,0.000330
1779541652.665279,0,1,3.824221,0.144145,6.214159,2.500000,0.003285
1779541652.675078,0,1,3.849163,0.142444,6.214221,2.500000,0.003285
1779541652.685180,0,1,3.874106,0.140763,6.214535,2.500000,0.006141
1779541652.694679,0,1,3.899053,0.139126,6.215291,2.500000,0.006141
1779541652.704807,0,1,3.924000,0.137504,6.216051,2.500000,0.007710
1779541652.715185,0,1,3.948950,0.135922,6.217094,2.500000,0.010196
1779541652.725435,0,1,3.973901,0.134353,6.218038,2.500000,0.010196
1779541652.735204,0,1,3.998854,0.132825,6.219198,2.500000,0.010196
1779541652.745089,0,1,4.023808,0.131309,6.220217,2.500000,0.010196
1779541652.755137,0,1,4.048764,0.129835,6.221424,2.500000,0.010196
1779541652.765283,0,1,4.073722,0.128374,6.222473,2.500000,0.010196
1779541652.775318,0,1,4.098681,0.126953,6.223699,2.500000,0.010196
1779541652.785157,0,1,4.123642,0.125547,6.224759,2.500000,0.010196
1779541652.795538,0,1,4.148604,0.124183,6.225992,2.500000,0.010196
1779541652.805328,0,1,4.173568,0.122832,6.227056,2.500000,0.010196
1779541652.815204,0,1,4.198534,0.121524,6.228292,2.500000,0.010196
1779541652.825169,0,1,4.223500,0.120230,6.229357,2.500000,0.010196
1779541652.834616,0,1,4.248469,0.118978,6.230594,2.500000,0.010196
1779541652.845105,0,1,4.273438,0.117741,6.231660,2.500000,0.010196
1779541652.855129,0,1,4.298409,0.116545,6.232896,2.500000,-0.010389
1779541652.864898,0,1,4.323382,0.115365,6.233962,2.500000,-0.018975
1779541652.875418,0,1,4.348356,0.114227,6.235199,2.500000,-0.018975
1779541652.885013,0,1,4.373329,0.113079,6.235963,2.500000,-0.021896
1779541652.895119,0,1,4.398300,0.111876,6.235901,2.500000,-0.021896
1779541652.905094,0,1,4.423270,0.110652,6.235587,2.500000,-0.026350
1779541652.915502,0,1,4.448238,0.109385,6.234831,2.500000,-0.026350
1779541652.924943,0,1,4.473205,0.108103,6.234071,2.500000,-0.031323
1779541652.935148,0,1,4.498170,0.106781,6.233029,2.500000,-0.031323
1779541652.945236,0,1,4.523135,0.105445,6.232085,2.500000,-0.033940
1779541652.955156,0,1,4.548097,0.104069,6.230925,2.500000,-0.033940
1779541652.965505,0,1,4.573058,0.102680,6.229906,2.500000,-0.033818
1779541652.974812,0,1,4.598016,0.101224,6.228397,2.500000,-0.033818
1779541652.985072,0,1,4.622967,0.099659,6.226051,2.500000,-0.032486
1779541652.994932,0,1,4.647913,0.098017,6.223445,2.500000,-0.032486
1779541653.005438,0,1,4.672852,0.096275,6.220393,2.500000,-0.031118
1779541653.015103,0,1,4.697786,0.094462,6.217335,2.500000,-0.031118
1779541653.025216,0,1,4.722713,0.092552,6.213992,2.500000,-0.027957
1779541653.034660,0,1,4.747636,0.090597,6.211048,2.500000,-0.027957
1779541653.045147,0,1,4.772560,0.088642,6.208885,2.500000,-0.021366
1779541653.054661,0,1,4.797480,0.086652,6.206943,2.500000,-0.021366
1779541653.065199,0,1,4.822400,0.084650,6.205426,2.500000,-0.012696
1779541653.074666,0,1,4.847317,0.082608,6.203901,2.500000,-0.012696
1779541653.085142,0,1,4.872232,0.080550,6.202652,2.500000,-0.003434
1779541653.094753,0,1,4.897143,0.078450,6.201300,2.500000,-0.003434
1779541653.105211,0,1,4.922054,0.076333,6.200161,2.500000,0.002737
1779541653.114690,0,1,4.946960,0.074172,6.198879,2.500000,0.002737
1779541653.125111,0,1,4.971867,0.072022,6.198087,2.500000,0.007484
1779541653.134677,0,1,4.996779,0.069924,6.198132,2.500000,0.007484
1779541653.145019,0,1,5.021693,0.067846,6.198435,2.500000,0.009625
1779541653.154767,0,1,5.046610,0.065810,6.199185,2.500000,0.009625
1779541653.165288,0,1,5.071528,0.063789,6.199942,2.500000,0.013622
1779541653.174873,0,1,5.096449,0.061808,6.200983,2.500000,0.013622
1779541653.185182,0,1,5.121371,0.059839,6.201926,2.500000,0.017238
1779541653.195877,0,1,5.146297,0.057910,6.203086,2.500000,0.017238
1779541653.204901,0,1,5.171223,0.055994,6.204104,2.500000,0.017205
1779541653.214785,0,1,5.196153,0.054119,6.205312,2.500000,0.017205
1779541653.224847,0,1,5.221084,0.052256,6.206361,2.500000,0.013729
1779541653.235091,0,1,5.246017,0.050435,6.207587,2.500000,0.013729
1779541653.245164,0,1,5.270952,0.048627,6.208648,2.500000,0.013729
1779541653.255485,0,1,5.295889,0.046861,6.209881,2.500000,0.013729
1779541653.265107,0,1,5.320828,0.045109,6.210945,2.500000,0.013729
1779541653.275101,0,1,5.345769,0.043399,6.212181,2.500000,0.013729
1779541653.285160,0,1,5.370712,0.041703,6.213247,2.500000,0.013729
1779541653.295105,0,1,5.395657,0.040049,6.214484,2.500000,0.013729
1779541653.305312,0,1,5.420603,0.038410,6.215550,2.500000,0.013729
1779541653.315089,0,1,5.445552,0.036813,6.216786,2.500000,0.013729
1779541653.325462,0,1,5.470502,0.035231,6.217852,2.500000,0.013729
1779541653.335330,0,1,5.495454,0.033691,6.219089,2.500000,0.013729
1779541653.345102,0,1,5.520408,0.032165,6.220154,2.500000,-0.004308
1779541653.354944,0,1,5.545364,0.030682,6.221391,2.500000,-0.004308
1779541653.365343,0,1,5.570319,0.029189,6.222155,2.500000,-0.010016
1779541653.375403,0,1,5.595271,0.027641,6.222093,2.500000,-0.010016
1779541653.385126,0,1,5.620222,0.026073,6.221779,2.500000,-0.013927
1779541653.395087,0,1,5.645170,0.024461,6.221023,2.500000,-0.013927
1779541653.405191,0,1,5.670117,0.022835,6.220263,2.500000,-0.017645
1779541653.415148,0,1,5.695061,0.021167,6.219221,2.500000,-0.017645
1779541653.425127,0,1,5.720005,0.019487,6.218277,2.500000,-0.019566
1779541653.435529,0,1,5.744945,0.017766,6.217117,2.500000,-0.019566
1779541653.445200,0,1,5.769885,0.016033,6.216098,2.500000,-0.018434
1779541653.455103,0,1,5.794822,0.014258,6.214891,2.500000,-0.018434
1779541653.465214,0,1,5.819758,0.012471,6.213842,2.500000,-0.016382
1779541653.475252,0,1,5.844691,0.010642,6.212616,2.500000,-0.016382
1779541653.485122,0,1,5.869623,0.008799,6.211556,2.500000,-0.013144
1779541653.495106,0,1,5.894552,0.006915,6.210323,2.500000,-0.013144
1779541653.505295,0,1,5.919480,0.005016,6.209259,2.500000,-0.009918
1779541653.515233,0,1,5.944404,0.003076,6.208023,2.500000,-0.009918
1779541653.525366,0,1,5.969328,0.001121,6.206958,2.500000,-0.006445
1779541653.535201,0,1,5.994248,-0.000876,6.205721,2.500000,-0.006445
1779541653.545189,0,1,6.019167,-0.002887,6.204655,2.500000,-0.002813
1779541653.555110,0,1,6.044082,-0.004941,6.203419,2.500000,-0.002813
1779541653.564914,0,1,6.068997,-0.007009,6.202353,2.500000,0.001001
1779541653.574720,0,1,6.093907,-0.009120,6.201116,2.500000,0.001001
1779541653.585368,0,1,6.118819,-0.011220,6.200352,2.500000,0.004915
1779541653.594909,0,1,6.143735,-0.013265,6.200414,2.500000,0.004915
1779541653.605149,0,1,6.168653,-0.015291,6.200728,2.500000,0.009013
1779541653.615221,0,1,6.193574,-0.017272,6.201483,2.500000,0.009013
1779541653.624989,0,1,6.218497,-0.019239,6.202243,2.500000,0.013446
1779541653.634706,0,1,6.243423,-0.021165,6.203286,2.500000,0.013446
1779541653.645243,0,1,6.268349,-0.023078,6.204230,2.500000,0.014912
1779541653.655239,0,1,6.293279,-0.024951,6.205390,2.500000,0.014912
1779541653.665276,0,1,6.318210,-0.026811,6.206409,2.500000,0.014579
1779541653.674869,0,1,6.343143,-0.028630,6.207616,2.500000,0.014579
1779541653.685130,0,1,6.368078,-0.030436,6.208664,2.500000,0.012365
1779541653.694845,0,1,6.393016,-0.032201,6.209891,2.500000,0.012365
1779541653.705036,0,1,6.417954,-0.033951,6.210951,2.500000,0.009862
1779541653.715048,0,1,6.442896,-0.035661,6.212184,2.500000,0.009862
1779541653.724964,0,1,6.467838,-0.037355,6.213248,2.500000,0.007103
1779541653.734864,0,1,6.492784,-0.039009,6.214484,2.500000,0.007103
1779541653.745127,0,1,6.517730,-0.040647,6.215549,2.500000,0.007103
1779541653.754842,0,1,6.542679,-0.042244,6.216786,2.500000,0.007103
1779541653.764823,0,1,6.567629,-0.043826,6.217851,2.500000,0.007103
1779541653.774893,0,1,6.592581,-0.045366,6.219088,2.500000,0.007103
1779541653.784661,0,1,6.617535,-0.046890,6.220154,2.500000,0.007103
1779541653.795183,0,1,6.642491,-0.048373,6.221390,2.500000,0.007103
1779541653.805330,0,1,6.667448,-0.049841,6.222456,2.500000,0.007103
1779541653.814954,0,1,6.692407,-0.051267,6.223692,2.500000,0.007103
1779541653.824965,0,1,6.717367,-0.052677,6.224758,2.500000,0.007103
1779541653.834616,0,1,6.742330,-0.054045,6.225994,2.500000,0.007103
1779541653.845423,0,1,6.767293,-0.055398,6.227060,2.500000,0.007103
1779541653.855149,0,1,6.792259,-0.056709,6.228296,2.500000,0.007103
1779541653.865024,0,1,6.817225,-0.058005,6.229361,2.500000,-0.008013
1779541653.875025,0,1,6.842194,-0.059259,6.230598,2.500000,-0.017076
1779541653.885255,0,1,6.867162,-0.060523,6.231361,2.500000,-0.017076
1779541653.894896,0,1,6.892127,-0.061841,6.231299,2.500000,-0.020676
1779541653.905353,0,1,6.917091,-0.063179,6.230986,2.500000,-0.020676
1779541653.915279,0,1,6.942053,-0.064562,6.230229,2.500000,-0.024371
1779541653.925478,0,1,6.967014,-0.065959,6.229469,2.500000,-0.024371
1779541653.934661,0,1,6.991972,-0.067396,6.228426,2.500000,-0.027698
1779541653.945111,0,1,7.016930,-0.068847,6.227483,2.500000,-0.027698
1779541653.955142,0,1,7.041886,-0.070338,6.226322,2.500000,-0.027868
1779541653.965350,0,1,7.066840,-0.071842,6.225304,2.500000,-0.027868
1779541653.975187,0,1,7.091793,-0.073387,6.224096,2.500000,-0.025169
1779541653.985147,0,1,7.116744,-0.074945,6.223048,2.500000,-0.025169
1779541653.994977,0,1,7.141693,-0.076544,6.221822,2.500000,-0.022409
1779541654.005102,0,1,7.166641,-0.078158,6.220762,2.500000,-0.022409
1779541654.014675,0,1,7.191586,-0.079812,6.219528,2.500000,-0.018611
1779541654.024703,0,1,7.216530,-0.081482,6.218464,2.500000,-0.018611
1779541654.034665,0,1,7.241471,-0.083192,6.217229,2.500000,-0.014911
1779541654.044798,0,1,7.266412,-0.084918,6.216163,2.500000,-0.010920
1779541654.055217,0,1,7.291349,-0.086685,6.214927,2.500000,-0.010920
1779541654.064781,0,1,7.316286,-0.088467,6.213861,2.500000,-0.009074
1779541654.075214,0,1,7.341219,-0.090291,6.212624,2.500000,-0.009074
1779541654.084931,0,1,7.366151,-0.092130,6.211558,2.500000,-0.004680
1779541654.094840,0,1,7.391080,-0.094011,6.210322,2.500000,-0.004680
1779541654.105174,0,1,7.416008,-0.095907,6.209256,2.500000,-0.000093
1779541654.115258,0,1,7.440933,-0.097845,6.208020,2.500000,-0.000093
1779541654.125167,0,1,7.465858,-0.099786,6.207105,2.500000,0.004491
1779541654.134566,0,1,7.490783,-0.101720,6.206518,2.500000,0.004491
1779541654.145212,0,1,7.515709,-0.103639,6.206293,2.500000,0.009249
1779541654.155042,0,1,7.540639,-0.105509,6.206702,2.500000,0.011650
1779541654.165132,0,1,7.565570,-0.107362,6.207238,2.500000,0.011650
1779541654.175220,0,1,7.590505,-0.109172,6.208138,2.500000,0.016340
1779541654.184683,0,1,7.615440,-0.110969,6.208990,2.500000,0.016340
1779541654.194971,0,1,7.640378,-0.112725,6.210091,2.500000,0.019405
1779541654.205223,0,1,7.665317,-0.114468,6.211072,2.500000,0.019405
1779541654.214952,0,1,7.690259,-0.116170,6.212256,2.500000,0.019148
1779541654.225180,0,1,7.715202,-0.117859,6.213290,2.500000,0.019148
1779541654.234852,0,1,7.740148,-0.119508,6.214507,2.500000,0.019148
1779541654.244759,0,1,7.765094,-0.121142,6.215561,2.500000,0.019148
1779541654.255078,0,1,7.790043,-0.122736,6.216791,2.500000,0.019148
1779541654.265141,0,1,7.814994,-0.124315,6.217853,2.500000,0.019148
1779541654.274935,0,1,7.839946,-0.125853,6.219087,2.500000,0.019148
1779541654.284690,0,1,7.864900,-0.127376,6.220152,2.500000,0.019148
1779541654.294654,0,1,7.889856,-0.128857,6.221388,2.500000,0.019148
1779541654.305026,0,1,7.914813,-0.130324,6.222454,2.500000,0.019148
1779541654.315406,0,1,7.939772,-0.131749,6.223690,2.500000,0.019148
1779541654.324879,0,1,7.964732,-0.133158,6.224756,2.500000,0.019148
1779541654.335484,0,1,7.989695,-0.134526,6.225993,2.500000,0.019148
1779541654.344746,0,1,8.014658,-0.135879,6.227058,2.500000,0.006342
1779541654.355221,0,1,8.039624,-0.137189,6.228295,2.500000,0.006342
1779541654.364972,0,1,8.064590,-0.138485,6.229360,2.500000,0.005033
1779541654.375129,0,1,8.089559,-0.139738,6.230597,2.500000,0.005033
1779541654.385246,0,1,8.114528,-0.140976,6.231662,2.500000,0.002682
1779541654.395269,0,1,8.139500,-0.142172,6.232899,2.500000,0.002682
1779541654.404976,0,1,8.164472,-0.143353,6.233964,2.500000,0.000278
1779541654.415373,0,1,8.189446,-0.144492,6.235200,2.500000,0.000278
1779541654.425319,0,1,8.214420,-0.145615,6.236266,2.500000,-0.000912
1779541654.434746,0,1,8.239397,-0.146696,6.237502,2.500000,-0.000912
1779541654.444767,0,1,8.264373,-0.147788,6.238265,2.500000,-0.004416
1779541654.455087,0,1,8.289347,-0.148934,6.238203,2.500000,-0.004416
1779541654.465297,0,1,8.314320,-0.150100,6.237890,2.500000,-0.007546
1779541654.474966,0,1,8.339290,-0.151310,6.237134,2.500000,-0.007546
1779541654.484997,0,1,8.364260,-0.152534,6.236373,2.500000,-0.009735
1779541654.495192,0,1,8.389228,-0.153800,6.235331,2.500000,-0.009735
1779541654.505268,0,1,8.414196,-0.155078,6.234387,2.500000,-0.010481
1779541654.514818,0,1,8.439161,-0.156397,6.233227,2.500000,-0.010481
1779541654.525404,0,1,8.464125,-0.157729,6.232208,2.500000,-0.007417
1779541654.534711,0,1,8.489088,-0.159101,6.231000,2.500000,-0.007417
1779541654.545109,0,1,8.514049,-0.160487,6.229952,2.500000,-0.001573
1779541654.554650,0,1,8.539008,-0.161914,6.228726,2.500000,-0.001573
1779541654.565047,0,1,8.563967,-0.163355,6.227666,2.500000,-0.001573
1779541654.574977,0,1,8.588923,-0.164837,6.226433,2.500000,0.002927
1779541654.584934,0,1,8.613878,-0.166334,6.225368,2.500000,0.005468
1779541654.594779,0,1,8.638831,-0.167873,6.224133,2.500000,0.005468
1779541654.605088,0,1,8.663784,-0.169400,6.223369,2.500000,0.005468
1779541654.615023,0,1,8.688740,-0.170873,6.223431,2.500000,0.012933
1779541654.625115,0,1,8.713698,-0.172326,6.223744,2.500000,0.012933
1779541654.635485,0,1,8.738659,-0.173734,6.224499,2.500000,0.018490
1779541654.645379,0,1,8.763620,-0.175127,6.225259,2.500000,0.018490
1779541654.655025,0,1,8.788583,-0.176480,6.226301,2.500000,0.023143
1779541654.665043,0,1,8.813547,-0.177819,6.227245,2.500000,0.023143
1779541654.674693,0,1,8.838513,-0.179119,6.228405,2.500000,0.025197
1779541654.685017,0,1,8.863480,-0.180404,6.229423,2.500000,0.025197
1779541654.694973,0,1,8.888449,-0.181650,6.230631,2.500000,0.025197
1779541654.704933,0,1,8.913419,-0.182881,6.231679,2.500000,0.025059
1779541654.714972,0,1,8.938391,-0.184071,6.232905,2.500000,0.024167
1779541654.724997,0,1,8.963363,-0.185248,6.233965,2.500000,0.024167
1779541654.734651,0,1,8.988337,-0.186383,6.235198,2.500000,0.024167
1779541654.745266,0,1,9.013312,-0.187503,6.236262,2.500000,0.024167
1779541654.754673,0,1,9.038289,-0.188582,6.237498,2.500000,0.024167
1779541654.765278,0,1,9.063266,-0.189646,6.238563,2.500000,0.024167
1779541654.774843,0,1,9.088245,-0.190668,6.239799,2.500000,0.024167
1779541654.785000,0,1,9.113225,-0.191676,6.240865,2.500000,0.024167
1779541654.794962,0,1,9.138206,-0.192641,6.242102,2.500000,0.024167
1779541654.805152,0,1,9.163188,-0.193591,6.243168,2.500000,0.024167
1779541654.815083,0,1,9.188172,-0.194499,6.244404,2.500000,0.024167
1779541654.824829,0,1,9.213156,-0.195392,6.245470,2.500000,0.024167
1779541654.834604,0,1,9.238141,-0.196243,6.246706,2.500000,0.024167
1779541654.844829,0,1,9.263127,-0.197079,6.247772,2.500000,0.011260
1779541654.854609,0,1,9.288115,-0.197872,6.249008,2.500000,0.011260
1779541654.865160,0,1,9.313102,-0.198651,6.250074,2.500000,0.012966
1779541654.875046,0,1,9.338092,-0.199387,6.251310,2.500000,0.012966
1779541654.884984,0,1,9.363081,-0.200108,6.252375,2.500000,0.010997
1779541654.895282,0,1,9.388072,-0.200786,6.253611,2.500000,0.010997
1779541654.905001,0,1,9.413063,-0.201450,6.254677,2.500000,0.010997
1779541654.915202,0,1,9.438055,-0.202071,6.255913,2.500000,0.008474
1779541654.925001,0,1,9.463048,-0.202677,6.256978,2.500000,0.008474
1779541654.935489,0,1,9.488042,-0.203241,6.258214,2.500000,0.006725
1779541654.944997,0,1,9.513036,-0.203789,6.259280,2.500000,0.006725
1779541654.955236,0,1,9.538031,-0.204295,6.260516,2.500000,0.004857
1779541654.964652,0,1,9.563026,-0.204786,6.261581,2.500000,0.004857
1779541654.975558,0,1,9.588022,-0.205235,6.262817,2.500000,0.002916
1779541654.985124,0,1,9.613018,-0.205668,6.263882,2.500000,0.002916
1779541654.994987,0,1,9.638015,-0.206060,6.265119,2.500000,0.000976
1779541655.005247,0,1,9.663012,-0.206435,6.266184,2.500000,0.000976
1779541655.015323,0,1,9.688010,-0.206769,6.267420,2.500000,-0.000947
1779541655.024705,0,1,9.713008,-0.207087,6.268485,2.500000,-0.000947
1779541655.035409,0,1,9.738006,-0.207364,6.269721,2.500000,-0.003082
1779541655.045341,0,1,9.763005,-0.207650,6.270485,2.500000,-0.003082
1779541655.055017,0,1,9.788002,-0.207991,6.270423,2.500000,-0.004949
1779541655.065388,0,1,9.813000,-0.208352,6.270109,2.500000,-0.004949
1779541655.074580,0,1,9.837996,-0.208757,6.269353,2.500000,-0.007269
1779541655.084790,0,1,9.862993,-0.209177,6.268593,2.500000,-0.007269
1779541655.095174,0,1,9.887989,-0.209637,6.267550,2.500000,-0.008933
1779541655.105046,0,1,9.912984,-0.210110,6.266606,2.500000,-0.008933
1779541655.115173,0,1,9.937979,-0.210624,6.265446,2.500000,-0.008933
1779541655.125100,0,1,9.962973,-0.211151,6.264427,2.500000,-0.006917
1779541655.134998,0,1,9.987967,-0.211719,6.263220,2.500000,-0.006917
1779541655.145024,0,1,10.012960,-0.212300,6.262171,2.500000,-0.003016
1779541655.154841,0,1,10.037952,-0.212922,6.260945,2.500000,0.001827
1779541655.165090,0,1,10.062944,-0.213558,6.259885,2.500000,0.001827
1779541655.174708,0,1,10.087935,-0.214236,6.258652,2.500000,0.001827
1779541655.185163,0,1,10.112926,-0.214902,6.257889,2.500000,0.007119
1779541655.195458,0,1,10.137919,-0.215514,6.257952,2.500000,0.012737
1779541655.205321,0,1,10.162912,-0.216105,6.258265,2.500000,0.012737
1779541655.214862,0,1,10.187906,-0.216652,6.259021,2.500000,0.018819
1779541655.224819,0,1,10.212900,-0.217183,6.259781,2.500000,0.018819
1779541655.234943,0,1,10.237895,-0.217674,6.260823,2.500000,0.018819
1779541655.245306,0,1,10.262891,-0.218151,6.261766,2.500000,0.018819
1779541655.254599,0,1,10.287887,-0.218588,6.262926,2.500000,0.018819
1779541655.264771,0,1,10.312883,-0.219012,6.263944,2.500000,0.018819
1779541655.274739,0,1,10.337880,-0.219394,6.265152,2.500000,0.018819
1779541655.284918,0,1,10.362878,-0.219763,6.266200,2.500000,0.018819
1779541655.294683,0,1,10.387875,-0.220091,6.267426,2.500000,0.018819
1779541655.305340,0,1,10.412873,-0.220405,6.268486,2.500000,0.018819
1779541655.315018,0,1,10.437872,-0.220678,6.269719,2.500000,0.018819
1779541655.325028,0,1,10.462871,-0.220936,6.270783,2.500000,0.018819
1779541655.335001,0,1,10.487870,-0.221152,6.272018,2.500000,0.018819
1779541655.344941,0,1,10.512869,-0.221353,6.273084,2.500000,0.018557
1779541655.354875,0,1,10.537868,-0.221513,6.274320,2.500000,0.018557
1779541655.365116,0,1,10.562868,-0.221657,6.275386,2.500000,0.023820
1779541655.375017,0,1,10.587868,-0.221760,6.276623,2.500000,0.023820
1779541655.384725,0,1,10.612868,-0.221847,6.277688,2.500000,0.022972
1779541655.395441,0,1,10.637868,-0.221893,6.278925,2.500000,0.022972
1779541655.404953,0,1,10.662868,-0.221923,6.279990,2.500000,0.022105
1779541655.415191,0,1,10.687868,-0.221911,6.281227,2.500000,0.022105
1779541655.424961,0,1,10.712867,-0.221884,6.282292,2.500000,0.021172
1779541655.435004,0,1,10.737867,-0.221814,0.000343,2.500000,0.021172
1779541655.445399,0,1,10.762867,-0.221730,0.001409,2.500000,0.020280
1779541655.454943,0,1,10.787867,-0.221603,0.002645,2.500000,0.020280
1779541655.465120,0,1,10.812867,-0.221461,0.003710,2.500000,0.018723
1779541655.474570,0,1,10.837866,-0.221277,0.004947,2.500000,0.018723
1779541655.485452,0,1,10.862865,-0.221077,0.006012,2.500000,0.018623
1779541655.494921,0,1,10.887864,-0.220835,0.007248,2.500000,0.018623
1779541655.505038,0,1,10.912863,-0.220578,0.008314,2.500000,0.017383
1779541655.514918,0,1,10.937861,-0.220279,0.009550,2.500000,0.017383
1779541655.524825,0,1,10.962859,-0.219965,0.010615,2.500000,0.016347
1779541655.534712,0,1,10.987856,-0.219608,0.011851,2.500000,0.016347
1779541655.545404,0,1,11.012853,-0.219236,0.012916,2.500000,0.015354
1779541655.555170,0,1,11.037850,-0.218821,0.014152,2.500000,0.015354
1779541655.565356,0,1,11.062846,-0.218392,0.015218,2.500000,0.015354
1779541655.574947,0,1,11.087842,-0.217920,0.016454,2.500000,0.013764
1779541655.585086,0,1,11.112837,-0.217433,0.017519,2.500000,0.013764
1779541655.595002,0,1,11.137831,-0.216904,0.018755,2.500000,0.012819
1779541655.605013,0,1,11.162826,-0.216359,0.019821,2.500000,0.012819
1779541655.614971,0,1,11.187819,-0.215772,0.021057,2.500000,0.011744
1779541655.625097,0,1,11.212811,-0.215170,0.022122,2.500000,0.011744
1779541655.635121,0,1,11.237803,-0.214526,0.023358,2.500000,0.010670
1779541655.644627,0,1,11.262794,-0.213866,0.024423,2.500000,0.009535
1779541655.654942,0,1,11.287785,-0.213164,0.025659,2.500000,0.009535
1779541655.664742,0,1,11.312774,-0.212447,0.026725,2.500000,0.008921
1779541655.674954,0,1,11.337763,-0.211688,0.027961,2.500000,0.008921
1779541655.685001,0,1,11.362751,-0.210913,0.029026,2.500000,0.007757
1779541655.695081,0,1,11.387737,-0.210096,0.030262,2.500000,0.007757
1779541655.704736,0,1,11.412723,-0.209264,0.031327,2.500000,0.006613
1779541655.714828,0,1,11.437708,-0.208390,0.032563,2.500000,0.006613
1779541655.725185,0,1,11.462692,-0.207500,0.033629,2.500000,0.005426
1779541655.734979,0,1,11.487675,-0.206568,0.034865,2.500000,0.005426
1779541655.745463,0,1,11.512657,-0.205621,0.035930,2.500000,0.005426
1779541655.754958,0,1,11.537637,-0.204632,0.037166,2.500000,0.005426
1779541655.765352,0,1,11.562617,-0.203627,0.038232,2.500000,0.005426
1779541655.774860,0,1,11.587595,-0.202580,0.039468,2.500000,0.005426
1779541655.785102,0,1,11.612573,-0.201518,0.040533,2.500000,0.005426
1779541655.794929,0,1,11.637548,-0.200414,0.041769,2.500000,0.005426
1779541655.805192,0,1,11.662523,-0.199294,0.042834,2.500000,0.005426
1779541655.814954,0,1,11.687496,-0.198132,0.044070,2.500000,0.005426
1779541655.824689,0,1,11.712468,-0.196955,0.045136,2.500000,0.005426
1779541655.834597,0,1,11.737439,-0.195736,0.046372,2.500000,0.005426
1779541655.844811,0,1,11.762408,-0.194501,0.047437,2.500000,0.005426
1779541655.854623,0,1,11.787376,-0.193224,0.048673,2.500000,0.001799
1779541655.864629,0,1,11.812342,-0.191932,0.049738,2.500000,0.001799
1779541655.875163,0,1,11.837307,-0.190598,0.050975,2.500000,-0.003486
1779541655.885125,0,1,11.862270,-0.189249,0.052040,2.500000,-0.003486
1779541655.895172,0,1,11.887231,-0.187857,0.053276,2.500000,-0.004705
1779541655.905137,0,1,11.912193,-0.186476,0.054040,2.500000,-0.004705
1779541655.914912,0,1,11.937158,-0.185149,0.053977,2.500000,-0.005940
1779541655.925081,0,1,11.962124,-0.183842,0.053664,2.500000,-0.005940
1779541655.935618,0,1,11.987092,-0.182579,0.052908,2.500000,-0.007220
1779541655.945030,0,1,12.012061,-0.181331,0.052147,2.500000,-0.007220
1779541655.955051,0,1,12.037031,-0.180123,0.051105,2.500000,-0.007220
1779541655.965249,0,1,12.062003,-0.178929,0.050161,2.500000,-0.007978
1779541655.974945,0,1,12.086976,-0.177774,0.049000,2.500000,-0.007978
1779541655.984941,0,1,12.111950,-0.176633,0.047982,2.500000,-0.005043
1779541655.994780,0,1,12.136926,-0.175533,0.046774,2.500000,-0.000126
1779541656.005289,0,1,12.161902,-0.174446,0.045726,2.500000,-0.000126
1779541656.014550,0,1,12.186880,-0.173400,0.044500,2.500000,0.005675
1779541656.025266,0,1,12.211859,-0.172368,0.043440,2.500000,0.005675
1779541656.034970,0,1,12.236839,-0.171377,0.042206,2.500000,0.012003
1779541656.044960,0,1,12.261819,-0.170376,0.041444,2.500000,0.012003
1779541656.054854,0,1,12.286797,-0.169319,0.041506,2.500000,0.018776
1779541656.065219,0,1,12.311774,-0.168242,0.041820,2.500000,0.018776
1779541656.074959,0,1,12.336749,-0.167121,0.042576,2.500000,0.025524
1779541656.084976,0,1,12.361723,-0.165984,0.043335,2.500000,0.025524
1779541656.094857,0,1,12.386695,-0.164807,0.044378,2.500000,0.032459
1779541656.104927,0,1,12.411667,-0.163616,0.045321,2.500000,0.032459
1779541656.114650,0,1,12.436635,-0.162359,0.046782,2.500000,0.035722
1779541656.124654,0,1,12.461598,-0.160993,0.049099,2.500000,0.035722
1779541656.134569,0,1,12.486556,-0.159550,0.051685,2.500000,0.037617
1779541656.144780,0,1,12.511508,-0.158008,0.054725,2.500000,0.037617
1779541656.154711,0,1,12.536456,-0.156395,0.057777,2.500000,0.038278
1779541656.164624,0,1,12.561398,-0.154684,0.061116,2.500000,0.038278
1779541656.174788,0,1,12.586334,-0.152904,0.064358,2.500000,0.036444
1779541656.184783,0,1,12.611264,-0.151028,0.067818,2.500000,0.036444
1779541656.194954,0,1,12.636188,-0.149081,0.071138,2.500000,0.031599
1779541656.205262,0,1,12.661104,-0.147037,0.074647,2.500000,0.031599
1779541656.215026,0,1,12.686017,-0.144948,0.077695,2.500000,0.025472
1779541656.225226,0,1,12.710929,-0.142858,0.079925,2.500000,0.025472
1779541656.234560,0,1,12.735838,-0.140731,0.081908,2.500000,0.018461
1779541656.245302,0,1,12.760747,-0.138592,0.083451,2.500000,0.018461
1779541656.254620,0,1,12.785651,-0.136412,0.084991,2.500000,0.018461
1779541656.265110,0,1,12.810555,-0.134215,0.086250,2.500000,0.018461
1779541656.275103,0,1,12.835454,-0.131975,0.087608,2.500000,0.018461
1779541656.285108,0,1,12.860352,-0.129718,0.088750,2.500000,0.018461
1779541656.294997,0,1,12.885246,-0.127417,0.090033,2.500000,0.018461
1779541656.304604,0,1,12.910138,-0.125100,0.091128,2.500000,0.018461
1779541656.314964,0,1,12.935027,-0.122739,0.092381,2.500000,0.018461
1779541656.326010,0,1,12.959913,-0.120362,0.093457,2.500000,0.018461
1779541656.334871,0,1,12.984796,-0.117942,0.094699,2.500000,0.018461
1779541656.345009,0,1,13.009677,-0.115506,0.095767,2.500000,0.018461
1779541656.354900,0,1,13.034554,-0.113027,0.097005,2.500000,0.018461
1779541656.365200,0,1,13.059429,-0.110532,0.098071,2.500000,0.003954
1779541656.374952,0,1,13.084300,-0.107996,0.099307,2.500000,-0.000254
1779541656.384831,0,1,13.109169,-0.105443,0.100372,2.500000,-0.000254
1779541656.394553,0,1,13.134034,-0.102848,0.101608,2.500000,-0.000782
1779541656.404658,0,1,13.158900,-0.100264,0.102371,2.500000,-0.000782
1779541656.414758,0,1,13.183772,-0.097733,0.102309,2.500000,-0.001389
1779541656.424760,0,1,13.208645,-0.095222,0.101994,2.500000,-0.001389
1779541656.434608,0,1,13.233523,-0.092755,0.101238,2.500000,-0.002039
1779541656.445010,0,1,13.258403,-0.090302,0.100478,2.500000,-0.002039
1779541656.454962,0,1,13.283286,-0.087890,0.099434,2.500000,-0.002227
1779541656.464872,0,1,13.308171,-0.085490,0.098490,2.500000,-0.002227
1779541656.475159,0,1,13.333059,-0.083131,0.097330,2.500000,0.001208
1779541656.485012,0,1,13.357949,-0.080785,0.096311,2.500000,0.001208
1779541656.495150,0,1,13.382842,-0.078479,0.095104,2.500000,0.006833
1779541656.504999,0,1,13.407735,-0.076162,0.094357,2.500000,0.006833
1779541656.515233,0,1,13.432622,-0.073789,0.094429,2.500000,0.013420
1779541656.525254,0,1,13.457507,-0.071394,0.094748,2.500000,0.013420
1779541656.534839,0,1,13.482388,-0.068955,0.095507,2.500000,0.020430
1779541656.544637,0,1,13.507267,-0.066501,0.096268,2.500000,0.024460
1779541656.555288,0,1,13.532142,-0.064005,0.097311,2.500000,0.024460
1779541656.564981,0,1,13.557016,-0.061496,0.098255,2.500000,0.029254
1779541656.575721,0,1,13.581885,-0.058947,0.099414,2.500000,0.029254
1779541656.585047,0,1,13.606754,-0.056384,0.100433,2.500000,0.031727
1779541656.595310,0,1,13.631618,-0.053780,0.101640,2.500000,0.031727
1779541656.605324,0,1,13.656480,-0.051163,0.102687,2.500000,0.033507
1779541656.614665,0,1,13.681339,-0.048505,0.103913,2.500000,0.033507
1779541656.625035,0,1,13.706195,-0.045832,0.104973,2.500000,0.033507
1779541656.635561,0,1,13.731045,-0.043093,0.106507,2.500000,0.033912
1779541656.645132,0,1,13.755882,-0.040243,0.108869,2.500000,0.033912
1779541656.655170,0,1,13.780710,-0.037317,0.111484,2.500000,0.035500
1779541656.664910,0,1,13.805526,-0.034290,0.114542,2.500000,0.035500
1779541656.675229,0,1,13.830333,-0.031192,0.117603,2.500000,0.036405
1779541656.684784,0,1,13.855128,-0.027997,0.120948,2.500000,0.036405
1779541656.694818,0,1,13.879914,-0.024731,0.124194,2.500000,0.034680
1779541656.704968,0,1,13.904687,-0.021370,0.127656,2.500000,0.034680
1779541656.715237,0,1,13.929450,-0.017938,0.130976,2.500000,0.030195
1779541656.724765,0,1,13.954200,-0.014409,0.134485,2.500000,0.030195
1779541656.734812,0,1,13.978943,-0.010835,0.137534,2.500000,0.024486
1779541656.744994,0,1,14.003686,-0.007259,0.139763,2.500000,0.024486
1779541656.754976,0,1,14.028424,-0.003648,0.141746,2.500000,0.024486
1779541656.764888,0,1,14.053160,-0.000024,0.143288,2.500000,0.024486
1779541656.774884,0,1,14.077890,0.003642,0.144829,2.500000,0.024486
1779541656.785217,0,1,14.102617,0.007323,0.146087,2.500000,0.024486
1779541656.794985,0,1,14.127338,0.011048,0.147445,2.500000,0.024486
1779541656.804904,0,1,14.152056,0.014790,0.148586,2.500000,0.024486
1779541656.815151,0,1,14.176768,0.018575,0.149870,2.500000,0.024486
1779541656.825002,0,1,14.201477,0.022377,0.150964,2.500000,0.024486
1779541656.835153,0,1,14.226180,0.026221,0.152218,2.500000,0.024486
1779541656.844987,0,1,14.250880,0.030082,0.153293,2.500000,0.024486
1779541656.854747,0,1,14.275573,0.033986,0.154535,2.500000,0.007592
1779541656.864868,0,1,14.300264,0.037905,0.155603,2.500000,0.007592
1779541656.874662,0,1,14.324948,0.041867,0.156841,2.500000,0.004645
1779541656.885186,0,1,14.349630,0.045845,0.157907,2.500000,0.004645
1779541656.894727,0,1,14.374305,0.049865,0.159143,2.500000,0.005078
1779541656.904646,0,1,14.398977,0.053900,0.160208,2.500000,0.005078
1779541656.914805,0,1,14.423642,0.057977,0.161444,2.500000,0.005426
1779541656.924979,0,1,14.448305,0.062069,0.162509,2.500000,0.005426
1779541656.935106,0,1,14.472961,0.066203,0.163744,2.500000,0.006006
1779541656.945199,0,1,14.497614,0.070353,0.164809,2.500000,0.006006
1779541656.954606,0,1,14.522260,0.074544,0.166045,2.500000,0.006562
1779541656.965199,0,1,14.546904,0.078750,0.167110,2.500000,0.006562
1779541656.975193,0,1,14.571540,0.082998,0.168346,2.500000,0.007371
1779541656.985003,0,1,14.596174,0.087262,0.169411,2.500000,0.007371
1779541656.994865,0,1,14.620801,0.091566,0.170647,2.500000,0.008083
1779541657.004731,0,1,14.645424,0.095886,0.171712,2.500000,0.008083
1779541657.015178,0,1,14.670041,0.100248,0.172948,2.500000,0.008939
1779541657.024571,0,1,14.694655,0.104625,0.174013,2.500000,0.008939
1779541657.034971,0,1,14.719261,0.109043,0.175249,2.500000,0.009958
1779541657.045017,0,1,14.743865,0.113476,0.176314,2.500000,0.009958
1779541657.055251,0,1,14.768461,0.117951,0.177550,2.500000,0.011184
1779541657.065068,0,1,14.793055,0.122441,0.178616,2.500000,0.011184
1779541657.074517,0,1,14.817641,0.126973,0.179852,2.500000,0.012216
1779541657.084998,0,1,14.842224,0.131519,0.180917,2.500000,0.012216
1779541657.095132,0,1,14.866799,0.136107,0.182153,2.500000,0.013616
1779541657.104978,0,1,14.891372,0.140711,0.183218,2.500000,0.013616
1779541657.115295,0,1,14.915937,0.145355,0.184454,2.500000,0.015034
1779541657.125024,0,1,14.940498,0.150015,0.185520,2.500000,0.015034
1779541657.134651,0,1,14.965052,0.154716,0.186756,2.500000,0.016588
1779541657.145203,0,1,14.989604,0.159432,0.187821,2.500000,0.016588
1779541657.154753,0,1,15.014147,0.164190,0.189057,2.500000,0.018313
1779541657.165238,0,1,15.038687,0.168963,0.190122,2.500000,0.018313
1779541657.174850,0,1,15.063219,0.173777,0.191358,2.500000,0.020066
1779541657.185119,0,1,15.087748,0.178606,0.192424,2.500000,0.020066
1779541657.195095,0,1,15.112269,0.183477,0.193660,2.500000,0.022096
1779541657.204822,0,1,15.136787,0.188362,0.194725,2.500000,0.022096
1779541657.215072,0,1,15.161297,0.193289,0.195961,2.500000,0.024141
1779541657.225163,0,1,15.185803,0.198231,0.197027,2.500000,0.024141
1779541657.234742,0,1,15.210302,0.203215,0.198263,2.500000,0.026313
1779541657.245091,0,1,15.234797,0.208213,0.199328,2.500000,0.026313
1779541657.255634,0,1,15.259284,0.213253,0.200564,2.500000,0.026313
1779541657.264939,0,1,15.283767,0.218308,0.201629,2.500000,0.026313
1779541657.274960,0,1,15.308242,0.223404,0.202865,2.500000,0.026313
1779541657.284851,0,1,15.332714,0.228515,0.203931,2.500000,0.026313
1779541657.294949,0,1,15.357178,0.233668,0.205167,2.500000,0.026313
1779541657.304864,0,1,15.381638,0.238835,0.206232,2.500000,0.026313
1779541657.315253,0,1,15.406089,0.244044,0.207468,2.500000,0.026313
1779541657.324943,0,1,15.430537,0.249267,0.208533,2.500000,0.026313
1779541657.335124,0,1,15.454976,0.254532,0.209769,2.500000,0.026313
1779541657.345019,0,1,15.479413,0.259812,0.210835,2.500000,0.026313
1779541657.354804,0,1,15.503840,0.265134,0.212071,2.500000,0.035661
1779541657.365310,0,1,15.528264,0.270470,0.213136,2.500000,0.035661
1779541657.374511,0,1,15.552673,0.275872,0.214674,2.500000,0.046035
1779541657.385003,0,1,15.577058,0.281384,0.217037,2.500000,0.046035
1779541657.394886,0,1,15.601425,0.286971,0.219652,2.500000,0.049502
1779541657.405039,0,1,15.625770,0.292658,0.222710,2.500000,0.049502
1779541657.415310,0,1,15.650098,0.298414,0.225771,2.500000,0.053175
1779541657.424917,0,1,15.674404,0.304266,0.229116,2.500000,0.053175
1779541657.434939,0,1,15.698692,0.310187,0.232361,2.500000,0.054961
1779541657.444878,0,1,15.722958,0.316203,0.235823,2.500000,0.054961
1779541657.454861,0,1,15.747206,0.322288,0.239143,2.500000,0.053068
1779541657.465046,0,1,15.771430,0.328467,0.242652,2.500000,0.053068
1779541657.475102,0,1,15.795637,0.334716,0.246001,2.500000,0.050936
1779541657.484624,0,1,15.819818,0.341060,0.249529,2.500000,0.050936
1779541657.495083,0,1,15.843982,0.347473,0.252890,2.500000,0.047498
1779541657.505081,0,1,15.868120,0.353982,0.256425,2.500000,0.047498
1779541657.514940,0,1,15.892239,0.360560,0.259790,2.500000,0.044344
1779541657.524690,0,1,15.916331,0.367234,0.263327,2.500000,0.044344
1779541657.535367,0,1,15.940404,0.373978,0.266694,2.500000,0.040753
1779541657.545003,0,1,15.964451,0.380817,0.270232,2.500000,0.040753
1779541657.554854,0,1,15.988477,0.387726,0.273599,2.500000,0.037556
1779541657.565242,0,1,16.012476,0.394731,0.277137,2.500000,0.037556
1779541657.575215,0,1,16.036454,0.401805,0.280505,2.500000,0.034286
1779541657.585118,0,1,16.060404,0.408975,0.284042,2.500000,0.034286
1779541657.595112,0,1,16.084333,0.416214,0.287410,2.500000,0.030522
1779541657.605249,0,1,16.108232,0.423549,0.290947,2.500000,0.030522
1779541657.614884,0,1,16.132118,0.430928,0.294013,2.500000,0.027071
1779541657.624826,0,1,16.156003,0.438311,0.296252,2.500000,0.027071
1779541657.634898,0,1,16.179878,0.445729,0.298240,2.500000,0.023501
1779541657.644860,0,1,16.203748,0.453160,0.299785,2.500000,0.019861
1779541657.654994,0,1,16.227605,0.460632,0.301327,2.500000,0.019861
1779541657.664911,0,1,16.251457,0.468121,0.302585,2.500000,0.019861
1779541657.675042,0,1,16.275296,0.475651,0.303943,2.500000,0.018812
1779541657.684661,0,1,16.299130,0.483198,0.305084,2.500000,0.018812
1779541657.694950,0,1,16.322950,0.490787,0.306367,2.500000,0.020503
1779541657.705000,0,1,16.346765,0.498392,0.307461,2.500000,0.020503
1779541657.715019,0,1,16.370567,0.506039,0.308714,2.500000,0.023581
1779541657.724757,0,1,16.394363,0.513702,0.309789,2.500000,0.023581
1779541657.735210,0,1,16.418147,0.521406,0.311030,2.500000,0.027335
1779541657.745087,0,1,16.441925,0.529126,0.312098,2.500000,0.027335
1779541657.755024,0,1,16.465690,0.536886,0.313336,2.500000,0.027335
1779541657.764610,0,1,16.489450,0.544661,0.314401,2.500000,0.027335
1779541657.774905,0,1,16.513197,0.552477,0.315637,2.500000,0.027335
1779541657.785012,0,1,16.536939,0.560308,0.316702,2.500000,0.027335
1779541657.794598,0,1,16.560667,0.568180,0.317938,2.500000,0.027335
1779541657.804979,0,1,16.584391,0.576066,0.319002,2.500000,0.027335
1779541657.815322,0,1,16.608101,0.583992,0.320238,2.500000,0.027335
1779541657.825585,0,1,16.631806,0.591933,0.321303,2.500000,0.027335
1779541657.834585,0,1,16.655498,0.599914,0.322539,2.500000,0.027335
1779541657.844739,0,1,16.679185,0.607910,0.323604,2.500000,0.027335
1779541657.855210,0,1,16.702858,0.615946,0.324839,2.500000,0.047265
1779541657.865506,0,1,16.726527,0.623996,0.325904,2.500000,0.047265
1779541657.874825,0,1,16.750173,0.632111,0.327442,2.500000,0.062677
1779541657.885221,0,1,16.773783,0.640331,0.329805,2.500000,0.062677
1779541657.894907,0,1,16.797367,0.648625,0.332420,2.500000,0.068670
1779541657.904822,0,1,16.820917,0.657015,0.335478,2.500000,0.068670
1779541657.914575,0,1,16.844443,0.665472,0.338539,2.500000,0.074664
1779541657.925168,0,1,16.867927,0.674047,0.342185,2.500000,0.074664
1779541657.935160,0,1,16.891353,0.682778,0.346728,2.500000,0.079205
1779541657.945155,0,1,16.914731,0.691633,0.351569,2.500000,0.079205
1779541657.955044,0,1,16.938054,0.700636,0.356881,2.500000,0.080798
1779541657.965320,0,1,16.961331,0.709758,0.362216,2.500000,0.080798
1779541657.974593,0,1,16.984550,0.719023,0.367844,2.500000,0.080764
1779541657.984932,0,1,17.007723,0.728406,0.373381,2.500000,0.080764
1779541657.994729,0,1,17.030837,0.737931,0.379139,2.500000,0.076987
1779541658.005126,0,1,17.053902,0.747575,0.384757,2.500000,0.076987
1779541658.015154,0,1,17.076907,0.757361,0.390566,2.500000,0.070781
1779541658.025292,0,1,17.099862,0.767265,0.396217,2.500000,0.070781
1779541658.035014,0,1,17.122754,0.777311,0.402046,2.500000,0.064102
1779541658.044909,0,1,17.145595,0.787476,0.407709,2.500000,0.060843
1779541658.054960,0,1,17.168371,0.797783,0.413546,2.500000,0.060843
1779541658.065547,0,1,17.191105,0.808184,0.418912,2.500000,0.052710
1779541658.074961,0,1,17.213813,0.818639,0.423453,2.500000,0.052710
1779541658.085173,0,1,17.236482,0.829180,0.427742,2.500000,0.044876
1779541658.094919,0,1,17.259121,0.839785,0.431590,2.500000,0.044876
1779541658.105009,0,1,17.281718,0.850481,0.435433,2.500000,0.036929
1779541658.114659,0,1,17.304283,0.861243,0.438994,2.500000,0.036929
1779541658.124645,0,1,17.326804,0.872097,0.442653,2.500000,0.031375
1779541658.134985,0,1,17.349292,0.883019,0.446096,2.500000,0.031375
1779541658.145094,0,1,17.371736,0.894031,0.449681,2.500000,0.028316
1779541658.155168,0,1,17.394158,0.905087,0.452775,2.500000,0.028316
1779541658.165101,0,1,17.416578,0.916148,0.455032,2.500000,0.026711
1779541658.175236,0,1,17.438981,0.927243,0.457029,2.500000,0.026711
1779541658.184692,0,1,17.461378,0.938351,0.458580,2.500000,0.025512
1779541658.195265,0,1,17.483755,0.949498,0.460124,2.500000,0.025512
1779541658.205211,0,1,17.506125,0.960661,0.461384,2.500000,0.025021
1779541658.214908,0,1,17.528474,0.971864,0.462742,2.500000,0.025021
1779541658.225029,0,1,17.550815,0.983083,0.463883,2.500000,0.026462
1779541658.234998,0,1,17.573137,0.994342,0.465166,2.500000,0.026462
1779541658.245029,0,1,17.595450,1.005616,0.466259,2.500000,0.026462
1779541658.254946,0,1,17.617744,1.016930,0.467512,2.500000,0.026462
1779541658.265178,0,1,17.640029,1.028258,0.468586,2.500000,0.026462
1779541658.274522,0,1,17.662296,1.039626,0.469827,2.500000,0.026462
1779541658.284922,0,1,17.684554,1.051008,0.470895,2.500000,0.026462
1779541658.295028,0,1,17.706794,1.062428,0.472132,2.500000,0.026462
1779541658.304938,0,1,17.729025,1.073862,0.473197,2.500000,0.026462
1779541658.315075,0,1,17.751238,1.085335,0.474433,2.500000,0.026462
1779541658.324906,0,1,17.773443,1.096821,0.475498,2.500000,0.026462
1779541658.334980,0,1,17.795628,1.108345,0.476733,2.500000,0.026462
1779541658.345052,0,1,17.817806,1.119884,0.477798,2.500000,0.061528
1779541658.354563,0,1,17.839965,1.131459,0.479033,2.500000,0.061528
1779541658.365299,0,1,17.862116,1.143049,0.480098,2.500000,0.078186
1779541658.374703,0,1,17.884236,1.154699,0.481635,2.500000,0.086686
1779541658.384666,0,1,17.906291,1.166470,0.484300,2.500000,0.086686
1779541658.394955,0,1,17.928263,1.178395,0.488213,2.500000,0.097424
1779541658.405232,0,1,17.950170,1.190440,0.492649,2.500000,0.097424
1779541658.414521,0,1,17.971988,1.202647,0.498005,2.500000,0.106560
1779541658.426101,0,1,17.993695,1.215048,0.504472,2.500000,0.106560
1779541658.435226,0,1,18.015307,1.227614,0.511375,2.500000,0.114899
1779541658.444810,0,1,18.036812,1.240363,0.518838,2.500000,0.114899
1779541658.455331,0,1,18.058223,1.253270,0.526380,2.500000,0.115250
1779541658.465027,0,1,18.079525,1.266355,0.534252,2.500000,0.115250
1779541658.475191,0,1,18.100730,1.279596,0.542054,2.500000,0.111195
1779541658.484519,0,1,18.121824,1.293014,0.550092,2.500000,0.109848
1779541658.495009,0,1,18.142819,1.306586,0.557999,2.500000,0.109848
1779541658.504567,0,1,18.163698,1.320336,0.566103,2.500000,0.098777
1779541658.515004,0,1,18.184476,1.334239,0.574051,2.500000,0.098777
1779541658.524984,0,1,18.205134,1.348318,0.582180,2.500000,0.088485
1779541658.534928,0,1,18.225688,1.362551,0.590144,2.500000,0.088485
1779541658.544903,0,1,18.246119,1.376957,0.598282,2.500000,0.077498
1779541658.554978,0,1,18.266457,1.391495,0.605950,2.500000,0.077498
1779541658.564934,0,1,18.286727,1.406128,0.612792,2.500000,0.065821
1779541658.575526,0,1,18.306908,1.420884,0.619384,2.500000,0.065821
1779541658.585008,0,1,18.327013,1.435743,0.625533,2.500000,0.054220
1779541658.595313,0,1,18.347025,1.450727,0.631679,2.500000,0.054220
1779541658.604676,0,1,18.366972,1.465797,0.637239,2.500000,0.042510
1779541658.614629,0,1,18.386883,1.480916,0.641903,2.500000,0.042510
1779541658.625313,0,1,18.406734,1.496112,0.646268,2.500000,0.031215
1779541658.635072,0,1,18.426541,1.511365,0.650163,2.500000,0.031215
1779541658.645243,0,1,18.446286,1.526700,0.654034,2.500000,0.031215
1779541658.654962,0,1,18.466000,1.542074,0.657310,2.500000,0.025351
1779541658.665469,0,1,18.485710,1.557453,0.659681,2.500000,0.025351
1779541658.675141,0,1,18.505395,1.572863,0.661750,2.500000,0.024495
1779541658.685240,0,1,18.525070,1.588287,0.663345,2.500000,0.024495
1779541658.695036,0,1,18.544718,1.603746,0.664916,2.500000,0.025800
1779541658.705024,0,1,18.564353,1.619221,0.666192,2.500000,0.025800
1779541658.714876,0,1,18.583960,1.634731,0.667559,2.500000,0.030272
1779541658.725266,0,1,18.603555,1.650256,0.668706,2.500000,0.030272
1779541658.735388,0,1,18.623122,1.665817,0.669991,2.500000,0.030272
1779541658.745136,0,1,18.642677,1.681392,0.671085,2.500000,0.030272
1779541658.754909,0,1,18.662205,1.697002,0.672338,2.500000,0.030272
1779541658.765505,0,1,18.681722,1.712625,0.673413,2.500000,0.030272
1779541658.775033,0,1,18.701212,1.728282,0.674653,2.500000,0.030272
1779541658.785373,0,1,18.720691,1.743952,0.675721,2.500000,0.030272
1779541658.795097,0,1,18.740143,1.759657,0.676957,2.500000,0.030272
1779541658.805182,0,1,18.759585,1.775373,0.678022,2.500000,0.030272
1779541658.814990,0,1,18.779000,1.791123,0.679257,2.500000,0.030272
1779541658.825218,0,1,18.798405,1.806886,0.680322,2.500000,0.030272
1779541658.834949,0,1,18.817783,1.822681,0.681557,2.500000,0.030272
1779541658.845106,0,1,18.837151,1.838489,0.682621,2.500000,0.030272
1779541658.855105,0,1,18.856492,1.854329,0.683857,2.500000,0.030272
1779541658.865332,0,1,18.875823,1.870182,0.684921,2.500000,0.030272
1779541658.874883,0,1,18.895127,1.886067,0.686157,2.500000,0.088776
1779541658.884811,0,1,18.914422,1.901964,0.687222,2.500000,0.088776
1779541658.894572,0,1,18.933673,1.917914,0.688759,2.500000,0.128291
1779541658.904683,0,1,18.952836,1.933969,0.691424,2.500000,0.128291
1779541658.915442,0,1,18.971840,1.950155,0.695679,2.460139,0.142035
1779541658.925172,0,1,18.990620,1.966495,0.701817,2.460139,0.142035
1779541658.935029,0,1,19.009135,1.982994,0.709725,2.420144,0.156238
1779541658.944690,0,1,19.027396,1.999604,0.718480,2.420144,0.156238
1779541658.954984,0,1,19.045378,2.016326,0.728076,2.380100,0.167709
1779541658.965132,0,1,19.063092,2.033124,0.737901,2.380100,0.167709
1779541658.975248,0,1,19.080486,2.050022,0.748498,2.331919,0.166058
1779541658.985270,0,1,19.097517,2.067035,0.760116,2.331919,0.166058
1779541658.994942,0,1,19.114234,2.084157,0.771999,2.331919,0.166058
1779541659.005360,0,1,19.130612,2.101391,0.784339,2.292167,0.157645
1779541659.014864,0,1,19.146668,2.118706,0.796641,2.292167,0.157645
1779541659.025216,0,1,19.162414,2.136152,0.809113,2.312302,0.143229
1779541659.035100,0,1,19.177918,2.153717,0.821022,2.312302,0.143229
1779541659.045086,0,1,19.193222,2.171380,0.832028,2.312302,0.143229
1779541659.054986,0,1,19.208322,2.189187,0.842705,2.345900,0.103474
1779541659.065288,0,1,19.223255,2.207141,0.852871,2.345900,0.103474
1779541659.074832,0,1,19.237998,2.225258,0.862998,2.345900,0.103474
1779541659.084913,0,1,19.252595,2.243507,0.872523,2.372261,0.085656
1779541659.095039,0,1,19.267083,2.261865,0.881162,2.372261,0.085656
1779541659.105449,0,1,19.281434,2.280349,0.889525,2.372261,0.085656
1779541659.114710,0,1,19.295690,2.298935,0.897143,2.400205,0.060200
1779541659.124727,0,1,19.309887,2.317601,0.903787,2.400205,0.060200
1779541659.134959,0,1,19.324000,2.336373,0.910093,2.432200,0.037232
1779541659.145741,0,1,19.338069,2.355226,0.915621,2.432200,0.037232
1779541659.155078,0,1,19.352127,2.374136,0.920158,2.432200,0.037232
1779541659.165481,0,1,19.366143,2.393122,0.924349,2.432200,0.037232
1779541659.174704,0,1,19.380137,2.412176,0.928049,2.465189,0.015616
1779541659.184770,0,1,19.394091,2.431319,0.931714,2.465189,0.015616
1779541659.194826,0,1,19.408044,2.450526,0.934793,2.486362,0.006188
1779541659.205270,0,1,19.422033,2.469772,0.937000,2.486362,0.006188
1779541659.214608,0,1,19.436030,2.489080,0.938930,2.500000,0.004131
1779541659.224824,0,1,19.450053,2.508436,0.940412,2.500000,0.004131
1779541659.235028,0,1,19.464078,2.527856,0.941886,2.500000,0.002854
1779541659.244962,0,1,19.478123,2.547322,0.943082,2.500000,0.002854
1779541659.254737,0,1,19.492164,2.566850,0.944378,2.500000,0.002854
1779541659.265243,0,1,19.506221,2.586422,0.945463,2.500000,0.002854
1779541659.274667,0,1,19.520270,2.606052,0.946691,2.500000,0.002854
1779541659.285567,0,1,19.534333,2.625722,0.947736,2.500000,0.002854
1779541659.295170,0,1,19.548386,2.645448,0.948939,2.500000,0.002854
1779541659.305087,0,1,19.562449,2.665211,0.949970,2.500000,0.002854
1779541659.315016,0,1,19.576501,2.685027,0.951167,2.500000,0.002854
1779541659.325174,0,1,19.590560,2.704878,0.952196,2.500000,0.002854
1779541659.335020,0,1,19.604606,2.724778,0.953392,2.500000,0.002854
1779541659.345025,0,1,19.618658,2.744711,0.954422,2.500000,0.002854
1779541659.355176,0,1,19.632694,2.764691,0.955621,2.500000,0.002854
1779541659.364689,0,1,19.646734,2.784702,0.956653,2.500000,0.002854
1779541659.375197,0,1,19.660757,2.804757,0.957855,2.500000,0.002854
1779541659.385104,0,1,19.674783,2.824841,0.958889,2.500000,0.002854
1779541659.394950,0,1,19.688789,2.844968,0.960094,2.500000,0.002854
1779541659.404873,0,1,19.702796,2.865121,0.961132,2.500000,0.074682
1779541659.415042,0,1,19.716783,2.885315,0.962339,2.500000,0.074682
1779541659.424720,0,1,19.730770,2.905534,0.963379,2.500000,0.100327
1779541659.435025,0,1,19.744714,2.925807,0.964888,2.500000,0.100327
1779541659.444716,0,1,19.758557,2.946172,0.967513,2.500000,0.113805
1779541659.455070,0,1,19.772245,2.966662,0.971669,2.500000,0.113805
1779541659.464680,0,1,19.785751,2.987294,0.977323,2.500000,0.128619
1779541659.474677,0,1,19.799106,3.008043,0.983663,2.500000,0.128619
1779541659.485235,0,1,19.812260,3.028919,0.991040,2.459942,0.141131
1779541659.494989,0,1,19.825171,3.049930,0.999614,2.459942,0.141131
1779541659.504776,0,1,19.837847,3.071017,1.008721,2.412217,0.142667
1779541659.515321,0,1,19.850247,3.092161,1.018479,2.412217,0.142667
1779541659.525035,0,1,19.862406,3.113359,1.028329,2.412217,0.142667
1779541659.535198,0,1,19.874322,3.134658,1.038461,2.443733,0.137362
1779541659.544834,0,1,19.886034,3.156071,1.048453,2.443733,0.137362
1779541659.554861,0,1,19.897518,3.177610,1.058636,2.443733,0.137362
1779541659.564863,0,1,19.908798,3.199264,1.068652,2.471680,0.121844
1779541659.574803,0,1,19.919853,3.221050,1.078837,2.471680,0.121844
1779541659.585138,0,1,19.930729,3.242942,1.088554,2.471680,0.121844
1779541659.594762,0,1,19.941465,3.264924,1.097455,2.499668,0.102987
1779541659.605239,0,1,19.952034,3.287015,1.106109,2.499668,0.102987
1779541659.615244,0,1,19.962455,3.309203,1.114333,2.499668,0.102987
1779541659.625353,0,1,19.972700,3.331499,1.122562,2.500000,0.080980
1779541659.634888,0,1,19.982792,3.353888,1.130523,2.500000,0.080980
1779541659.645650,0,1,19.992703,3.376381,1.138592,2.500000,0.080980
1779541659.655350,0,1,20.002480,3.398954,1.146157,2.500000,0.060707
1779541659.665132,0,1,20.012162,3.421588,1.152888,2.500000,0.060707
1779541659.675569,0,1,20.021718,3.444296,1.159365,2.500000,0.060707
1779541659.684731,0,1,20.031190,3.467058,1.165103,2.500000,0.043960
1779541659.695320,0,1,20.040618,3.489856,1.169854,2.500000,0.043960
1779541659.705154,0,1,20.049967,3.512703,1.174252,2.500000,0.043960
1779541659.715333,0,1,20.059259,3.535590,1.178147,2.500000,0.028997
1779541659.724773,0,1,20.068466,3.558526,1.181999,2.500000,0.028997
1779541659.735096,0,1,20.077634,3.581493,1.185247,2.500000,0.028997
1779541659.744702,0,1,20.086804,3.604472,1.187592,2.500000,0.028997
1779541659.754761,0,1,20.095944,3.627477,1.189637,2.500000,0.028997
1779541659.765254,0,1,20.105075,3.650498,1.191211,2.500000,0.028997
1779541659.775086,0,1,20.114170,3.673545,1.192763,2.500000,0.028997
1779541659.785263,0,1,20.123253,3.696609,1.194023,2.500000,0.028997
1779541659.795086,0,1,20.132298,3.719698,1.195375,2.500000,0.028997
1779541659.805075,0,1,20.141331,3.742802,1.196509,2.500000,0.028997
1779541659.815125,0,1,20.150326,3.765930,1.197781,2.500000,0.028997
1779541659.824769,0,1,20.159308,3.789073,1.198865,2.500000,0.028997
1779541659.835092,0,1,20.168253,3.812240,1.200107,2.500000,0.028997
1779541659.845035,0,1,20.177186,3.835420,1.201172,2.500000,0.028997
1779541659.855518,0,1,20.186081,3.858622,1.202404,2.500000,0.028997
1779541659.865114,0,1,20.194964,3.881836,1.203462,2.500000,0.028997
1779541659.875215,0,1,20.203810,3.905073,1.204690,2.500000,0.028997
1779541659.885274,0,1,20.212643,3.928320,1.205748,2.500000,0.028997
1779541659.894653,0,1,20.221439,3.951589,1.206975,2.500000,0.061757
1779541659.905090,0,1,20.230222,3.974868,1.208032,2.500000,0.076909
1779541659.915222,0,1,20.238945,3.998177,1.209561,2.500000,0.076909
1779541659.925096,0,1,20.247540,4.021538,1.212214,2.500000,0.087383
1779541659.935344,0,1,20.255974,4.044964,1.216110,2.500000,0.087383
1779541659.945122,0,1,20.264281,4.068440,1.220527,2.500000,0.099765
1779541659.955257,0,1,20.272440,4.091973,1.225559,2.500000,0.099765
1779541659.964922,0,1,20.280480,4.115551,1.230705,2.500000,0.110409
1779541659.974995,0,1,20.288353,4.139191,1.236506,2.500000,0.110409
1779541659.985086,0,1,20.296016,4.162903,1.243249,2.500000,0.114773
1779541659.995076,0,1,20.303501,4.186676,1.250316,2.500000,0.114773
1779541660.005354,0,1,20.310784,4.210515,1.257873,2.500000,0.118455
1779541660.015066,0,1,20.317894,4.234411,1.265463,2.500000,0.118455
1779541660.025434,0,1,20.324804,4.258368,1.273355,2.500000,0.118243
1779541660.035149,0,1,20.331539,4.282378,1.281161,2.500000,0.118243
1779541660.044924,0,1,20.338073,4.306447,1.289191,2.500000,0.109622
1779541660.054956,0,1,20.344430,4.330566,1.297084,2.500000,0.109622
1779541660.065142,0,1,20.350585,4.354741,1.305170,2.500000,0.102844
1779541660.075316,0,1,20.356561,4.378962,1.313099,2.500000,0.102844
1779541660.085405,0,1,20.362332,4.403236,1.321208,2.500000,0.093707
1779541660.095675,0,1,20.367924,4.427555,1.329151,2.500000,0.093707
1779541660.105218,0,1,20.373309,4.451922,1.337270,2.500000,0.083767
1779541660.115323,0,1,20.378538,4.476326,1.344918,2.500000,0.083767
1779541660.125206,0,1,20.383654,4.500755,1.351744,2.500000,0.074385
1779541660.135216,0,1,20.388622,4.525217,1.358320,2.500000,0.074385
1779541660.145113,0,1,20.393466,4.549706,1.364456,2.500000,0.064002
1779541660.155093,0,1,20.398157,4.574226,1.370588,2.500000,0.064002
1779541660.164769,0,1,20.402732,4.598770,1.376288,2.500000,0.054025
1779541660.175230,0,1,20.407199,4.623335,1.381590,2.500000,0.054025
1779541660.185282,0,1,20.411567,4.647920,1.386485,2.500000,0.047263
1779541660.195558,0,1,20.415869,4.672518,1.390719,2.500000,0.047263
1779541660.205259,0,1,20.420074,4.697134,1.394807,2.500000,0.042328
1779541660.215455,0,1,20.424206,4.721763,1.398521,2.500000,0.042328
1779541660.225155,0,1,20.428239,4.746410,1.402277,2.500000,0.039297
1779541660.234792,0,1,20.432197,4.771071,1.405779,2.500000,0.039297
1779541660.245356,0,1,20.436054,4.795749,1.409398,2.500000,0.039297
1779541660.255223,0,1,20.439837,4.820439,1.412815,2.500000,0.039297
1779541660.265233,0,1,20.443520,4.845146,1.416380,2.500000,0.039297
1779541660.275653,0,1,20.447129,4.869864,1.419762,2.500000,0.039297
1779541660.285275,0,1,20.450638,4.894598,1.423307,2.500000,0.039297
1779541660.295336,0,1,20.454074,4.919343,1.426676,2.500000,0.039297
1779541660.305891,0,1,20.457410,4.944102,1.430213,2.500000,0.039297
1779541660.315170,0,1,20.460674,4.968872,1.433578,2.500000,0.039297
1779541660.325415,0,1,20.463837,4.993655,1.437113,2.500000,0.039297
1779541660.334980,0,1,20.466929,5.018449,1.440476,2.500000,0.039297
1779541660.345087,0,1,20.469921,5.043255,1.444010,2.500000,0.039297
1779541660.355259,0,1,20.472841,5.068071,1.447374,2.500000,0.057159
1779541660.365351,0,1,20.475661,5.092898,1.450908,2.500000,0.057159
1779541660.375621,0,1,20.478409,5.117735,1.454272,2.500000,0.057159
1779541660.384797,0,1,20.481058,5.142583,1.457807,2.500000,0.064045
1779541660.395248,0,1,20.483634,5.167438,1.461171,2.500000,0.064045
1779541660.405288,0,1,20.486098,5.192306,1.464857,2.500000,0.073577
1779541660.415623,0,1,20.488442,5.217186,1.468870,2.500000,0.073577
1779541660.425280,0,1,20.490656,5.242078,1.473245,2.500000,0.080176
1779541660.435458,0,1,20.492707,5.266985,1.478255,2.500000,0.080176
1779541660.445224,0,1,20.494625,5.291903,1.483392,2.500000,0.085932
1779541660.454765,0,1,20.496387,5.316833,1.488892,2.500000,0.085932
1779541660.464884,0,1,20.498020,5.341771,1.494344,2.500000,0.085932
1779541660.475346,0,1,20.499498,5.366720,1.500046,2.500000,0.092172
1779541660.484983,0,1,20.500848,5.391677,1.505628,2.500000,0.092172
1779541660.495195,0,1,20.502043,5.416641,1.511412,2.500000,0.095161
1779541660.504997,0,1,20.503109,5.441612,1.517047,2.500000,0.095161
1779541660.515447,0,1,20.504020,5.466590,1.522864,2.500000,0.096249
1779541660.525267,0,1,20.504802,5.491571,1.528519,2.500000,0.096249
1779541660.535212,0,1,20.505402,5.516559,1.534652,2.500000,0.096705
1779541660.545386,0,1,20.505777,5.541551,1.541613,2.500000,0.096705
1779541660.555301,0,1,20.505959,5.566545,1.548827,2.500000,0.097633
1779541660.565583,0,1,20.505926,5.591540,1.556485,2.500000,0.097633
1779541660.574865,0,1,20.505706,5.616534,1.564147,2.500000,0.098325
1779541660.585667,0,1,20.505273,5.641526,1.572093,2.500000,0.098325
1779541660.595397,0,1,20.504655,5.666514,1.579940,2.500000,0.096881
1779541660.605218,0,1,20.503825,5.691497,1.588003,2.500000,0.096881
1779541660.615354,0,1,20.502809,5.716472,1.595924,2.500000,0.092837
1779541660.624938,0,1,20.501580,5.741438,1.604035,2.500000,0.092837
1779541660.634851,0,1,20.500191,5.766396,1.611684,2.500000,0.087413
1779541660.644726,0,1,20.498686,5.791348,1.618516,2.500000,0.087413
1779541660.654852,0,1,20.497030,5.816290,1.625100,2.500000,0.082061
1779541660.666701,0,1,20.495246,5.841223,1.631244,2.500000,0.082061
1779541660.675272,0,1,20.493306,5.866145,1.637386,2.500000,0.076228
1779541660.685442,0,1,20.491235,5.891056,1.643246,2.500000,0.076228
1779541660.695288,0,1,20.489005,5.915954,1.649206,2.500000,0.076228
1779541660.705507,0,1,20.486645,5.940840,1.654950,2.500000,0.072515
1779541660.715193,0,1,20.484126,5.965710,1.660835,2.500000,0.072515
1779541660.725293,0,1,20.481476,5.990567,1.666531,2.500000,0.072515
1779541660.735433,0,1,20.478668,6.015407,1.672387,2.500000,0.072944
1779541660.745136,0,1,20.475730,6.040232,1.678065,2.500000,0.072944
1779541660.755622,0,1,20.472634,6.065037,1.683909,2.500000,0.072944
1779541660.765347,0,1,20.469409,6.089827,1.689579,2.500000,0.072944
1779541660.775421,0,1,20.466027,6.114595,1.695419,2.500000,0.072944
1779541660.785263,0,1,20.462516,6.139345,1.701087,2.500000,0.072944
1779541660.794863,0,1,20.458848,6.164073,1.706926,2.500000,0.072944
1779541660.805344,0,1,20.455051,6.188782,1.712593,2.500000,0.072944
1779541660.815297,0,1,20.451098,6.213466,1.718431,2.500000,0.072944
1779541660.825163,0,1,20.447017,6.238129,1.724098,2.500000,0.072944
1779541660.835197,0,1,20.442780,6.262766,1.729936,2.500000,0.072944
1779541660.844943,0,1,20.438415,6.287381,1.735603,2.500000,0.072944
1779541660.854943,0,1,20.433895,6.311968,1.741442,2.500000,0.072944
1779541660.864881,0,1,20.429246,6.336530,1.747109,2.500000,0.072944
1779541660.875268,0,1,20.424443,6.361064,1.752947,2.500000,0.072944
1779541660.885192,0,1,20.419513,6.385571,1.758615,2.500000,0.072944
1779541660.895092,0,1,20.414427,6.410048,1.764453,2.500000,0.072944
1779541660.905252,0,1,20.409215,6.434497,1.770121,2.500000,0.072944
1779541660.915154,0,1,20.403848,6.458914,1.775959,2.500000,0.090774
1779541660.925232,0,1,20.398355,6.483302,1.781627,2.500000,0.107565
1779541660.935305,0,1,20.392708,6.507655,1.787465,2.500000,0.107565
1779541660.945220,0,1,20.386934,6.531978,1.793133,2.500000,0.113809
1779541660.955298,0,1,20.380982,6.556258,1.799273,2.500000,0.113809
1779541660.965280,0,1,20.374810,6.580484,1.806239,2.500000,0.122744
1779541660.974794,0,1,20.368451,6.604661,1.813457,2.500000,0.122744
1779541660.984974,0,1,20.361883,6.628782,1.821117,2.500000,0.122744
1779541660.994784,0,1,20.355135,6.652853,1.828781,2.500000,0.130416
1779541661.005176,0,1,20.348189,6.676837,1.836759,2.468258,0.134679
1779541661.014799,0,1,20.341081,6.700716,1.844668,2.468258,0.134679
1779541661.025410,0,1,20.333756,6.724484,1.853110,2.468258,0.134679
1779541661.035007,0,1,20.326175,6.748121,1.862422,2.456703,0.135933
1779541661.045244,0,1,20.318371,6.771635,1.872000,2.456703,0.135933
1779541661.055011,0,1,20.310319,6.795034,1.882002,2.467631,0.134746
1779541661.065427,0,1,20.302041,6.818340,1.891971,2.467631,0.134746
1779541661.075194,0,1,20.293511,6.841552,1.902186,2.487834,0.132438
1779541661.085408,0,1,20.284751,6.864690,1.912264,2.500000,0.126614
1779541661.095261,0,1,20.275738,6.887743,1.922533,2.500000,0.126614
1779541661.105412,0,1,20.266520,6.910728,1.932348,2.500000,0.126614
1779541661.115427,0,1,20.257140,6.933659,1.941357,2.500000,0.119076
1779541661.124970,0,1,20.247567,6.956522,1.950128,2.500000,0.119076
1779541661.134962,0,1,20.237823,6.979323,1.958469,2.500000,0.109897
1779541661.145265,0,1,20.227882,7.002050,1.966816,2.500000,0.109897
1779541661.154963,0,1,20.217768,7.024711,1.974888,2.500000,0.100235
1779541661.164879,0,1,20.207457,7.047292,1.983065,2.500000,0.100235
1779541661.175260,0,1,20.196974,7.069804,1.991033,2.500000,0.094109
1779541661.185481,0,1,20.186295,7.092232,1.999146,2.500000,0.094109
1779541661.195428,0,1,20.175469,7.114597,2.006774,2.500000,0.089012
1779541661.205367,0,1,20.164535,7.136918,2.013573,2.500000,0.089012
1779541661.215226,0,1,20.153463,7.159179,2.020119,2.500000,0.084317
1779541661.225249,0,1,20.142275,7.181389,2.026224,2.500000,0.084317
1779541661.235679,0,1,20.130946,7.203533,2.032326,2.500000,0.079675
1779541661.245578,0,1,20.119497,7.225624,2.038148,2.500000,0.079675
1779541661.255158,0,1,20.107907,7.247647,2.044070,2.500000,0.079675
1779541661.265230,0,1,20.096199,7.269614,2.049778,2.500000,0.079675
1779541661.275012,0,1,20.084350,7.291510,2.055630,2.500000,0.079675
1779541661.285117,0,1,20.072384,7.313349,2.061295,2.500000,0.079675
1779541661.295238,0,1,20.060278,7.335115,2.067120,2.500000,0.079675
1779541661.305075,0,1,20.048057,7.356822,2.072769,2.500000,0.079675
1779541661.315199,0,1,20.035697,7.378455,2.078586,2.500000,0.079675
1779541661.325615,0,1,20.023222,7.400027,2.084231,2.500000,0.079675
1779541661.334988,0,1,20.010610,7.421524,2.090046,2.500000,0.079675
1779541661.345225,0,1,19.997885,7.442958,2.095691,2.500000,0.079675
1779541661.354796,0,1,19.985023,7.464314,2.101508,2.500000,0.079675
1779541661.364906,0,1,19.972049,7.485606,2.107154,2.500000,0.079675
1779541661.375031,0,1,19.958940,7.506819,2.112972,2.500000,0.078414
1779541661.385154,0,1,19.945719,7.527967,2.118621,2.500000,0.078414
1779541661.395135,0,1,19.932364,7.549033,2.124440,2.500000,0.085020
1779541661.405297,0,1,19.918899,7.570032,2.130091,2.500000,0.085020
1779541661.415254,0,1,19.905301,7.590948,2.135912,2.500000,0.085878
1779541661.425178,0,1,19.891593,7.611795,2.141565,2.500000,0.085878
1779541661.435830,0,1,19.877753,7.632558,2.147388,2.500000,0.085878
1779541661.445352,0,1,19.863804,7.653251,2.153041,2.500000,0.086189
1779541661.455181,0,1,19.849725,7.673857,2.158866,2.500000,0.086189
1779541661.465266,0,1,19.835537,7.694392,2.164521,2.500000,0.086189
1779541661.477449,0,1,19.821220,7.714839,2.170347,2.500000,0.086556
1779541661.485376,0,1,19.806796,7.735213,2.176004,2.500000,0.086556
1779541661.495251,0,1,19.792243,7.755497,2.181831,2.500000,0.086556
1779541661.505565,0,1,19.777584,7.775706,2.187488,2.500000,0.086939
1779541661.515178,0,1,19.762797,7.795825,2.193317,2.500000,0.086939
1779541661.525218,0,1,19.747905,7.815867,2.198975,2.500000,0.087929
1779541661.535449,0,1,19.732887,7.835817,2.204805,2.500000,0.087929
1779541661.545432,0,1,19.717764,7.855690,2.210464,2.500000,0.087978
1779541661.555641,0,1,19.702516,7.875468,2.216294,2.500000,0.087978
1779541661.564847,0,1,19.687164,7.895168,2.221954,2.500000,0.087448
1779541661.574801,0,1,19.671688,7.914771,2.227786,2.500000,0.087448
1779541661.585076,0,1,19.656110,7.934295,2.233446,2.500000,0.087448
1779541661.595146,0,1,19.640409,7.953722,2.239278,2.500000,0.085536
1779541661.605454,0,1,19.624606,7.973067,2.244940,2.500000,0.085536
1779541661.615098,0,1,19.608681,7.992313,2.250772,2.500000,0.085678
1779541661.625360,0,1,19.592656,8.011477,2.256434,2.500000,0.085678
1779541661.635084,0,1,19.576510,8.030541,2.262267,2.500000,0.083677
1779541661.645205,0,1,19.560265,8.049521,2.267930,2.500000,0.083677
1779541661.655045,0,1,19.543900,8.068399,2.273764,2.500000,0.083091
1779541661.665633,0,1,19.527436,8.087192,2.279427,2.500000,0.083091
1779541661.675496,0,1,19.510855,8.105882,2.285261,2.500000,0.081807
1779541661.685328,0,1,19.494175,8.124485,2.290925,2.500000,0.081807
1779541661.695205,0,1,19.477379,8.142984,2.296759,2.500000,0.079212
1779541661.705040,0,1,19.460486,8.161396,2.302423,2.500000,0.079212
1779541661.715123,0,1,19.443477,8.179702,2.308258,2.500000,0.077890
1779541661.725338,0,1,19.426373,8.197919,2.313923,2.500000,0.077890
1779541661.734958,0,1,19.409154,8.216029,2.319758,2.500000,0.077890
1779541661.745095,0,1,19.391841,8.234049,2.325423,2.500000,0.077890
1779541661.754964,0,1,19.374414,8.251960,2.331258,2.500000,0.077890
1779541661.765457,0,1,19.356894,8.269781,2.336923,2.500000,0.077890
1779541661.775007,0,1,19.339262,8.287491,2.342759,2.500000,0.077890
1779541661.784843,0,1,19.321537,8.305110,2.348424,2.500000,0.077890
1779541661.794750,0,1,19.303702,8.322617,2.354261,2.500000,0.077890
1779541661.805414,0,1,19.285776,8.340031,2.359926,2.500000,0.077890
1779541661.815025,0,1,19.267740,8.357332,2.365763,2.500000,0.077890
1779541661.825135,0,1,19.249614,8.374540,2.371428,2.500000,0.077890
1779541661.835101,0,1,19.231380,8.391633,2.377265,2.500000,0.077890
1779541661.845106,0,1,19.213057,8.408631,2.382931,2.500000,0.055506
1779541661.855040,0,1,19.194627,8.425514,2.388768,2.500000,0.055506
1779541661.865180,0,1,19.176126,8.442320,2.394133,2.500000,0.056060
1779541661.875171,0,1,19.157585,8.459081,2.398672,2.500000,0.051890
1779541661.885283,0,1,19.138980,8.475772,2.402959,2.500000,0.051890
1779541661.895033,0,1,19.120327,8.492410,2.406805,2.500000,0.047448
1779541661.905335,0,1,19.101607,8.508973,2.410646,2.500000,0.047448
1779541661.914830,0,1,19.082838,8.525480,2.414205,2.500000,0.043366
1779541661.925429,0,1,19.064002,8.541912,2.417863,2.500000,0.043366
1779541661.934955,0,1,19.045117,8.558286,2.421305,2.500000,0.043366
1779541661.944828,0,1,19.026165,8.574584,2.424888,2.500000,0.043380
1779541661.954751,0,1,19.007164,8.590826,2.428283,2.500000,0.043380
1779541661.965291,0,1,18.988098,8.606991,2.431836,2.500000,0.043380
1779541661.975069,0,1,18.968983,8.623099,2.435212,2.500000,0.045446
1779541661.985311,0,1,18.949804,8.639130,2.438754,2.500000,0.045446
1779541661.994991,0,1,18.930578,8.655104,2.442123,2.500000,0.045446
1779541662.005327,0,1,18.911287,8.671001,2.445661,2.500000,0.047125
1779541662.014867,0,1,18.891949,8.686841,2.449028,2.500000,0.047125
1779541662.025223,0,1,18.872548,8.702604,2.452564,2.500000,0.050183
1779541662.035210,0,1,18.853101,8.718310,2.455930,2.500000,0.050183
1779541662.045078,0,1,18.833591,8.733939,2.459467,2.500000,0.052214
1779541662.055195,0,1,18.814035,8.749510,2.462832,2.500000,0.052214
1779541662.064990,0,1,18.794418,8.765003,2.466369,2.500000,0.054210
1779541662.075080,0,1,18.774755,8.780438,2.469735,2.500000,0.054210
1779541662.085417,0,1,18.755030,8.795795,2.473271,2.500000,0.056141
1779541662.094959,0,1,18.735261,8.811095,2.476638,2.500000,0.056141
1779541662.104892,0,1,18.715430,8.826315,2.480174,2.500000,0.058111
1779541662.114725,0,1,18.695555,8.841478,2.483540,2.500000,0.058111
1779541662.124732,0,1,18.675620,8.856561,2.487077,2.500000,0.059885
1779541662.135018,0,1,18.655641,8.871586,2.490444,2.500000,0.059885
1779541662.145217,0,1,18.635602,8.886531,2.493981,2.500000,0.062096
1779541662.155129,0,1,18.615519,8.901418,2.497347,2.500000,0.062096
1779541662.165112,0,1,18.595377,8.916225,2.500884,2.500000,0.063628
1779541662.175437,0,1,18.575192,8.930973,2.504251,2.500000,0.063628
1779541662.185168,0,1,18.554948,8.945640,2.507788,2.500000,0.064730
1779541662.195132,0,1,18.534662,8.960248,2.511154,2.500000,0.066146
1779541662.204760,0,1,18.514302,8.974755,2.514993,2.500000,0.066146
1779541662.215231,0,1,18.493845,8.989123,2.519658,2.500000,0.067911
1779541662.225171,0,1,18.473310,9.003380,2.524574,2.500000,0.067911
1779541662.235288,0,1,18.452685,9.017506,2.529932,2.500000,0.067911
1779541662.244823,0,1,18.431987,9.031525,2.535295,2.500000,0.067911
1779541662.255121,0,1,18.411202,9.045415,2.540940,2.500000,0.067911
1779541662.265516,0,1,18.390345,9.059198,2.546487,2.500000,0.067911
1779541662.276047,0,1,18.369404,9.072851,2.552249,2.500000,0.067911
1779541662.285153,0,1,18.348392,9.086397,2.557871,2.500000,0.067911
1779541662.294922,0,1,18.327297,9.099812,2.563681,2.500000,0.067911
1779541662.305295,0,1,18.306133,9.113118,2.569332,2.500000,0.067911
1779541662.314770,0,1,18.284886,9.126291,2.575160,2.500000,0.067911
1779541662.325124,0,1,18.263572,9.139355,2.580823,2.500000,0.067911
1779541662.334602,0,1,18.242176,9.152284,2.586659,2.500000,0.067911
1779541662.345028,0,1,18.220713,9.165103,2.592325,2.500000,0.048507
1779541662.355183,0,1,18.199170,9.177787,2.598164,2.500000,0.048507
1779541662.365195,0,1,18.177575,9.190382,2.603530,2.500000,0.045892
1779541662.374675,0,1,18.155949,9.202924,2.608071,2.500000,0.045892
1779541662.385204,0,1,18.134276,9.215384,2.612360,2.500000,0.035784
1779541662.395124,0,1,18.112568,9.227783,2.616208,2.500000,0.035784
1779541662.404981,0,1,18.090810,9.240094,2.620050,2.500000,0.028841
1779541662.415381,0,1,18.069016,9.252341,2.623611,2.500000,0.028841
1779541662.424856,0,1,18.047172,9.264500,2.627270,2.500000,0.025527
1779541662.435123,0,1,18.025304,9.276615,2.630411,2.500000,0.025527
1779541662.445235,0,1,18.003434,9.288726,2.632697,2.500000,0.022297
1779541662.454934,0,1,17.981545,9.300803,2.634714,2.500000,0.022297
1779541662.465161,0,1,17.959648,9.312866,2.636276,2.500000,0.021079
1779541662.475459,0,1,17.937731,9.324891,2.637827,2.500000,0.020214
1779541662.484731,0,1,17.915804,9.336900,2.639091,2.500000,0.020214
1779541662.494782,0,1,17.893856,9.348870,2.640451,2.500000,0.022649
1779541662.505548,0,1,17.871900,9.360823,2.641594,2.500000,0.022649
1779541662.515169,0,1,17.849922,9.372738,2.642877,2.500000,0.027566
1779541662.525310,0,1,17.827935,9.384637,2.643970,2.500000,0.027566
1779541662.534887,0,1,17.805928,9.396497,2.645223,2.500000,0.033819
1779541662.544819,0,1,17.783912,9.408342,2.646298,2.500000,0.033819
1779541662.555413,0,1,17.761864,9.420126,2.647840,2.500000,0.040986
1779541662.565074,0,1,17.739763,9.431810,2.650206,2.500000,0.040986
1779541662.574972,0,1,17.717625,9.443425,2.652822,2.500000,0.048398
1779541662.585117,0,1,17.695440,9.454949,2.655879,2.500000,0.048398
1779541662.595114,0,1,17.673221,9.466409,2.658940,2.500000,0.056196
1779541662.605381,0,1,17.650957,9.477780,2.662284,2.500000,0.056196
1779541662.615585,0,1,17.628661,9.489089,2.665528,2.500000,0.061576
1779541662.625185,0,1,17.606321,9.500310,2.668989,2.500000,0.061576
1779541662.634908,0,1,17.583949,9.511467,2.672309,2.500000,0.064466
1779541662.645119,0,1,17.561533,9.522536,2.675817,2.500000,0.064466
1779541662.655115,0,1,17.539086,9.533541,2.679166,2.500000,0.066243
1779541662.664822,0,1,17.516584,9.544435,2.682995,2.500000,0.066243
1779541662.675961,0,1,17.494010,9.555176,2.687654,2.500000,0.067517
1779541662.685027,0,1,17.471378,9.565796,2.692568,2.500000,0.067517
1779541662.694921,0,1,17.448679,9.576273,2.697925,2.500000,0.068695
1779541662.704759,0,1,17.425926,9.586632,2.703287,2.500000,0.069923
1779541662.714886,0,1,17.403110,9.596850,2.708933,2.500000,0.069923
1779541662.726218,0,1,17.380241,9.606950,2.714480,2.500000,0.067855
1779541662.734753,0,1,17.357310,9.616909,2.720243,2.500000,0.067855
1779541662.744984,0,1,17.334329,9.626750,2.725865,2.500000,0.067855
1779541662.755174,0,1,17.311287,9.636448,2.731676,2.500000,0.067855
1779541662.764907,0,1,17.288195,9.646028,2.737327,2.500000,0.067855
1779541662.774940,0,1,17.265044,9.655463,2.743157,2.500000,0.067855
1779541662.785205,0,1,17.241844,9.664778,2.748820,2.500000,0.067855
1779541662.794851,0,1,17.218587,9.673949,2.754656,2.500000,0.067855
1779541662.804887,0,1,17.195283,9.682998,2.760323,2.500000,0.067855
1779541662.814902,0,1,17.171922,9.691902,2.766162,2.500000,0.067855
1779541662.824874,0,1,17.148515,9.700683,2.771830,2.500000,0.067855
1779541662.835392,0,1,17.125054,9.709318,2.777669,2.500000,0.067855
1779541662.845078,0,1,17.101548,9.717831,2.783338,2.500000,0.067855
1779541662.855146,0,1,17.077989,9.726196,2.789177,2.500000,0.067855
1779541662.865320,0,1,17.054387,9.734438,2.794846,2.500000,0.027151
1779541662.874746,0,1,17.030733,9.742532,2.800685,2.500000,0.027151
1779541662.885040,0,1,17.007046,9.750527,2.806052,2.500000,0.017224
1779541662.894796,0,1,16.983348,9.758488,2.810291,2.500000,0.009215
1779541662.905517,0,1,16.959650,9.766452,2.813283,2.500000,0.009215
1779541662.915094,0,1,16.935941,9.774381,2.815750,2.500000,0.000675
1779541662.925295,0,1,16.912228,9.782298,2.817601,2.500000,0.000675
1779541662.934734,0,1,16.888500,9.790172,2.819335,2.500000,0.000675
1779541662.945205,0,1,16.864766,9.798028,2.820716,2.500000,-0.007856
1779541662.955179,0,1,16.841018,9.805840,2.822149,2.500000,-0.007856
1779541662.965467,0,1,16.817272,9.813658,2.823035,2.500000,-0.010256
1779541662.975327,0,1,16.793542,9.821524,2.823048,2.500000,-0.010256
1779541662.985129,0,1,16.769817,9.829407,2.822780,2.500000,-0.008260
1779541662.995141,0,1,16.746106,9.837328,2.822051,2.500000,-0.004357
1779541663.005178,0,1,16.722398,9.845261,2.821306,2.500000,-0.004357
1779541663.015405,0,1,16.698702,9.853230,2.820271,2.500000,0.001071
1779541663.025028,0,1,16.675010,9.861211,2.819331,2.500000,0.001071
1779541663.035677,0,1,16.651330,9.869228,2.818173,2.500000,0.010585
1779541663.045052,0,1,16.627647,9.877233,2.817456,2.500000,0.010585
1779541663.055189,0,1,16.603945,9.885184,2.817546,2.500000,0.010585
1779541663.064847,0,1,16.580235,9.893113,2.817875,2.500000,0.022378
1779541663.074919,0,1,16.556512,9.900999,2.818640,2.500000,0.035361
1779541663.084912,0,1,16.532783,9.908869,2.819405,2.500000,0.035361
1779541663.095311,0,1,16.509033,9.916675,2.820751,2.500000,0.048590
1779541663.105004,0,1,16.485249,9.924376,2.822994,2.500000,0.048590
1779541663.115030,0,1,16.461441,9.932004,2.825533,2.500000,0.058557
1779541663.124823,0,1,16.437602,9.939537,2.828543,2.500000,0.058557
1779541663.134965,0,1,16.413743,9.947001,2.831575,2.500000,0.067083
1779541663.145011,0,1,16.389855,9.954374,2.834901,2.500000,0.067083
1779541663.155094,0,1,16.365946,9.961679,2.838136,2.500000,0.072968
1779541663.165100,0,1,16.342002,9.968867,2.841893,2.500000,0.072968
1779541663.174701,0,1,16.318010,9.975895,2.846508,2.500000,0.075313
1779541663.185270,0,1,16.293981,9.982795,2.851394,2.500000,0.075313
1779541663.194989,0,1,16.269909,9.989545,2.856735,2.500000,0.076558
1779541663.205188,0,1,16.245804,9.996171,2.862088,2.500000,0.076558
1779541663.214781,0,1,16.221657,10.002648,2.867728,2.500000,0.076972
1779541663.225212,0,1,16.197478,10.009002,2.873272,2.500000,0.076972
1779541663.234813,0,1,16.173261,10.015207,2.879034,2.500000,0.072981
1779541663.244735,0,1,16.149012,10.021288,2.884656,2.500000,0.072981
1779541663.254677,0,1,16.124725,10.027219,2.890467,2.500000,0.072981
1779541663.264867,0,1,16.100409,10.033025,2.896119,2.500000,0.072981
1779541663.274663,0,1,16.076057,10.038680,2.901948,2.500000,0.072981
1779541663.284838,0,1,16.051676,10.044209,2.907612,2.500000,0.072981
1779541663.294667,0,1,16.027261,10.049585,2.913448,2.500000,0.072981
1779541663.305182,0,1,16.002818,10.054835,2.919116,2.500000,0.072981
1779541663.315129,0,1,15.978344,10.059932,2.924955,2.500000,0.072981
1779541663.325167,0,1,15.953843,10.064902,2.930623,2.500000,0.072981
1779541663.335122,0,1,15.929311,10.069718,2.936463,2.500000,0.072981
1779541663.345004,0,1,15.904754,10.074407,2.942132,2.500000,0.072981
1779541663.355312,0,1,15.880169,10.078941,2.947971,2.500000,0.030814
1779541663.365077,0,1,15.855561,10.083347,2.953640,2.500000,0.030814
1779541663.375262,0,1,15.830925,10.087598,2.959480,2.500000,0.020487
1779541663.384933,0,1,15.806271,10.091747,2.964846,2.500000,0.015328
1779541663.394948,0,1,15.781612,10.095861,2.969086,2.500000,0.015328
1779541663.405404,0,1,15.756953,10.099977,2.972077,2.500000,0.006564
1779541663.415015,0,1,15.732289,10.104058,2.974545,2.500000,0.006564
1779541663.425305,0,1,15.707622,10.108124,2.976396,2.500000,-0.003705
1779541663.435042,0,1,15.682947,10.112147,2.978130,2.500000,-0.003705
1779541663.444774,0,1,15.658274,10.116177,2.979209,2.500000,-0.010040
1779541663.455033,0,1,15.633609,10.120256,2.979344,2.500000,-0.010040
1779541663.464889,0,1,15.608947,10.124352,2.979153,2.500000,-0.011544
1779541663.475041,0,1,15.584291,10.128486,2.978472,2.500000,-0.011544
1779541663.485011,0,1,15.559638,10.132633,2.977757,2.500000,-0.007778
1779541663.495044,0,1,15.534990,10.136816,2.976741,2.500000,-0.006924
1779541663.505118,0,1,15.510344,10.141010,2.975813,2.500000,-0.006924
1779541663.515079,0,1,15.485705,10.145242,2.974661,2.500000,0.001815
1779541663.525283,0,1,15.461068,10.149485,2.973646,2.500000,0.001815
1779541663.535126,0,1,15.436437,10.153767,2.972440,2.500000,0.011882
1779541663.544919,0,1,15.411805,10.158036,2.971693,2.500000,0.011882
1779541663.555084,0,1,15.387162,10.162249,2.971765,2.500000,0.023794
1779541663.565281,0,1,15.362516,10.166441,2.972083,2.500000,0.023794
1779541663.574928,0,1,15.337862,10.170587,2.972841,2.500000,0.036260
1779541663.584755,0,1,15.313206,10.174719,2.973601,2.500000,0.042920
1779541663.594769,0,1,15.288539,10.178783,2.974945,2.500000,0.042920
1779541663.605112,0,1,15.263854,10.182739,2.977186,2.500000,0.042920
1779541663.614670,0,1,15.239157,10.186619,2.979724,2.500000,0.057313
1779541663.624807,0,1,15.214444,10.190400,2.982734,2.500000,0.062197
1779541663.634742,0,1,15.189721,10.194111,2.985766,2.500000,0.062197
1779541663.645236,0,1,15.164984,10.197727,2.989092,2.500000,0.068343
1779541663.654739,0,1,15.140237,10.201273,2.992327,2.500000,0.068343
1779541663.664972,0,1,15.115473,10.204698,2.996084,2.500000,0.071767
1779541663.674942,0,1,15.090686,10.207958,3.000699,2.500000,0.071767
1779541663.685063,0,1,15.065883,10.211086,3.005585,2.500000,0.072014
1779541663.695073,0,1,15.041060,10.214058,3.010927,2.500000,0.072014
1779541663.705175,0,1,15.016222,10.216903,3.016280,2.500000,0.071935
1779541663.715047,0,1,14.991368,10.219595,3.021920,2.500000,0.071935
1779541663.724985,0,1,14.966500,10.222160,3.027464,2.500000,0.068492
1779541663.734646,0,1,14.941616,10.224572,3.033226,2.500000,0.068492
1779541663.745130,0,1,14.916721,10.226857,3.038848,2.500000,0.068492
1779541663.755226,0,1,14.891812,10.228987,3.044659,2.500000,0.068492
1779541663.765045,0,1,14.866892,10.230990,3.050311,2.500000,0.068492
1779541663.775020,0,1,14.841961,10.232837,3.056140,2.500000,0.068492
1779541663.784840,0,1,14.817020,10.234556,3.061804,2.500000,0.068492
1779541663.795022,0,1,14.792069,10.236119,3.067640,2.500000,0.068492
1779541663.805184,0,1,14.767110,10.237553,3.073308,2.500000,0.068492
1779541663.815220,0,1,14.742143,10.238831,3.079147,2.500000,0.068492
1779541663.825530,0,1,14.717169,10.239979,3.084816,2.500000,0.068492
1779541663.834698,0,1,14.692189,10.240970,3.090655,2.500000,0.068492
1779541663.845210,0,1,14.667204,10.241831,3.096324,2.500000,0.023436
1779541663.854740,0,1,14.642214,10.242536,3.102164,2.500000,0.023436
1779541663.864722,0,1,14.617221,10.243136,3.107531,2.500000,0.010049
1779541663.875120,0,1,14.592227,10.243701,3.111770,2.500000,0.010049
1779541663.884702,0,1,14.567234,10.244269,3.114762,2.500000,-0.000161
1779541663.895105,0,1,14.542240,10.244800,3.117230,2.500000,-0.000161
1779541663.904650,0,1,14.517245,10.245344,3.118779,2.500000,-0.011527
1779541663.915276,0,1,14.492253,10.245939,3.119215,2.500000,-0.011527
1779541663.924949,0,1,14.467260,10.246551,3.119216,2.500000,-0.016387
1779541663.934737,0,1,14.442269,10.247203,3.118658,2.500000,-0.016387
1779541663.945012,0,1,14.417277,10.247866,3.118020,2.500000,-0.020060
1779541663.955391,0,1,14.392287,10.248566,3.117053,2.500000,-0.019518
1779541663.965269,0,1,14.367297,10.249275,3.116154,2.500000,-0.019518
1779541663.974922,0,1,14.342308,10.250022,3.115021,2.500000,-0.019518
1779541663.984742,0,1,14.317320,10.250780,3.114018,2.500000,-0.013380
1779541663.994729,0,1,14.292333,10.251576,3.112818,2.500000,-0.013380
1779541664.004902,0,1,14.267346,10.252384,3.111774,2.500000,0.001214
1779541664.015585,0,1,14.242360,10.253232,3.110549,2.500000,0.001214
1779541664.024713,0,1,14.217374,10.254068,3.109791,2.500000,0.011750
1779541664.035042,0,1,14.192386,10.254847,3.109855,2.500000,0.011750
1779541664.044777,0,1,14.167398,10.255605,3.110169,2.500000,0.022700
1779541664.055150,0,1,14.142408,10.256317,3.110925,2.500000,0.022700
1779541664.064727,0,1,14.117418,10.257014,3.111684,2.500000,0.034413
1779541664.075099,0,1,14.092426,10.257669,3.112725,2.500000,0.034413
1779541664.085051,0,1,14.067434,10.258311,3.113668,2.500000,0.044190
1779541664.095176,0,1,14.042441,10.258886,3.115128,2.500000,0.044190
1779541664.105038,0,1,14.017445,10.259351,3.117444,2.500000,0.051436
1779541664.115136,0,1,13.992448,10.259740,3.120030,2.500000,0.055101
1779541664.124732,0,1,13.967450,10.260029,3.123070,2.500000,0.055101
1779541664.134632,0,1,13.942451,10.260246,3.126121,2.500000,0.061370
1779541664.145190,0,1,13.917451,10.260366,3.129459,2.500000,0.061370
1779541664.154803,0,1,13.892451,10.260416,3.132701,2.500000,0.064354
1779541664.164767,0,1,13.867451,10.260370,3.136161,2.500000,0.064354
1779541664.174963,0,1,13.842452,10.260252,3.139480,2.500000,0.065441
1779541664.184988,0,1,13.817453,10.260012,3.143291,2.500000,0.065441
1779541664.194835,0,1,13.792456,10.259604,3.147939,2.500000,0.065639
1779541664.204921,0,1,13.767462,10.259062,3.152846,2.500000,0.065639
1779541664.215414,0,1,13.742472,10.258363,3.158200,2.500000,0.064063
1779541664.224676,0,1,13.717486,10.257535,3.163561,2.500000,0.064063
1779541664.234828,0,1,13.692505,10.256553,3.169205,2.500000,0.060759
1779541664.245495,0,1,13.667529,10.255456,3.174601,2.500000,0.060759
1779541664.254824,0,1,13.642558,10.254265,3.179565,2.500000,0.060759
1779541664.264714,0,1,13.617589,10.253013,3.183848,2.500000,0.060759
1779541664.274705,0,1,13.592625,10.251666,3.187974,2.500000,0.060759
1779541664.285447,0,1,13.567665,10.250249,3.191717,2.500000,0.060759
1779541664.294684,0,1,13.542712,10.248733,3.195494,2.500000,0.060759
1779541664.305333,0,1,13.517762,10.247144,3.199013,2.500000,0.060759
1779541664.314640,0,1,13.492819,10.245454,3.202647,2.500000,0.060759
1779541664.324843,0,1,13.467882,10.243690,3.206074,2.500000,0.060759
1779541664.334758,0,1,13.442951,10.241826,3.209649,2.500000,0.060759
1779541664.345148,0,1,13.418026,10.239888,3.213039,2.500000,0.060759
1779541664.355091,0,1,13.393110,10.237849,3.216590,2.500000,0.060759
1779541664.364909,0,1,13.368199,10.235737,3.219965,2.500000,0.025131
1779541664.374738,0,1,13.343297,10.233525,3.223508,2.500000,0.025131
1779541664.385029,0,1,13.318400,10.231266,3.226575,2.500000,0.019920
1779541664.394662,0,1,13.293502,10.229002,3.228816,2.500000,0.019920
1779541664.405403,0,1,13.268608,10.226702,3.230804,2.500000,0.016458
1779541664.414796,0,1,13.243716,10.224387,3.232349,2.500000,0.016458
1779541664.425010,0,1,13.218827,10.222030,3.233890,2.500000,0.013237
1779541664.435168,0,1,13.193940,10.219655,3.235149,2.500000,0.013237
1779541664.444817,0,1,13.169057,10.217236,3.236506,2.500000,0.013237
1779541664.454912,0,1,13.144176,10.214800,3.237647,2.500000,0.013406
1779541664.464705,0,1,13.119300,10.212320,3.238929,2.500000,0.013406
1779541664.474626,0,1,13.094425,10.209822,3.240023,2.500000,0.013406
1779541664.484700,0,1,13.069554,10.207281,3.241275,2.500000,0.015632
1779541664.495123,0,1,13.044685,10.204724,3.242350,2.500000,0.015632
1779541664.505094,0,1,13.019821,10.202123,3.243592,2.500000,0.020659
1779541664.514739,0,1,12.994958,10.199506,3.244660,2.500000,0.020659
1779541664.524859,0,1,12.970100,10.196846,3.245897,2.500000,0.024334
1779541664.534903,0,1,12.945244,10.194171,3.246962,2.500000,0.024334
1779541664.544997,0,1,12.920392,10.191453,3.248198,2.500000,0.026148
1779541664.555169,0,1,12.895542,10.188719,3.249263,2.500000,0.030306
1779541664.565087,0,1,12.870697,10.185943,3.250499,2.500000,0.030306
1779541664.574643,0,1,12.845853,10.183152,3.251563,2.500000,0.034560
1779541664.584985,0,1,12.821014,10.180318,3.252799,2.500000,0.034560
1779541664.594995,0,1,12.796177,10.177469,3.253864,2.500000,0.039011
1779541664.605121,0,1,12.771348,10.174552,3.255401,2.500000,0.039011
1779541664.615141,0,1,12.746532,10.171525,3.257764,2.500000,0.043630
1779541664.624988,0,1,12.721725,10.168420,3.260379,2.500000,0.043630
1779541664.635409,0,1,12.696932,10.165214,3.263436,2.500000,0.048228
1779541664.645272,0,1,12.672147,10.161937,3.266498,2.500000,0.048228
1779541664.655182,0,1,12.647376,10.158562,3.269842,2.500000,0.052544
1779541664.665292,0,1,12.622615,10.155117,3.273087,2.500000,0.052544
1779541664.674692,0,1,12.597867,10.151575,3.276548,2.500000,0.053256
1779541664.685158,0,1,12.573129,10.147963,3.279868,2.500000,0.053256
1779541664.695391,0,1,12.548406,10.144255,3.283377,2.500000,0.052224
1779541664.704728,0,1,12.523693,10.140475,3.286727,2.500000,0.052224
1779541664.714617,0,1,12.498996,10.136599,3.290254,2.500000,0.050359
1779541664.725040,0,1,12.474309,10.132651,3.293616,2.500000,0.048164
1779541664.734941,0,1,12.449639,10.128606,3.297150,2.500000,0.048164
1779541664.745332,0,1,12.424980,10.124490,3.300516,2.500000,0.048164
1779541664.755072,0,1,12.400338,10.120276,3.304053,2.500000,0.048164
1779541664.765218,0,1,12.375708,10.115991,3.307420,2.500000,0.048164
1779541664.775155,0,1,12.351095,10.111608,3.310958,2.500000,0.048164
1779541664.785019,0,1,12.326495,10.107153,3.314325,2.500000,0.048164
1779541664.795139,0,1,12.301913,10.102601,3.317863,2.500000,0.048164
1779541664.805295,0,1,12.277344,10.097977,3.321230,2.500000,0.048164
1779541664.815115,0,1,12.252794,10.093255,3.324768,2.500000,0.048164
1779541664.825172,0,1,12.228258,10.088462,3.328135,2.500000,0.048164
1779541664.835046,0,1,12.203741,10.083572,3.331673,2.500000,0.048164
1779541664.845183,0,1,12.179238,10.078609,3.335040,2.500000,0.048164
1779541664.854948,0,1,12.154756,10.073550,3.338577,2.500000,0.029994
1779541664.865469,0,1,12.130288,10.068419,3.341944,2.500000,0.028364
1779541664.874636,0,1,12.105841,10.063190,3.345482,2.500000,0.028364
1779541664.885134,0,1,12.081404,10.057915,3.348547,2.500000,0.028364
1779541664.894668,0,1,12.056967,10.052638,3.350786,2.500000,0.025140
1779541664.904927,0,1,12.032539,10.047323,3.352774,2.500000,0.023185
1779541664.915223,0,1,12.008113,10.041996,3.354319,2.500000,0.023185
1779541664.924613,0,1,11.983696,10.036627,3.355861,2.500000,0.019918
1779541664.935143,0,1,11.959283,10.031241,3.357119,2.500000,0.019918
1779541664.944890,0,1,11.934880,10.025812,3.358477,2.500000,0.018871
1779541664.955377,0,1,11.910480,10.020366,3.359618,2.500000,0.018871
1779541664.964849,0,1,11.886090,10.014877,3.360901,2.500000,0.018871
1779541664.974941,0,1,11.861704,10.009371,3.361994,2.500000,0.021927
1779541664.985220,0,1,11.837328,10.003822,3.363247,2.500000,0.023474
1779541664.995208,0,1,11.812955,9.998258,3.364323,2.500000,0.023474
1779541665.005180,0,1,11.788592,9.992651,3.365564,2.500000,0.027019
1779541665.015205,0,1,11.764232,9.987028,3.366632,2.500000,0.027019
1779541665.024964,0,1,11.739882,9.981364,3.367869,2.500000,0.030885
1779541665.034929,0,1,11.715536,9.975684,3.368935,2.500000,0.030885
1779541665.045171,0,1,11.691200,9.969962,3.370171,2.500000,0.035064
1779541665.055223,0,1,11.666867,9.964225,3.371236,2.500000,0.035064
1779541665.065162,0,1,11.642550,9.958422,3.372773,2.500000,0.039085
1779541665.075394,0,1,11.618259,9.952510,3.375136,2.500000,0.039085
1779541665.084749,0,1,11.593987,9.946521,3.377750,2.500000,0.043532
1779541665.095046,0,1,11.569739,9.940435,3.380808,2.500000,0.043532
1779541665.104751,0,1,11.545509,9.934278,3.383869,2.500000,0.048020
1779541665.114935,0,1,11.521303,9.928026,3.387213,2.500000,0.048020
1779541665.124879,0,1,11.497116,9.921705,3.390458,2.500000,0.049794
1779541665.134689,0,1,11.472953,9.915290,3.393919,2.500000,0.049794
1779541665.145488,0,1,11.448808,9.908806,3.397239,2.500000,0.049662
1779541665.154664,0,1,11.424689,9.902228,3.400748,2.500000,0.049662
1779541665.165146,0,1,11.400589,9.895581,3.404097,2.500000,0.048179
1779541665.174937,0,1,11.376515,9.888839,3.407625,2.500000,0.048179
1779541665.184836,0,1,11.352461,9.882028,3.410986,2.500000,0.045452
1779541665.194672,0,1,11.328434,9.875122,3.414521,2.500000,0.045452
1779541665.205099,0,1,11.304427,9.868146,3.417886,2.500000,0.042630
1779541665.215047,0,1,11.280447,9.861076,3.421423,2.500000,0.042630
1779541665.224939,0,1,11.256489,9.853936,3.424790,2.500000,0.041505
1779541665.234901,0,1,11.232558,9.846701,3.428328,2.500000,0.041505
1779541665.245135,0,1,11.208649,9.839396,3.431695,2.500000,0.041505
1779541665.254879,0,1,11.184770,9.831997,3.435233,2.500000,0.041505
1779541665.265008,0,1,11.160911,9.824528,3.438600,2.500000,0.041505
1779541665.274932,0,1,11.137083,9.816964,3.442138,2.500000,0.041505
1779541665.284796,0,1,11.113277,9.809330,3.445505,2.500000,0.041505
1779541665.294948,0,1,11.089501,9.801602,3.449043,2.500000,0.041505
1779541665.305352,0,1,11.065749,9.793805,3.452410,2.500000,0.041505
1779541665.315001,0,1,11.042027,9.785913,3.455947,2.500000,0.041505
1779541665.325046,0,1,11.018328,9.777952,3.459314,2.500000,0.041505
1779541665.334888,0,1,10.994662,9.769897,3.462852,2.500000,0.041505
1779541665.344675,0,1,10.971019,9.761773,3.466219,2.500000,0.018796
1779541665.355046,0,1,10.947408,9.753554,3.469756,2.500000,0.018796
1779541665.364831,0,1,10.923813,9.745291,3.472821,2.500000,0.013903
1779541665.374890,0,1,10.900219,9.737025,3.475061,2.500000,0.009364
1779541665.384964,0,1,10.876638,9.728724,3.477048,2.500000,0.009364
1779541665.394794,0,1,10.853061,9.720410,3.478594,2.500000,0.004006
1779541665.404693,0,1,10.829498,9.712055,3.480135,2.500000,0.004006
1779541665.414679,0,1,10.805941,9.703685,3.481393,2.500000,-0.000680
1779541665.424797,0,1,10.782399,9.695273,3.482751,2.500000,-0.000680
1779541665.434926,0,1,10.758854,9.686869,3.483590,2.500000,-0.001591
1779541665.444922,0,1,10.735291,9.678514,3.483575,2.500000,-0.001940
1779541665.454858,0,1,10.711722,9.670176,3.483290,2.500000,-0.001940
1779541665.465232,0,1,10.688139,9.661879,3.482551,2.500000,0.000452
1779541665.475100,0,1,10.664552,9.653594,3.481800,2.500000,0.000452
1779541665.485168,0,1,10.640952,9.645346,3.480763,2.500000,0.000452
1779541665.494963,0,1,10.617356,9.637086,3.480123,2.500000,0.003867
1779541665.504994,0,1,10.593779,9.628772,3.480262,2.500000,0.003867
1779541665.515204,0,1,10.570209,9.620436,3.480623,2.500000,0.010849
1779541665.524636,0,1,10.546655,9.612057,3.481408,2.500000,0.010849
1779541665.535352,0,1,10.523107,9.603662,3.482184,2.500000,0.010849
1779541665.544887,0,1,10.499573,9.595228,3.483237,2.500000,0.019009
1779541665.555130,0,1,10.476044,9.586779,3.484185,2.500000,0.025294
1779541665.564778,0,1,10.452528,9.578292,3.485348,2.500000,0.025294
1779541665.574769,0,1,10.429018,9.569792,3.486367,2.500000,0.029229
1779541665.585128,0,1,10.405522,9.561252,3.487575,2.500000,0.029229
1779541665.595296,0,1,10.382030,9.552699,3.488623,2.500000,0.032289
1779541665.604686,0,1,10.358553,9.544108,3.489848,2.500000,0.032289
1779541665.614737,0,1,10.335081,9.535502,3.490907,2.500000,0.034558
1779541665.624977,0,1,10.311632,9.526834,3.492442,2.500000,0.034558
1779541665.634681,0,1,10.288221,9.518061,3.494803,2.500000,0.037005
1779541665.644631,0,1,10.264839,9.509215,3.497417,2.500000,0.037005
1779541665.654672,0,1,10.241492,9.500275,3.500475,2.500000,0.039029
1779541665.665121,0,1,10.218171,9.491268,3.503536,2.500000,0.039029
1779541665.674732,0,1,10.194885,9.482170,3.506881,2.500000,0.040580
1779541665.684722,0,1,10.171625,9.473006,3.510126,2.500000,0.040580
1779541665.695000,0,1,10.148401,9.463751,3.513588,2.500000,0.040580
1779541665.704956,0,1,10.125204,9.454431,3.516908,2.500000,0.037918
1779541665.715709,0,1,10.102043,9.445020,3.520417,2.500000,0.037918
1779541665.724670,0,1,10.078909,9.435542,3.523767,2.500000,0.031247
1779541665.734816,0,1,10.055812,9.425974,3.527295,2.500000,0.031247
1779541665.745125,0,1,10.032733,9.416364,3.530355,2.500000,0.031247
1779541665.755035,0,1,10.009655,9.406751,3.532592,2.500000,0.031247
1779541665.764940,0,1,9.986591,9.397105,3.534578,2.500000,0.031247
1779541665.774520,0,1,9.963532,9.387446,3.536123,2.500000,0.031247
1779541665.784980,0,1,9.940490,9.377749,3.537665,2.500000,0.031247
1779541665.795464,0,1,9.917454,9.368036,3.538924,2.500000,0.031247
1779541665.804631,0,1,9.894435,9.358283,3.540282,2.500000,0.031247
1779541665.815231,0,1,9.871422,9.348514,3.541423,2.500000,0.031247
1779541665.824642,0,1,9.848427,9.338705,3.542707,2.500000,0.031247
1779541665.835178,0,1,9.825438,9.328880,3.543801,2.500000,0.031247
1779541665.844650,0,1,9.802467,9.319015,3.545054,2.500000,0.031247
1779541665.854837,0,1,9.779502,9.309135,3.546130,2.500000,0.031247
1779541665.864920,0,1,9.756555,9.299215,3.547371,2.500000,0.031247
1779541665.874728,0,1,9.733613,9.289280,3.548440,2.500000,0.031247
1779541665.884817,0,1,9.710689,9.279306,3.549677,2.500000,0.031247
1779541665.894852,0,1,9.687771,9.269318,3.550743,2.500000,0.031247
1779541665.905257,0,1,9.664871,9.259290,3.551979,2.500000,0.031247
1779541665.914633,0,1,9.641976,9.249248,3.553044,2.500000,0.031247
1779541665.925147,0,1,9.619099,9.239167,3.554280,2.500000,0.031247
1779541665.934630,0,1,9.596228,9.229072,3.555345,2.500000,0.031247
1779541665.945281,0,1,9.573374,9.218938,3.556580,2.500000,0.031247
1779541665.954921,0,1,9.550526,9.208790,3.557645,2.500000,0.010034
1779541665.965196,0,1,9.527696,9.198603,3.558881,2.500000,0.010034
1779541665.974903,0,1,9.504872,9.188402,3.559946,2.500000,0.005457
1779541665.985253,0,1,9.482065,9.178162,3.561182,2.500000,0.005457
1779541665.995256,0,1,9.459264,9.167909,3.562247,2.500000,0.005457
1779541666.005363,0,1,9.436481,9.157617,3.563483,2.500000,0.004836
1779541666.014959,0,1,9.413704,9.147311,3.564548,2.500000,0.004836
1779541666.024989,0,1,9.390945,9.136966,3.565784,2.500000,0.004836
1779541666.034762,0,1,9.368192,9.126608,3.566849,2.500000,0.003588
1779541666.045050,0,1,9.345456,9.116211,3.568085,2.500000,0.003588
1779541666.055001,0,1,9.322727,9.105800,3.569150,2.500000,0.003588
1779541666.065313,0,1,9.300015,9.095351,3.570386,2.500000,0.002516
1779541666.074952,0,1,9.277310,9.084887,3.571451,2.500000,0.002516
1779541666.084751,0,1,9.254623,9.074386,3.572687,2.500000,0.001104
1779541666.095627,0,1,9.231942,9.063870,3.573753,2.500000,0.001104
1779541666.104975,0,1,9.209279,9.053317,3.574989,2.500000,0.001104
1779541666.115115,0,1,9.186622,9.042749,3.576054,2.500000,-0.000913
1779541666.124652,0,1,9.163983,9.032143,3.577290,2.500000,-0.000913
1779541666.135272,0,1,9.141340,9.021547,3.578054,2.500000,-0.000913
1779541666.144927,0,1,9.118674,9.011000,3.577992,2.500000,-0.002951
1779541666.154992,0,1,9.095999,9.000471,3.577678,2.500000,-0.002951
1779541666.164846,0,1,9.073306,8.989982,3.576922,2.500000,-0.002951
1779541666.174754,0,1,9.050607,8.979506,3.576162,2.500000,-0.005470
1779541666.184973,0,1,9.027890,8.969067,3.575119,2.500000,-0.005470
1779541666.194957,0,1,9.005169,8.958641,3.574175,2.500000,-0.005470
1779541666.204710,0,1,8.982430,8.948250,3.573015,2.500000,-0.004974
1779541666.215012,0,1,8.959686,8.937872,3.571996,2.500000,-0.004974
1779541666.224623,0,1,8.936925,8.927531,3.570789,2.500000,0.000309
1779541666.235020,0,1,8.914158,8.917202,3.569740,2.500000,0.000309
1779541666.244777,0,1,8.891375,8.906911,3.568514,2.500000,0.000309
1779541666.255259,0,1,8.868596,8.896609,3.567756,2.500000,0.000309
1779541666.265324,0,1,8.845840,8.886257,3.567820,2.500000,0.000309
1779541666.274972,0,1,8.823093,8.875885,3.568135,2.500000,0.000309
1779541666.284975,0,1,8.800364,8.865473,3.568892,2.500000,0.000309
1779541666.294995,0,1,8.777642,8.855048,3.569652,2.500000,0.000309
1779541666.305029,0,1,8.754937,8.844585,3.570694,2.500000,0.000309
1779541666.315033,0,1,8.732237,8.834110,3.571638,2.500000,0.000309
1779541666.325034,0,1,8.709555,8.823598,3.572797,2.500000,0.000309
1779541666.334671,0,1,8.686878,8.813074,3.573815,2.500000,0.000309
1779541666.344773,0,1,8.664218,8.802513,3.575023,2.500000,0.000309
1779541666.354580,0,1,8.641564,8.791939,3.576071,2.500000,0.000309
1779541666.364640,0,1,8.618928,8.781328,3.577296,2.500000,0.000309
1779541666.374641,0,1,8.596297,8.770705,3.578356,2.500000,0.000309
1779541666.385009,0,1,8.573684,8.760043,3.579589,2.500000,0.000309
1779541666.394995,0,1,8.551078,8.749369,3.580653,2.500000,0.012685
1779541666.404701,0,1,8.528489,8.738657,3.581889,2.500000,0.012685
1779541666.415133,0,1,8.505907,8.727931,3.582954,2.500000,0.015709
1779541666.424733,0,1,8.483342,8.717168,3.584191,2.500000,0.015709
1779541666.435371,0,1,8.460784,8.706391,3.585256,2.500000,0.013282
1779541666.445076,0,1,8.438244,8.695577,3.586493,2.500000,0.013282
1779541666.454728,0,1,8.415711,8.684748,3.587559,2.500000,0.010848
1779541666.464879,0,1,8.393196,8.673882,3.588795,2.500000,0.010848
1779541666.474952,0,1,8.370688,8.663002,3.589861,2.500000,0.008251
1779541666.484919,0,1,8.348198,8.652085,3.591097,2.500000,0.008251
1779541666.494588,0,1,8.325714,8.641153,3.592163,2.500000,0.005393
1779541666.504988,0,1,8.303249,8.630184,3.593399,2.500000,0.005393
1779541666.514780,0,1,8.280791,8.619201,3.594464,2.500000,0.002394
1779541666.525083,0,1,8.258352,8.608180,3.595701,2.500000,0.002394
1779541666.534629,0,1,8.235919,8.597145,3.596766,2.500000,-0.000800
1779541666.544632,0,1,8.213504,8.586072,3.598002,2.500000,-0.002444
1779541666.555170,0,1,8.191086,8.575009,3.598766,2.500000,-0.002444
1779541666.564750,0,1,8.168643,8.563995,3.598704,2.500000,-0.005810
1779541666.574776,0,1,8.146191,8.552998,3.598390,2.500000,-0.005810
1779541666.584759,0,1,8.123720,8.542042,3.597634,2.500000,-0.009462
1779541666.594946,0,1,8.101242,8.531098,3.596874,2.500000,-0.009462
1779541666.605398,0,1,8.078747,8.520191,3.595831,2.500000,-0.009462
1779541666.614945,0,1,8.056246,8.509296,3.594887,2.500000,-0.012677
1779541666.625356,0,1,8.033728,8.498437,3.593727,2.500000,-0.012677
1779541666.634963,0,1,8.011203,8.487590,3.592708,2.500000,-0.011732
1779541666.644981,0,1,7.988662,8.476780,3.591501,2.500000,-0.011003
1779541666.655192,0,1,7.966114,8.465981,3.590452,2.500000,-0.011003
1779541666.665131,0,1,7.943548,8.455220,3.589226,2.500000,-0.007545
1779541666.675035,0,1,7.920977,8.444472,3.588166,2.500000,-0.007545
1779541666.685002,0,1,7.898388,8.433761,3.586933,2.500000,-0.003705
1779541666.695306,0,1,7.875792,8.423063,3.585869,2.500000,-0.003705
1779541666.704942,0,1,7.853179,8.412403,3.584633,2.500000,0.000960
1779541666.715162,0,1,7.830559,8.401756,3.583568,2.500000,0.000960
1779541666.724979,0,1,7.807922,8.391147,3.582331,2.500000,0.006118
1779541666.734895,0,1,7.785289,8.380529,3.581567,2.500000,0.006118
1779541666.745097,0,1,7.762679,8.369861,3.581629,2.500000,0.006118
1779541666.754951,0,1,7.740079,8.359174,3.581942,2.500000,0.006118
1779541666.765005,0,1,7.717497,8.348448,3.582697,2.500000,0.006118
1779541666.775115,0,1,7.694921,8.337708,3.583457,2.500000,0.006118
1779541666.785147,0,1,7.672363,8.326932,3.584500,2.500000,0.006118
1779541666.795264,0,1,7.649811,8.316143,3.585443,2.500000,0.006118
1779541666.805030,0,1,7.627276,8.305318,3.586603,2.500000,0.006118
1779541666.814678,0,1,7.604746,8.294482,3.587622,2.500000,0.006118
1779541666.824703,0,1,7.582235,8.283608,3.588829,2.500000,0.006118
1779541666.834598,0,1,7.559729,8.272723,3.589878,2.500000,0.006118
1779541666.844834,0,1,7.537242,8.261800,3.591104,2.500000,0.006118
1779541666.855121,0,1,7.514760,8.250865,3.592164,2.500000,0.006118
1779541666.864706,0,1,7.492297,8.239892,3.593397,2.500000,0.006118
1779541666.874981,0,1,7.469840,8.228906,3.594461,2.500000,0.006118
1779541666.884854,0,1,7.447401,8.217883,3.595697,2.500000,0.006118
1779541666.894884,0,1,7.424969,8.206847,3.596762,2.500000,0.006118
1779541666.904863,0,1,7.402555,8.195773,3.597998,2.500000,0.006118
1779541666.915179,0,1,7.380149,8.184686,3.599064,2.500000,0.006118
1779541666.924975,0,1,7.357760,8.173561,3.600301,2.500000,0.006118
1779541666.934767,0,1,7.335379,8.162422,3.601367,2.500000,0.006118
1779541666.944707,0,1,7.313016,8.151246,3.602603,2.500000,0.022027
1779541666.954705,0,1,7.290660,8.140057,3.603669,2.500000,0.022027
1779541666.965164,0,1,7.268323,8.128829,3.604905,2.500000,0.022027
1779541666.974591,0,1,7.245992,8.117588,3.605971,2.500000,0.033679
1779541666.984741,0,1,7.223681,8.106310,3.607207,2.500000,0.033679
1779541666.994933,0,1,7.201377,8.095018,3.608273,2.500000,0.033679
1779541667.005038,0,1,7.179103,8.083665,3.609810,2.500000,0.036209
1779541667.014847,0,1,7.156880,8.072213,3.612174,2.500000,0.036209
1779541667.025297,0,1,7.134693,8.060692,3.614789,2.500000,0.036209
1779541667.034749,0,1,7.112553,8.049080,3.617847,2.500000,0.039459
1779541667.044639,0,1,7.090447,8.037405,3.620908,2.500000,0.039459
1779541667.055012,0,1,7.068387,8.025644,3.624253,2.500000,0.039459
1779541667.065317,0,1,7.046360,8.013820,3.627498,2.500000,0.041948
1779541667.074770,0,1,7.024379,8.001909,3.630960,2.500000,0.041948
1779541667.084713,0,1,7.002432,7.989937,3.634280,2.500000,0.041948
1779541667.094696,0,1,6.980533,7.977879,3.637789,2.500000,0.039369
1779541667.104695,0,1,6.958667,7.965758,3.641138,2.500000,0.039369
1779541667.114542,0,1,6.936850,7.953551,3.644666,2.500000,0.034511
1779541667.124762,0,1,6.915068,7.941282,3.648027,2.500000,0.034511
1779541667.135131,0,1,6.893334,7.928927,3.651562,2.500000,0.034511
1779541667.145119,0,1,6.871637,7.916509,3.654928,2.500000,0.029555
1779541667.154905,0,1,6.849988,7.904005,3.658465,2.500000,0.029555
1779541667.165232,0,1,6.828363,7.891460,3.661530,2.500000,0.029555
1779541667.175175,0,1,6.806740,7.878914,3.663770,2.500000,0.024666
1779541667.185601,0,1,6.785135,7.866335,3.665758,2.500000,0.024666
1779541667.195261,0,1,6.763536,7.853745,3.667304,2.500000,0.024666
1779541667.205051,0,1,6.741960,7.841118,3.668845,2.500000,0.019924
1779541667.215068,0,1,6.720391,7.828476,3.670104,2.500000,0.019924
1779541667.225252,0,1,6.698845,7.815797,3.671462,2.500000,0.019924
1779541667.234925,0,1,6.677308,7.803102,3.672604,2.500000,0.021031
1779541667.244981,0,1,6.655793,7.790370,3.673887,2.500000,0.021031
1779541667.254987,0,1,6.634287,7.777623,3.674981,2.500000,0.021031
1779541667.265311,0,1,6.612804,7.764838,3.676234,2.500000,0.021031
1779541667.274977,0,1,6.591328,7.752039,3.677309,2.500000,0.021031
1779541667.284938,0,1,6.569875,7.739203,3.678551,2.500000,0.021031
1779541667.294628,0,1,6.548430,7.726353,3.679619,2.500000,0.021031
1779541667.305234,0,1,6.527008,7.713466,3.680856,2.500000,0.021031
1779541667.315006,0,1,6.505593,7.700566,3.681922,2.500000,0.021031
1779541667.325211,0,1,6.484201,7.687629,3.683158,2.500000,0.021031
1779541667.334941,0,1,6.462816,7.674679,3.684223,2.500000,0.021031
1779541667.344843,0,1,6.441454,7.661692,3.685458,2.500000,0.021031
1779541667.354617,0,1,6.420100,7.648692,3.686523,2.500000,0.021031
1779541667.364659,0,1,6.398768,7.635656,3.687759,2.500000,0.021031
1779541667.374614,0,1,6.377444,7.622606,3.688824,2.500000,0.021031
1779541667.385227,0,1,6.356142,7.609520,3.690059,2.500000,0.021031
1779541667.394921,0,1,6.334849,7.596422,3.691124,2.500000,0.021031
1779541667.404993,0,1,6.313577,7.583287,3.692360,2.500000,0.021031
1779541667.414955,0,1,6.292314,7.570139,3.693425,2.500000,0.021031
1779541667.425137,0,1,6.271072,7.556956,3.694661,2.500000,0.057905
1779541667.434910,0,1,6.249839,7.543759,3.695726,2.500000,0.057905
1779541667.445338,0,1,6.228642,7.530504,3.697264,2.500000,0.057905
1779541667.454901,0,1,6.207504,7.517155,3.699627,2.500000,0.088956
1779541667.465251,0,1,6.186408,7.503740,3.702242,2.500000,0.088956
1779541667.475029,0,1,6.165381,7.490218,3.705601,2.500000,0.088956
1779541667.484942,0,1,6.144445,7.476555,3.709961,2.500000,0.102565
1779541667.494674,0,1,6.123583,7.462779,3.714684,2.500000,0.102565
1779541667.505187,0,1,6.102822,7.448852,3.720223,2.500000,0.117480
1779541667.514623,0,1,6.082187,7.434739,3.726809,2.500000,0.117480
1779541667.525177,0,1,6.061659,7.420470,3.733786,2.500000,0.117480
1779541667.535277,0,1,6.041253,7.406027,3.741297,2.500000,0.124531
1779541667.544982,0,1,6.020954,7.391434,3.748868,2.500000,0.124531
1779541667.555034,0,1,6.000778,7.376671,3.756759,2.500000,0.124531
1779541667.564671,0,1,5.980711,7.361762,3.764573,2.500000,0.122418
1779541667.574677,0,1,5.960770,7.346683,3.772618,2.500000,0.122418
1779541667.585087,0,1,5.940940,7.331459,3.780529,2.500000,0.122418
1779541667.594984,0,1,5.921240,7.316067,3.788635,2.500000,0.111734
1779541667.605370,0,1,5.901654,7.300531,3.796585,2.500000,0.111734
1779541667.615035,0,1,5.882201,7.284828,3.804715,2.500000,0.111734
1779541667.625290,0,1,5.862865,7.268981,3.812679,2.500000,0.101034
1779541667.634983,0,1,5.843665,7.252970,3.820817,2.500000,0.101034
1779541667.645395,0,1,5.824585,7.236816,3.828786,2.500000,0.101034
1779541667.654805,0,1,5.805644,7.220499,3.836927,2.500000,0.088619
1779541667.665506,0,1,5.786826,7.204042,3.844898,2.500000,0.088619
1779541667.675078,0,1,5.768149,7.187423,3.853039,2.500000,0.088619
1779541667.685362,0,1,5.749580,7.170684,3.860708,2.500000,0.076476
1779541667.694685,0,1,5.731090,7.153858,3.867551,2.500000,0.076476
1779541667.704951,0,1,5.712702,7.136920,3.874143,2.500000,0.064827
1779541667.715070,0,1,5.694402,7.119888,3.880292,2.500000,0.064827
1779541667.725435,0,1,5.676210,7.102740,3.886436,2.500000,0.057974
1779541667.734708,0,1,5.658108,7.085497,3.892298,2.500000,0.057974
1779541667.744633,0,1,5.640117,7.068139,3.898259,2.500000,0.057974
1779541667.754668,0,1,5.622199,7.050704,3.903701,2.500000,0.057974
1779541667.765232,0,1,5.604326,7.033225,3.908289,2.500000,0.057974
1779541667.775234,0,1,5.586520,7.015676,3.912607,2.500000,0.057974
1779541667.785102,0,1,5.568765,6.998076,3.916471,2.500000,0.057974
1779541667.795185,0,1,5.551082,6.980404,3.920323,2.500000,0.057974
1779541667.805164,0,1,5.533452,6.962679,3.923889,2.500000,0.057974
1779541667.814943,0,1,5.515895,6.944881,3.927550,2.500000,0.057974
1779541667.825343,0,1,5.498392,6.927030,3.930994,2.500000,0.057974
1779541667.834725,0,1,5.480962,6.909108,3.934579,2.500000,0.057974
1779541667.845267,0,1,5.463587,6.891134,3.937974,2.500000,0.057974
1779541667.854989,0,1,5.446284,6.873089,3.941528,2.500000,0.065560
1779541667.864941,0,1,5.429035,6.854992,3.944904,2.500000,0.071797
1779541667.875204,0,1,5.411879,6.836809,3.948748,2.500000,0.071797
1779541667.884620,0,1,5.394846,6.818509,3.953415,2.500000,0.080575
1779541667.894866,0,1,5.377914,6.800116,3.958332,2.500000,0.080575
1779541667.905062,0,1,5.361100,6.781615,3.963691,2.500000,0.080575
1779541667.915149,0,1,5.344382,6.763027,3.969053,2.500000,0.095326
1779541667.924718,0,1,5.327781,6.744335,3.974698,2.500000,0.095326
1779541667.935186,0,1,5.311276,6.725558,3.980244,2.500000,0.104970
1779541667.944803,0,1,5.294888,6.706678,3.986007,2.500000,0.104970
1779541667.954968,0,1,5.278598,6.687714,3.991627,2.500000,0.111314
1779541667.964864,0,1,5.262445,6.668633,3.997739,2.500000,0.115579
1779541667.975466,0,1,5.246466,6.649407,4.004688,2.500000,0.115579
1779541667.985455,0,1,5.230634,6.630058,4.011895,2.500000,0.120349
1779541667.995331,0,1,5.214970,6.610574,4.019550,2.500000,0.120349
1779541668.005075,0,1,5.199452,6.590974,4.027211,2.500000,0.120349
1779541668.015125,0,1,5.184100,6.571242,4.035157,2.500000,0.127795
1779541668.025018,0,1,5.168896,6.551397,4.043004,2.500000,0.127795
1779541668.034783,0,1,5.153861,6.531425,4.051070,2.498505,0.131475
1779541668.044748,0,1,5.138977,6.511344,4.058996,2.498505,0.131475
1779541668.054874,0,1,5.124293,6.491133,4.067428,2.486522,0.132731
1779541668.064848,0,1,5.109859,6.470784,4.076733,2.473756,0.134088
1779541668.074962,0,1,5.095653,6.450325,4.086314,2.473756,0.134088
1779541668.084775,0,1,5.081686,6.429731,4.096332,2.481860,0.133224
1779541668.094821,0,1,5.067928,6.409012,4.106331,2.481860,0.133224
1779541668.104947,0,1,5.054401,6.388151,4.116591,2.484052,0.132992
1779541668.114675,0,1,5.041080,6.367162,4.126732,2.484052,0.132992
1779541668.125181,0,1,5.027986,6.346030,4.137071,2.500000,0.128482
1779541668.134986,0,1,5.015096,6.324765,4.147250,2.500000,0.128482
1779541668.144847,0,1,5.002432,6.303357,4.157608,2.500000,0.123322
1779541668.154909,0,1,4.989975,6.281821,4.167803,2.500000,0.123322
1779541668.165038,0,1,4.977749,6.260147,4.178174,2.500000,0.119447
1779541668.174766,0,1,4.965708,6.238362,4.188078,2.500000,0.119447
1779541668.185042,0,1,4.953818,6.216490,4.197163,2.500000,0.110481
1779541668.194657,0,1,4.942106,6.194515,4.206002,2.500000,0.102428
1779541668.205256,0,1,4.930555,6.172450,4.214403,2.500000,0.102428
1779541668.214779,0,1,4.919191,6.150284,4.222804,2.500000,0.093171
1779541668.225280,0,1,4.907992,6.128029,4.230926,2.500000,0.093171
1779541668.234894,0,1,4.896983,6.105675,4.239149,2.500000,0.093171
1779541668.245310,0,1,4.886117,6.083246,4.246857,2.500000,0.093171
1779541668.254816,0,1,4.875357,6.060762,4.253715,2.500000,0.093171
1779541668.264986,0,1,4.864733,6.038210,4.260306,2.500000,0.093171
1779541668.274763,0,1,4.854224,6.015600,4.266446,2.500000,0.093171
1779541668.285336,0,1,4.843857,5.992922,4.272577,2.500000,0.093171
1779541668.295082,0,1,4.833608,5.970186,4.278423,2.500000,0.093171
1779541668.305268,0,1,4.823503,5.947383,4.284366,2.500000,0.093171
1779541668.314782,0,1,4.813518,5.924524,4.290093,2.500000,0.093171
1779541668.325453,0,1,4.803677,5.901599,4.295962,2.500000,0.093171
1779541668.335242,0,1,4.793956,5.878621,4.301642,2.500000,0.093171
1779541668.345897,0,1,4.784381,5.855580,4.307482,2.500000,0.077501
1779541668.355142,0,1,4.774925,5.832486,4.313145,2.500000,0.077501
1779541668.365507,0,1,4.765615,5.809331,4.318975,2.500000,0.082924
1779541668.375015,0,1,4.756426,5.786125,4.324633,2.500000,0.085106
1779541668.385196,0,1,4.747382,5.762861,4.330460,2.500000,0.085106
1779541668.395216,0,1,4.738460,5.739547,4.336116,2.500000,0.089373
1779541668.405331,0,1,4.729684,5.716177,4.341943,2.500000,0.089373
1779541668.415048,0,1,4.721029,5.692759,4.347599,2.500000,0.094094
1779541668.425592,0,1,4.712521,5.669286,4.353427,2.500000,0.094094
1779541668.434737,0,1,4.704135,5.645767,4.359085,2.500000,0.099051
1779541668.445444,0,1,4.695896,5.622194,4.364914,2.500000,0.099051
1779541668.454856,0,1,4.687780,5.598578,4.370572,2.500000,0.104242
1779541668.464821,0,1,4.679837,5.574902,4.376703,2.500000,0.104242
1779541668.475072,0,1,4.672108,5.551153,4.383660,2.500000,0.109269
1779541668.485186,0,1,4.664562,5.527345,4.390869,2.500000,0.114779
1779541668.495204,0,1,4.657222,5.503471,4.398520,2.500000,0.114779
1779541668.505311,0,1,4.650061,5.479541,4.406175,2.500000,0.118764
1779541668.514805,0,1,4.643103,5.455551,4.414113,2.500000,0.118764
1779541668.525495,0,1,4.636324,5.431508,4.421952,2.500000,0.121303
1779541668.535364,0,1,4.629749,5.407408,4.430008,2.500000,0.121303
1779541668.545822,0,1,4.623353,5.383259,4.437923,2.500000,0.123076
1779541668.555378,0,1,4.617162,5.359055,4.446026,2.500000,0.123076
1779541668.565248,0,1,4.611152,5.334806,4.453972,2.500000,0.121986
1779541668.575376,0,1,4.605348,5.310505,4.462095,2.500000,0.122820
1779541668.585512,0,1,4.599726,5.286160,4.470052,2.500000,0.122820
1779541668.595371,0,1,4.594312,5.261768,4.478183,2.500000,0.122036
1779541668.605123,0,1,4.589081,5.237335,4.486146,2.500000,0.122036
1779541668.615586,0,1,4.584059,5.212858,4.494280,2.500000,0.121059
1779541668.625437,0,1,4.579220,5.188344,4.502244,2.500000,0.121059
1779541668.635441,0,1,4.574591,5.163788,4.510379,2.500000,0.119818
1779541668.645518,0,1,4.570146,5.139197,4.518344,2.500000,0.119818
1779541668.655578,0,1,4.565912,5.114569,4.526480,2.500000,0.120090
1779541668.665640,0,1,4.561864,5.089910,4.534445,2.500000,0.120090
1779541668.675671,0,1,4.558026,5.065216,4.542582,2.500000,0.119998
1779541668.685283,0,1,4.554374,5.040493,4.550547,2.500000,0.119998
1779541668.695442,0,1,4.550935,5.015740,4.558684,2.500000,0.119998
1779541668.705539,0,1,4.547681,4.990961,4.566650,2.500000,0.119691
1779541668.715258,0,1,4.544640,4.966154,4.574787,2.500000,0.119691
1779541668.725397,0,1,4.541786,4.941337,4.582764,2.487808,0.119121
1779541668.735569,0,1,4.539149,4.916515,4.590925,2.487808,0.119121
1779541668.744967,0,1,4.536699,4.891689,4.598917,2.487808,0.119121
1779541668.755259,0,1,4.534465,4.866857,4.607078,2.487808,0.119121
1779541668.765428,0,1,4.532419,4.842018,4.615061,2.487808,0.119121
1779541668.775442,0,1,4.530588,4.817172,4.623209,2.487808,0.119121
1779541668.785190,0,1,4.528944,4.792319,4.631179,2.487808,0.119121
1779541668.795090,0,1,4.527515,4.767458,4.639314,2.487808,0.119121
1779541668.805288,0,1,4.526273,4.742592,4.647273,2.487808,0.119121
1779541668.815259,0,1,4.525246,4.717720,4.655398,2.487808,0.119121
1779541668.825345,0,1,4.524406,4.692844,4.663349,2.487808,0.119121
1779541668.835283,0,1,4.523780,4.667963,4.671467,2.487808,0.119121
1779541668.845320,0,1,4.523340,4.643081,4.679412,2.487808,0.119121
1779541668.855708,0,1,4.523115,4.618197,4.687525,2.487808,0.119121
1779541668.865108,0,1,4.523076,4.593314,4.695466,2.487808,0.119121
1779541668.875731,0,1,4.523251,4.568432,4.703576,2.487808,0.119121
1779541668.885186,0,1,4.523610,4.543673,4.711627,2.361541,0.113355
1779541668.895205,0,1,4.524180,4.519136,4.720000,2.361541,0.113355
1779541668.905328,0,1,4.524932,4.494781,4.728208,2.361541,0.113355
1779541668.915305,0,1,4.525894,4.470576,4.736560,2.361541,0.133175
1779541668.925392,0,1,4.527038,4.446495,4.744665,2.361541,0.133175
1779541668.935595,0,1,4.528417,4.422520,4.753183,2.361541,0.133175
1779541668.945018,0,1,4.530075,4.398639,4.762462,2.361541,0.134920
1779541668.955359,0,1,4.531975,4.374838,4.771908,2.361541,0.134920
1779541668.965015,0,1,4.534137,4.351109,4.781723,2.361541,0.136001
1779541668.975499,0,1,4.536531,4.327443,4.791468,2.361541,0.136001
1779541668.984926,0,1,4.539181,4.303837,4.801439,2.361541,0.136001
1779541668.995478,0,1,4.542057,4.280284,4.811259,2.361541,0.137271
1779541669.005383,0,1,4.545185,4.256785,4.821258,2.361541,0.137271
1779541669.015234,0,1,4.548536,4.233334,4.831081,2.361541,0.137271
1779541669.024849,0,1,4.552136,4.209934,4.841068,2.361541,0.135147
1779541669.034894,0,1,4.555957,4.186581,4.850876,2.361541,0.135147
1779541669.045402,0,1,4.560024,4.163279,4.860845,2.361541,0.135147
1779541669.056357,0,1,4.564310,4.140023,4.870636,2.361541,0.132257
1779541669.065371,0,1,4.568840,4.116820,4.880590,2.361541,0.133462
1779541669.075431,0,1,4.573588,4.093666,4.890367,2.361541,0.133462
1779541669.085563,0,1,4.578578,4.070567,4.900310,2.361541,0.131506
1779541669.095219,0,1,4.583783,4.047518,4.910078,2.361541,0.131506
1779541669.105447,0,1,4.589230,4.024528,4.920014,2.361541,0.130678
1779541669.114839,0,1,4.594890,4.001592,4.929775,2.361541,0.130678
1779541669.124979,0,1,4.600789,3.978718,4.939705,2.361541,0.130678
1779541669.134813,0,1,4.606901,3.955901,4.949463,2.361541,0.128870
1779541669.145371,0,1,4.613251,3.933151,4.959390,2.361541,0.128870
1779541669.155097,0,1,4.619812,3.910461,4.969145,2.361541,0.128870
1779541669.165584,0,1,4.626609,3.887842,4.979069,2.361541,0.128479
1779541669.175477,0,1,4.633616,3.865287,4.988823,2.361541,0.128479
1779541669.185597,0,1,4.640857,3.842807,4.998746,2.361541,0.128479
1779541669.195236,0,1,4.648307,3.820396,5.008498,2.361541,0.128335
1779541669.204909,0,1,4.655989,3.798064,5.018421,2.361541,0.128335
1779541669.214826,0,1,4.663879,3.775804,5.028172,2.361541,0.128335
1779541669.225012,0,1,4.671999,3.753628,5.038094,2.361541,0.129268
1779541669.235239,0,1,4.680325,3.731528,5.047845,2.361541,0.129268
1779541669.245480,0,1,4.688881,3.709517,5.057767,2.361541,0.129268
1779541669.255144,0,1,4.697640,3.687585,5.067518,2.361541,0.129268
1779541669.264882,0,1,4.706627,3.665747,5.077439,2.361541,0.129268
1779541669.274907,0,1,4.715816,3.643992,5.087190,2.361541,0.129268
1779541669.285566,0,1,4.725231,3.622334,5.097111,2.361541,0.129268
1779541669.295179,0,1,4.734846,3.600765,5.106862,2.361541,0.129268
1779541669.305553,0,1,4.744685,3.579297,5.116783,2.361541,0.129268
1779541669.315302,0,1,4.754723,3.557921,5.126533,2.361541,0.129268
1779541669.325499,0,1,4.764982,3.536650,5.136454,2.361541,0.129268
1779541669.335015,0,1,4.775438,3.515476,5.146205,2.361541,0.129268
1779541669.345114,0,1,4.786114,3.494412,5.156126,2.361541,0.129268
1779541669.355371,0,1,4.796985,3.473447,5.165876,2.361541,0.129268
1779541669.364952,0,1,4.808073,3.452597,5.175798,2.361541,0.129268
1779541669.374750,0,1,4.819354,3.431850,5.185548,2.361541,0.129268
1779541669.384775,0,1,4.830851,3.411222,5.195469,2.361541,0.129268
1779541669.395517,0,1,4.842538,3.390701,5.205219,2.361541,0.129268
1779541669.405441,0,1,4.854437,3.370303,5.215140,2.361541,0.129268
1779541669.414704,0,1,4.866539,3.349994,5.224862,2.472976,0.123326
1779541669.424790,0,1,4.878878,3.329766,5.234714,2.472976,0.123326
1779541669.435315,0,1,4.891407,3.309598,5.244094,2.472976,0.123326
1779541669.445394,0,1,4.904091,3.289466,5.252675,2.493454,0.130375
1779541669.454733,0,1,4.916960,3.269387,5.261030,2.493454,0.130375
1779541669.464717,0,1,4.929993,3.249351,5.268975,2.500000,0.125957
1779541669.475264,0,1,4.943235,3.229390,5.277236,2.500000,0.125957
1779541669.485153,0,1,4.956721,3.209533,5.286210,2.500000,0.125957
1779541669.495104,0,1,4.970402,3.189752,5.295079,2.500000,0.122253
1779541669.505159,0,1,4.984239,3.170024,5.303382,2.500000,0.122253
1779541669.515021,0,1,4.998254,3.150370,5.311606,2.500000,0.122253
1779541669.525358,0,1,5.012429,3.130780,5.319512,2.500000,0.122948
1779541669.535126,0,1,5.026784,3.111273,5.327495,2.500000,0.122948
1779541669.545107,0,1,5.041297,3.091838,5.335258,2.500000,0.121331
1779541669.555160,0,1,5.055990,3.072493,5.343161,2.500000,0.121331
1779541669.565221,0,1,5.070840,3.053227,5.350883,2.500000,0.121331
1779541669.574675,0,1,5.085868,3.034058,5.358770,2.500000,0.119799
1779541669.584994,0,1,5.101050,3.014972,5.366490,2.500000,0.119799
1779541669.594777,0,1,5.116408,2.995989,5.374385,2.500000,0.119799
1779541669.605100,0,1,5.131919,2.977096,5.382119,2.500000,0.119351
1779541669.615379,0,1,5.147602,2.958311,5.390031,2.500000,0.119351
1779541669.624871,0,1,5.163436,2.939620,5.397783,2.500000,0.119273
1779541669.635113,0,1,5.179441,2.921043,5.405713,2.500000,0.119273
1779541669.645303,0,1,5.195593,2.902564,5.413483,2.500000,0.119273
1779541669.655221,0,1,5.211914,2.884205,5.421431,2.500000,0.117794
1779541669.665207,0,1,5.228380,2.865948,5.429219,2.500000,0.117794
1779541669.675592,0,1,5.245012,2.847815,5.437185,2.500000,0.117794
1779541669.684750,0,1,5.261788,2.829790,5.444990,2.500000,0.116086
1779541669.695315,0,1,5.278726,2.811892,5.452971,2.500000,0.116086
1779541669.705148,0,1,5.295806,2.794106,5.460791,2.500000,0.116086
1779541669.715080,0,1,5.313045,2.776452,5.468787,2.500000,0.112583
1779541669.725434,0,1,5.330424,2.758914,5.476620,2.500000,0.112583
1779541669.734807,0,1,5.347960,2.741512,5.484629,2.500000,0.112583
1779541669.745108,0,1,5.365633,2.724228,5.492475,2.500000,0.112583
1779541669.755236,0,1,5.383461,2.707085,5.500496,2.500000,0.112583
1779541669.765007,0,1,5.401423,2.690065,5.508354,2.500000,0.112583
1779541669.775264,0,1,5.419537,2.673188,5.516386,2.500000,0.112583
1779541669.785268,0,1,5.437783,2.656438,5.524253,2.500000,0.112583
1779541669.795447,0,1,5.456178,2.639834,5.532295,2.500000,0.112583
1779541669.805144,0,1,5.474703,2.623360,5.540172,2.500000,0.112583
1779541669.814722,0,1,5.493374,2.607037,5.548224,2.500000,0.112583
1779541669.825209,0,1,5.512172,2.590845,5.556109,2.500000,0.112583
1779541669.835209,0,1,5.531113,2.574808,5.564168,2.500000,0.112583
1779541669.845070,0,1,5.550179,2.558906,5.572062,2.500000,0.078725
1779541669.855388,0,1,5.569386,2.543160,5.580128,2.500000,0.078725
1779541669.864893,0,1,5.588699,2.527533,5.587728,2.500000,0.076542
1779541669.875171,0,1,5.608090,2.511990,5.594509,2.500000,0.076542
1779541669.885167,0,1,5.627579,2.496560,5.601045,2.500000,0.069532
1779541669.895216,0,1,5.647151,2.481224,5.607143,2.500000,0.069532
1779541669.905402,0,1,5.666823,2.466006,5.613241,2.500000,0.061846
1779541669.915356,0,1,5.686579,2.450887,5.619061,2.500000,0.061846
1779541669.925367,0,1,5.706434,2.435889,5.624982,2.500000,0.056202
1779541669.935416,0,1,5.726357,2.420971,5.630389,2.500000,0.056202
1779541669.945571,0,1,5.746320,2.406099,5.634946,2.500000,0.052907
1779541669.955341,0,1,5.766344,2.391299,5.639236,2.500000,0.052907
1779541669.965258,0,1,5.786413,2.376554,5.643077,2.500000,0.050249
1779541669.975310,0,1,5.806546,2.361887,5.646908,2.500000,0.050249
1779541669.985169,0,1,5.826725,2.347278,5.650455,2.500000,0.048194
1779541669.995181,0,1,5.846967,2.332748,5.654100,2.500000,0.048541
1779541670.004797,0,1,5.867255,2.318276,5.657528,2.500000,0.048541
1779541670.015125,0,1,5.887605,2.303885,5.661097,2.500000,0.051378
1779541670.025282,0,1,5.908001,2.289552,5.664479,2.500000,0.051378
1779541670.035382,0,1,5.928457,2.275299,5.668019,2.500000,0.054882
1779541670.045138,0,1,5.948958,2.261106,5.671383,2.500000,0.054882
1779541670.055324,0,1,5.969519,2.246993,5.674914,2.500000,0.058856
1779541670.064739,0,1,5.990123,2.232939,5.678272,2.500000,0.058856
1779541670.075314,0,1,6.010786,2.218966,5.681799,2.500000,0.063035
1779541670.085038,0,1,6.031491,2.205051,5.685156,2.500000,0.063035
1779541670.094903,0,1,6.052254,2.191219,5.688683,2.500000,0.067090
1779541670.105298,0,1,6.073060,2.177446,5.692040,2.500000,0.067090
1779541670.115241,0,1,6.093936,2.163776,5.695869,2.500000,0.071112
1779541670.125803,0,1,6.114906,2.150246,5.700523,2.500000,0.071112
1779541670.134941,0,1,6.135951,2.136829,5.705429,2.500000,0.075036
1779541670.145288,0,1,6.157083,2.123546,5.710776,2.500000,0.075036
1779541670.155063,0,1,6.178285,2.110370,5.716128,2.500000,0.078855
1779541670.165006,0,1,6.199569,2.097326,5.721763,2.500000,0.078855
1779541670.175008,0,1,6.220922,2.084391,5.727299,2.500000,0.080192
1779541670.185207,0,1,6.242356,2.071587,5.733051,2.500000,0.080398
1779541670.195333,0,1,6.263857,2.058893,5.738662,2.500000,0.080398
1779541670.204987,0,1,6.285437,2.046331,5.744463,2.500000,0.077349
1779541670.215211,0,1,6.307083,2.033880,5.750105,2.500000,0.077349
1779541670.225352,0,1,6.328808,2.021564,5.755925,2.500000,0.071331
1779541670.234719,0,1,6.350597,2.009359,5.761580,2.500000,0.071331
1779541670.244751,0,1,6.372462,1.997289,5.767408,2.500000,0.071331
1779541670.254895,0,1,6.394391,1.985333,5.773067,2.500000,0.071331
1779541670.265125,0,1,6.416395,1.973514,5.778898,2.500000,0.071331
1779541670.274755,0,1,6.438461,1.961808,5.784560,2.500000,0.071331
1779541670.285527,0,1,6.460601,1.950240,5.790392,2.500000,0.071331
1779541670.295029,0,1,6.482802,1.938787,5.796055,2.500000,0.071331
1779541670.305191,0,1,6.505075,1.927473,5.801888,2.500000,0.071331
1779541670.315118,0,1,6.527407,1.916275,5.807551,2.500000,0.071331
1779541670.325081,0,1,6.549809,1.905217,5.813385,2.500000,0.071331
1779541670.335138,0,1,6.572270,1.894275,5.819048,2.500000,0.071331
1779541670.344977,0,1,6.594799,1.883473,5.824883,2.500000,0.044438
1779541670.355107,0,1,6.617386,1.872790,5.830546,2.500000,0.044438
1779541670.365084,0,1,6.640039,1.862247,5.836381,2.500000,0.037936
1779541670.374970,0,1,6.662737,1.851800,5.841743,2.500000,0.037936
1779541670.385346,0,1,6.685461,1.841407,5.846281,2.500000,0.031440
1779541670.395120,0,1,6.708224,1.831100,5.850567,2.500000,0.031440
1779541670.404852,0,1,6.731007,1.820834,5.854109,2.500000,0.024356
1779541670.415190,0,1,6.753791,1.810571,5.856652,2.500000,0.024356
1779541670.424850,0,1,6.776592,1.800343,5.858831,2.500000,0.018115
1779541670.434859,0,1,6.799400,1.790129,5.860496,2.500000,0.018115
1779541670.444670,0,1,6.822226,1.779956,5.862112,2.500000,0.015340
1779541670.455257,0,1,6.845061,1.769800,5.863417,2.500000,0.015340
1779541670.464707,0,1,6.867914,1.759685,5.864802,2.500000,0.017074
1779541670.475065,0,1,6.890775,1.749588,5.865960,2.500000,0.017074
1779541670.484766,0,1,6.913655,1.739532,5.867252,2.500000,0.022144
1779541670.494797,0,1,6.936543,1.729493,5.868351,2.500000,0.022144
1779541670.505965,0,1,6.959449,1.719494,5.869606,2.500000,0.027778
1779541670.514584,0,1,6.982362,1.709511,5.870682,2.500000,0.027778
1779541670.525159,0,1,7.005293,1.699569,5.871923,2.500000,0.027778
1779541670.534932,0,1,7.028231,1.689641,5.872991,2.500000,0.037536
1779541670.544560,0,1,7.051186,1.679753,5.874227,2.500000,0.040912
1779541670.554786,0,1,7.074148,1.669880,5.875292,2.500000,0.040912
1779541670.565074,0,1,7.097137,1.660070,5.876829,2.500000,0.048403
1779541670.574711,0,1,7.120170,1.650363,5.879191,2.500000,0.048403
1779541670.585091,0,1,7.143234,1.640728,5.881804,2.500000,0.056243
1779541670.595247,0,1,7.166337,1.631187,5.884860,2.500000,0.056243
1779541670.605184,0,1,7.189468,1.621713,5.887920,2.500000,0.063775
1779541670.615258,0,1,7.212636,1.612331,5.891263,2.500000,0.063775
1779541670.625040,0,1,7.235831,1.603014,5.894507,2.500000,0.069402
1779541670.635158,0,1,7.259062,1.593787,5.897968,2.500000,0.069402
1779541670.645003,0,1,7.282320,1.584627,5.901287,2.500000,0.072241
1779541670.654885,0,1,7.305622,1.575582,5.905096,2.500000,0.072241
1779541670.665182,0,1,7.328986,1.566693,5.909743,2.500000,0.074029
1779541670.675328,0,1,7.352396,1.557930,5.914649,2.500000,0.074029
1779541670.685220,0,1,7.375862,1.549315,5.920001,2.500000,0.075392
1779541670.695200,0,1,7.399372,1.540821,5.925361,2.500000,0.075392
1779541670.704982,0,1,7.422934,1.532473,5.931004,2.500000,0.076081
1779541670.715074,0,1,7.446538,1.524245,5.936550,2.500000,0.074706
1779541670.725085,0,1,7.470194,1.516164,5.942312,2.500000,0.074706
1779541670.735525,0,1,7.493890,1.508203,5.947933,2.500000,0.074706
1779541670.744684,0,1,7.517635,1.500390,5.953743,2.500000,0.074706
1779541670.754920,0,1,7.541421,1.492699,5.959394,2.500000,0.074706
1779541670.765024,0,1,7.565254,1.485157,5.965223,2.500000,0.074706
1779541670.775113,0,1,7.589125,1.477737,5.970885,2.500000,0.074706
1779541670.785168,0,1,7.613043,1.470467,5.976721,2.500000,0.074706
1779541670.795038,0,1,7.636998,1.463321,5.982388,2.500000,0.074706
1779541670.805170,0,1,7.660998,1.456325,5.988226,2.500000,0.074706
1779541670.815033,0,1,7.685033,1.449453,5.993894,2.500000,0.074706
1779541670.825313,0,1,7.709111,1.442733,5.999733,2.500000,0.074706
1779541670.834686,0,1,7.733224,1.436138,6.005401,2.500000,0.074706
1779541670.845019,0,1,7.757378,1.429694,6.011240,2.500000,0.038207
1779541670.855131,0,1,7.781565,1.423376,6.016908,2.500000,0.038207
1779541670.865363,0,1,7.805792,1.417210,6.022747,2.500000,0.031242
1779541670.875052,0,1,7.830044,1.411146,6.028114,2.500000,0.031242
1779541670.884735,0,1,7.854305,1.405116,6.032353,2.500000,0.023759
1779541670.894833,0,1,7.878565,1.399083,6.035344,2.500000,0.023759
1779541670.905536,0,1,7.902834,1.393085,6.037812,2.500000,0.015985
1779541670.915226,0,1,7.927106,1.387101,6.039662,2.500000,0.015985
1779541670.925162,0,1,7.951389,1.381160,6.041396,2.500000,0.008126
1779541670.934712,0,1,7.975676,1.375237,6.042776,2.500000,0.008126
1779541670.945279,0,1,7.999974,1.369359,6.044210,2.500000,0.002906
1779541670.955197,0,1,8.024277,1.363500,6.045398,2.500000,0.002906
1779541670.965311,0,1,8.048591,1.357686,6.046709,2.500000,0.006677
1779541670.976166,0,1,8.072909,1.351890,6.047820,2.500000,0.006677
1779541670.985137,0,1,8.097238,1.346138,6.049082,2.500000,0.011659
1779541670.995000,0,1,8.121570,1.340402,6.050163,2.500000,0.011659
1779541671.005221,0,1,8.145913,1.334710,6.051407,2.500000,0.016774
1779541671.014969,0,1,8.170260,1.329035,6.052477,2.500000,0.016774
1779541671.025047,0,1,8.194616,1.323401,6.053714,2.500000,0.023706
1779541671.035042,0,1,8.218976,1.317784,6.054779,2.500000,0.023706
1779541671.045299,0,1,8.243346,1.312209,6.056015,2.500000,0.030657
1779541671.055038,0,1,8.267720,1.306649,6.057079,2.500000,0.030657
1779541671.065337,0,1,8.292103,1.301132,6.058314,2.500000,0.037875
1779541671.074939,0,1,8.316489,1.295629,6.059379,2.500000,0.037875
1779541671.085424,0,1,8.340891,1.290193,6.060915,2.500000,0.045372
1779541671.094589,0,1,8.365316,1.284867,6.063278,2.500000,0.045372
1779541671.105200,0,1,8.389758,1.279617,6.065892,2.500000,0.053183
1779541671.115085,0,1,8.414222,1.274466,6.068949,2.500000,0.053183
1779541671.124817,0,1,8.438700,1.269386,6.072010,2.500000,0.061104
1779541671.135024,0,1,8.463198,1.264403,6.075354,2.500000,0.061104
1779541671.144976,0,1,8.487710,1.259489,6.078599,2.500000,0.066959
1779541671.155137,0,1,8.512241,1.254670,6.082060,2.500000,0.066959
1779541671.164890,0,1,8.536785,1.249922,6.085380,2.500000,0.070138
1779541671.174980,0,1,8.561353,1.245295,6.089190,2.500000,0.070138
1779541671.185242,0,1,8.585951,1.240833,6.093838,2.500000,0.072174
1779541671.195186,0,1,8.610573,1.236503,6.098744,2.500000,0.072174
1779541671.205464,0,1,8.635222,1.232328,6.104098,2.500000,0.073935
1779541671.214926,0,1,8.659892,1.228281,6.109458,2.500000,0.073935
1779541671.225026,0,1,8.684586,1.224387,6.115102,2.500000,0.074891
1779541671.235271,0,1,8.709301,1.220619,6.120648,2.500000,0.074891
1779541671.245043,0,1,8.734038,1.217004,6.126411,2.500000,0.074891
1779541671.255120,0,1,8.758793,1.213515,6.132033,2.500000,0.074891
1779541671.265005,0,1,8.783569,1.210181,6.137844,2.500000,0.074891
1779541671.275193,0,1,8.808363,1.206974,6.143495,2.500000,0.074891
1779541671.284670,0,1,8.833175,1.203921,6.149325,2.500000,0.074891
1779541671.295459,0,1,8.858003,1.200997,6.154988,2.500000,0.074891
1779541671.305143,0,1,8.882849,1.198227,6.160824,2.500000,0.074891
1779541671.314694,0,1,8.907709,1.195587,6.166491,2.500000,0.074891
1779541671.324580,0,1,8.932586,1.193103,6.172330,2.500000,0.074891
1779541671.334965,0,1,8.957474,1.190747,6.177999,2.500000,0.074891
1779541671.345115,0,1,8.982377,1.188548,6.183838,2.500000,0.038532
1779541671.355238,0,1,9.007291,1.186478,6.189507,2.500000,0.038532
1779541671.364606,0,1,9.032218,1.184565,6.195346,2.500000,0.034990
1779541671.374594,0,1,9.057152,1.182756,6.200713,2.500000,0.034990
1779541671.384948,0,1,9.082091,1.181008,6.205254,2.500000,0.027612
1779541671.394685,0,1,9.107036,1.179353,6.209544,2.500000,0.027612
1779541671.404782,0,1,9.131984,1.177744,6.213089,2.500000,0.020020
1779541671.415071,0,1,9.156932,1.176139,6.215634,2.500000,0.020020
1779541671.425134,0,1,9.181883,1.174573,6.217815,2.500000,0.012566
1779541671.435014,0,1,9.206835,1.173022,6.219482,2.500000,0.012566
1779541671.444690,0,1,9.231789,1.171516,6.221099,2.500000,0.008004
1779541671.455052,0,1,9.256745,1.170029,6.222404,2.500000,0.008004
1779541671.465073,0,1,9.281703,1.168587,6.223790,2.500000,0.009344
1779541671.474978,0,1,9.306663,1.167165,6.224948,2.500000,0.009344
1779541671.485078,0,1,9.331625,1.165788,6.226241,2.500000,0.011988
1779541671.494879,0,1,9.356588,1.164429,6.227340,2.500000,0.011988
1779541671.505120,0,1,9.381553,1.163114,6.228596,2.500000,0.017756
1779541671.515325,0,1,9.406519,1.161817,6.229672,2.500000,0.017756
1779541671.524903,0,1,9.431488,1.160564,6.230914,2.500000,0.020215
1779541671.535124,0,1,9.456457,1.159328,6.231982,2.500000,0.026870
1779541671.545017,0,1,9.481429,1.158135,6.233219,2.500000,0.026870
1779541671.555153,0,1,9.506401,1.156958,6.234284,2.500000,0.033511
1779541671.565248,0,1,9.531375,1.155824,6.235519,2.500000,0.033511
1779541671.574847,0,1,9.556350,1.154706,6.236584,2.500000,0.040306
1779541671.585244,0,1,9.581328,1.153656,6.238121,2.500000,0.040306
1779541671.596424,0,1,9.606310,1.152718,6.240483,2.500000,0.047612
1779541671.604812,0,1,9.631296,1.151859,6.243097,2.500000,0.047612
1779541671.614618,0,1,9.656284,1.151101,6.246154,2.500000,0.054952
1779541671.625120,0,1,9.681275,1.150415,6.249215,2.500000,0.054952
1779541671.634596,0,1,9.706268,1.149828,6.252559,2.500000,0.061843
1779541671.645327,0,1,9.731262,1.149312,6.255804,2.500000,0.061843
1779541671.654922,0,1,9.756259,1.148893,6.259265,2.500000,0.065461
1779541671.665203,0,1,9.781256,1.148545,6.262585,2.500000,0.066832
1779541671.675116,0,1,9.806255,1.148322,6.266395,2.500000,0.066832
1779541671.685430,0,1,9.831255,1.148265,6.271043,2.500000,0.067646
1779541671.695178,0,1,9.856255,1.148344,6.275949,2.500000,0.067646
1779541671.704840,0,1,9.881254,1.148580,6.281303,2.500000,0.068415
1779541671.714732,0,1,9.906251,1.148944,0.003477,2.500000,0.068415
1779541671.725102,0,1,9.931246,1.149464,0.009122,2.500000,0.068682
1779541671.734870,0,1,9.956237,1.150112,0.014668,2.500000,0.068682
1779541671.745016,0,1,9.981224,1.150914,0.020431,2.500000,0.068682
1779541671.754913,0,1,10.006207,1.151844,0.026053,2.500000,0.068682
1779541671.765147,0,1,10.031183,1.152929,0.031864,2.500000,0.068682
1779541671.775114,0,1,10.056154,1.154143,0.037515,2.500000,0.068682
1779541671.786750,0,1,10.081116,1.155512,0.043345,2.500000,0.068682
1779541671.794515,0,1,10.106071,1.157010,0.049008,2.500000,0.068682
1779541671.805297,0,1,10.131016,1.158664,0.054844,2.500000,0.068682
1779541671.814978,0,1,10.155953,1.160447,0.060512,2.500000,0.068682
1779541671.825102,0,1,10.180877,1.162387,0.066350,2.500000,0.068682
1779541671.834854,0,1,10.205791,1.164456,0.072019,2.500000,0.068682
1779541671.845001,0,1,10.230692,1.166681,0.077858,2.500000,0.031495
1779541671.855067,0,1,10.255581,1.169035,0.083527,2.500000,0.031495
1779541671.864757,0,1,10.280454,1.171546,0.089366,2.500000,0.021059
1779541671.874615,0,1,10.305317,1.174161,0.094733,2.500000,0.021059
1779541671.885178,0,1,10.330177,1.176811,0.098973,2.500000,0.012416
1779541671.895691,0,1,10.355036,1.179458,0.101964,2.500000,0.012416
1779541671.905024,0,1,10.379892,1.182141,0.104432,2.500000,0.007261
1779541671.914999,0,1,10.404746,1.184838,0.106283,2.500000,0.007261
1779541671.925205,0,1,10.429595,1.187579,0.108017,2.500000,-0.004885
1779541671.935201,0,1,10.454442,1.190339,0.109398,2.500000,-0.004885
1779541671.945299,0,1,10.479284,1.193144,0.110831,2.500000,-0.008505
1779541671.955124,0,1,10.504127,1.195944,0.111717,2.500000,-0.008505
1779541671.964967,0,1,10.528975,1.198693,0.111731,2.500000,-0.007141
1779541671.974962,0,1,10.553826,1.201425,0.111462,2.500000,-0.007141
1779541671.985204,0,1,10.578680,1.204117,0.110733,2.500000,-0.006336
1779541671.995095,0,1,10.603536,1.206796,0.109988,2.500000,-0.006336
1779541672.004674,0,1,10.628396,1.209437,0.108954,2.500000,-0.001827
1779541672.015099,0,1,10.653258,1.212066,0.108014,2.500000,0.005280
1779541672.025273,0,1,10.678123,1.214657,0.106855,2.500000,0.005280
1779541672.034889,0,1,10.702987,1.217261,0.106138,2.500000,0.015465
1779541672.045016,0,1,10.727845,1.219921,0.106228,2.500000,0.015465
1779541672.054987,0,1,10.752701,1.222605,0.106558,2.500000,0.027178
1779541672.064834,0,1,10.777551,1.225333,0.107323,2.500000,0.027178
1779541672.074846,0,1,10.802400,1.228078,0.108087,2.500000,0.039826
1779541672.085118,0,1,10.827244,1.230864,0.109132,2.500000,0.039826
1779541672.095025,0,1,10.852087,1.233665,0.110076,2.500000,0.050567
1779541672.104965,0,1,10.876922,1.236532,0.111538,2.500000,0.050567
1779541672.114911,0,1,10.901744,1.239508,0.113854,2.500000,0.059162
1779541672.125392,0,1,10.926557,1.242561,0.116439,2.500000,0.059162
1779541672.134806,0,1,10.951358,1.245713,0.119479,2.500000,0.066577
1779541672.145377,0,1,10.976149,1.248936,0.122530,2.500000,0.066577
1779541672.154907,0,1,11.000924,1.252281,0.126170,2.500000,0.072983
1779541672.165093,0,1,11.025676,1.255791,0.130710,2.500000,0.075408
1779541672.175196,0,1,11.050410,1.259433,0.135549,2.500000,0.075408
1779541672.185159,0,1,11.075120,1.263229,0.140860,2.500000,0.076222
1779541672.195191,0,1,11.099810,1.267151,0.146194,2.500000,0.076222
1779541672.205039,0,1,11.124476,1.271225,0.151823,2.500000,0.076222
1779541672.215376,0,1,11.149121,1.275424,0.157360,2.500000,0.073233
1779541672.225024,0,1,11.173739,1.279775,0.163118,2.500000,0.073233
1779541672.235407,0,1,11.198335,1.284251,0.168737,2.500000,0.068930
1779541672.245012,0,1,11.222903,1.288879,0.174546,2.500000,0.068930
1779541672.255010,0,1,11.247447,1.293633,0.180198,2.500000,0.068930
1779541672.265579,0,1,11.271961,1.298540,0.186027,2.500000,0.068930
1779541672.275052,0,1,11.296449,1.303572,0.191690,2.500000,0.068930
1779541672.284951,0,1,11.320905,1.308758,0.197527,2.500000,0.068930
1779541672.294976,0,1,11.345334,1.314070,0.203195,2.500000,0.068930
1779541672.305050,0,1,11.369730,1.319535,0.209034,2.500000,0.068930
1779541672.314844,0,1,11.394096,1.325126,0.214702,2.500000,0.068930
1779541672.325000,0,1,11.418427,1.330870,0.220542,2.500000,0.068930
1779541672.335030,0,1,11.442729,1.336740,0.226211,2.500000,0.068930
1779541672.344789,0,1,11.466992,1.342762,0.232051,2.500000,0.068930
1779541672.354619,0,1,11.491224,1.348911,0.237720,2.500000,0.068930
1779541672.365326,0,1,11.515417,1.355212,0.243559,2.500000,0.068930
1779541672.375022,0,1,11.539577,1.361639,0.249228,2.500000,0.015639
1779541672.385076,0,1,11.563696,1.368218,0.255067,2.500000,0.015639
1779541672.395007,0,1,11.587787,1.374897,0.260434,2.500000,-0.003913
1779541672.404969,0,1,11.611869,1.381610,0.264673,2.500000,-0.003913
1779541672.414572,0,1,11.635958,1.388297,0.267362,2.500000,-0.014919
1779541672.424964,0,1,11.660063,1.394925,0.268532,2.500000,-0.014919
1779541672.434942,0,1,11.684174,1.401532,0.269004,2.500000,-0.027124
1779541672.444734,0,1,11.708297,1.408099,0.268746,2.500000,-0.027124
1779541672.454911,0,1,11.732422,1.414655,0.268301,2.500000,-0.033820
1779541672.464948,0,1,11.756556,1.421176,0.267455,2.500000,-0.033820
1779541672.474725,0,1,11.780693,1.427688,0.266634,2.500000,-0.036229
1779541672.484995,0,1,11.804846,1.434140,0.265247,2.500000,-0.036229
1779541672.495311,0,1,11.829026,1.440489,0.262976,2.500000,-0.030066
1779541672.505637,0,1,11.853225,1.446767,0.260416,2.500000,-0.030066
1779541672.514943,0,1,11.877448,1.452951,0.257391,2.500000,-0.020454
1779541672.524839,0,1,11.901682,1.459093,0.254649,2.500000,-0.020454
1779541672.534987,0,1,11.925916,1.465236,0.252612,2.500000,-0.011167
1779541672.544959,0,1,11.950157,1.471347,0.250750,2.500000,-0.011167
1779541672.554548,0,1,11.974401,1.477449,0.249282,2.500000,0.002873
1779541672.564995,0,1,11.998655,1.483512,0.247787,2.500000,0.002873
1779541672.575075,0,1,12.022905,1.489587,0.246858,2.500000,0.019333
1779541672.585104,0,1,12.047143,1.495715,0.246814,2.500000,0.019333
1779541672.595302,0,1,12.071375,1.501863,0.247060,2.500000,0.033269
1779541672.605032,0,1,12.095597,1.508053,0.247773,2.500000,0.033269
1779541672.614705,0,1,12.119815,1.514257,0.248507,2.500000,0.046017
1779541672.624591,0,1,12.144016,1.520524,0.249834,2.500000,0.046017
1779541672.634924,0,1,12.168190,1.526898,0.252066,2.500000,0.056057
1779541672.644841,0,1,12.192345,1.533344,0.254599,2.500000,0.056057
1779541672.654748,0,1,12.216473,1.539887,0.257605,2.500000,0.063373
1779541672.664737,0,1,12.240584,1.546496,0.260636,2.500000,0.063373
1779541672.675203,0,1,12.264668,1.553199,0.263962,2.500000,0.069095
1779541672.684729,0,1,12.288734,1.559969,0.267197,2.500000,0.069095
1779541672.694815,0,1,12.312767,1.566856,0.270955,2.500000,0.070636
1779541672.704991,0,1,12.336753,1.573903,0.275570,2.500000,0.070636
1779541672.714598,0,1,12.360702,1.581077,0.280457,2.500000,0.070237
1779541672.724736,0,1,12.384605,1.588401,0.285798,2.500000,0.070237
1779541672.734562,0,1,12.408470,1.595847,0.291152,2.500000,0.068842
1779541672.744922,0,1,12.432289,1.603440,0.296793,2.500000,0.068842
1779541672.754543,0,1,12.456069,1.611155,0.302337,2.500000,0.068842
1779541672.765409,0,1,12.479801,1.619015,0.308100,2.500000,0.068842
1779541672.774864,0,1,12.503493,1.626997,0.313721,2.500000,0.068842
1779541672.785148,0,1,12.527134,1.635125,0.319532,2.500000,0.068842
1779541672.795002,0,1,12.550734,1.643375,0.325184,2.500000,0.068842
1779541672.804649,0,1,12.574282,1.651771,0.331014,2.500000,0.068842
1779541672.815028,0,1,12.597786,1.660289,0.336678,2.500000,0.068842
1779541672.825220,0,1,12.621237,1.668953,0.342514,2.500000,0.068842
1779541672.834596,0,1,12.644642,1.677738,0.348182,2.500000,0.068842
1779541672.844862,0,1,12.667992,1.686670,0.354021,2.500000,0.068842
1779541672.855029,0,1,12.691295,1.695723,0.359690,2.500000,0.019545
1779541672.865041,0,1,12.714542,1.704922,0.365529,2.500000,0.005249
1779541672.874847,0,1,12.737749,1.714217,0.370896,2.500000,0.005249
1779541672.885377,0,1,12.760944,1.723545,0.375136,2.500000,-0.001135
1779541672.895230,0,1,12.784139,1.732871,0.378128,2.500000,-0.001135
1779541672.904837,0,1,12.807321,1.742230,0.380596,2.500000,-0.012695
1779541672.915857,0,1,12.830508,1.751578,0.382145,2.500000,-0.012695
1779541672.924861,0,1,12.853714,1.760878,0.382582,2.500000,-0.024741
1779541672.935246,0,1,12.876926,1.770162,0.382583,2.500000,-0.024741
1779541672.944597,0,1,12.900153,1.779409,0.382025,2.500000,-0.024741
1779541672.955134,0,1,12.923384,1.788646,0.381387,2.500000,-0.031124
1779541672.964965,0,1,12.946628,1.797849,0.380420,2.500000,-0.031124
1779541672.974905,0,1,12.969876,1.807042,0.379521,2.500000,-0.030832
1779541672.984614,0,1,12.993138,1.816201,0.378388,2.500000,-0.025151
1779541672.995008,0,1,13.016404,1.825349,0.377385,2.500000,-0.025151
1779541673.004942,0,1,13.039684,1.834462,0.376185,2.500000,-0.022596
1779541673.014954,0,1,13.062969,1.843564,0.375141,2.500000,-0.022596
1779541673.024809,0,1,13.086268,1.852628,0.373916,2.500000,-0.013542
1779541673.034592,0,1,13.109571,1.861681,0.372857,2.500000,-0.013542
1779541673.044650,0,1,13.132889,1.870695,0.371623,2.500000,-0.004733
1779541673.054962,0,1,13.156212,1.879697,0.370558,2.500000,-0.004733
1779541673.065238,0,1,13.179550,1.888660,0.369321,2.500000,0.004070
1779541673.074692,0,1,13.202893,1.897610,0.368254,2.500000,0.004070
1779541673.085245,0,1,13.226251,1.906522,0.367017,2.500000,0.014306
1779541673.094593,0,1,13.249605,1.915443,0.366252,2.500000,0.014306
1779541673.105069,0,1,13.272939,1.924416,0.366313,2.500000,0.024182
1779541673.115063,0,1,13.296266,1.933408,0.366626,2.500000,0.024182
1779541673.124955,0,1,13.319577,1.942441,0.367381,2.500000,0.034075
1779541673.134568,0,1,13.342883,1.951488,0.368140,2.500000,0.034075
1779541673.144628,0,1,13.366164,1.960597,0.369484,2.500000,0.044016
1779541673.154513,0,1,13.389405,1.969809,0.371726,2.500000,0.044016
1779541673.164981,0,1,13.412618,1.979091,0.374264,2.500000,0.050500
1779541673.174466,0,1,13.435794,1.988465,0.377275,2.500000,0.053354
1779541673.184896,0,1,13.458943,1.997905,0.380308,2.500000,0.053354
1779541673.194626,0,1,13.482056,2.007434,0.383635,2.500000,0.056868
1779541673.205027,0,1,13.505142,2.017027,0.386870,2.500000,0.056868
1779541673.214555,0,1,13.528191,2.026710,0.390326,2.500000,0.057229
1779541673.225174,0,1,13.551213,2.036457,0.393643,2.500000,0.057229
1779541673.234846,0,1,13.574196,2.046294,0.397151,2.500000,0.057229
1779541673.244617,0,1,13.597152,2.056195,0.400500,2.500000,0.057229
1779541673.254650,0,1,13.620068,2.066186,0.404028,2.500000,0.057229
1779541673.264561,0,1,13.642956,2.076243,0.407390,2.500000,0.057229
1779541673.274682,0,1,13.665804,2.086390,0.410925,2.500000,0.057229
1779541673.284923,0,1,13.688623,2.096603,0.414291,2.500000,0.057229
1779541673.294778,0,1,13.711402,2.106905,0.417828,2.500000,0.057229
1779541673.304645,0,1,13.734150,2.117274,0.421196,2.500000,0.057229
1779541673.314811,0,1,13.756857,2.127733,0.424734,2.500000,0.057229
1779541673.325022,0,1,13.779534,2.138257,0.428101,2.500000,0.057229
1779541673.334908,0,1,13.802169,2.148872,0.431639,2.500000,0.057229
1779541673.344958,0,1,13.824773,2.159552,0.435007,2.500000,0.028433
1779541673.354527,0,1,13.847334,2.170322,0.438545,2.500000,0.028433
1779541673.365136,0,1,13.869875,2.181135,0.441610,2.500000,0.027490
1779541673.374537,0,1,13.892414,2.191950,0.443850,2.500000,0.027490
1779541673.384795,0,1,13.914938,2.202799,0.445838,2.500000,0.022258
1779541673.394711,0,1,13.937455,2.213660,0.447384,2.500000,0.022258
1779541673.404995,0,1,13.959954,2.224559,0.448925,2.500000,0.017039
1779541673.414834,0,1,13.982445,2.235474,0.450184,2.500000,0.017039
1779541673.424903,0,1,14.004918,2.246428,0.451542,2.500000,0.013913
1779541673.434726,0,1,14.027382,2.257398,0.452683,2.500000,0.013913
1779541673.444727,0,1,14.049828,2.268408,0.453966,2.500000,0.013496
1779541673.454684,0,1,14.072265,2.279433,0.455060,2.500000,0.013496
1779541673.465041,0,1,14.094684,2.290497,0.456313,2.500000,0.014085
1779541673.474603,0,1,14.117095,2.301576,0.457388,2.500000,0.014085
1779541673.484620,0,1,14.139486,2.312694,0.458629,2.500000,0.015278
1779541673.495024,0,1,14.161871,2.323827,0.459697,2.500000,0.015278
1779541673.504714,0,1,14.184236,2.334998,0.460935,2.500000,0.015746
1779541673.514820,0,1,14.206595,2.346183,0.462000,2.500000,0.015746
1779541673.525188,0,1,14.228934,2.357406,0.463236,2.500000,0.017141
1779541673.535136,0,1,14.251266,2.368643,0.464301,2.500000,0.018592
1779541673.544785,0,1,14.273579,2.379919,0.465537,2.500000,0.018592
1779541673.555016,0,1,14.295885,2.391208,0.466602,2.500000,0.020016
1779541673.564488,0,1,14.318171,2.402535,0.467837,2.500000,0.020016
1779541673.574457,0,1,14.340451,2.413876,0.468902,2.500000,0.021459
1779541673.584878,0,1,14.362711,2.425254,0.470138,2.500000,0.021459
1779541673.594868,0,1,14.384965,2.436647,0.471203,2.500000,0.022980
1779541673.605023,0,1,14.407199,2.448077,0.472438,2.500000,0.022980
1779541673.615086,0,1,14.429426,2.459520,0.473504,2.500000,0.024380
1779541673.624917,0,1,14.451634,2.471002,0.474739,2.500000,0.024380
1779541673.634555,0,1,14.473834,2.482496,0.475805,2.500000,0.025859
1779541673.644860,0,1,14.496016,2.494029,0.477041,2.500000,0.027345
1779541673.654536,0,1,14.518190,2.505575,0.478106,2.500000,0.027345
1779541673.664918,0,1,14.540344,2.517158,0.479342,2.500000,0.028443
1779541673.675124,0,1,14.562492,2.528755,0.480407,2.500000,0.028443
1779541673.684972,0,1,14.584619,2.540390,0.481643,2.500000,0.029703
1779541673.694747,0,1,14.606740,2.552038,0.482708,2.500000,0.029703
1779541673.704961,0,1,14.628841,2.563723,0.483944,2.500000,0.031179
1779541673.715010,0,1,14.650935,2.575422,0.485010,2.500000,0.031179
1779541673.724776,0,1,14.673009,2.587158,0.486246,2.500000,0.032693
1779541673.734919,0,1,14.695076,2.598907,0.487311,2.500000,0.032693
1779541673.744593,0,1,14.717111,2.610717,0.488849,2.500000,0.032693
1779541673.754485,0,1,14.739092,2.622625,0.491212,2.500000,0.032693
1779541673.764971,0,1,14.761037,2.634601,0.493827,2.500000,0.032693
1779541673.774531,0,1,14.782933,2.646667,0.496885,2.500000,0.032693
1779541673.784958,0,1,14.804794,2.658795,0.499946,2.500000,0.032693
1779541673.794554,0,1,14.826607,2.671010,0.503290,2.500000,0.032693
1779541673.804651,0,1,14.848385,2.683286,0.506536,2.500000,0.032693
1779541673.814818,0,1,14.870115,2.695647,0.509997,2.500000,0.032693
1779541673.825327,0,1,14.891811,2.708069,0.513317,2.500000,0.032693
1779541673.834899,0,1,14.913457,2.720577,0.516826,2.500000,0.032693
1779541673.844877,0,1,14.935067,2.733146,0.520176,2.500000,0.027556
1779541673.854874,0,1,14.956628,2.745800,0.523704,2.500000,0.027556
1779541673.864580,0,1,14.978166,2.758494,0.526763,2.500000,0.027731
1779541673.874749,0,1,14.999702,2.771190,0.529000,2.500000,0.027731
1779541673.884554,0,1,15.021220,2.783917,0.530986,2.500000,0.023659
1779541673.895139,0,1,15.042731,2.796656,0.532531,2.500000,0.023659
1779541673.904906,0,1,15.064221,2.809431,0.534073,2.500000,0.021855
1779541673.914746,0,1,15.085702,2.822220,0.535332,2.500000,0.021855
1779541673.925023,0,1,15.107160,2.835047,0.536690,2.500000,0.018765
1779541673.934577,0,1,15.128610,2.847888,0.537831,2.500000,0.019088
1779541673.944678,0,1,15.150037,2.860768,0.539114,2.500000,0.019088
1779541673.954529,0,1,15.171456,2.873662,0.540209,2.500000,0.022098
1779541673.965051,0,1,15.192851,2.886593,0.541462,2.500000,0.022098
1779541673.975023,0,1,15.214239,2.899538,0.542538,2.500000,0.025987
1779541673.985256,0,1,15.235604,2.912520,0.543779,2.500000,0.025987
1779541673.994862,0,1,15.256960,2.925516,0.544848,2.500000,0.030727
1779541674.005561,0,1,15.278295,2.938549,0.546085,2.500000,0.030727
1779541674.014826,0,1,15.299620,2.951595,0.547151,2.500000,0.036067
1779541674.025191,0,1,15.320924,2.964678,0.548387,2.500000,0.036067
1779541674.035050,0,1,15.342219,2.977774,0.549452,2.500000,0.041807
1779541674.045212,0,1,15.363479,2.990928,0.550989,2.500000,0.041807
1779541674.054777,0,1,15.384679,3.004177,0.553352,2.500000,0.048425
1779541674.065264,0,1,15.405838,3.017493,0.555967,2.500000,0.048425
1779541674.074947,0,1,15.426943,3.030894,0.559024,2.500000,0.055573
1779541674.085011,0,1,15.448009,3.044356,0.562085,2.500000,0.060076
1779541674.094872,0,1,15.469022,3.057901,0.565429,2.500000,0.060076
1779541674.105117,0,1,15.489996,3.071505,0.568674,2.500000,0.064935
1779541674.114985,0,1,15.510917,3.085192,0.572135,2.500000,0.064935
1779541674.125085,0,1,15.531799,3.098937,0.575455,2.500000,0.068808
1779541674.134542,0,1,15.552612,3.112786,0.579266,2.500000,0.068808
1779541674.144734,0,1,15.573333,3.126774,0.583913,2.500000,0.071084
1779541674.155187,0,1,15.593977,3.140874,0.588820,2.500000,0.071084
1779541674.165018,0,1,15.614533,3.155103,0.594173,2.500000,0.073082
1779541674.174561,0,1,15.635015,3.169438,0.599534,2.500000,0.073082
1779541674.184852,0,1,15.655407,3.183900,0.605178,2.500000,0.075545
1779541674.194836,0,1,15.675726,3.198465,0.610724,2.500000,0.076782
1779541674.204899,0,1,15.695954,3.213156,0.616487,2.500000,0.076782
1779541674.215000,0,1,15.716106,3.227951,0.622109,2.500000,0.075020
1779541674.225078,0,1,15.736166,3.242870,0.627920,2.500000,0.075020
1779541674.234945,0,1,15.756149,3.257893,0.633572,2.500000,0.075020
1779541674.244846,0,1,15.776039,3.273039,0.639401,2.500000,0.075020
1779541674.254956,0,1,15.795849,3.288288,0.645064,2.500000,0.075020
1779541674.264952,0,1,15.815564,3.303661,0.650901,2.500000,0.075020
1779541674.274899,0,1,15.835199,3.319136,0.656568,2.500000,0.075020
1779541674.285012,0,1,15.854737,3.334733,0.662407,2.500000,0.075020
1779541674.294934,0,1,15.874193,3.350432,0.668075,2.500000,0.075020
1779541674.304622,0,1,15.893551,3.366252,0.673914,2.500000,0.075020
1779541674.314802,0,1,15.912826,3.382172,0.679583,2.500000,0.075020
1779541674.324985,0,1,15.932001,3.398214,0.685423,2.500000,0.075020
1779541674.334520,0,1,15.951092,3.414355,0.691091,2.500000,0.075020
1779541674.344791,0,1,15.970081,3.430616,0.696931,2.500000,0.075020
1779541674.354676,0,1,15.988789,3.446804,0.702771,2.226055,0.063175
1779541674.365298,0,1,16.007008,3.462776,0.709062,2.185383,0.068813
1779541674.374751,0,1,16.024824,3.478523,0.714863,2.185383,0.068813
1779541674.384795,0,1,16.042303,3.494041,0.719705,2.145700,0.070802
1779541674.394565,0,1,16.059427,3.509410,0.724573,2.145700,0.070802
1779541674.405144,0,1,16.076193,3.524693,0.729980,2.115970,0.071870
1779541674.414858,0,1,16.092652,3.539879,0.735344,2.115970,0.071870
1779541674.424951,0,1,16.108803,3.554998,0.740954,2.076006,0.072680
1779541674.434702,0,1,16.124679,3.570029,0.746363,2.076006,0.072680
1779541674.444877,0,1,16.140271,3.585000,0.751925,2.036005,0.077678
1779541674.454878,0,1,16.155610,3.599888,0.757240,2.036005,0.077678
1779541674.465225,0,1,16.170689,3.614723,0.762678,2.003957,0.081164
1779541674.474892,0,1,16.185539,3.629488,0.767857,2.003957,0.081164
1779541674.484948,0,1,16.200144,3.644202,0.773159,1.964083,0.084595
1779541674.494743,0,1,16.214529,3.658841,0.778211,1.964083,0.084595
1779541674.505515,0,1,16.228677,3.673424,0.783393,1.924018,0.088419
1779541674.514998,0,1,16.242590,3.687906,0.788344,1.891835,0.090528
1779541674.524704,0,1,16.256260,3.702314,0.793425,1.891835,0.090528
1779541674.535050,0,1,16.269738,3.716656,0.798244,1.891198,0.094609
1779541674.544654,0,1,16.283029,3.730972,0.803168,1.891198,0.094609
1779541674.554587,0,1,16.296174,3.745262,0.807841,1.891198,0.094609
1779541674.565098,0,1,16.309170,3.759559,0.812633,1.891198,0.100010
1779541674.574512,0,1,16.322050,3.773855,0.817196,1.891198,0.100010
1779541674.585220,0,1,16.334788,3.788194,0.822192,1.891198,0.105091
1779541674.594841,0,1,16.347361,3.802611,0.827913,1.891198,0.111756
1779541674.605381,0,1,16.359804,3.817085,0.833756,1.891198,0.111756
1779541674.614753,0,1,16.372109,3.831633,0.839934,1.891198,0.118151
1779541674.625103,0,1,16.384303,3.846239,0.846021,1.891198,0.118151
1779541674.634940,0,1,16.396372,3.860921,0.852325,1.891198,0.126015
1779541674.644623,0,1,16.408341,3.875661,0.858474,1.891198,0.126015
1779541674.655270,0,1,16.420191,3.890476,0.864806,1.889792,0.131345
1779541674.664981,0,1,16.431947,3.905349,0.870967,1.889792,0.131345
1779541674.675050,0,1,16.443568,3.920312,0.877591,1.889792,0.137447
1779541674.685293,0,1,16.455024,3.935391,0.884957,1.889792,0.137447
1779541674.695127,0,1,16.466320,3.950528,0.892500,1.844566,0.142872
1779541674.705462,0,1,16.477418,3.965706,0.900426,1.844566,0.142872
1779541674.714989,0,1,16.488345,3.980903,0.908274,1.826662,0.153433
1779541674.725342,0,1,16.499079,3.996132,0.916340,1.826662,0.153433
1779541674.734985,0,1,16.509655,4.011387,0.924224,1.826662,0.153433
1779541674.745138,0,1,16.520060,4.026691,0.932262,1.826662,0.153433
1779541674.755002,0,1,16.530324,4.042035,0.940096,1.826662,0.153433
1779541674.765211,0,1,16.540430,4.057440,0.948077,1.826662,0.153433
1779541674.775017,0,1,16.550404,4.072895,0.955858,1.826662,0.153433
1779541674.785207,0,1,16.560229,4.088416,0.963791,1.826662,0.153433
1779541674.794991,0,1,16.569930,4.103992,0.971531,1.826662,0.153433
1779541674.805122,0,1,16.579487,4.119639,0.979430,1.826662,0.153433
1779541674.814969,0,1,16.588923,4.135343,0.987143,1.826662,0.153433
1779541674.824925,0,1,16.598218,4.151119,0.995019,1.826662,0.153433
1779541674.834737,0,1,16.607396,4.166954,1.002714,1.826662,0.153433
1779541674.845176,0,1,16.616434,4.182862,1.010575,1.826662,0.183184
1779541674.855128,0,1,16.625356,4.198828,1.018258,1.826662,0.183184
1779541674.865072,0,1,16.634116,4.214879,1.026399,1.826662,0.183184
1779541674.875381,0,1,16.642680,4.231031,1.035267,1.826662,0.197359
1779541674.884789,0,1,16.651080,4.247265,1.044267,1.826662,0.197359
1779541674.895622,0,1,16.659275,4.263602,1.053898,1.826662,0.209187
1779541674.904686,0,1,16.667232,4.280053,1.064352,1.826662,0.209187
1779541674.915149,0,1,16.674988,4.296599,1.074994,1.826662,0.209187
1779541674.925140,0,1,16.682524,4.313244,1.086008,1.826662,0.220723
1779541674.935468,0,1,16.689871,4.329973,1.096962,1.826662,0.220723
1779541674.945365,0,1,16.697006,4.346792,1.108152,1.826662,0.220723
1779541674.955197,0,1,16.703957,4.363687,1.119205,1.826662,0.228850
1779541674.965217,0,1,16.710700,4.380666,1.130452,1.826662,0.228850
1779541674.975237,0,1,16.717261,4.397716,1.141537,1.826662,0.228850
1779541674.985079,0,1,16.723590,4.414852,1.153091,1.826662,0.228850
1779541674.995466,0,1,16.729652,4.432085,1.165379,1.826662,0.240619
1779541675.005132,0,1,16.735479,4.449398,1.177805,1.826662,0.240619
1779541675.015350,0,1,16.741052,4.466794,1.190576,1.826662,0.240619
1779541675.025516,0,1,16.746387,4.484216,1.203320,1.777396,0.255591
1779541675.035579,0,1,16.751450,4.501630,1.216335,1.777396,0.255591
1779541675.045425,0,1,16.756274,4.519041,1.229178,1.777396,0.255591
1779541675.055416,0,1,16.760832,4.536444,1.242193,1.755145,0.261822
1779541675.064786,0,1,16.765151,4.553821,1.255001,1.755145,0.261822
1779541675.074950,0,1,16.769187,4.571198,1.268227,1.755145,0.261822
1779541675.085182,0,1,16.772908,4.588608,1.282099,1.775690,0.256061
1779541675.095020,0,1,16.776361,4.606065,1.296018,1.775690,0.256061
1779541675.105181,0,1,16.779526,4.623568,1.310229,1.775690,0.256061
1779541675.114914,0,1,16.782449,4.641112,1.324181,1.783272,0.253981
1779541675.125178,0,1,16.785142,4.658694,1.337890,1.783272,0.253981
1779541675.135328,0,1,16.787614,4.676312,1.351327,1.783272,0.253981
1779541675.145205,0,1,16.789896,4.693960,1.364245,1.795488,0.250680
1779541675.154718,0,1,16.791957,4.711642,1.377148,1.795488,0.250680
1779541675.165154,0,1,16.793818,4.729354,1.389779,1.795488,0.250680
1779541675.175219,0,1,16.795451,4.747099,1.402527,1.807176,0.247579
1779541675.185586,0,1,16.796879,4.764873,1.415075,1.807176,0.247579
1779541675.195214,0,1,16.798074,4.782675,1.427784,1.807176,0.247579
1779541675.205355,0,1,16.799062,4.800504,1.440315,1.814766,0.245595
1779541675.214987,0,1,16.799814,4.818357,1.453019,1.814766,0.245595
1779541675.225272,0,1,16.800357,4.836231,1.465556,1.814766,0.245595
1779541675.235409,0,1,16.800664,4.854124,1.478272,1.814766,0.245595
1779541675.245202,0,1,16.800759,4.872031,1.490823,1.814766,0.245595
1779541675.255517,0,1,16.800616,4.889949,1.503555,1.814766,0.245595
1779541675.265196,0,1,16.800260,4.907875,1.516124,1.814766,0.245595
1779541675.274740,0,1,16.799666,4.925805,1.528873,1.814766,0.245595
1779541675.285328,0,1,16.798858,4.943736,1.541457,1.814766,0.245595
1779541675.295115,0,1,16.797811,4.961665,1.554221,1.814766,0.245595
1779541675.305198,0,1,16.796550,4.979589,1.566821,1.814766,0.245595
1779541675.315157,0,1,16.795048,4.997502,1.579599,1.814766,0.245595
1779541675.325364,0,1,16.793333,5.015405,1.592212,1.814766,0.245595
1779541675.335034,0,1,16.791377,5.033291,1.605004,1.814766,0.245595
1779541675.345580,0,1,16.789207,5.051159,1.617629,1.814766,0.245595
1779541675.354696,0,1,16.786797,5.069004,1.630432,1.814766,0.245595
1779541675.365636,0,1,16.784173,5.086826,1.643069,1.814766,0.245595
1779541675.375231,0,1,16.781309,5.104617,1.655883,1.814766,0.245595
1779541675.384914,0,1,16.778231,5.122378,1.668530,1.814766,0.245595
1779541675.395525,0,1,16.774907,5.140146,1.681307,2.002751,0.195047
1779541675.405121,0,1,16.771353,5.157964,1.693885,2.002751,0.195047
1779541675.414711,0,1,16.767543,5.175825,1.706640,2.022748,0.191199
1779541675.425268,0,1,16.763527,5.193736,1.718988,2.022748,0.191199
1779541675.434783,0,1,16.759363,5.211710,1.730397,2.042722,0.181391
1779541675.444698,0,1,16.755080,5.229752,1.740844,2.042722,0.181391
1779541675.455389,0,1,16.750636,5.247852,1.751027,2.062844,0.170670
1779541675.465334,0,1,16.746042,5.266013,1.760818,2.062844,0.170670
1779541675.475346,0,1,16.741264,5.284224,1.770663,2.082700,0.160067
1779541675.485577,0,1,16.736320,5.302489,1.780295,2.082700,0.160067
1779541675.495132,0,1,16.731180,5.320798,1.790081,2.099668,0.152048
1779541675.505091,0,1,16.725874,5.339159,1.799575,2.099668,0.152048
1779541675.514926,0,1,16.720419,5.357573,1.808674,2.120413,0.146075
1779541675.525337,0,1,16.714837,5.376049,1.817199,2.120413,0.146075
1779541675.535037,0,1,16.709093,5.394576,1.825669,2.140667,0.140197
1779541675.545570,0,1,16.703203,5.413160,1.833858,2.154758,0.137289
1779541675.555013,0,1,16.697138,5.431790,1.842159,2.154758,0.137289
1779541675.565333,0,1,16.690917,5.450472,1.850277,2.174705,0.132213
1779541675.575511,0,1,16.684511,5.469195,1.858565,2.174705,0.132213
1779541675.584895,0,1,16.677943,5.487965,1.866704,2.194770,0.128434
1779541675.595381,0,1,16.671184,5.506771,1.875031,2.194770,0.128434
1779541675.605679,0,1,16.664257,5.525620,1.883221,2.210744,0.125614
1779541675.615131,0,1,16.657135,5.544499,1.891608,2.210744,0.125614
1779541675.625623,0,1,16.649864,5.563424,1.899582,2.230821,0.122323
1779541675.635139,0,1,16.642478,5.582409,1.906852,2.230821,0.122323
1779541675.645185,0,1,16.634945,5.601440,1.913980,2.250714,0.119361
1779541675.655191,0,1,16.627282,5.620524,1.920772,2.250714,0.119361
1779541675.665160,0,1,16.619459,5.639647,1.927636,2.270705,0.115620
1779541675.675039,0,1,16.611496,5.658818,1.934292,2.270705,0.115620
1779541675.685497,0,1,16.603365,5.678025,1.941095,2.290739,0.113839
1779541675.695088,0,1,16.595089,5.697275,1.947734,2.290739,0.113839
1779541675.705236,0,1,16.586641,5.716557,1.954547,2.310708,0.113147
1779541675.715516,0,1,16.578042,5.735880,1.961213,2.310708,0.113147
1779541675.725281,0,1,16.569267,5.755230,1.968064,2.330721,0.113519
1779541675.735561,0,1,16.560337,5.774618,1.974773,2.330721,0.113519
1779541675.745186,0,1,16.551230,5.794026,1.981674,2.330721,0.113519
1779541675.755427,0,1,16.541970,5.813460,1.988440,2.330721,0.113519
1779541675.764738,0,1,16.532533,5.832902,1.995400,2.330721,0.113519
1779541675.774877,0,1,16.522943,5.852360,2.002224,2.330721,0.113519
1779541675.784790,0,1,16.513178,5.871816,2.009242,2.330721,0.113519
1779541675.794831,0,1,16.503261,5.891277,2.016122,2.330721,0.113519
1779541675.805119,0,1,16.493168,5.910727,2.023195,2.330721,0.113519
1779541675.815024,0,1,16.482925,5.930173,2.030128,2.330721,0.113519
1779541675.824814,0,1,16.472509,5.949597,2.037251,2.330721,0.113519
1779541675.835685,0,1,16.461942,5.969010,2.044232,2.330721,0.113519
1779541675.845141,0,1,16.451188,5.988419,2.051378,2.460148,0.105968
1779541675.854725,0,1,16.440256,6.007861,2.058357,2.460148,0.105968
1779541675.864933,0,1,16.429123,6.027319,2.065510,2.474762,0.115211
1779541675.875351,0,1,16.417813,6.046802,2.072522,2.474762,0.115211
1779541675.885234,0,1,16.406301,6.066295,2.079722,2.494730,0.113855
1779541675.895229,0,1,16.394610,6.085808,2.086788,2.494730,0.113855
1779541675.905373,0,1,16.382717,6.105324,2.094048,2.500000,0.113425
1779541675.915181,0,1,16.370647,6.124851,2.101179,2.500000,0.113425
1779541675.925405,0,1,16.358377,6.144368,2.108508,2.500000,0.111448
1779541675.934994,0,1,16.345933,6.163883,2.115708,2.500000,0.111448
1779541675.944919,0,1,16.333292,6.183378,2.123105,2.500000,0.109147
1779541675.954858,0,1,16.320479,6.202859,2.130372,2.500000,0.109147
1779541675.965502,0,1,16.307472,6.222309,2.137835,2.500000,0.106276
1779541675.975227,0,1,16.294294,6.241735,2.145163,2.500000,0.106276
1779541675.985127,0,1,16.280926,6.261119,2.152686,2.500000,0.103289
1779541675.995227,0,1,16.267389,6.280469,2.160071,2.500000,0.103289
1779541676.005561,0,1,16.253663,6.299768,2.167649,2.500000,0.099915
1779541676.015143,0,1,16.239771,6.319024,2.175086,2.500000,0.099915
1779541676.025232,0,1,16.225693,6.338219,2.182714,2.500000,0.096216
1779541676.035013,0,1,16.211451,6.357363,2.190199,2.500000,0.096216
1779541676.045143,0,1,16.197025,6.376437,2.197873,2.500000,0.092347
1779541676.055045,0,1,16.182437,6.395452,2.205401,2.500000,0.092347
1779541676.065115,0,1,16.167668,6.414390,2.213117,2.500000,0.088103
1779541676.075482,0,1,16.152759,6.433277,2.220390,2.500000,0.088103
1779541676.085279,0,1,16.137745,6.452138,2.226880,2.500000,0.083632
1779541676.095036,0,1,16.122600,6.470948,2.233151,2.500000,0.083632
1779541676.105547,0,1,16.107344,6.489721,2.239012,2.500000,0.081122
1779541676.114785,0,1,16.091954,6.508433,2.244891,2.500000,0.076313
1779541676.125296,0,1,16.076451,6.527100,2.250509,2.500000,0.076313
1779541676.135016,0,1,16.060814,6.545701,2.256242,2.500000,0.073495
1779541676.145100,0,1,16.045065,6.564251,2.261774,2.500000,0.073495
1779541676.154737,0,1,16.029185,6.582729,2.267458,2.500000,0.074067
1779541676.165114,0,1,16.013193,6.601152,2.272967,2.500000,0.074067
1779541676.175084,0,1,15.997072,6.619500,2.278642,2.500000,0.076862
1779541676.185103,0,1,15.980841,6.637788,2.284150,2.500000,0.076862
1779541676.195317,0,1,15.964483,6.655996,2.289831,2.500000,0.082231
1779541676.205202,0,1,15.948017,6.674141,2.295348,2.500000,0.083400
1779541676.215128,0,1,15.931425,6.692203,2.301040,2.500000,0.083400
1779541676.225411,0,1,15.914728,6.710198,2.306568,2.500000,0.082662
1779541676.234827,0,1,15.897906,6.728107,2.312272,2.500000,0.082662
1779541676.244986,0,1,15.880981,6.745946,2.317812,2.500000,0.082662
1779541676.255428,0,1,15.863933,6.763695,2.323528,2.500000,0.082662
1779541676.264830,0,1,15.846784,6.781371,2.329080,2.500000,0.082662
1779541676.275106,0,1,15.829514,6.798955,2.334806,2.500000,0.082662
1779541676.285422,0,1,15.812144,6.816463,2.340369,2.500000,0.082662
1779541676.295028,0,1,15.794655,6.833875,2.346106,2.500000,0.082662
1779541676.305062,0,1,15.777067,6.851210,2.351678,2.500000,0.082662
1779541676.315111,0,1,15.759362,6.868445,2.357424,2.500000,0.082662
1779541676.325505,0,1,15.741560,6.885601,2.363005,2.500000,0.082662
1779541676.335155,0,1,15.723643,6.902655,2.368760,2.500000,0.082662
1779541676.345541,0,1,15.705631,6.919626,2.374349,2.500000,0.082662
1779541676.355012,0,1,15.687505,6.936494,2.380111,2.500000,0.090463
1779541676.365258,0,1,15.669285,6.953277,2.385707,2.500000,0.090463
1779541676.375279,0,1,15.650953,6.969954,2.391477,2.500000,0.101714
1779541676.385116,0,1,15.632529,6.986544,2.397080,2.500000,0.101714
1779541676.395282,0,1,15.613978,7.003007,2.403156,2.500000,0.106242
1779541676.405153,0,1,15.595272,7.019309,2.410055,2.500000,0.106242
1779541676.414741,0,1,15.576436,7.035473,2.417206,2.500000,0.110160
1779541676.424754,0,1,15.557455,7.051481,2.424799,2.500000,0.110160
1779541676.435147,0,1,15.538350,7.067352,2.432397,2.500000,0.114547
1779541676.445504,0,1,15.519106,7.083066,2.440279,2.500000,0.114547
1779541676.455274,0,1,15.499740,7.098643,2.448064,2.500000,0.117526
1779541676.465980,0,1,15.480239,7.114061,2.456067,2.500000,0.117526
1779541676.475208,0,1,15.460619,7.129338,2.463931,2.500000,0.116867
1779541676.485316,0,1,15.440866,7.144453,2.471986,2.500000,0.116867
1779541676.495652,0,1,15.420997,7.159426,2.479885,2.500000,0.115546
1779541676.505217,0,1,15.400997,7.174233,2.487964,2.500000,0.115546
1779541676.515115,0,1,15.380883,7.188894,2.495879,2.500000,0.115546
1779541676.525265,0,1,15.360642,7.203388,2.503969,2.500000,0.115768
1779541676.535123,0,1,15.340290,7.217734,2.511893,2.500000,0.115768
1779541676.545347,0,1,15.319812,7.231908,2.519990,2.500000,0.114447
1779541676.555063,0,1,15.299226,7.245933,2.527920,2.500000,0.114447
1779541676.565480,0,1,15.278517,7.259784,2.536021,2.500000,0.115184
1779541676.575075,0,1,15.257703,7.273483,2.543955,2.500000,0.115184
1779541676.585493,0,1,15.236769,7.287006,2.552060,2.500000,0.114623
1779541676.594944,0,1,15.215731,7.300374,2.559997,2.500000,0.114623
1779541676.605312,0,1,15.194578,7.313564,2.568106,2.500000,0.115981
1779541676.615132,0,1,15.173323,7.326597,2.576046,2.500000,0.115981
1779541676.625337,0,1,15.151955,7.339450,2.584157,2.500000,0.118193
1779541676.635264,0,1,15.130489,7.352145,2.592100,2.500000,0.118193
1779541676.645083,0,1,15.108913,7.364657,2.600214,2.500000,0.122208
1779541676.655069,0,1,15.087242,7.377009,2.608159,2.500000,0.122208
1779541676.665372,0,1,15.065463,7.389176,2.616275,2.500000,0.122208
1779541676.675109,0,1,15.043592,7.401181,2.624222,2.500000,0.125359
1779541676.684830,0,1,15.021616,7.413000,2.632341,2.500000,0.125359
1779541676.695024,0,1,14.999551,7.424655,2.640290,2.500000,0.128703
1779541676.705219,0,1,14.977385,7.436121,2.648411,2.500000,0.128703
1779541676.715497,0,1,14.955144,7.447417,2.656375,2.482709,0.133134
1779541676.725140,0,1,14.932815,7.458487,2.664831,2.482709,0.133134
1779541676.734929,0,1,14.910410,7.469279,2.674170,2.445158,0.137702
1779541676.745142,0,1,14.887968,7.479809,2.683805,2.445158,0.137702
1779541676.754991,0,1,14.865470,7.490064,2.693889,2.445158,0.137702
1779541676.765552,0,1,14.842919,7.500075,2.703948,2.445158,0.137702
1779541676.775061,0,1,14.820299,7.509821,2.714258,2.445158,0.137702
1779541676.785245,0,1,14.797615,7.519331,2.724429,2.445158,0.137702
1779541676.795012,0,1,14.774853,7.528581,2.734781,2.445158,0.137702
1779541676.805109,0,1,14.752023,7.537600,2.744957,2.445158,0.137702
1779541676.815042,0,1,14.729113,7.546362,2.755294,2.445158,0.137702
1779541676.824977,0,1,14.706132,7.554894,2.765447,2.445158,0.137702
1779541676.834769,0,1,14.683071,7.563172,2.775758,2.445158,0.137702
1779541676.844836,0,1,14.659939,7.571221,2.785886,2.445158,0.137702
1779541676.855026,0,1,14.636728,7.579016,2.796174,2.445158,0.137702
1779541676.864816,0,1,14.613434,7.586588,2.806263,2.500000,0.117878
1779541676.875081,0,1,14.590037,7.593915,2.816490,2.500000,0.117878
1779541676.885210,0,1,14.566555,7.601047,2.826236,2.500000,0.124673
1779541676.895048,0,1,14.543005,7.608023,2.835164,2.500000,0.124673
1779541676.906166,0,1,14.519378,7.614813,2.843850,2.500000,0.119852
1779541676.914979,0,1,14.495683,7.621437,2.852107,2.500000,0.119852
1779541676.924943,0,1,14.471916,7.627867,2.860370,2.500000,0.119852
1779541676.934752,0,1,14.448084,7.634126,2.868364,2.500000,0.111101
1779541676.945290,0,1,14.424184,7.640187,2.876465,2.500000,0.111101
1779541676.954768,0,1,14.400223,7.646075,2.884361,2.500000,0.109273
1779541676.964925,0,1,14.376199,7.651764,2.892405,2.500000,0.109273
1779541676.975021,0,1,14.352118,7.657278,2.900269,2.500000,0.109929
1779541676.985176,0,1,14.327978,7.662591,2.908299,2.500000,0.109929
1779541676.994995,0,1,14.303787,7.667729,2.916158,2.500000,0.109929
1779541677.005326,0,1,14.279540,7.672664,2.924188,2.500000,0.109054
1779541677.015049,0,1,14.255246,7.677422,2.932052,2.500000,0.109054
1779541677.025248,0,1,14.230900,7.681976,2.940090,2.500000,0.107386
1779541677.035024,0,1,14.206511,7.686352,2.947961,2.500000,0.107386
1779541677.044780,0,1,14.182075,7.690523,2.956007,2.500000,0.106033
1779541677.055514,0,1,14.157599,7.694516,2.963887,2.500000,0.106033
1779541677.065126,0,1,14.133081,7.698301,2.971942,2.500000,0.104176
1779541677.074832,0,1,14.108527,7.701907,2.979830,2.500000,0.104176
1779541677.085110,0,1,14.083934,7.705306,2.987892,2.500000,0.101768
1779541677.095036,0,1,14.059308,7.708523,2.995788,2.500000,0.101768
1779541677.105274,0,1,14.034648,7.711532,3.003858,2.500000,0.098917
1779541677.115583,0,1,14.009960,7.714359,3.011760,2.500000,0.098917
1779541677.124979,0,1,13.985241,7.716976,3.019836,2.500000,0.095462
1779541677.134678,0,1,13.960496,7.719411,3.027745,2.500000,0.095462
1779541677.145417,0,1,13.935725,7.721635,3.035828,2.500000,0.091160
1779541677.155217,0,1,13.910935,7.723702,3.043441,2.500000,0.091160
1779541677.165109,0,1,13.886129,7.725654,3.050235,2.500000,0.086919
1779541677.174946,0,1,13.861306,7.727457,3.056782,2.500000,0.086919
1779541677.185523,0,1,13.836469,7.729134,3.062891,2.500000,0.086919
1779541677.194682,0,1,13.811617,7.730657,3.068999,2.500000,0.078280
1779541677.204905,0,1,13.786753,7.732050,3.074827,2.500000,0.078280
1779541677.215134,0,1,13.761876,7.733286,3.080756,2.500000,0.074599
1779541677.225390,0,1,13.736988,7.734392,3.086471,2.500000,0.074599
1779541677.235133,0,1,13.712089,7.735341,3.092330,2.500000,0.074599
1779541677.245143,0,1,13.687182,7.736160,3.098001,2.500000,0.074599
1779541677.255555,0,1,13.662267,7.736822,3.103832,2.500000,0.074599
1779541677.265211,0,1,13.637345,7.737353,3.109487,2.500000,0.074599
1779541677.275026,0,1,13.612416,7.737728,3.115310,2.500000,0.074599
1779541677.285159,0,1,13.587483,7.737972,3.120960,2.500000,0.074599
1779541677.295314,0,1,13.562546,7.738060,3.126780,2.500000,0.074599
1779541677.305639,0,1,13.537605,7.738018,3.132430,2.500000,0.074599
1779541677.315464,0,1,13.512662,7.737819,3.138250,2.500000,0.074599
1779541677.325117,0,1,13.487718,7.737491,3.143901,2.500000,0.074599
1779541677.335306,0,1,13.462775,7.737006,3.149723,2.500000,0.074599
1779541677.345120,0,1,13.437831,7.736391,3.155375,2.500000,0.062674
1779541677.355025,0,1,13.412889,7.735619,3.161198,2.500000,0.062674
1779541677.365288,0,1,13.387949,7.734744,3.166550,2.500000,0.062674
1779541677.374709,0,1,13.363009,7.733808,3.171079,2.500000,0.058817
1779541677.384714,0,1,13.338070,7.732778,3.175357,2.500000,0.058817
1779541677.395004,0,1,13.313133,7.731677,3.179194,2.500000,0.054780
1779541677.405000,0,1,13.288198,7.730476,3.183028,2.500000,0.054780
1779541677.415094,0,1,13.263266,7.729202,3.186580,2.500000,0.050640
1779541677.424967,0,1,13.238337,7.727826,3.190232,2.500000,0.050640
1779541677.434976,0,1,13.213410,7.726376,3.193668,2.500000,0.049600
1779541677.445485,0,1,13.188489,7.724824,3.197246,2.500000,0.049600
1779541677.455037,0,1,13.163570,7.723199,3.200636,2.500000,0.049926
1779541677.464803,0,1,13.138657,7.721472,3.204185,2.500000,0.049926
1779541677.475234,0,1,13.113748,7.719672,3.207557,2.500000,0.050534
1779541677.485081,0,1,13.088845,7.717771,3.211095,2.500000,0.050534
1779541677.494938,0,1,13.063947,7.715797,3.214460,2.500000,0.051018
1779541677.504945,0,1,13.039056,7.713723,3.217994,2.500000,0.051018
1779541677.515010,0,1,13.014169,7.711576,3.221357,2.500000,0.051218
1779541677.525448,0,1,12.989291,7.709330,3.224890,2.500000,0.051218
1779541677.534970,0,1,12.964418,7.707010,3.228253,2.500000,0.051047
1779541677.545089,0,1,12.939554,7.704591,3.231786,2.500000,0.051047
1779541677.554610,0,1,12.914696,7.702100,3.235149,2.500000,0.050318
1779541677.565663,0,1,12.889848,7.699509,3.238683,2.500000,0.050318
1779541677.575387,0,1,12.865006,7.696845,3.242046,2.500000,0.049612
1779541677.584994,0,1,12.840174,7.694083,3.245580,2.500000,0.049612
1779541677.595064,0,1,12.815350,7.691248,3.248944,2.500000,0.048000
1779541677.604725,0,1,12.790537,7.688313,3.252478,2.500000,0.048000
1779541677.615234,0,1,12.765732,7.685307,3.255842,2.500000,0.046083
1779541677.625286,0,1,12.740938,7.682201,3.259377,2.500000,0.046083
1779541677.634933,0,1,12.716153,7.679024,3.262741,2.500000,0.043601
1779541677.645189,0,1,12.691380,7.675747,3.266277,2.500000,0.043601
1779541677.654687,0,1,12.666616,7.672398,3.269641,2.500000,0.040857
1779541677.664828,0,1,12.641865,7.668950,3.273176,2.500000,0.040857
1779541677.675562,0,1,12.617124,7.665431,3.276541,2.500000,0.037513
1779541677.684958,0,1,12.592397,7.661812,3.280077,2.500000,0.037513
1779541677.695211,0,1,12.567680,7.658122,3.283442,2.500000,0.037513
1779541677.704683,0,1,12.542977,7.654332,3.286978,2.500000,0.033705
1779541677.715274,0,1,12.518285,7.650471,3.290343,2.500000,0.033705
1779541677.724717,0,1,12.493609,7.646512,3.293879,2.500000,0.029325
1779541677.734859,0,1,12.468943,7.642480,3.297244,2.500000,0.029325
1779541677.745032,0,1,12.444294,7.638350,3.300780,2.500000,0.029325
1779541677.755307,0,1,12.419652,7.634174,3.303844,2.500000,0.029325
1779541677.764997,0,1,12.395010,7.629994,3.306082,2.500000,0.029325
1779541677.775406,0,1,12.370374,7.625778,3.308069,2.500000,0.029325
1779541677.785281,0,1,12.345741,7.621548,3.309614,2.500000,0.029325
1779541677.795018,0,1,12.321114,7.617276,3.311154,2.500000,0.029325
1779541677.805148,0,1,12.296490,7.612988,3.312412,2.500000,0.029325
1779541677.814932,0,1,12.271873,7.608655,3.313769,2.500000,0.029325
1779541677.825083,0,1,12.247259,7.604306,3.314910,2.500000,0.029325
1779541677.834730,0,1,12.222653,7.599913,3.316193,2.500000,0.029325
1779541677.844994,0,1,12.198049,7.595503,3.317286,2.500000,0.005608
1779541677.854977,0,1,12.173453,7.591050,3.318539,2.500000,0.005608
1779541677.865162,0,1,12.148859,7.586581,3.319614,2.500000,-0.002948
1779541677.876122,0,1,12.124274,7.582069,3.320855,2.500000,-0.002948
1779541677.885216,0,1,12.099686,7.577567,3.321621,2.500000,-0.004138
1779541677.894648,0,1,12.075089,7.573117,3.321560,2.500000,-0.004138
1779541677.905041,0,1,12.050488,7.568687,3.321247,2.500000,-0.005994
1779541677.914887,0,1,12.025879,7.564299,3.320490,2.500000,-0.005994
1779541677.925258,0,1,12.001267,7.559925,3.319730,2.500000,-0.008002
1779541677.935344,0,1,11.976649,7.555591,3.318687,2.500000,-0.008002
1779541677.945141,0,1,11.952028,7.551270,3.317742,2.500000,-0.007879
1779541677.955112,0,1,11.927400,7.546988,3.316582,2.500000,-0.007879
1779541677.965472,0,1,11.902769,7.542719,3.315563,2.500000,-0.005749
1779541677.974947,0,1,11.878132,7.538490,3.314355,2.500000,-0.005749
1779541677.985386,0,1,11.853492,7.534274,3.313306,2.500000,-0.002637
1779541677.994992,0,1,11.828845,7.530098,3.312080,2.500000,-0.002637
1779541678.005527,0,1,11.804196,7.525936,3.311020,2.500000,0.001225
1779541678.015128,0,1,11.779540,7.521815,3.309787,2.500000,0.001225
1779541678.024645,0,1,11.754886,7.517683,3.309024,2.500000,0.004611
1779541678.035156,0,1,11.730240,7.513497,3.309087,2.500000,0.004611
1779541678.045003,0,1,11.705598,7.509290,3.309400,2.500000,0.006158
1779541678.055110,0,1,11.680964,7.505040,3.310156,2.500000,0.009541
1779541678.064563,0,1,11.656332,7.500775,3.310915,2.500000,0.009541
1779541678.074981,0,1,11.631707,7.496469,3.311957,2.500000,0.012017
1779541678.085357,0,1,11.607084,7.492150,3.312901,2.500000,0.012017
1779541678.095112,0,1,11.582468,7.487792,3.314060,2.500000,0.010656
1779541678.105445,0,1,11.557855,7.483420,3.315079,2.500000,0.010656
1779541678.115202,0,1,11.533248,7.479008,3.316286,2.500000,0.007200
1779541678.124629,0,1,11.508644,7.474583,3.317334,2.500000,0.007200
1779541678.135018,0,1,11.484047,7.470117,3.318560,2.500000,0.003033
1779541678.145310,0,1,11.459453,7.465637,3.319619,2.500000,0.003033
1779541678.154548,0,1,11.434866,7.461116,3.320852,2.500000,-0.001407
1779541678.165009,0,1,11.410282,7.456582,3.321916,2.500000,-0.001407
1779541678.174869,0,1,11.385705,7.452006,3.323152,2.500000,-0.005715
1779541678.185278,0,1,11.361126,7.447441,3.323916,2.500000,-0.005715
1779541678.194897,0,1,11.336538,7.442929,3.323854,2.500000,-0.010030
1779541678.205245,0,1,11.311945,7.438438,3.323541,2.500000,-0.010030
1779541678.215103,0,1,11.287345,7.433990,3.322785,2.500000,-0.014621
1779541678.225456,0,1,11.262741,7.429557,3.322025,2.500000,-0.014621
1779541678.234983,0,1,11.238131,7.425164,3.320983,2.500000,-0.018787
1779541678.245264,0,1,11.213518,7.420784,3.320039,2.500000,-0.018787
1779541678.254850,0,1,11.188899,7.416444,3.318879,2.500000,-0.018787
1779541678.265305,0,1,11.164276,7.412117,3.317861,2.500000,-0.018787
1779541678.274849,0,1,11.139647,7.407830,3.316654,2.500000,-0.018787
1779541678.284950,0,1,11.115016,7.403557,3.315606,2.500000,-0.018787
1779541678.294703,0,1,11.090377,7.399324,3.314380,2.500000,-0.018787
1779541678.305102,0,1,11.065736,7.395105,3.313320,2.500000,-0.018787
1779541678.315029,0,1,11.041088,7.390926,3.312087,2.500000,-0.018787
1779541678.325010,0,1,11.016438,7.386762,3.311023,2.500000,-0.018787
1779541678.335388,0,1,10.991781,7.382640,3.309787,2.500000,-0.018787
1779541678.345483,0,1,10.967121,7.378531,3.308721,2.500000,-0.018787
1779541678.354933,0,1,10.942454,7.374464,3.307485,2.500000,-0.018787
1779541678.365033,0,1,10.917785,7.370412,3.306419,2.500000,-0.004670
1779541678.374539,0,1,10.893109,7.366402,3.305183,2.500000,-0.004670
1779541678.385143,0,1,10.868431,7.362406,3.304117,2.500000,-0.003914
1779541678.395089,0,1,10.843746,7.358451,3.302881,2.500000,-0.003914
1779541678.405802,0,1,10.819059,7.354512,3.301815,2.500000,-0.000800
1779541678.414816,0,1,10.794365,7.350614,3.300579,2.500000,-0.000800
1779541678.425317,0,1,10.769668,7.346732,3.299513,2.500000,0.002430
1779541678.434927,0,1,10.744965,7.342891,3.298277,2.500000,0.002430
1779541678.445256,0,1,10.720264,7.339039,3.297513,2.500000,0.004019
1779541678.454708,0,1,10.695571,7.335134,3.297575,2.500000,0.004019
1779541678.465217,0,1,10.670881,7.331209,3.297888,2.500000,0.009113
1779541678.474935,0,1,10.646199,7.327241,3.298644,2.500000,0.009113
1779541678.485185,0,1,10.621518,7.323258,3.299405,2.500000,0.012865
1779541678.494940,0,1,10.596844,7.319235,3.300447,2.500000,0.012865
1779541678.505098,0,1,10.572172,7.315198,3.301391,2.500000,0.014358
1779541678.514662,0,1,10.547507,7.311122,3.302551,2.500000,0.013706
1779541678.525113,0,1,10.522844,7.307033,3.303570,2.500000,0.013706
1779541678.535009,0,1,10.498187,7.302904,3.304777,2.500000,0.011501
1779541678.545152,0,1,10.473533,7.298762,3.305826,2.500000,0.011501
1779541678.554654,0,1,10.448886,7.294579,3.307052,2.500000,0.011501
1779541678.564752,0,1,10.424240,7.290382,3.308112,2.500000,0.006576
1779541678.574990,0,1,10.399602,7.286145,3.309345,2.500000,0.006576
1779541678.585025,0,1,10.374967,7.281893,3.310409,2.500000,0.003183
1779541678.595280,0,1,10.350338,7.277600,3.311645,2.500000,0.003183
1779541678.605083,0,1,10.325712,7.273292,3.312711,2.500000,-0.000521
1779541678.615264,0,1,10.301093,7.268943,3.313947,2.500000,-0.000521
1779541678.625177,0,1,10.276473,7.264605,3.314711,2.500000,-0.004345
1779541678.635044,0,1,10.251843,7.260320,3.314650,2.500000,-0.004345
1779541678.644672,0,1,10.227209,7.256056,3.314336,2.500000,-0.008287
1779541678.654756,0,1,10.202568,7.251835,3.313581,2.500000,-0.008287
1779541678.665185,0,1,10.177925,7.247629,3.312821,2.500000,-0.012554
1779541678.675443,0,1,10.153274,7.243463,3.311778,2.500000,-0.012554
1779541678.685131,0,1,10.128622,7.239310,3.310835,2.500000,-0.013795
1779541678.695035,0,1,10.103963,7.235197,3.309675,2.500000,-0.013795
1779541678.705186,0,1,10.079301,7.231097,3.308656,2.500000,-0.013795
1779541678.714959,0,1,10.054633,7.227036,3.307449,2.500000,-0.011742
1779541678.725281,0,1,10.029963,7.222990,3.306401,2.500000,-0.011742
1779541678.734993,0,1,10.005286,7.218984,3.305175,2.500000,-0.009388
1779541678.744875,0,1,9.980607,7.214992,3.304115,2.500000,-0.009388
1779541678.754901,0,1,9.955921,7.211040,3.302881,2.500000,-0.009388
1779541678.765342,0,1,9.931233,7.207104,3.301817,2.500000,-0.009388
1779541678.775050,0,1,9.906538,7.203208,3.300582,2.500000,-0.009388
1779541678.785169,0,1,9.881842,7.199327,3.299516,2.500000,-0.009388
1779541678.794981,0,1,9.857138,7.195487,3.298280,2.500000,-0.009388
1779541678.805140,0,1,9.832433,7.191662,3.297214,2.500000,-0.009388
1779541678.815163,0,1,9.807721,7.187879,3.295977,2.500000,-0.009388
1779541678.826080,0,1,9.783006,7.184110,3.294912,2.500000,-0.009388
1779541678.834607,0,1,9.758286,7.180383,3.293675,2.500000,-0.009388
1779541678.845193,0,1,9.733563,7.176671,3.292609,2.500000,-0.009388
1779541678.854952,0,1,9.708834,7.173001,3.291373,2.500000,0.008053
1779541678.864894,0,1,9.684103,7.169346,3.290307,2.500000,0.008053
1779541678.875082,0,1,9.659365,7.165732,3.289071,2.500000,0.015986
1779541678.885204,0,1,9.634629,7.162108,3.288307,2.500000,0.015986
1779541678.895076,0,1,9.609901,7.158431,3.288369,2.500000,0.020242
1779541678.905047,0,1,9.585176,7.154733,3.288683,2.500000,0.020242
1779541678.915727,0,1,9.560458,7.150992,3.289439,2.500000,0.024642
1779541678.925176,0,1,9.535741,7.147236,3.290199,2.500000,0.024642
1779541678.935192,0,1,9.511031,7.143440,3.291242,2.500000,0.028742
1779541678.945397,0,1,9.486323,7.139631,3.292186,2.500000,0.028742
1779541678.954921,0,1,9.461621,7.135783,3.293346,2.500000,0.028742
1779541678.965136,0,1,9.436921,7.131921,3.294364,2.500000,0.029240
1779541678.975006,0,1,9.412228,7.128019,3.295572,2.500000,0.029240
1779541678.985022,0,1,9.387536,7.124104,3.296620,2.500000,0.026434
1779541678.995035,0,1,9.362851,7.120148,3.297847,2.500000,0.026434
1779541679.005207,0,1,9.338168,7.116178,3.298906,2.500000,0.024643
1779541679.014666,0,1,9.313492,7.112167,3.300140,2.500000,0.024643
1779541679.024985,0,1,9.288818,7.108142,3.301204,2.500000,0.023944
1779541679.034601,0,1,9.264151,7.104076,3.302440,2.500000,0.023944
1779541679.045102,0,1,9.239487,7.099996,3.303505,2.500000,0.020952
1779541679.054861,0,1,9.214829,7.095874,3.304742,2.500000,0.018221
1779541679.065257,0,1,9.190173,7.091737,3.305807,2.500000,0.018221
1779541679.074993,0,1,9.165525,7.087559,3.307044,2.500000,0.018221
1779541679.085260,0,1,9.140879,7.083366,3.308110,2.500000,0.015403
1779541679.094934,0,1,9.116241,7.079131,3.309346,2.500000,0.015403
1779541679.105497,0,1,9.091604,7.074882,3.310412,2.500000,0.012504
1779541679.115117,0,1,9.066975,7.070591,3.311648,2.500000,0.009508
1779541679.125635,0,1,9.042349,7.066285,3.312714,2.500000,0.009508
1779541679.134623,0,1,9.017730,7.061937,3.313950,2.500000,0.009508
1779541679.144926,0,1,8.993113,7.057575,3.315016,2.500000,0.006443
1779541679.154685,0,1,8.968504,7.053171,3.316252,2.500000,0.006443
1779541679.164772,0,1,8.943898,7.048752,3.317317,2.500000,0.001499
1779541679.174853,0,1,8.919299,7.044291,3.318554,2.500000,0.001499
1779541679.184989,0,1,8.894703,7.039815,3.319619,2.500000,0.001499
1779541679.195033,0,1,8.870115,7.035298,3.320855,2.500000,-0.003177
1779541679.204956,0,1,8.845529,7.030766,3.321920,2.500000,-0.003177
1779541679.214704,0,1,8.820951,7.026192,3.323156,2.500000,-0.006662
1779541679.225202,0,1,8.796371,7.021629,3.323920,2.500000,-0.006662
1779541679.234622,0,1,8.771781,7.017119,3.323858,2.500000,-0.006662
1779541679.246311,0,1,8.747188,7.012629,3.323544,2.500000,-0.006662
1779541679.254849,0,1,8.722586,7.008182,3.322788,2.500000,-0.006662
1779541679.264810,0,1,8.697982,7.003749,3.322028,2.500000,-0.006662
1779541679.274671,0,1,8.673371,6.999357,3.320985,2.500000,-0.006662
1779541679.284754,0,1,8.648758,6.994977,3.320041,2.500000,-0.006662
1779541679.294710,0,1,8.624137,6.990638,3.318881,2.500000,-0.006662
1779541679.304962,0,1,8.599515,6.986311,3.317863,2.500000,-0.006662
1779541679.315082,0,1,8.574885,6.982024,3.316655,2.500000,-0.006662
1779541679.324620,0,1,8.550253,6.977751,3.315607,2.500000,-0.006662
1779541679.335365,0,1,8.525614,6.973518,3.314380,2.500000,-0.006662
1779541679.344630,0,1,8.500973,6.969299,3.313320,2.500000,-0.006662
1779541679.355105,0,1,8.476324,6.965120,3.312087,2.500000,-0.006662
1779541679.364584,0,1,8.451673,6.960956,3.311023,2.500000,-0.006662
1779541679.374622,0,1,8.427016,6.956834,3.309787,2.500000,-0.006662
1779541679.385192,0,1,8.402356,6.952725,3.308722,2.500000,0.000604
1779541679.395233,0,1,8.377689,6.948658,3.307485,2.500000,0.000604
1779541679.404765,0,1,8.353023,6.944581,3.306721,2.500000,0.003514
1779541679.415223,0,1,8.328367,6.940450,3.306783,2.500000,0.003514
1779541679.424887,0,1,8.303714,6.936298,3.307096,2.500000,0.008012
1779541679.434616,0,1,8.279069,6.932103,3.307852,2.500000,0.008012
1779541679.444987,0,1,8.254426,6.927893,3.308611,2.500000,0.012669
1779541679.455250,0,1,8.229790,6.923643,3.309654,2.500000,0.012669
1779541679.464897,0,1,8.205156,6.919381,3.310598,2.500000,0.015269
1779541679.474910,0,1,8.180529,6.915078,3.311758,2.500000,0.015269
1779541679.485363,0,1,8.155904,6.910762,3.312776,2.500000,0.014745
1779541679.494895,0,1,8.131286,6.906407,3.313983,2.500000,0.014437
1779541679.505028,0,1,8.106671,6.902037,3.315032,2.500000,0.014437
1779541679.515209,0,1,8.082063,6.897628,3.316258,2.500000,0.012505
1779541679.525040,0,1,8.057458,6.893204,3.317318,2.500000,0.012505
1779541679.534936,0,1,8.032859,6.888740,3.318551,2.500000,0.010568
1779541679.544698,0,1,8.008264,6.884262,3.319615,2.500000,0.010568
1779541679.555050,0,1,7.983676,6.879742,3.320851,2.500000,0.008280
1779541679.565172,0,1,7.959090,6.875208,3.321916,2.500000,0.008280
1779541679.574976,0,1,7.934513,6.870633,3.323153,2.500000,0.005874
1779541679.585286,0,1,7.909938,6.866043,3.324218,2.500000,0.005874
1779541679.594914,0,1,7.885370,6.861412,3.325455,2.500000,0.003459
1779541679.605285,0,1,7.860806,6.856766,3.326521,2.500000,0.003459
1779541679.615022,0,1,7.836249,6.852078,3.327757,2.500000,0.003459
1779541679.625108,0,1,7.811695,6.847376,3.328823,2.500000,-0.000382
1779541679.635257,0,1,7.787150,6.842632,3.330059,2.500000,-0.000382
1779541679.644970,0,1,7.762602,6.837899,3.330823,2.500000,-0.000382
1779541679.654919,0,1,7.738044,6.833219,3.330761,2.500000,-0.004255
1779541679.665094,0,1,7.713482,6.828559,3.330448,2.500000,-0.004255
1779541679.674769,0,1,7.688912,6.823942,3.329692,2.500000,-0.004255
1779541679.684808,0,1,7.664339,6.819340,3.328932,2.500000,-0.007177
1779541679.695253,0,1,7.639759,6.814777,3.327889,2.500000,-0.007177
1779541679.704940,0,1,7.615176,6.810228,3.326945,2.500000,-0.009191
1779541679.715328,0,1,7.590587,6.805718,3.325785,2.500000,-0.009191
1779541679.724971,0,1,7.565994,6.801222,3.324767,2.500000,-0.009191
1779541679.734885,0,1,7.541395,6.796765,3.323559,2.500000,-0.009191
1779541679.745146,0,1,7.516793,6.792321,3.322511,2.500000,-0.009191
1779541679.755129,0,1,7.492184,6.787918,3.321284,2.500000,-0.009191
1779541679.765101,0,1,7.467572,6.783529,3.320225,2.500000,-0.009191
1779541679.775092,0,1,7.442953,6.779181,3.318991,2.500000,-0.009191
1779541679.784802,0,1,7.418331,6.774847,3.317927,2.500000,-0.009191
1779541679.794803,0,1,7.393703,6.770554,3.316691,2.500000,-0.009191
1779541679.805303,0,1,7.369072,6.766275,3.315626,2.500000,-0.009191
1779541679.815293,0,1,7.344433,6.762038,3.314389,2.500000,-0.009191
1779541679.824879,0,1,7.319792,6.757816,3.313324,2.500000,-0.009191
1779541679.834673,0,1,7.295145,6.753635,3.312087,2.500000,-0.009191
1779541679.844781,0,1,7.270494,6.749469,3.311021,2.500000,-0.009191
1779541679.854813,0,1,7.245837,6.745344,3.309785,2.500000,-0.009191
1779541679.865067,0,1,7.221177,6.741234,3.308719,2.500000,-0.009191
1779541679.875143,0,1,7.196510,6.737166,3.307483,2.500000,-0.009191
1779541679.884995,0,1,7.171841,6.733113,3.306417,2.500000,-0.009191
1779541679.894909,0,1,7.147165,6.729101,3.305181,2.500000,-0.009191
1779541679.904680,0,1,7.122486,6.725105,3.304115,2.500000,-0.009191
1779541679.914653,0,1,7.097801,6.721150,3.302879,2.500000,-0.009191
1779541679.924815,0,1,7.073114,6.717210,3.301814,2.500000,-0.009191
1779541679.935034,0,1,7.048419,6.713312,3.300578,2.500000,-0.009191
1779541679.945093,0,1,7.023723,6.709429,3.299512,2.500000,0.022814
1779541679.954849,0,1,6.999020,6.705588,3.298276,2.500000,0.022814
1779541679.965040,0,1,6.974318,6.701737,3.297512,2.500000,0.022814
1779541679.975112,0,1,6.949625,6.697831,3.297574,2.500000,0.051675
1779541679.985234,0,1,6.924935,6.693906,3.297888,2.500000,0.051675
1779541679.994926,0,1,6.900256,6.689912,3.298946,2.500000,0.051675
1779541680.005529,0,1,6.875595,6.685809,3.301004,2.500000,0.057894
1779541680.014950,0,1,6.850947,6.681630,3.303426,2.500000,0.057894
1779541680.025267,0,1,6.826316,6.677353,3.306362,2.500000,0.064176
1779541680.034960,0,1,6.801696,6.673007,3.309348,2.500000,0.064176
1779541680.045198,0,1,6.777098,6.668541,3.312947,2.500000,0.064176
1779541680.054814,0,1,6.752531,6.663912,3.317462,2.500000,0.061738
1779541680.064672,0,1,6.727988,6.659154,3.322286,2.500000,0.061738
1779541680.075002,0,1,6.703475,6.654243,3.327588,2.500000,0.061738
1779541680.084983,0,1,6.678982,6.649233,3.332615,2.500000,0.053559
1779541680.095052,0,1,6.654501,6.644168,3.336943,2.500000,0.053559
1779541680.105082,0,1,6.630038,6.639013,3.341100,2.500000,0.053559
1779541680.115290,0,1,6.605589,6.633793,3.344865,2.500000,0.036863
1779541680.125089,0,1,6.581160,6.628478,3.348658,2.500000,0.036863
1779541680.135075,0,1,6.556747,6.623093,3.352189,2.500000,0.036863
1779541680.145030,0,1,6.532356,6.617611,3.355831,2.500000,0.016499
1779541680.154946,0,1,6.507980,6.612058,3.359264,2.500000,0.016499
1779541680.165347,0,1,6.483627,6.606407,3.362844,2.500000,0.016499
1779541680.174992,0,1,6.459285,6.600711,3.365936,2.500000,-0.000433
1779541680.185013,0,1,6.434943,6.595010,3.368192,2.500000,-0.000433
1779541680.195481,0,1,6.410611,6.589273,3.370190,2.500000,-0.000433
1779541680.204940,0,1,6.386275,6.583548,3.371439,2.500000,-0.016358
1779541680.215507,0,1,6.361927,6.577874,3.371686,2.500000,-0.016358
1779541680.225087,0,1,6.337575,6.572219,3.371568,2.500000,-0.016358
1779541680.235073,0,1,6.313214,6.566603,3.370934,2.500000,-0.030674
1779541680.244979,0,1,6.288850,6.561000,3.370251,2.500000,-0.030674
1779541680.255556,0,1,6.264478,6.555435,3.369255,2.500000,-0.030674
1779541680.264705,0,1,6.240102,6.549881,3.368340,2.500000,-0.030674
1779541680.275274,0,1,6.215719,6.544364,3.367196,2.500000,-0.030674
1779541680.285107,0,1,6.191332,6.538859,3.366187,2.500000,-0.030674
1779541680.294897,0,1,6.166937,6.533392,3.364985,2.500000,-0.030674
1779541680.304832,0,1,6.142540,6.527937,3.363939,2.500000,-0.030674
1779541680.315032,0,1,6.118133,6.522522,3.362714,2.500000,-0.030674
1779541680.324944,0,1,6.093724,6.517120,3.361655,2.500000,-0.030674
1779541680.335449,0,1,6.069306,6.511758,3.360421,2.500000,-0.030674
1779541680.344690,0,1,6.044884,6.506410,3.359356,2.500000,-0.030674
1779541680.354632,0,1,6.020454,6.501102,3.358120,2.500000,-0.030674
1779541680.365005,0,1,5.996021,6.495808,3.357054,2.500000,-0.030674
1779541680.374969,0,1,5.971579,6.490555,3.355817,2.500000,-0.030674
1779541680.384673,0,1,5.947134,6.485317,3.354751,2.500000,-0.030674
1779541680.394640,0,1,5.922681,6.480119,3.353514,2.500000,-0.030674
1779541680.404888,0,1,5.898224,6.474936,3.352447,2.500000,-0.030674
1779541680.415345,0,1,5.873758,6.469794,3.351211,2.500000,-0.011803
1779541680.424808,0,1,5.849290,6.464667,3.350145,2.500000,-0.011803
1779541680.434908,0,1,5.824813,6.459581,3.348908,2.500000,-0.019218
1779541680.444830,0,1,5.800332,6.454510,3.347842,2.500000,-0.019218
1779541680.455120,0,1,5.775844,6.449480,3.346606,2.500000,-0.015815
1779541680.465163,0,1,5.751352,6.444465,3.345540,2.500000,-0.015815
1779541680.474961,0,1,5.726851,6.439491,3.344304,2.500000,-0.012352
1779541680.485231,0,1,5.702348,6.434533,3.343239,2.500000,-0.012352
1779541680.495385,0,1,5.677837,6.429615,3.342002,2.500000,-0.008736
1779541680.505289,0,1,5.653322,6.424713,3.340937,2.500000,-0.008736
1779541680.515010,0,1,5.628799,6.419852,3.339701,2.500000,-0.004987
1779541680.525206,0,1,5.604273,6.415006,3.338635,2.500000,-0.004987
1779541680.534760,0,1,5.579739,6.410202,3.337399,2.500000,-0.001128
1779541680.544882,0,1,5.555202,6.405412,3.336334,2.500000,0.000936
1779541680.554692,0,1,5.530657,6.400664,3.335098,2.500000,0.000936
1779541680.565156,0,1,5.506114,6.395906,3.334334,2.500000,0.005041
1779541680.575079,0,1,5.481582,6.391094,3.334396,2.500000,0.005041
1779541680.585332,0,1,5.457053,6.386262,3.334710,2.500000,0.009345
1779541680.595217,0,1,5.432533,6.381388,3.335466,2.500000,0.009345
1779541680.605083,0,1,5.408016,6.376499,3.336226,2.500000,0.013350
1779541680.615277,0,1,5.383506,6.371570,3.337269,2.500000,0.013350
1779541680.625357,0,1,5.359000,6.366628,3.338213,2.500000,0.013350
1779541680.635164,0,1,5.334501,6.361647,3.339373,2.500000,0.015141
1779541680.645240,0,1,5.310005,6.356653,3.340392,2.500000,0.015141
1779541680.655372,0,1,5.285517,6.351619,3.341599,2.500000,0.013811
1779541680.665192,0,1,5.261032,6.346572,3.342648,2.500000,0.013811
1779541680.675308,0,1,5.236555,6.341484,3.343874,2.500000,0.011605
1779541680.685213,0,1,5.212081,6.336383,3.344934,2.500000,0.011605
1779541680.694997,0,1,5.187615,6.331241,3.346167,2.500000,0.008766
1779541680.705572,0,1,5.163153,6.326085,3.347231,2.500000,0.008766
1779541680.715168,0,1,5.138699,6.320888,3.348467,2.500000,0.005948
1779541680.725247,0,1,5.114248,6.315677,3.349533,2.500000,0.005948
1779541680.735334,0,1,5.089806,6.310425,3.350769,2.500000,0.005948
1779541680.745110,0,1,5.065367,6.305158,3.351835,2.500000,0.005948
1779541680.755113,0,1,5.040937,6.299850,3.353071,2.500000,0.005948
1779541680.765083,0,1,5.016510,6.294527,3.354137,2.500000,0.005948
1779541680.775081,0,1,4.992092,6.289164,3.355374,2.500000,0.005948
1779541680.784808,0,1,4.967678,6.283785,3.356440,2.500000,0.005948
1779541680.794709,0,1,4.943272,6.278366,3.357676,2.500000,0.005948
1779541680.805392,0,1,4.918870,6.272931,3.358741,2.500000,0.005948
1779541680.815158,0,1,4.894477,6.267456,3.359978,2.500000,0.005948
1779541680.825584,0,1,4.870088,6.261965,3.361043,2.500000,0.005948
1779541680.835044,0,1,4.845707,6.256433,3.362279,2.500000,0.005948
1779541680.844681,0,1,4.821330,6.250887,3.363345,2.500000,-0.010690
1779541680.854700,0,1,4.796963,6.245299,3.364581,2.500000,-0.010690
1779541680.864862,0,1,4.772593,6.239722,3.365345,2.500000,-0.020704
1779541680.874722,0,1,4.748211,6.234197,3.365283,2.500000,-0.020704
1779541680.885332,0,1,4.723825,6.228692,3.364969,2.500000,-0.020704
1779541680.895122,0,1,4.699428,6.223230,3.364213,2.500000,-0.026194
1779541680.905164,0,1,4.675029,6.217783,3.363453,2.500000,-0.026194
1779541680.915175,0,1,4.650621,6.212375,3.362410,2.500000,-0.030541
1779541680.925244,0,1,4.626210,6.206980,3.361466,2.500000,-0.030541
1779541680.935390,0,1,4.601791,6.201624,3.360306,2.500000,-0.030694
1779541680.945180,0,1,4.577368,6.196281,3.359287,2.500000,-0.030694
1779541680.955407,0,1,4.552937,6.190978,3.358080,2.500000,-0.029194
1779541680.964985,0,1,4.528503,6.185688,3.357031,2.500000,-0.029194
1779541680.974960,0,1,4.504061,6.180438,3.355805,2.500000,-0.026763
1779541680.984717,0,1,4.479615,6.175203,3.354745,2.500000,-0.026763
1779541680.994741,0,1,4.455161,6.170007,3.353512,2.500000,-0.023992
1779541681.004863,0,1,4.430704,6.164826,3.352448,2.500000,-0.023992
1779541681.015292,0,1,4.406238,6.159686,3.351212,2.500000,-0.021003
1779541681.025251,0,1,4.381769,6.154560,3.350147,2.500000,-0.021003
1779541681.035168,0,1,4.357292,6.149475,3.348910,2.500000,-0.021003
1779541681.044706,0,1,4.332811,6.144404,3.347844,2.500000,-0.017213
1779541681.054730,0,1,4.308322,6.139375,3.346608,2.500000,-0.017213
1779541681.065308,0,1,4.283830,6.134360,3.345542,2.500000,-0.017213
1779541681.074735,0,1,4.259330,6.129387,3.344305,2.500000,-0.010294
1779541681.085239,0,1,4.234827,6.124429,3.343240,2.500000,-0.010294
1779541681.094774,0,1,4.210315,6.119512,3.342003,2.500000,-0.010294
1779541681.105293,0,1,4.185800,6.114610,3.340938,2.500000,-0.007276
1779541681.115184,0,1,4.161277,6.109749,3.339701,2.500000,-0.007276
1779541681.125080,0,1,4.136752,6.104903,3.338636,2.500000,-0.007276
1779541681.134986,0,1,4.112218,6.100099,3.337400,2.500000,-0.001765
1779541681.145426,0,1,4.087681,6.095309,3.336334,2.500000,-0.001765
1779541681.154764,0,1,4.063136,6.090561,3.335098,2.500000,0.003669
1779541681.164753,0,1,4.038588,6.085828,3.334033,2.500000,0.003669
1779541681.175545,0,1,4.014032,6.081136,3.332797,2.500000,0.003669
1779541681.184706,0,1,3.989478,6.076435,3.332033,2.500000,0.009598
1779541681.195339,0,1,3.964934,6.071680,3.332095,2.500000,0.009598
1779541681.204797,0,1,3.940395,6.066904,3.332409,2.500000,0.009598
1779541681.215250,0,1,3.915863,6.062086,3.333165,2.500000,0.009598
1779541681.225150,0,1,3.891335,6.057254,3.333925,2.500000,0.015299
1779541681.235228,0,1,3.866814,6.052381,3.334968,2.500000,0.015299
1779541681.245286,0,1,3.842296,6.047496,3.335912,2.500000,0.015299
1779541681.255197,0,1,3.817786,6.042571,3.337072,2.500000,0.015299
1779541681.265174,0,1,3.793279,6.037633,3.338090,2.500000,0.015299
1779541681.274992,0,1,3.768779,6.032656,3.339298,2.500000,0.015299
1779541681.285249,0,1,3.744283,6.027665,3.340346,2.500000,0.015299
1779541681.295133,0,1,3.719794,6.022634,3.341573,2.500000,0.015299
1779541681.305155,0,1,3.695308,6.017589,3.342633,2.500000,0.015299
1779541681.314774,0,1,3.670831,6.012503,3.343866,2.500000,0.015299
1779541681.325125,0,1,3.646357,6.007403,3.344930,2.500000,0.015299
1779541681.334734,0,1,3.621891,6.002263,3.346166,2.500000,0.015299
1779541681.345089,0,1,3.597428,5.997108,3.347231,2.500000,0.015299
1779541681.355165,0,1,3.572974,5.991912,3.348468,2.500000,0.015299
1779541681.364723,0,1,3.548523,5.986702,3.349534,2.500000,0.015299
1779541681.374661,0,1,3.524081,5.981450,3.350770,2.500000,0.015299
1779541681.384943,0,1,3.499642,5.976184,3.351836,2.500000,0.015299
1779541681.394698,0,1,3.475212,5.970876,3.353072,2.500000,0.015299
1779541681.404733,0,1,3.450785,5.965554,3.354138,2.500000,0.015299
1779541681.414645,0,1,3.426367,5.960190,3.355374,2.500000,0.015299
1779541681.424839,0,1,3.401952,5.954812,3.356440,2.500000,0.015299
1779541681.434921,0,1,3.377547,5.949393,3.357676,2.500000,0.015299
1779541681.445076,0,1,3.353145,5.943958,3.358742,2.500000,0.015299
1779541681.455166,0,1,3.328752,5.938483,3.359978,2.500000,-0.005735
1779541681.465136,0,1,3.304362,5.932992,3.361044,2.500000,-0.005735
1779541681.474983,0,1,3.279982,5.927461,3.362280,2.500000,-0.005735
1779541681.485085,0,1,3.255599,5.921939,3.363043,2.500000,-0.015470
1779541681.494958,0,1,3.231204,5.916471,3.362981,2.500000,-0.015470
1779541681.504914,0,1,3.206805,5.911022,3.362668,2.500000,-0.015470
1779541681.515178,0,1,3.182397,5.905616,3.361912,2.500000,-0.023274
1779541681.525104,0,1,3.157985,5.900225,3.361151,2.500000,-0.023274
1779541681.535179,0,1,3.133565,5.894873,3.360109,2.500000,-0.027946
1779541681.545102,0,1,3.109141,5.889534,3.359165,2.500000,-0.027946
1779541681.555023,0,1,3.084710,5.884235,3.358005,2.500000,-0.027946
1779541681.565141,0,1,3.060275,5.878948,3.356986,2.500000,-0.027619
1779541681.574606,0,1,3.035832,5.873701,3.355778,2.500000,-0.027619
1779541681.584789,0,1,3.011386,5.868468,3.354730,2.500000,-0.027619
1779541681.594930,0,1,2.986931,5.863274,3.353504,2.500000,-0.024553
1779541681.604783,0,1,2.962474,5.858095,3.352444,2.500000,-0.024553
1779541681.614801,0,1,2.938007,5.852956,3.351211,2.500000,-0.024553
1779541681.624788,0,1,2.913538,5.847831,3.350146,2.500000,-0.021611
1779541681.635204,0,1,2.889061,5.842746,3.348911,2.500000,-0.021611
1779541681.645195,0,1,2.864580,5.837677,3.347845,2.500000,-0.021611
1779541681.654904,0,1,2.840091,5.832648,3.346609,2.500000,-0.017268
1779541681.664985,0,1,2.815599,5.827634,3.345543,2.500000,-0.017268
1779541681.675107,0,1,2.791099,5.822661,3.344306,2.500000,-0.017268
1779541681.685172,0,1,2.766595,5.817703,3.343240,2.500000,-0.014593
1779541681.695007,0,1,2.742084,5.812786,3.342004,2.500000,-0.014593
1779541681.705044,0,1,2.717569,5.807884,3.340938,2.500000,-0.009993
1779541681.714833,0,1,2.693046,5.803024,3.339702,2.500000,-0.009993
1779541681.724709,0,1,2.668520,5.798178,3.338636,2.500000,-0.009993
1779541681.734979,0,1,2.643986,5.793374,3.337400,2.500000,-0.009993
1779541681.745116,0,1,2.619449,5.788584,3.336335,2.500000,-0.009993
1779541681.754944,0,1,2.594904,5.783836,3.335098,2.500000,-0.009993
1779541681.765106,0,1,2.570356,5.779103,3.334033,2.500000,-0.009993
1779541681.775044,0,1,2.545800,5.774412,3.332797,2.500000,-0.009993
1779541681.784959,0,1,2.521242,5.769735,3.331731,2.500000,-0.009993
1779541681.795108,0,1,2.496675,5.765100,3.330495,2.500000,-0.009993
1779541681.804785,0,1,2.472106,5.760480,3.329430,2.500000,-0.009993
1779541681.814907,0,1,2.447529,5.755902,3.328194,2.500000,-0.009993
1779541681.824802,0,1,2.422949,5.751338,3.327128,2.500000,-0.009993
1779541681.835298,0,1,2.398361,5.746816,3.325892,2.500000,-0.009993
1779541681.844654,0,1,2.373771,5.742309,3.324827,2.500000,-0.009993
1779541681.854654,0,1,2.349173,5.737844,3.323591,2.500000,-0.009993
1779541681.864711,0,1,2.324572,5.733394,3.322526,2.500000,-0.009993
1779541681.874967,0,1,2.299964,5.728985,3.321290,2.500000,-0.009993
1779541681.885545,0,1,2.275353,5.724591,3.320224,2.500000,0.012280
1779541681.894657,0,1,2.250735,5.720239,3.318988,2.500000,0.012280
1779541681.905286,0,1,2.226118,5.715877,3.318224,2.500000,0.025650
1779541681.914999,0,1,2.201511,5.711461,3.318287,2.500000,0.025650
1779541681.925194,0,1,2.176908,5.707025,3.318600,2.500000,0.029786
1779541681.935028,0,1,2.152312,5.702546,3.319356,2.500000,0.029786
1779541681.945481,0,1,2.127720,5.698053,3.320117,2.500000,0.033437
1779541681.954864,0,1,2.103134,5.693519,3.321159,2.500000,0.033437
1779541681.964972,0,1,2.078551,5.688973,3.322103,2.500000,0.033437
1779541681.974999,0,1,2.053980,5.684362,3.323565,2.500000,0.034912
1779541681.985453,0,1,2.029429,5.679643,3.325882,2.500000,0.034912
1779541681.995198,0,1,2.004893,5.674849,3.328469,2.500000,0.033130
1779541682.005079,0,1,1.980377,5.669957,3.331509,2.500000,0.033130
1779541682.015242,0,1,1.955874,5.664996,3.334561,2.500000,0.033130
1779541682.025001,0,1,1.931390,5.659940,3.337900,2.500000,0.028504
1779541682.035136,0,1,1.906921,5.654815,3.341142,2.500000,0.028504
1779541682.045280,0,1,1.882472,5.649595,3.344603,2.500000,0.028504
1779541682.054911,0,1,1.858033,5.644332,3.347621,2.500000,0.016933
1779541682.065254,0,1,1.833593,5.639068,3.349832,2.500000,0.016933
1779541682.074932,0,1,1.809161,5.633769,3.351803,2.500000,0.007375
1779541682.085239,0,1,1.784732,5.628459,3.353339,2.500000,0.007375
1779541682.094999,0,1,1.760311,5.623108,3.354875,2.500000,-0.003309
1779541682.105079,0,1,1.735894,5.617741,3.356131,2.500000,-0.003309
1779541682.114970,0,1,1.711486,5.612333,3.357488,2.500000,-0.003309
1779541682.124783,0,1,1.687076,5.606933,3.358328,2.500000,-0.015564
1779541682.134841,0,1,1.662655,5.601584,3.358313,2.500000,-0.015564
1779541682.145006,0,1,1.638229,5.596255,3.358028,2.500000,-0.021682
1779541682.155144,0,1,1.613795,5.590967,3.357290,2.500000,-0.021682
1779541682.164837,0,1,1.589358,5.585693,3.356540,2.500000,-0.027516
1779541682.175434,0,1,1.564912,5.580457,3.355503,2.500000,-0.027516
1779541682.184992,0,1,1.540464,5.575234,3.354563,2.500000,-0.027516
1779541682.195009,0,1,1.516008,5.570049,3.353404,2.500000,-0.030261
1779541682.205075,0,1,1.491548,5.564877,3.352386,2.500000,-0.030261
1779541682.215256,0,1,1.467081,5.559744,3.351179,2.500000,-0.030261
1779541682.225317,0,1,1.442611,5.554625,3.350130,2.500000,-0.028289
1779541682.234880,0,1,1.418132,5.549545,3.348904,2.500000,-0.028289
1779541682.245378,0,1,1.393651,5.544479,3.347843,2.500000,-0.028289
1779541682.255139,0,1,1.369161,5.539453,3.346610,2.500000,-0.028289
1779541682.265213,0,1,1.344669,5.534441,3.345545,2.500000,-0.028289
1779541682.274923,0,1,1.320168,5.529470,3.344309,2.500000,-0.028289
1779541682.285327,0,1,1.295664,5.524513,3.343244,2.500000,-0.028289
1779541682.294890,0,1,1.271152,5.519598,3.342007,2.500000,-0.028289
1779541682.305426,0,1,1.246638,5.514697,3.340941,2.500000,-0.028289
1779541682.315006,0,1,1.222114,5.509837,3.339704,2.500000,-0.028289
1779541682.325153,0,1,1.197588,5.504992,3.338638,2.500000,-0.028289
1779541682.334742,0,1,1.173054,5.500188,3.337402,2.500000,-0.028289
1779541682.345037,0,1,1.148517,5.495399,3.336336,2.500000,-0.028289
1779541682.354539,0,1,1.123972,5.490651,3.335099,2.500000,-0.010978
1779541682.364981,0,1,1.099424,5.485919,3.334034,2.500000,-0.010978
1779541682.376126,0,1,1.074868,5.481227,3.332797,2.500000,-0.013456
1779541682.384915,0,1,1.050310,5.476551,3.331732,2.500000,-0.013456
1779541682.395220,0,1,1.025743,5.471916,3.330496,2.500000,-0.013456
1779541682.404956,0,1,1.001174,5.467296,3.329430,2.500000,-0.011082
1779541682.415020,0,1,0.976597,5.462718,3.328194,2.500000,-0.011082
1779541682.424914,0,1,0.952017,5.458154,3.327129,2.500000,-0.007963
1779541682.435009,0,1,0.927429,5.453632,3.325893,2.500000,-0.007963
1779541682.444991,0,1,0.902839,5.449125,3.324827,2.500000,-0.006595
1779541682.454875,0,1,0.878241,5.444660,3.323591,2.500000,-0.006595
1779541682.465105,0,1,0.853640,5.440210,3.322526,2.500000,-0.005199
1779541682.474897,0,1,0.829032,5.435801,3.321290,2.500000,-0.005199
1779541682.485288,0,1,0.804421,5.431407,3.320224,2.500000,-0.003881
1779541682.494625,0,1,0.779803,5.427055,3.318988,2.500000,-0.003881
1779541682.504871,0,1,0.755182,5.422718,3.317923,2.500000,-0.002920
1779541682.514673,0,1,0.730553,5.418423,3.316687,2.500000,-0.002920
1779541682.524603,0,1,0.705923,5.414142,3.315621,2.500000,-0.002032
1779541682.534603,0,1,0.681285,5.409904,3.314385,2.500000,-0.002032
1779541682.544687,0,1,0.656644,5.405680,3.313320,2.500000,-0.001343
1779541682.554682,0,1,0.631996,5.401498,3.312084,2.500000,-0.001343
1779541682.565006,0,1,0.607346,5.397331,3.311019,2.500000,-0.000818
1779541682.574636,0,1,0.582689,5.393205,3.309783,2.500000,-0.000818
1779541682.585156,0,1,0.558029,5.389095,3.308717,2.500000,-0.000781
1779541682.594738,0,1,0.533362,5.385027,3.307481,2.500000,-0.000781
1779541682.604716,0,1,0.508693,5.380973,3.306416,2.500000,-0.000521
1779541682.615446,0,1,0.484017,5.376961,3.305180,2.500000,-0.000521
1779541682.625157,0,1,0.459338,5.372965,3.304115,2.500000,-0.000935
1779541682.634871,0,1,0.434653,5.369010,3.302878,2.500000,-0.000935
1779541682.644741,0,1,0.409966,5.365070,3.301813,2.500000,-0.001351
1779541682.655137,0,1,0.385271,5.361172,3.300577,2.500000,-0.001696
1779541682.665032,0,1,0.360575,5.357289,3.299512,2.500000,-0.001696
1779541682.675090,0,1,0.335872,5.353447,3.298276,2.500000,-0.002757
1779541682.685001,0,1,0.311166,5.349621,3.297210,2.500000,-0.002757
1779541682.694819,0,1,0.286454,5.345837,3.295974,2.500000,-0.004010
1779541682.705044,0,1,0.261740,5.342067,3.294909,2.500000,-0.004010
1779541682.715290,0,1,0.237020,5.338340,3.293673,2.500000,-0.005409
1779541682.725068,0,1,0.212297,5.334627,3.292608,2.500000,-0.005409
1779541682.734951,0,1,0.187568,5.330957,3.291372,2.500000,-0.005409
1779541682.744947,0,1,0.162837,5.327301,3.290306,2.500000,-0.005409
1779541682.754608,0,1,0.138099,5.323687,3.289070,2.500000,-0.005409
1779541682.765032,0,1,0.113359,5.320089,3.288005,2.500000,-0.005409
1779541682.776384,0,1,0.088614,5.316532,3.286769,2.500000,-0.005409
1779541682.785276,0,1,0.063866,5.312990,3.285704,2.500000,-0.005409
1779541682.794954,0,1,0.039112,5.309490,3.284467,2.500000,-0.005409
1779541682.804727,0,1,0.014356,5.306006,3.283402,2.500000,-0.005409
1779541682.815158,0,1,-0.010406,5.302563,3.282166,2.500000,-0.005409
1779541682.824972,0,1,-0.035170,5.299135,3.281101,2.500000,-0.005409
1779541682.834899,0,1,-0.059939,5.295749,3.279865,2.500000,-0.005409
1779541682.844858,0,1,-0.084711,5.292378,3.278799,2.500000,-0.022162
1779541682.855029,0,1,-0.109488,5.289049,3.277563,2.500000,-0.022162
1779541682.864785,0,1,-0.134268,5.285736,3.276498,2.500000,-0.027339
1779541682.874802,0,1,-0.159053,5.282464,3.275262,2.500000,-0.027339
1779541682.884657,0,1,-0.183840,5.279207,3.274197,2.500000,-0.031895
1779541682.895296,0,1,-0.208632,5.275992,3.272961,2.500000,-0.031895
1779541682.905165,0,1,-0.233426,5.272793,3.271895,2.500000,-0.036845
1779541682.914954,0,1,-0.258226,5.269635,3.270659,2.500000,-0.036845
1779541682.925363,0,1,-0.283028,5.266492,3.269594,2.500000,-0.036845
1779541682.934981,0,1,-0.307838,5.263417,3.268056,2.500000,-0.045126
1779541682.945282,0,1,-0.332662,5.260453,3.265693,2.500000,-0.045126
1779541682.954625,0,1,-0.357494,5.257566,3.263078,2.500000,-0.051696
1779541682.965085,0,1,-0.382339,5.254780,3.260020,2.500000,-0.058312
1779541682.974892,0,1,-0.407191,5.252066,3.256959,2.500000,-0.058312
1779541682.985188,0,1,-0.432054,5.249449,3.253614,2.500000,-0.062093
1779541682.994900,0,1,-0.456924,5.246903,3.250369,2.500000,-0.062093
1779541683.004660,0,1,-0.481803,5.244454,3.246907,2.500000,-0.064460
1779541683.015221,0,1,-0.506690,5.242075,3.243587,2.500000,-0.064460
1779541683.025009,0,1,-0.531588,5.239820,3.239777,2.500000,-0.066472
1779541683.034929,0,1,-0.556500,5.237732,3.235129,2.500000,-0.066472
1779541683.044930,0,1,-0.581424,5.235777,3.230222,2.500000,-0.067969
1779541683.054914,0,1,-0.606359,5.233980,3.224869,2.500000,-0.067969
1779541683.065051,0,1,-0.631303,5.232311,3.219509,2.500000,-0.069019
1779541683.075364,0,1,-0.656257,5.230797,3.213864,2.500000,-0.069019
1779541683.085030,0,1,-0.681219,5.229411,3.208318,2.500000,-0.069580
1779541683.095001,0,1,-0.706189,5.228179,3.202555,2.500000,-0.069580
1779541683.105084,0,1,-0.731164,5.227075,3.196933,2.500000,-0.065521
1779541683.115428,0,1,-0.756146,5.226126,3.191122,2.500000,-0.065521
1779541683.125631,0,1,-0.781133,5.225305,3.185470,2.500000,-0.061377
1779541683.136450,0,1,-0.806124,5.224640,3.179641,2.500000,-0.061377
1779541683.145617,0,1,-0.831117,5.224079,3.174280,2.500000,-0.061377
1779541683.154934,0,1,-0.856112,5.223577,3.169741,2.500000,-0.054146
1779541683.165095,0,1,-0.881109,5.223169,3.165453,2.500000,-0.054146
1779541683.176162,0,1,-0.906107,5.222832,3.161606,2.500000,-0.054146
1779541683.184995,0,1,-0.931106,5.222595,3.157763,2.500000,-0.050488
1779541683.195447,0,1,-0.956105,5.222431,3.154203,2.500000,-0.050488
1779541683.204864,0,1,-0.981105,5.222369,3.150543,2.500000,-0.046537
1779541683.215277,0,1,-1.006105,5.222381,3.147100,2.500000,-0.046537
1779541683.225032,0,1,-1.031105,5.222495,3.143516,2.500000,-0.047950
1779541683.235337,0,1,-1.056104,5.222684,3.140120,2.500000,-0.047950
1779541683.244967,0,1,-1.081102,5.222974,3.136565,2.500000,-0.047950
1779541683.255261,0,1,-1.106100,5.223337,3.133188,2.500000,-0.047950
1779541683.265033,0,1,-1.131095,5.223802,3.129645,2.500000,-0.047950
1779541683.274985,0,1,-1.156089,5.224340,3.126275,2.500000,-0.047950
1779541683.285273,0,1,-1.181081,5.224978,3.122736,2.500000,-0.047950
1779541683.294798,0,1,-1.206071,5.225690,3.119369,2.500000,-0.047950
1779541683.305168,0,1,-1.231058,5.226502,3.115832,2.500000,-0.047950
1779541683.314866,0,1,-1.256042,5.227387,3.112466,2.500000,-0.047950
1779541683.325833,0,1,-1.281023,5.228372,3.108929,2.500000,-0.047950
1779541683.334568,0,1,-1.306000,5.229430,3.105562,2.500000,-0.047950
1779541683.345327,0,1,-1.330973,5.230588,3.102025,2.500000,-0.047950
1779541683.355109,0,1,-1.355943,5.231819,3.098659,2.500000,-0.072901
1779541683.365292,0,1,-1.380908,5.233150,3.095122,2.500000,-0.072901
1779541683.375017,0,1,-1.405868,5.234553,3.091755,2.500000,-0.089128
1779541683.385071,0,1,-1.430821,5.236082,3.087917,2.500000,-0.089128
1779541683.394982,0,1,-1.455764,5.237780,3.083252,2.500000,-0.097377
1779541683.404821,0,1,-1.480696,5.239613,3.078336,2.500000,-0.097377
1779541683.415279,0,1,-1.505615,5.241630,3.072675,2.500000,-0.106394
1779541683.424696,0,1,-1.530514,5.243873,3.066014,2.500000,-0.106394
1779541683.434938,0,1,-1.555395,5.246306,3.058990,2.500000,-0.115651
1779541683.445014,0,1,-1.580255,5.248952,3.051451,2.500000,-0.115651
1779541683.454738,0,1,-1.605094,5.251783,3.043863,2.500000,-0.121559
1779541683.464980,0,1,-1.629908,5.254823,3.035962,2.500000,-0.121559
1779541683.475047,0,1,-1.654699,5.258046,3.028143,2.500000,-0.122540
1779541683.484996,0,1,-1.679463,5.261479,3.020095,2.500000,-0.122540
1779541683.495038,0,1,-1.704200,5.265094,3.012183,2.500000,-0.124501
1779541683.505012,0,1,-1.728905,5.268919,3.004076,2.500000,-0.124501
1779541683.514988,0,1,-1.753582,5.272927,2.996127,2.500000,-0.122510
1779541683.524692,0,1,-1.778224,5.277144,2.987997,2.500000,-0.122510
1779541683.534877,0,1,-1.802833,5.281546,2.980034,2.500000,-0.120062
1779541683.545254,0,1,-1.827404,5.286157,2.971896,2.500000,-0.120062
1779541683.554954,0,1,-1.851940,5.290951,2.963927,2.500000,-0.117897
1779541683.564993,0,1,-1.876434,5.295956,2.955787,2.500000,-0.117897
1779541683.574937,0,1,-1.900890,5.301143,2.947817,2.500000,-0.116643
1779541683.584970,0,1,-1.925300,5.306540,2.939676,2.500000,-0.116643
1779541683.594947,0,1,-1.949669,5.312120,2.931705,2.500000,-0.115071
1779541683.605044,0,1,-1.973990,5.317909,2.923564,2.500000,-0.115071
1779541683.615119,0,1,-1.998266,5.323880,2.915594,2.500000,-0.114049
1779541683.624863,0,1,-2.022490,5.330059,2.907453,2.500000,-0.114049
1779541683.635001,0,1,-2.046668,5.336420,2.899483,2.500000,-0.113558
1779541683.645349,0,1,-2.070789,5.342988,2.891342,2.500000,-0.112926
1779541683.654837,0,1,-2.094861,5.349737,2.883373,2.500000,-0.112926
1779541683.664936,0,1,-2.118874,5.356693,2.875232,2.500000,-0.114032
1779541683.674868,0,1,-2.142834,5.363829,2.867262,2.500000,-0.114032
1779541683.685241,0,1,-2.166731,5.371170,2.859122,2.500000,-0.113059
1779541683.694701,0,1,-2.190573,5.378691,2.851152,2.500000,-0.113059
1779541683.704579,0,1,-2.214350,5.386416,2.843012,2.500000,-0.114401
1779541683.715011,0,1,-2.238067,5.394320,2.835042,2.500000,-0.114401
1779541683.725331,0,1,-2.261716,5.402428,2.826902,2.500000,-0.114240
1779541683.735003,0,1,-2.285303,5.410713,2.818933,2.500000,-0.114240
1779541683.745003,0,1,-2.308818,5.419200,2.810792,2.500000,-0.114240
1779541683.754839,0,1,-2.332269,5.427863,2.802823,2.500000,-0.114240
1779541683.765048,0,1,-2.355645,5.436728,2.794683,2.500000,-0.114240
1779541683.774829,0,1,-2.378953,5.445769,2.786713,2.500000,-0.114240
1779541683.784678,0,1,-2.402182,5.455009,2.778573,2.500000,-0.114240
1779541683.794858,0,1,-2.425342,5.464424,2.770603,2.500000,-0.114240
1779541683.804927,0,1,-2.448419,5.474037,2.762463,2.500000,-0.114240
1779541683.815043,0,1,-2.471424,5.483823,2.754494,2.500000,-0.114240
1779541683.824618,0,1,-2.494344,5.493807,2.746354,2.500000,-0.114240
1779541683.834909,0,1,-2.517188,5.503963,2.738384,2.500000,-0.114240
1779541683.844577,0,1,-2.539944,5.514315,2.730244,2.500000,-0.114240
1779541683.854636,0,1,-2.562622,5.524837,2.722274,2.500000,-0.093653
1779541683.864794,0,1,-2.585208,5.535554,2.714134,2.500000,-0.093653
1779541683.874840,0,1,-2.607725,5.546417,2.706467,2.500000,-0.097939
1779541683.884931,0,1,-2.630189,5.557387,2.699624,2.500000,-0.097939
1779541683.894594,0,1,-2.652575,5.568516,2.692732,2.500000,-0.092197
1779541683.904821,0,1,-2.674860,5.579847,2.685286,2.500000,-0.092197
1779541683.915224,0,1,-2.697069,5.591327,2.678065,2.500000,-0.085678
1779541683.925164,0,1,-2.719221,5.602915,2.671510,2.500000,-0.085678
1779541683.935038,0,1,-2.741301,5.614639,2.665103,2.500000,-0.081001
1779541683.945117,0,1,-2.763321,5.626476,2.659072,2.500000,-0.081001
1779541683.955068,0,1,-2.785266,5.638453,2.653003,2.500000,-0.075893
1779541683.964991,0,1,-2.807147,5.650545,2.647189,2.500000,-0.075893
1779541683.974969,0,1,-2.828950,5.662776,2.641259,2.500000,-0.070895
1779541683.985029,0,1,-2.850689,5.675122,2.635533,2.500000,-0.070895
1779541683.995027,0,1,-2.872349,5.687605,2.629659,2.500000,-0.067331
1779541684.005094,0,1,-2.893943,5.700203,2.623970,2.500000,-0.067331
1779541684.015299,0,1,-2.915457,5.712937,2.618118,2.500000,-0.064113
1779541684.025272,0,1,-2.936903,5.725784,2.612443,2.500000,-0.064113
1779541684.035212,0,1,-2.958268,5.738767,2.606600,2.500000,-0.060559
1779541684.045111,0,1,-2.979565,5.751861,2.600930,2.500000,-0.060559
1779541684.055187,0,1,-3.000778,5.765089,2.595090,2.500000,-0.056538
1779541684.064699,0,1,-3.021935,5.778407,2.589724,2.500000,-0.056538
1779541684.075233,0,1,-3.043060,5.791777,2.585183,2.500000,-0.051951
1779541684.085123,0,1,-3.064134,5.805226,2.580895,2.500000,-0.051951
1779541684.095032,0,1,-3.085169,5.818736,2.577048,2.500000,-0.046705
1779541684.104979,0,1,-3.106150,5.832330,2.573206,2.500000,-0.046705
1779541684.115100,0,1,-3.127090,5.845987,2.569647,2.500000,-0.041382
1779541684.124725,0,1,-3.147975,5.859729,2.565988,2.500000,-0.041382
1779541684.134985,0,1,-3.168818,5.873534,2.562546,2.500000,-0.039162
1779541684.145166,0,1,-3.189604,5.887423,2.558962,2.500000,-0.039162
1779541684.154623,0,1,-3.210349,5.901375,2.555567,2.500000,-0.038135
1779541684.164931,0,1,-3.231037,5.915411,2.552013,2.500000,-0.038135
1779541684.174934,0,1,-3.251684,5.929507,2.548637,2.500000,-0.037399
1779541684.184879,0,1,-3.272273,5.943687,2.545094,2.500000,-0.036519
1779541684.195120,0,1,-3.292821,5.957928,2.541724,2.500000,-0.036519
1779541684.205243,0,1,-3.313311,5.972251,2.538186,2.500000,-0.036519
1779541684.214962,0,1,-3.333759,5.986635,2.534819,2.500000,-0.035249
1779541684.225215,0,1,-3.354149,6.001100,2.531282,2.500000,-0.035249
1779541684.235376,0,1,-3.374496,6.015625,2.527916,2.500000,-0.033621
1779541684.245127,0,1,-3.394786,6.030231,2.524379,2.500000,-0.033621
1779541684.254987,0,1,-3.415032,6.044897,2.521012,2.500000,-0.033621
1779541684.265161,0,1,-3.435220,6.059644,2.517476,2.500000,-0.033621
1779541684.274770,0,1,-3.455364,6.074449,2.514109,2.500000,-0.033621
1779541684.285369,0,1,-3.475449,6.089335,2.510572,2.500000,-0.033621
1779541684.294965,0,1,-3.495491,6.104279,2.507206,2.500000,-0.033621
1779541684.305278,0,1,-3.515473,6.119303,2.503669,2.500000,-0.033621
1779541684.315095,0,1,-3.535411,6.134385,2.500302,2.500000,-0.033621
1779541684.325076,0,1,-3.555288,6.149547,2.496765,2.500000,-0.033621
1779541684.334962,0,1,-3.575122,6.164767,2.493399,2.500000,-0.033621
1779541684.344958,0,1,-3.594894,6.180066,2.489861,2.500000,-0.033621
1779541684.355288,0,1,-3.614622,6.195422,2.486495,2.500000,-0.018828
1779541684.364804,0,1,-3.634288,6.210857,2.482957,2.500000,-0.018828
1779541684.375369,0,1,-3.653925,6.226329,2.479892,2.500000,-0.008446
1779541684.384991,0,1,-3.673560,6.241804,2.477653,2.500000,-0.008446
1779541684.395019,0,1,-3.693172,6.257308,2.475665,2.500000,-0.002862
1779541684.404761,0,1,-3.712775,6.272823,2.474120,2.500000,-0.002862
1779541684.415042,0,1,-3.732352,6.288371,2.472579,2.500000,0.003392
1779541684.425196,0,1,-3.751919,6.303932,2.471321,2.500000,0.003392
1779541684.434979,0,1,-3.771457,6.319528,2.469963,2.500000,0.007579
1779541684.445137,0,1,-3.791001,6.335118,2.469124,2.500000,0.007579
1779541684.455101,0,1,-3.810578,6.350667,2.469139,2.500000,0.009579
1779541684.465075,0,1,-3.830166,6.366201,2.469424,2.500000,0.011032
1779541684.474896,0,1,-3.849780,6.381702,2.470163,2.500000,0.011032
1779541684.484919,0,1,-3.869403,6.397192,2.470914,2.500000,0.011428
1779541684.494889,0,1,-3.889050,6.412651,2.471951,2.500000,0.011428
1779541684.505425,0,1,-3.908705,6.428101,2.472892,2.500000,0.010113
1779541684.514957,0,1,-3.928384,6.443520,2.474052,2.500000,0.010113
1779541684.524946,0,1,-3.948071,6.458928,2.475070,2.500000,0.006118
1779541684.535087,0,1,-3.967782,6.474305,2.476278,2.500000,0.006118
1779541684.544921,0,1,-3.987502,6.489672,2.477326,2.500000,0.001571
1779541684.554811,0,1,-4.007246,6.505007,2.478553,2.500000,0.001571
1779541684.564584,0,1,-4.027000,6.520330,2.479614,2.500000,-0.004297
1779541684.574625,0,1,-4.046778,6.535621,2.480847,2.500000,-0.004297
1779541684.585244,0,1,-4.066549,6.550921,2.481610,2.500000,-0.009388
1779541684.594997,0,1,-4.086287,6.566264,2.481548,2.500000,-0.009388
1779541684.604666,0,1,-4.106012,6.581625,2.481235,2.500000,-0.014586
1779541684.614537,0,1,-4.125710,6.597019,2.480480,2.500000,-0.014586
1779541684.624683,0,1,-4.145398,6.612426,2.479720,2.500000,-0.019633
1779541684.634596,0,1,-4.165061,6.627865,2.478678,2.500000,-0.019633
1779541684.644914,0,1,-4.184716,6.643315,2.477735,2.500000,-0.022168
1779541684.655038,0,1,-4.204346,6.658796,2.476575,2.500000,-0.022168
1779541684.665090,0,1,-4.223967,6.674288,2.475557,2.500000,-0.021762
1779541684.674902,0,1,-4.243563,6.689812,2.474350,2.500000,-0.021762
1779541684.685277,0,1,-4.263151,6.705347,2.473302,2.500000,-0.019362
1779541684.695084,0,1,-4.282713,6.720913,2.472076,2.500000,-0.019362
1779541684.705581,0,1,-4.302266,6.736491,2.471016,2.500000,-0.016496
1779541684.714877,0,1,-4.321793,6.752102,2.469783,2.500000,-0.016496
1779541684.725096,0,1,-4.341312,6.767723,2.468719,2.500000,-0.013062
1779541684.735006,0,1,-4.360804,6.783378,2.467483,2.500000,-0.013062
1779541684.745022,0,1,-4.380287,6.799043,2.466418,2.500000,-0.013062
1779541684.755123,0,1,-4.399744,6.814742,2.465182,2.500000,-0.013062
1779541684.765142,0,1,-4.419191,6.830452,2.464116,2.500000,-0.013062
1779541684.774670,0,1,-4.438612,6.846194,2.462879,2.500000,-0.013062
1779541684.784623,0,1,-4.458023,6.861949,2.461813,2.500000,-0.013062
1779541684.794612,0,1,-4.477408,6.877736,2.460577,2.500000,-0.013062
1779541684.804862,0,1,-4.496783,6.893534,2.459511,2.500000,-0.013062
1779541684.814753,0,1,-4.516132,6.909366,2.458275,2.500000,-0.013062
1779541684.824712,0,1,-4.535470,6.925209,2.457209,2.500000,-0.013062
1779541684.834657,0,1,-4.554783,6.941085,2.455973,2.500000,-0.013062
1779541684.844919,0,1,-4.574085,6.956972,2.454908,2.500000,-0.013062
1779541684.854974,0,1,-4.593361,6.972892,2.453671,2.500000,-0.013062
1779541684.864731,0,1,-4.612627,6.988824,2.452606,2.500000,0.019234
1779541684.874953,0,1,-4.631866,7.004789,2.451370,2.500000,0.019234
1779541684.884853,0,1,-4.651111,7.020745,2.450606,2.500000,0.034731
1779541684.894949,0,1,-4.670391,7.036660,2.450668,2.500000,0.034731
1779541684.904926,0,1,-4.689685,7.052558,2.450982,2.500000,0.044234
1779541684.915316,0,1,-4.709022,7.068404,2.452040,2.500000,0.044234
1779541684.924584,0,1,-4.728429,7.084163,2.454098,2.500000,0.052746
1779541684.934687,0,1,-4.747885,7.099862,2.456520,2.500000,0.052746
1779541684.944898,0,1,-4.767403,7.115484,2.459456,2.500000,0.059547
1779541684.954685,0,1,-4.786965,7.131052,2.462442,2.500000,0.059547
1779541684.964622,0,1,-4.806586,7.146544,2.465739,2.500000,0.064120
1779541684.974597,0,1,-4.826250,7.161981,2.468956,2.500000,0.064120
1779541684.984666,0,1,-4.845989,7.177323,2.472702,2.500000,0.064113
1779541684.994528,0,1,-4.865830,7.192533,2.477310,2.500000,0.064113
1779541685.004690,0,1,-4.885751,7.207638,2.482193,2.500000,0.064035
1779541685.015130,0,1,-4.905766,7.222618,2.487532,2.500000,0.064035
1779541685.024939,0,1,-4.925849,7.237506,2.492733,2.500000,0.064035
1779541685.035048,0,1,-4.945996,7.252308,2.497724,2.500000,0.058062
1779541685.045307,0,1,-4.966207,7.267023,2.502579,2.500000,0.058062
1779541685.054810,0,1,-4.986475,7.281658,2.507194,2.500000,0.049389
1779541685.065041,0,1,-5.006781,7.296241,2.511254,2.500000,0.049389
1779541685.075064,0,1,-5.027143,7.310746,2.515236,2.500000,0.049389
1779541685.084907,0,1,-5.047545,7.325194,2.518887,2.500000,0.037102
1779541685.094881,0,1,-5.068005,7.339560,2.522606,2.500000,0.037102
1779541685.104925,0,1,-5.088507,7.353867,2.526088,2.500000,0.037102
1779541685.114963,0,1,-5.109066,7.368091,2.529699,2.500000,0.028462
1779541685.124579,0,1,-5.129667,7.382254,2.533111,2.500000,0.028462
1779541685.134761,0,1,-5.150325,7.396334,2.536677,2.500000,0.028462
1779541685.145339,0,1,-5.171010,7.410375,2.539760,2.500000,0.024156
1779541685.154969,0,1,-5.191697,7.424412,2.542010,2.500000,0.024156
1779541685.164854,0,1,-5.212405,7.438418,2.544004,2.500000,0.018344
1779541685.174838,0,1,-5.233121,7.452413,2.545553,2.500000,0.018344
1779541685.184720,0,1,-5.253862,7.466371,2.547096,2.500000,0.014474
1779541685.194830,0,1,-5.274612,7.480315,2.548356,2.500000,0.014474
1779541685.204588,0,1,-5.295386,7.494222,2.549714,2.500000,0.013052
1779541685.214921,0,1,-5.316171,7.508115,2.550855,2.500000,0.013052
1779541685.224887,0,1,-5.336980,7.521970,2.552137,2.500000,0.013052
1779541685.234910,0,1,-5.357799,7.535812,2.553231,2.500000,0.015970
1779541685.244817,0,1,-5.378642,7.549616,2.554484,2.500000,0.015970
1779541685.254616,0,1,-5.399494,7.563407,2.555559,2.500000,0.015970
1779541685.264883,0,1,-5.420370,7.577161,2.556800,2.500000,0.015970
1779541685.274947,0,1,-5.441255,7.590902,2.557868,2.500000,0.015970
1779541685.284926,0,1,-5.462164,7.604607,2.559105,2.500000,0.015970
1779541685.295167,0,1,-5.483082,7.618299,2.560171,2.500000,0.015970
1779541685.304916,0,1,-5.504022,7.631955,2.561406,2.500000,0.015970
1779541685.315141,0,1,-5.524972,7.645597,2.562471,2.500000,0.015970
1779541685.325279,0,1,-5.545945,7.659204,2.563707,2.500000,0.015970
1779541685.334565,0,1,-5.566926,7.672798,2.564771,2.500000,0.015970
1779541685.344952,0,1,-5.587930,7.686356,2.566007,2.500000,0.015970
1779541685.355049,0,1,-5.608942,7.699901,2.567072,2.500000,0.015970
1779541685.364560,0,1,-5.629978,7.713411,2.568307,2.500000,0.015970
1779541685.375173,0,1,-5.651022,7.726907,2.569372,2.500000,0.039764
1779541685.384950,0,1,-5.672088,7.740368,2.570608,2.500000,0.039764
1779541685.394706,0,1,-5.693163,7.753816,2.571673,2.500000,0.052447
1779541685.404988,0,1,-5.714275,7.767207,2.573211,2.500000,0.052447
1779541685.414910,0,1,-5.735446,7.780503,2.575574,2.500000,0.058207
1779541685.424900,0,1,-5.756658,7.793733,2.578189,2.500000,0.058207
1779541685.435020,0,1,-5.777924,7.806877,2.581246,2.500000,0.064183
1779541685.445209,0,1,-5.799228,7.819959,2.584308,2.500000,0.064183
1779541685.454587,0,1,-5.820596,7.832936,2.587954,2.500000,0.070310
1779541685.464950,0,1,-5.842051,7.845769,2.592497,2.500000,0.070310
1779541685.474819,0,1,-5.863574,7.858487,2.597338,2.500000,0.072942
1779541685.484717,0,1,-5.885176,7.871071,2.602650,2.500000,0.073679
1779541685.494643,0,1,-5.906843,7.883543,2.607984,2.500000,0.073679
1779541685.504935,0,1,-5.928586,7.895882,2.613613,2.500000,0.074577
1779541685.514886,0,1,-5.950391,7.908110,2.619150,2.500000,0.074577
1779541685.524926,0,1,-5.972271,7.920203,2.624907,2.500000,0.069462
1779541685.535899,0,1,-5.994213,7.932185,2.630526,2.500000,0.069462
1779541685.544824,0,1,-6.016229,7.944030,2.636335,2.500000,0.063611
1779541685.554586,0,1,-6.038305,7.955763,2.641986,2.500000,0.063611
1779541685.564630,0,1,-6.060453,7.967358,2.647815,2.500000,0.056667
1779541685.575109,0,1,-6.082649,7.978861,2.653176,2.500000,0.056667
1779541685.584818,0,1,-6.104873,7.990312,2.657715,2.500000,0.056667
1779541685.595145,0,1,-6.127139,8.001679,2.662003,2.500000,0.045110
1779541685.605209,0,1,-6.149437,8.012983,2.665850,2.500000,0.045110
1779541685.614586,0,1,-6.171780,8.024198,2.669693,2.500000,0.037897
1779541685.624614,0,1,-6.194157,8.035348,2.673254,2.500000,0.037897
1779541685.634920,0,1,-6.216578,8.046406,2.676914,2.500000,0.032595
1779541685.644840,0,1,-6.239032,8.057397,2.680357,2.500000,0.032595
1779541685.654587,0,1,-6.261531,8.068298,2.683942,2.500000,0.029942
1779541685.665304,0,1,-6.284061,8.079131,2.687338,2.500000,0.029942
1779541685.674870,0,1,-6.306636,8.089873,2.690892,2.500000,0.028727
1779541685.685088,0,1,-6.329231,8.100571,2.693968,2.500000,0.028727
1779541685.695191,0,1,-6.351828,8.111266,2.696213,2.500000,0.027929
1779541685.705086,0,1,-6.374441,8.121926,2.698203,2.500000,0.027929
1779541685.714979,0,1,-6.397061,8.132573,2.699750,2.500000,0.027534
1779541685.724999,0,1,-6.419699,8.143181,2.701292,2.500000,0.027534
1779541685.734980,0,1,-6.442344,8.153773,2.702550,2.500000,0.027951
1779541685.745265,0,1,-6.465008,8.164325,2.703908,2.500000,0.027951
1779541685.754947,0,1,-6.487680,8.174861,2.705048,2.500000,0.027951
1779541685.764912,0,1,-6.510370,8.185356,2.706331,2.500000,0.027951
1779541685.774966,0,1,-6.533067,8.195836,2.707424,2.500000,0.027951
1779541685.785280,0,1,-6.555783,8.206276,2.708677,2.500000,0.027951
1779541685.795004,0,1,-6.578506,8.216700,2.709751,2.500000,0.027951
1779541685.805004,0,1,-6.601247,8.227085,2.710993,2.500000,0.027951
1779541685.815120,0,1,-6.623995,8.237456,2.712060,2.500000,0.027951
1779541685.825255,0,1,-6.646760,8.247787,2.713297,2.500000,0.027951
1779541685.834541,0,1,-6.669532,8.258104,2.714363,2.500000,0.027951
1779541685.844546,0,1,-6.692322,8.268381,2.715599,2.500000,0.027951
1779541685.854542,0,1,-6.715118,8.278644,2.716663,2.500000,0.027951
1779541685.864560,0,1,-6.737931,8.288869,2.717899,2.500000,0.061912
1779541685.874472,0,1,-6.760751,8.299079,2.718964,2.500000,0.082038
1779541685.884847,0,1,-6.783599,8.309227,2.720501,2.500000,0.082038
1779541685.894540,0,1,-6.806502,8.319249,2.723165,2.500000,0.093236
1779541685.905052,0,1,-6.829475,8.329111,2.727078,2.500000,0.093236
1779541685.915196,0,1,-6.852501,8.338847,2.731514,2.500000,0.102992
1779541685.925025,0,1,-6.875589,8.348436,2.736568,2.500000,0.102992
1779541685.935261,0,1,-6.898725,8.357907,2.741737,2.500000,0.112806
1779541685.945074,0,1,-6.921929,8.367212,2.747563,2.500000,0.112806
1779541685.954950,0,1,-6.945215,8.376310,2.754332,2.500000,0.112806
1779541685.964751,0,1,-6.968569,8.385231,2.761427,2.500000,0.118748
1779541685.975655,0,1,-6.991998,8.393953,2.769012,2.500000,0.118748
1779541685.984740,0,1,-7.015491,8.402503,2.776631,2.500000,0.119695
1779541685.994848,0,1,-7.039054,8.410855,2.784551,2.500000,0.119695
1779541686.004771,0,1,-7.062679,8.419033,2.792384,2.500000,0.116016
1779541686.014813,0,1,-7.086371,8.427012,2.800440,2.500000,0.113889
1779541686.025165,0,1,-7.110122,8.434816,2.808359,2.500000,0.113889
1779541686.035299,0,1,-7.133938,8.442419,2.816469,2.500000,0.105097
1779541686.044788,0,1,-7.157809,8.449845,2.824421,2.500000,0.105097
1779541686.054767,0,1,-7.181743,8.457068,2.832552,2.500000,0.105097
1779541686.065042,0,1,-7.205730,8.464112,2.840517,2.500000,0.097142
1779541686.074860,0,1,-7.229776,8.470951,2.848655,2.500000,0.097142
1779541686.085024,0,1,-7.253873,8.477611,2.856625,2.500000,0.080766
1779541686.094877,0,1,-7.278025,8.484064,2.864766,2.500000,0.080766
1779541686.104892,0,1,-7.302219,8.490362,2.872434,2.500000,0.072392
1779541686.115288,0,1,-7.326443,8.496545,2.879277,2.500000,0.067975
1779541686.124964,0,1,-7.350703,8.502581,2.885869,2.500000,0.067975
1779541686.134925,0,1,-7.374994,8.508492,2.892018,2.500000,0.057811
1779541686.144973,0,1,-7.399322,8.514251,2.898163,2.500000,0.057811
1779541686.154904,0,1,-7.423674,8.519906,2.903723,2.500000,0.048363
1779541686.165088,0,1,-7.448040,8.525499,2.908386,2.500000,0.048363
1779541686.174596,0,1,-7.472427,8.530999,2.912751,2.500000,0.042197
1779541686.184776,0,1,-7.496831,8.536428,2.916645,2.500000,0.042197
1779541686.194924,0,1,-7.521256,8.541757,2.920517,2.500000,0.038421
1779541686.205039,0,1,-7.545698,8.547011,2.924094,2.500000,0.038421
1779541686.215204,0,1,-7.570161,8.552165,2.927763,2.500000,0.038421
1779541686.224900,0,1,-7.594639,8.557245,2.931211,2.500000,0.037855
1779541686.234646,0,1,-7.619138,8.562224,2.934798,2.500000,0.037855
1779541686.245286,0,1,-7.643652,8.567129,2.938194,2.500000,0.037855
1779541686.254756,0,1,-7.668186,8.571934,2.941749,2.500000,0.037855
1779541686.264811,0,1,-7.692734,8.576666,2.945125,2.500000,0.037855
1779541686.274944,0,1,-7.717301,8.581298,2.948668,2.500000,0.037855
1779541686.284924,0,1,-7.741882,8.585858,2.952037,2.500000,0.037855
1779541686.294966,0,1,-7.766481,8.590319,2.955575,2.500000,0.037855
1779541686.304866,0,1,-7.791093,8.594707,2.958942,2.500000,0.037855
1779541686.314820,0,1,-7.815722,8.598996,2.962478,2.500000,0.037855
1779541686.324521,0,1,-7.840364,8.603213,2.965844,2.500000,0.037855
1779541686.334816,0,1,-7.865022,8.607331,2.969381,2.500000,0.037855
1779541686.345793,0,1,-7.889693,8.611377,2.972747,2.500000,0.065415
1779541686.354611,0,1,-7.914379,8.615325,2.976284,2.500000,0.075975
1779541686.364465,0,1,-7.939077,8.619200,2.979650,2.500000,0.075975
1779541686.374939,0,1,-7.963794,8.622951,2.983488,2.500000,0.084068
1779541686.384978,0,1,-7.988536,8.626534,2.988153,2.500000,0.084068
1779541686.394542,0,1,-8.013297,8.629983,2.993069,2.500000,0.091982
1779541686.404741,0,1,-8.038079,8.633274,2.998427,2.500000,0.091982
1779541686.414591,0,1,-8.062878,8.636437,3.003790,2.500000,0.101381
1779541686.424927,0,1,-8.087696,8.639445,3.009435,2.500000,0.101381
1779541686.434797,0,1,-8.112530,8.642326,3.014982,2.500000,0.107317
1779541686.444534,0,1,-8.137383,8.645027,3.021046,2.500000,0.112179
1779541686.454555,0,1,-8.162260,8.647504,3.027966,2.500000,0.112179
1779541686.464539,0,1,-8.187155,8.649791,3.035155,2.500000,0.112179
1779541686.474531,0,1,-8.212069,8.651864,3.042798,2.500000,0.115676
1779541686.484640,0,1,-8.236998,8.653751,3.050453,2.500000,0.118776
1779541686.494625,0,1,-8.261942,8.655427,3.058394,2.500000,0.118776
1779541686.504625,0,1,-8.286897,8.656918,3.066240,2.500000,0.119582
1779541686.514600,0,1,-8.311864,8.658197,3.074303,2.500000,0.119582
1779541686.524603,0,1,-8.336840,8.659292,3.082225,2.500000,0.114674
1779541686.534499,0,1,-8.361824,8.660174,3.090337,2.500000,0.114674
1779541686.545028,0,1,-8.386815,8.660870,3.098290,2.500000,0.115655
1779541686.554526,0,1,-8.411810,8.661353,3.106421,2.500000,0.115655
1779541686.564671,0,1,-8.436808,8.661649,3.114385,2.500000,0.112871
1779541686.574476,0,1,-8.461808,8.661732,3.122523,2.500000,0.110692
1779541686.584656,0,1,-8.486808,8.661627,3.130492,2.500000,0.110692
1779541686.594456,0,1,-8.511806,8.661309,3.138632,2.500000,0.105438
1779541686.604848,0,1,-8.536800,8.660803,3.146602,2.500000,0.105438
1779541686.614977,0,1,-8.561790,8.660083,3.154743,2.500000,0.099074
1779541686.624945,0,1,-8.586773,8.659176,3.162713,2.500000,0.095759
1779541686.634942,0,1,-8.611748,8.658054,3.170854,2.500000,0.095759
1779541686.644830,0,1,-8.636715,8.656770,3.178523,2.500000,0.089046
1779541686.654568,0,1,-8.661676,8.655369,3.185365,2.500000,0.089046
1779541686.664572,0,1,-8.686627,8.653815,3.191956,2.500000,0.082881
1779541686.674607,0,1,-8.711571,8.652134,3.198104,2.500000,0.082881
1779541686.684570,0,1,-8.736503,8.650294,3.204249,2.500000,0.075675
1779541686.694786,0,1,-8.761425,8.648324,3.210110,2.500000,0.075675
1779541686.704921,0,1,-8.786334,8.646195,3.216071,2.500000,0.071443
1779541686.714862,0,1,-8.811232,8.643933,3.221815,2.500000,0.071443
1779541686.724848,0,1,-8.836114,8.641513,3.227700,2.500000,0.069035
1779541686.734789,0,1,-8.860984,8.638962,3.233397,2.500000,0.069035
1779541686.744910,0,1,-8.885837,8.636253,3.239253,2.500000,0.069035
1779541686.754719,0,1,-8.910675,8.633413,3.244931,2.500000,0.069035
1779541686.764817,0,1,-8.935494,8.630416,3.250775,2.500000,0.069035
1779541686.774854,0,1,-8.960298,8.627288,3.256446,2.500000,0.069035
1779541686.784983,0,1,-8.985081,8.624004,3.262286,2.500000,0.069035
1779541686.794868,0,1,-9.009847,8.620590,3.267954,2.500000,0.069035
1779541686.804659,0,1,-9.034591,8.617019,3.273793,2.500000,0.069035
1779541686.814883,0,1,-9.059315,8.613320,3.279461,2.500000,0.069035
1779541686.824577,0,1,-9.084016,8.609464,3.285299,2.500000,0.069035
1779541686.834783,0,1,-9.108697,8.605480,3.290967,2.500000,0.062111
1779541686.844800,0,1,-9.133351,8.601340,3.296805,2.500000,0.062340
1779541686.854820,0,1,-9.157989,8.597096,3.302171,2.500000,0.062340
1779541686.865020,0,1,-9.182615,8.592793,3.306711,2.500000,0.060630
1779541686.874566,0,1,-9.207226,8.588396,3.311000,2.500000,0.060630
1779541686.884579,0,1,-9.231823,8.583929,3.314846,2.500000,0.057599
1779541686.895003,0,1,-9.256403,8.579364,3.318689,2.500000,0.057599
1779541686.904896,0,1,-9.280969,8.574725,3.322248,2.500000,0.057057
1779541686.914704,0,1,-9.305516,8.569986,3.325907,2.500000,0.057057
1779541686.924535,0,1,-9.330048,8.565173,3.329349,2.500000,0.058915
1779541686.934669,0,1,-9.354561,8.560261,3.332934,2.500000,0.060776
1779541686.945018,0,1,-9.379058,8.555276,3.336329,2.500000,0.060776
1779541686.954827,0,1,-9.403536,8.550191,3.339883,2.500000,0.064703
1779541686.964751,0,1,-9.427998,8.545033,3.343259,2.500000,0.064703
1779541686.974773,0,1,-9.452434,8.539752,3.347104,2.500000,0.069132
1779541686.984739,0,1,-9.476833,8.534305,3.351771,2.500000,0.071275
1779541686.994488,0,1,-9.501202,8.528725,3.356689,2.500000,0.071275
1779541687.004503,0,1,-9.525535,8.522989,3.362048,2.500000,0.075880
1779541687.014775,0,1,-9.549838,8.517127,3.367411,2.500000,0.075880
1779541687.024967,0,1,-9.574104,8.511113,3.373056,2.500000,0.080969
1779541687.034778,0,1,-9.598339,8.504974,3.378602,2.500000,0.081972
1779541687.044798,0,1,-9.622535,8.498685,3.384365,2.500000,0.081972
1779541687.054776,0,1,-9.646698,8.492271,3.389986,2.500000,0.081560
1779541687.064799,0,1,-9.670821,8.485707,3.395795,2.500000,0.081560
1779541687.074792,0,1,-9.694909,8.479019,3.401446,2.500000,0.077709
1779541687.084774,0,1,-9.718956,8.472180,3.407275,2.500000,0.077709
1779541687.095004,0,1,-9.742967,8.465217,3.412937,2.500000,0.074568
1779541687.104860,0,1,-9.766933,8.458104,3.418773,2.500000,0.073104
1779541687.114854,0,1,-9.790863,8.450866,3.424440,2.500000,0.073104
1779541687.124761,0,1,-9.814746,8.443479,3.430278,2.500000,0.068807
1779541687.134770,0,1,-9.838591,8.435968,3.435946,2.500000,0.068807
1779541687.144664,0,1,-9.862388,8.428307,3.441785,2.500000,0.064764
1779541687.154528,0,1,-9.886146,8.420522,3.447454,2.500000,0.064764
1779541687.164547,0,1,-9.909853,8.412589,3.453293,2.500000,0.062412
1779541687.174887,0,1,-9.933519,8.404532,3.458962,2.500000,0.057370
1779541687.184881,0,1,-9.957134,8.396326,3.464801,2.500000,0.057370
1779541687.194769,0,1,-9.980715,8.388022,3.470168,2.500000,0.052381
1779541687.204847,0,1,-10.004275,8.379660,3.474709,2.500000,0.052381
1779541687.214727,0,1,-10.027803,8.371210,3.478998,2.500000,0.046748
1779541687.224904,0,1,-10.051308,8.362692,3.482845,2.500000,0.046748
1779541687.234805,0,1,-10.074778,8.354081,3.486687,2.500000,0.040891
1779541687.244865,0,1,-10.098222,8.345399,3.490247,2.500000,0.040891
1779541687.254571,0,1,-10.121630,8.336622,3.493906,2.500000,0.040891
1779541687.265019,0,1,-10.145013,8.327775,3.497349,2.500000,0.040891
1779541687.274935,0,1,-10.168359,8.318833,3.500933,2.500000,0.040891
1779541687.284707,0,1,-10.191678,8.309821,3.504329,2.500000,0.040891
1779541687.294834,0,1,-10.214960,8.300715,3.507883,2.500000,0.040891
1779541687.304963,0,1,-10.238216,8.291540,3.511259,2.500000,0.040891
1779541687.314762,0,1,-10.261434,8.282271,3.514802,2.500000,0.040891
1779541687.324893,0,1,-10.284625,8.272933,3.518172,2.500000,0.040891
1779541687.334754,0,1,-10.307778,8.263503,3.521710,2.500000,0.040891
1779541687.344913,0,1,-10.330903,8.254004,3.525077,2.500000,0.037280
1779541687.354662,0,1,-10.353990,8.244413,3.528615,2.500000,0.035118
1779541687.364774,0,1,-10.377049,8.234755,3.531981,2.500000,0.035118
1779541687.374570,0,1,-10.400069,8.225004,3.535518,2.500000,0.034784
1779541687.384933,0,1,-10.423060,8.215185,3.538884,2.500000,0.034784
1779541687.394524,0,1,-10.446012,8.205275,3.542421,2.500000,0.034397
1779541687.404564,0,1,-10.468935,8.195298,3.545787,2.500000,0.033846
1779541687.414979,0,1,-10.491818,8.185230,3.549324,2.500000,0.033846
1779541687.424982,0,1,-10.514671,8.175094,3.552691,2.500000,0.033188
1779541687.434839,0,1,-10.537484,8.164868,3.556228,2.500000,0.033188
1779541687.444845,0,1,-10.560267,8.154575,3.559594,2.500000,0.032420
1779541687.455076,0,1,-10.583008,8.144191,3.563132,2.500000,0.032420
1779541687.464883,0,1,-10.605719,8.133741,3.566498,2.500000,0.031176
1779541687.474823,0,1,-10.628388,8.123200,3.570035,2.500000,0.031176
1779541687.484889,0,1,-10.651038,8.112617,3.573100,2.500000,0.030053
1779541687.494803,0,1,-10.673686,8.102030,3.575340,2.500000,0.029294
1779541687.504838,0,1,-10.696318,8.091410,3.577327,2.500000,0.029294
1779541687.514851,0,1,-10.718944,8.080778,3.578872,2.500000,0.029294
1779541687.524863,0,1,-10.741552,8.070106,3.580414,2.500000,0.027889
1779541687.535086,0,1,-10.764153,8.059420,3.581672,2.500000,0.026527
1779541687.544973,0,1,-10.786735,8.048693,3.583030,2.500000,0.026527
1779541687.554831,0,1,-10.809309,8.037951,3.584171,2.500000,0.028646
1779541687.564756,0,1,-10.831865,8.027169,3.585453,2.500000,0.028646
1779541687.574861,0,1,-10.854413,8.016371,3.586547,2.500000,0.028646
1779541687.584965,0,1,-10.876942,8.005534,3.587800,2.500000,0.035146
1779541687.594855,0,1,-10.899463,7.994682,3.588875,2.500000,0.035146
1779541687.604874,0,1,-10.921955,7.983768,3.590418,2.500000,0.039940
1779541687.614765,0,1,-10.944398,7.972752,3.592785,2.500000,0.042439
1779541687.624949,0,1,-10.966805,7.961666,3.595401,2.500000,0.042439
1779541687.634841,0,1,-10.989167,7.950489,3.598459,2.500000,0.047379
1779541687.644720,0,1,-11.011497,7.939247,3.601520,2.500000,0.047379
1779541687.655031,0,1,-11.033782,7.927916,3.604864,2.500000,0.052371
1779541687.664849,0,1,-11.056035,7.916523,3.608109,2.500000,0.052371
1779541687.674729,0,1,-11.078243,7.905042,3.611570,2.500000,0.053265
1779541687.684785,0,1,-11.100418,7.893498,3.614889,2.500000,0.053265
1779541687.694835,0,1,-11.122548,7.881868,3.618398,2.500000,0.052061
1779541687.704690,0,1,-11.144644,7.870174,3.621747,2.500000,0.051498
1779541687.715109,0,1,-11.166694,7.858393,3.625274,2.500000,0.051498
1779541687.724769,0,1,-11.188710,7.846548,3.628635,2.500000,0.048912
1779541687.734740,0,1,-11.210679,7.834617,3.632170,2.500000,0.048912
1779541687.744545,0,1,-11.232614,7.822622,3.635535,2.500000,0.048912
1779541687.754837,0,1,-11.254501,7.810541,3.639072,2.500000,0.048912
1779541687.764803,0,1,-11.276353,7.798396,3.642439,2.500000,0.048912
1779541687.774736,0,1,-11.298156,7.786164,3.645977,2.500000,0.048912
1779541687.784952,0,1,-11.319924,7.773869,3.649344,2.500000,0.048912
1779541687.794871,0,1,-11.341642,7.761488,3.652882,2.500000,0.048912
1779541687.804777,0,1,-11.363325,7.749043,3.656249,2.500000,0.048912
1779541687.814718,0,1,-11.384958,7.736512,3.659787,2.500000,0.048912
1779541687.824564,0,1,-11.406554,7.723919,3.663154,2.500000,0.048912
1779541687.834614,0,1,-11.428100,7.711239,3.666691,2.500000,0.030518
1779541687.844527,0,1,-11.449609,7.698497,3.670058,2.500000,0.030518
1779541687.854617,0,1,-11.471066,7.685669,3.673596,2.500000,0.028214
1779541687.864960,0,1,-11.492500,7.672800,3.676661,2.500000,0.025959
1779541687.874825,0,1,-11.513932,7.659929,3.678901,2.500000,0.025959
1779541687.884699,0,1,-11.535345,7.647026,3.680888,2.500000,0.021510
1779541687.894927,0,1,-11.556751,7.634111,3.682434,2.500000,0.021510
1779541687.904899,0,1,-11.578135,7.621160,3.683975,2.500000,0.016714
1779541687.914532,0,1,-11.599510,7.608194,3.685234,2.500000,0.016714
1779541687.924541,0,1,-11.620861,7.595190,3.686591,2.500000,0.014519
1779541687.934863,0,1,-11.642204,7.582172,3.687732,2.500000,0.014519
1779541687.944939,0,1,-11.663524,7.569116,3.689015,2.500000,0.014345
1779541687.954750,0,1,-11.684835,7.556045,3.690109,2.500000,0.014345
1779541687.964756,0,1,-11.706123,7.542937,3.691362,2.500000,0.014712
1779541687.974958,0,1,-11.727403,7.529815,3.692437,2.500000,0.014712
1779541687.985004,0,1,-11.748659,7.516656,3.693679,2.500000,0.017325
1779541687.994747,0,1,-11.769907,7.503483,3.694747,2.500000,0.017325
1779541688.004854,0,1,-11.791132,7.490274,3.695984,2.500000,0.018980
1779541688.014844,0,1,-11.812349,7.477051,3.697050,2.500000,0.018980
1779541688.024743,0,1,-11.833544,7.463792,3.698285,2.500000,0.019662
1779541688.034559,0,1,-11.854730,7.450520,3.699350,2.500000,0.021655
1779541688.044820,0,1,-11.875893,7.437211,3.700586,2.500000,0.021655
1779541688.055184,0,1,-11.897048,7.423890,3.701651,2.500000,0.023708
1779541688.064826,0,1,-11.918180,7.410532,3.702886,2.500000,0.023708
1779541688.074928,0,1,-11.939304,7.397162,3.703951,2.500000,0.026098
1779541688.084939,0,1,-11.960406,7.383755,3.705187,2.500000,0.026098
1779541688.094805,0,1,-11.981499,7.370336,3.706252,2.500000,0.028795
1779541688.104832,0,1,-12.002570,7.356881,3.707488,2.500000,0.028795
1779541688.115005,0,1,-12.023632,7.343413,3.708553,2.500000,0.031781
1779541688.124845,0,1,-12.044671,7.329910,3.709789,2.500000,0.031781
1779541688.135088,0,1,-12.065702,7.316393,3.710854,2.500000,0.034931
1779541688.144888,0,1,-12.086710,7.302841,3.712090,2.500000,0.034931
1779541688.154845,0,1,-12.107710,7.289276,3.713155,2.500000,0.038311
1779541688.164990,0,1,-12.128673,7.275654,3.714693,2.500000,0.038311
1779541688.175004,0,1,-12.149575,7.261939,3.717056,2.500000,0.041928
1779541688.184574,0,1,-12.170434,7.248158,3.719671,2.500000,0.041928
1779541688.195067,0,1,-12.191237,7.234293,3.722728,2.500000,0.047324
1779541688.204823,0,1,-12.211999,7.220368,3.725790,2.500000,0.047324
1779541688.215003,0,1,-12.232707,7.206362,3.729134,2.500000,0.052574
1779541688.224753,0,1,-12.253375,7.192297,3.732379,2.500000,0.052574
1779541688.234759,0,1,-12.273988,7.178151,3.735841,2.500000,0.051725
1779541688.245142,0,1,-12.294561,7.163947,3.739161,2.500000,0.051725
1779541688.254572,0,1,-12.315078,7.149662,3.742670,2.500000,0.051725
1779541688.264559,0,1,-12.335554,7.135319,3.746020,2.500000,0.051725
1779541688.274765,0,1,-12.355974,7.120895,3.749547,2.500000,0.051725
1779541688.285522,0,1,-12.376352,7.106413,3.752909,2.500000,0.051725
1779541688.294734,0,1,-12.396672,7.091850,3.756443,2.500000,0.051725
1779541688.304775,0,1,-12.416951,7.077229,3.759809,2.500000,0.051725
1779541688.314793,0,1,-12.437171,7.062527,3.763346,2.500000,0.051725
1779541688.324802,0,1,-12.457349,7.047767,3.766713,2.500000,0.051725
1779541688.334754,0,1,-12.477468,7.032927,3.770251,2.500000,0.051725
1779541688.344770,0,1,-12.497544,7.018029,3.773618,2.500000,0.034890
1779541688.354568,0,1,-12.517560,7.003051,3.777156,2.500000,0.038016
1779541688.364507,0,1,-12.537533,6.988015,3.780523,2.500000,0.038016
1779541688.374437,0,1,-12.557446,6.972899,3.784061,2.500000,0.035511
1779541688.384965,0,1,-12.577314,6.957725,3.787428,2.500000,0.035511
1779541688.394724,0,1,-12.597122,6.942473,3.790966,2.500000,0.033324
1779541688.404750,0,1,-12.616886,6.927162,3.794333,2.500000,0.033324
1779541688.414860,0,1,-12.636588,6.911774,3.797870,2.500000,0.031075
1779541688.424874,0,1,-12.656246,6.896327,3.801237,2.500000,0.028983
1779541688.434439,0,1,-12.675841,6.880803,3.804775,2.500000,0.028983
1779541688.444409,0,1,-12.695408,6.865241,3.807840,2.500000,0.027876
1779541688.454414,0,1,-12.714972,6.849677,3.810079,2.500000,0.027876
1779541688.464547,0,1,-12.734513,6.834085,3.812067,2.500000,0.025995
1779541688.474459,0,1,-12.754046,6.818481,3.813612,2.500000,0.025995
1779541688.484699,0,1,-12.773552,6.802844,3.815154,2.500000,0.024403
1779541688.494981,0,1,-12.793047,6.787193,3.816412,2.500000,0.024067
1779541688.504997,0,1,-12.812515,6.771509,3.817770,2.500000,0.024067
1779541688.514664,0,1,-12.831971,6.755810,3.818911,2.500000,0.028196
1779541688.524779,0,1,-12.851400,6.740078,3.820194,2.500000,0.028196
1779541688.534973,0,1,-12.870818,6.724332,3.821287,2.500000,0.035400
1779541688.544713,0,1,-12.890209,6.708552,3.822540,2.500000,0.038373
1779541688.554826,0,1,-12.909589,6.692759,3.823616,2.500000,0.038373
1779541688.564727,0,1,-12.928925,6.676913,3.825159,2.500000,0.043888
1779541688.574637,0,1,-12.948190,6.660980,3.827525,2.500000,0.047079
1779541688.585014,0,1,-12.967405,6.644986,3.830141,2.500000,0.047079
1779541688.594786,0,1,-12.986554,6.628914,3.833199,2.500000,0.054332
1779541688.604780,0,1,-13.005656,6.612786,3.836260,2.500000,0.054332
1779541688.614745,0,1,-13.024695,6.596583,3.839604,2.500000,0.061846
1779541688.624880,0,1,-13.043687,6.580326,3.842849,2.500000,0.061846
1779541688.634927,0,1,-13.062616,6.563995,3.846310,2.500000,0.065617
1779541688.644420,0,1,-13.081498,6.547610,3.849629,2.500000,0.068760
1779541688.654446,0,1,-13.100298,6.531132,3.853440,2.500000,0.068760
1779541688.664885,0,1,-13.118988,6.514528,3.858087,2.500000,0.070338
1779541688.674893,0,1,-13.137588,6.497823,3.862994,2.500000,0.070338
1779541688.684790,0,1,-13.156082,6.481002,3.868347,2.500000,0.073027
1779541688.694714,0,1,-13.174490,6.464085,3.873707,2.500000,0.073027
1779541688.704974,0,1,-13.192792,6.447055,3.879351,2.500000,0.074338
1779541688.714522,0,1,-13.211006,6.429931,3.884897,2.500000,0.074283
1779541688.724700,0,1,-13.229115,6.412695,3.890660,2.500000,0.074283
1779541688.734737,0,1,-13.247135,6.395366,3.896282,2.500000,0.074283
1779541688.744967,0,1,-13.265047,6.377926,3.902093,2.500000,0.074283
1779541688.754418,0,1,-13.282869,6.360394,3.907744,2.500000,0.074283
1779541688.764460,0,1,-13.300581,6.342751,3.913574,2.500000,0.074283
1779541688.774659,0,1,-13.318202,6.325017,3.919237,2.500000,0.074283
1779541688.785080,0,1,-13.335712,6.307173,3.925073,2.500000,0.074283
1779541688.794478,0,1,-13.353129,6.289239,3.930740,2.500000,0.074283
1779541688.804569,0,1,-13.370433,6.271196,3.936579,2.500000,0.074283
1779541688.814540,0,1,-13.387644,6.253063,3.942248,2.500000,0.074283
1779541688.824680,0,1,-13.404740,6.234823,3.948087,2.500000,0.074283
1779541688.834592,0,1,-13.421742,6.216494,3.953756,2.500000,0.074283
1779541688.844584,0,1,-13.438628,6.198058,3.959595,2.500000,0.074283
1779541688.854662,0,1,-13.455417,6.179535,3.965264,2.500000,0.074283
1779541688.865118,0,1,-13.472090,6.160907,3.971103,2.500000,0.051613
1779541688.874726,0,1,-13.488666,6.142192,3.976772,2.500000,0.051613
1779541688.884727,0,1,-13.505124,6.123374,3.982611,2.500000,0.051613
1779541688.895038,0,1,-13.521503,6.104486,3.987977,2.500000,0.049789
1779541688.905720,0,1,-13.537835,6.085559,3.992518,2.500000,0.049789
1779541688.914656,0,1,-13.554097,6.066570,3.996808,2.500000,0.048639
1779541688.924520,0,1,-13.570304,6.047535,4.000654,2.500000,0.048639
1779541688.934667,0,1,-13.586434,6.028436,4.004497,2.500000,0.048639
1779541688.945051,0,1,-13.602508,6.009288,4.008057,2.500000,0.047944
1779541688.954858,0,1,-13.618503,5.990075,4.011716,2.500000,0.047944
1779541688.964846,0,1,-13.634420,5.970839,4.015171,2.465646,0.051805
1779541688.974749,0,1,-13.650221,5.951584,4.018789,2.465646,0.051805
1779541688.984674,0,1,-13.665909,5.932349,4.022231,2.424672,0.057961
1779541688.994811,0,1,-13.681449,5.913135,4.025856,2.424672,0.057961
1779541689.004703,0,1,-13.696870,5.893951,4.029295,2.413793,0.066087
1779541689.014504,0,1,-13.712154,5.874774,4.032898,2.413793,0.066087
1779541689.024965,0,1,-13.727312,5.855639,4.036320,2.373391,0.074471
1779541689.034799,0,1,-13.742289,5.836526,4.040234,2.373391,0.074471
1779541689.044442,0,1,-13.757043,5.817419,4.045008,2.333750,0.083452
1779541689.054922,0,1,-13.771597,5.798351,4.050022,2.333750,0.083452
1779541689.064922,0,1,-13.785943,5.779294,4.055459,2.321760,0.093092
1779541689.074852,0,1,-13.800114,5.760258,4.060846,2.321760,0.097844
1779541689.084822,0,1,-13.814104,5.741210,4.066470,2.321760,0.097844
1779541689.094441,0,1,-13.827931,5.722178,4.071951,2.289950,0.104860
1779541689.104974,0,1,-13.841544,5.703138,4.077941,2.289950,0.104860
1779541689.114778,0,1,-13.854903,5.684077,4.084785,2.255308,0.109732
1779541689.124766,0,1,-13.868031,5.665028,4.091859,2.251163,0.112469
1779541689.134723,0,1,-13.880924,5.645961,4.099331,2.251163,0.112469
1779541689.144947,0,1,-13.893620,5.626879,4.106726,2.251163,0.117569
1779541689.154787,0,1,-13.906108,5.607752,4.114334,2.251163,0.117569
1779541689.164794,0,1,-13.918423,5.588588,4.121768,2.251163,0.119311
1779541689.174857,0,1,-13.930546,5.569363,4.129362,2.251163,0.121132
1779541689.184537,0,1,-13.942510,5.550086,4.136759,2.251163,0.121132
1779541689.194788,0,1,-13.954285,5.530754,4.144322,2.232342,0.122164
1779541689.204800,0,1,-13.965891,5.511389,4.151702,2.232342,0.122164
1779541689.214773,0,1,-13.977313,5.491971,4.159238,2.232342,0.122164
1779541689.224932,0,1,-13.988577,5.472506,4.166575,2.232342,0.124300
1779541689.234849,0,1,-13.999666,5.452976,4.174061,2.232342,0.124300
1779541689.244786,0,1,-14.010606,5.433393,4.181351,2.232342,0.124300
1779541689.254715,0,1,-14.021376,5.413739,4.188794,2.232342,0.124300
1779541689.264925,0,1,-14.032002,5.394025,4.196048,2.232342,0.124300
1779541689.274836,0,1,-14.042463,5.374239,4.203460,2.232342,0.124300
1779541689.284730,0,1,-14.052782,5.354391,4.210688,2.232342,0.124300
1779541689.295002,0,1,-14.062938,5.334469,4.218078,2.232342,0.124300
1779541689.304745,0,1,-14.072955,5.314485,4.225289,2.232342,0.124300
1779541689.314529,0,1,-14.082810,5.294427,4.232666,2.232342,0.124300
1779541689.324503,0,1,-14.092527,5.274307,4.239866,2.232342,0.124300
1779541689.335042,0,1,-14.102082,5.254114,4.247234,2.232342,0.124300
1779541689.344739,0,1,-14.111499,5.233860,4.254427,2.232342,0.124300
1779541689.354767,0,1,-14.120755,5.213534,4.261788,2.232342,0.124300
1779541689.364707,0,1,-14.129873,5.193148,4.268977,2.232342,0.124300
1779541689.374719,0,1,-14.138829,5.172692,4.276335,2.232342,0.124300
1779541689.384582,0,1,-14.147647,5.152178,4.283521,2.232342,0.124300
1779541689.394801,0,1,-14.156302,5.131596,4.290877,2.232342,0.150412
1779541689.404773,0,1,-14.164820,5.110958,4.298061,2.232342,0.150412
1779541689.414785,0,1,-14.173137,5.090273,4.305747,2.198334,0.172117
1779541689.424812,0,1,-14.181194,5.069580,4.314302,2.167897,0.176482
1779541689.434736,0,1,-14.189018,5.048906,4.323091,2.167897,0.176482
1779541689.444899,0,1,-14.196561,5.028245,4.332620,2.136275,0.184498
1779541689.454725,0,1,-14.203772,5.007626,4.343148,2.104338,0.189555
1779541689.464926,0,1,-14.210689,4.987067,4.353951,2.104338,0.189555
1779541689.474787,0,1,-14.217292,4.966566,4.365186,2.072273,0.195955
1779541689.484836,0,1,-14.223615,4.946139,4.376350,2.072273,0.195955
1779541689.494951,0,1,-14.229607,4.925779,4.388057,2.037878,0.200193
1779541689.504808,0,1,-14.235226,4.905502,4.400607,2.013824,0.200808
1779541689.514524,0,1,-14.240515,4.885314,4.413295,2.013824,0.200808
1779541689.524521,0,1,-14.245467,4.865181,4.426264,2.017165,0.200161
1779541689.534819,0,1,-14.250124,4.845087,4.439042,2.017204,0.200153
1779541689.545029,0,1,-14.254468,4.825012,4.451942,2.017204,0.200153
1779541689.554835,0,1,-14.258539,4.804938,4.464577,2.030293,0.196786
1779541689.564590,0,1,-14.262321,4.784827,4.477276,2.049954,0.192290
1779541689.575048,0,1,-14.265848,4.764667,4.489720,2.049954,0.192290
1779541689.584889,0,1,-14.269098,4.744456,4.502288,2.061209,0.190740
1779541689.594826,0,1,-14.272100,4.724200,4.514658,2.061209,0.190740
1779541689.604817,0,1,-14.274830,4.703895,4.527181,2.081216,0.184920
1779541689.614955,0,1,-14.277341,4.683545,4.539233,2.081216,0.184920
1779541689.625045,0,1,-14.279675,4.663157,4.550519,2.097254,0.182873
1779541689.635299,0,1,-14.281798,4.642723,4.561628,2.097254,0.182873
1779541689.644506,0,1,-14.283733,4.622245,4.572364,2.117247,0.176631
1779541689.654856,0,1,-14.285448,4.601720,4.583152,2.117247,0.176631
1779541689.664867,0,1,-14.286968,4.581146,4.593704,2.137221,0.172878
1779541689.674785,0,1,-14.288265,4.560522,4.604390,2.137221,0.172878
1779541689.684943,0,1,-14.289364,4.539847,4.614888,2.161178,0.167194
1779541689.694922,0,1,-14.290237,4.519115,4.625546,2.177242,0.166361
1779541689.704776,0,1,-14.290909,4.498326,4.636038,2.177242,0.166361
1779541689.714563,0,1,-14.291352,4.477481,4.646708,2.193231,0.162237
1779541689.725002,0,1,-14.291592,4.456581,4.657225,2.193231,0.162237
1779541689.734943,0,1,-14.291600,4.435627,4.667925,2.210469,0.155528
1779541689.744751,0,1,-14.291402,4.414619,4.678478,2.210469,0.155528
1779541689.754763,0,1,-14.290970,4.393562,4.689222,2.210469,0.155528
1779541689.764906,0,1,-14.290353,4.372460,4.699536,2.210469,0.155528
1779541689.775135,0,1,-14.289593,4.351316,4.709114,2.210469,0.155528
1779541689.785034,0,1,-14.288652,4.330134,4.718529,2.210469,0.155528
1779541689.794793,0,1,-14.287552,4.308916,4.727584,2.210469,0.155528
1779541689.804522,0,1,-14.286261,4.287669,4.736701,2.210469,0.155528
1779541689.814536,0,1,-14.284802,4.266393,4.745591,2.210469,0.155528
1779541689.825130,0,1,-14.283145,4.245095,4.754622,2.210469,0.155528
1779541689.834871,0,1,-14.281317,4.223775,4.763473,2.210469,0.155528
1779541689.844650,0,1,-14.279287,4.202440,4.772492,2.210469,0.155528
1779541689.855038,0,1,-14.277080,4.181062,4.781325,2.329956,0.121781
1779541689.865006,0,1,-14.274663,4.159616,4.790300,2.345343,0.123385
1779541689.875030,0,1,-14.272087,4.138099,4.798827,2.345343,0.123385
1779541689.884967,0,1,-14.269391,4.116507,4.806611,2.361228,0.120403
1779541689.895011,0,1,-14.266540,4.094847,4.814218,2.361228,0.120403
1779541689.904814,0,1,-14.263554,4.073115,4.821461,2.381229,0.116757
1779541689.914797,0,1,-14.260402,4.051313,4.828755,2.397223,0.115353
1779541689.924855,0,1,-14.257107,4.029438,4.835824,2.397223,0.115353
1779541689.934631,0,1,-14.253638,4.007498,4.843031,2.413285,0.113710
1779541689.944671,0,1,-14.250021,3.985489,4.850068,2.413285,0.113710
1779541689.955132,0,1,-14.246226,3.963417,4.857274,2.430342,0.114149
1779541689.964522,0,1,-14.242278,3.941280,4.864329,2.430342,0.114149
1779541689.974603,0,1,-14.238148,3.919084,4.871566,2.450345,0.115080
1779541689.984892,0,1,-14.233861,3.896820,4.878655,2.465282,0.116325
1779541689.995488,0,1,-14.229388,3.874497,4.885931,2.465282,0.116325
1779541690.004981,0,1,-14.224754,3.852111,4.893065,2.485181,0.117554
1779541690.015066,0,1,-14.219931,3.829667,4.900388,2.485181,0.117554
1779541690.024653,0,1,-14.214943,3.807164,4.907571,2.500000,0.119598
1779541690.034597,0,1,-14.209764,3.784609,4.914945,2.500000,0.120931
1779541690.044829,0,1,-14.204419,3.762002,4.922184,2.500000,0.120931
1779541690.054595,0,1,-14.198880,3.739355,4.929617,2.500000,0.121500
1779541690.064652,0,1,-14.193173,3.716667,4.936916,2.500000,0.121500
1779541690.074757,0,1,-14.187272,3.693950,4.944409,2.500000,0.121716
1779541690.084620,0,1,-14.181202,3.671202,4.951766,2.500000,0.121321
1779541690.095051,0,1,-14.174938,3.648435,4.959316,2.500000,0.121321
1779541690.104872,0,1,-14.168502,3.625647,4.966726,2.500000,0.121662
1779541690.114971,0,1,-14.161871,3.602850,4.974329,2.500000,0.121662
1779541690.124546,0,1,-14.155069,3.580041,4.981789,2.500000,0.120938
1779541690.134528,0,1,-14.148070,3.557232,4.989439,2.500000,0.120649
1779541690.144876,0,1,-14.140900,3.534420,4.996945,2.500000,0.120649
1779541690.154753,0,1,-14.133532,3.511616,5.004639,2.500000,0.118845
1779541690.164634,0,1,-14.125992,3.488817,5.012187,2.500000,0.118845
1779541690.174519,0,1,-14.118255,3.466034,5.019921,2.500000,0.118744
1779541690.185072,0,1,-14.110346,3.443263,5.027506,2.500000,0.118744
1779541690.194712,0,1,-14.102239,3.420517,5.035277,2.500000,0.117202
1779541690.204880,0,1,-14.093959,3.397790,5.042897,2.500000,0.116345
1779541690.214712,0,1,-14.085482,3.375094,5.050701,2.500000,0.116345
1779541690.225036,0,1,-14.076833,3.352424,5.058352,2.500000,0.113533
1779541690.235233,0,1,-14.067986,3.329793,5.066186,2.500000,0.113533
1779541690.244886,0,1,-14.058968,3.307194,5.073867,2.500000,0.113533
1779541690.254586,0,1,-14.049752,3.284640,5.081729,2.500000,0.113533
1779541690.265081,0,1,-14.040365,3.262125,5.089435,2.500000,0.113533
1779541690.274812,0,1,-14.030782,3.239661,5.097322,2.500000,0.113533
1779541690.284543,0,1,-14.021028,3.217240,5.105052,2.500000,0.113533
1779541690.294562,0,1,-14.011078,3.194877,5.112962,2.500000,0.113533
1779541690.305264,0,1,-14.000958,3.172564,5.120714,2.500000,0.113533
1779541690.314963,0,1,-13.990643,3.150313,5.128645,2.500000,0.113533
1779541690.324485,0,1,-13.980158,3.128117,5.136417,2.500000,0.084601
1779541690.334598,0,1,-13.969480,3.105990,5.144367,2.500000,0.084601
1779541690.344907,0,1,-13.958656,3.083911,5.151858,2.500000,0.086889
1779541690.354647,0,1,-13.947725,3.061862,5.158543,2.500000,0.086889
1779541690.364873,0,1,-13.936658,3.039861,5.164990,2.500000,0.081053
1779541690.374814,0,1,-13.925475,3.017899,5.171010,2.500000,0.078112
1779541690.384728,0,1,-13.914151,2.995991,5.177035,2.500000,0.078112
1779541690.395186,0,1,-13.902708,2.974126,5.182788,2.500000,0.072086
1779541690.405031,0,1,-13.891123,2.952318,5.188646,2.500000,0.072086
1779541690.414679,0,1,-13.879420,2.930557,5.194296,2.500000,0.069354
1779541690.425094,0,1,-13.867575,2.908857,5.200092,2.500000,0.069354
1779541690.434877,0,1,-13.855613,2.887207,5.205705,2.500000,0.068246
1779541690.444645,0,1,-13.843511,2.865620,5.211480,2.500000,0.067949
1779541690.454559,0,1,-13.831292,2.844085,5.217083,2.500000,0.067949
1779541690.465284,0,1,-13.818934,2.822617,5.222854,2.500000,0.067378
1779541690.474953,0,1,-13.806460,2.801203,5.228457,2.500000,0.067378
1779541690.485066,0,1,-13.793848,2.779858,5.234231,2.500000,0.066604
1779541690.494596,0,1,-13.781122,2.758569,5.239838,2.500000,0.066271
1779541690.505192,0,1,-13.768259,2.737352,5.245617,2.500000,0.066271
1779541690.514881,0,1,-13.755282,2.716194,5.251228,2.500000,0.065386
1779541690.524768,0,1,-13.742170,2.695109,5.257012,2.500000,0.065386
1779541690.534868,0,1,-13.728945,2.674086,5.262629,2.500000,0.064575
1779541690.545253,0,1,-13.715585,2.653138,5.268418,2.500000,0.064105
1779541690.555200,0,1,-13.702114,2.632254,5.274039,2.500000,0.064105
1779541690.564949,0,1,-13.688509,2.611447,5.279833,2.500000,0.063027
1779541690.574791,0,1,-13.674793,2.590706,5.285458,2.500000,0.062215
1779541690.584977,0,1,-13.660945,2.570045,5.291256,2.500000,0.062215
1779541690.595207,0,1,-13.647008,2.549437,5.296585,2.500000,0.060887
1779541690.605005,0,1,-13.633019,2.528856,5.301093,2.500000,0.060887
1779541690.614830,0,1,-13.618950,2.508324,5.305353,2.500000,0.059231
1779541690.625132,0,1,-13.604821,2.487827,5.309174,2.500000,0.059231
1779541690.634790,0,1,-13.590608,2.467382,5.312994,2.500000,0.057816
1779541690.644540,0,1,-13.576333,2.446974,5.316533,2.500000,0.057335
1779541690.654595,0,1,-13.561973,2.426621,5.320173,2.500000,0.057335
1779541690.664978,0,1,-13.547549,2.406307,5.323599,2.500000,0.059977
1779541690.674662,0,1,-13.533042,2.386047,5.327166,2.500000,0.059977
1779541690.684945,0,1,-13.518473,2.365828,5.330547,2.500000,0.064118
1779541690.694853,0,1,-13.503820,2.345664,5.334086,2.500000,0.064118
1779541690.705332,0,1,-13.489106,2.325541,5.337449,2.500000,0.069167
1779541690.714615,0,1,-13.474289,2.305489,5.341281,2.500000,0.069167
1779541690.724972,0,1,-13.459334,2.285536,5.345933,2.500000,0.074925
1779541690.734824,0,1,-13.444269,2.265662,5.350836,2.500000,0.074925
1779541690.745254,0,1,-13.429076,2.245882,5.356180,2.500000,0.074925
1779541690.754933,0,1,-13.413779,2.226179,5.361527,2.500000,0.074925
1779541690.764924,0,1,-13.398358,2.206569,5.367156,2.500000,0.074925
1779541690.774781,0,1,-13.382835,2.187037,5.372687,2.500000,0.074925
1779541690.785316,0,1,-13.367189,2.167599,5.378435,2.500000,0.074925
1779541690.794944,0,1,-13.351443,2.148240,5.384041,2.500000,0.074925
1779541690.804918,0,1,-13.335576,2.128978,5.389837,2.500000,0.074925
1779541690.815042,0,1,-13.319608,2.109796,5.395475,2.500000,0.074925
1779541690.824731,0,1,-13.303520,2.090712,5.401291,2.500000,0.074925
1779541690.834891,0,1,-13.287332,2.071710,5.406941,2.500000,0.078549
1779541690.844681,0,1,-13.271025,2.052808,5.412766,2.500000,0.086213
1779541690.854842,0,1,-13.254620,2.033989,5.418422,2.500000,0.086213
1779541690.865208,0,1,-13.238096,2.015272,5.424249,2.500000,0.086832
1779541690.875043,0,1,-13.221474,1.996640,5.429908,2.500000,0.086832
1779541690.884888,0,1,-13.204734,1.978111,5.435737,2.500000,0.084615
1779541690.894875,0,1,-13.187898,1.959668,5.441397,2.500000,0.084615
1779541690.904902,0,1,-13.170946,1.941330,5.447227,2.500000,0.084327
1779541690.914744,0,1,-13.153898,1.923080,5.452888,2.500000,0.082545
1779541690.924672,0,1,-13.136734,1.904936,5.458719,2.500000,0.082545
1779541690.934976,0,1,-13.119476,1.886881,5.464380,2.500000,0.081083
1779541690.944878,0,1,-13.102104,1.868933,5.470212,2.500000,0.081083
1779541690.954934,0,1,-13.084639,1.851076,5.475874,2.500000,0.080032
1779541690.965129,0,1,-13.067060,1.833327,5.481706,2.500000,0.080032
1779541690.975003,0,1,-13.049389,1.815670,5.487368,2.500000,0.078159
1779541690.985136,0,1,-13.031607,1.798123,5.493202,2.500000,0.078159
1779541690.994948,0,1,-13.013733,1.780669,5.498864,2.500000,0.076160
1779541691.004575,0,1,-12.995749,1.763327,5.504698,2.500000,0.075681
1779541691.015036,0,1,-12.977675,1.746078,5.510361,2.500000,0.075681
1779541691.025384,0,1,-12.959491,1.728942,5.516195,2.500000,0.073722
1779541691.034922,0,1,-12.941219,1.711901,5.521859,2.500000,0.073722
1779541691.044590,0,1,-12.922839,1.694975,5.527693,2.500000,0.071286
1779541691.054862,0,1,-12.904371,1.678144,5.533357,2.500000,0.070315
1779541691.065135,0,1,-12.885797,1.661429,5.539192,2.500000,0.070315
1779541691.074995,0,1,-12.867135,1.644811,5.544856,2.500000,0.067893
1779541691.084922,0,1,-12.848370,1.628310,5.550692,2.500000,0.067893
1779541691.094871,0,1,-12.829518,1.611906,5.556356,2.500000,0.065334
1779541691.104768,0,1,-12.810563,1.595622,5.562192,2.500000,0.064174
1779541691.114972,0,1,-12.791523,1.579435,5.567857,2.500000,0.064174
1779541691.124578,0,1,-12.772381,1.563369,5.573693,2.500000,0.061432
1779541691.134928,0,1,-12.753155,1.547402,5.579358,2.500000,0.059749
1779541691.144931,0,1,-12.733829,1.531556,5.585194,2.500000,0.059749
1779541691.154826,0,1,-12.714437,1.515791,5.590558,2.500000,0.056827
1779541691.164812,0,1,-12.695006,1.500073,5.595097,2.500000,0.056827
1779541691.174594,0,1,-12.675516,1.484428,5.599384,2.500000,0.053600
1779541691.185141,0,1,-12.655980,1.468839,5.603229,2.500000,0.052073
1779541691.194981,0,1,-12.636382,1.453327,5.607070,2.500000,0.052073
1779541691.204858,0,1,-12.616738,1.437874,5.610628,2.500000,0.049091
1779541691.214891,0,1,-12.597031,1.422501,5.614286,2.500000,0.049091
1779541691.224930,0,1,-12.577278,1.407187,5.617727,2.500000,0.049590
1779541691.234606,0,1,-12.557462,1.391953,5.621310,2.500000,0.049590
1779541691.244613,0,1,-12.537601,1.376778,5.624705,2.500000,0.049590
1779541691.254870,0,1,-12.517679,1.361683,5.628258,2.500000,0.049590
1779541691.264805,0,1,-12.497711,1.346648,5.631634,2.500000,0.049590
1779541691.274677,0,1,-12.477683,1.331693,5.635176,2.500000,0.049590
1779541691.284723,0,1,-12.457611,1.316797,5.638544,2.500000,0.049590
1779541691.294649,0,1,-12.437479,1.301981,5.642082,2.500000,0.049590
1779541691.304837,0,1,-12.417303,1.287225,5.645448,2.500000,0.049590
1779541691.315099,0,1,-12.397068,1.272550,5.648985,2.500000,0.049590
1779541691.324559,0,1,-12.376790,1.257934,5.652351,2.500000,0.061629
1779541691.334549,0,1,-12.356454,1.243399,5.655887,2.500000,0.061629
1779541691.345047,0,1,-12.336075,1.228923,5.659253,2.500000,0.069315
1779541691.354709,0,1,-12.315638,1.214529,5.662789,2.500000,0.071212
1779541691.364936,0,1,-12.295159,1.200194,5.666155,2.500000,0.071212
1779541691.374894,0,1,-12.274609,1.185963,5.669993,2.500000,0.074963
1779541691.385063,0,1,-12.253962,1.171871,5.674657,2.500000,0.074963
1779541691.395068,0,1,-12.233239,1.157891,5.679572,2.500000,0.078404
1779541691.404859,0,1,-12.212428,1.144043,5.684930,2.500000,0.080519
1779541691.414560,0,1,-12.191545,1.130303,5.690292,2.500000,0.080519
1779541691.425252,0,1,-12.170576,1.116694,5.695937,2.500000,0.083448
1779541691.434574,0,1,-12.149538,1.103192,5.701483,2.500000,0.083449
1779541691.444901,0,1,-12.128416,1.089822,5.707245,2.500000,0.083449
1779541691.454858,0,1,-12.107226,1.076559,5.712866,2.500000,0.081597
1779541691.464937,0,1,-12.085954,1.063429,5.718676,2.500000,0.081597
1779541691.474928,0,1,-12.064614,1.050409,5.724326,2.500000,0.078361
1779541691.484744,0,1,-12.043194,1.037522,5.730155,2.500000,0.076964
1779541691.494807,0,1,-12.021707,1.024745,5.735817,2.500000,0.076964
1779541691.505148,0,1,-12.000140,1.012104,5.741653,2.500000,0.072735
1779541691.514941,0,1,-11.978508,0.999574,5.747319,2.500000,0.070367
1779541691.524941,0,1,-11.956798,0.987180,5.753157,2.500000,0.070367
1779541691.534879,0,1,-11.935024,0.974899,5.758825,2.500000,0.066618
1779541691.545074,0,1,-11.913173,0.962755,5.764664,2.500000,0.066618
1779541691.554940,0,1,-11.891259,0.950725,5.770332,2.500000,0.061898
1779541691.564857,0,1,-11.869271,0.938833,5.776171,2.500000,0.061898
1779541691.574875,0,1,-11.847232,0.927032,5.781537,2.500000,0.055996
1779541691.584972,0,1,-11.825165,0.915285,5.786078,2.500000,0.055996
1779541691.594838,0,1,-11.803053,0.903622,5.790367,2.500000,0.055996
1779541691.604942,0,1,-11.780909,0.892021,5.794214,2.500000,0.050453
1779541691.614982,0,1,-11.758718,0.880510,5.798057,2.500000,0.050453
1779541691.624733,0,1,-11.736493,0.869064,5.801617,2.500000,0.042234
1779541691.634847,0,1,-11.714221,0.857709,5.805276,2.500000,0.042234
1779541691.644996,0,1,-11.691916,0.846421,5.808718,2.500000,0.042234
1779541691.654758,0,1,-11.669564,0.835223,5.812302,2.500000,0.039999
1779541691.665215,0,1,-11.647180,0.824092,5.815697,2.500000,0.039999
1779541691.674883,0,1,-11.624750,0.813052,5.819252,2.500000,0.039999
1779541691.684910,0,1,-11.602288,0.802079,5.822628,2.500000,0.040046
1779541691.694817,0,1,-11.579782,0.791196,5.826171,2.500000,0.040277
1779541691.705192,0,1,-11.557243,0.780379,5.829540,2.500000,0.040277
1779541691.714863,0,1,-11.534662,0.769653,5.833079,2.500000,0.040660
1779541691.724923,0,1,-11.512049,0.758994,5.836446,2.500000,0.041199
1779541691.735067,0,1,-11.489393,0.748425,5.839983,2.500000,0.041199
1779541691.745283,0,1,-11.466706,0.737923,5.843349,2.500000,0.041199
1779541691.755075,0,1,-11.443978,0.727512,5.846886,2.500000,0.041199
1779541691.764628,0,1,-11.421219,0.717167,5.850252,2.500000,0.041199
1779541691.774880,0,1,-11.398419,0.706913,5.853789,2.500000,0.041199
1779541691.784758,0,1,-11.375589,0.696726,5.857155,2.500000,0.041199
1779541691.795157,0,1,-11.352719,0.686630,5.860692,2.500000,0.041199
1779541691.805000,0,1,-11.329819,0.676601,5.864059,2.500000,0.041199
1779541691.814623,0,1,-11.306879,0.666663,5.867596,2.500000,0.041199
1779541691.824766,0,1,-11.283911,0.656793,5.870962,2.500000,0.041199
1779541691.834618,0,1,-11.260903,0.647014,5.874499,2.500000,0.041199
1779541691.844775,0,1,-11.237867,0.637302,5.877866,2.500000,0.041453
1779541691.854615,0,1,-11.214792,0.627682,5.881403,2.500000,0.042161
1779541691.864809,0,1,-11.191689,0.618130,5.884770,2.500000,0.042161
1779541691.875396,0,1,-11.168549,0.608670,5.888307,2.500000,0.041922
1779541691.885023,0,1,-11.145380,0.599277,5.891674,2.500000,0.041922
1779541691.894821,0,1,-11.122175,0.589977,5.895211,2.500000,0.041687
1779541691.905143,0,1,-11.098942,0.580744,5.898577,2.500000,0.041687
1779541691.915139,0,1,-11.075673,0.571605,5.902115,2.500000,0.041219
1779541691.924977,0,1,-11.052377,0.562533,5.905481,2.500000,0.040916
1779541691.934997,0,1,-11.029046,0.553554,5.909019,2.500000,0.040916
1779541691.945127,0,1,-11.005688,0.544643,5.912386,2.500000,0.040243
1779541691.955146,0,1,-10.982295,0.535826,5.915923,2.500000,0.040243
1779541691.965029,0,1,-10.958876,0.527076,5.919290,2.500000,0.039601
1779541691.974871,0,1,-10.935422,0.518420,5.922827,2.500000,0.039601
1779541691.985155,0,1,-10.911944,0.509833,5.926194,2.500000,0.039276
1779541691.994892,0,1,-10.888431,0.501339,5.929731,2.500000,0.038433
1779541692.005024,0,1,-10.864894,0.492914,5.933098,2.500000,0.038433
1779541692.015146,0,1,-10.841323,0.484583,5.936635,2.500000,0.037405
1779541692.024868,0,1,-10.817728,0.476320,5.940002,2.500000,0.037405
1779541692.034670,0,1,-10.794100,0.468152,5.943539,2.500000,0.036215
1779541692.044584,0,1,-10.770448,0.460053,5.946906,2.500000,0.035453
1779541692.054563,0,1,-10.746765,0.452048,5.950443,2.500000,0.035453
1779541692.064951,0,1,-10.723058,0.444112,5.953810,2.500000,0.034086
1779541692.075127,0,1,-10.699319,0.436271,5.957347,2.500000,0.034086
1779541692.084581,0,1,-10.675558,0.428499,5.960714,2.500000,0.032657
1779541692.094710,0,1,-10.651766,0.420822,5.964251,2.500000,0.031906
1779541692.104717,0,1,-10.627952,0.413214,5.967618,2.500000,0.031906
1779541692.114690,0,1,-10.604108,0.405701,5.971155,2.500000,0.030119
1779541692.124724,0,1,-10.580245,0.398246,5.974371,2.500000,0.028333
1779541692.134515,0,1,-10.556372,0.390827,5.977109,2.500000,0.028333
1779541692.145099,0,1,-10.532496,0.383415,5.979137,2.500000,0.026987
1779541692.154908,0,1,-10.508608,0.376040,5.980989,2.500000,0.026987
1779541692.164914,0,1,-10.484717,0.368679,5.982447,2.500000,0.025156
1779541692.174875,0,1,-10.460812,0.361360,5.983932,2.500000,0.024275
1779541692.185170,0,1,-10.436903,0.354057,5.985154,2.500000,0.024275
1779541692.194818,0,1,-10.412980,0.346796,5.986489,2.500000,0.025322
1779541692.205295,0,1,-10.389053,0.339552,5.987616,2.500000,0.025322
1779541692.214998,0,1,-10.365113,0.332350,5.988889,2.500000,0.028707
1779541692.224711,0,1,-10.341168,0.325165,5.989977,2.500000,0.028707
1779541692.234714,0,1,-10.317210,0.318021,5.991227,2.500000,0.032955
1779541692.244870,0,1,-10.293248,0.310893,5.992300,2.500000,0.032955
1779541692.254654,0,1,-10.269266,0.303831,5.993842,2.500000,0.032955
1779541692.264760,0,1,-10.245253,0.296877,5.996207,2.500000,0.032955
1779541692.275070,0,1,-10.221217,0.289999,5.998823,2.500000,0.032955
1779541692.284795,0,1,-10.197154,0.283219,6.001880,2.500000,0.032955
1779541692.294613,0,1,-10.173072,0.276509,6.004942,2.500000,0.032955
1779541692.304803,0,1,-10.148963,0.269893,6.008285,2.500000,0.032955
1779541692.315189,0,1,-10.124835,0.263347,6.011530,2.500000,0.032955
1779541692.324697,0,1,-10.100682,0.256895,6.014991,2.500000,0.032955
1779541692.334580,0,1,-10.076511,0.250511,6.018311,2.500000,0.032955
1779541692.345024,0,1,-10.052315,0.244223,6.021819,2.500000,0.043729
1779541692.354856,0,1,-10.028101,0.238003,6.025169,2.500000,0.043729
1779541692.364562,0,1,-10.003863,0.231879,6.028696,2.500000,0.047711
1779541692.374812,0,1,-9.979607,0.225825,6.032057,2.500000,0.047711
1779541692.384939,0,1,-9.955327,0.219867,6.035591,2.500000,0.045768
1779541692.394838,0,1,-9.931031,0.213979,6.038957,2.500000,0.045768
1779541692.404575,0,1,-9.906711,0.208187,6.042494,2.500000,0.042981
1779541692.414568,0,1,-9.882374,0.202466,6.045861,2.500000,0.042981
1779541692.425286,0,1,-9.858015,0.196842,6.049398,2.500000,0.040187
1779541692.434923,0,1,-9.833640,0.191288,6.052766,2.500000,0.040187
1779541692.444904,0,1,-9.809243,0.185831,6.056303,2.500000,0.037281
1779541692.454838,0,1,-9.784830,0.180446,6.059671,2.500000,0.037281
1779541692.465276,0,1,-9.760396,0.175157,6.063208,2.500000,0.034107
1779541692.474673,0,1,-9.735946,0.169940,6.066575,2.500000,0.032428
1779541692.484654,0,1,-9.711476,0.164820,6.070113,2.500000,0.032428
1779541692.494853,0,1,-9.686991,0.159771,6.073480,2.500000,0.028918
1779541692.505150,0,1,-9.662486,0.154821,6.077018,2.500000,0.027247
1779541692.514889,0,1,-9.637972,0.149916,6.080083,2.500000,0.027247
1779541692.524807,0,1,-9.613457,0.145014,6.082322,2.500000,0.023458
1779541692.534873,0,1,-9.588935,0.140149,6.084310,2.500000,0.023458
1779541692.544744,0,1,-9.564411,0.135297,6.085855,2.500000,0.021250
1779541692.554592,0,1,-9.539878,0.130488,6.087397,2.500000,0.017191
1779541692.564595,0,1,-9.515341,0.125695,6.088655,2.500000,0.017191
1779541692.574720,0,1,-9.490797,0.120945,6.090013,2.500000,0.015519
1779541692.585368,0,1,-9.466249,0.116212,6.091154,2.500000,0.015520
1779541692.595305,0,1,-9.441693,0.111523,6.092437,2.500000,0.015520
1779541692.605049,0,1,-9.417133,0.106850,6.093531,2.500000,0.017357
1779541692.614955,0,1,-9.392565,0.102221,6.094784,2.500000,0.017357
1779541692.624965,0,1,-9.367995,0.097608,6.095859,2.500000,0.019647
1779541692.634732,0,1,-9.343416,0.093037,6.097100,2.500000,0.019647
1779541692.645087,0,1,-9.318835,0.088483,6.098168,2.500000,0.022283
1779541692.654792,0,1,-9.294245,0.083970,6.099406,2.500000,0.022283
1779541692.665343,0,1,-9.269653,0.079474,6.100471,2.500000,0.025060
1779541692.675050,0,1,-9.245053,0.075019,6.101707,2.500000,0.025060
1779541692.685042,0,1,-9.220450,0.070580,6.102772,2.500000,0.027896
1779541692.694767,0,1,-9.195840,0.066182,6.104008,2.500000,0.027896
1779541692.705368,0,1,-9.171227,0.061800,6.105072,2.500000,0.030783
1779541692.714633,0,1,-9.146607,0.057460,6.106308,2.500000,0.030783
1779541692.725092,0,1,-9.121984,0.053135,6.107373,2.500000,0.032463
1779541692.735132,0,1,-9.097353,0.048852,6.108608,2.500000,0.032463
1779541692.745481,0,1,-9.072720,0.044584,6.109673,2.500000,0.032463
1779541692.754600,0,1,-9.048076,0.040383,6.111211,2.500000,0.032463
1779541692.764669,0,1,-9.023413,0.036292,6.113574,2.500000,0.032463
1779541692.774623,0,1,-8.998737,0.032278,6.116189,2.500000,0.032463
1779541692.785188,0,1,-8.974046,0.028364,6.119246,2.500000,0.032463
1779541692.795414,0,1,-8.949343,0.024522,6.122308,2.500000,0.032463
1779541692.805140,0,1,-8.924625,0.020777,6.125652,2.500000,0.032463
1779541692.814881,0,1,-8.899896,0.017101,6.128897,2.500000,0.032463
1779541692.825353,0,1,-8.875154,0.013523,6.132359,2.500000,0.032463
1779541692.835119,0,1,-8.850401,0.010015,6.135679,2.500000,0.036519
1779541692.845013,0,1,-8.825635,0.006603,6.139188,2.500000,0.036519
1779541692.854919,0,1,-8.800859,0.003263,6.142537,2.500000,0.039733
1779541692.865323,0,1,-8.776071,0.000020,6.146065,2.500000,0.039733
1779541692.875142,0,1,-8.751273,-0.003152,6.149426,2.500000,0.034931
1779541692.885028,0,1,-8.726462,-0.006226,6.152961,2.500000,0.032992
1779541692.895026,0,1,-8.701643,-0.009228,6.156326,2.500000,0.032992
1779541692.904897,0,1,-8.676813,-0.012132,6.159863,2.500000,0.027880
1779541692.914786,0,1,-8.651973,-0.014964,6.163230,2.500000,0.027880
1779541692.924919,0,1,-8.627123,-0.017697,6.166768,2.500000,0.027880
1779541692.935019,0,1,-8.602268,-0.020384,6.169834,2.500000,0.019995
1779541692.945265,0,1,-8.577413,-0.023068,6.172073,2.500000,0.019995
1779541692.954936,0,1,-8.552553,-0.025715,6.174062,2.500000,0.014514
1779541692.965113,0,1,-8.527692,-0.028348,6.175607,2.500000,0.014514
1779541692.975026,0,1,-8.502827,-0.030939,6.177149,2.500000,0.008771
1779541692.985210,0,1,-8.477960,-0.033513,6.178408,2.500000,0.008771
1779541692.995152,0,1,-8.453088,-0.036043,6.179765,2.500000,0.005345
1779541693.004641,0,1,-8.428215,-0.038556,6.180907,2.500000,0.005345
1779541693.014687,0,1,-8.403337,-0.041026,6.182190,2.500000,0.004618
1779541693.025335,0,1,-8.378458,-0.043478,6.183284,2.500000,0.004618
1779541693.034937,0,1,-8.353574,-0.045886,6.184537,2.500000,0.004618
1779541693.044681,0,1,-8.328689,-0.048279,6.185612,2.500000,0.005332
1779541693.054956,0,1,-8.303799,-0.050628,6.186854,2.500000,0.005332
1779541693.065268,0,1,-8.278908,-0.052961,6.187922,2.500000,0.005332
1779541693.075135,0,1,-8.254013,-0.055251,6.189159,2.500000,0.006696
1779541693.084847,0,1,-8.229117,-0.057525,6.190225,2.500000,0.006696
1779541693.094936,0,1,-8.204217,-0.059757,6.191461,2.500000,0.007421
1779541693.105306,0,1,-8.179315,-0.061973,6.192526,2.500000,0.007421
1779541693.114963,0,1,-8.154410,-0.064147,6.193761,2.500000,0.007421
1779541693.124889,0,1,-8.129503,-0.066305,6.194826,2.500000,0.008712
1779541693.135029,0,1,-8.104593,-0.068421,6.196061,2.500000,0.008712
1779541693.145176,0,1,-8.079681,-0.070521,6.197126,2.500000,0.009258
1779541693.155166,0,1,-8.054766,-0.072580,6.198362,2.500000,0.009258
1779541693.165076,0,1,-8.029850,-0.074623,6.199427,2.500000,0.010160
1779541693.174766,0,1,-8.004930,-0.076623,6.200663,2.500000,0.010160
1779541693.185366,0,1,-7.980009,-0.078609,6.201728,2.500000,0.010945
1779541693.194972,0,1,-7.955085,-0.080552,6.202964,2.500000,0.010945
1779541693.205160,0,1,-7.930159,-0.082480,6.204029,2.500000,0.011525
1779541693.214978,0,1,-7.905230,-0.084366,6.205265,2.500000,0.012547
1779541693.225331,0,1,-7.880300,-0.086237,6.206330,2.500000,0.012547
1779541693.235412,0,1,-7.855367,-0.088065,6.207566,2.500000,0.012547
1779541693.245082,0,1,-7.830433,-0.089878,6.208631,2.500000,0.012547
1779541693.255125,0,1,-7.805496,-0.091650,6.209867,2.500000,0.012547
1779541693.265433,0,1,-7.780558,-0.093405,6.210933,2.500000,0.012547
1779541693.275099,0,1,-7.755617,-0.095119,6.212169,2.500000,0.012547
1779541693.285125,0,1,-7.730674,-0.096817,6.213234,2.500000,0.012547
1779541693.295040,0,1,-7.705729,-0.098474,6.214470,2.500000,0.012547
1779541693.305123,0,1,-7.680783,-0.100114,6.215535,2.500000,0.012547
1779541693.315122,0,1,-7.655834,-0.101713,6.216771,2.500000,0.012547
1779541693.324909,0,1,-7.630885,-0.103297,6.217837,2.500000,0.012547
1779541693.334890,0,1,-7.605932,-0.104838,6.219073,2.500000,0.017544
1779541693.344789,0,1,-7.580979,-0.106364,6.220138,2.500000,0.017544
1779541693.354968,0,1,-7.556023,-0.107848,6.221374,2.500000,0.018349
1779541693.364916,0,1,-7.531066,-0.109317,6.222439,2.500000,0.018349
1779541693.374953,0,1,-7.506107,-0.110743,6.223675,2.500000,0.019149
1779541693.385003,0,1,-7.481147,-0.112155,6.224741,2.500000,0.019149
1779541693.394898,0,1,-7.456184,-0.113524,6.225977,2.500000,0.019816
1779541693.404882,0,1,-7.431221,-0.114877,6.227042,2.500000,0.020118
1779541693.414973,0,1,-7.406255,-0.116189,6.228278,2.500000,0.020118
1779541693.425065,0,1,-7.381289,-0.117485,6.229344,2.500000,0.020806
1779541693.435025,0,1,-7.356320,-0.118740,6.230580,2.500000,0.020806
1779541693.444710,0,1,-7.331351,-0.119978,6.231645,2.500000,0.021289
1779541693.454949,0,1,-7.306380,-0.121175,6.232881,2.500000,0.021871
1779541693.464994,0,1,-7.281408,-0.122356,6.233946,2.500000,0.021871
1779541693.474885,0,1,-7.256434,-0.123496,6.235182,2.500000,0.022614
1779541693.485022,0,1,-7.231459,-0.124620,6.236248,2.500000,0.022614
1779541693.494724,0,1,-7.206482,-0.125701,6.237484,2.500000,0.023167
1779541693.505127,0,1,-7.181505,-0.126768,6.238549,2.500000,0.023167
1779541693.514891,0,1,-7.156526,-0.127792,6.239785,2.500000,0.023652
1779541693.524914,0,1,-7.131547,-0.128801,6.240850,2.500000,0.023965
1779541693.535149,0,1,-7.106565,-0.129768,6.242086,2.500000,0.023965
1779541693.544996,0,1,-7.081583,-0.130719,6.243152,2.500000,0.024477
1779541693.554977,0,1,-7.056600,-0.131628,6.244388,2.500000,0.024477
1779541693.564983,0,1,-7.031616,-0.132522,6.245453,2.500000,0.024799
1779541693.575199,0,1,-7.006630,-0.133374,6.246689,2.500000,0.025352
1779541693.584657,0,1,-6.981644,-0.134211,6.247755,2.500000,0.025352
1779541693.594743,0,1,-6.956657,-0.135005,6.248991,2.500000,0.025798
1779541693.604805,0,1,-6.931669,-0.135784,6.250056,2.500000,0.025798
1779541693.615022,0,1,-6.906680,-0.136521,6.251292,2.500000,0.026060
1779541693.624843,0,1,-6.881690,-0.137242,6.252357,2.500000,0.026060
1779541693.634838,0,1,-6.856700,-0.137921,6.253593,2.500000,0.026642
1779541693.644782,0,1,-6.831709,-0.138585,6.254659,2.500000,0.026830
1779541693.654962,0,1,-6.806716,-0.139207,6.255895,2.500000,0.026830
1779541693.664955,0,1,-6.781724,-0.139814,6.256960,2.500000,0.027217
1779541693.675052,0,1,-6.756730,-0.140378,6.258196,2.500000,0.027217
1779541693.684777,0,1,-6.731736,-0.140927,6.259261,2.500000,0.027545
1779541693.694817,0,1,-6.706741,-0.141433,6.260497,2.500000,0.027545
1779541693.705167,0,1,-6.681746,-0.141925,6.261563,2.500000,0.027555
1779541693.715095,0,1,-6.656750,-0.142374,6.262799,2.500000,0.027555
1779541693.725028,0,1,-6.631754,-0.142808,6.263864,2.500000,0.027813
1779541693.734834,0,1,-6.606757,-0.143199,6.265100,2.500000,0.027813
1779541693.744740,0,1,-6.581760,-0.143576,6.266166,2.500000,0.027813
1779541693.754667,0,1,-6.556762,-0.143910,6.267402,2.500000,0.027813
1779541693.765269,0,1,-6.531764,-0.144229,6.268467,2.500000,0.027813
1779541693.774926,0,1,-6.506766,-0.144505,6.269703,2.500000,0.027813
1779541693.785171,0,1,-6.481767,-0.144767,6.270768,2.500000,0.027813
1779541693.795088,0,1,-6.456768,-0.144986,6.272004,2.500000,0.027813
1779541693.805039,0,1,-6.431769,-0.145189,6.273070,2.500000,0.027813
1779541693.814675,0,1,-6.406769,-0.145351,6.274306,2.500000,0.027813
1779541693.825046,0,1,-6.381770,-0.145497,6.275371,2.500000,0.027813
1779541693.834831,0,1,-6.356770,-0.145601,6.276607,2.500000,0.027813
1779541693.845011,0,1,-6.331770,-0.145690,6.277672,2.500000,0.023066
1779541693.855005,0,1,-6.306770,-0.145736,6.278908,2.500000,0.029125
1779541693.864673,0,1,-6.281770,-0.145767,6.279974,2.500000,0.029125
1779541693.874989,0,1,-6.256770,-0.145756,6.281210,2.500000,0.028873
1779541693.884821,0,1,-6.231770,-0.145730,6.282275,2.500000,0.028873
1779541693.895033,0,1,-6.206770,-0.145661,0.000326,2.500000,0.029300
1779541693.904670,0,1,-6.181770,-0.145577,0.001391,2.500000,0.028932
1779541693.914603,0,1,-6.156771,-0.145451,0.002627,2.500000,0.028932
1779541693.924943,0,1,-6.131771,-0.145310,0.003693,2.500000,0.028299
1779541693.934795,0,1,-6.106772,-0.145126,0.004929,2.500000,0.028299
1779541693.944700,0,1,-6.081773,-0.144927,0.005994,2.500000,0.028378
1779541693.954717,0,1,-6.056774,-0.144686,0.007230,2.500000,0.028389
1779541693.965846,0,1,-6.031775,-0.144429,0.008295,2.500000,0.028389
1779541693.975080,0,1,-6.006777,-0.144131,0.009531,2.500000,0.028389
1779541693.984805,0,1,-5.981779,-0.143817,0.010597,2.500000,0.027748
1779541693.995244,0,1,-5.956781,-0.143460,0.011833,2.500000,0.027748
1779541694.004856,0,1,-5.931784,-0.143089,0.012898,2.500000,0.026431
1779541694.015420,0,1,-5.906788,-0.142675,0.014134,2.500000,0.026431
1779541694.024961,0,1,-5.881791,-0.142246,0.015200,2.500000,0.026593
1779541694.035032,0,1,-5.856796,-0.141774,0.016436,2.500000,0.026593
1779541694.044646,0,1,-5.831800,-0.141288,0.017501,2.500000,0.026063
1779541694.055094,0,1,-5.806806,-0.140759,0.018737,2.500000,0.026063
1779541694.064998,0,1,-5.781812,-0.140215,0.019802,2.500000,0.025845
1779541694.074698,0,1,-5.756819,-0.139628,0.021038,2.500000,0.025845
1779541694.085104,0,1,-5.731826,-0.139027,0.022104,2.500000,0.024860
1779541694.095142,0,1,-5.706834,-0.138383,0.023340,2.500000,0.024952
1779541694.105067,0,1,-5.681843,-0.137724,0.024405,2.500000,0.024952
1779541694.114577,0,1,-5.656853,-0.137022,0.025641,2.500000,0.024203
1779541694.124612,0,1,-5.631863,-0.136306,0.026706,2.500000,0.024203
1779541694.134742,0,1,-5.606875,-0.135547,0.027942,2.500000,0.023268
1779541694.144985,0,1,-5.581887,-0.134772,0.029008,2.500000,0.023268
1779541694.154725,0,1,-5.556900,-0.133956,0.030244,2.500000,0.022243
1779541694.164713,0,1,-5.531914,-0.133124,0.031309,2.500000,0.021979
1779541694.174631,0,1,-5.506929,-0.132250,0.032545,2.500000,0.021979
1779541694.184747,0,1,-5.481945,-0.131361,0.033611,2.500000,0.021979
1779541694.194955,0,1,-5.456962,-0.130430,0.034847,2.500000,0.019942
1779541694.204561,0,1,-5.431980,-0.129483,0.035912,2.500000,0.019875
1779541694.214975,0,1,-5.407000,-0.128494,0.037148,2.500000,0.019875
1779541694.225105,0,1,-5.382020,-0.127490,0.038213,2.500000,0.018457
1779541694.234770,0,1,-5.357042,-0.126444,0.039449,2.500000,0.018457
1779541694.244987,0,1,-5.332064,-0.125382,0.040515,2.500000,0.018457
1779541694.254875,0,1,-5.307089,-0.124278,0.041751,2.500000,0.018457
1779541694.264667,0,1,-5.282114,-0.123159,0.042816,2.500000,0.018457
1779541694.274516,0,1,-5.257141,-0.121997,0.044052,2.500000,0.018457
1779541694.284912,0,1,-5.232169,-0.120821,0.045117,2.500000,0.018457
1779541694.295015,0,1,-5.207198,-0.119602,0.046353,2.500000,0.018457
1779541694.305003,0,1,-5.182229,-0.118368,0.047419,2.500000,0.018457
1779541694.314503,0,1,-5.157261,-0.117092,0.048655,2.500000,0.018457
1779541694.324591,0,1,-5.132295,-0.115800,0.049720,2.500000,0.018457
1779541694.334589,0,1,-5.107330,-0.114466,0.050956,2.500000,0.018457
1779541694.345075,0,1,-5.082367,-0.113117,0.052022,2.500000,0.008541
1779541694.354618,0,1,-5.057406,-0.111726,0.053258,2.500000,0.008541
1779541694.365071,0,1,-5.032445,-0.110320,0.054323,2.500000,0.008195
1779541694.374937,0,1,-5.007487,-0.108871,0.055559,2.500000,0.008195
1779541694.385052,0,1,-4.982530,-0.107407,0.056624,2.500000,0.006490
1779541694.394918,0,1,-4.957576,-0.105901,0.057860,2.500000,0.006490
1779541694.404672,0,1,-4.932622,-0.104380,0.058926,2.500000,0.004570
1779541694.414945,0,1,-4.907671,-0.102816,0.060162,2.500000,0.003712
1779541694.425064,0,1,-4.882721,-0.101237,0.061227,2.500000,0.003712
1779541694.434725,0,1,-4.857773,-0.099617,0.062463,2.500000,0.001644
1779541694.444692,0,1,-4.832827,-0.097980,0.063528,2.500000,0.001644
1779541694.455010,0,1,-4.807883,-0.096302,0.064764,2.500000,-0.000417
1779541694.465018,0,1,-4.782941,-0.094608,0.065830,2.500000,-0.000417
1779541694.474762,0,1,-4.758001,-0.092873,0.067066,2.500000,-0.002716
1779541694.484646,0,1,-4.733061,-0.091147,0.067829,2.500000,-0.004968
1779541694.494816,0,1,-4.708117,-0.089476,0.067767,2.500000,-0.004968
1779541694.505021,0,1,-4.683171,-0.087825,0.067454,2.500000,-0.006702
1779541694.514887,0,1,-4.658223,-0.086218,0.066698,2.500000,-0.006702
1779541694.524878,0,1,-4.633274,-0.084626,0.065937,2.500000,-0.008740
1779541694.534639,0,1,-4.608322,-0.083074,0.064894,2.500000,-0.009646
1779541694.544689,0,1,-4.583369,-0.081535,0.063951,2.500000,-0.009646
1779541694.554609,0,1,-4.558414,-0.080036,0.062790,2.500000,-0.008027
1779541694.564874,0,1,-4.533458,-0.078551,0.061772,2.500000,-0.008027
1779541694.574631,0,1,-4.508500,-0.077106,0.060564,2.500000,-0.004500
1779541694.584646,0,1,-4.483541,-0.075675,0.059516,2.500000,-0.002365
1779541694.594525,0,1,-4.458580,-0.074285,0.058290,2.500000,-0.002365
1779541694.604976,0,1,-4.433618,-0.072909,0.057230,2.500000,0.002231
1779541694.614687,0,1,-4.408654,-0.071574,0.055996,2.500000,0.004505
1779541694.625009,0,1,-4.383690,-0.070228,0.055234,2.500000,0.004505
1779541694.634764,0,1,-4.358729,-0.068827,0.055296,2.500000,0.009428
1779541694.644897,0,1,-4.333770,-0.067405,0.055610,2.500000,0.009428
1779541694.655071,0,1,-4.308813,-0.065940,0.056366,2.500000,0.014768
1779541694.664630,0,1,-4.283856,-0.064459,0.057125,2.500000,0.014768
1779541694.674948,0,1,-4.258903,-0.062937,0.058168,2.500000,0.019272
1779541694.684853,0,1,-4.233950,-0.061402,0.059111,2.500000,0.020383
1779541694.694999,0,1,-4.209000,-0.059827,0.060271,2.500000,0.020383
1779541694.704776,0,1,-4.184050,-0.058238,0.061289,2.500000,0.020383
1779541694.714740,0,1,-4.159103,-0.056609,0.062496,2.500000,0.020383
1779541694.724971,0,1,-4.134157,-0.054966,0.063544,2.500000,0.019007
1779541694.735091,0,1,-4.109214,-0.053282,0.064770,2.500000,0.019007
1779541694.745006,0,1,-4.084272,-0.051584,0.065830,2.500000,0.019007
1779541694.754945,0,1,-4.059332,-0.049845,0.067063,2.500000,0.019007
1779541694.764556,0,1,-4.034394,-0.048091,0.068127,2.500000,0.019007
1779541694.775120,0,1,-4.009459,-0.046295,0.069363,2.500000,0.019007
1779541694.784960,0,1,-3.984524,-0.044485,0.070428,2.500000,0.019007
1779541694.794618,0,1,-3.959593,-0.042633,0.071665,2.500000,0.019007
1779541694.804609,0,1,-3.934663,-0.040766,0.072731,2.500000,0.019007
1779541694.814765,0,1,-3.909736,-0.038857,0.073967,2.500000,0.019007
1779541694.824857,0,1,-3.884810,-0.036933,0.075033,2.500000,0.019007
1779541694.834561,0,1,-3.859887,-0.034967,0.076269,2.500000,0.019007
1779541694.844559,0,1,-3.834966,-0.032986,0.077335,2.500000,0.004149
1779541694.854719,0,1,-3.810048,-0.030963,0.078571,2.500000,0.004149
1779541694.864964,0,1,-3.785131,-0.028925,0.079637,2.500000,0.003331
1779541694.874923,0,1,-3.760218,-0.026845,0.080873,2.500000,0.003331
1779541694.885069,0,1,-3.735306,-0.024750,0.081939,2.500000,0.000478
1779541694.895074,0,1,-3.710397,-0.022612,0.083175,2.500000,-0.000865
1779541694.904809,0,1,-3.685490,-0.020460,0.084240,2.500000,-0.000865
1779541694.914951,0,1,-3.660587,-0.018265,0.085476,2.500000,-0.003812
1779541694.924975,0,1,-3.635682,-0.016081,0.086240,2.500000,-0.003812
1779541694.935106,0,1,-3.610773,-0.013950,0.086178,2.500000,-0.007113
1779541694.944954,0,1,-3.585862,-0.011841,0.085865,2.500000,-0.007113
1779541694.954952,0,1,-3.560948,-0.009774,0.085108,2.500000,-0.010229
1779541694.964890,0,1,-3.536032,-0.007723,0.084348,2.500000,-0.010229
1779541694.974646,0,1,-3.511113,-0.005712,0.083305,2.500000,-0.013353
1779541694.984948,0,1,-3.486193,-0.003714,0.082362,2.500000,-0.013353
1779541694.994660,0,1,-3.461270,-0.001756,0.081201,2.500000,-0.012514
1779541695.004629,0,1,-3.436346,0.000188,0.080183,2.500000,-0.012514
1779541695.014896,0,1,-3.411418,0.002093,0.078975,2.500000,-0.010067
1779541695.024773,0,1,-3.386490,0.003983,0.077927,2.500000,-0.010067
1779541695.034985,0,1,-3.361559,0.005833,0.076701,2.500000,-0.006724
1779541695.044714,0,1,-3.336626,0.007668,0.075641,2.500000,-0.006724
1779541695.054936,0,1,-3.311690,0.009462,0.074407,2.500000,-0.003300
1779541695.064824,0,1,-3.286754,0.011242,0.073343,2.500000,-0.003300
1779541695.074599,0,1,-3.261814,0.012980,0.072107,2.500000,0.000600
1779541695.084566,0,1,-3.236874,0.014704,0.071042,2.500000,0.002695
1779541695.094581,0,1,-3.211930,0.016385,0.069806,2.500000,0.002695
1779541695.104820,0,1,-3.186988,0.018078,0.069041,2.500000,0.006781
1779541695.114704,0,1,-3.162049,0.019824,0.069103,2.500000,0.008734
1779541695.124688,0,1,-3.137112,0.021592,0.069416,2.500000,0.008734
1779541695.135009,0,1,-3.112177,0.023403,0.070172,2.500000,0.012974
1779541695.144605,0,1,-3.087244,0.025229,0.070932,2.500000,0.012974
1779541695.154903,0,1,-3.062314,0.027095,0.071974,2.500000,0.016591
1779541695.164768,0,1,-3.037385,0.028975,0.072918,2.500000,0.016941
1779541695.174657,0,1,-3.012458,0.030895,0.074078,2.500000,0.016941
1779541695.184595,0,1,-2.987533,0.032829,0.075096,2.500000,0.016209
1779541695.194567,0,1,-2.962611,0.034802,0.076304,2.500000,0.016209
1779541695.204693,0,1,-2.937690,0.036790,0.077352,2.500000,0.013946
1779541695.214752,0,1,-2.912773,0.038818,0.078578,2.500000,0.012726
1779541695.224821,0,1,-2.887856,0.040861,0.079638,2.500000,0.012726
1779541695.234634,0,1,-2.862943,0.042944,0.080871,2.500000,0.012726
1779541695.244603,0,1,-2.838032,0.045043,0.081935,2.500000,0.012726
1779541695.254927,0,1,-2.813123,0.047182,0.083171,2.500000,0.012726
1779541695.264901,0,1,-2.788216,0.049337,0.084236,2.500000,0.012726
1779541695.274507,0,1,-2.763313,0.051533,0.085473,2.500000,0.012726
1779541695.284693,0,1,-2.738411,0.053744,0.086539,2.500000,0.012726
1779541695.294686,0,1,-2.713513,0.055997,0.087775,2.500000,0.012726
1779541695.304654,0,1,-2.688616,0.058265,0.088841,2.500000,0.012726
1779541695.314857,0,1,-2.663723,0.060575,0.090077,2.500000,0.012726
1779541695.324877,0,1,-2.638831,0.062899,0.091143,2.500000,-0.004844
1779541695.334877,0,1,-2.613943,0.065266,0.092380,2.500000,-0.004844
1779541695.345044,0,1,-2.589055,0.067623,0.093143,2.500000,-0.010798
1779541695.354762,0,1,-2.564161,0.069925,0.093082,2.500000,-0.012785
1779541695.364875,0,1,-2.539265,0.072207,0.092768,2.500000,-0.012785
1779541695.374964,0,1,-2.514366,0.074445,0.092012,2.500000,-0.017142
1779541695.384947,0,1,-2.489465,0.076669,0.091252,2.500000,-0.017142
1779541695.394695,0,1,-2.464560,0.078852,0.090209,2.500000,-0.021104
1779541695.404606,0,1,-2.439655,0.081022,0.089265,2.500000,-0.021738
1779541695.415174,0,1,-2.414746,0.083152,0.088105,2.500000,-0.021738
1779541695.424958,0,1,-2.389835,0.085269,0.087087,2.500000,-0.020994
1779541695.434787,0,1,-2.364922,0.087345,0.085879,2.500000,-0.020302
1779541695.444829,0,1,-2.340007,0.089407,0.084831,2.500000,-0.020302
1779541695.454952,0,1,-2.315089,0.091429,0.083605,2.500000,-0.018228
1779541695.464913,0,1,-2.290170,0.093437,0.082545,2.500000,-0.018228
1779541695.474702,0,1,-2.265247,0.095403,0.081311,2.500000,-0.015688
1779541695.484907,0,1,-2.240323,0.097355,0.080247,2.500000,-0.014416
1779541695.494927,0,1,-2.215396,0.099265,0.079012,2.500000,-0.014416
1779541695.504932,0,1,-2.190468,0.101161,0.077946,2.500000,-0.011653
1779541695.514971,0,1,-2.165537,0.103015,0.076710,2.500000,-0.010423
1779541695.524803,0,1,-2.140605,0.104854,0.075644,2.500000,-0.010423
1779541695.534580,0,1,-2.115670,0.106651,0.074407,2.500000,-0.007603
1779541695.544879,0,1,-2.090733,0.108433,0.073341,2.500000,-0.007603
1779541695.554925,0,1,-2.065794,0.110173,0.072105,2.500000,-0.004715
1779541695.564820,0,1,-2.040853,0.111898,0.071039,2.500000,-0.003142
1779541695.574636,0,1,-2.015910,0.113580,0.069803,2.500000,-0.003142
1779541695.584977,0,1,-1.990966,0.115248,0.068737,2.500000,-0.000182
1779541695.594930,0,1,-1.966019,0.116874,0.067501,2.500000,-0.000182
1779541695.604663,0,1,-1.941071,0.118484,0.066435,2.500000,0.001203
1779541695.614952,0,1,-1.916120,0.120052,0.065199,2.500000,0.004150
1779541695.625096,0,1,-1.891170,0.121631,0.064435,2.500000,0.004150
1779541695.634892,0,1,-1.866223,0.123264,0.064497,2.500000,0.007348
1779541695.644727,0,1,-1.841278,0.124917,0.064811,2.500000,0.007348
1779541695.654920,0,1,-1.816336,0.126614,0.065567,2.500000,0.010461
1779541695.665228,0,1,-1.791394,0.128326,0.066327,2.500000,0.010461
1779541695.675072,0,1,-1.766456,0.130078,0.067370,2.500000,0.012950
1779541695.684936,0,1,-1.741518,0.131843,0.068314,2.500000,0.012950
1779541695.694739,0,1,-1.716583,0.133649,0.069474,2.500000,0.012009
1779541695.704936,0,1,-1.691650,0.135468,0.070493,2.500000,0.012009
1779541695.714859,0,1,-1.666719,0.137327,0.071700,2.500000,0.009045
1779541695.724834,0,1,-1.641789,0.139200,0.072749,2.500000,0.009045
1779541695.734922,0,1,-1.616863,0.141114,0.073975,2.500000,0.005302
1779541695.744782,0,1,-1.591937,0.143041,0.075035,2.500000,0.005302
1779541695.754679,0,1,-1.567015,0.145010,0.076268,2.500000,0.005302
1779541695.765004,0,1,-1.542093,0.146994,0.077332,2.500000,0.005302
1779541695.774653,0,1,-1.517176,0.149019,0.078568,2.500000,0.005302
1779541695.784835,0,1,-1.492259,0.151059,0.079634,2.500000,0.005302
1779541695.794962,0,1,-1.467346,0.153140,0.080870,2.500000,0.005302
1779541695.804945,0,1,-1.442434,0.155237,0.081936,2.500000,0.005302
1779541695.814731,0,1,-1.417525,0.157375,0.083172,2.500000,0.005302
1779541695.825569,0,1,-1.392618,0.159528,0.084238,2.500000,0.005302
1779541695.834922,0,1,-1.367715,0.161724,0.085475,2.500000,0.005302
1779541695.844826,0,1,-1.342813,0.163934,0.086540,2.500000,0.005302
1779541695.855094,0,1,-1.317914,0.166186,0.087777,2.500000,-0.017696
1779541695.864977,0,1,-1.293018,0.168454,0.088842,2.500000,-0.017696
1779541695.875025,0,1,-1.268124,0.170763,0.090079,2.500000,-0.030054
1779541695.884850,0,1,-1.243230,0.173062,0.090842,2.500000,-0.033587
1779541695.894963,0,1,-1.218331,0.175307,0.090781,2.500000,-0.033587
1779541695.904958,0,1,-1.193431,0.177532,0.090467,2.500000,-0.038890
1779541695.915300,0,1,-1.168524,0.179687,0.089409,2.500000,-0.038890
1779541695.925117,0,1,-1.143607,0.181732,0.087351,2.500000,-0.045849
1779541695.934923,0,1,-1.118685,0.183700,0.084929,2.500000,-0.045849
1779541695.945303,0,1,-1.093755,0.185569,0.081993,2.500000,-0.049072
1779541695.955136,0,1,-1.068820,0.187369,0.079007,2.500000,-0.049072
1779541695.964642,0,1,-1.043878,0.189072,0.075710,2.500000,-0.049994
1779541695.975215,0,1,-1.018932,0.190707,0.072493,2.500000,-0.049994
1779541695.984805,0,1,-0.993979,0.192245,0.069049,2.500000,-0.045927
1779541695.995201,0,1,-0.969022,0.193715,0.065738,2.500000,-0.045927
1779541696.004936,0,1,-0.944060,0.195087,0.062235,2.500000,-0.038994
1779541696.015207,0,1,-0.919094,0.196389,0.058888,2.500000,-0.038994
1779541696.025074,0,1,-0.894123,0.197594,0.055361,2.500000,-0.032598
1779541696.035041,0,1,-0.869149,0.198727,0.052000,2.500000,-0.032598
1779541696.044643,0,1,-0.844170,0.199762,0.048466,2.500000,-0.024019
1779541696.054584,0,1,-0.819189,0.200726,0.045100,2.500000,-0.019962
1779541696.065026,0,1,-0.794204,0.201591,0.041562,2.500000,-0.019962
1779541696.074991,0,1,-0.769217,0.202409,0.038496,2.500000,-0.011031
1779541696.084963,0,1,-0.744230,0.203225,0.036256,2.500000,-0.011031
1779541696.094996,0,1,-0.719242,0.204004,0.034267,2.500000,-0.002099
1779541696.104992,0,1,-0.694254,0.204770,0.032721,2.500000,-0.002099
1779541696.114841,0,1,-0.669265,0.205493,0.031179,2.500000,0.007246
1779541696.125134,0,1,-0.644275,0.206200,0.029920,2.500000,0.007246
1779541696.134920,0,1,-0.619283,0.206863,0.028562,2.500000,0.014082
1779541696.144568,0,1,-0.594292,0.207534,0.027722,2.500000,0.017056
1779541696.155068,0,1,-0.569303,0.208257,0.027737,2.500000,0.017056
1779541696.165037,0,1,-0.544314,0.208999,0.028022,2.500000,0.020314
1779541696.174754,0,1,-0.519326,0.209784,0.028761,2.500000,0.020314
1779541696.184666,0,1,-0.494339,0.210582,0.029511,2.500000,0.023822
1779541696.195091,0,1,-0.469353,0.211419,0.030548,2.500000,0.023822
1779541696.205029,0,1,-0.444368,0.212269,0.031489,2.500000,0.023621
1779541696.215004,0,1,-0.419383,0.213159,0.032648,2.500000,0.023621
1779541696.225162,0,1,-0.394400,0.214061,0.033666,2.500000,0.023133
1779541696.234736,0,1,-0.369417,0.215003,0.034874,2.500000,0.023133
1779541696.245013,0,1,-0.344436,0.215958,0.035923,2.500000,0.023133
1779541696.255219,0,1,-0.319456,0.216954,0.037149,2.500000,0.023133
1779541696.264977,0,1,-0.294476,0.217964,0.038210,2.500000,0.023133
1779541696.274921,0,1,-0.269498,0.219015,0.039444,2.500000,0.023133
1779541696.285014,0,1,-0.244521,0.220081,0.040508,2.500000,0.023133
1779541696.294671,0,1,-0.219545,0.221187,0.041744,2.500000,0.023133
1779541696.304802,0,1,-0.194570,0.222309,0.042810,2.500000,0.023133
1779541696.314550,0,1,-0.169598,0.223472,0.044047,2.500000,0.023133
1779541696.325361,0,1,-0.144625,0.224650,0.045113,2.500000,0.023133
1779541696.335096,0,1,-0.119655,0.225871,0.046350,2.500000,-0.007737
1779541696.344941,0,1,-0.094686,0.227106,0.047416,2.500000,-0.007737
1779541696.355205,0,1,-0.069718,0.228383,0.048652,2.500000,-0.013390
1779541696.365041,0,1,-0.044750,0.229649,0.049416,2.500000,-0.013390
1779541696.374922,0,1,-0.019780,0.230861,0.049355,2.500000,-0.019703
1779541696.385090,0,1,0.005192,0.232053,0.049041,2.500000,-0.023519
1779541696.395022,0,1,0.030165,0.233201,0.048285,2.500000,-0.023519
1779541696.404799,0,1,0.055140,0.234334,0.047525,2.500000,-0.030312
1779541696.414963,0,1,0.080116,0.235427,0.046483,2.500000,-0.030312
1779541696.425159,0,1,0.105093,0.236506,0.045539,2.500000,-0.034581
1779541696.435017,0,1,0.130071,0.237545,0.044379,2.500000,-0.034581
1779541696.444909,0,1,0.155050,0.238571,0.043360,2.500000,-0.036307
1779541696.454866,0,1,0.180031,0.239530,0.041851,2.500000,-0.037719
1779541696.464881,0,1,0.205017,0.240380,0.039505,2.500000,-0.037719
1779541696.474939,0,1,0.230005,0.241153,0.036900,2.500000,-0.038130
1779541696.485096,0,1,0.254996,0.241825,0.033847,2.500000,-0.037956
1779541696.494904,0,1,0.279989,0.242426,0.030789,2.500000,-0.037956
1779541696.505254,0,1,0.304984,0.242930,0.027446,2.500000,-0.037930
1779541696.515051,0,1,0.329980,0.243364,0.024201,2.500000,-0.037930
1779541696.524917,0,1,0.354978,0.243701,0.020739,2.500000,-0.033421
1779541696.534898,0,1,0.379976,0.243967,0.017419,2.500000,-0.033421
1779541696.545270,0,1,0.404976,0.244135,0.013909,2.500000,-0.030217
1779541696.555049,0,1,0.429975,0.244232,0.010559,2.500000,-0.023244
1779541696.565096,0,1,0.454975,0.244231,0.007031,2.500000,-0.023244
1779541696.574955,0,1,0.479975,0.244185,0.003971,2.500000,-0.015452
1779541696.585239,0,1,0.504975,0.244135,0.001734,2.500000,-0.015452
1779541696.595025,0,1,0.529975,0.244050,6.282932,2.500000,-0.007244
1779541696.605009,0,1,0.554975,0.243952,6.281387,2.500000,-0.003094
1779541696.615006,0,1,0.579974,0.243811,6.279845,2.500000,-0.003094
1779541696.624980,0,1,0.604974,0.243654,6.278586,2.500000,0.004984
1779541696.634952,0,1,0.629973,0.243453,6.277228,2.500000,0.004984
1779541696.645152,0,1,0.654972,0.243261,6.276388,2.500000,0.009715
1779541696.654981,0,1,0.679972,0.243121,6.276403,2.500000,0.009715
1779541696.665298,0,1,0.704972,0.243000,6.276688,2.500000,0.013223
1779541696.674989,0,1,0.729972,0.242921,6.277426,2.500000,0.013223
1779541696.684881,0,1,0.754972,0.242856,6.278176,2.500000,0.015356
1779541696.694937,0,1,0.779972,0.242830,6.279213,2.500000,0.015356
1779541696.705172,0,1,0.804972,0.242817,6.280154,2.500000,0.016328
1779541696.714931,0,1,0.829971,0.242844,6.281313,2.500000,0.013944
1779541696.725086,0,1,0.854971,0.242883,6.282331,2.500000,0.013944
1779541696.734855,0,1,0.879971,0.242962,0.000354,2.500000,0.013944
1779541696.744907,0,1,0.904971,0.243055,0.001402,2.500000,0.013944
1779541696.754987,0,1,0.929971,0.243188,0.002629,2.500000,0.013944
1779541696.765078,0,1,0.954970,0.243335,0.003689,2.500000,0.013944
1779541696.774941,0,1,0.979970,0.243523,0.004923,2.500000,0.013944
1779541696.785330,0,1,1.004969,0.243726,0.005988,2.500000,0.013944
1779541696.795335,0,1,1.029968,0.243970,0.007224,2.500000,0.013944
1779541696.804955,0,1,1.054966,0.244229,0.008290,2.500000,0.013944
1779541696.814659,0,1,1.079964,0.244530,0.009526,2.500000,0.013944
1779541696.825065,0,1,1.104962,0.244845,0.010592,2.500000,-0.012777
1779541696.834866,0,1,1.129960,0.245203,0.011829,2.500000,-0.012777
1779541696.845011,0,1,1.154958,0.245550,0.012593,2.500000,-0.020384
1779541696.855062,0,1,1.179956,0.245842,0.012532,2.500000,-0.020384
1779541696.865266,0,1,1.204954,0.246114,0.012219,2.500000,-0.026607
1779541696.875038,0,1,1.229953,0.246342,0.011463,2.500000,-0.026607
1779541696.885146,0,1,1.254952,0.246555,0.010703,2.500000,-0.033427
1779541696.894813,0,1,1.279952,0.246728,0.009660,2.500000,-0.036145
1779541696.905043,0,1,1.304951,0.246887,0.008717,2.500000,-0.036145
1779541696.915166,0,1,1.329951,0.246980,0.007255,2.500000,-0.038667
1779541696.925169,0,1,1.354951,0.246963,0.004938,2.500000,-0.038667
1779541696.934998,0,1,1.379951,0.246870,0.002352,2.500000,-0.038882
1779541696.944796,0,1,1.404950,0.246678,6.282497,2.500000,-0.038882
1779541696.954969,0,1,1.429949,0.246414,6.279445,2.500000,-0.039178
1779541696.964606,0,1,1.454946,0.246053,6.276106,2.500000,-0.039178
1779541696.974935,0,1,1.479942,0.245623,6.272864,2.500000,-0.035950
1779541696.985011,0,1,1.504937,0.245095,6.269403,2.500000,-0.033998
1779541696.994834,0,1,1.529930,0.244497,6.266084,2.500000,-0.033998
1779541697.004862,0,1,1.554920,0.243802,6.262575,2.500000,-0.026977
1779541697.014710,0,1,1.579908,0.243036,6.259224,2.500000,-0.026977
1779541697.024653,0,1,1.604893,0.242172,6.255696,2.500000,-0.018826
1779541697.035246,0,1,1.629877,0.241262,6.252636,2.500000,-0.014718
1779541697.044656,0,1,1.654860,0.240350,6.250399,2.500000,-0.014718
1779541697.054758,0,1,1.679842,0.239401,6.248412,2.500000,-0.005933
1779541697.064704,0,1,1.704824,0.238440,6.246867,2.500000,-0.005933
1779541697.075178,0,1,1.729803,0.237436,6.245325,2.500000,0.003205
1779541697.084887,0,1,1.754783,0.236417,6.244066,2.500000,0.003205
1779541697.094710,0,1,1.779760,0.235353,6.242708,2.500000,0.009937
1779541697.104922,0,1,1.804738,0.234298,6.241868,2.500000,0.009937
1779541697.114813,0,1,1.829717,0.233295,6.241882,2.500000,0.014523
1779541697.124819,0,1,1.854698,0.232311,6.242167,2.500000,0.016596
1779541697.134646,0,1,1.879680,0.231370,6.242906,2.500000,0.016596
1779541697.144694,0,1,1.904663,0.230442,6.243656,2.500000,0.019690
1779541697.155151,0,1,1.929647,0.229553,6.244693,2.500000,0.019690
1779541697.165300,0,1,1.954632,0.228677,6.245634,2.500000,0.019683
1779541697.174884,0,1,1.979618,0.227841,6.246793,2.500000,0.019237
1779541697.184688,0,1,2.004604,0.227017,6.247811,2.500000,0.019237
1779541697.194885,0,1,2.029592,0.226233,6.249018,2.500000,0.015958
1779541697.204710,0,1,2.054580,0.225463,6.250067,2.500000,0.015958
1779541697.214658,0,1,2.079570,0.224733,6.251294,2.500000,0.011503
1779541697.225188,0,1,2.104559,0.224018,6.252354,2.500000,0.011503
1779541697.234708,0,1,2.129550,0.223343,6.253588,2.500000,0.007128
1779541697.244940,0,1,2.154542,0.222683,6.254652,2.500000,0.007128
1779541697.254982,0,1,2.179534,0.222064,6.255888,2.500000,0.007128
1779541697.264645,0,1,2.204527,0.221460,6.256954,2.500000,0.007128
1779541697.274915,0,1,2.229520,0.220898,6.258191,2.500000,0.007128
1779541697.284770,0,1,2.254514,0.220350,6.259257,2.500000,0.007128
1779541697.294598,0,1,2.279509,0.219845,6.260494,2.500000,0.007128
1779541697.304751,0,1,2.304504,0.219354,6.261560,2.500000,0.007128
1779541697.315317,0,1,2.329500,0.218906,6.262796,2.500000,0.007128
1779541697.324726,0,1,2.354497,0.218473,6.263862,2.500000,0.007128
1779541697.334577,0,1,2.379493,0.218082,6.265098,2.500000,0.007128
1779541697.344562,0,1,2.404491,0.217706,6.266164,2.500000,-0.017409
1779541697.355046,0,1,2.429488,0.217372,6.267400,2.500000,-0.025227
1779541697.364692,0,1,2.454486,0.217028,6.268164,2.500000,-0.025227
1779541697.374858,0,1,2.479483,0.216629,6.268102,2.500000,-0.030764
1779541697.384539,0,1,2.504479,0.216210,6.267789,2.500000,-0.036485
1779541697.394752,0,1,2.529475,0.215747,6.267033,2.500000,-0.036485
1779541697.404658,0,1,2.554470,0.215270,6.266273,2.500000,-0.040315
1779541697.414705,0,1,2.579465,0.214726,6.264928,2.500000,-0.040315
1779541697.425229,0,1,2.604456,0.214072,6.262686,2.500000,-0.043482
1779541697.434981,0,1,2.629445,0.213343,6.260147,2.500000,-0.043482
1779541697.444557,0,1,2.654432,0.212514,6.257136,2.500000,-0.045195
1779541697.454921,0,1,2.679415,0.211615,6.254103,2.500000,-0.045195
1779541697.464890,0,1,2.704396,0.210619,6.250776,2.500000,-0.044484
1779541697.474903,0,1,2.729373,0.209554,6.247541,2.500000,-0.042218
1779541697.484643,0,1,2.754346,0.208392,6.244084,2.500000,-0.042218
1779541697.494872,0,1,2.779315,0.207161,6.240767,2.500000,-0.036445
1779541697.505217,0,1,2.804280,0.205832,6.237259,2.500000,-0.027694
1779541697.515017,0,1,2.829241,0.204432,6.233910,2.500000,-0.027694
1779541697.524955,0,1,2.854196,0.202935,6.230382,2.500000,-0.024163
1779541697.534941,0,1,2.879148,0.201393,6.227322,2.500000,-0.024163
1779541697.545279,0,1,2.904101,0.199848,6.225085,2.500000,-0.015103
1779541697.554852,0,1,2.929051,0.198267,6.223098,2.500000,-0.010312
1779541697.564658,0,1,2.954000,0.196674,6.221553,2.500000,-0.010312
1779541697.574767,0,1,2.978946,0.195038,6.220011,2.500000,-0.000693
1779541697.584787,0,1,3.003891,0.193386,6.218752,2.500000,-0.000693
1779541697.595165,0,1,3.028834,0.191690,6.217393,2.500000,0.006706
1779541697.605042,0,1,3.053775,0.189977,6.216251,2.500000,0.006706
1779541697.614970,0,1,3.078713,0.188220,6.214968,2.500000,0.011484
1779541697.624941,0,1,3.103652,0.186473,6.214175,2.500000,0.013900
1779541697.634733,0,1,3.128595,0.184777,6.214220,2.500000,0.013900
1779541697.645081,0,1,3.153538,0.183102,6.214523,2.500000,0.017212
1779541697.654898,0,1,3.178485,0.181468,6.215274,2.500000,0.017212
1779541697.665258,0,1,3.203432,0.179849,6.216031,2.500000,0.019557
1779541697.675155,0,1,3.228383,0.178270,6.217072,2.500000,0.022224
1779541697.685093,0,1,3.253333,0.176703,6.218015,2.500000,0.022224
1779541697.694964,0,1,3.278287,0.175176,6.219176,2.500000,0.021106
1779541697.705098,0,1,3.303241,0.173662,6.220195,2.500000,0.021106
1779541697.715218,0,1,3.328197,0.172188,6.221403,2.500000,0.018752
1779541697.725078,0,1,3.353155,0.170727,6.222451,2.500000,0.017254
1779541697.734940,0,1,3.378114,0.169307,6.223678,2.500000,0.017254
1779541697.744917,0,1,3.403075,0.167901,6.224738,2.500000,0.017254
1779541697.754974,0,1,3.428037,0.166536,6.225972,2.500000,0.017254
1779541697.764745,0,1,3.453001,0.165186,6.227036,2.500000,0.017254
1779541697.775007,0,1,3.477967,0.163877,6.228272,2.500000,0.017254
1779541697.785075,0,1,3.502933,0.162583,6.229338,2.500000,0.017254
1779541697.795215,0,1,3.527902,0.161331,6.230575,2.500000,0.017254
1779541697.805224,0,1,3.552871,0.160094,6.231641,2.500000,0.017254
1779541697.814998,0,1,3.577842,0.158898,6.232877,2.500000,0.017254
